"date","fieldName","sectorName","detectedValueTypeId","value"
"2021-03-26 00:00:00","Fondo Errano 2021","T0","AIR_TEMP",13.0015384615385
"2021-03-26 00:00:00","Fondo Errano 2021","T0","AIR_HUM",67.4384615384615
"2021-03-26 00:00:00","Fondo Errano 2021","T0","BATTERY_TENS",3452.69230769231
"2021-03-26 00:00:00","Fondo Errano 2021","T0","WIND_GUST_MAX",8.03076923076923
"2021-03-26 00:00:00","Fondo Errano 2021","T0","ET0",2.03753777654235
"2021-03-26 00:00:00","Fondo Errano 2021","T0","WIND_DIRECTION",237
"2021-03-26 00:00:00","Fondo Errano 2021","T0","SOLAR_RAD",15.9866220735786
"2021-03-26 00:00:00","Fondo Errano 2021","T0","BIG",-2.03753777654235
"2021-03-26 00:00:00","Fondo Errano 2021","T0","WIND_SPEED",5.15076923076923
"2021-03-26 00:00:00","Fondo Errano 2021","T0","BIP",-2.03753777654235
"2021-03-27 00:00:00","Fondo Errano 2021","T0","WIND_DIRECTION",252.157894736842
"2021-03-27 00:00:00","Fondo Errano 2021","T0","SOLAR_RAD",59.5881006864989
"2021-03-27 00:00:00","Fondo Errano 2021","T0","WIND_SPEED",3.84631578947368
"2021-03-27 00:00:00","Fondo Errano 2021","T0","AIR_TEMP",12.9494736842105
"2021-03-27 00:00:00","Fondo Errano 2021","T0","WIND_GUST_MAX",7.2
"2021-03-27 00:00:00","Fondo Errano 2021","T0","BATTERY_TENS",3455.05263157895
"2021-03-27 00:00:00","Fondo Errano 2021","T0","AIR_HUM",66.6526315789474
"2021-04-01 00:00:00","Fondo ERRANO","T0","BIG",-2.67107198437608
"2021-04-01 00:00:00","Fondo ERRANO","T0","BIP",-15.5694805260523
"2021-04-01 00:00:00","Fondo ERRANO","T0","WIND_SPEED",5.38285714285714
"2021-04-01 00:00:00","Fondo ERRANO","T0","BATTERY_TENS",3476.19047619048
"2021-04-01 00:00:00","Fondo ERRANO","T0","WIND_DIRECTION",200.619047619048
"2021-04-01 00:00:00","Fondo ERRANO","T0","ET0",2.67107198437608
"2021-04-01 00:00:00","Fondo ERRANO","T0","AIR_HUM",41.0285714285714
"2021-04-01 00:00:00","Fondo ERRANO","T0","WIND_GUST_MAX",8.72571428571429
"2021-04-01 00:00:00","Fondo ERRANO","T0","AIR_TEMP",23.5885714285714
"2021-04-01 00:00:00","Fondo ERRANO","T0","SOLAR_RAD",231.428571428571
"2021-04-02 00:00:00","Fondo ERRANO","T0","BATTERY_TENS",3476.91666666667
"2021-04-02 00:00:00","Fondo ERRANO","T0","WIND_GUST_MAX",11.6925
"2021-04-02 00:00:00","Fondo ERRANO","T0","BIG",-2.56281800474821
"2021-04-02 00:00:00","Fondo ERRANO","T0","BIP",-18.1322985308005
"2021-04-02 00:00:00","Fondo ERRANO","T0","ET0",2.56281800474821
"2021-04-02 00:00:00","Fondo ERRANO","T0","AIR_TEMP",20.259375
"2021-04-02 00:00:00","Fondo ERRANO","T0","AIR_HUM",40.1375
"2021-04-02 00:00:00","Fondo ERRANO","T0","SOLAR_RAD",238.170289855073
"2021-04-02 00:00:00","Fondo ERRANO","T0","WIND_SPEED",7.7025
"2021-04-02 00:00:00","Fondo ERRANO","T0","WIND_DIRECTION",219.895833333333
"2021-04-03 00:00:00","Fondo ERRANO","T0","WIND_DIRECTION",182.791666666667
"2021-04-03 00:00:00","Fondo ERRANO","T0","ET0",0.994053108850448
"2021-04-03 00:00:00","Fondo ERRANO","T0","WIND_GUST_MAX",12.5175
"2021-04-03 00:00:00","Fondo ERRANO","T0","AIR_TEMP",14.39
"2021-04-03 00:00:00","Fondo ERRANO","T0","BATTERY_TENS",3465.20833333333
"2021-04-03 00:00:00","Fondo ERRANO","T0","WIND_SPEED",8.0025
"2021-04-03 00:00:00","Fondo ERRANO","T0","BIG",-0.994053108850448
"2021-04-03 00:00:00","Fondo ERRANO","T0","BIP",-19.1263516396509
"2021-04-03 00:00:00","Fondo ERRANO","T0","SOLAR_RAD",104.873188405797
"2021-04-03 00:00:00","Fondo ERRANO","T0","AIR_HUM",60.13125
"2021-04-04 00:00:00","Fondo ERRANO","T0","AIR_HUM",68.1895833333333
"2021-04-04 00:00:00","Fondo ERRANO","T0","SOLAR_RAD",231.231884057971
"2021-04-04 00:00:00","Fondo ERRANO","T0","ET0",1.66348468777084
"2021-04-04 00:00:00","Fondo ERRANO","T0","AIR_TEMP",7.95395833333333
"2021-04-04 00:00:00","Fondo ERRANO","T0","BATTERY_TENS",3452.1875
"2021-04-04 00:00:00","Fondo ERRANO","T0","WIND_DIRECTION",157.354166666667
"2021-04-04 00:00:00","Fondo ERRANO","T0","BIG",-1.66348468777084
"2021-04-04 00:00:00","Fondo ERRANO","T0","BIP",-20.7898363274218
"2021-04-04 00:00:00","Fondo ERRANO","T0","WIND_SPEED",6.66
"2021-04-04 00:00:00","Fondo ERRANO","T0","WIND_GUST_MAX",10.005
"2021-04-05 00:00:00","Fondo ERRANO","T0","WIND_GUST_MAX",10.0575
"2021-04-05 00:00:00","Fondo ERRANO","T0","BIP",-22.907675812994
"2021-04-05 00:00:00","Fondo ERRANO","T0","WIND_SPEED",6.465
"2021-04-05 00:00:00","Fondo ERRANO","T0","BATTERY_TENS",3449.625
"2021-04-05 00:00:00","Fondo ERRANO","T0","AIR_HUM",60.8708333333333
"2021-04-05 00:00:00","Fondo ERRANO","T0","WIND_DIRECTION",158.5625
"2021-04-05 00:00:00","Fondo ERRANO","T0","ET0",2.11783948557217
"2021-04-05 00:00:00","Fondo ERRANO","T0","SOLAR_RAD",231.467391304348
"2021-04-05 00:00:00","Fondo ERRANO","T0","AIR_TEMP",9.68354166666666
"2021-04-05 00:00:00","Fondo ERRANO","T0","BIG",-2.11783948557217
"2021-04-06 00:00:00","Fondo ERRANO","T0","BIP",7.17505941256418
"2021-04-06 00:00:00","Fondo ERRANO","T0","WIND_SPEED",6.36
"2021-04-06 00:00:00","Fondo ERRANO","T0","SOLAR_RAD",30.570652173913
"2021-04-06 00:00:00","Fondo ERRANO","T0","AIR_TEMP",7.54645833333334
"2021-04-06 00:00:00","Fondo ERRANO","T0","ET0",0.217264774441852
"2021-04-06 00:00:00","Fondo ERRANO","T0","WIND_DIRECTION",176.979166666667
"2021-04-06 00:00:00","Fondo ERRANO","T0","WIND_GUST_MAX",10.89
"2021-04-06 00:00:00","Fondo ERRANO","T0","AIR_HUM",74.8625
"2021-04-06 00:00:00","Fondo ERRANO","T0","BIG",30.0827352255581
"2021-04-06 00:00:00","Fondo ERRANO","T0","BATTERY_TENS",3444.75
"2021-04-07 00:00:00","Fondo ERRANO","T0","SOLAR_RAD",169.673913043478
"2021-04-07 00:00:00","Fondo ERRANO","T0","AIR_TEMP",4.79520833333333
"2021-04-07 00:00:00","Fondo ERRANO","T0","BATTERY_TENS",3445.79166666667
"2021-04-07 00:00:00","Fondo ERRANO","T0","ET0",1.11944601668363
"2021-04-07 00:00:00","Fondo ERRANO","T0","WIND_DIRECTION",229.729166666667
"2021-04-07 00:00:00","Fondo ERRANO","T0","BIG",-0.51944601668363
"2021-04-07 00:00:00","Fondo ERRANO","T0","BIP",6.65561339588055
"2021-04-07 00:00:00","Fondo ERRANO","T0","WIND_SPEED",4.2
"2021-04-07 00:00:00","Fondo ERRANO","T0","WIND_GUST_MAX",7.6275
"2021-04-07 00:00:00","Fondo ERRANO","T0","AIR_HUM",75.2104166666667
"2021-04-08 00:00:00","Fondo ERRANO","T0","SOLAR_RAD",227.934782608696
"2021-04-08 00:00:00","Fondo ERRANO","T0","WIND_DIRECTION",207.666666666667
"2021-04-08 00:00:00","Fondo ERRANO","T0","BATTERY_TENS",3447.66666666667
"2021-04-08 00:00:00","Fondo ERRANO","T0","BIP",4.60546630458559
"2021-04-08 00:00:00","Fondo ERRANO","T0","ET0",2.05014709129496
"2021-04-08 00:00:00","Fondo ERRANO","T0","WIND_SPEED",7.035
"2021-04-08 00:00:00","Fondo ERRANO","T0","WIND_GUST_MAX",11.4825
"2021-04-08 00:00:00","Fondo ERRANO","T0","AIR_HUM",51.7333333333334
"2021-04-08 00:00:00","Fondo ERRANO","T0","AIR_TEMP",8.99583333333333
"2021-04-08 00:00:00","Fondo ERRANO","T0","BIG",-2.05014709129496
"2021-04-09 00:00:00","Fondo ERRANO","T0","SOLAR_RAD",230.751811594203
"2021-04-09 00:00:00","Fondo ERRANO","T0","WIND_SPEED",4.7625
"2021-04-09 00:00:00","Fondo ERRANO","T0","BIG",-2.15297033594733
"2021-04-09 00:00:00","Fondo ERRANO","T0","AIR_TEMP",11.8045833333333
"2021-04-09 00:00:00","Fondo ERRANO","T0","WIND_DIRECTION",202.083333333333
"2021-04-09 00:00:00","Fondo ERRANO","T0","BIP",2.45249596863826
"2021-04-09 00:00:00","Fondo ERRANO","T0","AIR_HUM",58.0416666666667
"2021-04-09 00:00:00","Fondo ERRANO","T0","ET0",2.15297033594733
"2021-04-09 00:00:00","Fondo ERRANO","T0","BATTERY_TENS",3446.77083333333
"2021-04-09 00:00:00","Fondo ERRANO","T0","WIND_GUST_MAX",7.9725
"2021-04-10 00:00:00","Fondo ERRANO","T0","AIR_HUM",76.9708333333333
"2021-04-10 00:00:00","Fondo ERRANO","T0","WIND_DIRECTION",183.291666666667
"2021-04-10 00:00:00","Fondo ERRANO","T0","BIP",3.38458720953734
"2021-04-10 00:00:00","Fondo ERRANO","T0","SOLAR_RAD",104.655797101449
"2021-04-10 00:00:00","Fondo ERRANO","T0","ET0",0.867908759100922
"2021-04-10 00:00:00","Fondo ERRANO","T0","WIND_SPEED",2.535
"2021-04-10 00:00:00","Fondo ERRANO","T0","WIND_GUST_MAX",4.74
"2021-04-10 00:00:00","Fondo ERRANO","T0","BIG",0.932091240899077
"2021-04-10 00:00:00","Fondo ERRANO","T0","AIR_TEMP",10.5141666666667
"2021-04-10 00:00:00","Fondo ERRANO","T0","BATTERY_TENS",3438.14583333333
"2021-04-11 00:00:00","Fondo ERRANO","T0","ET0",0.525674176039163
"2021-04-11 00:00:00","Fondo ERRANO","T0","BATTERY_TENS",3439.5625
"2021-04-11 00:00:00","Fondo ERRANO","T0","WIND_GUST_MAX",3.2475
"2021-04-11 00:00:00","Fondo ERRANO","T0","BIP",4.65891303349818
"2021-04-11 00:00:00","Fondo ERRANO","T0","AIR_HUM",90.6875
"2021-04-11 00:00:00","Fondo ERRANO","T0","BIG",1.27432582396084
"2021-04-11 00:00:00","Fondo ERRANO","T0","WIND_DIRECTION",182.854166666667
"2021-04-11 00:00:00","Fondo ERRANO","T0","WIND_SPEED",1.74
"2021-04-11 00:00:00","Fondo ERRANO","T0","AIR_TEMP",11.3829166666667
"2021-04-11 00:00:00","Fondo ERRANO","T0","SOLAR_RAD",72.1195652173913
"2021-04-12 00:00:00","Fondo ERRANO","T0","BIP",16.750068535052
"2021-04-12 00:00:00","Fondo ERRANO","T0","WIND_DIRECTION",120.041666666667
"2021-04-12 00:00:00","Fondo ERRANO","T0","WIND_GUST_MAX",3.6075
"2021-04-12 00:00:00","Fondo ERRANO","T0","BATTERY_TENS",3456.35416666667
"2021-04-12 00:00:00","Fondo ERRANO","T0","AIR_HUM",91.5872340425532
"2021-04-12 00:00:00","Fondo ERRANO","T0","SOLAR_RAD",77.2802960222017
"2021-04-12 00:00:00","Fondo ERRANO","T0","ET0",0.508844498446191
"2021-04-12 00:00:00","Fondo ERRANO","T0","BIG",12.0911555015538
"2021-04-12 00:00:00","Fondo ERRANO","T0","WIND_SPEED",1.4475
"2021-04-12 00:00:00","Fondo ERRANO","T0","AIR_TEMP",12.5512765957447
"2021-04-13 00:00:00","Fondo ERRANO","T0","WIND_GUST_MAX",10.185
"2021-04-13 00:00:00","Fondo ERRANO","T0","ET0",0.284126051659916
"2021-04-13 00:00:00","Fondo ERRANO","T0","SOLAR_RAD",59.4384057971014
"2021-04-13 00:00:00","Fondo ERRANO","T0","BATTERY_TENS",3450.20833333333
"2021-04-13 00:00:00","Fondo ERRANO","T0","BIG",29.1158739483401
"2021-04-13 00:00:00","Fondo ERRANO","T0","WIND_DIRECTION",196.416666666667
"2021-04-13 00:00:00","Fondo ERRANO","T0","BIP",45.8659424833921
"2021-04-13 00:00:00","Fondo ERRANO","T0","AIR_HUM",94.775
"2021-04-13 00:00:00","Fondo ERRANO","T0","AIR_TEMP",7.27145833333333
"2021-04-13 00:00:00","Fondo ERRANO","T0","WIND_SPEED",6.57
"2021-04-14 00:00:00","Fondo ERRANO","T0","BIG",-1.24689882614202
"2021-04-14 00:00:00","Fondo ERRANO","T0","BATTERY_TENS",3452.83333333333
"2021-04-14 00:00:00","Fondo ERRANO","T0","BIP",44.6190436572501
"2021-04-14 00:00:00","Fondo ERRANO","T0","WIND_GUST_MAX",8.31
"2021-04-14 00:00:00","Fondo ERRANO","T0","AIR_TEMP",7.72916666666667
"2021-04-14 00:00:00","Fondo ERRANO","T0","SOLAR_RAD",223.813405797101
"2021-04-14 00:00:00","Fondo ERRANO","T0","WIND_SPEED",5.0325
"2021-04-14 00:00:00","Fondo ERRANO","T0","AIR_HUM",79.20625
"2021-04-14 00:00:00","Fondo ERRANO","T0","ET0",1.54689882614202
"2021-04-14 00:00:00","Fondo ERRANO","T0","WIND_DIRECTION",156.270833333333
"2021-04-15 00:00:00","Fondo ERRANO","T0","WIND_SPEED",5.25
"2021-04-15 00:00:00","Fondo ERRANO","T0","AIR_HUM",82.15625
"2021-04-15 00:00:00","Fondo ERRANO","T0","AIR_TEMP",5.82479166666667
"2021-04-15 00:00:00","Fondo ERRANO","T0","BATTERY_TENS",3441.5625
"2021-04-15 00:00:00","Fondo ERRANO","T0","ET0",0.671033660468031
"2021-04-15 00:00:00","Fondo ERRANO","T0","WIND_DIRECTION",172.604166666667
"2021-04-15 00:00:00","Fondo ERRANO","T0","SOLAR_RAD",103.894927536232
"2021-04-15 00:00:00","Fondo ERRANO","T0","BIP",45.148009996782
"2021-04-15 00:00:00","Fondo ERRANO","T0","WIND_GUST_MAX",8.1975
"2021-04-15 00:00:00","Fondo ERRANO","T0","BIG",0.528966339531968
"2021-04-16 00:00:00","Fondo ERRANO","T0","ET0",1.36315298835679
"2021-04-16 00:00:00","Fondo ERRANO","T0","BIP",44.3848570084252
"2021-04-16 00:00:00","Fondo ERRANO","T0","AIR_TEMP",7.09354166666667
"2021-04-16 00:00:00","Fondo ERRANO","T0","BATTERY_TENS",3442.47916666667
"2021-04-16 00:00:00","Fondo ERRANO","T0","WIND_GUST_MAX",9.7425
"2021-04-16 00:00:00","Fondo ERRANO","T0","WIND_SPEED",6.795
"2021-04-16 00:00:00","Fondo ERRANO","T0","WIND_DIRECTION",143.979166666667
"2021-04-16 00:00:00","Fondo ERRANO","T0","BIG",-0.763152988356787
"2021-04-16 00:00:00","Fondo ERRANO","T0","AIR_HUM",75.8520833333334
"2021-04-16 00:00:00","Fondo ERRANO","T0","SOLAR_RAD",189.81884057971
"2021-04-17 00:00:00","Fondo ERRANO","T0","SOLAR_RAD",181.340579710145
"2021-04-17 00:00:00","Fondo ERRANO","T0","WIND_GUST_MAX",8.3325
"2021-04-17 00:00:00","Fondo ERRANO","T0","WIND_SPEED",4.665
"2021-04-17 00:00:00","Fondo ERRANO","T0","BIG",-1.35881334235451
"2021-04-17 00:00:00","Fondo ERRANO","T0","AIR_HUM",69.5791666666667
"2021-04-17 00:00:00","Fondo ERRANO","T0","BIP",43.0260436660707
"2021-04-17 00:00:00","Fondo ERRANO","T0","ET0",1.35881334235451
"2021-04-17 00:00:00","Fondo ERRANO","T0","BATTERY_TENS",3436.6875
"2021-04-17 00:00:00","Fondo ERRANO","T0","WIND_DIRECTION",157.5625
"2021-04-17 00:00:00","Fondo ERRANO","T0","AIR_TEMP",7.57041666666667
"2021-04-18 00:00:00","Fondo ERRANO","T0","BIP",45.1425395479428
"2021-04-18 00:00:00","Fondo ERRANO","T0","WIND_SPEED",3.7725
"2021-04-18 00:00:00","Fondo ERRANO","T0","WIND_DIRECTION",203.6875
"2021-04-18 00:00:00","Fondo ERRANO","T0","WIND_GUST_MAX",6.36
"2021-04-18 00:00:00","Fondo ERRANO","T0","SOLAR_RAD",125.969202898551
"2021-04-18 00:00:00","Fondo ERRANO","T0","AIR_HUM",77.4479166666667
"2021-04-18 00:00:00","Fondo ERRANO","T0","AIR_TEMP",7.88833333333334
"2021-04-18 00:00:00","Fondo ERRANO","T0","BATTERY_TENS",3436.91666666667
"2021-04-18 00:00:00","Fondo ERRANO","T0","BIG",2.11649588187211
"2021-04-18 00:00:00","Fondo ERRANO","T0","ET0",0.883504118127885
"2021-04-19 00:00:00","Fondo ERRANO","T0","AIR_TEMP",9.61458333333333
"2021-04-19 00:00:00","Fondo ERRANO","T0","BIP",44.6063335181252
"2021-04-19 00:00:00","Fondo ERRANO","T0","WIND_GUST_MAX",7.305
"2021-04-19 00:00:00","Fondo ERRANO","T0","SOLAR_RAD",177.110507246377
"2021-04-19 00:00:00","Fondo ERRANO","T0","ET0",1.43620602981761
"2021-04-19 00:00:00","Fondo ERRANO","T0","BATTERY_TENS",3441.3125
"2021-04-19 00:00:00","Fondo ERRANO","T0","WIND_SPEED",4.485
"2021-04-19 00:00:00","Fondo ERRANO","T0","AIR_HUM",75.2291666666667
"2021-04-19 00:00:00","Fondo ERRANO","T0","BIG",-0.536206029817612
"2021-04-19 00:00:00","Fondo ERRANO","T0","WIND_DIRECTION",222.145833333333
"2021-04-20 00:00:00","Fondo ERRANO","T0","WIND_GUST_MAX",8.8275
"2021-04-20 00:00:00","Fondo ERRANO","T0","WIND_SPEED",5.6325
"2021-04-20 00:00:00","Fondo ERRANO","T0","WIND_DIRECTION",199.020833333333
"2021-04-20 00:00:00","Fondo ERRANO","T0","BIP",42.2208710063367
"2021-04-20 00:00:00","Fondo ERRANO","T0","SOLAR_RAD",249.085144927536
"2021-04-20 00:00:00","Fondo ERRANO","T0","BATTERY_TENS",3448.08333333333
"2021-04-20 00:00:00","Fondo ERRANO","T0","ET0",2.38546251178849
"2021-04-20 00:00:00","Fondo ERRANO","T0","BIG",-2.38546251178849
"2021-04-20 00:00:00","Fondo ERRANO","T0","AIR_TEMP",12.2802083333333
"2021-04-20 00:00:00","Fondo ERRANO","T0","AIR_HUM",63.6375
"2021-04-21 00:00:00","Fondo ERRANO","T0","WIND_DIRECTION",202.125
"2021-04-21 00:00:00","Fondo ERRANO","T0","BIP",40.0812753058337
"2021-04-21 00:00:00","Fondo ERRANO","T0","ET0",2.13959570050301
"2021-04-21 00:00:00","Fondo ERRANO","T0","WIND_SPEED",3.345
"2021-04-21 00:00:00","Fondo ERRANO","T0","BATTERY_TENS",3457.8125
"2021-04-21 00:00:00","Fondo ERRANO","T0","SOLAR_RAD",204.29347826087
"2021-04-21 00:00:00","Fondo ERRANO","T0","WIND_GUST_MAX",6.015
"2021-04-21 00:00:00","Fondo ERRANO","T0","BIG",-2.13959570050301
"2021-04-21 00:00:00","Fondo ERRANO","T0","AIR_HUM",63.8895833333333
"2021-04-21 00:00:00","Fondo ERRANO","T0","AIR_TEMP",13.5385416666667
"2021-04-22 00:00:00","Fondo ERRANO","T0","AIR_HUM",79.4591836734694
"2021-04-22 00:00:00","Fondo ERRANO","T0","WIND_DIRECTION",233.9375
"2021-04-22 00:00:00","Fondo ERRANO","T0","BIP",43.9470345453524
"2021-04-22 00:00:00","Fondo ERRANO","T0","WIND_GUST_MAX",6.6675
"2021-04-22 00:00:00","Fondo ERRANO","T0","BIG",3.86575923951869
"2021-04-22 00:00:00","Fondo ERRANO","T0","AIR_TEMP",12.4538775510204
"2021-04-22 00:00:00","Fondo ERRANO","T0","WIND_SPEED",3.765
"2021-04-22 00:00:00","Fondo ERRANO","T0","ET0",1.23424076048131
"2021-04-22 00:00:00","Fondo ERRANO","T0","SOLAR_RAD",148.074534161491
"2021-04-22 00:00:00","Fondo ERRANO","T0","BATTERY_TENS",3457.45833333333
"2021-04-23 00:00:00","Fondo ERRANO","T0","WIND_GUST_MAX",7.665
"2021-04-23 00:00:00","Fondo ERRANO","T0","BIG",-1.70685563101976
"2021-04-23 00:00:00","Fondo ERRANO","T0","AIR_HUM",78.2895833333333
"2021-04-23 00:00:00","Fondo ERRANO","T0","BATTERY_TENS",3462.6875
"2021-04-23 00:00:00","Fondo ERRANO","T0","AIR_TEMP",12.2833333333333
"2021-04-23 00:00:00","Fondo ERRANO","T0","ET0",2.30685563101976
"2021-04-23 00:00:00","Fondo ERRANO","T0","WIND_SPEED",4.815
"2021-04-23 00:00:00","Fondo ERRANO","T0","WIND_DIRECTION",154.416666666667
"2021-04-23 00:00:00","Fondo ERRANO","T0","SOLAR_RAD",254.320652173913
"2021-04-23 00:00:00","Fondo ERRANO","T0","BIP",42.2401789143327
"2021-04-24 00:00:00","Fondo ERRANO","T0","SOLAR_RAD",290.280797101449
"2021-04-24 00:00:00","Fondo ERRANO","T0","BATTERY_TENS",3462.75
"2021-04-24 00:00:00","Fondo ERRANO","T0","BIP",39.2614039131716
"2021-04-24 00:00:00","Fondo ERRANO","T0","WIND_GUST_MAX",8.4675
"2021-04-24 00:00:00","Fondo ERRANO","T0","AIR_TEMP",13.7333333333333
"2021-04-24 00:00:00","Fondo ERRANO","T0","AIR_HUM",66.3270833333333
"2021-04-24 00:00:00","Fondo ERRANO","T0","BIG",-2.97877500116111
"2021-04-24 00:00:00","Fondo ERRANO","T0","WIND_DIRECTION",157.104166666667
"2021-04-24 00:00:00","Fondo ERRANO","T0","ET0",2.97877500116111
"2021-04-24 00:00:00","Fondo ERRANO","T0","WIND_SPEED",5.0775
"2021-04-25 00:00:00","Fondo ERRANO","T0","SOLAR_RAD",288.224637681159
"2021-04-25 00:00:00","Fondo ERRANO","T0","WIND_GUST_MAX",7.7175
"2021-04-25 00:00:00","Fondo ERRANO","T0","BATTERY_TENS",3457.85416666667
"2021-04-25 00:00:00","Fondo ERRANO","T0","ET0",3.24183796371676
"2021-04-25 00:00:00","Fondo ERRANO","T0","AIR_TEMP",15.1833333333333
"2021-04-25 00:00:00","Fondo ERRANO","T0","WIND_DIRECTION",167.666666666667
"2021-04-25 00:00:00","Fondo ERRANO","T0","AIR_HUM",59.5854166666667
"2021-04-25 00:00:00","Fondo ERRANO","T0","WIND_SPEED",5.22
"2021-04-25 00:00:00","Fondo ERRANO","T0","BIP",36.0195659494548
"2021-04-25 00:00:00","Fondo ERRANO","T0","BIG",-3.24183796371676
"2021-04-26 00:00:00","Fondo ERRANO","T0","SOLAR_RAD",128.777173913044
"2021-04-26 00:00:00","Fondo ERRANO","T0","BATTERY_TENS",3447.14583333333
"2021-04-26 00:00:00","Fondo ERRANO","T0","ET0",1.13820675083569
"2021-04-26 00:00:00","Fondo ERRANO","T0","AIR_TEMP",13.3977083333333
"2021-04-26 00:00:00","Fondo ERRANO","T0","WIND_SPEED",3.1725
"2021-04-26 00:00:00","Fondo ERRANO","T0","WIND_DIRECTION",120.375
"2021-04-26 00:00:00","Fondo ERRANO","T0","BIP",35.1813591986191
"2021-04-26 00:00:00","Fondo ERRANO","T0","WIND_GUST_MAX",5.19
"2021-04-26 00:00:00","Fondo ERRANO","T0","BIG",-0.838206750835686
"2021-04-26 00:00:00","Fondo ERRANO","T0","AIR_HUM",73.8166666666666
"2021-04-27 00:00:00","Fondo ERRANO","T0","WIND_GUST_MAX",5.2725
"2021-04-27 00:00:00","Fondo ERRANO","T0","WIND_SPEED",3.45
"2021-04-27 00:00:00","Fondo ERRANO","T0","ET0",0.135249162895331
"2021-04-27 00:00:00","Fondo ERRANO","T0","BIG",13.3647508371047
"2021-04-27 00:00:00","Fondo ERRANO","T0","AIR_TEMP",11.8175
"2021-04-27 00:00:00","Fondo ERRANO","T0","WIND_DIRECTION",48.1458333333333
"2021-04-27 00:00:00","Fondo ERRANO","T0","BIP",48.5461100357238
"2021-04-27 00:00:00","Fondo ERRANO","T0","BATTERY_TENS",3441.625
"2021-04-27 00:00:00","Fondo ERRANO","T0","AIR_HUM",91.2520833333333
"2021-04-27 00:00:00","Fondo ERRANO","T0","SOLAR_RAD",41.5217391304348
"2021-04-28 00:00:00","Fondo ERRANO","T0","SOLAR_RAD",94.7644927536232
"2021-04-28 00:00:00","Fondo ERRANO","T0","WIND_GUST_MAX",3.18
"2021-04-28 00:00:00","Fondo ERRANO","T0","WIND_DIRECTION",137.5625
"2021-04-28 00:00:00","Fondo ERRANO","T0","BIG",0.023950445141424
"2021-04-28 00:00:00","Fondo ERRANO","T0","BIP",48.5700604808652
"2021-04-28 00:00:00","Fondo ERRANO","T0","ET0",0.576049554858575
"2021-04-28 00:00:00","Fondo ERRANO","T0","AIR_HUM",89.3541666666667
"2021-04-28 00:00:00","Fondo ERRANO","T0","BATTERY_TENS",3451.85416666667
"2021-04-28 00:00:00","Fondo ERRANO","T0","WIND_SPEED",1.86
"2021-04-28 00:00:00","Fondo ERRANO","T0","AIR_TEMP",13.1452083333333
"2021-04-29 00:00:00","Fondo ERRANO","T0","SOLAR_RAD",125.045289855072
"2021-04-29 00:00:00","Fondo ERRANO","T0","WIND_SPEED",2.5125
"2021-04-29 00:00:00","Fondo ERRANO","T0","WIND_DIRECTION",207.479166666667
"2021-04-29 00:00:00","Fondo ERRANO","T0","WIND_GUST_MAX",5.01
"2021-04-29 00:00:00","Fondo ERRANO","T0","BIG",0.333320990415062
"2021-04-29 00:00:00","Fondo ERRANO","T0","BIP",48.9033814712803
"2021-04-29 00:00:00","Fondo ERRANO","T0","AIR_HUM",85.1291666666667
"2021-04-29 00:00:00","Fondo ERRANO","T0","BATTERY_TENS",3466.5625
"2021-04-29 00:00:00","Fondo ERRANO","T0","ET0",1.16667900958494
"2021-04-29 00:00:00","Fondo ERRANO","T0","AIR_TEMP",15.2272916666667
"2021-04-30 00:00:00","Fondo ERRANO","T0","WIND_SPEED",3.6975
"2021-04-30 00:00:00","Fondo ERRANO","T0","ET0",1.72358201073772
"2021-04-30 00:00:00","Fondo ERRANO","T0","BIP",48.0797994605426
"2021-04-30 00:00:00","Fondo ERRANO","T0","AIR_TEMP",17.904375
"2021-04-30 00:00:00","Fondo ERRANO","T0","WIND_GUST_MAX",6.78
"2021-04-30 00:00:00","Fondo ERRANO","T0","AIR_HUM",76.8729166666667
"2021-04-30 00:00:00","Fondo ERRANO","T0","SOLAR_RAD",182.961956521739
"2021-04-30 00:00:00","Fondo ERRANO","T0","BIG",-0.823582010737715
"2021-04-30 00:00:00","Fondo ERRANO","T0","BATTERY_TENS",3468.875
"2021-04-30 00:00:00","Fondo ERRANO","T0","WIND_DIRECTION",184.166666666667
"2021-05-01 00:00:00","Fondo ERRANO","T0","BIP",61.0833428740219
"2021-05-01 00:00:00","Fondo ERRANO","T0","BIG",13.0035434134793
"2021-05-01 00:00:00","Fondo ERRANO","T0","SOLAR_RAD",167.490942028986
"2021-05-01 00:00:00","Fondo ERRANO","T0","AIR_TEMP",16.7670833333333
"2021-05-01 00:00:00","Fondo ERRANO","T0","AIR_HUM",85.1229166666667
"2021-05-01 00:00:00","Fondo ERRANO","T0","WIND_SPEED",4.2375
"2021-05-01 00:00:00","Fondo ERRANO","T0","WIND_DIRECTION",141.583333333333
"2021-05-01 00:00:00","Fondo ERRANO","T0","WIND_GUST_MAX",6.7425
"2021-05-01 00:00:00","Fondo ERRANO","T0","ET0",1.39645658652069
"2021-05-01 00:00:00","Fondo ERRANO","T0","BATTERY_TENS",3463.02083333333
"2021-05-02 00:00:00","Fondo ERRANO","T0","WIND_DIRECTION",231.791666666667
"2021-05-02 00:00:00","Fondo ERRANO","T0","BIP",59.3362653826562
"2021-05-02 00:00:00","Fondo ERRANO","T0","WIND_GUST_MAX",16.5075
"2021-05-02 00:00:00","Fondo ERRANO","T0","BIG",-1.74707749136569
"2021-05-02 00:00:00","Fondo ERRANO","T0","AIR_HUM",64.0708333333333
"2021-05-02 00:00:00","Fondo ERRANO","T0","SOLAR_RAD",241.322463768116
"2021-05-02 00:00:00","Fondo ERRANO","T0","BATTERY_TENS",3461.3125
"2021-05-02 00:00:00","Fondo ERRANO","T0","WIND_SPEED",9.5775
"2021-05-02 00:00:00","Fondo ERRANO","T0","ET0",1.74707749136569
"2021-05-02 00:00:00","Fondo ERRANO","T0","AIR_TEMP",16.7222916666667
"2021-05-03 00:00:00","Fondo ERRANO","T0","WIND_GUST_MAX",7.335
"2021-05-03 00:00:00","Fondo ERRANO","T0","BATTERY_TENS",3458.25
"2021-05-03 00:00:00","Fondo ERRANO","T0","SOLAR_RAD",268.695652173913
"2021-05-03 00:00:00","Fondo ERRANO","T0","AIR_TEMP",14.65875
"2021-05-03 00:00:00","Fondo ERRANO","T0","BIG",-2.75414601960171
"2021-05-03 00:00:00","Fondo ERRANO","T0","WIND_DIRECTION",164.291666666667
"2021-05-03 00:00:00","Fondo ERRANO","T0","AIR_HUM",68.3166666666667
"2021-05-03 00:00:00","Fondo ERRANO","T0","WIND_SPEED",4.275
"2021-05-03 00:00:00","Fondo ERRANO","T0","ET0",2.75414601960171
"2021-05-03 00:00:00","Fondo ERRANO","T0","BIP",56.5821193630545
"2021-05-04 00:00:00","Fondo ERRANO","T0","SOLAR_RAD",278.593894542091
"2021-05-04 00:00:00","Fondo ERRANO","T0","BIP",53.4814035915907
"2021-05-04 00:00:00","Fondo ERRANO","T0","WIND_GUST_MAX",12.2625
"2021-05-04 00:00:00","Fondo ERRANO","T0","BIG",-3.10071577146377
"2021-05-04 00:00:00","Fondo ERRANO","T0","AIR_HUM",62.2893617021277
"2021-05-04 00:00:00","Fondo ERRANO","T0","ET0",3.10071577146377
"2021-05-04 00:00:00","Fondo ERRANO","T0","AIR_TEMP",15.7472340425532
"2021-05-04 00:00:00","Fondo ERRANO","T0","BATTERY_TENS",3455.66666666667
"2021-05-04 00:00:00","Fondo ERRANO","T0","WIND_SPEED",8.5575
"2021-05-04 00:00:00","Fondo ERRANO","T0","WIND_DIRECTION",204.208333333333
"2021-05-05 00:00:00","Fondo ERRANO","T0","SOLAR_RAD",300.452898550725
"2021-05-05 00:00:00","Fondo ERRANO","T0","BIG",-2.54241830348366
"2021-05-05 00:00:00","Fondo ERRANO","T0","AIR_HUM",57.3541666666667
"2021-05-05 00:00:00","Fondo ERRANO","T0","AIR_TEMP",17.503125
"2021-05-05 00:00:00","Fondo ERRANO","T0","BIP",50.938985288107
"2021-05-05 00:00:00","Fondo ERRANO","T0","WIND_DIRECTION",230.31914893617
"2021-05-05 00:00:00","Fondo ERRANO","T0","WIND_GUST_MAX",20.1982978723404
"2021-05-05 00:00:00","Fondo ERRANO","T0","BATTERY_TENS",3468.23404255319
"2021-05-05 00:00:00","Fondo ERRANO","T0","ET0",2.54241830348366
"2021-05-05 00:00:00","Fondo ERRANO","T0","WIND_SPEED",13.948085106383
"2021-05-06 00:00:00","Fondo ERRANO","T0","BIP",48.4499258354868
"2021-05-06 00:00:00","Fondo ERRANO","T0","WIND_GUST_MAX",17.625
"2021-05-06 00:00:00","Fondo ERRANO","T0","AIR_TEMP",18.4908333333333
"2021-05-06 00:00:00","Fondo ERRANO","T0","BATTERY_TENS",3472.45833333333
"2021-05-06 00:00:00","Fondo ERRANO","T0","BIG",-2.48905945262024
"2021-05-06 00:00:00","Fondo ERRANO","T0","AIR_HUM",54.5375
"2021-05-06 00:00:00","Fondo ERRANO","T0","SOLAR_RAD",292.572463768116
"2021-05-06 00:00:00","Fondo ERRANO","T0","ET0",2.48905945262024
"2021-05-06 00:00:00","Fondo ERRANO","T0","WIND_SPEED",10.725
"2021-05-06 00:00:00","Fondo ERRANO","T0","WIND_DIRECTION",218.1875
"2021-05-07 00:00:00","Fondo ERRANO","T0","WIND_GUST_MAX",18.57
"2021-05-07 00:00:00","Fondo ERRANO","T0","ET0",2.24231545231314
"2021-05-07 00:00:00","Fondo ERRANO","T0","WIND_SPEED",11.3475
"2021-05-07 00:00:00","Fondo ERRANO","T0","SOLAR_RAD",262.998188405797
"2021-05-07 00:00:00","Fondo ERRANO","T0","BATTERY_TENS",3476.02083333333
"2021-05-07 00:00:00","Fondo ERRANO","T0","BIP",46.2076103831736
"2021-05-07 00:00:00","Fondo ERRANO","T0","AIR_HUM",57.7395833333334
"2021-05-07 00:00:00","Fondo ERRANO","T0","WIND_DIRECTION",237.166666666667
"2021-05-07 00:00:00","Fondo ERRANO","T0","AIR_TEMP",19.3789583333333
"2021-05-07 00:00:00","Fondo ERRANO","T0","BIG",-2.24231545231314
"2021-05-08 00:00:00","Fondo ERRANO","T0","SOLAR_RAD",139.836956521739
"2021-05-08 00:00:00","Fondo ERRANO","T0","BIP",44.9691187044904
"2021-05-08 00:00:00","Fondo ERRANO","T0","BIG",-1.23849167868328
"2021-05-08 00:00:00","Fondo ERRANO","T0","AIR_TEMP",15.5014583333333
"2021-05-08 00:00:00","Fondo ERRANO","T0","WIND_DIRECTION",77.9583333333333
"2021-05-08 00:00:00","Fondo ERRANO","T0","WIND_SPEED",3.465
"2021-05-08 00:00:00","Fondo ERRANO","T0","AIR_HUM",75.8083333333333
"2021-05-08 00:00:00","Fondo ERRANO","T0","ET0",1.23849167868328
"2021-05-08 00:00:00","Fondo ERRANO","T0","BATTERY_TENS",3469.625
"2021-05-08 00:00:00","Fondo ERRANO","T0","WIND_GUST_MAX",6.585
"2021-05-09 00:00:00","Fondo ERRANO","T0","AIR_TEMP",16.2591666666667
"2021-05-09 00:00:00","Fondo ERRANO","T0","SOLAR_RAD",307.663043478261
"2021-05-09 00:00:00","Fondo ERRANO","T0","BIG",-3.23849997759785
"2021-05-09 00:00:00","Fondo ERRANO","T0","WIND_SPEED",4.0275
"2021-05-09 00:00:00","Fondo ERRANO","T0","BIP",41.7306187268925
"2021-05-09 00:00:00","Fondo ERRANO","T0","BATTERY_TENS",3480.25
"2021-05-09 00:00:00","Fondo ERRANO","T0","WIND_GUST_MAX",6.99
"2021-05-09 00:00:00","Fondo ERRANO","T0","WIND_DIRECTION",131.3125
"2021-05-09 00:00:00","Fondo ERRANO","T0","AIR_HUM",72.8520833333333
"2021-05-09 00:00:00","Fondo ERRANO","T0","ET0",3.23849997759785
"2021-05-10 00:00:00","Fondo ERRANO","T0","AIR_TEMP",18.79125
"2021-05-10 00:00:00","Fondo ERRANO","T0","BATTERY_TENS",3485.33333333333
"2021-05-10 00:00:00","Fondo ERRANO","T0","SOLAR_RAD",312.789855072464
"2021-05-10 00:00:00","Fondo ERRANO","T0","WIND_GUST_MAX",7.6275
"2021-05-10 00:00:00","Fondo ERRANO","T0","AIR_HUM",72.9020833333333
"2021-05-10 00:00:00","Fondo ERRANO","T0","BIG",-3.75453351895912
"2021-05-10 00:00:00","Fondo ERRANO","T0","WIND_DIRECTION",152.083333333333
"2021-05-10 00:00:00","Fondo ERRANO","T0","ET0",3.75453351895912
"2021-05-10 00:00:00","Fondo ERRANO","T0","WIND_SPEED",4.755
"2021-05-10 00:00:00","Fondo ERRANO","T0","BIP",37.9760852079334
"2021-05-11 00:00:00","Fondo ERRANO","T0","AIR_TEMP",16.7753191489362
"2021-05-11 00:00:00","Fondo ERRANO","T0","WIND_DIRECTION",199.108695652174
"2021-05-11 00:00:00","Fondo ERRANO","T0","ET0",0.861795993484263
"2021-05-11 00:00:00","Fondo ERRANO","T0","WIND_SPEED",2.25391304347826
"2021-05-11 00:00:00","Fondo ERRANO","T0","BIG",0.638204006515736
"2021-05-11 00:00:00","Fondo ERRANO","T0","AIR_HUM",79.7085106382979
"2021-05-11 00:00:00","Fondo ERRANO","T0","SOLAR_RAD",105.559666975023
"2021-05-11 00:00:00","Fondo ERRANO","T0","BATTERY_TENS",3470.26086956522
"2021-05-11 00:00:00","Fondo ERRANO","T0","BIP",38.6142892144491
"2021-05-11 00:00:00","Fondo ERRANO","T0","WIND_GUST_MAX",5.73652173913043
"2021-05-12 00:00:00","Fondo ERRANO","T0","BIP",38.5698761905329
"2021-05-12 00:00:00","Fondo ERRANO","T0","ET0",1.24441302391622
"2021-05-12 00:00:00","Fondo ERRANO","T0","WIND_DIRECTION",204.6875
"2021-05-12 00:00:00","Fondo ERRANO","T0","WINKLER_INDEX",6.366875
"2021-05-12 00:00:00","Fondo ERRANO","T0","WIND_GUST_MAX",12.3225
"2021-05-12 00:00:00","Fondo ERRANO","T0","AIR_TEMP",16.366875
"2021-05-12 00:00:00","Fondo ERRANO","T0","BATTERY_TENS",3473.08333333333
"2021-05-12 00:00:00","Fondo ERRANO","T0","SOLAR_RAD",163.48731884058
"2021-05-12 00:00:00","Fondo ERRANO","T0","AIR_HUM",70.5625
"2021-05-12 00:00:00","Fondo ERRANO","T0","BIG",-0.044413023916217
"2021-05-12 00:00:00","Fondo ERRANO","T0","WINKLER_INDEX_GROWTH",176.93003003329
"2021-05-12 00:00:00","Fondo ERRANO","T0","WIND_SPEED",7.1925
"2021-05-13 00:00:00","Fondo ERRANO","T0","ET0",2.38365572755392
"2021-05-13 00:00:00","Fondo ERRANO","T0","WINKLER_INDEX_GROWTH",184.089196699957
"2021-05-13 00:00:00","Fondo ERRANO","T0","WIND_GUST_MAX",14.3325
"2021-05-13 00:00:00","Fondo ERRANO","T0","BIG",-2.38365572755392
"2021-05-13 00:00:00","Fondo ERRANO","T0","WIND_DIRECTION",233.020833333333
"2021-05-13 00:00:00","Fondo ERRANO","T0","AIR_HUM",58.2666666666667
"2021-05-13 00:00:00","Fondo ERRANO","T0","WIND_SPEED",8.88
"2021-05-13 00:00:00","Fondo ERRANO","T0","WINKLER_INDEX",7.15916666666666
"2021-05-13 00:00:00","Fondo ERRANO","T0","SOLAR_RAD",260.398550724638
"2021-05-13 00:00:00","Fondo ERRANO","T0","AIR_TEMP",17.1591666666667
"2021-05-13 00:00:00","Fondo ERRANO","T0","BATTERY_TENS",3471.58333333333
"2021-05-13 00:00:00","Fondo ERRANO","T0","BIP",36.186220462979
"2021-05-14 00:00:00","Fondo ERRANO","T0","BATTERY_TENS",3474.25
"2021-05-14 00:00:00","Fondo ERRANO","T0","WIND_GUST_MAX",12.2925
"2021-05-14 00:00:00","Fondo ERRANO","T0","WIND_SPEED",8.0175
"2021-05-14 00:00:00","Fondo ERRANO","T0","AIR_HUM",64.4645833333333
"2021-05-14 00:00:00","Fondo ERRANO","T0","SOLAR_RAD",196.784420289855
"2021-05-14 00:00:00","Fondo ERRANO","T0","ET0",1.69873759185646
"2021-05-14 00:00:00","Fondo ERRANO","T0","BIP",35.0874828711225
"2021-05-14 00:00:00","Fondo ERRANO","T0","BIG",-1.09873759185646
"2021-05-14 00:00:00","Fondo ERRANO","T0","AIR_TEMP",16.6714583333333
"2021-05-14 00:00:00","Fondo ERRANO","T0","WIND_DIRECTION",224.291666666667
"2021-05-15 00:00:00","Fondo ERRANO","T0","BIG",-2.69929679787661
"2021-05-15 00:00:00","Fondo ERRANO","T0","SOLAR_RAD",300.289855072464
"2021-05-15 00:00:00","Fondo ERRANO","T0","WIND_GUST_MAX",10.5975
"2021-05-15 00:00:00","Fondo ERRANO","T0","ET0",2.99929679787661
"2021-05-15 00:00:00","Fondo ERRANO","T0","BIP",32.3881860732459
"2021-05-15 00:00:00","Fondo ERRANO","T0","AIR_HUM",69.0333333333333
"2021-05-15 00:00:00","Fondo ERRANO","T0","BATTERY_TENS",3472.875
"2021-05-15 00:00:00","Fondo ERRANO","T0","AIR_TEMP",16.4725
"2021-05-15 00:00:00","Fondo ERRANO","T0","WIND_SPEED",7.0725
"2021-05-15 00:00:00","Fondo ERRANO","T0","WIND_DIRECTION",208.104166666667
"2021-05-16 00:00:00","Fondo ERRANO","T0","WIND_SPEED",6.345
"2021-05-16 00:00:00","Fondo ERRANO","T0","AIR_HUM",67.5708333333333
"2021-05-16 00:00:00","Fondo ERRANO","T0","WIND_GUST_MAX",11.7975
"2021-05-16 00:00:00","Fondo ERRANO","T0","WIND_DIRECTION",221.145833333333
"2021-05-16 00:00:00","Fondo ERRANO","T0","BIP",31.3785136155188
"2021-05-16 00:00:00","Fondo ERRANO","T0","SOLAR_RAD",132.789855072464
"2021-05-16 00:00:00","Fondo ERRANO","T0","BIG",-1.0096724577271
"2021-05-16 00:00:00","Fondo ERRANO","T0","BATTERY_TENS",3468.35416666667
"2021-05-16 00:00:00","Fondo ERRANO","T0","AIR_TEMP",17.824375
"2021-05-16 00:00:00","Fondo ERRANO","T0","ET0",1.0096724577271
"2021-05-17 00:00:00","Fondo ERRANO","T0","WIND_GUST_MAX",16.695
"2021-05-17 00:00:00","Fondo ERRANO","T0","BIG",-0.929003937999472
"2021-05-17 00:00:00","Fondo ERRANO","T0","BIP",30.4495096775193
"2021-05-17 00:00:00","Fondo ERRANO","T0","AIR_HUM",62.5553191489361
"2021-05-17 00:00:00","Fondo ERRANO","T0","SOLAR_RAD",217.641073080481
"2021-05-17 00:00:00","Fondo ERRANO","T0","ET0",1.82900393799947
"2021-05-17 00:00:00","Fondo ERRANO","T0","AIR_TEMP",18.8348936170213
"2021-05-17 00:00:00","Fondo ERRANO","T0","WIND_SPEED",11.4825
"2021-05-17 00:00:00","Fondo ERRANO","T0","BATTERY_TENS",3477.125
"2021-05-17 00:00:00","Fondo ERRANO","T0","WIND_DIRECTION",215.0625
"2021-05-18 00:00:00","Fondo ERRANO","T0","BIP",27.5039122392426
"2021-05-18 00:00:00","Fondo ERRANO","T0","BATTERY_TENS",3476.95833333333
"2021-05-18 00:00:00","Fondo ERRANO","T0","ET0",2.94559743827675
"2021-05-18 00:00:00","Fondo ERRANO","T0","BIG",-2.94559743827675
"2021-05-18 00:00:00","Fondo ERRANO","T0","WIND_DIRECTION",218.020833333333
"2021-05-18 00:00:00","Fondo ERRANO","T0","SOLAR_RAD",304.728260869565
"2021-05-18 00:00:00","Fondo ERRANO","T0","WIND_SPEED",9.9975
"2021-05-18 00:00:00","Fondo ERRANO","T0","AIR_TEMP",18.8189583333333
"2021-05-18 00:00:00","Fondo ERRANO","T0","WIND_GUST_MAX",15.06
"2021-05-18 00:00:00","Fondo ERRANO","T0","AIR_HUM",54.31875
"2021-05-19 00:00:00","Fondo ERRANO","T0","AIR_HUM",70.6916666666667
"2021-05-19 00:00:00","Fondo ERRANO","T0","AIR_TEMP",15.646875
"2021-05-19 00:00:00","Fondo ERRANO","T0","WIND_SPEED",6.13531914893617
"2021-05-19 00:00:00","Fondo ERRANO","T0","BIG",24.4065029029459
"2021-05-19 00:00:00","Fondo ERRANO","T0","BIP",51.9104151421885
"2021-05-19 00:00:00","Fondo ERRANO","T0","WIND_DIRECTION",187.914893617021
"2021-05-19 00:00:00","Fondo ERRANO","T0","SOLAR_RAD",294.583333333333
"2021-05-19 00:00:00","Fondo ERRANO","T0","BATTERY_TENS",3466.70212765957
"2021-05-19 00:00:00","Fondo ERRANO","T0","WIND_GUST_MAX",10.4782978723404
"2021-05-19 00:00:00","Fondo ERRANO","T0","ET0",2.5934970970541
"2021-05-20 00:00:00","Fondo ERRANO","T0","BIP",48.1411320007824
"2021-05-20 00:00:00","Fondo ERRANO","T0","WIND_SPEED",4.14
"2021-05-20 00:00:00","Fondo ERRANO","T0","AIR_HUM",67.0625
"2021-05-20 00:00:00","Fondo ERRANO","T0","WIND_DIRECTION",176.020833333333
"2021-05-20 00:00:00","Fondo ERRANO","T0","ET0",3.76928314140605
"2021-05-20 00:00:00","Fondo ERRANO","T0","WIND_GUST_MAX",7.35
"2021-05-20 00:00:00","Fondo ERRANO","T0","BATTERY_TENS",3464.29166666667
"2021-05-20 00:00:00","Fondo ERRANO","T0","SOLAR_RAD",326.467391304348
"2021-05-20 00:00:00","Fondo ERRANO","T0","AIR_TEMP",15.9620833333333
"2021-05-20 00:00:00","Fondo ERRANO","T0","BIG",-3.76928314140605
"2021-05-21 00:00:00","Fondo ERRANO","T0","AIR_HUM",54.1354166666667
"2021-05-21 00:00:00","Fondo ERRANO","T0","WIND_GUST_MAX",11.1675
"2021-05-21 00:00:00","Fondo ERRANO","T0","AIR_TEMP",18.67875
"2021-05-21 00:00:00","Fondo ERRANO","T0","ET0",3.38868608234554
"2021-05-21 00:00:00","Fondo ERRANO","T0","WIND_SPEED",6.33
"2021-05-21 00:00:00","Fondo ERRANO","T0","WIND_DIRECTION",220.458333333333
"2021-05-21 00:00:00","Fondo ERRANO","T0","SOLAR_RAD",287.246376811594
"2021-05-21 00:00:00","Fondo ERRANO","T0","BIG",-3.38868608234554
"2021-05-21 00:00:00","Fondo ERRANO","T0","BIP",44.7524459184369
"2021-05-21 00:00:00","Fondo ERRANO","T0","BATTERY_TENS",3476.66666666667
"2021-05-22 00:00:00","Fondo ERRANO","T0","BIG",-0.772915491300744
"2021-05-22 00:00:00","Fondo ERRANO","T0","BATTERY_TENS",3473.97916666667
"2021-05-22 00:00:00","Fondo ERRANO","T0","AIR_TEMP",18.1385416666667
"2021-05-22 00:00:00","Fondo ERRANO","T0","BIP",43.9795304271361
"2021-05-22 00:00:00","Fondo ERRANO","T0","WIND_GUST_MAX",8.7975
"2021-05-22 00:00:00","Fondo ERRANO","T0","AIR_HUM",62.0166666666667
"2021-05-22 00:00:00","Fondo ERRANO","T0","WIND_SPEED",4.35
"2021-05-22 00:00:00","Fondo ERRANO","T0","SOLAR_RAD",103.48731884058
"2021-05-22 00:00:00","Fondo ERRANO","T0","WIND_DIRECTION",216.166666666667
"2021-05-22 00:00:00","Fondo ERRANO","T0","ET0",0.772915491300744
"2021-05-23 00:00:00","Fondo ERRANO","T0","AIR_TEMP",21.6608333333333
"2021-05-23 00:00:00","Fondo ERRANO","T0","WIND_DIRECTION",224.5
"2021-05-23 00:00:00","Fondo ERRANO","T0","WIND_GUST_MAX",11.115
"2021-05-23 00:00:00","Fondo ERRANO","T0","AIR_HUM",59.2020833333333
"2021-05-23 00:00:00","Fondo ERRANO","T0","BIG",-3.24353295831958
"2021-05-23 00:00:00","Fondo ERRANO","T0","SOLAR_RAD",287.898550724638
"2021-05-23 00:00:00","Fondo ERRANO","T0","BATTERY_TENS",3485.64583333333
"2021-05-23 00:00:00","Fondo ERRANO","T0","ET0",3.24353295831958
"2021-05-23 00:00:00","Fondo ERRANO","T0","WIND_SPEED",6.84
"2021-05-23 00:00:00","Fondo ERRANO","T0","BIP",40.7359974688166
"2021-05-24 00:00:00","Fondo ERRANO","T0","BATTERY_TENS",3476.16666666667
"2021-05-24 00:00:00","Fondo ERRANO","T0","WIND_DIRECTION",188.166666666667
"2021-05-24 00:00:00","Fondo ERRANO","T0","BIG",14.395726627209
"2021-05-24 00:00:00","Fondo ERRANO","T0","SOLAR_RAD",85.9420289855073
"2021-05-24 00:00:00","Fondo ERRANO","T0","WIND_GUST_MAX",5.3325
"2021-05-24 00:00:00","Fondo ERRANO","T0","AIR_TEMP",16.1627083333333
"2021-05-24 00:00:00","Fondo ERRANO","T0","AIR_HUM",82.6833333333333
"2021-05-24 00:00:00","Fondo ERRANO","T0","ET0",0.604273372790975
"2021-05-24 00:00:00","Fondo ERRANO","T0","BIP",55.1317240960256
"2021-05-24 00:00:00","Fondo ERRANO","T0","WIND_SPEED",2.5425
"2021-05-25 00:00:00","Fondo ERRANO","T0","ET0",3.31089481197184
"2021-05-25 00:00:00","Fondo ERRANO","T0","WIND_DIRECTION",218.666666666667
"2021-05-25 00:00:00","Fondo ERRANO","T0","AIR_TEMP",18.1685416666667
"2021-05-25 00:00:00","Fondo ERRANO","T0","AIR_HUM",68.09375
"2021-05-25 00:00:00","Fondo ERRANO","T0","WIND_SPEED",8.3175
"2021-05-25 00:00:00","Fondo ERRANO","T0","BIP",51.8208292840537
"2021-05-25 00:00:00","Fondo ERRANO","T0","SOLAR_RAD",335.960144927536
"2021-05-25 00:00:00","Fondo ERRANO","T0","BIG",-3.31089481197184
"2021-05-25 00:00:00","Fondo ERRANO","T0","BATTERY_TENS",3479.375
"2021-05-25 00:00:00","Fondo ERRANO","T0","WIND_GUST_MAX",12.135
"2021-05-26 00:00:00","Fondo ERRANO","T0","WIND_GUST_MAX",7.5063829787234
"2021-05-26 00:00:00","Fondo ERRANO","T0","SOLAR_RAD",335.398550724638
"2021-05-26 00:00:00","Fondo ERRANO","T0","WIND_DIRECTION",139.510638297872
"2021-05-26 00:00:00","Fondo ERRANO","T0","ET0",3.87621761486844
"2021-05-26 00:00:00","Fondo ERRANO","T0","BIP",47.9446116691853
"2021-05-26 00:00:00","Fondo ERRANO","T0","BATTERY_TENS",3473.10638297872
"2021-05-26 00:00:00","Fondo ERRANO","T0","AIR_HUM",65.0958333333333
"2021-05-26 00:00:00","Fondo ERRANO","T0","AIR_TEMP",17.5279166666667
"2021-05-26 00:00:00","Fondo ERRANO","T0","BIG",-3.87621761486844
"2021-05-26 00:00:00","Fondo ERRANO","T0","WIND_SPEED",4.07489361702128
"2021-05-27 00:00:00","Fondo ERRANO","T0","BIP",43.9260615513377
"2021-05-27 00:00:00","Fondo ERRANO","T0","AIR_TEMP",19.3722916666667
"2021-05-27 00:00:00","Fondo ERRANO","T0","AIR_HUM",56.7895833333333
"2021-05-27 00:00:00","Fondo ERRANO","T0","BIG",-4.0185501178476
"2021-05-27 00:00:00","Fondo ERRANO","T0","WIND_DIRECTION",213.106382978723
"2021-05-27 00:00:00","Fondo ERRANO","T0","WIND_SPEED",4.12085106382979
"2021-05-27 00:00:00","Fondo ERRANO","T0","ET0",4.0185501178476
"2021-05-27 00:00:00","Fondo ERRANO","T0","BATTERY_TENS",3468
"2021-05-27 00:00:00","Fondo ERRANO","T0","WIND_GUST_MAX",7.10042553191489
"2021-05-27 00:00:00","Fondo ERRANO","T0","SOLAR_RAD",339.11231884058
"2021-05-28 00:00:00","Fondo ERRANO","T0","BIP",40.428971663389
"2021-05-28 00:00:00","Fondo ERRANO","T0","BATTERY_TENS",3477.33333333333
"2021-05-28 00:00:00","Fondo ERRANO","T0","AIR_HUM",65.7375
"2021-05-28 00:00:00","Fondo ERRANO","T0","WIND_DIRECTION",142.125
"2021-05-28 00:00:00","Fondo ERRANO","T0","BIG",-3.49708988794871
"2021-05-28 00:00:00","Fondo ERRANO","T0","SOLAR_RAD",327.346014492754
"2021-05-28 00:00:00","Fondo ERRANO","T0","WIND_GUST_MAX",8.355
"2021-05-28 00:00:00","Fondo ERRANO","T0","WIND_SPEED",5.625
"2021-05-28 00:00:00","Fondo ERRANO","T0","AIR_TEMP",17.9822916666667
"2021-05-28 00:00:00","Fondo ERRANO","T0","ET0",3.49708988794871
"2021-05-29 00:00:00","Fondo ERRANO","T0","SOLAR_RAD",274.365942028986
"2021-05-29 00:00:00","Fondo ERRANO","T0","ET0",3.20762923346089
"2021-05-29 00:00:00","Fondo ERRANO","T0","WIND_GUST_MAX",5.9325
"2021-05-29 00:00:00","Fondo ERRANO","T0","AIR_HUM",68.0583333333333
"2021-05-29 00:00:00","Fondo ERRANO","T0","WIND_SPEED",3.6225
"2021-05-29 00:00:00","Fondo ERRANO","T0","WIND_DIRECTION",146.458333333333
"2021-05-29 00:00:00","Fondo ERRANO","T0","AIR_TEMP",18.6497916666667
"2021-05-29 00:00:00","Fondo ERRANO","T0","BIG",-3.20762923346089
"2021-05-29 00:00:00","Fondo ERRANO","T0","BIP",37.2213424299281
"2021-05-29 00:00:00","Fondo ERRANO","T0","BATTERY_TENS",3478.33333333333
"2021-05-30 00:00:00","Fondo ERRANO","T0","WIND_SPEED",4.5375
"2021-05-30 00:00:00","Fondo ERRANO","T0","WIND_DIRECTION",111.145833333333
"2021-05-30 00:00:00","Fondo ERRANO","T0","AIR_TEMP",17.9354166666667
"2021-05-30 00:00:00","Fondo ERRANO","T0","BATTERY_TENS",3480.95833333333
"2021-05-30 00:00:00","Fondo ERRANO","T0","AIR_HUM",65.3625
"2021-05-30 00:00:00","Fondo ERRANO","T0","ET0",3.34915854981663
"2021-05-30 00:00:00","Fondo ERRANO","T0","WIND_GUST_MAX",8.505
"2021-05-30 00:00:00","Fondo ERRANO","T0","BIG",-2.44915854981663
"2021-05-30 00:00:00","Fondo ERRANO","T0","SOLAR_RAD",315.425724637681
"2021-05-30 00:00:00","Fondo ERRANO","T0","BIP",34.7721838801115
"2021-05-31 00:00:00","Fondo ERRANO","T0","ET0",3.45514918807153
"2021-05-31 00:00:00","Fondo ERRANO","T0","BATTERY_TENS",3475.52083333333
"2021-05-31 00:00:00","Fondo ERRANO","T0","AIR_TEMP",16.8925
"2021-05-31 00:00:00","Fondo ERRANO","T0","AIR_HUM",60.3729166666667
"2021-05-31 00:00:00","Fondo ERRANO","T0","BIG",-3.45514918807153
"2021-05-31 00:00:00","Fondo ERRANO","T0","WIND_SPEED",5.4525
"2021-05-31 00:00:00","Fondo ERRANO","T0","WIND_DIRECTION",141.3125
"2021-05-31 00:00:00","Fondo ERRANO","T0","SOLAR_RAD",318.333333333333
"2021-05-31 00:00:00","Fondo ERRANO","T0","BIP",31.3170346920399
"2021-05-31 00:00:00","Fondo ERRANO","T0","WIND_GUST_MAX",8.71500000000001
"2021-06-01 00:00:00","Fondo ERRANO","T0","AIR_HUM",61.3229166666666
"2021-06-01 00:00:00","Fondo ERRANO","T0","BATTERY_TENS",3473.08333333333
"2021-06-01 00:00:00","Fondo ERRANO","T0","SOLAR_RAD",340.18115942029
"2021-06-01 00:00:00","Fondo ERRANO","T0","WIND_GUST_MAX",8.3775
"2021-06-01 00:00:00","Fondo ERRANO","T0","BIG",-4.05807048079654
"2021-06-01 00:00:00","Fondo ERRANO","T0","ET0",4.05807048079654
"2021-06-01 00:00:00","Fondo ERRANO","T0","AIR_TEMP",18.4654166666667
"2021-06-01 00:00:00","Fondo ERRANO","T0","BIP",27.2589642112434
"2021-06-01 00:00:00","Fondo ERRANO","T0","WIND_SPEED",5.4675
"2021-06-01 00:00:00","Fondo ERRANO","T0","WIND_DIRECTION",136.083333333333
"2021-06-02 00:00:00","Fondo ERRANO","T0","BATTERY_TENS",3469.22916666667
"2021-06-02 00:00:00","Fondo ERRANO","T0","BIG",-4.36830337001729
"2021-06-02 00:00:00","Fondo ERRANO","T0","WIND_GUST_MAX",6.3225
"2021-06-02 00:00:00","Fondo ERRANO","T0","ET0",4.36830337001729
"2021-06-02 00:00:00","Fondo ERRANO","T0","AIR_HUM",65.75625
"2021-06-02 00:00:00","Fondo ERRANO","T0","WIND_DIRECTION",154.875
"2021-06-02 00:00:00","Fondo ERRANO","T0","AIR_TEMP",20.3508333333333
"2021-06-02 00:00:00","Fondo ERRANO","T0","BIP",22.8906608412261
"2021-06-02 00:00:00","Fondo ERRANO","T0","SOLAR_RAD",318.342391304348
"2021-06-02 00:00:00","Fondo ERRANO","T0","WIND_SPEED",3.225
"2021-06-03 00:00:00","Fondo ERRANO","T0","AIR_HUM",61.775
"2021-06-03 00:00:00","Fondo ERRANO","T0","WIND_GUST_MAX",7.665
"2021-06-03 00:00:00","Fondo ERRANO","T0","BIP",18.5419458779429
"2021-06-03 00:00:00","Fondo ERRANO","T0","WIND_SPEED",4.38
"2021-06-03 00:00:00","Fondo ERRANO","T0","ET0",4.3487149632832
"2021-06-03 00:00:00","Fondo ERRANO","T0","WIND_DIRECTION",163.854166666667
"2021-06-03 00:00:00","Fondo ERRANO","T0","SOLAR_RAD",336.69384057971
"2021-06-03 00:00:00","Fondo ERRANO","T0","BATTERY_TENS",3484.97916666667
"2021-06-03 00:00:00","Fondo ERRANO","T0","BIG",-4.3487149632832
"2021-06-03 00:00:00","Fondo ERRANO","T0","AIR_TEMP",22.1885416666667
"2021-06-04 00:00:00","Fondo ERRANO","T0","WIND_GUST_MAX",6.5625
"2021-06-04 00:00:00","Fondo ERRANO","T0","AIR_HUM",56.2395833333333
"2021-06-04 00:00:00","Fondo ERRANO","T0","BIG",-4.78855430049753
"2021-06-04 00:00:00","Fondo ERRANO","T0","BATTERY_TENS",3489.97916666667
"2021-06-04 00:00:00","Fondo ERRANO","T0","AIR_TEMP",23.9360416666667
"2021-06-04 00:00:00","Fondo ERRANO","T0","WIND_DIRECTION",170.145833333333
"2021-06-04 00:00:00","Fondo ERRANO","T0","SOLAR_RAD",342.110507246377
"2021-06-04 00:00:00","Fondo ERRANO","T0","ET0",4.78855430049753
"2021-06-04 00:00:00","Fondo ERRANO","T0","BIP",13.7533915774454
"2021-06-04 00:00:00","Fondo ERRANO","T0","WIND_SPEED",3.39
"2021-06-05 00:00:00","Fondo ERRANO","T0","AIR_HUM",56.5895833333333
"2021-06-05 00:00:00","Fondo ERRANO","T0","WIND_GUST_MAX",8.565
"2021-06-05 00:00:00","Fondo ERRANO","T0","BIG",-2.51865983046085
"2021-06-05 00:00:00","Fondo ERRANO","T0","ET0",2.51865983046085
"2021-06-05 00:00:00","Fondo ERRANO","T0","WIND_DIRECTION",230.895833333333
"2021-06-05 00:00:00","Fondo ERRANO","T0","WIND_SPEED",4.785
"2021-06-05 00:00:00","Fondo ERRANO","T0","BIP",11.2347317469845
"2021-06-05 00:00:00","Fondo ERRANO","T0","SOLAR_RAD",213.061594202899
"2021-06-05 00:00:00","Fondo ERRANO","T0","BATTERY_TENS",3487.89583333333
"2021-06-05 00:00:00","Fondo ERRANO","T0","AIR_TEMP",23.6383333333333
"2021-06-06 00:00:00","Fondo ERRANO","T0","AIR_HUM",74.4895833333333
"2021-06-06 00:00:00","Fondo ERRANO","T0","BIG",66.614529484181
"2021-06-06 00:00:00","Fondo ERRANO","T0","WIND_DIRECTION",235.4375
"2021-06-06 00:00:00","Fondo ERRANO","T0","BIP",77.8492612311655
"2021-06-06 00:00:00","Fondo ERRANO","T0","BATTERY_TENS",3483.1875
"2021-06-06 00:00:00","Fondo ERRANO","T0","SOLAR_RAD",215.18115942029
"2021-06-06 00:00:00","Fondo ERRANO","T0","AIR_TEMP",21.8197916666667
"2021-06-06 00:00:00","Fondo ERRANO","T0","WIND_GUST_MAX",7.0575
"2021-06-06 00:00:00","Fondo ERRANO","T0","ET0",2.385470515819
"2021-06-06 00:00:00","Fondo ERRANO","T0","WIND_SPEED",3.51
"2021-06-07 00:00:00","Fondo ERRANO","T0","AIR_TEMP",20.43875
"2021-06-07 00:00:00","Fondo ERRANO","T0","WIND_SPEED",1.6875
"2021-06-07 00:00:00","Fondo ERRANO","T0","BIP",76.2325511127228
"2021-06-07 00:00:00","Fondo ERRANO","T0","WIND_GUST_MAX",4.2825
"2021-06-07 00:00:00","Fondo ERRANO","T0","WIND_DIRECTION",202.854166666667
"2021-06-07 00:00:00","Fondo ERRANO","T0","SOLAR_RAD",180.126811594203
"2021-06-07 00:00:00","Fondo ERRANO","T0","BIG",-1.61671011844269
"2021-06-07 00:00:00","Fondo ERRANO","T0","AIR_HUM",84.9145833333333
"2021-06-07 00:00:00","Fondo ERRANO","T0","BATTERY_TENS",3487.91666666667
"2021-06-07 00:00:00","Fondo ERRANO","T0","ET0",1.91671011844269
"2021-06-08 00:00:00","Fondo ERRANO","T0","ET0",1.81420553676374
"2021-06-08 00:00:00","Fondo ERRANO","T0","WIND_DIRECTION",232.872340425532
"2021-06-08 00:00:00","Fondo ERRANO","T0","WIND_SPEED",4.48085106382979
"2021-06-08 00:00:00","Fondo ERRANO","T0","SOLAR_RAD",171.730072463768
"2021-06-08 00:00:00","Fondo ERRANO","T0","WIND_GUST_MAX",7.09276595744681
"2021-06-08 00:00:00","Fondo ERRANO","T0","AIR_HUM",82.0708333333333
"2021-06-08 00:00:00","Fondo ERRANO","T0","BIP",74.4183455759591
"2021-06-08 00:00:00","Fondo ERRANO","T0","BIG",-1.81420553676374
"2021-06-08 00:00:00","Fondo ERRANO","T0","BATTERY_TENS",3486.89361702128
"2021-06-08 00:00:00","Fondo ERRANO","T0","AIR_TEMP",20.325625
"2021-06-09 00:00:00","Fondo ERRANO","T0","AIR_TEMP",21.173125
"2021-06-09 00:00:00","Fondo ERRANO","T0","WIND_GUST_MAX",8.1
"2021-06-09 00:00:00","Fondo ERRANO","T0","BATTERY_TENS",3482.125
"2021-06-09 00:00:00","Fondo ERRANO","T0","WIND_SPEED",4.875
"2021-06-09 00:00:00","Fondo ERRANO","T0","AIR_HUM",76.6666666666667
"2021-06-09 00:00:00","Fondo ERRANO","T0","ET0",2.89258779965964
"2021-06-09 00:00:00","Fondo ERRANO","T0","BIG",-2.29258779965964
"2021-06-09 00:00:00","Fondo ERRANO","T0","SOLAR_RAD",239.085144927536
"2021-06-09 00:00:00","Fondo ERRANO","T0","WIND_DIRECTION",226.979166666667
"2021-06-09 00:00:00","Fondo ERRANO","T0","BIP",72.1257577762995
"2021-06-10 00:00:00","Fondo ERRANO","T0","WIND_DIRECTION",198.4375
"2021-06-10 00:00:00","Fondo ERRANO","T0","BIG",-1.94044228731363
"2021-06-10 00:00:00","Fondo ERRANO","T0","SOLAR_RAD",216.61231884058
"2021-06-10 00:00:00","Fondo ERRANO","T0","BIP",70.1853154889858
"2021-06-10 00:00:00","Fondo ERRANO","T0","AIR_HUM",75.7958333333333
"2021-06-10 00:00:00","Fondo ERRANO","T0","WIND_SPEED",4.065
"2021-06-10 00:00:00","Fondo ERRANO","T0","AIR_TEMP",21.6864583333333
"2021-06-10 00:00:00","Fondo ERRANO","T0","BATTERY_TENS",3482.75
"2021-06-10 00:00:00","Fondo ERRANO","T0","WIND_GUST_MAX",6.83999999999999
"2021-06-10 00:00:00","Fondo ERRANO","T0","ET0",2.54044228731363
"2021-06-11 00:00:00","Fondo ERRANO","T0","AIR_TEMP",21.826875
"2021-06-11 00:00:00","Fondo ERRANO","T0","WIND_SPEED",3.2325
"2021-06-11 00:00:00","Fondo ERRANO","T0","WIND_DIRECTION",221.666666666667
"2021-06-11 00:00:00","Fondo ERRANO","T0","BATTERY_TENS",3480.52083333333
"2021-06-11 00:00:00","Fondo ERRANO","T0","ET0",2.25902613483306
"2021-06-11 00:00:00","Fondo ERRANO","T0","AIR_HUM",73.4354166666667
"2021-06-11 00:00:00","Fondo ERRANO","T0","BIP",67.9262893541528
"2021-06-11 00:00:00","Fondo ERRANO","T0","BIG",-2.25902613483306
"2021-06-11 00:00:00","Fondo ERRANO","T0","SOLAR_RAD",192.581521739131
"2021-06-11 00:00:00","Fondo ERRANO","T0","WIND_GUST_MAX",5.3025
"2021-06-12 00:00:00","Fondo ERRANO","T0","BATTERY_TENS",3490.89583333333
"2021-06-12 00:00:00","Fondo ERRANO","T0","AIR_TEMP",23.9870833333333
"2021-06-12 00:00:00","Fondo ERRANO","T0","SOLAR_RAD",338.514492753623
"2021-06-12 00:00:00","Fondo ERRANO","T0","WIND_SPEED",3.6525
"2021-06-12 00:00:00","Fondo ERRANO","T0","WIND_DIRECTION",159.833333333333
"2021-06-12 00:00:00","Fondo ERRANO","T0","ET0",4.81966016540047
"2021-06-12 00:00:00","Fondo ERRANO","T0","BIP",63.1066291887523
"2021-06-12 00:00:00","Fondo ERRANO","T0","BIG",-4.81966016540047
"2021-06-12 00:00:00","Fondo ERRANO","T0","WIND_GUST_MAX",6.585
"2021-06-12 00:00:00","Fondo ERRANO","T0","AIR_HUM",66.4791666666667
"2021-06-13 00:00:00","Fondo ERRANO","T0","SOLAR_RAD",330.235507246377
"2021-06-13 00:00:00","Fondo ERRANO","T0","BATTERY_TENS",3499.5
"2021-06-13 00:00:00","Fondo ERRANO","T0","AIR_TEMP",26.4904166666667
"2021-06-13 00:00:00","Fondo ERRANO","T0","ET0",4.72266202110572
"2021-06-13 00:00:00","Fondo ERRANO","T0","AIR_HUM",60.80625
"2021-06-13 00:00:00","Fondo ERRANO","T0","BIP",58.3839671676466
"2021-06-13 00:00:00","Fondo ERRANO","T0","WIND_GUST_MAX",7.89
"2021-06-13 00:00:00","Fondo ERRANO","T0","WIND_DIRECTION",168.729166666667
"2021-06-13 00:00:00","Fondo ERRANO","T0","WIND_SPEED",4.965
"2021-06-13 00:00:00","Fondo ERRANO","T0","BIG",-4.72266202110572
"2021-06-14 00:00:00","Fondo ERRANO","T0","WIND_GUST_MAX",6.765
"2021-06-14 00:00:00","Fondo ERRANO","T0","WIND_SPEED",4.2225
"2021-06-14 00:00:00","Fondo ERRANO","T0","WIND_DIRECTION",117.708333333333
"2021-06-14 00:00:00","Fondo ERRANO","T0","BIP",54.3293289409629
"2021-06-14 00:00:00","Fondo ERRANO","T0","BIG",-4.05463822668372
"2021-06-14 00:00:00","Fondo ERRANO","T0","AIR_HUM",73.1416666666667
"2021-06-14 00:00:00","Fondo ERRANO","T0","ET0",4.05463822668372
"2021-06-14 00:00:00","Fondo ERRANO","T0","AIR_TEMP",23.541875
"2021-06-14 00:00:00","Fondo ERRANO","T0","SOLAR_RAD",337.05615942029
"2021-06-14 00:00:00","Fondo ERRANO","T0","BATTERY_TENS",3504.625
"2021-06-15 00:00:00","Fondo ERRANO","T0","BIG",-4.36818247807322
"2021-06-15 00:00:00","Fondo ERRANO","T0","WIND_SPEED",4.41
"2021-06-15 00:00:00","Fondo ERRANO","T0","BIP",49.9611464628896
"2021-06-15 00:00:00","Fondo ERRANO","T0","SOLAR_RAD",345.307971014493
"2021-06-15 00:00:00","Fondo ERRANO","T0","BATTERY_TENS",3500.64583333333
"2021-06-15 00:00:00","Fondo ERRANO","T0","ET0",4.36818247807322
"2021-06-15 00:00:00","Fondo ERRANO","T0","WIND_GUST_MAX",7.29
"2021-06-15 00:00:00","Fondo ERRANO","T0","WIND_DIRECTION",133.3125
"2021-06-15 00:00:00","Fondo ERRANO","T0","AIR_TEMP",22.311875
"2021-06-15 00:00:00","Fondo ERRANO","T0","AIR_HUM",68.45
"2021-06-16 00:00:00","Fondo ERRANO","T0","SOLAR_RAD",326.248736097068
"2021-06-16 00:00:00","Fondo ERRANO","T0","WIND_GUST_MAX",7.05272727272727
"2021-06-16 00:00:00","Fondo ERRANO","T0","AIR_HUM",68.6953488372093
"2021-06-16 00:00:00","Fondo ERRANO","T0","BATTERY_TENS",3496
"2021-06-16 00:00:00","Fondo ERRANO","T0","BIP",47.6853839209982
"2021-06-16 00:00:00","Fondo ERRANO","T0","WIND_DIRECTION",128.613636363636
"2021-06-16 00:00:00","Fondo ERRANO","T0","WIND_SPEED",4.31181818181818
"2021-06-16 00:00:00","Fondo ERRANO","T0","AIR_TEMP",23.7153488372093
"2021-06-16 00:00:00","Fondo ERRANO","T0","ET0",4.27576254189145
"2021-06-16 00:00:00","Fondo ERRANO","T0","BIG",-2.27576254189145
"2021-06-17 00:00:00","Fondo ERRANO","T0","WIND_GUST_MAX",6.7275
"2021-06-17 00:00:00","Fondo ERRANO","T0","WIND_SPEED",3.3225
"2021-06-17 00:00:00","Fondo ERRANO","T0","BIP",43.2552565154205
"2021-06-17 00:00:00","Fondo ERRANO","T0","AIR_TEMP",26.0077083333333
"2021-06-17 00:00:00","Fondo ERRANO","T0","BATTERY_TENS",3503.375
"2021-06-17 00:00:00","Fondo ERRANO","T0","SOLAR_RAD",323.559782608696
"2021-06-17 00:00:00","Fondo ERRANO","T0","WIND_DIRECTION",147.375
"2021-06-17 00:00:00","Fondo ERRANO","T0","BIG",-4.43012740557764
"2021-06-17 00:00:00","Fondo ERRANO","T0","AIR_HUM",69.4958333333333
"2021-06-17 00:00:00","Fondo ERRANO","T0","ET0",4.43012740557764
"2021-06-18 00:00:00","Fondo ERRANO","T0","WIND_GUST_MAX",4.95
"2021-06-18 00:00:00","Fondo ERRANO","T0","WIND_DIRECTION",212.041666666667
"2021-06-18 00:00:00","Fondo ERRANO","T0","BIG",-3.38558180121447
"2021-06-18 00:00:00","Fondo ERRANO","T0","WIND_SPEED",2.5275
"2021-06-18 00:00:00","Fondo ERRANO","T0","SOLAR_RAD",254.030797101449
"2021-06-18 00:00:00","Fondo ERRANO","T0","AIR_TEMP",26.1791666666667
"2021-06-18 00:00:00","Fondo ERRANO","T0","BIP",39.8696747142061
"2021-06-18 00:00:00","Fondo ERRANO","T0","AIR_HUM",62.2791666666667
"2021-06-18 00:00:00","Fondo ERRANO","T0","BATTERY_TENS",3500.875
"2021-06-18 00:00:00","Fondo ERRANO","T0","ET0",3.38558180121447
"2021-06-19 00:00:00","Fondo ERRANO","T0","BIG",-3.60411241931576
"2021-06-19 00:00:00","Fondo ERRANO","T0","AIR_TEMP",27.1689130434783
"2021-06-19 00:00:00","Fondo ERRANO","T0","WIND_DIRECTION",237.541666666667
"2021-06-19 00:00:00","Fondo ERRANO","T0","ET0",3.60411241931576
"2021-06-19 00:00:00","Fondo ERRANO","T0","SOLAR_RAD",262.372400756144
"2021-06-19 00:00:00","Fondo ERRANO","T0","BIP",36.2655622948903
"2021-06-19 00:00:00","Fondo ERRANO","T0","WIND_GUST_MAX",6.09
"2021-06-19 00:00:00","Fondo ERRANO","T0","AIR_HUM",55.6673913043478
"2021-06-19 00:00:00","Fondo ERRANO","T0","BATTERY_TENS",3493.79166666667
"2021-06-19 00:00:00","Fondo ERRANO","T0","WIND_SPEED",3.375
"2021-06-20 00:00:00","Fondo ERRANO","T0","WIND_DIRECTION",156.395833333333
"2021-06-20 00:00:00","Fondo ERRANO","T0","AIR_HUM",64.3604166666667
"2021-06-20 00:00:00","Fondo ERRANO","T0","BATTERY_TENS",3499.0625
"2021-06-20 00:00:00","Fondo ERRANO","T0","WIND_SPEED",2.805
"2021-06-20 00:00:00","Fondo ERRANO","T0","SOLAR_RAD",234.501811594203
"2021-06-20 00:00:00","Fondo ERRANO","T0","AIR_TEMP",26.8470833333333
"2021-06-20 00:00:00","Fondo ERRANO","T0","BIP",32.6571171058322
"2021-06-20 00:00:00","Fondo ERRANO","T0","BIG",-3.60844518905809
"2021-06-20 00:00:00","Fondo ERRANO","T0","WIND_GUST_MAX",5.535
"2021-06-20 00:00:00","Fondo ERRANO","T0","ET0",3.60844518905809
"2021-06-21 00:00:00","Fondo ERRANO","T0","ET0",4.1888551534264
"2021-06-21 00:00:00","Fondo ERRANO","T0","BATTERY_TENS",3498.35416666667
"2021-06-21 00:00:00","Fondo ERRANO","T0","SOLAR_RAD",302.753623188406
"2021-06-21 00:00:00","Fondo ERRANO","T0","AIR_HUM",59.3041666666667
"2021-06-21 00:00:00","Fondo ERRANO","T0","BIP",28.4682619524058
"2021-06-21 00:00:00","Fondo ERRANO","T0","WIND_SPEED",4.1175
"2021-06-21 00:00:00","Fondo ERRANO","T0","BIG",-4.1888551534264
"2021-06-21 00:00:00","Fondo ERRANO","T0","WIND_GUST_MAX",7.89
"2021-06-21 00:00:00","Fondo ERRANO","T0","WIND_DIRECTION",231.8125
"2021-06-21 00:00:00","Fondo ERRANO","T0","AIR_TEMP",27.8079166666667
"2021-06-22 00:00:00","Fondo ERRANO","T0","AIR_HUM",61.79375
"2021-06-22 00:00:00","Fondo ERRANO","T0","ET0",5.34488688199906
"2021-06-22 00:00:00","Fondo ERRANO","T0","AIR_TEMP",27.7833333333333
"2021-06-22 00:00:00","Fondo ERRANO","T0","WIND_SPEED",3.585
"2021-06-22 00:00:00","Fondo ERRANO","T0","WIND_GUST_MAX",7.455
"2021-06-22 00:00:00","Fondo ERRANO","T0","BIG",-5.34488688199906
"2021-06-22 00:00:00","Fondo ERRANO","T0","WIND_DIRECTION",181.770833333333
"2021-06-22 00:00:00","Fondo ERRANO","T0","SOLAR_RAD",341.026827012026
"2021-06-22 00:00:00","Fondo ERRANO","T0","BATTERY_TENS",3490.77083333333
"2021-06-22 00:00:00","Fondo ERRANO","T0","BIP",23.1233750704068
"2021-06-23 00:00:00","Fondo ERRANO","T0","BIP",18.5293271529281
"2021-06-23 00:00:00","Fondo ERRANO","T0","AIR_HUM",60.4520833333333
"2021-06-23 00:00:00","Fondo ERRANO","T0","WIND_DIRECTION",176.340425531915
"2021-06-23 00:00:00","Fondo ERRANO","T0","SOLAR_RAD",307.001811594203
"2021-06-23 00:00:00","Fondo ERRANO","T0","ET0",4.59404791747872
"2021-06-23 00:00:00","Fondo ERRANO","T0","BATTERY_TENS",3500.40425531915
"2021-06-23 00:00:00","Fondo ERRANO","T0","WIND_GUST_MAX",7.45276595744681
"2021-06-23 00:00:00","Fondo ERRANO","T0","WIND_SPEED",4.97106382978723
"2021-06-23 00:00:00","Fondo ERRANO","T0","AIR_TEMP",26.69
"2021-06-23 00:00:00","Fondo ERRANO","T0","BIG",-4.59404791747872
"2021-06-24 00:00:00","Fondo ERRANO","T0","WIND_SPEED",4.96
"2021-06-24 00:00:00","Fondo ERRANO","T0","WIND_DIRECTION",225.444444444444
"2021-06-24 00:00:00","Fondo ERRANO","T0","WIND_GUST_MAX",9.024
"2021-06-24 00:00:00","Fondo ERRANO","T0","BIP",14.1498616940606
"2021-06-24 00:00:00","Fondo ERRANO","T0","ET0",4.37946545886741
"2021-06-24 00:00:00","Fondo ERRANO","T0","AIR_HUM",56.993023255814
"2021-06-24 00:00:00","Fondo ERRANO","T0","BATTERY_TENS",3499.86666666667
"2021-06-24 00:00:00","Fondo ERRANO","T0","SOLAR_RAD",298.796764408493
"2021-06-24 00:00:00","Fondo ERRANO","T0","AIR_TEMP",26.9932558139535
"2021-06-24 00:00:00","Fondo ERRANO","T0","BIG",-4.37946545886741
"2021-06-25 00:00:00","Fondo ERRANO","T0","ET0",4.69257081852995
"2021-06-25 00:00:00","Fondo ERRANO","T0","AIR_TEMP",25.2544680851064
"2021-06-25 00:00:00","Fondo ERRANO","T0","BIP",9.45729087553069
"2021-06-25 00:00:00","Fondo ERRANO","T0","WIND_SPEED",5.46260869565217
"2021-06-25 00:00:00","Fondo ERRANO","T0","WIND_GUST_MAX",8.5304347826087
"2021-06-25 00:00:00","Fondo ERRANO","T0","WIND_DIRECTION",219.95652173913
"2021-06-25 00:00:00","Fondo ERRANO","T0","BATTERY_TENS",3487.86956521739
"2021-06-25 00:00:00","Fondo ERRANO","T0","BIG",-4.69257081852995
"2021-06-25 00:00:00","Fondo ERRANO","T0","SOLAR_RAD",340
"2021-06-25 00:00:00","Fondo ERRANO","T0","AIR_HUM",51.7510638297872
"2021-06-26 00:00:00","Fondo ERRANO","T0","BIG",-4.89452333532186
"2021-06-26 00:00:00","Fondo ERRANO","T0","SOLAR_RAD",351.195652173913
"2021-06-26 00:00:00","Fondo ERRANO","T0","BATTERY_TENS",3484.39583333333
"2021-06-26 00:00:00","Fondo ERRANO","T0","ET0",4.89452333532186
"2021-06-26 00:00:00","Fondo ERRANO","T0","WIND_SPEED",4.455
"2021-06-26 00:00:00","Fondo ERRANO","T0","AIR_HUM",51.2729166666667
"2021-06-26 00:00:00","Fondo ERRANO","T0","BIP",4.56276754020882
"2021-06-26 00:00:00","Fondo ERRANO","T0","WIND_DIRECTION",170.125
"2021-06-26 00:00:00","Fondo ERRANO","T0","WIND_GUST_MAX",7.2975
"2021-06-26 00:00:00","Fondo ERRANO","T0","AIR_TEMP",25.540625
"2021-06-27 00:00:00","Fondo ERRANO","T0","BIG",-4.84238328422479
"2021-06-27 00:00:00","Fondo ERRANO","T0","WIND_GUST_MAX",7.59829787234043
"2021-06-27 00:00:00","Fondo ERRANO","T0","BIP",-0.279615744015967
"2021-06-27 00:00:00","Fondo ERRANO","T0","AIR_HUM",57.6
"2021-06-27 00:00:00","Fondo ERRANO","T0","WIND_DIRECTION",149.212765957447
"2021-06-27 00:00:00","Fondo ERRANO","T0","AIR_TEMP",25.90625
"2021-06-27 00:00:00","Fondo ERRANO","T0","BATTERY_TENS",3494.12765957447
"2021-06-27 00:00:00","Fondo ERRANO","T0","WIND_SPEED",4.1668085106383
"2021-06-27 00:00:00","Fondo ERRANO","T0","SOLAR_RAD",345.317028985507
"2021-06-27 00:00:00","Fondo ERRANO","T0","ET0",4.84238328422479
"2021-06-28 00:00:00","Fondo ERRANO","T0","AIR_TEMP",26.1602083333333
"2021-06-28 00:00:00","Fondo ERRANO","T0","BATTERY_TENS",3497.20833333333
"2021-06-28 00:00:00","Fondo ERRANO","T0","ET0",4.48432499481256
"2021-06-28 00:00:00","Fondo ERRANO","T0","WIND_GUST_MAX",8.22
"2021-06-28 00:00:00","Fondo ERRANO","T0","BIP",-4.76394073882853
"2021-06-28 00:00:00","Fondo ERRANO","T0","BIG",-4.48432499481256
"2021-06-28 00:00:00","Fondo ERRANO","T0","WIND_SPEED",5.1
"2021-06-28 00:00:00","Fondo ERRANO","T0","AIR_HUM",63.6583333333333
"2021-06-28 00:00:00","Fondo ERRANO","T0","WIND_DIRECTION",136.541666666667
"2021-06-28 00:00:00","Fondo ERRANO","T0","SOLAR_RAD",330.18115942029
"2021-06-29 00:00:00","Fondo ERRANO","T0","WIND_DIRECTION",227.6875
"2021-06-29 00:00:00","Fondo ERRANO","T0","AIR_HUM",54.1333333333333
"2021-06-29 00:00:00","Fondo ERRANO","T0","AIR_TEMP",27.7314583333333
"2021-06-29 00:00:00","Fondo ERRANO","T0","BIG",-2.85161772426612
"2021-06-29 00:00:00","Fondo ERRANO","T0","ET0",5.05161772426612
"2021-06-29 00:00:00","Fondo ERRANO","T0","BIP",-7.61555846309465
"2021-06-29 00:00:00","Fondo ERRANO","T0","WIND_GUST_MAX",9.0075
"2021-06-29 00:00:00","Fondo ERRANO","T0","SOLAR_RAD",328.713768115942
"2021-06-29 00:00:00","Fondo ERRANO","T0","BATTERY_TENS",3504.22916666667
"2021-06-29 00:00:00","Fondo ERRANO","T0","WIND_SPEED",5.28
"2021-06-30 00:00:00","Fondo ERRANO","T0","BATTERY_TENS",3511.1875
"2021-06-30 00:00:00","Fondo ERRANO","T0","ET0",4.38003707960379
"2021-06-30 00:00:00","Fondo ERRANO","T0","BIP",-11.9955955426984
"2021-06-30 00:00:00","Fondo ERRANO","T0","BIG",-4.38003707960379
"2021-06-30 00:00:00","Fondo ERRANO","T0","WIND_SPEED",9.1725
"2021-06-30 00:00:00","Fondo ERRANO","T0","SOLAR_RAD",348.849637681159
"2021-06-30 00:00:00","Fondo ERRANO","T0","WIND_DIRECTION",230.895833333333
"2021-06-30 00:00:00","Fondo ERRANO","T0","WIND_GUST_MAX",14.505
"2021-06-30 00:00:00","Fondo ERRANO","T0","AIR_TEMP",25.233125
"2021-06-30 00:00:00","Fondo ERRANO","T0","AIR_HUM",51.9145833333333
"2021-07-01 00:00:00","Fondo ERRANO","T0","WIND_SPEED",8.64
"2021-07-01 00:00:00","Fondo ERRANO","T0","AIR_HUM",52.1770833333333
"2021-07-01 00:00:00","Fondo ERRANO","T0","AIR_TEMP",25.6252083333333
"2021-07-01 00:00:00","Fondo ERRANO","T0","SOLAR_RAD",325.135869565217
"2021-07-01 00:00:00","Fondo ERRANO","T0","ET0",4.13853212111113
"2021-07-01 00:00:00","Fondo ERRANO","T0","WIND_DIRECTION",229.872340425532
"2021-07-01 00:00:00","Fondo ERRANO","T0","BIG",-4.13853212111113
"2021-07-01 00:00:00","Fondo ERRANO","T0","WIND_GUST_MAX",12.8604255319149
"2021-07-01 00:00:00","Fondo ERRANO","T0","BATTERY_TENS",3517.17021276596
"2021-07-01 00:00:00","Fondo ERRANO","T0","BIP",-16.1341276638096
"2021-07-02 00:00:00","Fondo ERRANO","T0","WIND_DIRECTION",174.583333333333
"2021-07-02 00:00:00","Fondo ERRANO","T0","WIND_SPEED",2.355
"2021-07-02 00:00:00","Fondo ERRANO","T0","AIR_HUM",69.4297872340426
"2021-07-02 00:00:00","Fondo ERRANO","T0","SOLAR_RAD",286.743755781684
"2021-07-02 00:00:00","Fondo ERRANO","T0","BIP",-13.8334290159822
"2021-07-02 00:00:00","Fondo ERRANO","T0","ET0",3.89930135217267
"2021-07-02 00:00:00","Fondo ERRANO","T0","AIR_TEMP",23.3631914893617
"2021-07-02 00:00:00","Fondo ERRANO","T0","BATTERY_TENS",3514.39583333333
"2021-07-02 00:00:00","Fondo ERRANO","T0","WIND_GUST_MAX",5.3775
"2021-07-02 00:00:00","Fondo ERRANO","T0","BIG",2.30069864782733
"2021-07-03 00:00:00","Fondo ERRANO","T0","WIND_GUST_MAX",7.3125
"2021-07-03 00:00:00","Fondo ERRANO","T0","BATTERY_TENS",3514.85416666667
"2021-07-03 00:00:00","Fondo ERRANO","T0","AIR_TEMP",25.3802083333333
"2021-07-03 00:00:00","Fondo ERRANO","T0","WIND_SPEED",3.54
"2021-07-03 00:00:00","Fondo ERRANO","T0","WIND_DIRECTION",165.854166666667
"2021-07-03 00:00:00","Fondo ERRANO","T0","SOLAR_RAD",297.980072463768
"2021-07-03 00:00:00","Fondo ERRANO","T0","ET0",4.34533672388596
"2021-07-03 00:00:00","Fondo ERRANO","T0","BIG",-4.34533672388596
"2021-07-03 00:00:00","Fondo ERRANO","T0","BIP",-18.1787657398682
"2021-07-03 00:00:00","Fondo ERRANO","T0","AIR_HUM",66.3958333333334
"2021-07-04 00:00:00","Fondo ERRANO","T0","WIND_DIRECTION",179.208333333333
"2021-07-04 00:00:00","Fondo ERRANO","T0","BIG",-2.44489687056938
"2021-07-04 00:00:00","Fondo ERRANO","T0","SOLAR_RAD",200.18115942029
"2021-07-04 00:00:00","Fondo ERRANO","T0","BATTERY_TENS",3513.47916666667
"2021-07-04 00:00:00","Fondo ERRANO","T0","BIP",-20.6236626104376
"2021-07-04 00:00:00","Fondo ERRANO","T0","WIND_GUST_MAX",6.075
"2021-07-04 00:00:00","Fondo ERRANO","T0","ET0",2.44489687056938
"2021-07-04 00:00:00","Fondo ERRANO","T0","AIR_HUM",65.7958333333333
"2021-07-04 00:00:00","Fondo ERRANO","T0","WIND_SPEED",2.7
"2021-07-04 00:00:00","Fondo ERRANO","T0","AIR_TEMP",24.2227083333333
"2021-07-05 00:00:00","Fondo ERRANO","T0","AIR_HUM",67.4
"2021-07-05 00:00:00","Fondo ERRANO","T0","SOLAR_RAD",304.048913043478
"2021-07-05 00:00:00","Fondo ERRANO","T0","BIG",-3.93069360446595
"2021-07-05 00:00:00","Fondo ERRANO","T0","AIR_TEMP",24.4689583333333
"2021-07-05 00:00:00","Fondo ERRANO","T0","WIND_GUST_MAX",7.9425
"2021-07-05 00:00:00","Fondo ERRANO","T0","BIP",-24.5543562149035
"2021-07-05 00:00:00","Fondo ERRANO","T0","WIND_DIRECTION",158.208333333333
"2021-07-05 00:00:00","Fondo ERRANO","T0","ET0",3.93069360446595
"2021-07-05 00:00:00","Fondo ERRANO","T0","WIND_SPEED",4.7925
"2021-07-05 00:00:00","Fondo ERRANO","T0","BATTERY_TENS",3518.97916666667
"2021-07-06 00:00:00","Fondo ERRANO","T0","WIND_DIRECTION",147.645833333333
"2021-07-06 00:00:00","Fondo ERRANO","T0","ET0",4.67975037011711
"2021-07-06 00:00:00","Fondo ERRANO","T0","SOLAR_RAD",339.873188405797
"2021-07-06 00:00:00","Fondo ERRANO","T0","WIND_GUST_MAX",7.965
"2021-07-06 00:00:00","Fondo ERRANO","T0","BIG",-4.67975037011711
"2021-07-06 00:00:00","Fondo ERRANO","T0","WIND_SPEED",4.77
"2021-07-06 00:00:00","Fondo ERRANO","T0","BATTERY_TENS",3522.64583333333
"2021-07-06 00:00:00","Fondo ERRANO","T0","AIR_TEMP",25.5602083333333
"2021-07-06 00:00:00","Fondo ERRANO","T0","BIP",-29.2341065850206
"2021-07-06 00:00:00","Fondo ERRANO","T0","AIR_HUM",63.0270833333333
"2021-07-07 00:00:00","Fondo ERRANO","T0","BIG",-5.54536398444545
"2021-07-07 00:00:00","Fondo ERRANO","T0","ET0",5.54536398444545
"2021-07-07 00:00:00","Fondo ERRANO","T0","WIND_SPEED",5.3025
"2021-07-07 00:00:00","Fondo ERRANO","T0","WIND_DIRECTION",203.020833333333
"2021-07-07 00:00:00","Fondo ERRANO","T0","BIP",-34.7794705694661
"2021-07-07 00:00:00","Fondo ERRANO","T0","AIR_TEMP",28.7258333333333
"2021-07-07 00:00:00","Fondo ERRANO","T0","AIR_HUM",56.1729166666667
"2021-07-07 00:00:00","Fondo ERRANO","T0","WIND_GUST_MAX",8.475
"2021-07-07 00:00:00","Fondo ERRANO","T0","BATTERY_TENS",3528.14583333333
"2021-07-07 00:00:00","Fondo ERRANO","T0","SOLAR_RAD",338.324275362319
"2021-07-08 00:00:00","Fondo ERRANO","T0","WIND_SPEED",4.1475
"2021-07-08 00:00:00","Fondo ERRANO","T0","BIP",-33.8473359197719
"2021-07-08 00:00:00","Fondo ERRANO","T0","ET0",3.46786535030579
"2021-07-08 00:00:00","Fondo ERRANO","T0","WIND_GUST_MAX",7.6125
"2021-07-08 00:00:00","Fondo ERRANO","T0","AIR_TEMP",27.688125
"2021-07-08 00:00:00","Fondo ERRANO","T0","WIND_DIRECTION",210.875
"2021-07-08 00:00:00","Fondo ERRANO","T0","BIG",0.932134649694213
"2021-07-08 00:00:00","Fondo ERRANO","T0","AIR_HUM",62.9395833333333
"2021-07-08 00:00:00","Fondo ERRANO","T0","SOLAR_RAD",228.93115942029
"2021-07-08 00:00:00","Fondo ERRANO","T0","BATTERY_TENS",3525.85416666667
"2021-07-09 00:00:00","Fondo ERRANO","T0","ET0",5.15192132481791
"2021-07-09 00:00:00","Fondo ERRANO","T0","WIND_DIRECTION",225.510638297872
"2021-07-09 00:00:00","Fondo ERRANO","T0","WIND_SPEED",3.32425531914894
"2021-07-09 00:00:00","Fondo ERRANO","T0","AIR_TEMP",25.3208333333333
"2021-07-09 00:00:00","Fondo ERRANO","T0","BIG",-5.15192132481791
"2021-07-09 00:00:00","Fondo ERRANO","T0","SOLAR_RAD",343.442028985507
"2021-07-09 00:00:00","Fondo ERRANO","T0","BATTERY_TENS",3519.74468085106
"2021-07-09 00:00:00","Fondo ERRANO","T0","WIND_GUST_MAX",6.12765957446809
"2021-07-09 00:00:00","Fondo ERRANO","T0","AIR_HUM",61.01875
"2021-07-09 00:00:00","Fondo ERRANO","T0","BIP",-38.9992572445898
"2021-07-10 00:00:00","Fondo ERRANO","T0","SOLAR_RAD",331.576086956522
"2021-07-10 00:00:00","Fondo ERRANO","T0","BATTERY_TENS",3516.22916666667
"2021-07-10 00:00:00","Fondo ERRANO","T0","AIR_HUM",55.2416666666667
"2021-07-10 00:00:00","Fondo ERRANO","T0","WIND_SPEED",5.055
"2021-07-10 00:00:00","Fondo ERRANO","T0","AIR_TEMP",24.945625
"2021-07-10 00:00:00","Fondo ERRANO","T0","WIND_GUST_MAX",8.34
"2021-07-10 00:00:00","Fondo ERRANO","T0","WIND_DIRECTION",167.833333333333
"2021-07-10 00:00:00","Fondo ERRANO","T0","ET0",4.66220676761911
"2021-07-10 00:00:00","Fondo ERRANO","T0","BIG",-4.66220676761911
"2021-07-10 00:00:00","Fondo ERRANO","T0","BIP",-43.6614640122089
"2021-07-11 00:00:00","Fondo ERRANO","T0","WIND_DIRECTION",209.854166666667
"2021-07-11 00:00:00","Fondo ERRANO","T0","AIR_TEMP",26.740625
"2021-07-11 00:00:00","Fondo ERRANO","T0","BATTERY_TENS",3522.64583333333
"2021-07-11 00:00:00","Fondo ERRANO","T0","AIR_HUM",56.8041666666667
"2021-07-11 00:00:00","Fondo ERRANO","T0","ET0",4.48556132967545
"2021-07-11 00:00:00","Fondo ERRANO","T0","WIND_GUST_MAX",7.59
"2021-07-11 00:00:00","Fondo ERRANO","T0","SOLAR_RAD",327.210144927536
"2021-07-11 00:00:00","Fondo ERRANO","T0","WIND_SPEED",4.335
"2021-07-11 00:00:00","Fondo ERRANO","T0","BIG",-4.48556132967545
"2021-07-11 00:00:00","Fondo ERRANO","T0","BIP",-48.1470253418843
"2021-07-12 00:00:00","Fondo ERRANO","T0","BIG",-4.15147627745863
"2021-07-12 00:00:00","Fondo ERRANO","T0","WIND_DIRECTION",194.6875
"2021-07-12 00:00:00","Fondo ERRANO","T0","AIR_HUM",59.7021276595745
"2021-07-12 00:00:00","Fondo ERRANO","T0","BIP",-52.298501619343
"2021-07-12 00:00:00","Fondo ERRANO","T0","BATTERY_TENS",3526.08333333333
"2021-07-12 00:00:00","Fondo ERRANO","T0","WIND_GUST_MAX",7.5375
"2021-07-12 00:00:00","Fondo ERRANO","T0","SOLAR_RAD",287.946345975948
"2021-07-12 00:00:00","Fondo ERRANO","T0","WIND_SPEED",3.96
"2021-07-12 00:00:00","Fondo ERRANO","T0","ET0",4.15147627745863
"2021-07-12 00:00:00","Fondo ERRANO","T0","AIR_TEMP",27.0759574468085
"2021-07-13 00:00:00","Fondo ERRANO","T0","ETC",2.01553538871407
"2021-07-13 00:00:00","Fondo ERRANO","T0","SOLAR_RAD",154.474637681159
"2021-07-13 00:00:00","Fondo ERRANO","T0","AIR_TEMP",23.5452083333333
"2021-07-13 00:00:00","Fondo ERRANO","T0","AIR_HUM",69.5520833333333
"2021-07-13 00:00:00","Fondo ERRANO","T0","WIND_SPEED",3.3525
"2021-07-13 00:00:00","Fondo ERRANO","T0","BIP",-17.414037008057
"2021-07-13 00:00:00","Fondo ERRANO","T0","WIND_GUST_MAX",7.59
"2021-07-13 00:00:00","Fondo ERRANO","T0","BATTERY_TENS",3513.9375
"2021-07-13 00:00:00","Fondo ERRANO","T0","WIND_DIRECTION",207.1875
"2021-07-13 00:00:00","Fondo ERRANO","T0","BIG",34.8844646112859
"2021-07-13 00:00:00","Fondo ERRANO","T0","ET0",2.01553538871407
"2021-07-14 00:00:00","Fondo ERRANO","T0","BIG",-3.03438497348817
"2021-07-14 00:00:00","Fondo ERRANO","T0","BATTERY_TENS",3510.5
"2021-07-14 00:00:00","Fondo ERRANO","T0","SOLAR_RAD",257.364130434783
"2021-07-14 00:00:00","Fondo ERRANO","T0","WIND_DIRECTION",212.979166666667
"2021-07-14 00:00:00","Fondo ERRANO","T0","ETC",3.03438497348817
"2021-07-14 00:00:00","Fondo ERRANO","T0","WIND_GUST_MAX",10.3275
"2021-07-14 00:00:00","Fondo ERRANO","T0","WIND_SPEED",6.015
"2021-07-14 00:00:00","Fondo ERRANO","T0","AIR_HUM",62.1958333333333
"2021-07-14 00:00:00","Fondo ERRANO","T0","ET0",3.03438497348817
"2021-07-14 00:00:00","Fondo ERRANO","T0","BIP",-20.4484219815452
"2021-07-14 00:00:00","Fondo ERRANO","T0","AIR_TEMP",22.1345833333333
"2021-07-15 00:00:00","Fondo ERRANO","T0","ETC",2.71755023269077
"2021-07-15 00:00:00","Fondo ERRANO","T0","SOLAR_RAD",220.036231884058
"2021-07-15 00:00:00","Fondo ERRANO","T0","WIND_SPEED",2.1375
"2021-07-15 00:00:00","Fondo ERRANO","T0","WIND_GUST_MAX",5.2725
"2021-07-15 00:00:00","Fondo ERRANO","T0","ET0",2.71755023269077
"2021-07-15 00:00:00","Fondo ERRANO","T0","WIND_DIRECTION",220.0625
"2021-07-15 00:00:00","Fondo ERRANO","T0","BATTERY_TENS",3512.5625
"2021-07-15 00:00:00","Fondo ERRANO","T0","BIG",-2.71755023269077
"2021-07-15 00:00:00","Fondo ERRANO","T0","AIR_TEMP",22.8825
"2021-07-15 00:00:00","Fondo ERRANO","T0","BIP",-23.165972214236
"2021-07-15 00:00:00","Fondo ERRANO","T0","AIR_HUM",62.1729166666667
"2021-07-16 00:00:00","Fondo ERRANO","T0","AIR_HUM",83.38125
"2021-07-16 00:00:00","Fondo ERRANO","T0","WIND_DIRECTION",190.979166666667
"2021-07-16 00:00:00","Fondo ERRANO","T0","AIR_TEMP",20.0625
"2021-07-16 00:00:00","Fondo ERRANO","T0","BIP",-13.1803649931177
"2021-07-16 00:00:00","Fondo ERRANO","T0","ETC",0.814392778881755
"2021-07-16 00:00:00","Fondo ERRANO","T0","BATTERY_TENS",3503.85416666667
"2021-07-16 00:00:00","Fondo ERRANO","T0","ET0",0.814392778881755
"2021-07-16 00:00:00","Fondo ERRANO","T0","WIND_GUST_MAX",3.2925
"2021-07-16 00:00:00","Fondo ERRANO","T0","SOLAR_RAD",102.490942028986
"2021-07-16 00:00:00","Fondo ERRANO","T0","BIG",9.98560722111824
"2021-07-16 00:00:00","Fondo ERRANO","T0","WIND_SPEED",1.5075
"2021-07-17 00:00:00","Fondo ERRANO","T0","WIND_GUST_MAX",6.585
"2021-07-17 00:00:00","Fondo ERRANO","T0","AIR_TEMP",21.1695833333333
"2021-07-17 00:00:00","Fondo ERRANO","T0","ET0",0.880846106709712
"2021-07-17 00:00:00","Fondo ERRANO","T0","ETC",0.880846106709712
"2021-07-17 00:00:00","Fondo ERRANO","T0","AIR_HUM",79.8083333333334
"2021-07-17 00:00:00","Fondo ERRANO","T0","BIG",-0.080846106709711
"2021-07-17 00:00:00","Fondo ERRANO","T0","WIND_SPEED",4.0575
"2021-07-17 00:00:00","Fondo ERRANO","T0","BATTERY_TENS",3496.75
"2021-07-17 00:00:00","Fondo ERRANO","T0","SOLAR_RAD",90.3079710144928
"2021-07-17 00:00:00","Fondo ERRANO","T0","WIND_DIRECTION",226.125
"2021-07-17 00:00:00","Fondo ERRANO","T0","BIP",-13.2612110998274
"2021-07-18 00:00:00","Fondo ERRANO","T0","WIND_GUST_MAX",8.4675
"2021-07-18 00:00:00","Fondo ERRANO","T0","AIR_HUM",70.2625
"2021-07-18 00:00:00","Fondo ERRANO","T0","BIP",-16.1554234341734
"2021-07-18 00:00:00","Fondo ERRANO","T0","SOLAR_RAD",237.182971014493
"2021-07-18 00:00:00","Fondo ERRANO","T0","ETC",2.89421233434593
"2021-07-18 00:00:00","Fondo ERRANO","T0","ET0",2.89421233434593
"2021-07-18 00:00:00","Fondo ERRANO","T0","WIND_DIRECTION",170.541666666667
"2021-07-18 00:00:00","Fondo ERRANO","T0","BIG",-2.89421233434593
"2021-07-18 00:00:00","Fondo ERRANO","T0","BATTERY_TENS",3510.5
"2021-07-18 00:00:00","Fondo ERRANO","T0","AIR_TEMP",24.31625
"2021-07-18 00:00:00","Fondo ERRANO","T0","WIND_SPEED",4.9425
"2021-07-19 00:00:00","Fondo ERRANO","T0","BIG",-3.22837570115732
"2021-07-19 00:00:00","Fondo ERRANO","T0","BATTERY_TENS",3520.68085106383
"2021-07-19 00:00:00","Fondo ERRANO","T0","ET0",3.22837570115732
"2021-07-19 00:00:00","Fondo ERRANO","T0","WIND_GUST_MAX",6.97787234042553
"2021-07-19 00:00:00","Fondo ERRANO","T0","ETC",3.22837570115732
"2021-07-19 00:00:00","Fondo ERRANO","T0","SOLAR_RAD",268.722826086957
"2021-07-19 00:00:00","Fondo ERRANO","T0","WIND_DIRECTION",142.914893617021
"2021-07-19 00:00:00","Fondo ERRANO","T0","WIND_SPEED",4.09021276595745
"2021-07-19 00:00:00","Fondo ERRANO","T0","BIP",-19.3837991353307
"2021-07-19 00:00:00","Fondo ERRANO","T0","AIR_HUM",68.0458333333333
"2021-07-19 00:00:00","Fondo ERRANO","T0","AIR_TEMP",25.1902083333333
"2021-07-20 00:00:00","Fondo ERRANO","T0","WIND_DIRECTION",158.851063829787
"2021-07-20 00:00:00","Fondo ERRANO","T0","BATTERY_TENS",3517.87234042553
"2021-07-20 00:00:00","Fondo ERRANO","T0","AIR_HUM",61.3541666666667
"2021-07-20 00:00:00","Fondo ERRANO","T0","BIG",-4.13796947740335
"2021-07-20 00:00:00","Fondo ERRANO","T0","SOLAR_RAD",312.028985507246
"2021-07-20 00:00:00","Fondo ERRANO","T0","ET0",4.13796947740335
"2021-07-20 00:00:00","Fondo ERRANO","T0","WIND_SPEED",5.48425531914894
"2021-07-20 00:00:00","Fondo ERRANO","T0","ETC",4.13796947740335
"2021-07-20 00:00:00","Fondo ERRANO","T0","AIR_TEMP",25.8522916666667
"2021-07-20 00:00:00","Fondo ERRANO","T0","BIP",-23.521768612734
"2021-07-20 00:00:00","Fondo ERRANO","T0","WIND_GUST_MAX",8.50212765957446
"2021-07-21 00:00:00","Fondo ERRANO","T0","WIND_SPEED",4.935
"2021-07-21 00:00:00","Fondo ERRANO","T0","WIND_GUST_MAX",7.3125
"2021-07-21 00:00:00","Fondo ERRANO","T0","AIR_TEMP",26.1189583333333
"2021-07-21 00:00:00","Fondo ERRANO","T0","AIR_HUM",65.3625
"2021-07-21 00:00:00","Fondo ERRANO","T0","BATTERY_TENS",3521.72916666667
"2021-07-21 00:00:00","Fondo ERRANO","T0","ETC",3.557818879398
"2021-07-21 00:00:00","Fondo ERRANO","T0","ET0",3.557818879398
"2021-07-21 00:00:00","Fondo ERRANO","T0","BIP",-27.079587492132
"2021-07-21 00:00:00","Fondo ERRANO","T0","SOLAR_RAD",285.471014492754
"2021-07-21 00:00:00","Fondo ERRANO","T0","BIG",-3.557818879398
"2021-07-21 00:00:00","Fondo ERRANO","T0","WIND_DIRECTION",127.916666666667
"2021-07-22 00:00:00","Fondo ERRANO","T0","SOLAR_RAD",300.951086956522
"2021-07-22 00:00:00","Fondo ERRANO","T0","AIR_TEMP",25.370625
"2021-07-22 00:00:00","Fondo ERRANO","T0","BIP",-30.9671246020178
"2021-07-22 00:00:00","Fondo ERRANO","T0","AIR_HUM",66.2270833333334
"2021-07-22 00:00:00","Fondo ERRANO","T0","BIG",-3.88753710988571
"2021-07-22 00:00:00","Fondo ERRANO","T0","WIND_DIRECTION",122.770833333333
"2021-07-22 00:00:00","Fondo ERRANO","T0","WIND_GUST_MAX",7.5375
"2021-07-22 00:00:00","Fondo ERRANO","T0","BATTERY_TENS",3519.20833333333
"2021-07-22 00:00:00","Fondo ERRANO","T0","ET0",3.88753710988571
"2021-07-22 00:00:00","Fondo ERRANO","T0","ETC",3.88753710988571
"2021-07-22 00:00:00","Fondo ERRANO","T0","WIND_SPEED",4.125
"2021-07-23 00:00:00","Fondo ERRANO","T0","ET0",4.01520676303135
"2021-07-23 00:00:00","Fondo ERRANO","T0","AIR_HUM",70.1936170212766
"2021-07-23 00:00:00","Fondo ERRANO","T0","SOLAR_RAD",302.13691026827
"2021-07-23 00:00:00","Fondo ERRANO","T0","ETC",4.01520676303135
"2021-07-23 00:00:00","Fondo ERRANO","T0","WIND_SPEED",3.945
"2021-07-23 00:00:00","Fondo ERRANO","T0","WIND_GUST_MAX",6.5925
"2021-07-23 00:00:00","Fondo ERRANO","T0","WIND_DIRECTION",158.375
"2021-07-23 00:00:00","Fondo ERRANO","T0","BIG",-4.01520676303135
"2021-07-23 00:00:00","Fondo ERRANO","T0","AIR_TEMP",25.3776595744681
"2021-07-23 00:00:00","Fondo ERRANO","T0","BIP",-34.9823313650491
"2021-07-23 00:00:00","Fondo ERRANO","T0","BATTERY_TENS",3522.41666666667
"2021-07-24 00:00:00","Fondo ERRANO","T0","BIP",-38.8488919569997
"2021-07-24 00:00:00","Fondo ERRANO","T0","WIND_SPEED",2.235
"2021-07-24 00:00:00","Fondo ERRANO","T0","BATTERY_TENS",3522.41666666667
"2021-07-24 00:00:00","Fondo ERRANO","T0","BIG",-3.86656059195063
"2021-07-24 00:00:00","Fondo ERRANO","T0","AIR_TEMP",27.2797916666667
"2021-07-24 00:00:00","Fondo ERRANO","T0","WIND_GUST_MAX",5.2875
"2021-07-24 00:00:00","Fondo ERRANO","T0","ETC",3.86656059195063
"2021-07-24 00:00:00","Fondo ERRANO","T0","AIR_HUM",64.99375
"2021-07-24 00:00:00","Fondo ERRANO","T0","WIND_DIRECTION",201.645833333333
"2021-07-24 00:00:00","Fondo ERRANO","T0","ET0",3.86656059195063
"2021-07-24 00:00:00","Fondo ERRANO","T0","SOLAR_RAD",261.947463768116
"2021-07-25 00:00:00","Fondo ERRANO","T0","ETC",1.67437812739149
"2021-07-25 00:00:00","Fondo ERRANO","T0","SOLAR_RAD",130.951086956522
"2021-07-25 00:00:00","Fondo ERRANO","T0","WIND_SPEED",2.0475
"2021-07-25 00:00:00","Fondo ERRANO","T0","BIG",-1.67437812739149
"2021-07-25 00:00:00","Fondo ERRANO","T0","BATTERY_TENS",3516.45833333333
"2021-07-25 00:00:00","Fondo ERRANO","T0","AIR_HUM",59.7395833333333
"2021-07-25 00:00:00","Fondo ERRANO","T0","WIND_GUST_MAX",5.4975
"2021-07-25 00:00:00","Fondo ERRANO","T0","ET0",1.67437812739149
"2021-07-25 00:00:00","Fondo ERRANO","T0","WIND_DIRECTION",185.020833333333
"2021-07-25 00:00:00","Fondo ERRANO","T0","BIP",-40.5232700843912
"2021-07-25 00:00:00","Fondo ERRANO","T0","AIR_TEMP",26.1425
"2021-07-26 00:00:00","Fondo ERRANO","T0","AIR_HUM",65.1833333333333
"2021-07-26 00:00:00","Fondo ERRANO","T0","BIP",-43.5264807193259
"2021-07-26 00:00:00","Fondo ERRANO","T0","ET0",3.0032106349347
"2021-07-26 00:00:00","Fondo ERRANO","T0","ETC",3.0032106349347
"2021-07-26 00:00:00","Fondo ERRANO","T0","WIND_SPEED",3.435
"2021-07-26 00:00:00","Fondo ERRANO","T0","AIR_TEMP",26.7941666666667
"2021-07-26 00:00:00","Fondo ERRANO","T0","SOLAR_RAD",224.248188405797
"2021-07-26 00:00:00","Fondo ERRANO","T0","BATTERY_TENS",3522.64583333333
"2021-07-26 00:00:00","Fondo ERRANO","T0","WIND_GUST_MAX",6.66
"2021-07-26 00:00:00","Fondo ERRANO","T0","WIND_DIRECTION",149.0625
"2021-07-26 00:00:00","Fondo ERRANO","T0","BIG",-3.0032106349347
"2021-07-27 00:00:00","Fondo ERRANO","T0","BIG",-1.37377573807037
"2021-07-27 00:00:00","Fondo ERRANO","T0","AIR_TEMP",25.1729166666667
"2021-07-27 00:00:00","Fondo ERRANO","T0","SOLAR_RAD",181.440217391304
"2021-07-27 00:00:00","Fondo ERRANO","T0","ET0",2.37377573807037
"2021-07-27 00:00:00","Fondo ERRANO","T0","BATTERY_TENS",3516.6875
"2021-07-27 00:00:00","Fondo ERRANO","T0","WIND_DIRECTION",176.729166666667
"2021-07-27 00:00:00","Fondo ERRANO","T0","BIP",-44.9002564573963
"2021-07-27 00:00:00","Fondo ERRANO","T0","WIND_GUST_MAX",4.995
"2021-07-27 00:00:00","Fondo ERRANO","T0","ETC",2.37377573807037
"2021-07-27 00:00:00","Fondo ERRANO","T0","AIR_HUM",75.1729166666667
"2021-07-27 00:00:00","Fondo ERRANO","T0","WIND_SPEED",2.22
"2021-07-28 00:00:00","Fondo ERRANO","T0","BATTERY_TENS",3518.0625
"2021-07-28 00:00:00","Fondo ERRANO","T0","BIG",-3.52571750943781
"2021-07-28 00:00:00","Fondo ERRANO","T0","WIND_SPEED",3.0375
"2021-07-28 00:00:00","Fondo ERRANO","T0","ETC",3.52571750943781
"2021-07-28 00:00:00","Fondo ERRANO","T0","AIR_HUM",72.0541666666666
"2021-07-28 00:00:00","Fondo ERRANO","T0","SOLAR_RAD",240.625
"2021-07-28 00:00:00","Fondo ERRANO","T0","BIP",-48.4259739668341
"2021-07-28 00:00:00","Fondo ERRANO","T0","AIR_TEMP",25.6366666666667
"2021-07-28 00:00:00","Fondo ERRANO","T0","WIND_GUST_MAX",5.7975
"2021-07-28 00:00:00","Fondo ERRANO","T0","ET0",3.52571750943781
"2021-07-28 00:00:00","Fondo ERRANO","T0","WIND_DIRECTION",188.854166666667
"2021-07-29 00:00:00","Fondo ERRANO","T0","WIND_SPEED",4.3575
"2021-07-29 00:00:00","Fondo ERRANO","T0","BIG",-4.40144017923815
"2021-07-29 00:00:00","Fondo ERRANO","T0","AIR_HUM",66.925
"2021-07-29 00:00:00","Fondo ERRANO","T0","WIND_DIRECTION",141.395833333333
"2021-07-29 00:00:00","Fondo ERRANO","T0","ET0",4.40144017923815
"2021-07-29 00:00:00","Fondo ERRANO","T0","ETC",4.40144017923815
"2021-07-29 00:00:00","Fondo ERRANO","T0","AIR_TEMP",26.2447916666667
"2021-07-29 00:00:00","Fondo ERRANO","T0","BATTERY_TENS",3524.25
"2021-07-29 00:00:00","Fondo ERRANO","T0","SOLAR_RAD",304.538043478261
"2021-07-29 00:00:00","Fondo ERRANO","T0","BIP",-52.8274141460723
"2021-07-29 00:00:00","Fondo ERRANO","T0","WIND_GUST_MAX",6.93
"2021-07-30 00:00:00","Fondo ERRANO","T0","SOLAR_RAD",295.588768115942
"2021-07-30 00:00:00","Fondo ERRANO","T0","ETC",4.7138946241411
"2021-07-30 00:00:00","Fondo ERRANO","T0","WIND_DIRECTION",187.270833333333
"2021-07-30 00:00:00","Fondo ERRANO","T0","BIG",-4.7138946241411
"2021-07-30 00:00:00","Fondo ERRANO","T0","AIR_TEMP",28.3310416666667
"2021-07-30 00:00:00","Fondo ERRANO","T0","BIP",-57.5413087702134
"2021-07-30 00:00:00","Fondo ERRANO","T0","AIR_HUM",53.34375
"2021-07-30 00:00:00","Fondo ERRANO","T0","ET0",4.7138946241411
"2021-07-30 00:00:00","Fondo ERRANO","T0","BATTERY_TENS",3521.5
"2021-07-30 00:00:00","Fondo ERRANO","T0","WIND_GUST_MAX",7.9275
"2021-07-30 00:00:00","Fondo ERRANO","T0","WIND_SPEED",4.44
"2021-07-31 00:00:00","Fondo ERRANO","T0","ETC",4.56957592504288
"2021-07-31 00:00:00","Fondo ERRANO","T0","AIR_TEMP",27.6489583333333
"2021-07-31 00:00:00","Fondo ERRANO","T0","SOLAR_RAD",277.916666666667
"2021-07-31 00:00:00","Fondo ERRANO","T0","BIP",-62.1108846952562
"2021-07-31 00:00:00","Fondo ERRANO","T0","BIG",-4.56957592504288
"2021-07-31 00:00:00","Fondo ERRANO","T0","BATTERY_TENS",3522.875
"2021-07-31 00:00:00","Fondo ERRANO","T0","WIND_SPEED",3.0525
"2021-07-31 00:00:00","Fondo ERRANO","T0","WIND_DIRECTION",216.145833333333
"2021-07-31 00:00:00","Fondo ERRANO","T0","AIR_HUM",57.5875
"2021-07-31 00:00:00","Fondo ERRANO","T0","ET0",4.56957592504288
"2021-07-31 00:00:00","Fondo ERRANO","T0","WIND_GUST_MAX",6.54
"2021-08-01 00:00:00","Fondo ERRANO","T0","AIR_TEMP",26.144375
"2021-08-01 00:00:00","Fondo ERRANO","T0","BIP",-56.4058991273669
"2021-08-01 00:00:00","Fondo ERRANO","T0","BATTERY_TENS",3518.0625
"2021-08-01 00:00:00","Fondo ERRANO","T0","WIND_SPEED",6.675
"2021-08-01 00:00:00","Fondo ERRANO","T0","ETC",3.29501443211063
"2021-08-01 00:00:00","Fondo ERRANO","T0","WIND_DIRECTION",219.375
"2021-08-01 00:00:00","Fondo ERRANO","T0","ET0",3.29501443211063
"2021-08-01 00:00:00","Fondo ERRANO","T0","WIND_GUST_MAX",11.4225
"2021-08-01 00:00:00","Fondo ERRANO","T0","BIG",5.70498556788937
"2021-08-01 00:00:00","Fondo ERRANO","T0","SOLAR_RAD",278.967391304348
"2021-08-01 00:00:00","Fondo ERRANO","T0","AIR_HUM",63.4208333333333
"2021-08-02 00:00:00","Fondo ERRANO","T0","SOLAR_RAD",280.795559666975
"2021-08-02 00:00:00","Fondo ERRANO","T0","BIP",-59.9865560007461
"2021-08-02 00:00:00","Fondo ERRANO","T0","AIR_HUM",55.7234042553192
"2021-08-02 00:00:00","Fondo ERRANO","T0","BIG",-3.58065687337921
"2021-08-02 00:00:00","Fondo ERRANO","T0","BATTERY_TENS",3508.20833333333
"2021-08-02 00:00:00","Fondo ERRANO","T0","AIR_TEMP",24.3846808510638
"2021-08-02 00:00:00","Fondo ERRANO","T0","ET0",3.58065687337921
"2021-08-02 00:00:00","Fondo ERRANO","T0","WIND_GUST_MAX",10.4775
"2021-08-02 00:00:00","Fondo ERRANO","T0","WIND_SPEED",6.24
"2021-08-02 00:00:00","Fondo ERRANO","T0","ETC",3.58065687337921
"2021-08-02 00:00:00","Fondo ERRANO","T0","WIND_DIRECTION",238.9375
"2021-08-03 00:00:00","Fondo ERRANO","T0","BIP",-64.1532916667931
"2021-08-03 00:00:00","Fondo ERRANO","T0","WIND_DIRECTION",205.666666666667
"2021-08-03 00:00:00","Fondo ERRANO","T0","AIR_HUM",57.1416666666667
"2021-08-03 00:00:00","Fondo ERRANO","T0","ETC",4.166735666047
"2021-08-03 00:00:00","Fondo ERRANO","T0","SOLAR_RAD",295.371376811594
"2021-08-03 00:00:00","Fondo ERRANO","T0","WIND_GUST_MAX",9.2025
"2021-08-03 00:00:00","Fondo ERRANO","T0","AIR_TEMP",23.4629166666667
"2021-08-03 00:00:00","Fondo ERRANO","T0","ET0",4.166735666047
"2021-08-03 00:00:00","Fondo ERRANO","T0","WIND_SPEED",5.685
"2021-08-03 00:00:00","Fondo ERRANO","T0","BIG",-4.166735666047
"2021-08-03 00:00:00","Fondo ERRANO","T0","BATTERY_TENS",3510.95833333333
"2021-08-04 00:00:00","Fondo ERRANO","T0","ET0",1.79505627024146
"2021-08-04 00:00:00","Fondo ERRANO","T0","AIR_TEMP",24.1477083333333
"2021-08-04 00:00:00","Fondo ERRANO","T0","BATTERY_TENS",3506.83333333333
"2021-08-04 00:00:00","Fondo ERRANO","T0","WIND_DIRECTION",227.083333333333
"2021-08-04 00:00:00","Fondo ERRANO","T0","SOLAR_RAD",139.719202898551
"2021-08-04 00:00:00","Fondo ERRANO","T0","WIND_SPEED",3.09
"2021-08-04 00:00:00","Fondo ERRANO","T0","BIG",-1.79505627024146
"2021-08-04 00:00:00","Fondo ERRANO","T0","AIR_HUM",60.0666666666667
"2021-08-04 00:00:00","Fondo ERRANO","T0","BIP",-65.9483479370345
"2021-08-04 00:00:00","Fondo ERRANO","T0","ETC",1.79505627024146
"2021-08-04 00:00:00","Fondo ERRANO","T0","WIND_GUST_MAX",5.8575
"2021-08-05 00:00:00","Fondo ERRANO","T0","ET0",3.02800955780358
"2021-08-05 00:00:00","Fondo ERRANO","T0","ETC",3.02800955780358
"2021-08-05 00:00:00","Fondo ERRANO","T0","BIG",-3.02800955780358
"2021-08-05 00:00:00","Fondo ERRANO","T0","SOLAR_RAD",290.625
"2021-08-05 00:00:00","Fondo ERRANO","T0","BATTERY_TENS",3514.85416666667
"2021-08-05 00:00:00","Fondo ERRANO","T0","WIND_SPEED",9.8625
"2021-08-05 00:00:00","Fondo ERRANO","T0","WIND_DIRECTION",226.9375
"2021-08-05 00:00:00","Fondo ERRANO","T0","BIP",-68.9763574948381
"2021-08-05 00:00:00","Fondo ERRANO","T0","AIR_HUM",57.1708333333333
"2021-08-05 00:00:00","Fondo ERRANO","T0","AIR_TEMP",25.445625
"2021-08-05 00:00:00","Fondo ERRANO","T0","WIND_GUST_MAX",14.925
"2021-08-06 00:00:00","Fondo ERRANO","T0","AIR_HUM",57.2063829787234
"2021-08-06 00:00:00","Fondo ERRANO","T0","AIR_TEMP",26.2653191489362
"2021-08-06 00:00:00","Fondo ERRANO","T0","BIG",-3.4920932072767
"2021-08-06 00:00:00","Fondo ERRANO","T0","SOLAR_RAD",299.278445883441
"2021-08-06 00:00:00","Fondo ERRANO","T0","BATTERY_TENS",3520.58333333333
"2021-08-06 00:00:00","Fondo ERRANO","T0","ET0",3.4920932072767
"2021-08-06 00:00:00","Fondo ERRANO","T0","ETC",3.4920932072767
"2021-08-06 00:00:00","Fondo ERRANO","T0","BIP",-72.4684507021148
"2021-08-06 00:00:00","Fondo ERRANO","T0","WIND_GUST_MAX",13.3125
"2021-08-06 00:00:00","Fondo ERRANO","T0","WIND_SPEED",8.97
"2021-08-06 00:00:00","Fondo ERRANO","T0","WIND_DIRECTION",216.416666666667
"2021-08-07 00:00:00","Fondo ERRANO","T0","AIR_HUM",58.4333333333333
"2021-08-07 00:00:00","Fondo ERRANO","T0","WIND_DIRECTION",197.895833333333
"2021-08-07 00:00:00","Fondo ERRANO","T0","WIND_GUST_MAX",7.5675
"2021-08-07 00:00:00","Fondo ERRANO","T0","WIND_SPEED",3.8925
"2021-08-07 00:00:00","Fondo ERRANO","T0","BATTERY_TENS",3516.45833333333
"2021-08-07 00:00:00","Fondo ERRANO","T0","BIP",-76.5130147002907
"2021-08-07 00:00:00","Fondo ERRANO","T0","ET0",4.04456399817583
"2021-08-07 00:00:00","Fondo ERRANO","T0","ETC",4.04456399817583
"2021-08-07 00:00:00","Fondo ERRANO","T0","AIR_TEMP",26.6064583333333
"2021-08-07 00:00:00","Fondo ERRANO","T0","BIG",-4.04456399817583
"2021-08-07 00:00:00","Fondo ERRANO","T0","SOLAR_RAD",260.615942028986
"2021-08-08 00:00:00","Fondo ERRANO","T0","SOLAR_RAD",284.510869565217
"2021-08-08 00:00:00","Fondo ERRANO","T0","BIG",-3.82593042373645
"2021-08-08 00:00:00","Fondo ERRANO","T0","WIND_DIRECTION",230.770833333333
"2021-08-08 00:00:00","Fondo ERRANO","T0","WIND_SPEED",5.6325
"2021-08-08 00:00:00","Fondo ERRANO","T0","BATTERY_TENS",3523.10416666667
"2021-08-08 00:00:00","Fondo ERRANO","T0","BIP",-80.3389451240271
"2021-08-08 00:00:00","Fondo ERRANO","T0","WIND_GUST_MAX",10.2525
"2021-08-08 00:00:00","Fondo ERRANO","T0","ETC",3.82593042373645
"2021-08-08 00:00:00","Fondo ERRANO","T0","AIR_TEMP",28.4864583333333
"2021-08-08 00:00:00","Fondo ERRANO","T0","ET0",3.82593042373645
"2021-08-08 00:00:00","Fondo ERRANO","T0","AIR_HUM",49.0333333333334
"2021-08-09 00:00:00","Fondo ERRANO","T0","BATTERY_TENS",3517.375
"2021-08-09 00:00:00","Fondo ERRANO","T0","ETC",4.55094714435205
"2021-08-09 00:00:00","Fondo ERRANO","T0","ET0",4.55094714435205
"2021-08-09 00:00:00","Fondo ERRANO","T0","WIND_SPEED",4.3425
"2021-08-09 00:00:00","Fondo ERRANO","T0","AIR_TEMP",26.1923404255319
"2021-08-09 00:00:00","Fondo ERRANO","T0","AIR_HUM",54.0702127659575
"2021-08-09 00:00:00","Fondo ERRANO","T0","WIND_GUST_MAX",7.575
"2021-08-09 00:00:00","Fondo ERRANO","T0","BIP",-84.8898922683792
"2021-08-09 00:00:00","Fondo ERRANO","T0","BIG",-4.55094714435205
"2021-08-09 00:00:00","Fondo ERRANO","T0","WIND_DIRECTION",194.6875
"2021-08-09 00:00:00","Fondo ERRANO","T0","SOLAR_RAD",283.533765032377
"2021-08-10 00:00:00","Fondo ERRANO","T0","AIR_HUM",62.7333333333333
"2021-08-10 00:00:00","Fondo ERRANO","T0","WIND_SPEED",3.0375
"2021-08-10 00:00:00","Fondo ERRANO","T0","ET0",3.06819216155266
"2021-08-10 00:00:00","Fondo ERRANO","T0","ETC",3.06819216155266
"2021-08-10 00:00:00","Fondo ERRANO","T0","WIND_GUST_MAX",5.9625
"2021-08-10 00:00:00","Fondo ERRANO","T0","SOLAR_RAD",224.221014492754
"2021-08-10 00:00:00","Fondo ERRANO","T0","BIG",-3.06819216155266
"2021-08-10 00:00:00","Fondo ERRANO","T0","AIR_TEMP",25.3760416666667
"2021-08-10 00:00:00","Fondo ERRANO","T0","WIND_DIRECTION",164.354166666667
"2021-08-10 00:00:00","Fondo ERRANO","T0","BATTERY_TENS",3513.47916666667
"2021-08-10 00:00:00","Fondo ERRANO","T0","BIP",-87.9580844299318
"2021-08-11 00:00:00","Fondo ERRANO","T0","AIR_TEMP",27.6793617021277
"2021-08-11 00:00:00","Fondo ERRANO","T0","WIND_DIRECTION",193.916666666667
"2021-08-11 00:00:00","Fondo ERRANO","T0","ETC",4.0267312988458
"2021-08-11 00:00:00","Fondo ERRANO","T0","SOLAR_RAD",283.404255319149
"2021-08-11 00:00:00","Fondo ERRANO","T0","AIR_HUM",62.031914893617
"2021-08-11 00:00:00","Fondo ERRANO","T0","WIND_SPEED",4.1175
"2021-08-11 00:00:00","Fondo ERRANO","T0","BIP",-91.9848157287776
"2021-08-11 00:00:00","Fondo ERRANO","T0","BIG",-4.0267312988458
"2021-08-11 00:00:00","Fondo ERRANO","T0","ET0",4.0267312988458
"2021-08-11 00:00:00","Fondo ERRANO","T0","BATTERY_TENS",3523.5625
"2021-08-11 00:00:00","Fondo ERRANO","T0","WIND_GUST_MAX",6.825
"2021-08-12 00:00:00","Fondo ERRANO","T0","SOLAR_RAD",289.538043478261
"2021-08-12 00:00:00","Fondo ERRANO","T0","ET0",4.18953148202436
"2021-08-12 00:00:00","Fondo ERRANO","T0","AIR_TEMP",27.486875
"2021-08-12 00:00:00","Fondo ERRANO","T0","AIR_HUM",62.1770833333333
"2021-08-12 00:00:00","Fondo ERRANO","T0","BIP",-96.174347210802
"2021-08-12 00:00:00","Fondo ERRANO","T0","WIND_GUST_MAX",8.34893617021277
"2021-08-12 00:00:00","Fondo ERRANO","T0","ETC",4.18953148202436
"2021-08-12 00:00:00","Fondo ERRANO","T0","BATTERY_TENS",3519.97872340426
"2021-08-12 00:00:00","Fondo ERRANO","T0","BIG",-4.18953148202436
"2021-08-12 00:00:00","Fondo ERRANO","T0","WIND_DIRECTION",135.659574468085
"2021-08-12 00:00:00","Fondo ERRANO","T0","WIND_SPEED",5.07829787234043
"2021-08-13 00:00:00","Fondo ERRANO","T0","WIND_GUST_MAX",6.9
"2021-08-13 00:00:00","Fondo ERRANO","T0","BIG",-3.51931809362565
"2021-08-13 00:00:00","Fondo ERRANO","T0","ETC",3.51931809362565
"2021-08-13 00:00:00","Fondo ERRANO","T0","WIND_DIRECTION",160.75
"2021-08-13 00:00:00","Fondo ERRANO","T0","AIR_HUM",62.825
"2021-08-13 00:00:00","Fondo ERRANO","T0","BIP",-99.6936653044276
"2021-08-13 00:00:00","Fondo ERRANO","T0","SOLAR_RAD",254.103260869565
"2021-08-13 00:00:00","Fondo ERRANO","T0","AIR_TEMP",27.5477083333333
"2021-08-13 00:00:00","Fondo ERRANO","T0","ET0",3.51931809362565
"2021-08-13 00:00:00","Fondo ERRANO","T0","WIND_SPEED",4.2375
"2021-08-13 00:00:00","Fondo ERRANO","T0","BATTERY_TENS",3520.58333333333
"2021-08-14 00:00:00","Fondo ERRANO","T0","WIND_DIRECTION",150.851063829787
"2021-08-14 00:00:00","Fondo ERRANO","T0","BATTERY_TENS",3524.68085106383
"2021-08-14 00:00:00","Fondo ERRANO","T0","ET0",4.33222148492839
"2021-08-14 00:00:00","Fondo ERRANO","T0","AIR_HUM",54.1291666666667
"2021-08-14 00:00:00","Fondo ERRANO","T0","BIG",-4.33222148492839
"2021-08-14 00:00:00","Fondo ERRANO","T0","WIND_SPEED",5.4
"2021-08-14 00:00:00","Fondo ERRANO","T0","ETC",4.33222148492839
"2021-08-14 00:00:00","Fondo ERRANO","T0","WIND_GUST_MAX",8.26468085106383
"2021-08-14 00:00:00","Fondo ERRANO","T0","BIP",-104.025886789356
"2021-08-14 00:00:00","Fondo ERRANO","T0","SOLAR_RAD",286.150362318841
"2021-08-14 00:00:00","Fondo ERRANO","T0","AIR_TEMP",28.225625
"2021-08-15 00:00:00","Fondo ERRANO","T0","WIND_SPEED",5.1906976744186
"2021-08-15 00:00:00","Fondo ERRANO","T0","WIND_DIRECTION",174.697674418605
"2021-08-15 00:00:00","Fondo ERRANO","T0","WIND_GUST_MAX",8.75720930232558
"2021-08-15 00:00:00","Fondo ERRANO","T0","BATTERY_TENS",3529.13953488372
"2021-08-15 00:00:00","Fondo ERRANO","T0","AIR_HUM",51.9279069767442
"2021-08-15 00:00:00","Fondo ERRANO","T0","AIR_TEMP",29.9209302325581
"2021-08-15 00:00:00","Fondo ERRANO","T0","SOLAR_RAD",307.755308392316
"2021-08-16 00:00:00","Fondo ERRANO","T0","WIND_SPEED",6.6675
"2021-08-16 00:00:00","Fondo ERRANO","T0","AIR_TEMP",30.489375
"2021-08-16 00:00:00","Fondo ERRANO","T0","BIP",-113.33386755876
"2021-08-16 00:00:00","Fondo ERRANO","T0","BIG",-4.42616646725654
"2021-08-16 00:00:00","Fondo ERRANO","T0","ET0",4.42616646725654
"2021-08-16 00:00:00","Fondo ERRANO","T0","WIND_DIRECTION",229.270833333333
"2021-08-16 00:00:00","Fondo ERRANO","T0","ETC",4.42616646725654
"2021-08-16 00:00:00","Fondo ERRANO","T0","SOLAR_RAD",275.652173913043
"2021-08-16 00:00:00","Fondo ERRANO","T0","BATTERY_TENS",3521.27083333333
"2021-08-16 00:00:00","Fondo ERRANO","T0","WIND_GUST_MAX",10.4775
"2021-08-16 00:00:00","Fondo ERRANO","T0","AIR_HUM",46.1125
"2021-08-17 00:00:00","Fondo ERRANO","T0","SOLAR_RAD",273.949275362319
"2021-08-17 00:00:00","Fondo ERRANO","T0","AIR_HUM",59.0145833333333
"2021-08-17 00:00:00","Fondo ERRANO","T0","BATTERY_TENS",3519.66666666667
"2021-08-17 00:00:00","Fondo ERRANO","T0","WIND_SPEED",4.365
"2021-08-17 00:00:00","Fondo ERRANO","T0","AIR_TEMP",25.8152083333333
"2021-08-17 00:00:00","Fondo ERRANO","T0","WIND_GUST_MAX",7.4475
"2021-08-17 00:00:00","Fondo ERRANO","T0","WIND_DIRECTION",167.916666666667
"2021-08-17 00:00:00","Fondo ERRANO","T0","BIP",-116.936508158082
"2021-08-17 00:00:00","Fondo ERRANO","T0","BIG",-3.60264059932214
"2021-08-17 00:00:00","Fondo ERRANO","T0","ETC",3.60264059932214
"2021-08-17 00:00:00","Fondo ERRANO","T0","ET0",3.60264059932214
"2021-08-18 00:00:00","Fondo ERRANO","T0","WIND_GUST_MAX",7.305
"2021-08-18 00:00:00","Fondo ERRANO","T0","ETC",2.88556249028125
"2021-08-18 00:00:00","Fondo ERRANO","T0","WIND_SPEED",4.0725
"2021-08-18 00:00:00","Fondo ERRANO","T0","AIR_HUM",70.1791666666667
"2021-08-18 00:00:00","Fondo ERRANO","T0","AIR_TEMP",22.5589583333333
"2021-08-18 00:00:00","Fondo ERRANO","T0","ET0",2.88556249028125
"2021-08-18 00:00:00","Fondo ERRANO","T0","BATTERY_TENS",3512.33333333333
"2021-08-18 00:00:00","Fondo ERRANO","T0","BIP",-119.822070648364
"2021-08-18 00:00:00","Fondo ERRANO","T0","BIG",-2.88556249028125
"2021-08-18 00:00:00","Fondo ERRANO","T0","SOLAR_RAD",233.686594202899
"2021-08-18 00:00:00","Fondo ERRANO","T0","WIND_DIRECTION",152.583333333333
"2021-08-19 00:00:00","Fondo ERRANO","T0","WIND_GUST_MAX",8.34
"2021-08-19 00:00:00","Fondo ERRANO","T0","BIG",-3.66415527143648
"2021-08-19 00:00:00","Fondo ERRANO","T0","AIR_HUM",63.1708333333333
"2021-08-19 00:00:00","Fondo ERRANO","T0","ET0",3.66415527143648
"2021-08-19 00:00:00","Fondo ERRANO","T0","SOLAR_RAD",281.829710144928
"2021-08-19 00:00:00","Fondo ERRANO","T0","AIR_TEMP",22.5675
"2021-08-19 00:00:00","Fondo ERRANO","T0","WIND_SPEED",4.8
"2021-08-19 00:00:00","Fondo ERRANO","T0","BIP",-123.4862259198
"2021-08-19 00:00:00","Fondo ERRANO","T0","WIND_DIRECTION",140.625
"2021-08-19 00:00:00","Fondo ERRANO","T0","BATTERY_TENS",3509.35416666667
"2021-08-19 00:00:00","Fondo ERRANO","T0","ETC",3.66415527143648
"2021-08-20 00:00:00","Fondo ERRANO","T0","ET0",3.53174579409626
"2021-08-20 00:00:00","Fondo ERRANO","T0","BATTERY_TENS",3516.22916666667
"2021-08-20 00:00:00","Fondo ERRANO","T0","WIND_SPEED",4.965
"2021-08-20 00:00:00","Fondo ERRANO","T0","AIR_TEMP",23.995
"2021-08-20 00:00:00","Fondo ERRANO","T0","BIP",-127.017971713896
"2021-08-20 00:00:00","Fondo ERRANO","T0","AIR_HUM",58.5145833333333
"2021-08-20 00:00:00","Fondo ERRANO","T0","WIND_GUST_MAX",7.7325
"2021-08-20 00:00:00","Fondo ERRANO","T0","ETC",3.53174579409626
"2021-08-20 00:00:00","Fondo ERRANO","T0","SOLAR_RAD",274.365942028986
"2021-08-20 00:00:00","Fondo ERRANO","T0","BIG",-3.53174579409626
"2021-08-20 00:00:00","Fondo ERRANO","T0","WIND_DIRECTION",145.104166666667
"2021-08-21 00:00:00","Fondo ERRANO","T0","BATTERY_TENS",3517.14583333333
"2021-08-21 00:00:00","Fondo ERRANO","T0","AIR_HUM",56.6354166666667
"2021-08-21 00:00:00","Fondo ERRANO","T0","WIND_DIRECTION",152.354166666667
"2021-08-21 00:00:00","Fondo ERRANO","T0","BIG",-3.77851667929924
"2021-08-21 00:00:00","Fondo ERRANO","T0","SOLAR_RAD",270.199275362319
"2021-08-21 00:00:00","Fondo ERRANO","T0","BIP",-130.796488393196
"2021-08-21 00:00:00","Fondo ERRANO","T0","AIR_TEMP",25.4414583333333
"2021-08-21 00:00:00","Fondo ERRANO","T0","ETC",3.77851667929924
"2021-08-21 00:00:00","Fondo ERRANO","T0","ET0",3.77851667929924
"2021-08-21 00:00:00","Fondo ERRANO","T0","WIND_SPEED",4.8075
"2021-08-21 00:00:00","Fondo ERRANO","T0","WIND_GUST_MAX",7.47
"2021-08-22 00:00:00","Fondo ERRANO","T0","WIND_GUST_MAX",9.53617021276596
"2021-08-22 00:00:00","Fondo ERRANO","T0","ETC",3.63733401354016
"2021-08-22 00:00:00","Fondo ERRANO","T0","SOLAR_RAD",252.553191489362
"2021-08-22 00:00:00","Fondo ERRANO","T0","BATTERY_TENS",3518.10638297872
"2021-08-22 00:00:00","Fondo ERRANO","T0","WIND_DIRECTION",185.255319148936
"2021-08-22 00:00:00","Fondo ERRANO","T0","AIR_HUM",54.268085106383
"2021-08-22 00:00:00","Fondo ERRANO","T0","AIR_TEMP",27.3129787234043
"2021-08-22 00:00:00","Fondo ERRANO","T0","BIP",-134.433822406736
"2021-08-22 00:00:00","Fondo ERRANO","T0","WIND_SPEED",6.24255319148936
"2021-08-22 00:00:00","Fondo ERRANO","T0","ET0",3.63733401354016
"2021-08-22 00:00:00","Fondo ERRANO","T0","BIG",-3.63733401354016
"2021-08-23 00:00:00","Fondo ERRANO","T0","ETC",1.56351523993783
"2021-08-23 00:00:00","Fondo ERRANO","T0","AIR_TEMP",23.77625
"2021-08-23 00:00:00","Fondo ERRANO","T0","AIR_HUM",73.0458333333333
"2021-08-23 00:00:00","Fondo ERRANO","T0","SOLAR_RAD",147.86231884058
"2021-08-23 00:00:00","Fondo ERRANO","T0","WIND_DIRECTION",209.510638297872
"2021-08-23 00:00:00","Fondo ERRANO","T0","WIND_GUST_MAX",6.64851063829787
"2021-08-23 00:00:00","Fondo ERRANO","T0","BATTERY_TENS",3513.65957446808
"2021-08-23 00:00:00","Fondo ERRANO","T0","WIND_SPEED",3.17106382978723
"2021-08-23 00:00:00","Fondo ERRANO","T0","BIG",13.6364847600622
"2021-08-23 00:00:00","Fondo ERRANO","T0","BIP",-120.797337646674
"2021-08-23 00:00:00","Fondo ERRANO","T0","ET0",1.56351523993783
"2021-08-24 00:00:00","Fondo ERRANO","T0","BIP",-123.26504646883
"2021-08-24 00:00:00","Fondo ERRANO","T0","SOLAR_RAD",220.166512488437
"2021-08-24 00:00:00","Fondo ERRANO","T0","WIND_DIRECTION",183.916666666667
"2021-08-24 00:00:00","Fondo ERRANO","T0","ET0",2.46770882215595
"2021-08-24 00:00:00","Fondo ERRANO","T0","AIR_TEMP",22.6508510638298
"2021-08-24 00:00:00","Fondo ERRANO","T0","BIG",-2.46770882215595
"2021-08-24 00:00:00","Fondo ERRANO","T0","WIND_SPEED",2.4375
"2021-08-24 00:00:00","Fondo ERRANO","T0","WIND_GUST_MAX",5.505
"2021-08-24 00:00:00","Fondo ERRANO","T0","AIR_HUM",75.068085106383
"2021-08-24 00:00:00","Fondo ERRANO","T0","BATTERY_TENS",3511.875
"2021-08-24 00:00:00","Fondo ERRANO","T0","ETC",2.46770882215595
"2021-08-25 00:00:00","Fondo ERRANO","T0","ET0",2.38390195057444
"2021-08-25 00:00:00","Fondo ERRANO","T0","WIND_DIRECTION",144.291666666667
"2021-08-25 00:00:00","Fondo ERRANO","T0","AIR_HUM",71.9583333333333
"2021-08-25 00:00:00","Fondo ERRANO","T0","BIG",-2.38390195057444
"2021-08-25 00:00:00","Fondo ERRANO","T0","WIND_GUST_MAX",7.1025
"2021-08-25 00:00:00","Fondo ERRANO","T0","BIP",-125.648948419404
"2021-08-25 00:00:00","Fondo ERRANO","T0","ETC",2.38390195057444
"2021-08-25 00:00:00","Fondo ERRANO","T0","BATTERY_TENS",3505.45833333333
"2021-08-25 00:00:00","Fondo ERRANO","T0","SOLAR_RAD",224.239130434783
"2021-08-25 00:00:00","Fondo ERRANO","T0","WIND_SPEED",4.4475
"2021-08-25 00:00:00","Fondo ERRANO","T0","AIR_TEMP",20.9839583333333
"2021-08-26 00:00:00","Fondo ERRANO","T0","ETC",3.40499338494412
"2021-08-26 00:00:00","Fondo ERRANO","T0","AIR_HUM",61.6791666666667
"2021-08-26 00:00:00","Fondo ERRANO","T0","WIND_DIRECTION",164.041666666667
"2021-08-26 00:00:00","Fondo ERRANO","T0","WIND_SPEED",4.68
"2021-08-26 00:00:00","Fondo ERRANO","T0","AIR_TEMP",22.709375
"2021-08-26 00:00:00","Fondo ERRANO","T0","ET0",3.40499338494412
"2021-08-26 00:00:00","Fondo ERRANO","T0","BIG",-3.40499338494412
"2021-08-26 00:00:00","Fondo ERRANO","T0","SOLAR_RAD",247.327898550725
"2021-08-26 00:00:00","Fondo ERRANO","T0","BATTERY_TENS",3504.77083333333
"2021-08-26 00:00:00","Fondo ERRANO","T0","WIND_GUST_MAX",8.49
"2021-08-26 00:00:00","Fondo ERRANO","T0","BIP",-129.053941804348
"2021-08-27 00:00:00","Fondo ERRANO","T0","WIND_DIRECTION",120.645833333333
"2021-08-27 00:00:00","Fondo ERRANO","T0","SOLAR_RAD",44.7826086956522
"2021-08-27 00:00:00","Fondo ERRANO","T0","BIP",-125.999310168219
"2021-08-27 00:00:00","Fondo ERRANO","T0","WIND_GUST_MAX",6.57
"2021-08-27 00:00:00","Fondo ERRANO","T0","AIR_TEMP",19.7408333333333
"2021-08-27 00:00:00","Fondo ERRANO","T0","ET0",0.345368363870545
"2021-08-27 00:00:00","Fondo ERRANO","T0","WIND_SPEED",3.645
"2021-08-27 00:00:00","Fondo ERRANO","T0","BATTERY_TENS",3493.54166666667
"2021-08-27 00:00:00","Fondo ERRANO","T0","ETC",0.345368363870545
"2021-08-27 00:00:00","Fondo ERRANO","T0","AIR_HUM",81.2583333333333
"2021-08-27 00:00:00","Fondo ERRANO","T0","BIG",3.05463163612946
"2021-08-28 00:00:00","Fondo ERRANO","T0","ET0",1.24067418894631
"2021-08-28 00:00:00","Fondo ERRANO","T0","BIP",-120.639984357165
"2021-08-28 00:00:00","Fondo ERRANO","T0","BIG",5.35932581105369
"2021-08-28 00:00:00","Fondo ERRANO","T0","WIND_GUST_MAX",4.8675
"2021-08-28 00:00:00","Fondo ERRANO","T0","AIR_HUM",84.8916666666667
"2021-08-28 00:00:00","Fondo ERRANO","T0","SOLAR_RAD",133.30615942029
"2021-08-28 00:00:00","Fondo ERRANO","T0","ETC",1.24067418894631
"2021-08-28 00:00:00","Fondo ERRANO","T0","WIND_SPEED",2.6775
"2021-08-28 00:00:00","Fondo ERRANO","T0","BATTERY_TENS",3487.6875
"2021-08-28 00:00:00","Fondo ERRANO","T0","WIND_DIRECTION",179.3125
"2021-08-28 00:00:00","Fondo ERRANO","T0","AIR_TEMP",17.7608333333333
"2021-08-29 00:00:00","Fondo ERRANO","T0","WIND_GUST_MAX",7.92
"2021-08-29 00:00:00","Fondo ERRANO","T0","BIG",-2.67355562796161
"2021-08-29 00:00:00","Fondo ERRANO","T0","BATTERY_TENS",3495.27659574468
"2021-08-29 00:00:00","Fondo ERRANO","T0","WIND_SPEED",4.81787234042553
"2021-08-29 00:00:00","Fondo ERRANO","T0","WIND_DIRECTION",170.042553191489
"2021-08-29 00:00:00","Fondo ERRANO","T0","SOLAR_RAD",249.981884057971
"2021-08-29 00:00:00","Fondo ERRANO","T0","ETC",2.67355562796161
"2021-08-29 00:00:00","Fondo ERRANO","T0","AIR_TEMP",18.9839583333333
"2021-08-29 00:00:00","Fondo ERRANO","T0","ET0",2.67355562796161
"2021-08-29 00:00:00","Fondo ERRANO","T0","BIP",-123.313539985127
"2021-08-29 00:00:00","Fondo ERRANO","T0","AIR_HUM",70.5958333333333
"2021-08-30 00:00:00","Fondo ERRANO","T0","BIG",-2.40642615854322
"2021-08-30 00:00:00","Fondo ERRANO","T0","BATTERY_TENS",3499.77083333333
"2021-08-30 00:00:00","Fondo ERRANO","T0","WIND_DIRECTION",185.104166666667
"2021-08-30 00:00:00","Fondo ERRANO","T0","WIND_GUST_MAX",8.19
"2021-08-30 00:00:00","Fondo ERRANO","T0","BIP",-125.71996614367
"2021-08-30 00:00:00","Fondo ERRANO","T0","SOLAR_RAD",187.101449275362
"2021-08-30 00:00:00","Fondo ERRANO","T0","AIR_HUM",64.8125
"2021-08-30 00:00:00","Fondo ERRANO","T0","ETC",2.40642615854322
"2021-08-30 00:00:00","Fondo ERRANO","T0","WIND_SPEED",4.4625
"2021-08-30 00:00:00","Fondo ERRANO","T0","AIR_TEMP",20.6177083333333
"2021-08-30 00:00:00","Fondo ERRANO","T0","ET0",2.40642615854322
"2021-08-31 00:00:00","Fondo ERRANO","T0","ETC",2.13538502743517
"2021-08-31 00:00:00","Fondo ERRANO","T0","BIP",-112.255351171105
"2021-08-31 00:00:00","Fondo ERRANO","T0","AIR_TEMP",19.1420833333333
"2021-08-31 00:00:00","Fondo ERRANO","T0","WIND_SPEED",2.9025
"2021-08-31 00:00:00","Fondo ERRANO","T0","WIND_DIRECTION",214.145833333333
"2021-08-31 00:00:00","Fondo ERRANO","T0","WIND_GUST_MAX",6.06
"2021-08-31 00:00:00","Fondo ERRANO","T0","BATTERY_TENS",3499.5
"2021-08-31 00:00:00","Fondo ERRANO","T0","ET0",2.13538502743517
"2021-08-31 00:00:00","Fondo ERRANO","T0","AIR_HUM",79.05625
"2021-08-31 00:00:00","Fondo ERRANO","T0","SOLAR_RAD",179.701086956522
"2021-08-31 00:00:00","Fondo ERRANO","T0","BIG",13.4646149725648
"2021-09-01 00:00:00","Fondo ERRANO","T0","WIND_DIRECTION",149.291666666667
"2021-09-01 00:00:00","Fondo ERRANO","T0","ET0",2.79857866323205
"2021-09-01 00:00:00","Fondo ERRANO","T0","WIND_GUST_MAX",7.2
"2021-09-01 00:00:00","Fondo ERRANO","T0","AIR_TEMP",20.0010638297872
"2021-09-01 00:00:00","Fondo ERRANO","T0","ETC",2.79857866323205
"2021-09-01 00:00:00","Fondo ERRANO","T0","WIND_SPEED",3.9525
"2021-09-01 00:00:00","Fondo ERRANO","T0","BIP",-115.053929834337
"2021-09-01 00:00:00","Fondo ERRANO","T0","BIG",-2.79857866323205
"2021-09-01 00:00:00","Fondo ERRANO","T0","BATTERY_TENS",3501.10416666667
"2021-09-01 00:00:00","Fondo ERRANO","T0","AIR_HUM",78.8382978723404
"2021-09-01 00:00:00","Fondo ERRANO","T0","SOLAR_RAD",234.653098982424
"2021-09-02 00:00:00","Fondo ERRANO","T0","WIND_GUST_MAX",8.49
"2021-09-02 00:00:00","Fondo ERRANO","T0","ET0",2.84358137529642
"2021-09-02 00:00:00","Fondo ERRANO","T0","WIND_SPEED",5.4525
"2021-09-02 00:00:00","Fondo ERRANO","T0","BIP",-117.897511209634
"2021-09-02 00:00:00","Fondo ERRANO","T0","ETC",2.84358137529642
"2021-09-02 00:00:00","Fondo ERRANO","T0","SOLAR_RAD",253.75
"2021-09-02 00:00:00","Fondo ERRANO","T0","AIR_TEMP",20.099375
"2021-09-02 00:00:00","Fondo ERRANO","T0","BATTERY_TENS",3498.4375
"2021-09-02 00:00:00","Fondo ERRANO","T0","BIG",-2.84358137529642
"2021-09-02 00:00:00","Fondo ERRANO","T0","WIND_DIRECTION",134.395833333333
"2021-09-02 00:00:00","Fondo ERRANO","T0","AIR_HUM",72.9958333333333
"2021-09-03 00:00:00","Fondo ERRANO","T0","ETC",2.67823860333332
"2021-09-03 00:00:00","Fondo ERRANO","T0","AIR_HUM",69.1979166666667
"2021-09-03 00:00:00","Fondo ERRANO","T0","SOLAR_RAD",224.356884057971
"2021-09-03 00:00:00","Fondo ERRANO","T0","BATTERY_TENS",3499.72916666667
"2021-09-03 00:00:00","Fondo ERRANO","T0","BIP",-120.575749812967
"2021-09-03 00:00:00","Fondo ERRANO","T0","WIND_DIRECTION",158.916666666667
"2021-09-03 00:00:00","Fondo ERRANO","T0","BIG",-2.67823860333332
"2021-09-03 00:00:00","Fondo ERRANO","T0","ET0",2.67823860333332
"2021-09-03 00:00:00","Fondo ERRANO","T0","WIND_GUST_MAX",7.68
"2021-09-03 00:00:00","Fondo ERRANO","T0","WIND_SPEED",4.3575
"2021-09-03 00:00:00","Fondo ERRANO","T0","AIR_TEMP",19.5854166666667
"2021-09-04 00:00:00","Fondo ERRANO","T0","BIG",-1.51376941567723
"2021-09-04 00:00:00","Fondo ERRANO","T0","WIND_DIRECTION",191.916666666667
"2021-09-04 00:00:00","Fondo ERRANO","T0","AIR_HUM",73.0659574468085
"2021-09-04 00:00:00","Fondo ERRANO","T0","WIND_SPEED",3.3525
"2021-09-04 00:00:00","Fondo ERRANO","T0","BIP",-122.089519228644
"2021-09-04 00:00:00","Fondo ERRANO","T0","ETC",1.51376941567723
"2021-09-04 00:00:00","Fondo ERRANO","T0","WIND_GUST_MAX",5.4525
"2021-09-04 00:00:00","Fondo ERRANO","T0","AIR_TEMP",19.9978723404255
"2021-09-04 00:00:00","Fondo ERRANO","T0","SOLAR_RAD",135.9111933395
"2021-09-04 00:00:00","Fondo ERRANO","T0","BATTERY_TENS",3496.77083333333
"2021-09-04 00:00:00","Fondo ERRANO","T0","ET0",1.51376941567723
"2021-09-05 00:00:00","Fondo ERRANO","T0","WIND_GUST_MAX",8.235
"2021-09-05 00:00:00","Fondo ERRANO","T0","AIR_TEMP",20.4760416666667
"2021-09-05 00:00:00","Fondo ERRANO","T0","ET0",2.74679460417032
"2021-09-05 00:00:00","Fondo ERRANO","T0","WIND_SPEED",4.74
"2021-09-05 00:00:00","Fondo ERRANO","T0","BIG",-2.74679460417032
"2021-09-05 00:00:00","Fondo ERRANO","T0","BATTERY_TENS",3498.8125
"2021-09-05 00:00:00","Fondo ERRANO","T0","SOLAR_RAD",224.45652173913
"2021-09-05 00:00:00","Fondo ERRANO","T0","ETC",2.74679460417032
"2021-09-05 00:00:00","Fondo ERRANO","T0","BIP",-124.836313832814
"2021-09-05 00:00:00","Fondo ERRANO","T0","WIND_DIRECTION",190.6875
"2021-09-05 00:00:00","Fondo ERRANO","T0","AIR_HUM",69.2270833333333
"2021-09-06 00:00:00","Fondo ERRANO","T0","BATTERY_TENS",3500.25
"2021-09-06 00:00:00","Fondo ERRANO","T0","WIND_GUST_MAX",7.5975
"2021-09-06 00:00:00","Fondo ERRANO","T0","WIND_SPEED",4.515
"2021-09-06 00:00:00","Fondo ERRANO","T0","WIND_DIRECTION",189.583333333333
"2021-09-06 00:00:00","Fondo ERRANO","T0","AIR_HUM",66.3770833333333
"2021-09-06 00:00:00","Fondo ERRANO","T0","ET0",2.47010675073107
"2021-09-06 00:00:00","Fondo ERRANO","T0","SOLAR_RAD",200.552536231884
"2021-09-06 00:00:00","Fondo ERRANO","T0","AIR_TEMP",20.0358333333333
"2021-09-06 00:00:00","Fondo ERRANO","T0","BIG",-2.47010675073107
"2021-09-06 00:00:00","Fondo ERRANO","T0","BIP",-127.306420583545
"2021-09-06 00:00:00","Fondo ERRANO","T0","ETC",2.47010675073107
"2021-09-07 00:00:00","Fondo ERRANO","T0","ET0",2.40219425816476
"2021-09-07 00:00:00","Fondo ERRANO","T0","SOLAR_RAD",196.485507246377
"2021-09-07 00:00:00","Fondo ERRANO","T0","BIG",-2.40219425816476
"2021-09-07 00:00:00","Fondo ERRANO","T0","AIR_HUM",66.0333333333333
"2021-09-07 00:00:00","Fondo ERRANO","T0","BIP",-129.70861484171
"2021-09-07 00:00:00","Fondo ERRANO","T0","WIND_GUST_MAX",7.065
"2021-09-07 00:00:00","Fondo ERRANO","T0","WIND_SPEED",4.6275
"2021-09-07 00:00:00","Fondo ERRANO","T0","WIND_DIRECTION",180.895833333333
"2021-09-07 00:00:00","Fondo ERRANO","T0","BATTERY_TENS",3500.41666666667
"2021-09-07 00:00:00","Fondo ERRANO","T0","ETC",2.40219425816476
"2021-09-07 00:00:00","Fondo ERRANO","T0","AIR_TEMP",20.051875
"2021-09-08 00:00:00","Fondo ERRANO","T0","AIR_TEMP",20.4791666666667
"2021-09-08 00:00:00","Fondo ERRANO","T0","AIR_HUM",63.34375
"2021-09-08 00:00:00","Fondo ERRANO","T0","BATTERY_TENS",3498.58333333333
"2021-09-08 00:00:00","Fondo ERRANO","T0","BIP",-132.620590046969
"2021-09-08 00:00:00","Fondo ERRANO","T0","WIND_GUST_MAX",7.3275
"2021-09-08 00:00:00","Fondo ERRANO","T0","WIND_DIRECTION",166.333333333333
"2021-09-08 00:00:00","Fondo ERRANO","T0","ET0",2.91197520525838
"2021-09-08 00:00:00","Fondo ERRANO","T0","BIG",-2.91197520525838
"2021-09-08 00:00:00","Fondo ERRANO","T0","ETC",2.91197520525838
"2021-09-08 00:00:00","Fondo ERRANO","T0","SOLAR_RAD",232.182971014493
"2021-09-08 00:00:00","Fondo ERRANO","T0","WIND_SPEED",4.6275
"2021-09-09 00:00:00","Fondo ERRANO","T0","ETC",2.85970532418824
"2021-09-09 00:00:00","Fondo ERRANO","T0","WIND_SPEED",4.9275
"2021-09-09 00:00:00","Fondo ERRANO","T0","BATTERY_TENS",3498.97916666667
"2021-09-09 00:00:00","Fondo ERRANO","T0","AIR_TEMP",20.295625
"2021-09-09 00:00:00","Fondo ERRANO","T0","BIP",-135.480295371157
"2021-09-09 00:00:00","Fondo ERRANO","T0","SOLAR_RAD",223.179347826087
"2021-09-09 00:00:00","Fondo ERRANO","T0","BIG",-2.85970532418824
"2021-09-09 00:00:00","Fondo ERRANO","T0","WIND_DIRECTION",143.208333333333
"2021-09-09 00:00:00","Fondo ERRANO","T0","AIR_HUM",63.9583333333333
"2021-09-09 00:00:00","Fondo ERRANO","T0","WIND_GUST_MAX",7.86
"2021-09-09 00:00:00","Fondo ERRANO","T0","ET0",2.85970532418824
"2021-09-10 00:00:00","Fondo ERRANO","T0","ET0",2.53825935421531
"2021-09-10 00:00:00","Fondo ERRANO","T0","BIG",-2.53825935421531
"2021-09-10 00:00:00","Fondo ERRANO","T0","BATTERY_TENS",3503.625
"2021-09-10 00:00:00","Fondo ERRANO","T0","WIND_SPEED",4.4775
"2021-09-10 00:00:00","Fondo ERRANO","T0","AIR_TEMP",21.3322916666667
"2021-09-10 00:00:00","Fondo ERRANO","T0","BIP",-138.018554725372
"2021-09-10 00:00:00","Fondo ERRANO","T0","WIND_DIRECTION",127.104166666667
"2021-09-10 00:00:00","Fondo ERRANO","T0","WIND_GUST_MAX",7.26
"2021-09-10 00:00:00","Fondo ERRANO","T0","AIR_HUM",65.06875
"2021-09-10 00:00:00","Fondo ERRANO","T0","ETC",2.53825935421531
"2021-09-10 00:00:00","Fondo ERRANO","T0","SOLAR_RAD",206.494565217391
"2021-09-11 00:00:00","Fondo ERRANO","T0","AIR_TEMP",21.30375
"2021-09-11 00:00:00","Fondo ERRANO","T0","WIND_DIRECTION",140.041666666667
"2021-09-11 00:00:00","Fondo ERRANO","T0","BATTERY_TENS",3501.5625
"2021-09-11 00:00:00","Fondo ERRANO","T0","BIG",-2.63513532906853
"2021-09-11 00:00:00","Fondo ERRANO","T0","BIP",-140.653690054441
"2021-09-11 00:00:00","Fondo ERRANO","T0","ET0",2.63513532906853
"2021-09-11 00:00:00","Fondo ERRANO","T0","ETC",2.63513532906853
"2021-09-11 00:00:00","Fondo ERRANO","T0","AIR_HUM",66.6583333333333
"2021-09-11 00:00:00","Fondo ERRANO","T0","SOLAR_RAD",210.70652173913
"2021-09-11 00:00:00","Fondo ERRANO","T0","WIND_GUST_MAX",7.0125
"2021-09-11 00:00:00","Fondo ERRANO","T0","WIND_SPEED",4.3934693877551
"2021-09-12 00:00:00","Fondo ERRANO","T0","ET0",2.72516463734984
"2021-09-12 00:00:00","Fondo ERRANO","T0","AIR_TEMP",21.9489583333333
"2021-09-12 00:00:00","Fondo ERRANO","T0","BIP",-143.378854691791
"2021-09-12 00:00:00","Fondo ERRANO","T0","BATTERY_TENS",3503.85416666667
"2021-09-12 00:00:00","Fondo ERRANO","T0","WIND_DIRECTION",157.854166666667
"2021-09-12 00:00:00","Fondo ERRANO","T0","AIR_HUM",64.2104166666667
"2021-09-12 00:00:00","Fondo ERRANO","T0","SOLAR_RAD",213.342391304348
"2021-09-12 00:00:00","Fondo ERRANO","T0","ETC",2.72516463734984
"2021-09-12 00:00:00","Fondo ERRANO","T0","WIND_SPEED",3.99
"2021-09-12 00:00:00","Fondo ERRANO","T0","WIND_GUST_MAX",7.2975
"2021-09-12 00:00:00","Fondo ERRANO","T0","BIG",-2.72516463734984
"2021-09-13 00:00:00","Fondo ERRANO","T0","AIR_HUM",59.0106382978723
"2021-09-13 00:00:00","Fondo ERRANO","T0","BATTERY_TENS",3503.32608695652
"2021-09-13 00:00:00","Fondo ERRANO","T0","AIR_TEMP",22.3425531914894
"2021-09-13 00:00:00","Fondo ERRANO","T0","BIG",-2.84709554148837
"2021-09-13 00:00:00","Fondo ERRANO","T0","SOLAR_RAD",205.846438482886
"2021-09-13 00:00:00","Fondo ERRANO","T0","WIND_SPEED",4.81304347826087
"2021-09-13 00:00:00","Fondo ERRANO","T0","WIND_DIRECTION",151.434782608696
"2021-09-13 00:00:00","Fondo ERRANO","T0","ETC",2.84709554148837
"2021-09-13 00:00:00","Fondo ERRANO","T0","ET0",2.84709554148837
"2021-09-13 00:00:00","Fondo ERRANO","T0","BIP",-146.225950233279
"2021-09-13 00:00:00","Fondo ERRANO","T0","WIND_GUST_MAX",7.74782608695652
"2021-09-14 00:00:00","Fondo ERRANO","T0","AIR_TEMP",23.9504166666667
"2021-09-14 00:00:00","Fondo ERRANO","T0","BIP",-148.880383868297
"2021-09-14 00:00:00","Fondo ERRANO","T0","AIR_HUM",57.2125
"2021-09-14 00:00:00","Fondo ERRANO","T0","SOLAR_RAD",196.657608695652
"2021-09-14 00:00:00","Fondo ERRANO","T0","BATTERY_TENS",3507.0625
"2021-09-14 00:00:00","Fondo ERRANO","T0","WIND_GUST_MAX",6.9225
"2021-09-14 00:00:00","Fondo ERRANO","T0","ET0",2.65443363501837
"2021-09-14 00:00:00","Fondo ERRANO","T0","WIND_SPEED",4.23
"2021-09-14 00:00:00","Fondo ERRANO","T0","BIG",-2.65443363501837
"2021-09-14 00:00:00","Fondo ERRANO","T0","WIND_DIRECTION",180.895833333333
"2021-09-14 00:00:00","Fondo ERRANO","T0","ETC",2.65443363501837
"2021-09-15 00:00:00","Fondo ERRANO","T0","WIND_DIRECTION",206.1875
"2021-09-15 00:00:00","Fondo ERRANO","T0","AIR_HUM",59.14375
"2021-09-15 00:00:00","Fondo ERRANO","T0","SOLAR_RAD",126.132246376812
"2021-09-15 00:00:00","Fondo ERRANO","T0","ETC",1.68930476176263
"2021-09-15 00:00:00","Fondo ERRANO","T0","BIP",-150.56968863006
"2021-09-15 00:00:00","Fondo ERRANO","T0","AIR_TEMP",23.7577083333333
"2021-09-15 00:00:00","Fondo ERRANO","T0","BATTERY_TENS",3506.14583333333
"2021-09-15 00:00:00","Fondo ERRANO","T0","WIND_SPEED",3.72
"2021-09-15 00:00:00","Fondo ERRANO","T0","ET0",1.68930476176263
"2021-09-15 00:00:00","Fondo ERRANO","T0","WIND_GUST_MAX",7.4475
"2021-09-15 00:00:00","Fondo ERRANO","T0","BIG",-1.68930476176263
"2021-09-16 00:00:00","Fondo ERRANO","T0","BIP",-151.09352358463
"2021-09-16 00:00:00","Fondo ERRANO","T0","SOLAR_RAD",57.4275362318841
"2021-09-16 00:00:00","Fondo ERRANO","T0","AIR_HUM",71.53125
"2021-09-16 00:00:00","Fondo ERRANO","T0","ETC",0.523834954570569
"2021-09-16 00:00:00","Fondo ERRANO","T0","WIND_SPEED",2.1225
"2021-09-16 00:00:00","Fondo ERRANO","T0","WIND_DIRECTION",186.5625
"2021-09-16 00:00:00","Fondo ERRANO","T0","BIG",-0.523834954570569
"2021-09-16 00:00:00","Fondo ERRANO","T0","AIR_TEMP",22.5091666666667
"2021-09-16 00:00:00","Fondo ERRANO","T0","WIND_GUST_MAX",5.3325
"2021-09-16 00:00:00","Fondo ERRANO","T0","ET0",0.523834954570569
"2021-09-16 00:00:00","Fondo ERRANO","T0","BATTERY_TENS",3502.02083333333
"2021-09-17 00:00:00","Fondo ERRANO","T0","WIND_SPEED",1.89
"2021-09-17 00:00:00","Fondo ERRANO","T0","AIR_TEMP",21.578125
"2021-09-17 00:00:00","Fondo ERRANO","T0","BIP",-145.265431563982
"2021-09-17 00:00:00","Fondo ERRANO","T0","ETC",0.971907979351062
"2021-09-17 00:00:00","Fondo ERRANO","T0","WIND_GUST_MAX",4.4925
"2021-09-17 00:00:00","Fondo ERRANO","T0","ET0",0.971907979351062
"2021-09-17 00:00:00","Fondo ERRANO","T0","AIR_HUM",85.31875
"2021-09-17 00:00:00","Fondo ERRANO","T0","WIND_DIRECTION",180.270833333333
"2021-09-17 00:00:00","Fondo ERRANO","T0","BIG",5.82809202064894
"2021-09-17 00:00:00","Fondo ERRANO","T0","BATTERY_TENS",3503.85416666667
"2021-09-17 00:00:00","Fondo ERRANO","T0","SOLAR_RAD",101.585144927536
"2021-09-18 00:00:00","Fondo ERRANO","T0","AIR_HUM",85.2604166666667
"2021-09-18 00:00:00","Fondo ERRANO","T0","WIND_SPEED",1.20255319148936
"2021-09-18 00:00:00","Fondo ERRANO","T0","SOLAR_RAD",125.072463768116
"2021-09-18 00:00:00","Fondo ERRANO","T0","ETC",1.34086891578562
"2021-09-18 00:00:00","Fondo ERRANO","T0","BATTERY_TENS",3501.72340425532
"2021-09-18 00:00:00","Fondo ERRANO","T0","BIP",-145.606300479767
"2021-09-18 00:00:00","Fondo ERRANO","T0","WIND_GUST_MAX",3.04851063829787
"2021-09-18 00:00:00","Fondo ERRANO","T0","BIG",-0.340868915785615
"2021-09-18 00:00:00","Fondo ERRANO","T0","AIR_TEMP",20.4827083333333
"2021-09-18 00:00:00","Fondo ERRANO","T0","WIND_DIRECTION",185.702127659574
"2021-09-18 00:00:00","Fondo ERRANO","T0","ET0",1.34086891578562
"2021-09-19 00:00:00","Fondo ERRANO","T0","AIR_TEMP",19.9022916666667
"2021-09-19 00:00:00","Fondo ERRANO","T0","WIND_GUST_MAX",5.625
"2021-09-19 00:00:00","Fondo ERRANO","T0","WIND_SPEED",2.205
"2021-09-19 00:00:00","Fondo ERRANO","T0","AIR_HUM",79.41875
"2021-09-19 00:00:00","Fondo ERRANO","T0","SOLAR_RAD",104.094202898551
"2021-09-19 00:00:00","Fondo ERRANO","T0","ETC",1.17517682799908
"2021-09-19 00:00:00","Fondo ERRANO","T0","BIP",-144.181477307766
"2021-09-19 00:00:00","Fondo ERRANO","T0","WIND_DIRECTION",213.375
"2021-09-19 00:00:00","Fondo ERRANO","T0","ET0",1.17517682799908
"2021-09-19 00:00:00","Fondo ERRANO","T0","BIG",1.42482317200092
"2021-09-19 00:00:00","Fondo ERRANO","T0","BATTERY_TENS",3496.0625
"2021-09-20 00:00:00","Fondo ERRANO","T0","SOLAR_RAD",146.16847826087
"2021-09-20 00:00:00","Fondo ERRANO","T0","WIND_GUST_MAX",6.585
"2021-09-20 00:00:00","Fondo ERRANO","T0","ETC",1.58366380290223
"2021-09-20 00:00:00","Fondo ERRANO","T0","WIND_DIRECTION",179.166666666667
"2021-09-20 00:00:00","Fondo ERRANO","T0","AIR_HUM",73.6
"2021-09-20 00:00:00","Fondo ERRANO","T0","ET0",1.58366380290223
"2021-09-20 00:00:00","Fondo ERRANO","T0","BIP",-143.365141110668
"2021-09-20 00:00:00","Fondo ERRANO","T0","BATTERY_TENS",3497.27083333333
"2021-09-20 00:00:00","Fondo ERRANO","T0","WIND_SPEED",2.8575
"2021-09-20 00:00:00","Fondo ERRANO","T0","BIG",0.816336197097774
"2021-09-20 00:00:00","Fondo ERRANO","T0","AIR_TEMP",19.565625
"2021-09-21 00:00:00","Fondo ERRANO","T0","ET0",1.11292132727772
"2021-09-21 00:00:00","Fondo ERRANO","T0","WIND_GUST_MAX",5.415
"2021-09-21 00:00:00","Fondo ERRANO","T0","BIG",-0.71292132727772
"2021-09-21 00:00:00","Fondo ERRANO","T0","WIND_DIRECTION",203.125
"2021-09-21 00:00:00","Fondo ERRANO","T0","AIR_TEMP",16.97
"2021-09-21 00:00:00","Fondo ERRANO","T0","ETC",1.11292132727772
"2021-09-21 00:00:00","Fondo ERRANO","T0","BATTERY_TENS",3489.54166666667
"2021-09-21 00:00:00","Fondo ERRANO","T0","SOLAR_RAD",117.336956521739
"2021-09-21 00:00:00","Fondo ERRANO","T0","BIP",-144.078062437946
"2021-09-21 00:00:00","Fondo ERRANO","T0","WIND_SPEED",2.3025
"2021-09-21 00:00:00","Fondo ERRANO","T0","AIR_HUM",85.4125
"2021-09-22 00:00:00","Fondo ERRANO","T0","ET0",1.8683050608259
"2021-09-22 00:00:00","Fondo ERRANO","T0","AIR_TEMP",16.4647916666667
"2021-09-22 00:00:00","Fondo ERRANO","T0","BATTERY_TENS",3490.54166666667
"2021-09-22 00:00:00","Fondo ERRANO","T0","AIR_HUM",78.63125
"2021-09-22 00:00:00","Fondo ERRANO","T0","WIND_GUST_MAX",7.68
"2021-09-22 00:00:00","Fondo ERRANO","T0","BIG",-1.8683050608259
"2021-09-22 00:00:00","Fondo ERRANO","T0","BIP",-145.946367498772
"2021-09-22 00:00:00","Fondo ERRANO","T0","WIND_SPEED",4.7925
"2021-09-22 00:00:00","Fondo ERRANO","T0","WIND_DIRECTION",158.958333333333
"2021-09-22 00:00:00","Fondo ERRANO","T0","ETC",1.8683050608259
"2021-09-22 00:00:00","Fondo ERRANO","T0","SOLAR_RAD",185.172101449275
"2021-09-23 00:00:00","Fondo ERRANO","T0","ET0",2.02969825620587
"2021-09-23 00:00:00","Fondo ERRANO","T0","BIG",-2.02969825620587
"2021-09-23 00:00:00","Fondo ERRANO","T0","BIP",-147.976065754978
"2021-09-23 00:00:00","Fondo ERRANO","T0","WIND_DIRECTION",152.854166666667
"2021-09-23 00:00:00","Fondo ERRANO","T0","WIND_SPEED",4.3725
"2021-09-23 00:00:00","Fondo ERRANO","T0","AIR_HUM",73.3583333333333
"2021-09-23 00:00:00","Fondo ERRANO","T0","WIND_GUST_MAX",7.605
"2021-09-23 00:00:00","Fondo ERRANO","T0","BATTERY_TENS",3490.95833333333
"2021-09-23 00:00:00","Fondo ERRANO","T0","SOLAR_RAD",194.809782608696
"2021-09-23 00:00:00","Fondo ERRANO","T0","AIR_TEMP",17.0970833333333
"2021-09-23 00:00:00","Fondo ERRANO","T0","ETC",2.02969825620587
"2021-09-24 00:00:00","Fondo ERRANO","T0","ET0",2.35250851098361
"2021-09-24 00:00:00","Fondo ERRANO","T0","ETC",2.35250851098361
"2021-09-24 00:00:00","Fondo ERRANO","T0","AIR_HUM",71.4541666666667
"2021-09-24 00:00:00","Fondo ERRANO","T0","WIND_GUST_MAX",7.6275
"2021-09-24 00:00:00","Fondo ERRANO","T0","SOLAR_RAD",195.416666666667
"2021-09-24 00:00:00","Fondo ERRANO","T0","BIP",-150.328574265962
"2021-09-24 00:00:00","Fondo ERRANO","T0","BATTERY_TENS",3496.08333333333
"2021-09-24 00:00:00","Fondo ERRANO","T0","WIND_DIRECTION",137.979166666667
"2021-09-24 00:00:00","Fondo ERRANO","T0","BIG",-2.35250851098361
"2021-09-24 00:00:00","Fondo ERRANO","T0","AIR_TEMP",18.5772916666667
"2021-09-24 00:00:00","Fondo ERRANO","T0","WIND_SPEED",4.725
"2021-09-25 00:00:00","Fondo ERRANO","T0","WIND_SPEED",2.6475
"2021-09-25 00:00:00","Fondo ERRANO","T0","ETC",2.17349462647587
"2021-09-25 00:00:00","Fondo ERRANO","T0","AIR_HUM",78.0291666666666
"2021-09-25 00:00:00","Fondo ERRANO","T0","WIND_DIRECTION",155.416666666667
"2021-09-25 00:00:00","Fondo ERRANO","T0","BIP",-152.502068892437
"2021-09-25 00:00:00","Fondo ERRANO","T0","ET0",2.17349462647587
"2021-09-25 00:00:00","Fondo ERRANO","T0","BIG",-2.17349462647587
"2021-09-25 00:00:00","Fondo ERRANO","T0","SOLAR_RAD",176.521739130435
"2021-09-25 00:00:00","Fondo ERRANO","T0","WIND_GUST_MAX",5.4075
"2021-09-25 00:00:00","Fondo ERRANO","T0","AIR_TEMP",20.06
"2021-09-25 00:00:00","Fondo ERRANO","T0","BATTERY_TENS",3497.29166666667
"2021-09-26 00:00:00","Fondo ERRANO","T0","WIND_GUST_MAX",5.97
"2021-09-26 00:00:00","Fondo ERRANO","T0","BIP",-119.212185812509
"2021-09-26 00:00:00","Fondo ERRANO","T0","BIG",33.2898830799287
"2021-09-26 00:00:00","Fondo ERRANO","T0","AIR_TEMP",19.6375
"2021-09-26 00:00:00","Fondo ERRANO","T0","AIR_HUM",87.1583333333333
"2021-09-26 00:00:00","Fondo ERRANO","T0","BATTERY_TENS",3497.89583333333
"2021-09-26 00:00:00","Fondo ERRANO","T0","ET0",1.11011692007128
"2021-09-26 00:00:00","Fondo ERRANO","T0","WIND_SPEED",2.895
"2021-09-26 00:00:00","Fondo ERRANO","T0","SOLAR_RAD",102.264492753623
"2021-09-26 00:00:00","Fondo ERRANO","T0","ETC",1.11011692007128
"2021-09-26 00:00:00","Fondo ERRANO","T0","WIND_DIRECTION",173.979166666667
"2021-09-27 00:00:00","Fondo ERRANO","T0","WIND_DIRECTION",165.125
"2021-09-27 00:00:00","Fondo ERRANO","T0","BIP",-120.235054773464
"2021-09-27 00:00:00","Fondo ERRANO","T0","WIND_GUST_MAX",3.3675
"2021-09-27 00:00:00","Fondo ERRANO","T0","ET0",1.02286896095493
"2021-09-27 00:00:00","Fondo ERRANO","T0","SOLAR_RAD",113.786231884058
"2021-09-27 00:00:00","Fondo ERRANO","T0","BIG",-1.02286896095493
"2021-09-27 00:00:00","Fondo ERRANO","T0","BATTERY_TENS",3493.77083333333
"2021-09-27 00:00:00","Fondo ERRANO","T0","AIR_HUM",91.4083333333334
"2021-09-27 00:00:00","Fondo ERRANO","T0","WIND_SPEED",1.395
"2021-09-27 00:00:00","Fondo ERRANO","T0","ETC",1.02286896095493
"2021-09-27 00:00:00","Fondo ERRANO","T0","AIR_TEMP",18.0216666666667
"2021-09-28 00:00:00","Fondo ERRANO","T0","BATTERY_TENS",3497.5
"2021-09-28 00:00:00","Fondo ERRANO","T0","SOLAR_RAD",136.396135265701
"2021-09-28 00:00:00","Fondo ERRANO","T0","AIR_TEMP",19.6902222222222
"2021-09-28 00:00:00","Fondo ERRANO","T0","BIG",-1.3998266161138
"2021-09-28 00:00:00","Fondo ERRANO","T0","WIND_DIRECTION",183.340909090909
"2021-09-28 00:00:00","Fondo ERRANO","T0","BIP",-121.634881389577
"2021-09-28 00:00:00","Fondo ERRANO","T0","WIND_GUST_MAX",4.59
"2021-09-28 00:00:00","Fondo ERRANO","T0","ET0",1.3998266161138
"2021-09-28 00:00:00","Fondo ERRANO","T0","ETC",1.3998266161138
"2021-09-28 00:00:00","Fondo ERRANO","T0","AIR_HUM",85.2888888888889
"2021-09-28 00:00:00","Fondo ERRANO","T0","WIND_SPEED",2.27454545454545
"2021-09-29 00:00:00","Fondo ERRANO","T0","BATTERY_TENS",3496.0625
"2021-09-29 00:00:00","Fondo ERRANO","T0","ET0",1.90340863475016
"2021-09-29 00:00:00","Fondo ERRANO","T0","BIG",-1.90340863475016
"2021-09-29 00:00:00","Fondo ERRANO","T0","WIND_GUST_MAX",6.255
"2021-09-29 00:00:00","Fondo ERRANO","T0","WIND_DIRECTION",180.791666666667
"2021-09-29 00:00:00","Fondo ERRANO","T0","AIR_HUM",73.9416666666666
"2021-09-29 00:00:00","Fondo ERRANO","T0","SOLAR_RAD",170.271739130435
"2021-09-29 00:00:00","Fondo ERRANO","T0","ETC",1.90340863475016
"2021-09-29 00:00:00","Fondo ERRANO","T0","AIR_TEMP",19.9777083333333
"2021-09-29 00:00:00","Fondo ERRANO","T0","WIND_SPEED",3.825
"2021-09-29 00:00:00","Fondo ERRANO","T0","BIP",-123.538290024328
"2021-09-30 00:00:00","Fondo ERRANO","T0","BIG",15.9514009928876
"2021-09-30 00:00:00","Fondo ERRANO","T0","BATTERY_TENS",3489.5
"2021-09-30 00:00:00","Fondo ERRANO","T0","SOLAR_RAD",133.83152173913
"2021-09-30 00:00:00","Fondo ERRANO","T0","WIND_SPEED",3.495
"2021-09-30 00:00:00","Fondo ERRANO","T0","WIND_GUST_MAX",6.2175
"2021-09-30 00:00:00","Fondo ERRANO","T0","ET0",1.24859900711237
"2021-09-30 00:00:00","Fondo ERRANO","T0","AIR_HUM",85.5708333333333
"2021-09-30 00:00:00","Fondo ERRANO","T0","ETC",1.24859900711237
"2021-09-30 00:00:00","Fondo ERRANO","T0","AIR_TEMP",18.5702083333333
"2021-09-30 00:00:00","Fondo ERRANO","T0","WIND_DIRECTION",185.854166666667
"2021-09-30 00:00:00","Fondo ERRANO","T0","BIP",-107.58688903144
"2021-10-01 00:00:00","Fondo ERRANO","T0","WIND_GUST_MAX",5.6175
"2021-10-01 00:00:00","Fondo ERRANO","T0","AIR_TEMP",17.3027083333333
"2021-10-01 00:00:00","Fondo ERRANO","T0","WIND_DIRECTION",146.895833333333
"2021-10-01 00:00:00","Fondo ERRANO","T0","WIND_SPEED",2.79
"2021-10-01 00:00:00","Fondo ERRANO","T0","AIR_HUM",84.0375
"2021-10-01 00:00:00","Fondo ERRANO","T0","ET0",1.51660534763749
"2021-10-01 00:00:00","Fondo ERRANO","T0","SOLAR_RAD",162.527173913043
"2021-10-01 00:00:00","Fondo ERRANO","T0","ETC",1.51660534763749
"2021-10-01 00:00:00","Fondo ERRANO","T0","BIP",-108.903494379077
"2021-10-01 00:00:00","Fondo ERRANO","T0","BATTERY_TENS",3488.72916666667
"2021-10-01 00:00:00","Fondo ERRANO","T0","BIG",-1.31660534763749
"2021-10-02 00:00:00","Fondo ERRANO","T0","BIG",-1.55466702310201
"2021-10-02 00:00:00","Fondo ERRANO","T0","WIND_SPEED",3.2775
"2021-10-02 00:00:00","Fondo ERRANO","T0","SOLAR_RAD",157.545289855072
"2021-10-02 00:00:00","Fondo ERRANO","T0","WIND_DIRECTION",137.145833333333
"2021-10-02 00:00:00","Fondo ERRANO","T0","AIR_HUM",83.8458333333333
"2021-10-02 00:00:00","Fondo ERRANO","T0","AIR_TEMP",16.94625
"2021-10-02 00:00:00","Fondo ERRANO","T0","BATTERY_TENS",3486.89583333333
"2021-10-02 00:00:00","Fondo ERRANO","T0","WIND_GUST_MAX",5.7375
"2021-10-02 00:00:00","Fondo ERRANO","T0","ETC",1.55466702310201
"2021-10-02 00:00:00","Fondo ERRANO","T0","ET0",1.55466702310201
"2021-10-02 00:00:00","Fondo ERRANO","T0","BIP",-110.458161402179
"2021-10-03 00:00:00","Fondo ERRANO","T0","SOLAR_RAD",146.757246376812
"2021-10-03 00:00:00","Fondo ERRANO","T0","ET0",1.62847411807958
"2021-10-03 00:00:00","Fondo ERRANO","T0","AIR_TEMP",19.1220833333333
"2021-10-03 00:00:00","Fondo ERRANO","T0","WIND_SPEED",3.3975
"2021-10-03 00:00:00","Fondo ERRANO","T0","BIP",-112.086635520259
"2021-10-03 00:00:00","Fondo ERRANO","T0","BIG",-1.62847411807958
"2021-10-03 00:00:00","Fondo ERRANO","T0","ETC",1.62847411807958
"2021-10-03 00:00:00","Fondo ERRANO","T0","BATTERY_TENS",3492.27083333333
"2021-10-03 00:00:00","Fondo ERRANO","T0","WIND_DIRECTION",165.791666666667
"2021-10-03 00:00:00","Fondo ERRANO","T0","AIR_HUM",81.1625
"2021-10-03 00:00:00","Fondo ERRANO","T0","WIND_GUST_MAX",6.39
"2021-10-04 00:00:00","Fondo ERRANO","T0","AIR_TEMP",20.0552083333333
"2021-10-04 00:00:00","Fondo ERRANO","T0","SOLAR_RAD",110.652173913043
"2021-10-04 00:00:00","Fondo ERRANO","T0","WIND_SPEED",1.575
"2021-10-04 00:00:00","Fondo ERRANO","T0","ETC",1.25841127705445
"2021-10-04 00:00:00","Fondo ERRANO","T0","ET0",1.25841127705445
"2021-10-04 00:00:00","Fondo ERRANO","T0","BIG",-1.25841127705445
"2021-10-04 00:00:00","Fondo ERRANO","T0","WIND_GUST_MAX",4.41
"2021-10-04 00:00:00","Fondo ERRANO","T0","WIND_DIRECTION",180.770833333333
"2021-10-04 00:00:00","Fondo ERRANO","T0","BIP",-113.345046797314
"2021-10-04 00:00:00","Fondo ERRANO","T0","AIR_HUM",82.3583333333333
"2021-10-04 00:00:00","Fondo ERRANO","T0","BATTERY_TENS",3495.625
"2021-10-05 00:00:00","Fondo ERRANO","T0","SOLAR_RAD",130.561594202899
"2021-10-05 00:00:00","Fondo ERRANO","T0","ETC",1.24315694542627
"2021-10-05 00:00:00","Fondo ERRANO","T0","BIP",-112.78820374274
"2021-10-05 00:00:00","Fondo ERRANO","T0","BATTERY_TENS",3494.6875
"2021-10-05 00:00:00","Fondo ERRANO","T0","AIR_TEMP",18.8279166666667
"2021-10-05 00:00:00","Fondo ERRANO","T0","BIG",0.556843054573731
"2021-10-05 00:00:00","Fondo ERRANO","T0","ET0",1.24315694542627
"2021-10-05 00:00:00","Fondo ERRANO","T0","WIND_GUST_MAX",9.3075
"2021-10-05 00:00:00","Fondo ERRANO","T0","WIND_DIRECTION",216.625
"2021-10-05 00:00:00","Fondo ERRANO","T0","WIND_SPEED",4.8825
"2021-10-05 00:00:00","Fondo ERRANO","T0","AIR_HUM",76.49375
"2021-10-06 00:00:00","Fondo ERRANO","T0","ET0",1.61802861301072
"2021-10-06 00:00:00","Fondo ERRANO","T0","BATTERY_TENS",3492.89583333333
"2021-10-06 00:00:00","Fondo ERRANO","T0","WIND_GUST_MAX",9.225
"2021-10-06 00:00:00","Fondo ERRANO","T0","WIND_DIRECTION",226.333333333333
"2021-10-06 00:00:00","Fondo ERRANO","T0","SOLAR_RAD",168.659420289855
"2021-10-06 00:00:00","Fondo ERRANO","T0","AIR_HUM",75.9208333333333
"2021-10-06 00:00:00","Fondo ERRANO","T0","BIG",1.78197138698928
"2021-10-06 00:00:00","Fondo ERRANO","T0","ETC",1.61802861301072
"2021-10-06 00:00:00","Fondo ERRANO","T0","BIP",-111.006232355751
"2021-10-06 00:00:00","Fondo ERRANO","T0","WIND_SPEED",5.3925
"2021-10-06 00:00:00","Fondo ERRANO","T0","AIR_TEMP",17.7470833333333
"2021-10-07 00:00:00","Fondo ERRANO","T0","WIND_GUST_MAX",11.7225
"2021-10-07 00:00:00","Fondo ERRANO","T0","SOLAR_RAD",21.929347826087
"2021-10-07 00:00:00","Fondo ERRANO","T0","WIND_DIRECTION",268.291666666667
"2021-10-07 00:00:00","Fondo ERRANO","T0","BATTERY_TENS",3474.04166666667
"2021-10-07 00:00:00","Fondo ERRANO","T0","AIR_TEMP",12.7652083333333
"2021-10-07 00:00:00","Fondo ERRANO","T0","ET0",0.083308391458032
"2021-10-07 00:00:00","Fondo ERRANO","T0","AIR_HUM",91.3916666666667
"2021-10-07 00:00:00","Fondo ERRANO","T0","BIG",39.516691608542
"2021-10-07 00:00:00","Fondo ERRANO","T0","ETC",0.083308391458032
"2021-10-07 00:00:00","Fondo ERRANO","T0","BIP",-71.4895407472086
"2021-10-07 00:00:00","Fondo ERRANO","T0","WIND_SPEED",7.32
"2021-10-08 00:00:00","Fondo ERRANO","T0","WIND_GUST_MAX",7.89
"2021-10-08 00:00:00","Fondo ERRANO","T0","SOLAR_RAD",23.1974637681159
"2021-10-08 00:00:00","Fondo ERRANO","T0","BIG",1.07894441273745
"2021-10-08 00:00:00","Fondo ERRANO","T0","BATTERY_TENS",3475.72916666667
"2021-10-08 00:00:00","Fondo ERRANO","T0","BIP",-70.4105963344711
"2021-10-08 00:00:00","Fondo ERRANO","T0","ET0",0.121055587262548
"2021-10-08 00:00:00","Fondo ERRANO","T0","AIR_TEMP",14.5033333333333
"2021-10-08 00:00:00","Fondo ERRANO","T0","AIR_HUM",83.56875
"2021-10-08 00:00:00","Fondo ERRANO","T0","WIND_SPEED",4.8225
"2021-10-08 00:00:00","Fondo ERRANO","T0","ETC",0.121055587262548
"2021-10-08 00:00:00","Fondo ERRANO","T0","WIND_DIRECTION",137.666666666667
"2021-10-09 00:00:00","Fondo ERRANO","T0","SOLAR_RAD",65.036231884058
"2021-10-09 00:00:00","Fondo ERRANO","T0","WIND_SPEED",1.725
"2021-10-09 00:00:00","Fondo ERRANO","T0","BIP",-70.8862078147917
"2021-10-09 00:00:00","Fondo ERRANO","T0","AIR_TEMP",13.065
"2021-10-09 00:00:00","Fondo ERRANO","T0","BIG",-0.475611480320576
"2021-10-09 00:00:00","Fondo ERRANO","T0","AIR_HUM",83.5458333333333
"2021-10-09 00:00:00","Fondo ERRANO","T0","WIND_GUST_MAX",3.825
"2021-10-09 00:00:00","Fondo ERRANO","T0","ETC",0.475611480320576
"2021-10-09 00:00:00","Fondo ERRANO","T0","BATTERY_TENS",3481.02083333333
"2021-10-09 00:00:00","Fondo ERRANO","T0","WIND_DIRECTION",193.25
"2021-10-09 00:00:00","Fondo ERRANO","T0","ET0",0.475611480320576
"2021-10-10 00:00:00","Fondo ERRANO","T0","BIP",-71.7147003600339
"2021-10-10 00:00:00","Fondo ERRANO","T0","BATTERY_TENS",3476.54166666667
"2021-10-10 00:00:00","Fondo ERRANO","T0","WIND_DIRECTION",195.791666666667
"2021-10-10 00:00:00","Fondo ERRANO","T0","AIR_HUM",77.3333333333333
"2021-10-10 00:00:00","Fondo ERRANO","T0","ET0",0.82849254524224
"2021-10-10 00:00:00","Fondo ERRANO","T0","WIND_GUST_MAX",7.8975
"2021-10-10 00:00:00","Fondo ERRANO","T0","SOLAR_RAD",114.873188405797
"2021-10-10 00:00:00","Fondo ERRANO","T0","ETC",0.82849254524224
"2021-10-10 00:00:00","Fondo ERRANO","T0","BIG",-0.82849254524224
"2021-10-10 00:00:00","Fondo ERRANO","T0","WIND_SPEED",4.575
"2021-10-10 00:00:00","Fondo ERRANO","T0","AIR_TEMP",11.29125
"2021-10-11 00:00:00","Fondo ERRANO","T0","WIND_DIRECTION",227.6875
"2021-10-11 00:00:00","Fondo ERRANO","T0","WIND_GUST_MAX",6.9075
"2021-10-11 00:00:00","Fondo ERRANO","T0","AIR_TEMP",12.7135416666667
"2021-10-11 00:00:00","Fondo ERRANO","T0","ET0",0.827473933199724
"2021-10-11 00:00:00","Fondo ERRANO","T0","ETC",0.827473933199724
"2021-10-11 00:00:00","Fondo ERRANO","T0","BIG",-0.827473933199724
"2021-10-11 00:00:00","Fondo ERRANO","T0","BATTERY_TENS",3480.4375
"2021-10-11 00:00:00","Fondo ERRANO","T0","AIR_HUM",74.0416666666667
"2021-10-11 00:00:00","Fondo ERRANO","T0","SOLAR_RAD",102.780797101449
"2021-10-11 00:00:00","Fondo ERRANO","T0","WIND_SPEED",4.14
"2021-10-11 00:00:00","Fondo ERRANO","T0","BIP",-72.5421742932336
"2021-10-12 00:00:00","Fondo ERRANO","T0","AIR_HUM",78.8395833333333
"2021-10-12 00:00:00","Fondo ERRANO","T0","WIND_SPEED",4.3725
"2021-10-12 00:00:00","Fondo ERRANO","T0","BIG",-1.00122761294855
"2021-10-12 00:00:00","Fondo ERRANO","T0","AIR_TEMP",12.1045833333333
"2021-10-12 00:00:00","Fondo ERRANO","T0","WIND_GUST_MAX",7.125
"2021-10-12 00:00:00","Fondo ERRANO","T0","BIP",-73.5434019061822
"2021-10-12 00:00:00","Fondo ERRANO","T0","BATTERY_TENS",3482.1875
"2021-10-12 00:00:00","Fondo ERRANO","T0","WIND_DIRECTION",162.125
"2021-10-12 00:00:00","Fondo ERRANO","T0","SOLAR_RAD",122.952898550725
"2021-10-12 00:00:00","Fondo ERRANO","T0","ETC",1.00122761294855
"2021-10-12 00:00:00","Fondo ERRANO","T0","ET0",1.00122761294855
"2021-10-13 00:00:00","Fondo ERRANO","T0","BIP",-73.6688552262541
"2021-10-13 00:00:00","Fondo ERRANO","T0","AIR_TEMP",10.645
"2021-10-13 00:00:00","Fondo ERRANO","T0","ET0",0.925453320071864
"2021-10-13 00:00:00","Fondo ERRANO","T0","AIR_HUM",82.8978260869565
"2021-10-13 00:00:00","Fondo ERRANO","T0","SOLAR_RAD",113.969754253308
"2021-10-13 00:00:00","Fondo ERRANO","T0","BATTERY_TENS",3475.13333333333
"2021-10-13 00:00:00","Fondo ERRANO","T0","WIND_DIRECTION",205.555555555556
"2021-10-13 00:00:00","Fondo ERRANO","T0","BIG",-0.125453320071864
"2021-10-13 00:00:00","Fondo ERRANO","T0","WIND_GUST_MAX",5.976
"2021-10-13 00:00:00","Fondo ERRANO","T0","WIND_SPEED",3.448
"2021-10-13 00:00:00","Fondo ERRANO","T0","ETC",0.925453320071864
"2021-10-14 00:00:00","Fondo ERRANO","T0","WIND_DIRECTION",175.354166666667
"2021-10-14 00:00:00","Fondo ERRANO","T0","AIR_HUM",81.7958333333333
"2021-10-14 00:00:00","Fondo ERRANO","T0","WIND_GUST_MAX",6.1875
"2021-10-14 00:00:00","Fondo ERRANO","T0","BIP",-74.3082429226767
"2021-10-14 00:00:00","Fondo ERRANO","T0","ETC",1.03938769642267
"2021-10-14 00:00:00","Fondo ERRANO","T0","ET0",1.03938769642267
"2021-10-14 00:00:00","Fondo ERRANO","T0","BIG",-0.639387696422671
"2021-10-14 00:00:00","Fondo ERRANO","T0","WIND_SPEED",3.4125
"2021-10-14 00:00:00","Fondo ERRANO","T0","BATTERY_TENS",3467.875
"2021-10-14 00:00:00","Fondo ERRANO","T0","AIR_TEMP",9.45041666666667
"2021-10-14 00:00:00","Fondo ERRANO","T0","SOLAR_RAD",133.541666666667
"2021-10-15 00:00:00","Fondo ERRANO","T0","WIND_SPEED",4.4175
"2021-10-15 00:00:00","Fondo ERRANO","T0","AIR_HUM",76.58125
"2021-10-15 00:00:00","Fondo ERRANO","T0","ETC",1.22213765856395
"2021-10-15 00:00:00","Fondo ERRANO","T0","WIND_DIRECTION",201.375
"2021-10-15 00:00:00","Fondo ERRANO","T0","ET0",1.22213765856395
"2021-10-15 00:00:00","Fondo ERRANO","T0","AIR_TEMP",10.0885416666667
"2021-10-15 00:00:00","Fondo ERRANO","T0","BIP",-75.5303805812407
"2021-10-15 00:00:00","Fondo ERRANO","T0","BATTERY_TENS",3468.77083333333
"2021-10-15 00:00:00","Fondo ERRANO","T0","WIND_GUST_MAX",7.29
"2021-10-15 00:00:00","Fondo ERRANO","T0","SOLAR_RAD",142.880434782609
"2021-10-15 00:00:00","Fondo ERRANO","T0","BIG",-1.22213765856395
"2021-10-16 00:00:00","Fondo ERRANO","T0","ET0",1.19135575070527
"2021-10-16 00:00:00","Fondo ERRANO","T0","AIR_TEMP",11.2139583333333
"2021-10-16 00:00:00","Fondo ERRANO","T0","ETC",1.19135575070527
"2021-10-16 00:00:00","Fondo ERRANO","T0","BATTERY_TENS",3468.3125
"2021-10-16 00:00:00","Fondo ERRANO","T0","SOLAR_RAD",135.353260869565
"2021-10-16 00:00:00","Fondo ERRANO","T0","AIR_HUM",77.8770833333333
"2021-10-16 00:00:00","Fondo ERRANO","T0","WIND_DIRECTION",226.416666666667
"2021-10-16 00:00:00","Fondo ERRANO","T0","BIP",-76.721736331946
"2021-10-16 00:00:00","Fondo ERRANO","T0","WIND_SPEED",4.485
"2021-10-16 00:00:00","Fondo ERRANO","T0","BIG",-1.19135575070527
"2021-10-16 00:00:00","Fondo ERRANO","T0","WIND_GUST_MAX",7.0575
"2021-10-17 00:00:00","Fondo ERRANO","T0","AIR_HUM",78.1604166666667
"2021-10-17 00:00:00","Fondo ERRANO","T0","ETC",1.254602625115
"2021-10-17 00:00:00","Fondo ERRANO","T0","ET0",1.254602625115
"2021-10-17 00:00:00","Fondo ERRANO","T0","BIG",-1.254602625115
"2021-10-17 00:00:00","Fondo ERRANO","T0","BATTERY_TENS",3471.29166666667
"2021-10-17 00:00:00","Fondo ERRANO","T0","AIR_TEMP",12.0997916666667
"2021-10-17 00:00:00","Fondo ERRANO","T0","WIND_SPEED",4.32
"2021-10-17 00:00:00","Fondo ERRANO","T0","WIND_GUST_MAX",6.8025
"2021-10-17 00:00:00","Fondo ERRANO","T0","WIND_DIRECTION",195.666666666667
"2021-10-17 00:00:00","Fondo ERRANO","T0","BIP",-77.976338957061
"2021-10-17 00:00:00","Fondo ERRANO","T0","SOLAR_RAD",138.414855072464
"2021-10-18 00:00:00","Fondo ERRANO","T0","BIP",-79.2164016137386
"2021-10-18 00:00:00","Fondo ERRANO","T0","BIG",-1.24006265667759
"2021-10-18 00:00:00","Fondo ERRANO","T0","WIND_SPEED",3.735
"2021-10-18 00:00:00","Fondo ERRANO","T0","ET0",1.24006265667759
"2021-10-18 00:00:00","Fondo ERRANO","T0","WIND_DIRECTION",172.520833333333
"2021-10-18 00:00:00","Fondo ERRANO","T0","BATTERY_TENS",3471.75
"2021-10-18 00:00:00","Fondo ERRANO","T0","ETC",1.24006265667759
"2021-10-18 00:00:00","Fondo ERRANO","T0","SOLAR_RAD",135.018115942029
"2021-10-18 00:00:00","Fondo ERRANO","T0","WIND_GUST_MAX",6.5025
"2021-10-18 00:00:00","Fondo ERRANO","T0","AIR_HUM",75.3916666666667
"2021-10-18 00:00:00","Fondo ERRANO","T0","AIR_TEMP",11.979375
"2021-10-19 00:00:00","Fondo ERRANO","T0","SOLAR_RAD",121.193339500463
"2021-10-19 00:00:00","Fondo ERRANO","T0","BIG",-1.11943424696986
"2021-10-19 00:00:00","Fondo ERRANO","T0","BIP",-80.3358358607084
"2021-10-19 00:00:00","Fondo ERRANO","T0","AIR_HUM",77.9085106382979
"2021-10-19 00:00:00","Fondo ERRANO","T0","ET0",1.11943424696986
"2021-10-19 00:00:00","Fondo ERRANO","T0","WIND_GUST_MAX",6.22723404255319
"2021-10-19 00:00:00","Fondo ERRANO","T0","WIND_SPEED",3.83744680851064
"2021-10-19 00:00:00","Fondo ERRANO","T0","ETC",1.11943424696986
"2021-10-19 00:00:00","Fondo ERRANO","T0","BATTERY_TENS",3474.29787234043
"2021-10-19 00:00:00","Fondo ERRANO","T0","WIND_DIRECTION",164.978723404255
"2021-10-19 00:00:00","Fondo ERRANO","T0","AIR_TEMP",12.6142553191489
"2021-10-20 00:00:00","Fondo ERRANO","T0","WIND_DIRECTION",211.065217391304
"2021-10-20 00:00:00","Fondo ERRANO","T0","BIP",-81.7800567026417
"2021-10-20 00:00:00","Fondo ERRANO","T0","WIND_SPEED",3.17739130434783
"2021-10-20 00:00:00","Fondo ERRANO","T0","AIR_HUM",78.4851063829787
"2021-10-20 00:00:00","Fondo ERRANO","T0","BIG",-1.44422084193328
"2021-10-20 00:00:00","Fondo ERRANO","T0","WIND_GUST_MAX",6.12782608695652
"2021-10-20 00:00:00","Fondo ERRANO","T0","ETC",1.44422084193328
"2021-10-20 00:00:00","Fondo ERRANO","T0","AIR_TEMP",14.1897872340426
"2021-10-20 00:00:00","Fondo ERRANO","T0","ET0",1.44422084193328
"2021-10-20 00:00:00","Fondo ERRANO","T0","SOLAR_RAD",130.527289546716
"2021-10-20 00:00:00","Fondo ERRANO","T0","BATTERY_TENS",3472.89130434783
"2021-10-21 00:00:00","Fondo ERRANO","T0","WIND_SPEED",4.49617021276596
"2021-10-21 00:00:00","Fondo ERRANO","T0","WIND_DIRECTION",216.191489361702
"2021-10-21 00:00:00","Fondo ERRANO","T0","BIP",-82.339452552554
"2021-10-21 00:00:00","Fondo ERRANO","T0","WIND_GUST_MAX",9.4136170212766
"2021-10-21 00:00:00","Fondo ERRANO","T0","BATTERY_TENS",3476.46808510638
"2021-10-21 00:00:00","Fondo ERRANO","T0","BIG",-0.559395849912256
"2021-10-21 00:00:00","Fondo ERRANO","T0","ETC",0.559395849912256
"2021-10-21 00:00:00","Fondo ERRANO","T0","AIR_TEMP",17.125
"2021-10-21 00:00:00","Fondo ERRANO","T0","ET0",0.559395849912256
"2021-10-21 00:00:00","Fondo ERRANO","T0","AIR_HUM",72.6666666666667
"2021-10-21 00:00:00","Fondo ERRANO","T0","SOLAR_RAD",58.4329710144928
"2021-10-22 00:00:00","Fondo ERRANO","T0","BIG",0.109510131791199
"2021-10-22 00:00:00","Fondo ERRANO","T0","WIND_SPEED",0.474893617021277
"2021-10-22 00:00:00","Fondo ERRANO","T0","BATTERY_TENS",3482.78723404255
"2021-10-22 00:00:00","Fondo ERRANO","T0","BIP",-82.2299424207628
"2021-10-22 00:00:00","Fondo ERRANO","T0","WIND_GUST_MAX",2.35914893617021
"2021-10-22 00:00:00","Fondo ERRANO","T0","ET0",0.2904898682088
"2021-10-22 00:00:00","Fondo ERRANO","T0","AIR_HUM",88.775
"2021-10-22 00:00:00","Fondo ERRANO","T0","ETC",0.2904898682088
"2021-10-22 00:00:00","Fondo ERRANO","T0","WIND_DIRECTION",149.31914893617
"2021-10-22 00:00:00","Fondo ERRANO","T0","SOLAR_RAD",43.0797101449275
"2021-10-22 00:00:00","Fondo ERRANO","T0","AIR_TEMP",14.1877083333333
"2021-10-23 00:00:00","Fondo ERRANO","T0","WIND_DIRECTION",221
"2021-10-23 00:00:00","Fondo ERRANO","T0","BATTERY_TENS",3485.16666666667
"2021-10-23 00:00:00","Fondo ERRANO","T0","SOLAR_RAD",32.0199275362319
"2021-10-23 00:00:00","Fondo ERRANO","T0","AIR_TEMP",14.0079166666667
"2021-10-23 00:00:00","Fondo ERRANO","T0","AIR_HUM",92.9458333333333
"2021-10-23 00:00:00","Fondo ERRANO","T0","GUST",2.205
"2021-10-23 00:00:00","Fondo ERRANO","T0","WIND_SPEED",0.6075
"2021-10-24 00:00:00","Fondo ERRANO","T0","AIR_TEMP",12.2629166666667
"2021-10-24 00:00:00","Fondo ERRANO","T0","WIND_DIRECTION",159.583333333333
"2021-10-24 00:00:00","Fondo ERRANO","T0","AIR_HUM",87.3166666666667
"2021-10-24 00:00:00","Fondo ERRANO","T0","GUST",3.2325
"2021-10-24 00:00:00","Fondo ERRANO","T0","WIND_SPEED",1.5525
"2021-10-24 00:00:00","Fondo ERRANO","T0","SOLAR_RAD",88.6684782608697
"2021-10-24 00:00:00","Fondo ERRANO","T0","BATTERY_TENS",3482.3125
"2021-10-25 00:00:00","Fondo ERRANO","T0","AIR_TEMP",10.5739583333333
"2021-10-25 00:00:00","Fondo ERRANO","T0","WIND_DIRECTION",204.085106382979
"2021-10-25 00:00:00","Fondo ERRANO","T0","BATTERY_TENS",3473.1914893617
"2021-10-25 00:00:00","Fondo ERRANO","T0","AIR_HUM",85.38125
"2021-10-25 00:00:00","Fondo ERRANO","T0","SOLAR_RAD",96.8025362318843
"2021-10-25 00:00:00","Fondo ERRANO","T0","WIND_SPEED",1.6468085106383
"2021-10-25 00:00:00","Fondo ERRANO","T0","GUST",3.71489361702128
"2021-10-26 00:00:00","Fondo ERRANO","T0","GUST",1.9575
"2021-10-26 00:00:00","Fondo ERRANO","T0","BATTERY_TENS",3475.29166666667
"2021-10-26 00:00:00","Fondo ERRANO","T0","AIR_TEMP",11.7954166666667
"2021-10-26 00:00:00","Fondo ERRANO","T0","SOLAR_RAD",40.2355072463768
"2021-10-26 00:00:00","Fondo ERRANO","T0","WIND_SPEED",0.4575
"2021-10-26 00:00:00","Fondo ERRANO","T0","AIR_HUM",83.25
"2021-10-26 00:00:00","Fondo ERRANO","T0","WIND_DIRECTION",160.6875
"2021-10-27 00:00:00","Fondo ERRANO","T0","WIND_SPEED",3.54
"2021-10-27 00:00:00","Fondo ERRANO","T0","AIR_TEMP",12.0172916666667
"2021-10-27 00:00:00","Fondo ERRANO","T0","SOLAR_RAD",109.311594202899
"2021-10-27 00:00:00","Fondo ERRANO","T0","WIND_DIRECTION",229.604166666667
"2021-10-27 00:00:00","Fondo ERRANO","T0","AIR_HUM",79.11875
"2021-10-27 00:00:00","Fondo ERRANO","T0","BATTERY_TENS",3479.0625
"2021-10-27 00:00:00","Fondo ERRANO","T0","GUST",5.4075
"2021-10-28 00:00:00","Fondo ERRANO","T0","BATTERY_TENS",3474.70833333333
"2021-10-28 00:00:00","Fondo ERRANO","T0","SOLAR_RAD",110.172101449275
"2021-10-28 00:00:00","Fondo ERRANO","T0","AIR_HUM",79.3895833333333
"2021-10-28 00:00:00","Fondo ERRANO","T0","AIR_TEMP",11.1597916666667
"2021-10-28 00:00:00","Fondo ERRANO","T0","WIND_DIRECTION",212.333333333333
"2021-10-28 00:00:00","Fondo ERRANO","T0","WIND_SPEED",4.56
"2021-10-28 00:00:00","Fondo ERRANO","T0","GUST",7.14
"2021-10-29 00:00:00","Fondo ERRANO","T0","GUST",5.6925
"2021-10-29 00:00:00","Fondo ERRANO","T0","WIND_DIRECTION",167.895833333333
"2021-10-29 00:00:00","Fondo ERRANO","T0","AIR_HUM",82.5229166666667
"2021-10-29 00:00:00","Fondo ERRANO","T0","BATTERY_TENS",3470.39583333333
"2021-10-29 00:00:00","Fondo ERRANO","T0","SOLAR_RAD",99.4021739130437
"2021-10-29 00:00:00","Fondo ERRANO","T0","WIND_SPEED",3.2775
"2021-10-29 00:00:00","Fondo ERRANO","T0","AIR_TEMP",10.0985416666667
"2021-10-30 00:00:00","Fondo ERRANO","T0","AIR_HUM",85.4104166666667
"2021-10-30 00:00:00","Fondo ERRANO","T0","WIND_DIRECTION",160.708333333333
"2021-10-30 00:00:00","Fondo ERRANO","T0","SOLAR_RAD",91.5307971014496
"2021-10-30 00:00:00","Fondo ERRANO","T0","AIR_TEMP",11.7260416666667
"2021-10-30 00:00:00","Fondo ERRANO","T0","BATTERY_TENS",3473.375
"2021-10-30 00:00:00","Fondo ERRANO","T0","GUST",4.5075
"2021-10-30 00:00:00","Fondo ERRANO","T0","WIND_SPEED",2.31
"2021-10-31 00:00:00","Fondo ERRANO","T0","GUST",1.11673469387755
"2021-10-31 00:00:00","Fondo ERRANO","T0","SOLAR_RAD",25.7565217391305
"2021-10-31 00:00:00","Fondo ERRANO","T0","BATTERY_TENS",3473.36734693878
"2021-10-31 00:00:00","Fondo ERRANO","T0","WIND_DIRECTION",175.244897959184
"2021-10-31 00:00:00","Fondo ERRANO","T0","WIND_SPEED",0.323265306122449
"2021-10-31 00:00:00","Fondo ERRANO","T0","AIR_TEMP",12.2514
"2021-10-31 00:00:00","Fondo ERRANO","T0","AIR_HUM",89.634
"2021-11-01 00:00:00","Fondo ERRANO","T0","WIND_SPEED",1.6725
"2021-11-01 00:00:00","Fondo ERRANO","T0","SOLAR_RAD",23.4329710144929
"2021-11-01 00:00:00","Fondo ERRANO","T0","GUST",3.5925
"2021-11-01 00:00:00","Fondo ERRANO","T0","AIR_HUM",95.8291666666667
"2021-11-01 00:00:00","Fondo ERRANO","T0","BATTERY_TENS",3474.66666666667
"2021-11-01 00:00:00","Fondo ERRANO","T0","AIR_TEMP",11.9166666666667
"2021-11-01 00:00:00","Fondo ERRANO","T0","WIND_DIRECTION",160.604166666667
"2021-11-02 00:00:00","Fondo ERRANO","T0","SOLAR_RAD",110.851449275363
"2021-11-02 00:00:00","Fondo ERRANO","T0","WIND_DIRECTION",237.5625
"2021-11-02 00:00:00","Fondo ERRANO","T0","WIND_SPEED",6.3525
"2021-11-02 00:00:00","Fondo ERRANO","T0","AIR_TEMP",13.9008333333333
"2021-11-02 00:00:00","Fondo ERRANO","T0","BATTERY_TENS",3475.1875
"2021-11-02 00:00:00","Fondo ERRANO","T0","AIR_HUM",78.375
"2021-11-02 00:00:00","Fondo ERRANO","T0","GUST",10.6425
"2021-11-03 00:00:00","Fondo ERRANO","T0","GUST",4.4175
"2021-11-03 00:00:00","Fondo ERRANO","T0","BATTERY_TENS",3478.35416666667
"2021-11-03 00:00:00","Fondo ERRANO","T0","AIR_TEMP",13.3204166666667
"2021-11-03 00:00:00","Fondo ERRANO","T0","WIND_DIRECTION",185.895833333333
"2021-11-03 00:00:00","Fondo ERRANO","T0","SOLAR_RAD",48.1068840579708
"2021-11-03 00:00:00","Fondo ERRANO","T0","AIR_HUM",86.2666666666667
"2021-11-03 00:00:00","Fondo ERRANO","T0","WIND_SPEED",1.5
"2021-11-04 00:00:00","Fondo ERRANO","T0","SOLAR_RAD",105.938945420907
"2021-11-04 00:00:00","Fondo ERRANO","T0","BATTERY_TENS",3483.29166666667
"2021-11-04 00:00:00","Fondo ERRANO","T0","WIND_DIRECTION",217.9375
"2021-11-04 00:00:00","Fondo ERRANO","T0","GUST",14.055
"2021-11-04 00:00:00","Fondo ERRANO","T0","AIR_HUM",70.5106382978723
"2021-11-04 00:00:00","Fondo ERRANO","T0","AIR_TEMP",13.8717021276596
"2021-11-04 00:00:00","Fondo ERRANO","T0","WIND_SPEED",9.09
"2021-11-05 00:00:00","Fondo ERRANO","T0","BATTERY_TENS",3469.54166666667
"2021-11-05 00:00:00","Fondo ERRANO","T0","AIR_HUM",83.6666666666667
"2021-11-05 00:00:00","Fondo ERRANO","T0","WIND_SPEED",2.4075
"2021-11-05 00:00:00","Fondo ERRANO","T0","AIR_TEMP",9.64
"2021-11-05 00:00:00","Fondo ERRANO","T0","GUST",4.95
"2021-11-05 00:00:00","Fondo ERRANO","T0","WIND_DIRECTION",224.645833333333
"2021-11-05 00:00:00","Fondo ERRANO","T0","SOLAR_RAD",69.5652173913041
"2021-11-06 00:00:00","Fondo ERRANO","T0","SOLAR_RAD",55.5163043478261
"2021-11-06 00:00:00","Fondo ERRANO","T0","GUST",5.9475
"2021-11-06 00:00:00","Fondo ERRANO","T0","AIR_HUM",82.0979166666667
"2021-11-06 00:00:00","Fondo ERRANO","T0","BATTERY_TENS",3464.52083333333
"2021-11-06 00:00:00","Fondo ERRANO","T0","WIND_SPEED",2.835
"2021-11-06 00:00:00","Fondo ERRANO","T0","AIR_TEMP",10.79
"2021-11-06 00:00:00","Fondo ERRANO","T0","WIND_DIRECTION",261.354166666667
"2021-11-07 00:00:00","Fondo ERRANO","T0","AIR_TEMP",10.16875
"2021-11-07 00:00:00","Fondo ERRANO","T0","SOLAR_RAD",28.451086956522
"2021-11-07 00:00:00","Fondo ERRANO","T0","GUST",3.4575
"2021-11-07 00:00:00","Fondo ERRANO","T0","AIR_HUM",87.9208333333333
"2021-11-07 00:00:00","Fondo ERRANO","T0","WIND_DIRECTION",210.645833333333
"2021-11-07 00:00:00","Fondo ERRANO","T0","BATTERY_TENS",3466.47916666667
"2021-11-07 00:00:00","Fondo ERRANO","T0","WIND_SPEED",1.5975
"2021-11-08 00:00:00","Fondo ERRANO","T0","AIR_HUM",91.6916666666667
"2021-11-08 00:00:00","Fondo ERRANO","T0","GUST",3.885
"2021-11-08 00:00:00","Fondo ERRANO","T0","WIND_DIRECTION",222.020833333333
"2021-11-08 00:00:00","Fondo ERRANO","T0","WIND_SPEED",1.32
"2021-11-08 00:00:00","Fondo ERRANO","T0","BATTERY_TENS",3471.16666666667
"2021-11-08 00:00:00","Fondo ERRANO","T0","AIR_TEMP",9.68166666666667
"2021-11-08 00:00:00","Fondo ERRANO","T0","SOLAR_RAD",12.6721014492753
"2021-11-09 00:00:00","Fondo ERRANO","T0","SOLAR_RAD",20.3170289855074
"2021-11-09 00:00:00","Fondo ERRANO","T0","AIR_HUM",89.8541666666667
"2021-11-09 00:00:00","Fondo ERRANO","T0","AIR_TEMP",9.95604166666667
"2021-11-09 00:00:00","Fondo ERRANO","T0","WIND_DIRECTION",252.916666666667
"2021-11-09 00:00:00","Fondo ERRANO","T0","BATTERY_TENS",3468.1875
"2021-11-09 00:00:00","Fondo ERRANO","T0","WIND_SPEED",2.04
"2021-11-09 00:00:00","Fondo ERRANO","T0","GUST",5.07
"2021-11-10 00:00:00","Fondo ERRANO","T0","WIND_DIRECTION",237.416666666667
"2021-11-10 00:00:00","Fondo ERRANO","T0","WIND_SPEED",0.8925
"2021-11-10 00:00:00","Fondo ERRANO","T0","GUST",2.5875
"2021-11-10 00:00:00","Fondo ERRANO","T0","AIR_TEMP",11.269375
"2021-11-10 00:00:00","Fondo ERRANO","T0","BATTERY_TENS",3472.70833333333
"2021-11-10 00:00:00","Fondo ERRANO","T0","SOLAR_RAD",57.2463768115942
"2021-11-10 00:00:00","Fondo ERRANO","T0","AIR_HUM",86.4791666666667
"2021-11-11 00:00:00","Fondo ERRANO","T0","WIND_DIRECTION",234.125
"2021-11-11 00:00:00","Fondo ERRANO","T0","WIND_SPEED",0.78
"2021-11-11 00:00:00","Fondo ERRANO","T0","SOLAR_RAD",53.894927536232
"2021-11-11 00:00:00","Fondo ERRANO","T0","AIR_TEMP",11.3547916666667
"2021-11-11 00:00:00","Fondo ERRANO","T0","GUST",2.505
"2021-11-11 00:00:00","Fondo ERRANO","T0","BATTERY_TENS",3473.375
"2021-11-11 00:00:00","Fondo ERRANO","T0","AIR_HUM",86.8083333333333
"2021-11-12 00:00:00","Fondo ERRANO","T0","AIR_TEMP",10.2716666666667
"2021-11-12 00:00:00","Fondo ERRANO","T0","AIR_HUM",91.4729166666667
"2021-11-12 00:00:00","Fondo ERRANO","T0","BATTERY_TENS",3471.33333333333
"2021-11-12 00:00:00","Fondo ERRANO","T0","GUST",3.4875
"2021-11-12 00:00:00","Fondo ERRANO","T0","WIND_SPEED",1.8375
"2021-11-12 00:00:00","Fondo ERRANO","T0","SOLAR_RAD",65.1811594202896
"2021-11-12 00:00:00","Fondo ERRANO","T0","WIND_DIRECTION",177.416666666667
"2021-11-13 00:00:00","Fondo ERRANO","T0","SOLAR_RAD",79.7282608695654
"2021-11-13 00:00:00","Fondo ERRANO","T0","WIND_DIRECTION",145.5
"2021-11-13 00:00:00","Fondo ERRANO","T0","WIND_SPEED",2.055
"2021-11-13 00:00:00","Fondo ERRANO","T0","BATTERY_TENS",3468.66666666667
"2021-11-13 00:00:00","Fondo ERRANO","T0","GUST",3.96
"2021-11-13 00:00:00","Fondo ERRANO","T0","AIR_TEMP",10.483125
"2021-11-13 00:00:00","Fondo ERRANO","T0","AIR_HUM",93.5770833333333
"2021-11-14 00:00:00","Fondo ERRANO","T0","AIR_HUM",96.7770833333333
"2021-11-14 00:00:00","Fondo ERRANO","T0","SOLAR_RAD",35.1630434782608
"2021-11-14 00:00:00","Fondo ERRANO","T0","BATTERY_TENS",3463.375
"2021-11-14 00:00:00","Fondo ERRANO","T0","WIND_SPEED",0.5625
"2021-11-14 00:00:00","Fondo ERRANO","T0","WIND_DIRECTION",178.208333333333
"2021-11-14 00:00:00","Fondo ERRANO","T0","GUST",2.025
"2021-11-14 00:00:00","Fondo ERRANO","T0","AIR_TEMP",11.6225
"2021-11-15 00:00:00","Fondo ERRANO","T0","BATTERY_TENS",3465.20833333333
"2021-11-15 00:00:00","Fondo ERRANO","T0","AIR_HUM",95.3625
"2021-11-15 00:00:00","Fondo ERRANO","T0","AIR_TEMP",13.353125
"2021-11-15 00:00:00","Fondo ERRANO","T0","SOLAR_RAD",18.876811594203
"2021-11-15 00:00:00","Fondo ERRANO","T0","GUST",7.785
"2021-11-15 00:00:00","Fondo ERRANO","T0","WIND_DIRECTION",87.0208333333333
"2021-11-15 00:00:00","Fondo ERRANO","T0","WIND_SPEED",4.56
"2021-11-16 00:00:00","Fondo ERRANO","T0","AIR_TEMP",9.79041666666667
"2021-11-16 00:00:00","Fondo ERRANO","T0","AIR_HUM",95.525
"2021-11-16 00:00:00","Fondo ERRANO","T0","WIND_DIRECTION",229.625
"2021-11-16 00:00:00","Fondo ERRANO","T0","GUST",3.9525
"2021-11-16 00:00:00","Fondo ERRANO","T0","SOLAR_RAD",11.2862318840579
"2021-11-16 00:00:00","Fondo ERRANO","T0","BATTERY_TENS",3457.41666666667
"2021-11-16 00:00:00","Fondo ERRANO","T0","WIND_SPEED",1.8075
"2021-11-17 00:00:00","Fondo ERRANO","T0","AIR_HUM",94.5229166666667
"2021-11-17 00:00:00","Fondo ERRANO","T0","WIND_SPEED",1.02
"2021-11-17 00:00:00","Fondo ERRANO","T0","GUST",2.6475
"2021-11-17 00:00:00","Fondo ERRANO","T0","SOLAR_RAD",35.2355072463767
"2021-11-17 00:00:00","Fondo ERRANO","T0","WIND_DIRECTION",257.645833333333
"2021-11-17 00:00:00","Fondo ERRANO","T0","AIR_TEMP",10.4635416666667
"2021-11-17 00:00:00","Fondo ERRANO","T0","BATTERY_TENS",3465.0625
"2021-11-18 00:00:00","Fondo ERRANO","T0","SOLAR_RAD",26.4311594202898
"2021-11-18 00:00:00","Fondo ERRANO","T0","BATTERY_TENS",3473.8125
"2021-11-18 00:00:00","Fondo ERRANO","T0","AIR_HUM",93.6229166666667
"2021-11-18 00:00:00","Fondo ERRANO","T0","WIND_SPEED",0.525
"2021-11-18 00:00:00","Fondo ERRANO","T0","AIR_TEMP",11.3283333333333
"2021-11-18 00:00:00","Fondo ERRANO","T0","GUST",2.07
"2021-11-18 00:00:00","Fondo ERRANO","T0","WIND_DIRECTION",220.979166666667
"2021-11-19 00:00:00","Fondo ERRANO","T0","GUST",2.67
"2021-11-19 00:00:00","Fondo ERRANO","T0","AIR_TEMP",9.53125
"2021-11-19 00:00:00","Fondo ERRANO","T0","BATTERY_TENS",3475.70833333333
"2021-11-19 00:00:00","Fondo ERRANO","T0","SOLAR_RAD",37.2010869565217
"2021-11-19 00:00:00","Fondo ERRANO","T0","WIND_SPEED",0.93
"2021-11-19 00:00:00","Fondo ERRANO","T0","AIR_HUM",96.2979166666667
"2021-11-19 00:00:00","Fondo ERRANO","T0","WIND_DIRECTION",217.041666666667
"2021-11-20 00:00:00","Fondo ERRANO","T0","GUST",4.245
"2021-11-20 00:00:00","Fondo ERRANO","T0","BATTERY_TENS",3472.1875
"2021-11-20 00:00:00","Fondo ERRANO","T0","SOLAR_RAD",20.9692028985508
"2021-11-20 00:00:00","Fondo ERRANO","T0","WIND_DIRECTION",192.666666666667
"2021-11-20 00:00:00","Fondo ERRANO","T0","AIR_HUM",96.6583333333333
"2021-11-20 00:00:00","Fondo ERRANO","T0","AIR_TEMP",8.36166666666667
"2021-11-20 00:00:00","Fondo ERRANO","T0","WIND_SPEED",1.5525
"2021-11-21 00:00:00","Fondo ERRANO","T0","WIND_SPEED",1.275
"2021-11-21 00:00:00","Fondo ERRANO","T0","AIR_HUM",98.4
"2021-11-21 00:00:00","Fondo ERRANO","T0","AIR_TEMP",6.57708333333333
"2021-11-21 00:00:00","Fondo ERRANO","T0","SOLAR_RAD",29.2391304347828
"2021-11-21 00:00:00","Fondo ERRANO","T0","WIND_DIRECTION",157.5625
"2021-11-21 00:00:00","Fondo ERRANO","T0","GUST",3.555
"2021-11-21 00:00:00","Fondo ERRANO","T0","BATTERY_TENS",3465.20833333333
"2021-11-22 00:00:00","Fondo ERRANO","T0","WIND_SPEED",1.1325
"2021-11-22 00:00:00","Fondo ERRANO","T0","SOLAR_RAD",12.572463768116
"2021-11-22 00:00:00","Fondo ERRANO","T0","GUST",2.895
"2021-11-22 00:00:00","Fondo ERRANO","T0","WIND_DIRECTION",244.666666666667
"2021-11-22 00:00:00","Fondo ERRANO","T0","AIR_TEMP",9.02354166666666
"2021-11-22 00:00:00","Fondo ERRANO","T0","BATTERY_TENS",3463.60416666667
"2021-11-22 00:00:00","Fondo ERRANO","T0","AIR_HUM",99.2145833333333
"2021-11-23 00:00:00","Fondo ERRANO","T0","WIND_SPEED",0.7575
"2021-11-23 00:00:00","Fondo ERRANO","T0","WIND_DIRECTION",183.395833333333
"2021-11-23 00:00:00","Fondo ERRANO","T0","GUST",2.115
"2021-11-23 00:00:00","Fondo ERRANO","T0","AIR_HUM",96.0333333333334
"2021-11-23 00:00:00","Fondo ERRANO","T0","AIR_TEMP",8.94583333333333
"2021-11-23 00:00:00","Fondo ERRANO","T0","SOLAR_RAD",28.6865942028985
"2021-11-23 00:00:00","Fondo ERRANO","T0","BATTERY_TENS",3467.89583333333
"2021-11-24 00:00:00","Fondo ERRANO","T0","SOLAR_RAD",60.0362318840579
"2021-11-24 00:00:00","Fondo ERRANO","T0","BATTERY_TENS",3468.9375
"2021-11-24 00:00:00","Fondo ERRANO","T0","WIND_DIRECTION",192.375
"2021-11-24 00:00:00","Fondo ERRANO","T0","WIND_SPEED",1.1475
"2021-11-24 00:00:00","Fondo ERRANO","T0","AIR_HUM",89.2104166666667
"2021-11-24 00:00:00","Fondo ERRANO","T0","GUST",2.655
"2021-11-24 00:00:00","Fondo ERRANO","T0","AIR_TEMP",7.105
"2021-11-25 00:00:00","Fondo ERRANO","T0","AIR_TEMP",6.57791666666667
"2021-11-25 00:00:00","Fondo ERRANO","T0","GUST",3.3375
"2021-11-25 00:00:00","Fondo ERRANO","T0","WIND_SPEED",1.68
"2021-11-25 00:00:00","Fondo ERRANO","T0","WIND_DIRECTION",262
"2021-11-25 00:00:00","Fondo ERRANO","T0","BATTERY_TENS",3459.02083333333
"2021-11-25 00:00:00","Fondo ERRANO","T0","SOLAR_RAD",8.88586956521741
"2021-11-25 00:00:00","Fondo ERRANO","T0","AIR_HUM",93.8979166666667
"2021-11-26 00:00:00","Fondo ERRANO","T0","WIND_SPEED",1.5525
"2021-11-26 00:00:00","Fondo ERRANO","T0","BATTERY_TENS",3457.45833333333
"2021-11-26 00:00:00","Fondo ERRANO","T0","WIND_DIRECTION",201.645833333333
"2021-11-26 00:00:00","Fondo ERRANO","T0","SOLAR_RAD",70.4619565217393
"2021-11-26 00:00:00","Fondo ERRANO","T0","GUST",3.525
"2021-11-26 00:00:00","Fondo ERRANO","T0","AIR_TEMP",7.68083333333333
"2021-11-26 00:00:00","Fondo ERRANO","T0","AIR_HUM",92.4
"2021-11-27 00:00:00","Fondo ERRANO","T0","WIND_SPEED",6.7575
"2021-11-27 00:00:00","Fondo ERRANO","T0","SOLAR_RAD",65.5434782608692
"2021-11-27 00:00:00","Fondo ERRANO","T0","BATTERY_TENS",3463.64583333333
"2021-11-27 00:00:00","Fondo ERRANO","T0","GUST",12.3675
"2021-11-27 00:00:00","Fondo ERRANO","T0","AIR_TEMP",11.0710416666667
"2021-11-27 00:00:00","Fondo ERRANO","T0","AIR_HUM",71.4479166666667
"2021-11-27 00:00:00","Fondo ERRANO","T0","WIND_DIRECTION",215.916666666667
"2021-11-28 00:00:00","Fondo ERRANO","T0","WIND_SPEED",3.555
"2021-11-28 00:00:00","Fondo ERRANO","T0","AIR_TEMP",6.209375
"2021-11-28 00:00:00","Fondo ERRANO","T0","WIND_DIRECTION",210.729166666667
"2021-11-28 00:00:00","Fondo ERRANO","T0","BATTERY_TENS",3456.75
"2021-11-28 00:00:00","Fondo ERRANO","T0","SOLAR_RAD",57.9800724637683
"2021-11-28 00:00:00","Fondo ERRANO","T0","GUST",8.085
"2021-11-28 00:00:00","Fondo ERRANO","T0","AIR_HUM",83.7229166666667
"2021-11-29 00:00:00","Fondo ERRANO","T0","AIR_HUM",88.51875
"2021-11-29 00:00:00","Fondo ERRANO","T0","BATTERY_TENS",3450.25
"2021-11-29 00:00:00","Fondo ERRANO","T0","WIND_DIRECTION",256.270833333333
"2021-11-29 00:00:00","Fondo ERRANO","T0","AIR_TEMP",2.93708333333333
"2021-11-29 00:00:00","Fondo ERRANO","T0","GUST",7.875
"2021-11-29 00:00:00","Fondo ERRANO","T0","WIND_SPEED",4.83
"2021-11-29 00:00:00","Fondo ERRANO","T0","SOLAR_RAD",18.0706521739131
"2021-11-30 00:00:00","Fondo ERRANO","T0","SOLAR_RAD",77.7989130434781
"2021-11-30 00:00:00","Fondo ERRANO","T0","BATTERY_TENS",3456.91666666667
"2021-11-30 00:00:00","Fondo ERRANO","T0","WIND_SPEED",7.38
"2021-11-30 00:00:00","Fondo ERRANO","T0","AIR_HUM",66.6583333333333
"2021-11-30 00:00:00","Fondo ERRANO","T0","WIND_DIRECTION",213.041666666667
"2021-11-30 00:00:00","Fondo ERRANO","T0","GUST",10.89
"2021-11-30 00:00:00","Fondo ERRANO","T0","AIR_TEMP",5.85208333333333
"2021-12-01 00:00:00","Fondo ERRANO","T0","SOLAR_RAD",59.6829710144928
"2021-12-01 00:00:00","Fondo ERRANO","T0","AIR_HUM",70.2479166666667
"2021-12-01 00:00:00","Fondo ERRANO","T0","BATTERY_TENS",3460
"2021-12-01 00:00:00","Fondo ERRANO","T0","WIND_SPEED",4.605
"2021-12-01 00:00:00","Fondo ERRANO","T0","AIR_TEMP",9.97020833333333
"2021-12-01 00:00:00","Fondo ERRANO","T0","GUST",9.735
"2021-12-01 00:00:00","Fondo ERRANO","T0","WIND_DIRECTION",203.395833333333
"2021-12-02 00:00:00","Fondo ERRANO","T0","AIR_TEMP",6.538
"2021-12-02 00:00:00","Fondo ERRANO","T0","WIND_SPEED",1.638
"2021-12-02 00:00:00","Fondo ERRANO","T0","SOLAR_RAD",10.4130434782609
"2021-12-02 00:00:00","Fondo ERRANO","T0","GUST",4.122
"2021-12-02 00:00:00","Fondo ERRANO","T0","BATTERY_TENS",3446.8
"2021-12-02 00:00:00","Fondo ERRANO","T0","AIR_HUM",88.96
"2021-12-02 00:00:00","Fondo ERRANO","T0","WIND_DIRECTION",187.8
"2021-12-03 00:00:00","Fondo ERRANO","T0","WIND_SPEED",5.43272727272727
"2021-12-03 00:00:00","Fondo ERRANO","T0","AIR_HUM",93.6363636363636
"2021-12-03 00:00:00","Fondo ERRANO","T0","BATTERY_TENS",3439
"2021-12-03 00:00:00","Fondo ERRANO","T0","AIR_TEMP",2.70727272727273
"2021-12-03 00:00:00","Fondo ERRANO","T0","SOLAR_RAD",0
"2021-12-03 00:00:00","Fondo ERRANO","T0","WIND_DIRECTION",231.545454545455
"2021-12-03 00:00:00","Fondo ERRANO","T0","GUST",8.31272727272727
"2021-12-04 00:00:00","Fondo ERRANO","T0","SOLAR_RAD",51.8749999999998
"2021-12-04 00:00:00","Fondo ERRANO","T0","AIR_HUM",89.34375
"2021-12-04 00:00:00","Fondo ERRANO","T0","WIND_SPEED",3.3
"2021-12-04 00:00:00","Fondo ERRANO","T0","AIR_TEMP",4.93770833333333
"2021-12-04 00:00:00","Fondo ERRANO","T0","WIND_DIRECTION",197.291666666667
"2021-12-04 00:00:00","Fondo ERRANO","T0","GUST",6.405
"2021-12-04 00:00:00","Fondo ERRANO","T0","BATTERY_TENS",3444.25
"2021-12-05 00:00:00","Fondo ERRANO","T0","WIND_DIRECTION",220.895833333333
"2021-12-05 00:00:00","Fondo ERRANO","T0","AIR_HUM",92.6125
"2021-12-05 00:00:00","Fondo ERRANO","T0","GUST",4.5675
"2021-12-05 00:00:00","Fondo ERRANO","T0","AIR_TEMP",4.37625
"2021-12-05 00:00:00","Fondo ERRANO","T0","SOLAR_RAD",38.7047101449276
"2021-12-05 00:00:00","Fondo ERRANO","T0","BATTERY_TENS",3445.02083333333
"2021-12-05 00:00:00","Fondo ERRANO","T0","WIND_SPEED",1.83
"2021-12-06 00:00:00","Fondo ERRANO","T0","WIND_SPEED",5.25
"2021-12-06 00:00:00","Fondo ERRANO","T0","AIR_HUM",88.3708333333333
"2021-12-06 00:00:00","Fondo ERRANO","T0","SOLAR_RAD",33.7318840579709
"2021-12-06 00:00:00","Fondo ERRANO","T0","BATTERY_TENS",3441.47916666667
"2021-12-06 00:00:00","Fondo ERRANO","T0","AIR_TEMP",3.57916666666667
"2021-12-06 00:00:00","Fondo ERRANO","T0","WIND_DIRECTION",253.25
"2021-12-06 00:00:00","Fondo ERRANO","T0","GUST",8.4225
"2021-12-07 00:00:00","Fondo ERRANO","T0","AIR_TEMP",2.05416666666667
"2021-12-07 00:00:00","Fondo ERRANO","T0","WIND_SPEED",3.6225
"2021-12-07 00:00:00","Fondo ERRANO","T0","WIND_DIRECTION",186.270833333333
"2021-12-07 00:00:00","Fondo ERRANO","T0","SOLAR_RAD",67.1105072463767
"2021-12-07 00:00:00","Fondo ERRANO","T0","AIR_HUM",81.475
"2021-12-07 00:00:00","Fondo ERRANO","T0","BATTERY_TENS",3440.3125
"2021-12-07 00:00:00","Fondo ERRANO","T0","GUST",6.255
"2021-12-08 00:00:00","Fondo ERRANO","T0","GUST",4.53
"2021-12-08 00:00:00","Fondo ERRANO","T0","BATTERY_TENS",3435.75
"2021-12-08 00:00:00","Fondo ERRANO","T0","AIR_TEMP",2.41145833333333
"2021-12-08 00:00:00","Fondo ERRANO","T0","WIND_DIRECTION",162.916666666667
"2021-12-08 00:00:00","Fondo ERRANO","T0","AIR_HUM",87.2875
"2021-12-08 00:00:00","Fondo ERRANO","T0","SOLAR_RAD",18.3423913043477
"2021-12-08 00:00:00","Fondo ERRANO","T0","WIND_SPEED",2.01
"2021-12-09 00:00:00","Fondo ERRANO","T0","WIND_DIRECTION",240.729166666667
"2021-12-09 00:00:00","Fondo ERRANO","T0","WIND_SPEED",1.9725
"2021-12-09 00:00:00","Fondo ERRANO","T0","AIR_TEMP",3.89875
"2021-12-09 00:00:00","Fondo ERRANO","T0","SOLAR_RAD",28.2608695652174
"2021-12-09 00:00:00","Fondo ERRANO","T0","AIR_HUM",92.6479166666667
"2021-12-09 00:00:00","Fondo ERRANO","T0","GUST",4.77
"2021-12-09 00:00:00","Fondo ERRANO","T0","BATTERY_TENS",3437.45833333333
"2021-12-10 00:00:00","Fondo ERRANO","T0","GUST",5.9325
"2021-12-10 00:00:00","Fondo ERRANO","T0","AIR_HUM",91.2604166666666
"2021-12-10 00:00:00","Fondo ERRANO","T0","WIND_DIRECTION",167.270833333333
"2021-12-10 00:00:00","Fondo ERRANO","T0","SOLAR_RAD",26.6304347826089
"2021-12-10 00:00:00","Fondo ERRANO","T0","BATTERY_TENS",3438.35416666667
"2021-12-10 00:00:00","Fondo ERRANO","T0","WIND_SPEED",3.2475
"2021-12-10 00:00:00","Fondo ERRANO","T0","AIR_TEMP",4.608125
"2021-12-11 00:00:00","Fondo ERRANO","T0","AIR_HUM",82.7791666666667
"2021-12-11 00:00:00","Fondo ERRANO","T0","GUST",13.455
"2021-12-11 00:00:00","Fondo ERRANO","T0","BATTERY_TENS",3436.875
"2021-12-11 00:00:00","Fondo ERRANO","T0","WIND_DIRECTION",277.270833333333
"2021-12-11 00:00:00","Fondo ERRANO","T0","SOLAR_RAD",42.481884057971
"2021-12-11 00:00:00","Fondo ERRANO","T0","WIND_SPEED",8.895
"2021-12-11 00:00:00","Fondo ERRANO","T0","AIR_TEMP",4.70020833333333
"2021-12-12 00:00:00","Fondo ERRANO","T0","BATTERY_TENS",3439.20833333333
"2021-12-12 00:00:00","Fondo ERRANO","T0","GUST",7.5525
"2021-12-12 00:00:00","Fondo ERRANO","T0","WIND_SPEED",4.74
"2021-12-12 00:00:00","Fondo ERRANO","T0","SOLAR_RAD",70.9239130434779
"2021-12-12 00:00:00","Fondo ERRANO","T0","WIND_DIRECTION",212.916666666667
"2021-12-12 00:00:00","Fondo ERRANO","T0","AIR_TEMP",4.350625
"2021-12-12 00:00:00","Fondo ERRANO","T0","AIR_HUM",75.95625
"2021-12-13 00:00:00","Fondo ERRANO","T0","AIR_TEMP",4.94916666666667
"2021-12-13 00:00:00","Fondo ERRANO","T0","SOLAR_RAD",61.0869565217389
"2021-12-13 00:00:00","Fondo ERRANO","T0","GUST",5.1825
"2021-12-13 00:00:00","Fondo ERRANO","T0","BATTERY_TENS",3439.875
"2021-12-13 00:00:00","Fondo ERRANO","T0","AIR_HUM",68.8916666666667
"2021-12-13 00:00:00","Fondo ERRANO","T0","WIND_DIRECTION",197.333333333333
"2021-12-13 00:00:00","Fondo ERRANO","T0","WIND_SPEED",2.835
"2021-12-14 00:00:00","Fondo ERRANO","T0","SOLAR_RAD",66.1684782608696
"2021-12-14 00:00:00","Fondo ERRANO","T0","BATTERY_TENS",3438.4375
"2021-12-14 00:00:00","Fondo ERRANO","T0","WIND_DIRECTION",198.708333333333
"2021-12-14 00:00:00","Fondo ERRANO","T0","GUST",5.28
"2021-12-14 00:00:00","Fondo ERRANO","T0","AIR_HUM",80.2020833333333
"2021-12-14 00:00:00","Fondo ERRANO","T0","AIR_TEMP",4.01229166666667
"2021-12-14 00:00:00","Fondo ERRANO","T0","WIND_SPEED",2.9325
"2021-12-15 00:00:00","Fondo ERRANO","T0","AIR_TEMP",4.294375
"2021-12-15 00:00:00","Fondo ERRANO","T0","WIND_DIRECTION",190.083333333333
"2021-12-15 00:00:00","Fondo ERRANO","T0","WIND_SPEED",3.585
"2021-12-15 00:00:00","Fondo ERRANO","T0","SOLAR_RAD",67.8079710144929
"2021-12-15 00:00:00","Fondo ERRANO","T0","AIR_HUM",85.8958333333333
"2021-12-15 00:00:00","Fondo ERRANO","T0","BATTERY_TENS",3437.72916666667
"2021-12-15 00:00:00","Fondo ERRANO","T0","GUST",5.7675
"2021-12-16 00:00:00","Fondo ERRANO","T0","WIND_DIRECTION",180.333333333333
"2021-12-16 00:00:00","Fondo ERRANO","T0","WIND_SPEED",3.24
"2021-12-16 00:00:00","Fondo ERRANO","T0","GUST",5.19
"2021-12-16 00:00:00","Fondo ERRANO","T0","AIR_TEMP",4.419375
"2021-12-16 00:00:00","Fondo ERRANO","T0","BATTERY_TENS",3438.77083333333
"2021-12-16 00:00:00","Fondo ERRANO","T0","AIR_HUM",88.6104166666667
"2021-12-16 00:00:00","Fondo ERRANO","T0","SOLAR_RAD",57.5905797101449
"2021-12-17 00:00:00","Fondo ERRANO","T0","AIR_TEMP",4.560625
"2021-12-17 00:00:00","Fondo ERRANO","T0","SOLAR_RAD",69.73731884058
"2021-12-17 00:00:00","Fondo ERRANO","T0","WIND_SPEED",2.88
"2021-12-17 00:00:00","Fondo ERRANO","T0","AIR_HUM",86.3979166666667
"2021-12-17 00:00:00","Fondo ERRANO","T0","GUST",5.835
"2021-12-17 00:00:00","Fondo ERRANO","T0","WIND_DIRECTION",187.458333333333
"2021-12-17 00:00:00","Fondo ERRANO","T0","BATTERY_TENS",3439.89583333333
"2021-12-18 00:00:00","Fondo ERRANO","T0","SOLAR_RAD",63.6322463768117
"2021-12-18 00:00:00","Fondo ERRANO","T0","WIND_DIRECTION",138.1875
"2021-12-18 00:00:00","Fondo ERRANO","T0","GUST",4.395
"2021-12-18 00:00:00","Fondo ERRANO","T0","AIR_HUM",90.5145833333333
"2021-12-18 00:00:00","Fondo ERRANO","T0","AIR_TEMP",0.245625
"2021-12-18 00:00:00","Fondo ERRANO","T0","WIND_SPEED",2.5575
"2021-12-18 00:00:00","Fondo ERRANO","T0","BATTERY_TENS",3429.27083333333
"2021-12-19 00:00:00","Fondo ERRANO","T0","BATTERY_TENS",3429
"2021-12-19 00:00:00","Fondo ERRANO","T0","SOLAR_RAD",70.2445652173916
"2021-12-19 00:00:00","Fondo ERRANO","T0","GUST",4.38
"2021-12-19 00:00:00","Fondo ERRANO","T0","WIND_SPEED",2.22
"2021-12-19 00:00:00","Fondo ERRANO","T0","AIR_TEMP",2.00270833333333
"2021-12-19 00:00:00","Fondo ERRANO","T0","AIR_HUM",87.4166666666667
"2021-12-19 00:00:00","Fondo ERRANO","T0","WIND_DIRECTION",187.979166666667
"2021-12-20 00:00:00","Fondo ERRANO","T0","AIR_TEMP",5.39375
"2021-12-20 00:00:00","Fondo ERRANO","T0","WIND_SPEED",3.09
"2021-12-20 00:00:00","Fondo ERRANO","T0","BATTERY_TENS",3437.39583333333
"2021-12-20 00:00:00","Fondo ERRANO","T0","AIR_HUM",80.8382978723404
"2021-12-20 00:00:00","Fondo ERRANO","T0","WIND_DIRECTION",161.604166666667
"2021-12-20 00:00:00","Fondo ERRANO","T0","GUST",6.1125
"2021-12-20 00:00:00","Fondo ERRANO","T0","SOLAR_RAD",61.8659420289856
"2021-12-21 00:00:00","Fondo ERRANO","T0","WIND_SPEED",0.237446808510638
"2021-12-21 00:00:00","Fondo ERRANO","T0","AIR_TEMP",3.61208333333333
"2021-12-21 00:00:00","Fondo ERRANO","T0","GUST",1.14893617021277
"2021-12-21 00:00:00","Fondo ERRANO","T0","BATTERY_TENS",3438.97872340426
"2021-12-21 00:00:00","Fondo ERRANO","T0","AIR_HUM",92.4545454545455
"2021-12-21 00:00:00","Fondo ERRANO","T0","WIND_DIRECTION",158.851063829787
"2021-12-21 00:00:00","Fondo ERRANO","T0","SOLAR_RAD",23.6775362318842
"2021-12-22 00:00:00","Fondo ERRANO","T0","WIND_DIRECTION",239.25
"2021-12-22 00:00:00","Fondo ERRANO","T0","WIND_SPEED",1.17
"2021-12-22 00:00:00","Fondo ERRANO","T0","GUST",2.565
"2021-12-22 00:00:00","Fondo ERRANO","T0","BATTERY_TENS",3452.0625
"2021-12-22 00:00:00","Fondo ERRANO","T0","SOLAR_RAD",23.9311594202899
"2021-12-22 00:00:00","Fondo ERRANO","T0","AIR_TEMP",5.03541666666667
"2021-12-23 00:00:00","Fondo ERRANO","T0","WIND_DIRECTION",162.104166666667
"2021-12-23 00:00:00","Fondo ERRANO","T0","AIR_HUM",90.69375
"2021-12-23 00:00:00","Fondo ERRANO","T0","AIR_TEMP",4.548125
"2021-12-23 00:00:00","Fondo ERRANO","T0","BATTERY_TENS",3456.04166666667
"2021-12-23 00:00:00","Fondo ERRANO","T0","GUST",2.1225
"2021-12-23 00:00:00","Fondo ERRANO","T0","WIND_SPEED",0.9375
"2021-12-23 00:00:00","Fondo ERRANO","T0","SOLAR_RAD",30.2898550724639
"2021-12-24 00:00:00","Fondo ERRANO","T0","AIR_HUM",89.5541666666667
"2021-12-24 00:00:00","Fondo ERRANO","T0","AIR_TEMP",5.089375
"2021-12-24 00:00:00","Fondo ERRANO","T0","WIND_SPEED",0.405
"2021-12-24 00:00:00","Fondo ERRANO","T0","GUST",1.4625
"2021-12-24 00:00:00","Fondo ERRANO","T0","SOLAR_RAD",10.1811594202899
"2021-12-24 00:00:00","Fondo ERRANO","T0","BATTERY_TENS",3453.29166666667
"2021-12-24 00:00:00","Fondo ERRANO","T0","WIND_DIRECTION",158.875
"2021-12-25 00:00:00","Fondo ERRANO","T0","BATTERY_TENS",3453.3125
"2021-12-25 00:00:00","Fondo ERRANO","T0","GUST",1.6275
"2021-12-25 00:00:00","Fondo ERRANO","T0","SOLAR_RAD",13.4601449275362
"2021-12-25 00:00:00","Fondo ERRANO","T0","WIND_SPEED",0.405
"2021-12-25 00:00:00","Fondo ERRANO","T0","AIR_HUM",92.3916666666667
"2021-12-25 00:00:00","Fondo ERRANO","T0","AIR_TEMP",4.72583333333333
"2021-12-25 00:00:00","Fondo ERRANO","T0","WIND_DIRECTION",133.645833333333
"2021-12-26 00:00:00","Fondo ERRANO","T0","SOLAR_RAD",13.5960144927536
"2021-12-26 00:00:00","Fondo ERRANO","T0","BATTERY_TENS",3452.625
"2021-12-26 00:00:00","Fondo ERRANO","T0","AIR_HUM",97.1708333333333
"2021-12-26 00:00:00","Fondo ERRANO","T0","WIND_DIRECTION",153.5625
"2021-12-26 00:00:00","Fondo ERRANO","T0","AIR_TEMP",5.30708333333333
"2021-12-26 00:00:00","Fondo ERRANO","T0","GUST",1.665
"2021-12-26 00:00:00","Fondo ERRANO","T0","WIND_SPEED",0.8175
"2021-12-27 00:00:00","Fondo ERRANO","T0","AIR_HUM",97.7770833333334
"2021-12-27 00:00:00","Fondo ERRANO","T0","BATTERY_TENS",3460.85416666667
"2021-12-27 00:00:00","Fondo ERRANO","T0","GUST",2.0925
"2021-12-27 00:00:00","Fondo ERRANO","T0","WIND_SPEED",0.8325
"2021-12-27 00:00:00","Fondo ERRANO","T0","AIR_TEMP",6.81979166666667
"2021-12-27 00:00:00","Fondo ERRANO","T0","WIND_DIRECTION",127.354166666667
"2021-12-27 00:00:00","Fondo ERRANO","T0","SOLAR_RAD",17.0923913043478
"2021-12-28 00:00:00","Fondo ERRANO","T0","AIR_TEMP",7.06895833333334
"2021-12-28 00:00:00","Fondo ERRANO","T0","AIR_HUM",98.03125
"2021-12-28 00:00:00","Fondo ERRANO","T0","WIND_DIRECTION",183.8125
"2021-12-28 00:00:00","Fondo ERRANO","T0","SOLAR_RAD",16.1413043478261
"2021-12-28 00:00:00","Fondo ERRANO","T0","WIND_SPEED",0.435
"2021-12-28 00:00:00","Fondo ERRANO","T0","BATTERY_TENS",3466.125
"2021-12-28 00:00:00","Fondo ERRANO","T0","GUST",1.695
"2021-12-29 00:00:00","Fondo ERRANO","T0","SOLAR_RAD",58.6956521739128
"2021-12-29 00:00:00","Fondo ERRANO","T0","WIND_DIRECTION",163.645833333333
"2021-12-29 00:00:00","Fondo ERRANO","T0","WIND_SPEED",1.5525
"2021-12-29 00:00:00","Fondo ERRANO","T0","AIR_TEMP",6.404375
"2021-12-29 00:00:00","Fondo ERRANO","T0","AIR_HUM",96.2020833333333
"2021-12-29 00:00:00","Fondo ERRANO","T0","BATTERY_TENS",3461.875
"2021-12-29 00:00:00","Fondo ERRANO","T0","GUST",3.63
"2021-12-30 00:00:00","Fondo ERRANO","T0","BATTERY_TENS",3454.4375
"2021-12-30 00:00:00","Fondo ERRANO","T0","WIND_SPEED",1.125
"2021-12-30 00:00:00","Fondo ERRANO","T0","WIND_DIRECTION",168.354166666667
"2021-12-30 00:00:00","Fondo ERRANO","T0","AIR_HUM",97.8270833333333
"2021-12-30 00:00:00","Fondo ERRANO","T0","GUST",3.36
"2021-12-30 00:00:00","Fondo ERRANO","T0","AIR_TEMP",5.191875
"2021-12-30 00:00:00","Fondo ERRANO","T0","SOLAR_RAD",30.3804347826087
"2021-12-31 00:00:00","Fondo ERRANO","T0","SOLAR_RAD",69.4474637681158
"2021-12-31 00:00:00","Fondo ERRANO","T0","AIR_TEMP",4.08354166666667
"2021-12-31 00:00:00","Fondo ERRANO","T0","BATTERY_TENS",3450.3125
"2021-12-31 00:00:00","Fondo ERRANO","T0","GUST",2.8875
"2021-12-31 00:00:00","Fondo ERRANO","T0","AIR_HUM",95.1145833333334
"2021-12-31 00:00:00","Fondo ERRANO","T0","WIND_DIRECTION",153.583333333333
"2021-12-31 00:00:00","Fondo ERRANO","T0","WIND_SPEED",1.1775
"2022-01-01 00:00:00","Fondo ERRANO","T0","SOLAR_RAD",61.4855072463772
"2022-01-01 00:00:00","Fondo ERRANO","T0","WIND_DIRECTION",149.833333333333
"2022-01-01 00:00:00","Fondo ERRANO","T0","WIND_SPEED",1.4175
"2022-01-01 00:00:00","Fondo ERRANO","T0","GUST",2.9625
"2022-01-01 00:00:00","Fondo ERRANO","T0","AIR_TEMP",2.84041666666667
"2022-01-01 00:00:00","Fondo ERRANO","T0","BATTERY_TENS",3441.85416666667
"2022-01-01 00:00:00","Fondo ERRANO","T0","AIR_HUM",95.8791666666667
"2022-01-02 00:00:00","Fondo ERRANO","T0","WIND_SPEED",1.2525
"2022-01-02 00:00:00","Fondo ERRANO","T0","BATTERY_TENS",3441.22916666667
"2022-01-02 00:00:00","Fondo ERRANO","T0","GUST",3.3975
"2022-01-02 00:00:00","Fondo ERRANO","T0","AIR_TEMP",4.3275
"2022-01-02 00:00:00","Fondo ERRANO","T0","SOLAR_RAD",70.6793478260868
"2022-01-02 00:00:00","Fondo ERRANO","T0","AIR_HUM",94.1833333333333
"2022-01-02 00:00:00","Fondo ERRANO","T0","WIND_DIRECTION",138.479166666667
"2022-01-03 00:00:00","Fondo ERRANO","T0","AIR_TEMP",2.58083333333333
"2022-01-03 00:00:00","Fondo ERRANO","T0","GUST",2.0625
"2022-01-03 00:00:00","Fondo ERRANO","T0","AIR_HUM",97.7895833333333
"2022-01-03 00:00:00","Fondo ERRANO","T0","WIND_DIRECTION",122.479166666667
"2022-01-03 00:00:00","Fondo ERRANO","T0","WIND_SPEED",0.69
"2022-01-03 00:00:00","Fondo ERRANO","T0","SOLAR_RAD",23.2880434782611
"2022-01-03 00:00:00","Fondo ERRANO","T0","BATTERY_TENS",3441.22916666667
"2022-01-04 00:00:00","Fondo ERRANO","T0","BATTERY_TENS",3449.91666666667
"2022-01-04 00:00:00","Fondo ERRANO","T0","WIND_DIRECTION",90.3333333333333
"2022-01-04 00:00:00","Fondo ERRANO","T0","WIND_SPEED",2.4975
"2022-01-04 00:00:00","Fondo ERRANO","T0","AIR_TEMP",4.25729166666667
"2022-01-04 00:00:00","Fondo ERRANO","T0","GUST",4.785
"2022-01-04 00:00:00","Fondo ERRANO","T0","SOLAR_RAD",24.2663043478261
"2022-01-04 00:00:00","Fondo ERRANO","T0","AIR_HUM",99.1791666666667
"2022-01-05 00:00:00","Fondo ERRANO","T0","WIND_SPEED",5.46
"2022-01-05 00:00:00","Fondo ERRANO","T0","AIR_TEMP",9.709375
"2022-01-05 00:00:00","Fondo ERRANO","T0","AIR_HUM",90.7354166666667
"2022-01-05 00:00:00","Fondo ERRANO","T0","GUST",9.795
"2022-01-05 00:00:00","Fondo ERRANO","T0","SOLAR_RAD",19.2572463768117
"2022-01-05 00:00:00","Fondo ERRANO","T0","BATTERY_TENS",3459.95833333333
"2022-01-05 00:00:00","Fondo ERRANO","T0","WIND_DIRECTION",213.354166666667
"2022-01-06 00:00:00","Fondo ERRANO","T0","WIND_SPEED",5.1675
"2022-01-06 00:00:00","Fondo ERRANO","T0","SOLAR_RAD",14.1213768115942
"2022-01-06 00:00:00","Fondo ERRANO","T0","BATTERY_TENS",3447.25
"2022-01-06 00:00:00","Fondo ERRANO","T0","AIR_HUM",95.5166666666667
"2022-01-06 00:00:00","Fondo ERRANO","T0","WIND_DIRECTION",248.541666666667
"2022-01-06 00:00:00","Fondo ERRANO","T0","AIR_TEMP",3.21270833333333
"2022-01-06 00:00:00","Fondo ERRANO","T0","GUST",8.4675
"2022-01-07 00:00:00","Fondo ERRANO","T0","WIND_DIRECTION",228.208333333333
"2022-01-07 00:00:00","Fondo ERRANO","T0","AIR_TEMP",2.469375
"2022-01-07 00:00:00","Fondo ERRANO","T0","AIR_HUM",90.89375
"2022-01-07 00:00:00","Fondo ERRANO","T0","SOLAR_RAD",69.1213768115944
"2022-01-07 00:00:00","Fondo ERRANO","T0","BATTERY_TENS",3445.9375
"2022-01-07 00:00:00","Fondo ERRANO","T0","WIND_SPEED",3.7125
"2022-01-07 00:00:00","Fondo ERRANO","T0","GUST",5.7975
"2022-01-08 00:00:00","Fondo ERRANO","T0","SOLAR_RAD",68.6503623188409
"2022-01-08 00:00:00","Fondo ERRANO","T0","GUST",4.5975
"2022-01-08 00:00:00","Fondo ERRANO","T0","BATTERY_TENS",3439.91666666667
"2022-01-08 00:00:00","Fondo ERRANO","T0","WIND_SPEED",2.205
"2022-01-08 00:00:00","Fondo ERRANO","T0","AIR_TEMP",1.155625
"2022-01-08 00:00:00","Fondo ERRANO","T0","WIND_DIRECTION",225.625
"2022-01-08 00:00:00","Fondo ERRANO","T0","AIR_HUM",89.11875
"2022-01-09 00:00:00","Fondo ERRANO","T0","WIND_DIRECTION",228.166666666667
"2022-01-09 00:00:00","Fondo ERRANO","T0","SOLAR_RAD",11.7844202898551
"2022-01-09 00:00:00","Fondo ERRANO","T0","WIND_SPEED",1.965
"2022-01-09 00:00:00","Fondo ERRANO","T0","AIR_TEMP",0.160416666666667
"2022-01-09 00:00:00","Fondo ERRANO","T0","GUST",4.65
"2022-01-09 00:00:00","Fondo ERRANO","T0","BATTERY_TENS",3428.54166666667
"2022-01-09 00:00:00","Fondo ERRANO","T0","AIR_HUM",93.825
"2022-01-10 00:00:00","Fondo ERRANO","T0","WIND_DIRECTION",255.770833333333
"2022-01-10 00:00:00","Fondo ERRANO","T0","WIND_SPEED",5.2575
"2022-01-10 00:00:00","Fondo ERRANO","T0","BATTERY_TENS",3444.5625
"2022-01-10 00:00:00","Fondo ERRANO","T0","AIR_TEMP",3.34875
"2022-01-10 00:00:00","Fondo ERRANO","T0","SOLAR_RAD",27.2101449275365
"2022-01-10 00:00:00","Fondo ERRANO","T0","AIR_HUM",84.06875
"2022-01-10 00:00:00","Fondo ERRANO","T0","GUST",8.955
"2022-01-11 00:00:00","Fondo ERRANO","T0","WIND_SPEED",3.0375
"2022-01-11 00:00:00","Fondo ERRANO","T0","BATTERY_TENS",3452.29166666667
"2022-01-11 00:00:00","Fondo ERRANO","T0","AIR_HUM",74.1
"2022-01-11 00:00:00","Fondo ERRANO","T0","SOLAR_RAD",72.4728260869567
"2022-01-11 00:00:00","Fondo ERRANO","T0","GUST",7.065
"2022-01-11 00:00:00","Fondo ERRANO","T0","WIND_DIRECTION",221.354166666667
"2022-01-11 00:00:00","Fondo ERRANO","T0","AIR_TEMP",3.67854166666667
"2022-01-12 00:00:00","Fondo ERRANO","T0","GUST",8.325
"2022-01-12 00:00:00","Fondo ERRANO","T0","AIR_HUM",72.3229166666667
"2022-01-12 00:00:00","Fondo ERRANO","T0","WIND_SPEED",4.725
"2022-01-12 00:00:00","Fondo ERRANO","T0","BATTERY_TENS",3445.45833333333
"2022-01-12 00:00:00","Fondo ERRANO","T0","SOLAR_RAD",71.7028985507245
"2022-01-12 00:00:00","Fondo ERRANO","T0","AIR_TEMP",2.570625
"2022-01-12 00:00:00","Fondo ERRANO","T0","WIND_DIRECTION",229.395833333333
"2022-01-13 00:00:00","Fondo ERRANO","T0","AIR_TEMP",1.42666666666667
"2022-01-13 00:00:00","Fondo ERRANO","T0","SOLAR_RAD",74.1847826086961
"2022-01-13 00:00:00","Fondo ERRANO","T0","WIND_SPEED",4.44
"2022-01-13 00:00:00","Fondo ERRANO","T0","BATTERY_TENS",3439.91666666667
"2022-01-13 00:00:00","Fondo ERRANO","T0","GUST",7.1625
"2022-01-13 00:00:00","Fondo ERRANO","T0","AIR_HUM",74.3729166666667
"2022-01-13 00:00:00","Fondo ERRANO","T0","WIND_DIRECTION",234.041666666667
"2022-01-14 00:00:00","Fondo ERRANO","T0","GUST",7.4775
"2022-01-14 00:00:00","Fondo ERRANO","T0","AIR_HUM",66.225
"2022-01-14 00:00:00","Fondo ERRANO","T0","WIND_DIRECTION",194.208333333333
"2022-01-14 00:00:00","Fondo ERRANO","T0","WIND_SPEED",4.6125
"2022-01-14 00:00:00","Fondo ERRANO","T0","SOLAR_RAD",80.0634057971013
"2022-01-14 00:00:00","Fondo ERRANO","T0","BATTERY_TENS",3442.3125
"2022-01-14 00:00:00","Fondo ERRANO","T0","AIR_TEMP",4.770625
"2022-01-15 00:00:00","Fondo ERRANO","T0","GUST",5.3175
"2022-01-15 00:00:00","Fondo ERRANO","T0","WIND_DIRECTION",187.354166666667
"2022-01-15 00:00:00","Fondo ERRANO","T0","AIR_TEMP",5.68895833333333
"2022-01-15 00:00:00","Fondo ERRANO","T0","AIR_HUM",79.3166666666666
"2022-01-15 00:00:00","Fondo ERRANO","T0","BATTERY_TENS",3439.72916666667
"2022-01-15 00:00:00","Fondo ERRANO","T0","SOLAR_RAD",80.0362318840576
"2022-01-15 00:00:00","Fondo ERRANO","T0","WIND_SPEED",2.8875
"2022-01-16 00:00:00","Fondo ERRANO","T0","AIR_TEMP",4.38416666666667
"2022-01-16 00:00:00","Fondo ERRANO","T0","BATTERY_TENS",3435.08333333333
"2022-01-16 00:00:00","Fondo ERRANO","T0","SOLAR_RAD",78.3695652173912
"2022-01-16 00:00:00","Fondo ERRANO","T0","GUST",5.145
"2022-01-16 00:00:00","Fondo ERRANO","T0","AIR_HUM",84.1625
"2022-01-16 00:00:00","Fondo ERRANO","T0","WIND_DIRECTION",183.229166666667
"2022-01-16 00:00:00","Fondo ERRANO","T0","WIND_SPEED",2.97
"2022-01-17 00:00:00","Fondo ERRANO","T0","WIND_DIRECTION",195.5
"2022-01-17 00:00:00","Fondo ERRANO","T0","AIR_HUM",81.7791666666667
"2022-01-17 00:00:00","Fondo ERRANO","T0","AIR_TEMP",5.504375
"2022-01-17 00:00:00","Fondo ERRANO","T0","SOLAR_RAD",81.2137681159421
"2022-01-17 00:00:00","Fondo ERRANO","T0","GUST",5.0325
"2022-01-17 00:00:00","Fondo ERRANO","T0","BATTERY_TENS",3435.875
"2022-01-17 00:00:00","Fondo ERRANO","T0","WIND_SPEED",2.73
"2022-01-18 00:00:00","Fondo ERRANO","T0","WIND_SPEED",3.015
"2022-01-18 00:00:00","Fondo ERRANO","T0","WIND_DIRECTION",186.5625
"2022-01-18 00:00:00","Fondo ERRANO","T0","GUST",5.6925
"2022-01-18 00:00:00","Fondo ERRANO","T0","SOLAR_RAD",72.7989130434781
"2022-01-18 00:00:00","Fondo ERRANO","T0","AIR_HUM",85.81875
"2022-01-18 00:00:00","Fondo ERRANO","T0","BATTERY_TENS",3433.66666666667
"2022-01-18 00:00:00","Fondo ERRANO","T0","AIR_TEMP",2.54854166666667
"2022-01-19 00:00:00","Fondo ERRANO","T0","WIND_DIRECTION",218.1875
"2022-01-19 00:00:00","Fondo ERRANO","T0","AIR_TEMP",-0.411666666666667
"2022-01-19 00:00:00","Fondo ERRANO","T0","WIND_SPEED",0.5175
"2022-01-19 00:00:00","Fondo ERRANO","T0","BATTERY_TENS",3423.625
"2022-01-19 00:00:00","Fondo ERRANO","T0","GUST",2.0475
"2022-01-19 00:00:00","Fondo ERRANO","T0","AIR_HUM",94.2666666666667
"2022-01-19 00:00:00","Fondo ERRANO","T0","SOLAR_RAD",35.1902173913043
"2022-01-20 00:00:00","Fondo ERRANO","T0","BATTERY_TENS",3434.02083333333
"2022-01-20 00:00:00","Fondo ERRANO","T0","GUST",3.435
"2022-01-20 00:00:00","Fondo ERRANO","T0","WIND_DIRECTION",159.1875
"2022-01-20 00:00:00","Fondo ERRANO","T0","SOLAR_RAD",38.3242753623187
"2022-01-20 00:00:00","Fondo ERRANO","T0","AIR_HUM",95.1270833333333
"2022-01-20 00:00:00","Fondo ERRANO","T0","WIND_SPEED",1.23
"2022-01-20 00:00:00","Fondo ERRANO","T0","AIR_TEMP",3.190625
"2022-01-21 00:00:00","Fondo ERRANO","T0","AIR_TEMP",2.84791666666667
"2022-01-21 00:00:00","Fondo ERRANO","T0","SOLAR_RAD",27.1014492753623
"2022-01-21 00:00:00","Fondo ERRANO","T0","GUST",4.305
"2022-01-21 00:00:00","Fondo ERRANO","T0","AIR_HUM",92.125
"2022-01-21 00:00:00","Fondo ERRANO","T0","WIND_DIRECTION",243.166666666667
"2022-01-21 00:00:00","Fondo ERRANO","T0","WIND_SPEED",2.25
"2022-01-21 00:00:00","Fondo ERRANO","T0","BATTERY_TENS",3436.0625
"2022-01-22 00:00:00","Fondo ERRANO","T0","SOLAR_RAD",88.5326086956519
"2022-01-22 00:00:00","Fondo ERRANO","T0","AIR_HUM",82.2875
"2022-01-22 00:00:00","Fondo ERRANO","T0","GUST",6.3825
"2022-01-22 00:00:00","Fondo ERRANO","T0","AIR_TEMP",2.62145833333333
"2022-01-22 00:00:00","Fondo ERRANO","T0","BATTERY_TENS",3439.77083333333
"2022-01-22 00:00:00","Fondo ERRANO","T0","WIND_SPEED",3.42
"2022-01-22 00:00:00","Fondo ERRANO","T0","WIND_DIRECTION",203.083333333333
"2022-01-23 00:00:00","Fondo ERRANO","T0","WIND_DIRECTION",201.625
"2022-01-23 00:00:00","Fondo ERRANO","T0","WIND_SPEED",2.4375
"2022-01-23 00:00:00","Fondo ERRANO","T0","GUST",4.3875
"2022-01-23 00:00:00","Fondo ERRANO","T0","AIR_TEMP",1.304375
"2022-01-23 00:00:00","Fondo ERRANO","T0","AIR_HUM",84.3041666666667
"2022-01-23 00:00:00","Fondo ERRANO","T0","BATTERY_TENS",3434.39583333333
"2022-01-23 00:00:00","Fondo ERRANO","T0","SOLAR_RAD",72.4365942028987
"2022-01-24 00:00:00","Fondo ERRANO","T0","WIND_DIRECTION",163.270833333333
"2022-01-24 00:00:00","Fondo ERRANO","T0","GUST",6.12
"2022-01-24 00:00:00","Fondo ERRANO","T0","SOLAR_RAD",78.7318840579712
"2022-01-24 00:00:00","Fondo ERRANO","T0","AIR_HUM",87.9354166666667
"2022-01-24 00:00:00","Fondo ERRANO","T0","BATTERY_TENS",3434.54166666667
"2022-01-24 00:00:00","Fondo ERRANO","T0","WIND_SPEED",3.6675
"2022-01-24 00:00:00","Fondo ERRANO","T0","AIR_TEMP",1.831875
"2022-01-25 00:00:00","Fondo ERRANO","T0","WIND_DIRECTION",178.6875
"2022-01-25 00:00:00","Fondo ERRANO","T0","WIND_SPEED",2.07
"2022-01-25 00:00:00","Fondo ERRANO","T0","AIR_TEMP",1.829375
"2022-01-25 00:00:00","Fondo ERRANO","T0","GUST",3.825
"2022-01-25 00:00:00","Fondo ERRANO","T0","BATTERY_TENS",3434.08333333333
"2022-01-25 00:00:00","Fondo ERRANO","T0","SOLAR_RAD",81.6304347826084
"2022-01-25 00:00:00","Fondo ERRANO","T0","AIR_HUM",88.2458333333334
"2022-01-26 00:00:00","Fondo ERRANO","T0","WIND_DIRECTION",163.041666666667
"2022-01-26 00:00:00","Fondo ERRANO","T0","AIR_HUM",89.8479166666667
"2022-01-26 00:00:00","Fondo ERRANO","T0","BATTERY_TENS",3434.29166666667
"2022-01-26 00:00:00","Fondo ERRANO","T0","SOLAR_RAD",71.9293478260869
"2022-01-26 00:00:00","Fondo ERRANO","T0","GUST",4.02
"2022-01-26 00:00:00","Fondo ERRANO","T0","AIR_TEMP",3.36229166666667
"2022-01-26 00:00:00","Fondo ERRANO","T0","WIND_SPEED",2.0775
"2022-01-27 00:00:00","Fondo ERRANO","T0","AIR_HUM",94.0458333333333
"2022-01-27 00:00:00","Fondo ERRANO","T0","SOLAR_RAD",28.215579710145
"2022-01-27 00:00:00","Fondo ERRANO","T0","WIND_SPEED",1.2375
"2022-01-27 00:00:00","Fondo ERRANO","T0","WIND_DIRECTION",145.4375
"2022-01-27 00:00:00","Fondo ERRANO","T0","BATTERY_TENS",3443.47916666667
"2022-01-27 00:00:00","Fondo ERRANO","T0","AIR_TEMP",3.65645833333333
"2022-01-27 00:00:00","Fondo ERRANO","T0","GUST",3.6675
"2022-01-28 00:00:00","Fondo ERRANO","T0","SOLAR_RAD",62.2101449275365
"2022-01-28 00:00:00","Fondo ERRANO","T0","GUST",5.0475
"2022-01-28 00:00:00","Fondo ERRANO","T0","WIND_SPEED",2.0925
"2022-01-28 00:00:00","Fondo ERRANO","T0","AIR_HUM",94.2458333333333
"2022-01-28 00:00:00","Fondo ERRANO","T0","BATTERY_TENS",3454.1875
"2022-01-28 00:00:00","Fondo ERRANO","T0","AIR_TEMP",3.39916666666667
"2022-01-28 00:00:00","Fondo ERRANO","T0","WIND_DIRECTION",200.979166666667
"2022-01-29 00:00:00","Fondo ERRANO","T0","WIND_SPEED",4.0275
"2022-01-29 00:00:00","Fondo ERRANO","T0","SOLAR_RAD",92.1920289855074
"2022-01-29 00:00:00","Fondo ERRANO","T0","AIR_HUM",72.16875
"2022-01-29 00:00:00","Fondo ERRANO","T0","GUST",6.645
"2022-01-29 00:00:00","Fondo ERRANO","T0","AIR_TEMP",5.45895833333333
"2022-01-29 00:00:00","Fondo ERRANO","T0","WIND_DIRECTION",187
"2022-01-29 00:00:00","Fondo ERRANO","T0","BATTERY_TENS",3452.22916666667
"2022-01-30 00:00:00","Fondo ERRANO","T0","BATTERY_TENS",3447.33333333333
"2022-01-30 00:00:00","Fondo ERRANO","T0","AIR_HUM",81.1875
"2022-01-30 00:00:00","Fondo ERRANO","T0","AIR_TEMP",5.57354166666667
"2022-01-30 00:00:00","Fondo ERRANO","T0","SOLAR_RAD",92.0018115942032
"2022-01-30 00:00:00","Fondo ERRANO","T0","WIND_SPEED",1.785
"2022-01-30 00:00:00","Fondo ERRANO","T0","WIND_DIRECTION",172.125
"2022-01-30 00:00:00","Fondo ERRANO","T0","GUST",4.155
"2022-01-31 00:00:00","Fondo ERRANO","T0","SOLAR_RAD",50.7155797101451
"2022-01-31 00:00:00","Fondo ERRANO","T0","BATTERY_TENS",3435.91666666667
"2022-01-31 00:00:00","Fondo ERRANO","T0","WIND_SPEED",3.0675
"2022-01-31 00:00:00","Fondo ERRANO","T0","AIR_HUM",90.7395833333333
"2022-01-31 00:00:00","Fondo ERRANO","T0","AIR_TEMP",2.84916666666667
"2022-01-31 00:00:00","Fondo ERRANO","T0","GUST",5.8275
"2022-01-31 00:00:00","Fondo ERRANO","T0","WIND_DIRECTION",203
"2022-02-01 00:00:00","Fondo ERRANO","T0","SOLAR_RAD",97.2644927536232
"2022-02-01 00:00:00","Fondo ERRANO","T0","GUST",12.465
"2022-02-01 00:00:00","Fondo ERRANO","T0","WIND_DIRECTION",259.083333333333
"2022-02-01 00:00:00","Fondo ERRANO","T0","AIR_TEMP",8.70770833333333
"2022-02-01 00:00:00","Fondo ERRANO","T0","BATTERY_TENS",3455.89583333333
"2022-02-01 00:00:00","Fondo ERRANO","T0","AIR_HUM",49.7541666666667
"2022-02-01 00:00:00","Fondo ERRANO","T0","WIND_SPEED",7.935
"2022-02-02 00:00:00","Fondo ERRANO","T0","AIR_HUM",58.6
"2022-02-02 00:00:00","Fondo ERRANO","T0","SOLAR_RAD",97.6721014492752
"2022-02-02 00:00:00","Fondo ERRANO","T0","WIND_SPEED",4.3875
"2022-02-02 00:00:00","Fondo ERRANO","T0","WIND_DIRECTION",215.854166666667
"2022-02-02 00:00:00","Fondo ERRANO","T0","AIR_TEMP",7.74625
"2022-02-02 00:00:00","Fondo ERRANO","T0","GUST",7.5
"2022-02-02 00:00:00","Fondo ERRANO","T0","BATTERY_TENS",3451.4375
"2022-02-03 00:00:00","Fondo ERRANO","T0","SOLAR_RAD",88.3152173913046
"2022-02-03 00:00:00","Fondo ERRANO","T0","AIR_HUM",68.1833333333334
"2022-02-03 00:00:00","Fondo ERRANO","T0","AIR_TEMP",7.5225
"2022-02-03 00:00:00","Fondo ERRANO","T0","GUST",6.465
"2022-02-03 00:00:00","Fondo ERRANO","T0","WIND_DIRECTION",169.083333333333
"2022-02-03 00:00:00","Fondo ERRANO","T0","WIND_SPEED",3.8625
"2022-02-03 00:00:00","Fondo ERRANO","T0","BATTERY_TENS",3450.77083333333
"2022-02-04 00:00:00","Fondo ERRANO","T0","SOLAR_RAD",34.0398550724637
"2022-02-04 00:00:00","Fondo ERRANO","T0","BATTERY_TENS",3457.66666666667
"2022-02-04 00:00:00","Fondo ERRANO","T0","AIR_TEMP",6.58958333333333
"2022-02-04 00:00:00","Fondo ERRANO","T0","GUST",2.895
"2022-02-04 00:00:00","Fondo ERRANO","T0","WIND_SPEED",1.1475
"2022-02-04 00:00:00","Fondo ERRANO","T0","AIR_HUM",87.2979166666667
"2022-02-04 00:00:00","Fondo ERRANO","T0","WIND_DIRECTION",204.458333333333
"2022-02-05 00:00:00","Fondo ERRANO","T0","WIND_DIRECTION",200.6875
"2022-02-05 00:00:00","Fondo ERRANO","T0","AIR_TEMP",6.95479166666667
"2022-02-05 00:00:00","Fondo ERRANO","T0","BATTERY_TENS",3469.77083333333
"2022-02-05 00:00:00","Fondo ERRANO","T0","WIND_SPEED",0.9
"2022-02-05 00:00:00","Fondo ERRANO","T0","AIR_HUM",91.8083333333333
"2022-02-05 00:00:00","Fondo ERRANO","T0","GUST",2.9025
"2022-02-05 00:00:00","Fondo ERRANO","T0","SOLAR_RAD",32.5362318840578
"2022-02-06 00:00:00","Fondo ERRANO","T0","AIR_TEMP",5.77020833333333
"2022-02-06 00:00:00","Fondo ERRANO","T0","SOLAR_RAD",66.2590579710144
"2022-02-06 00:00:00","Fondo ERRANO","T0","AIR_HUM",92.3833333333333
"2022-02-06 00:00:00","Fondo ERRANO","T0","WIND_SPEED",3.0675
"2022-02-06 00:00:00","Fondo ERRANO","T0","WIND_DIRECTION",164.520833333333
"2022-02-06 00:00:00","Fondo ERRANO","T0","BATTERY_TENS",3468.25
"2022-02-06 00:00:00","Fondo ERRANO","T0","GUST",6.1575
"2022-02-07 00:00:00","Fondo ERRANO","T0","WIND_SPEED",9.225
"2022-02-07 00:00:00","Fondo ERRANO","T0","WIND_DIRECTION",227.208333333333
"2022-02-07 00:00:00","Fondo ERRANO","T0","GUST",14.835
"2022-02-07 00:00:00","Fondo ERRANO","T0","AIR_TEMP",9.08791666666667
"2022-02-07 00:00:00","Fondo ERRANO","T0","SOLAR_RAD",58.324275362319
"2022-02-07 00:00:00","Fondo ERRANO","T0","BATTERY_TENS",3472.08333333333
"2022-02-07 00:00:00","Fondo ERRANO","T0","AIR_HUM",64.5583333333333
"2022-02-08 00:00:00","Fondo ERRANO","T0","GUST",7.6275
"2022-02-08 00:00:00","Fondo ERRANO","T0","AIR_HUM",48.5729166666667
"2022-02-08 00:00:00","Fondo ERRANO","T0","WIND_SPEED",4.6425
"2022-02-08 00:00:00","Fondo ERRANO","T0","BATTERY_TENS",3466.33333333333
"2022-02-08 00:00:00","Fondo ERRANO","T0","AIR_TEMP",7.12270833333334
"2022-02-08 00:00:00","Fondo ERRANO","T0","SOLAR_RAD",104.248188405797
"2022-02-08 00:00:00","Fondo ERRANO","T0","WIND_DIRECTION",168.291666666667
"2022-02-09 00:00:00","Fondo ERRANO","T0","AIR_HUM",65.575
"2022-02-09 00:00:00","Fondo ERRANO","T0","AIR_TEMP",8.72625
"2022-02-09 00:00:00","Fondo ERRANO","T0","BATTERY_TENS",3462.375
"2022-02-09 00:00:00","Fondo ERRANO","T0","WIND_SPEED",2.9175
"2022-02-09 00:00:00","Fondo ERRANO","T0","SOLAR_RAD",106.902173913043
"2022-02-09 00:00:00","Fondo ERRANO","T0","WIND_DIRECTION",197.458333333333
"2022-02-09 00:00:00","Fondo ERRANO","T0","GUST",5.2125
"2022-02-10 00:00:00","Fondo ERRANO","T0","SOLAR_RAD",110.44384057971
"2022-02-10 00:00:00","Fondo ERRANO","T0","AIR_TEMP",9.703125
"2022-02-10 00:00:00","Fondo ERRANO","T0","WIND_SPEED",3.795
"2022-02-10 00:00:00","Fondo ERRANO","T0","BATTERY_TENS",3458.70833333333
"2022-02-10 00:00:00","Fondo ERRANO","T0","GUST",6.15
"2022-02-10 00:00:00","Fondo ERRANO","T0","WIND_DIRECTION",235
"2022-02-10 00:00:00","Fondo ERRANO","T0","AIR_HUM",70.5958333333333
"2022-02-11 00:00:00","Fondo ERRANO","T0","WIND_DIRECTION",164.479166666667
"2022-02-11 00:00:00","Fondo ERRANO","T0","AIR_HUM",68.23125
"2022-02-11 00:00:00","Fondo ERRANO","T0","AIR_TEMP",9.77041666666667
"2022-02-11 00:00:00","Fondo ERRANO","T0","GUST",6.1275
"2022-02-11 00:00:00","Fondo ERRANO","T0","WIND_SPEED",3.7575
"2022-02-11 00:00:00","Fondo ERRANO","T0","BATTERY_TENS",3461.64583333333
"2022-02-11 00:00:00","Fondo ERRANO","T0","SOLAR_RAD",95.3442028985508
"2022-02-12 00:00:00","Fondo ERRANO","T0","AIR_HUM",82.76875
"2022-02-12 00:00:00","Fondo ERRANO","T0","AIR_TEMP",6.01458333333333
"2022-02-12 00:00:00","Fondo ERRANO","T0","GUST",5.8275
"2022-02-12 00:00:00","Fondo ERRANO","T0","WIND_SPEED",3.2025
"2022-02-12 00:00:00","Fondo ERRANO","T0","BATTERY_TENS",3455.25
"2022-02-12 00:00:00","Fondo ERRANO","T0","WIND_DIRECTION",207.729166666667
"2022-02-12 00:00:00","Fondo ERRANO","T0","SOLAR_RAD",68.7318840579708
"2022-02-13 00:00:00","Fondo ERRANO","T0","WIND_DIRECTION",176.833333333333
"2022-02-13 00:00:00","Fondo ERRANO","T0","BATTERY_TENS",3451.10416666667
"2022-02-13 00:00:00","Fondo ERRANO","T0","SOLAR_RAD",100.715579710145
"2022-02-13 00:00:00","Fondo ERRANO","T0","AIR_HUM",78.1666666666667
"2022-02-13 00:00:00","Fondo ERRANO","T0","AIR_TEMP",4.380625
"2022-02-13 00:00:00","Fondo ERRANO","T0","WIND_SPEED",3.705
"2022-02-13 00:00:00","Fondo ERRANO","T0","GUST",6
"2022-02-14 00:00:00","Fondo ERRANO","T0","BATTERY_TENS",3450.89361702128
"2022-02-14 00:00:00","Fondo ERRANO","T0","WIND_SPEED",1.44765957446809
"2022-02-14 00:00:00","Fondo ERRANO","T0","AIR_HUM",88.3425531914893
"2022-02-14 00:00:00","Fondo ERRANO","T0","SOLAR_RAD",29.4542090656799
"2022-02-14 00:00:00","Fondo ERRANO","T0","GUST",3.50808510638298
"2022-02-14 00:00:00","Fondo ERRANO","T0","WIND_DIRECTION",217.106382978723
"2022-02-14 00:00:00","Fondo ERRANO","T0","AIR_TEMP",3.7768085106383
"2022-02-15 00:00:00","Fondo ERRANO","T0","GUST",2.46
"2022-02-15 00:00:00","Fondo ERRANO","T0","WIND_SPEED",1.0125
"2022-02-15 00:00:00","Fondo ERRANO","T0","AIR_TEMP",4.32416666666667
"2022-02-15 00:00:00","Fondo ERRANO","T0","SOLAR_RAD",27.7264492753625
"2022-02-15 00:00:00","Fondo ERRANO","T0","AIR_HUM",94.975
"2022-02-15 00:00:00","Fondo ERRANO","T0","WIND_DIRECTION",163.916666666667
"2022-02-15 00:00:00","Fondo ERRANO","T0","BATTERY_TENS",3452.83333333333
"2022-02-16 00:00:00","Fondo ERRANO","T0","SOLAR_RAD",83.6050724637677
"2022-02-16 00:00:00","Fondo ERRANO","T0","BATTERY_TENS",3458.14583333333
"2022-02-16 00:00:00","Fondo ERRANO","T0","AIR_HUM",90.0708333333333
"2022-02-16 00:00:00","Fondo ERRANO","T0","GUST",3.2775
"2022-02-16 00:00:00","Fondo ERRANO","T0","AIR_TEMP",6.62833333333334
"2022-02-16 00:00:00","Fondo ERRANO","T0","WIND_SPEED",1.4775
"2022-02-16 00:00:00","Fondo ERRANO","T0","WIND_DIRECTION",213.3125
"2022-02-17 00:00:00","Fondo ERRANO","T0","WIND_DIRECTION",177.9375
"2022-02-17 00:00:00","Fondo ERRANO","T0","AIR_HUM",87.2125
"2022-02-17 00:00:00","Fondo ERRANO","T0","GUST",4.335
"2022-02-17 00:00:00","Fondo ERRANO","T0","WIND_SPEED",2.025
"2022-02-17 00:00:00","Fondo ERRANO","T0","SOLAR_RAD",108.278985507247
"2022-02-17 00:00:00","Fondo ERRANO","T0","AIR_TEMP",6.22083333333333
"2022-02-17 00:00:00","Fondo ERRANO","T0","BATTERY_TENS",3459
"2022-02-18 00:00:00","Fondo ERRANO","T0","WIND_DIRECTION",153.666666666667
"2022-02-18 00:00:00","Fondo ERRANO","T0","BATTERY_TENS",3453.72916666667
"2022-02-18 00:00:00","Fondo ERRANO","T0","AIR_HUM",95.2625
"2022-02-18 00:00:00","Fondo ERRANO","T0","WIND_SPEED",2.085
"2022-02-18 00:00:00","Fondo ERRANO","T0","GUST",4.395
"2022-02-18 00:00:00","Fondo ERRANO","T0","AIR_TEMP",5.69395833333333
"2022-02-18 00:00:00","Fondo ERRANO","T0","SOLAR_RAD",54.4565217391299
"2022-02-19 00:00:00","Fondo ERRANO","T0","GUST",4.4625
"2022-02-19 00:00:00","Fondo ERRANO","T0","WIND_SPEED",2.085
"2022-02-19 00:00:00","Fondo ERRANO","T0","AIR_TEMP",8.886875
"2022-02-19 00:00:00","Fondo ERRANO","T0","AIR_HUM",90.475
"2022-02-19 00:00:00","Fondo ERRANO","T0","WIND_DIRECTION",128.833333333333
"2022-02-19 00:00:00","Fondo ERRANO","T0","SOLAR_RAD",68.1793478260874
"2022-02-19 00:00:00","Fondo ERRANO","T0","BATTERY_TENS",3464.75
"2022-02-20 00:00:00","Fondo ERRANO","T0","AIR_TEMP",10.6166666666667
"2022-02-20 00:00:00","Fondo ERRANO","T0","WIND_DIRECTION",181.895833333333
"2022-02-20 00:00:00","Fondo ERRANO","T0","GUST",4.56
"2022-02-20 00:00:00","Fondo ERRANO","T0","SOLAR_RAD",113.170289855073
"2022-02-20 00:00:00","Fondo ERRANO","T0","BATTERY_TENS",3473.79166666667
"2022-02-20 00:00:00","Fondo ERRANO","T0","AIR_HUM",86.1541666666667
"2022-02-20 00:00:00","Fondo ERRANO","T0","WIND_SPEED",2.2275
"2022-02-21 00:00:00","Fondo ERRANO","T0","WIND_DIRECTION",242.583333333333
"2022-02-21 00:00:00","Fondo ERRANO","T0","AIR_TEMP",11.939375
"2022-02-21 00:00:00","Fondo ERRANO","T0","WIND_SPEED",10.035
"2022-02-21 00:00:00","Fondo ERRANO","T0","BATTERY_TENS",3475.70833333333
"2022-02-21 00:00:00","Fondo ERRANO","T0","SOLAR_RAD",91.6032608695653
"2022-02-21 00:00:00","Fondo ERRANO","T0","GUST",15.4125
"2022-02-21 00:00:00","Fondo ERRANO","T0","AIR_HUM",67.9958333333333
"2022-02-22 00:00:00","Fondo ERRANO","T0","AIR_HUM",56.9375
"2022-02-22 00:00:00","Fondo ERRANO","T0","WIND_DIRECTION",204.083333333333
"2022-02-22 00:00:00","Fondo ERRANO","T0","WIND_SPEED",4.3575
"2022-02-22 00:00:00","Fondo ERRANO","T0","AIR_TEMP",8.70416666666667
"2022-02-22 00:00:00","Fondo ERRANO","T0","GUST",7.86
"2022-02-22 00:00:00","Fondo ERRANO","T0","BATTERY_TENS",3472.04166666667
"2022-02-22 00:00:00","Fondo ERRANO","T0","SOLAR_RAD",128.550724637681
"2022-02-23 00:00:00","Fondo ERRANO","T0","BATTERY_TENS",3468.08333333333
"2022-02-23 00:00:00","Fondo ERRANO","T0","SOLAR_RAD",135
"2022-02-23 00:00:00","Fondo ERRANO","T0","AIR_TEMP",9.208125
"2022-02-23 00:00:00","Fondo ERRANO","T0","AIR_HUM",57.4291666666667
"2022-02-23 00:00:00","Fondo ERRANO","T0","WIND_SPEED",4.5825
"2022-02-23 00:00:00","Fondo ERRANO","T0","WIND_DIRECTION",164.395833333333
"2022-02-23 00:00:00","Fondo ERRANO","T0","GUST",7.335
"2022-02-24 00:00:00","Fondo ERRANO","T0","GUST",7.6575
"2022-02-24 00:00:00","Fondo ERRANO","T0","AIR_HUM",67.5104166666667
"2022-02-24 00:00:00","Fondo ERRANO","T0","WIND_SPEED",4.995
"2022-02-24 00:00:00","Fondo ERRANO","T0","AIR_TEMP",8.81958333333333
"2022-02-24 00:00:00","Fondo ERRANO","T0","WIND_DIRECTION",165.020833333333
"2022-02-24 00:00:00","Fondo ERRANO","T0","BATTERY_TENS",3465.5
"2022-02-24 00:00:00","Fondo ERRANO","T0","SOLAR_RAD",102.255434782609
"2022-02-25 00:00:00","Fondo ERRANO","T0","WIND_SPEED",4.725
"2022-02-25 00:00:00","Fondo ERRANO","T0","AIR_TEMP",10.0285416666667
"2022-02-25 00:00:00","Fondo ERRANO","T0","AIR_HUM",75.475
"2022-02-25 00:00:00","Fondo ERRANO","T0","GUST",8.19
"2022-02-25 00:00:00","Fondo ERRANO","T0","WIND_DIRECTION",158.625
"2022-02-25 00:00:00","Fondo ERRANO","T0","BATTERY_TENS",3465.04166666667
"2022-02-25 00:00:00","Fondo ERRANO","T0","SOLAR_RAD",95.3623188405795
"2022-02-26 00:00:00","Fondo ERRANO","T0","WIND_DIRECTION",146.083333333333
"2022-02-26 00:00:00","Fondo ERRANO","T0","GUST",13.9575
"2022-02-26 00:00:00","Fondo ERRANO","T0","AIR_TEMP",5.786875
"2022-02-26 00:00:00","Fondo ERRANO","T0","SOLAR_RAD",121.657608695653
"2022-02-26 00:00:00","Fondo ERRANO","T0","AIR_HUM",76.4354166666667
"2022-02-26 00:00:00","Fondo ERRANO","T0","BATTERY_TENS",3457.95833333333
"2022-02-26 00:00:00","Fondo ERRANO","T0","WIND_SPEED",9
"2022-02-27 00:00:00","Fondo ERRANO","T0","WIND_DIRECTION",139.520833333333
"2022-02-27 00:00:00","Fondo ERRANO","T0","AIR_TEMP",6.31833333333334
"2022-02-27 00:00:00","Fondo ERRANO","T0","SOLAR_RAD",56.2952898550721
"2022-02-27 00:00:00","Fondo ERRANO","T0","AIR_HUM",62.4395833333333
"2022-02-27 00:00:00","Fondo ERRANO","T0","WIND_SPEED",7.1025
"2022-02-27 00:00:00","Fondo ERRANO","T0","GUST",11.5425
"2022-02-27 00:00:00","Fondo ERRANO","T0","BATTERY_TENS",3458.3125
"2022-02-28 00:00:00","Fondo ERRANO","T0","GUST",8.9325
"2022-02-28 00:00:00","Fondo ERRANO","T0","WIND_DIRECTION",155.583333333333
"2022-02-28 00:00:00","Fondo ERRANO","T0","SOLAR_RAD",121.259057971015
"2022-02-28 00:00:00","Fondo ERRANO","T0","AIR_HUM",70.3604166666667
"2022-02-28 00:00:00","Fondo ERRANO","T0","WIND_SPEED",5.0325
"2022-02-28 00:00:00","Fondo ERRANO","T0","BATTERY_TENS",3462.39583333333
"2022-02-28 00:00:00","Fondo ERRANO","T0","AIR_TEMP",5.86229166666666
"2022-03-01 00:00:00","Fondo ERRANO","T0","WIND_SPEED",5.4
"2022-03-01 00:00:00","Fondo ERRANO","T0","BATTERY_TENS",3456.02083333333
"2022-03-01 00:00:00","Fondo ERRANO","T0","WIND_DIRECTION",145.770833333333
"2022-03-01 00:00:00","Fondo ERRANO","T0","GUST",9.42
"2022-03-01 00:00:00","Fondo ERRANO","T0","AIR_HUM",61.26875
"2022-03-01 00:00:00","Fondo ERRANO","T0","AIR_TEMP",4.595625
"2022-03-01 00:00:00","Fondo ERRANO","T0","SOLAR_RAD",102.961956521739
"2022-03-02 00:00:00","Fondo ERRANO","T0","AIR_TEMP",5.2446511627907
"2022-03-02 00:00:00","Fondo ERRANO","T0","SOLAR_RAD",139.919110212336
"2022-03-02 00:00:00","Fondo ERRANO","T0","WIND_SPEED",5.63441860465116
"2022-03-02 00:00:00","Fondo ERRANO","T0","AIR_HUM",61.9162790697675
"2022-03-02 00:00:00","Fondo ERRANO","T0","GUST",8.89116279069768
"2022-03-02 00:00:00","Fondo ERRANO","T0","WIND_DIRECTION",184.372093023256
"2022-03-02 00:00:00","Fondo ERRANO","T0","BATTERY_TENS",3453.32558139535
"2022-03-03 00:00:00","Fondo ERRANO","T0","WIND_DIRECTION",199.020833333333
"2022-03-03 00:00:00","Fondo ERRANO","T0","AIR_TEMP",7.23979166666667
"2022-03-03 00:00:00","Fondo ERRANO","T0","WIND_SPEED",2.07
"2022-03-03 00:00:00","Fondo ERRANO","T0","BATTERY_TENS",3458.77083333333
"2022-03-03 00:00:00","Fondo ERRANO","T0","SOLAR_RAD",108.414855072464
"2022-03-03 00:00:00","Fondo ERRANO","T0","AIR_HUM",61.8645833333333
"2022-03-03 00:00:00","Fondo ERRANO","T0","GUST",4.755
"2022-03-04 00:00:00","Fondo ERRANO","T0","GUST",5.805
"2022-03-04 00:00:00","Fondo ERRANO","T0","WIND_DIRECTION",184.479166666667
"2022-03-04 00:00:00","Fondo ERRANO","T0","BATTERY_TENS",3454.47916666667
"2022-03-04 00:00:00","Fondo ERRANO","T0","WIND_SPEED",3.1875
"2022-03-04 00:00:00","Fondo ERRANO","T0","AIR_HUM",77.78125
"2022-03-04 00:00:00","Fondo ERRANO","T0","SOLAR_RAD",109.809782608696
"2022-03-04 00:00:00","Fondo ERRANO","T0","AIR_TEMP",6.09770833333333
"2022-03-05 00:00:00","Fondo ERRANO","T0","BATTERY_TENS",3447.20833333333
"2022-03-05 00:00:00","Fondo ERRANO","T0","AIR_TEMP",2.845
"2022-03-05 00:00:00","Fondo ERRANO","T0","WIND_SPEED",3.8025
"2022-03-05 00:00:00","Fondo ERRANO","T0","GUST",6.78
"2022-03-05 00:00:00","Fondo ERRANO","T0","SOLAR_RAD",93.4510869565217
"2022-03-05 00:00:00","Fondo ERRANO","T0","AIR_HUM",74.6895833333333
"2022-03-05 00:00:00","Fondo ERRANO","T0","WIND_DIRECTION",179.6875
"2022-03-06 00:00:00","Fondo ERRANO","T0","SOLAR_RAD",64.338768115942
"2022-03-06 00:00:00","Fondo ERRANO","T0","WIND_SPEED",3.345
"2022-03-06 00:00:00","Fondo ERRANO","T0","BATTERY_TENS",3445.625
"2022-03-06 00:00:00","Fondo ERRANO","T0","AIR_HUM",70.2729166666667
"2022-03-06 00:00:00","Fondo ERRANO","T0","GUST",6.0825
"2022-03-06 00:00:00","Fondo ERRANO","T0","AIR_TEMP",2.94270833333333
"2022-03-06 00:00:00","Fondo ERRANO","T0","WIND_DIRECTION",190.229166666667
"2022-03-07 00:00:00","Fondo ERRANO","T0","WIND_DIRECTION",195.1875
"2022-03-07 00:00:00","Fondo ERRANO","T0","GUST",4.8375
"2022-03-07 00:00:00","Fondo ERRANO","T0","WIND_SPEED",1.77
"2022-03-07 00:00:00","Fondo ERRANO","T0","AIR_TEMP",3.87333333333333
"2022-03-07 00:00:00","Fondo ERRANO","T0","AIR_HUM",68.6208333333333
"2022-03-07 00:00:00","Fondo ERRANO","T0","SOLAR_RAD",99.5289855072463
"2022-03-07 00:00:00","Fondo ERRANO","T0","BATTERY_TENS",3448.10416666667
"2022-03-08 00:00:00","Fondo ERRANO","T0","GUST",8.6025
"2022-03-08 00:00:00","Fondo ERRANO","T0","SOLAR_RAD",146.530797101449
"2022-03-08 00:00:00","Fondo ERRANO","T0","AIR_HUM",65.6479166666667
"2022-03-08 00:00:00","Fondo ERRANO","T0","WIND_DIRECTION",165.875
"2022-03-08 00:00:00","Fondo ERRANO","T0","BATTERY_TENS",3446.33333333333
"2022-03-08 00:00:00","Fondo ERRANO","T0","WIND_SPEED",5.58
"2022-03-08 00:00:00","Fondo ERRANO","T0","AIR_TEMP",3.10354166666667
"2022-03-09 00:00:00","Fondo ERRANO","T0","AIR_TEMP",5.134375
"2022-03-09 00:00:00","Fondo ERRANO","T0","AIR_HUM",56.6270833333333
"2022-03-09 00:00:00","Fondo ERRANO","T0","BATTERY_TENS",3452
"2022-03-09 00:00:00","Fondo ERRANO","T0","GUST",8.2875
"2022-03-09 00:00:00","Fondo ERRANO","T0","SOLAR_RAD",147.246376811594
"2022-03-09 00:00:00","Fondo ERRANO","T0","WIND_SPEED",5.7075
"2022-03-09 00:00:00","Fondo ERRANO","T0","WIND_DIRECTION",176.458333333333
"2022-03-10 00:00:00","Fondo ERRANO","T0","AIR_TEMP",6.85416666666667
"2022-03-10 00:00:00","Fondo ERRANO","T0","WIND_SPEED",4.47
"2022-03-10 00:00:00","Fondo ERRANO","T0","SOLAR_RAD",150.009057971014
"2022-03-10 00:00:00","Fondo ERRANO","T0","GUST",7.1175
"2022-03-10 00:00:00","Fondo ERRANO","T0","BATTERY_TENS",3455.33333333333
"2022-03-10 00:00:00","Fondo ERRANO","T0","AIR_HUM",56.125
"2022-03-10 00:00:00","Fondo ERRANO","T0","WIND_DIRECTION",145.0625
"2022-03-11 00:00:00","Fondo ERRANO","T0","AIR_HUM",68.7604166666667
"2022-03-11 00:00:00","Fondo ERRANO","T0","WIND_DIRECTION",142.297872340426
"2022-03-11 00:00:00","Fondo ERRANO","T0","AIR_TEMP",4.419375
"2022-03-11 00:00:00","Fondo ERRANO","T0","BATTERY_TENS",3452.65957446808
"2022-03-11 00:00:00","Fondo ERRANO","T0","WIND_SPEED",6.10468085106383
"2022-03-11 00:00:00","Fondo ERRANO","T0","GUST",8.93106382978723
"2022-03-11 00:00:00","Fondo ERRANO","T0","SOLAR_RAD",135.425724637681
"2022-03-12 00:00:00","Fondo ERRANO","T0","AIR_HUM",70.9666666666667
"2022-03-12 00:00:00","Fondo ERRANO","T0","GUST",7.6875
"2022-03-12 00:00:00","Fondo ERRANO","T0","WIND_SPEED",4.8975
"2022-03-12 00:00:00","Fondo ERRANO","T0","WIND_DIRECTION",147.229166666667
"2022-03-12 00:00:00","Fondo ERRANO","T0","SOLAR_RAD",123.007246376812
"2022-03-12 00:00:00","Fondo ERRANO","T0","BATTERY_TENS",3452.22916666667
"2022-03-12 00:00:00","Fondo ERRANO","T0","AIR_TEMP",3.58291666666667
"2022-03-13 00:00:00","Fondo ERRANO","T0","SOLAR_RAD",148.66847826087
"2022-03-13 00:00:00","Fondo ERRANO","T0","AIR_TEMP",4.43354166666667
"2022-03-13 00:00:00","Fondo ERRANO","T0","GUST",7.7475
"2022-03-13 00:00:00","Fondo ERRANO","T0","WIND_DIRECTION",157.354166666667
"2022-03-13 00:00:00","Fondo ERRANO","T0","WIND_SPEED",4.665
"2022-03-13 00:00:00","Fondo ERRANO","T0","BATTERY_TENS",3454
"2022-03-13 00:00:00","Fondo ERRANO","T0","AIR_HUM",71.5541666666666
"2022-03-14 00:00:00","Fondo ERRANO","T0","AIR_TEMP",8.39854166666667
"2022-03-14 00:00:00","Fondo ERRANO","T0","SOLAR_RAD",145.742753623188
"2022-03-14 00:00:00","Fondo ERRANO","T0","BATTERY_TENS",3458.91666666667
"2022-03-14 00:00:00","Fondo ERRANO","T0","WIND_DIRECTION",207.916666666667
"2022-03-14 00:00:00","Fondo ERRANO","T0","AIR_HUM",68.41875
"2022-03-14 00:00:00","Fondo ERRANO","T0","GUST",5.85
"2022-03-14 00:00:00","Fondo ERRANO","T0","WIND_SPEED",3.105
"2022-03-15 00:00:00","Fondo ERRANO","T0","SOLAR_RAD",109.085144927536
"2022-03-15 00:00:00","Fondo ERRANO","T0","AIR_TEMP",8.51354166666667
"2022-03-15 00:00:00","Fondo ERRANO","T0","GUST",5.64
"2022-03-15 00:00:00","Fondo ERRANO","T0","BATTERY_TENS",3466.58333333333
"2022-03-15 00:00:00","Fondo ERRANO","T0","WIND_SPEED",3.5325
"2022-03-15 00:00:00","Fondo ERRANO","T0","WIND_DIRECTION",151.104166666667
"2022-03-15 00:00:00","Fondo ERRANO","T0","AIR_HUM",71.3
"2022-03-16 00:00:00","Fondo ERRANO","T0","WIND_SPEED",2.4075
"2022-03-16 00:00:00","Fondo ERRANO","T0","WIND_DIRECTION",165.6875
"2022-03-16 00:00:00","Fondo ERRANO","T0","AIR_HUM",72.1104166666667
"2022-03-16 00:00:00","Fondo ERRANO","T0","AIR_TEMP",11.7797916666667
"2022-03-16 00:00:00","Fondo ERRANO","T0","SOLAR_RAD",62.5000000000002
"2022-03-16 00:00:00","Fondo ERRANO","T0","BATTERY_TENS",3478.66666666667
"2022-03-16 00:00:00","Fondo ERRANO","T0","GUST",4.5825
"2022-03-17 00:00:00","Fondo ERRANO","T0","AIR_TEMP",10.464375
"2022-03-17 00:00:00","Fondo ERRANO","T0","SOLAR_RAD",88.3605072463769
"2022-03-17 00:00:00","Fondo ERRANO","T0","BATTERY_TENS",3479.6875
"2022-03-17 00:00:00","Fondo ERRANO","T0","WIND_DIRECTION",150
"2022-03-17 00:00:00","Fondo ERRANO","T0","GUST",4.245
"2022-03-17 00:00:00","Fondo ERRANO","T0","AIR_HUM",78.4708333333333
"2022-03-17 00:00:00","Fondo ERRANO","T0","WIND_SPEED",2.8275
"2022-03-18 00:00:00","Fondo ERRANO","T0","AIR_TEMP",7.90282608695652
"2022-03-18 00:00:00","Fondo ERRANO","T0","BATTERY_TENS",3470.02083333333
"2022-03-18 00:00:00","Fondo ERRANO","T0","GUST",6.1425
"2022-03-18 00:00:00","Fondo ERRANO","T0","WIND_DIRECTION",156.104166666667
"2022-03-18 00:00:00","Fondo ERRANO","T0","WIND_SPEED",3.8475
"2022-03-18 00:00:00","Fondo ERRANO","T0","AIR_HUM",81.8434782608695
"2022-03-18 00:00:00","Fondo ERRANO","T0","SOLAR_RAD",71.3137996219285
"2022-03-19 00:00:00","Fondo ERRANO","T0","BATTERY_TENS",3468.25531914894
"2022-03-19 00:00:00","Fondo ERRANO","T0","WIND_SPEED",3.36255319148936
"2022-03-19 00:00:00","Fondo ERRANO","T0","AIR_TEMP",7.61208333333333
"2022-03-19 00:00:00","Fondo ERRANO","T0","WIND_DIRECTION",120.893617021277
"2022-03-19 00:00:00","Fondo ERRANO","T0","SOLAR_RAD",147.807971014492
"2022-03-19 00:00:00","Fondo ERRANO","T0","AIR_HUM",74.1
"2022-03-19 00:00:00","Fondo ERRANO","T0","GUST",6.54127659574468
"2022-03-20 00:00:00","Fondo ERRANO","T0","SOLAR_RAD",104.275362318841
"2022-03-20 00:00:00","Fondo ERRANO","T0","AIR_TEMP",6.96416666666666
"2022-03-20 00:00:00","Fondo ERRANO","T0","BATTERY_TENS",3459.85416666667
"2022-03-20 00:00:00","Fondo ERRANO","T0","WIND_SPEED",4.095
"2022-03-20 00:00:00","Fondo ERRANO","T0","WIND_DIRECTION",181.020833333333
"2022-03-20 00:00:00","Fondo ERRANO","T0","AIR_HUM",75.7770833333333
"2022-03-20 00:00:00","Fondo ERRANO","T0","GUST",6.7575
"2022-03-21 00:00:00","Fondo ERRANO","T0","WIND_DIRECTION",219.916666666667
"2022-03-21 00:00:00","Fondo ERRANO","T0","GUST",7.515
"2022-03-21 00:00:00","Fondo ERRANO","T0","WIND_SPEED",4.575
"2022-03-21 00:00:00","Fondo ERRANO","T0","AIR_HUM",66.7446808510638
"2022-03-21 00:00:00","Fondo ERRANO","T0","BATTERY_TENS",3458.52083333333
"2022-03-21 00:00:00","Fondo ERRANO","T0","AIR_TEMP",6.13085106382979
"2022-03-21 00:00:00","Fondo ERRANO","T0","SOLAR_RAD",153.718778908418
"2022-03-22 00:00:00","Fondo ERRANO","T0","WIND_DIRECTION",162.965517241379
"2022-03-22 00:00:00","Fondo ERRANO","T0","SOLAR_RAD",193.354037267081
"2022-03-22 00:00:00","Fondo ERRANO","T0","AIR_HUM",61.1107142857143
"2022-03-22 00:00:00","Fondo ERRANO","T0","GUST",8.6648275862069
"2022-03-22 00:00:00","Fondo ERRANO","T0","AIR_TEMP",5.29142857142857
"2022-03-22 00:00:00","Fondo ERRANO","T0","BATTERY_TENS",3455
"2022-03-22 00:00:00","Fondo ERRANO","T0","WIND_SPEED",5.44965517241379
"2022-03-23 00:00:00","Fondo ERRANO","T0","WIND_SPEED",7.19162790697674
"2022-03-23 00:00:00","Fondo ERRANO","T0","AIR_TEMP",9.27826086956522
"2022-03-23 00:00:00","Fondo ERRANO","T0","AIR_HUM",49.8377777777778
"2022-03-23 00:00:00","Fondo ERRANO","T0","GUST",10.44
"2022-03-23 00:00:00","Fondo ERRANO","T0","WIND_DIRECTION",234.162790697674
"2022-03-23 00:00:00","Fondo ERRANO","T0","BATTERY_TENS",3466.81395348837
"2022-03-23 00:00:00","Fondo ERRANO","T0","SOLAR_RAD",146.578449905482
"2022-03-24 00:00:00","Fondo ERRANO","T0","WIND_SPEED",5.77636363636364
"2022-03-24 00:00:00","Fondo ERRANO","T0","GUST",9.22090909090909
"2022-03-24 00:00:00","Fondo ERRANO","T0","AIR_HUM",45.6666666666667
"2022-03-24 00:00:00","Fondo ERRANO","T0","SOLAR_RAD",180.463768115942
"2022-03-24 00:00:00","Fondo ERRANO","T0","BATTERY_TENS",3475.13953488372
"2022-03-24 00:00:00","Fondo ERRANO","T0","WIND_DIRECTION",170.113636363636
"2022-03-24 00:00:00","Fondo ERRANO","T0","AIR_TEMP",12.966
"2022-03-25 00:00:00","Fondo ERRANO","T0","WIND_SPEED",5.265
"2022-03-25 00:00:00","Fondo ERRANO","T0","SOLAR_RAD",158.54743083004
"2022-03-25 00:00:00","Fondo ERRANO","T0","GUST",8.1675
"2022-03-25 00:00:00","Fondo ERRANO","T0","AIR_TEMP",13.3045454545455
"2022-03-25 00:00:00","Fondo ERRANO","T0","BATTERY_TENS",3483.52083333333
"2022-03-25 00:00:00","Fondo ERRANO","T0","AIR_HUM",44.3795454545455
"2022-03-25 00:00:00","Fondo ERRANO","T0","WIND_DIRECTION",185.666666666667
"2022-03-26 00:00:00","Fondo ERRANO","T0","WIND_DIRECTION",140.8125
"2022-03-26 00:00:00","Fondo ERRANO","T0","BATTERY_TENS",3480.77083333333
"2022-03-26 00:00:00","Fondo ERRANO","T0","AIR_TEMP",12.5172972972973
"2022-03-26 00:00:00","Fondo ERRANO","T0","GUST",7.8525
"2022-03-26 00:00:00","Fondo ERRANO","T0","WIND_SPEED",4.995
"2022-03-26 00:00:00","Fondo ERRANO","T0","AIR_HUM",47.9567567567568
"2022-03-26 00:00:00","Fondo ERRANO","T0","SOLAR_RAD",157.860411899314
"2022-03-27 00:00:00","Fondo ERRANO","T0","AIR_TEMP",11.6516666666667
"2022-03-27 00:00:00","Fondo ERRANO","T0","GUST",6.4095652173913
"2022-03-27 00:00:00","Fondo ERRANO","T0","SOLAR_RAD",123.369565217391
"2022-03-27 00:00:00","Fondo ERRANO","T0","AIR_HUM",56.0166666666667
"2022-03-27 00:00:00","Fondo ERRANO","T0","WIND_DIRECTION",152.608695652174
"2022-03-27 00:00:00","Fondo ERRANO","T0","WIND_SPEED",4.19478260869565
"2022-03-27 00:00:00","Fondo ERRANO","T0","BATTERY_TENS",3475.4347826087
"2022-03-28 00:00:00","Fondo ERRANO","T0","WIND_DIRECTION",160.270833333333
"2022-03-28 00:00:00","Fondo ERRANO","T0","WIND_SPEED",4.4925
"2022-03-28 00:00:00","Fondo ERRANO","T0","GUST",7.9725
"2022-03-28 00:00:00","Fondo ERRANO","T0","BATTERY_TENS",3474.89583333333
"2022-03-28 00:00:00","Fondo ERRANO","T0","SOLAR_RAD",156.739130434783
"2022-03-28 00:00:00","Fondo ERRANO","T0","AIR_TEMP",11.4916666666667
"2022-03-28 00:00:00","Fondo ERRANO","T0","AIR_HUM",62.3083333333333
"2022-03-29 00:00:00","Fondo ERRANO","T0","WIND_SPEED",3.42
"2022-03-29 00:00:00","Fondo ERRANO","T0","WIND_DIRECTION",192.375
"2022-03-29 00:00:00","Fondo ERRANO","T0","SOLAR_RAD",148.367149758454
"2022-03-29 00:00:00","Fondo ERRANO","T0","AIR_TEMP",10.77
"2022-03-29 00:00:00","Fondo ERRANO","T0","BATTERY_TENS",3472.85416666667
"2022-03-29 00:00:00","Fondo ERRANO","T0","GUST",6.1575
"2022-03-29 00:00:00","Fondo ERRANO","T0","AIR_HUM",70.5409090909091
"2022-03-30 00:00:00","Fondo ERRANO","T0","WIND_DIRECTION",114.833333333333
"2022-03-30 00:00:00","Fondo ERRANO","T0","BATTERY_TENS",3474.625
"2022-03-30 00:00:00","Fondo ERRANO","T0","WIND_SPEED",3.5925
"2022-03-30 00:00:00","Fondo ERRANO","T0","SOLAR_RAD",58.0434782608697
"2022-03-30 00:00:00","Fondo ERRANO","T0","AIR_TEMP",11.187619047619
"2022-03-30 00:00:00","Fondo ERRANO","T0","AIR_HUM",76.1452380952381
"2022-03-30 00:00:00","Fondo ERRANO","T0","GUST",5.955
"2022-03-31 00:00:00","Fondo ERRANO","T0","WIND_DIRECTION",221.395833333333
"2022-03-31 00:00:00","Fondo ERRANO","T0","BATTERY_TENS",3471.85416666667
"2022-03-31 00:00:00","Fondo ERRANO","T0","GUST",4.5825
"2022-03-31 00:00:00","Fondo ERRANO","T0","AIR_TEMP",10.1453658536585
"2022-03-31 00:00:00","Fondo ERRANO","T0","WIND_SPEED",2.52
"2022-03-31 00:00:00","Fondo ERRANO","T0","SOLAR_RAD",39.1511387163563
"2022-03-31 00:00:00","Fondo ERRANO","T0","AIR_HUM",94.7707317073171
"2022-04-01 00:00:00","Fondo ERRANO","T0","AIR_HUM",78.0909090909091
"2022-04-01 00:00:00","Fondo ERRANO","T0","WIND_SPEED",5.52
"2022-04-01 00:00:00","Fondo ERRANO","T0","AIR_TEMP",11.2086363636364
"2022-04-01 00:00:00","Fondo ERRANO","T0","BATTERY_TENS",3472.41666666667
"2022-04-01 00:00:00","Fondo ERRANO","T0","GUST",10.0125
"2022-04-01 00:00:00","Fondo ERRANO","T0","SOLAR_RAD",71.4822134387353
"2022-04-01 00:00:00","Fondo ERRANO","T0","WIND_DIRECTION",217.229166666667
"2022-04-02 00:00:00","Fondo ERRANO","T0","BATTERY_TENS",3470.75
"2022-04-02 00:00:00","Fondo ERRANO","T0","WIND_DIRECTION",207.041666666667
"2022-04-02 00:00:00","Fondo ERRANO","T0","GUST",8.34
"2022-04-02 00:00:00","Fondo ERRANO","T0","AIR_HUM",67.3243902439024
"2022-04-02 00:00:00","Fondo ERRANO","T0","WIND_SPEED",4.8
"2022-04-02 00:00:00","Fondo ERRANO","T0","SOLAR_RAD",151.940615058325
"2022-04-02 00:00:00","Fondo ERRANO","T0","AIR_TEMP",7.84146341463414
"2022-04-03 00:00:00","Fondo ERRANO","T0","AIR_TEMP",7.33666666666667
"2022-04-03 00:00:00","Fondo ERRANO","T0","WIND_DIRECTION",149.4375
"2022-04-03 00:00:00","Fondo ERRANO","T0","SOLAR_RAD",114.0242669363
"2022-04-03 00:00:00","Fondo ERRANO","T0","WIND_SPEED",3.8325
"2022-04-03 00:00:00","Fondo ERRANO","T0","GUST",6.8025
"2022-04-03 00:00:00","Fondo ERRANO","T0","BATTERY_TENS",3469.02083333333
"2022-04-03 00:00:00","Fondo ERRANO","T0","AIR_HUM",77.0738095238095
"2022-04-04 00:00:00","Fondo ERRANO","T0","WIND_SPEED",2.385
"2022-04-04 00:00:00","Fondo ERRANO","T0","AIR_HUM",80.3511627906977
"2022-04-04 00:00:00","Fondo ERRANO","T0","GUST",5.07
"2022-04-04 00:00:00","Fondo ERRANO","T0","AIR_TEMP",8.37046511627907
"2022-04-04 00:00:00","Fondo ERRANO","T0","SOLAR_RAD",132.821031344792
"2022-04-04 00:00:00","Fondo ERRANO","T0","WIND_DIRECTION",214.395833333333
"2022-04-04 00:00:00","Fondo ERRANO","T0","BATTERY_TENS",3470.83333333333
"2022-04-05 00:00:00","Fondo ERRANO","T0","BATTERY_TENS",3471.25
"2022-04-05 00:00:00","Fondo ERRANO","T0","AIR_HUM",74.4651162790698
"2022-04-05 00:00:00","Fondo ERRANO","T0","GUST",8.325
"2022-04-05 00:00:00","Fondo ERRANO","T0","WIND_DIRECTION",148.416666666667
"2022-04-05 00:00:00","Fondo ERRANO","T0","AIR_TEMP",9.79976744186047
"2022-04-05 00:00:00","Fondo ERRANO","T0","SOLAR_RAD",191.253791708797
"2022-04-05 00:00:00","Fondo ERRANO","T0","WIND_SPEED",4.695
"2022-04-06 00:00:00","Fondo ERRANO","T0","AIR_TEMP",10.7110869565217
"2022-04-06 00:00:00","Fondo ERRANO","T0","WIND_SPEED",4.8075
"2022-04-06 00:00:00","Fondo ERRANO","T0","AIR_HUM",70.8456521739131
"2022-04-06 00:00:00","Fondo ERRANO","T0","SOLAR_RAD",159.716446124764
"2022-04-06 00:00:00","Fondo ERRANO","T0","WIND_DIRECTION",162.208333333333
"2022-04-06 00:00:00","Fondo ERRANO","T0","BATTERY_TENS",3474.6875
"2022-04-06 00:00:00","Fondo ERRANO","T0","GUST",7.4175
"2022-04-07 00:00:00","Fondo ERRANO","T0","WIND_SPEED",10.6714285714286
"2022-04-07 00:00:00","Fondo ERRANO","T0","GUST",15.4009756097561
"2022-04-07 00:00:00","Fondo ERRANO","T0","AIR_HUM",67.5558139534884
"2022-04-07 00:00:00","Fondo ERRANO","T0","WIND_DIRECTION",219.904761904762
"2022-04-07 00:00:00","Fondo ERRANO","T0","AIR_TEMP",13.8953488372093
"2022-04-07 00:00:00","Fondo ERRANO","T0","BATTERY_TENS",3482.14634146341
"2022-04-07 00:00:00","Fondo ERRANO","T0","SOLAR_RAD",228.766430738119
"2022-04-08 00:00:00","Fondo ERRANO","T0","AIR_TEMP",17.4970454545455
"2022-04-08 00:00:00","Fondo ERRANO","T0","BATTERY_TENS",3487.73333333333
"2022-04-08 00:00:00","Fondo ERRANO","T0","AIR_HUM",60.7095238095238
"2022-04-08 00:00:00","Fondo ERRANO","T0","WIND_SPEED",17.616
"2022-04-08 00:00:00","Fondo ERRANO","T0","GUST",26.968
"2022-04-08 00:00:00","Fondo ERRANO","T0","SOLAR_RAD",174.792490118577
"2022-04-08 00:00:00","Fondo ERRANO","T0","WIND_DIRECTION",229.244444444444
"2022-04-09 00:00:00","Fondo ERRANO","T0","WIND_DIRECTION",201.478260869565
"2022-04-09 00:00:00","Fondo ERRANO","T0","BATTERY_TENS",3489.97826086957
"2022-04-09 00:00:00","Fondo ERRANO","T0","AIR_TEMP",14.6802083333333
"2022-04-09 00:00:00","Fondo ERRANO","T0","SOLAR_RAD",183.894927536232
"2022-04-09 00:00:00","Fondo ERRANO","T0","WIND_SPEED",14.0947826086956
"2022-04-09 00:00:00","Fondo ERRANO","T0","AIR_HUM",61.1125
"2022-04-09 00:00:00","Fondo ERRANO","T0","GUST",22.7739130434783
"2022-04-10 00:00:00","Fondo ERRANO","T0","BATTERY_TENS",3476.95348837209
"2022-04-10 00:00:00","Fondo ERRANO","T0","AIR_TEMP",9.079375
"2022-04-10 00:00:00","Fondo ERRANO","T0","SOLAR_RAD",224.239130434783
"2022-04-10 00:00:00","Fondo ERRANO","T0","WIND_SPEED",3.88173913043478
"2022-04-10 00:00:00","Fondo ERRANO","T0","WIND_DIRECTION",205.565217391304
"2022-04-10 00:00:00","Fondo ERRANO","T0","GUST",7.57636363636364
"2022-04-10 00:00:00","Fondo ERRANO","T0","AIR_HUM",67.8166666666666
"2022-04-11 00:00:00","Fondo ERRANO","T0","AIR_TEMP",11.9244680851064
"2022-04-11 00:00:00","Fondo ERRANO","T0","WIND_DIRECTION",182.958333333333
"2022-04-11 00:00:00","Fondo ERRANO","T0","WIND_SPEED",4.2375
"2022-04-11 00:00:00","Fondo ERRANO","T0","BATTERY_TENS",3475.97916666667
"2022-04-11 00:00:00","Fondo ERRANO","T0","SOLAR_RAD",231.396854764107
"2022-04-11 00:00:00","Fondo ERRANO","T0","AIR_HUM",57.5173913043478
"2022-04-11 00:00:00","Fondo ERRANO","T0","GUST",7.1925
"2022-04-12 00:00:00","Fondo ERRANO","T0","WIND_SPEED",3.9
"2022-04-12 00:00:00","Fondo ERRANO","T0","AIR_TEMP",12.4536666666667
"2022-04-12 00:00:00","Fondo ERRANO","T0","BATTERY_TENS",3476.64583333333
"2022-04-12 00:00:00","Fondo ERRANO","T0","WIND_DIRECTION",154.1875
"2022-04-12 00:00:00","Fondo ERRANO","T0","GUST",7.05
"2022-04-12 00:00:00","Fondo ERRANO","T0","AIR_HUM",57.3833333333333
"2022-04-12 00:00:00","Fondo ERRANO","T0","SOLAR_RAD",169.144927536232
"2022-04-13 00:00:00","Fondo ERRANO","T0","AIR_HUM",77.1766666666667
"2022-04-13 00:00:00","Fondo ERRANO","T0","BATTERY_TENS",3477.5625
"2022-04-13 00:00:00","Fondo ERRANO","T0","WIND_DIRECTION",145.625
"2022-04-13 00:00:00","Fondo ERRANO","T0","AIR_TEMP",11.3256666666667
"2022-04-13 00:00:00","Fondo ERRANO","T0","WIND_SPEED",3.51
"2022-04-13 00:00:00","Fondo ERRANO","T0","SOLAR_RAD",165.608695652174
"2022-04-13 00:00:00","Fondo ERRANO","T0","GUST",6.5175
"2022-04-14 00:00:00","Fondo ERRANO","T0","AIR_TEMP",12.5562962962963
"2022-04-14 00:00:00","Fondo ERRANO","T0","WIND_SPEED",4.4175
"2022-04-14 00:00:00","Fondo ERRANO","T0","SOLAR_RAD",178.599033816425
"2022-04-14 00:00:00","Fondo ERRANO","T0","BATTERY_TENS",3480.3125
"2022-04-14 00:00:00","Fondo ERRANO","T0","GUST",7.1175
"2022-04-14 00:00:00","Fondo ERRANO","T0","WIND_DIRECTION",159.854166666667
"2022-04-14 00:00:00","Fondo ERRANO","T0","AIR_HUM",71.537037037037
"2022-04-15 00:00:00","Fondo ERRANO","T0","AIR_HUM",65.8
"2022-04-15 00:00:00","Fondo ERRANO","T0","GUST",6.6525
"2022-04-15 00:00:00","Fondo ERRANO","T0","WIND_DIRECTION",160.583333333333
"2022-04-15 00:00:00","Fondo ERRANO","T0","AIR_TEMP",13.2259259259259
"2022-04-15 00:00:00","Fondo ERRANO","T0","BATTERY_TENS",3483.02083333333
"2022-04-15 00:00:00","Fondo ERRANO","T0","WIND_SPEED",4.1475
"2022-04-15 00:00:00","Fondo ERRANO","T0","SOLAR_RAD",198.90499194847
"2022-04-16 00:00:00","Fondo ERRANO","T0","WIND_SPEED",7.605
"2022-04-16 00:00:00","Fondo ERRANO","T0","WIND_DIRECTION",147.645833333333
"2022-04-16 00:00:00","Fondo ERRANO","T0","AIR_TEMP",13.9958333333333
"2022-04-16 00:00:00","Fondo ERRANO","T0","AIR_HUM",66.6944444444444
"2022-04-16 00:00:00","Fondo ERRANO","T0","BATTERY_TENS",3483.4375
"2022-04-16 00:00:00","Fondo ERRANO","T0","SOLAR_RAD",181.292270531401
"2022-04-16 00:00:00","Fondo ERRANO","T0","GUST",11.76
"2022-04-17 00:00:00","Fondo ERRANO","T0","WIND_SPEED",7.125
"2022-04-17 00:00:00","Fondo ERRANO","T0","AIR_HUM",62.3511627906977
"2022-04-17 00:00:00","Fondo ERRANO","T0","SOLAR_RAD",200.273003033367
"2022-04-17 00:00:00","Fondo ERRANO","T0","WIND_DIRECTION",107.354166666667
"2022-04-17 00:00:00","Fondo ERRANO","T0","BATTERY_TENS",3474.875
"2022-04-17 00:00:00","Fondo ERRANO","T0","GUST",11.28
"2022-04-17 00:00:00","Fondo ERRANO","T0","AIR_TEMP",10.1848837209302
"2022-04-18 00:00:00","Fondo ERRANO","T0","SOLAR_RAD",226.426299045599
"2022-04-18 00:00:00","Fondo ERRANO","T0","GUST",8.0625
"2022-04-18 00:00:00","Fondo ERRANO","T0","WIND_SPEED",5.0625
"2022-04-18 00:00:00","Fondo ERRANO","T0","AIR_TEMP",9.66175
"2022-04-18 00:00:00","Fondo ERRANO","T0","BATTERY_TENS",3472.04166666667
"2022-04-18 00:00:00","Fondo ERRANO","T0","WIND_DIRECTION",168.666666666667
"2022-04-18 00:00:00","Fondo ERRANO","T0","AIR_HUM",61.5275
"2022-04-19 00:00:00","Fondo ERRANO","T0","AIR_HUM",61.1439024390244
"2022-04-19 00:00:00","Fondo ERRANO","T0","SOLAR_RAD",186.012725344645
"2022-04-19 00:00:00","Fondo ERRANO","T0","WIND_DIRECTION",184.808510638298
"2022-04-19 00:00:00","Fondo ERRANO","T0","WIND_SPEED",5.16255319148936
"2022-04-19 00:00:00","Fondo ERRANO","T0","GUST",8.41787234042553
"2022-04-19 00:00:00","Fondo ERRANO","T0","AIR_TEMP",12.0741463414634
"2022-04-19 00:00:00","Fondo ERRANO","T0","BATTERY_TENS",3476.48936170213
"2022-04-20 00:00:00","Fondo ERRANO","T0","GUST",7.11574468085106
"2022-04-20 00:00:00","Fondo ERRANO","T0","AIR_HUM",75.2368421052632
"2022-04-20 00:00:00","Fondo ERRANO","T0","WIND_DIRECTION",119.170212765957
"2022-04-20 00:00:00","Fondo ERRANO","T0","BATTERY_TENS",3479.57446808511
"2022-04-20 00:00:00","Fondo ERRANO","T0","WIND_SPEED",4.68
"2022-04-20 00:00:00","Fondo ERRANO","T0","AIR_TEMP",12.4428947368421
"2022-04-20 00:00:00","Fondo ERRANO","T0","SOLAR_RAD",81.6475972540047
"2022-04-21 00:00:00","Fondo ERRANO","T0","AIR_HUM",93.2
"2022-04-21 00:00:00","Fondo ERRANO","T0","SOLAR_RAD",25.4092071611255
"2022-04-21 00:00:00","Fondo ERRANO","T0","WIND_DIRECTION",134.4375
"2022-04-21 00:00:00","Fondo ERRANO","T0","GUST",6.09
"2022-04-21 00:00:00","Fondo ERRANO","T0","AIR_TEMP",10.0167647058824
"2022-04-21 00:00:00","Fondo ERRANO","T0","BATTERY_TENS",3473.41666666667
"2022-04-21 00:00:00","Fondo ERRANO","T0","WIND_SPEED",3.945
"2022-04-22 00:00:00","Fondo ERRANO","T0","WIND_DIRECTION",238.083333333333
"2022-04-22 00:00:00","Fondo ERRANO","T0","GUST",9.765
"2022-04-22 00:00:00","Fondo ERRANO","T0","AIR_TEMP",11.3574074074074
"2022-04-22 00:00:00","Fondo ERRANO","T0","WIND_SPEED",6.0675
"2022-04-22 00:00:00","Fondo ERRANO","T0","BATTERY_TENS",3470.47916666667
"2022-04-22 00:00:00","Fondo ERRANO","T0","SOLAR_RAD",55.4106280193238
"2022-04-22 00:00:00","Fondo ERRANO","T0","AIR_HUM",94.2259259259259
"2022-04-23 00:00:00","Fondo ERRANO","T0","GUST",7.83
"2022-04-23 00:00:00","Fondo ERRANO","T0","WIND_SPEED",4.3425
"2022-04-23 00:00:00","Fondo ERRANO","T0","AIR_TEMP",14.5457142857143
"2022-04-23 00:00:00","Fondo ERRANO","T0","BATTERY_TENS",3479.33333333333
"2022-04-23 00:00:00","Fondo ERRANO","T0","SOLAR_RAD",150.85403726708
"2022-04-23 00:00:00","Fondo ERRANO","T0","AIR_HUM",79.5035714285714
"2022-04-23 00:00:00","Fondo ERRANO","T0","WIND_DIRECTION",202.229166666667
"2022-04-24 00:00:00","Fondo ERRANO","T0","GUST",7.58297872340426
"2022-04-24 00:00:00","Fondo ERRANO","T0","AIR_TEMP",12.5172413793103
"2022-04-24 00:00:00","Fondo ERRANO","T0","SOLAR_RAD",107.136431784108
"2022-04-24 00:00:00","Fondo ERRANO","T0","AIR_HUM",81.551724137931
"2022-04-24 00:00:00","Fondo ERRANO","T0","WIND_DIRECTION",216.872340425532
"2022-04-24 00:00:00","Fondo ERRANO","T0","WIND_SPEED",3.11744680851064
"2022-04-24 00:00:00","Fondo ERRANO","T0","BATTERY_TENS",3473.72340425532
"2022-04-25 00:00:00","Fondo ERRANO","T0","SOLAR_RAD",204.099378881988
"2022-04-25 00:00:00","Fondo ERRANO","T0","WIND_SPEED",6.3075
"2022-04-25 00:00:00","Fondo ERRANO","T0","AIR_TEMP",14.8003571428571
"2022-04-25 00:00:00","Fondo ERRANO","T0","GUST",10.7625
"2022-04-25 00:00:00","Fondo ERRANO","T0","WIND_DIRECTION",242.041666666667
"2022-04-25 00:00:00","Fondo ERRANO","T0","AIR_HUM",69.5035714285714
"2022-04-25 00:00:00","Fondo ERRANO","T0","BATTERY_TENS",3482.52083333333
"2022-04-26 00:00:00","Fondo ERRANO","T0","BATTERY_TENS",3492.27777777778
"2022-04-26 00:00:00","Fondo ERRANO","T0","WIND_DIRECTION",240.75
"2022-04-26 00:00:00","Fondo ERRANO","T0","AIR_TEMP",16.88
"2022-04-26 00:00:00","Fondo ERRANO","T0","GUST",9.81
"2022-04-26 00:00:00","Fondo ERRANO","T0","SOLAR_RAD",240.703933747412
"2022-04-26 00:00:00","Fondo ERRANO","T0","WIND_SPEED",6.04
"2022-04-26 00:00:00","Fondo ERRANO","T0","AIR_HUM",60.6857142857143
"2022-04-27 00:00:00","Fondo ERRANO","T0","WIND_SPEED",4.068
"2022-04-27 00:00:00","Fondo ERRANO","T0","AIR_HUM",66.5521739130435
"2022-04-27 00:00:00","Fondo ERRANO","T0","GUST",7.74
"2022-04-27 00:00:00","Fondo ERRANO","T0","AIR_TEMP",16.0704347826087
"2022-04-27 00:00:00","Fondo ERRANO","T0","SOLAR_RAD",231.020793950851
"2022-04-27 00:00:00","Fondo ERRANO","T0","WIND_DIRECTION",149.55
"2022-04-27 00:00:00","Fondo ERRANO","T0","BATTERY_TENS",3498.6
"2022-04-28 00:00:00","Fondo ERRANO","T0","BATTERY_TENS",3482.02631578947
"2022-04-28 00:00:00","Fondo ERRANO","T0","AIR_TEMP",13.0022727272727
"2022-04-28 00:00:00","Fondo ERRANO","T0","AIR_HUM",70.5954545454546
"2022-04-28 00:00:00","Fondo ERRANO","T0","WIND_DIRECTION",158.184210526316
"2022-04-28 00:00:00","Fondo ERRANO","T0","SOLAR_RAD",262.697628458498
"2022-04-28 00:00:00","Fondo ERRANO","T0","WIND_SPEED",5.01157894736842
"2022-04-28 00:00:00","Fondo ERRANO","T0","GUST",8.46
"2022-04-29 00:00:00","Fondo ERRANO","T0","BATTERY_TENS",3482.5625
"2022-04-29 00:00:00","Fondo ERRANO","T0","WIND_SPEED",5.325
"2022-04-29 00:00:00","Fondo ERRANO","T0","WIND_DIRECTION",158.729166666667
"2022-04-29 00:00:00","Fondo ERRANO","T0","GUST",8.5725
"2022-04-29 00:00:00","Fondo ERRANO","T0","AIR_TEMP",12.5073076923077
"2022-04-29 00:00:00","Fondo ERRANO","T0","AIR_HUM",65.7923076923077
"2022-04-29 00:00:00","Fondo ERRANO","T0","SOLAR_RAD",202.324414715719
"2022-04-30 00:00:00","Fondo ERRANO","T0","AIR_HUM",62.2892857142857
"2022-04-30 00:00:00","Fondo ERRANO","T0","WIND_SPEED",4.71
"2022-04-30 00:00:00","Fondo ERRANO","T0","AIR_TEMP",13.7846428571429
"2022-04-30 00:00:00","Fondo ERRANO","T0","WIND_DIRECTION",163.333333333333
"2022-04-30 00:00:00","Fondo ERRANO","T0","GUST",7.5975
"2022-04-30 00:00:00","Fondo ERRANO","T0","SOLAR_RAD",226.506211180124
"2022-04-30 00:00:00","Fondo ERRANO","T0","BATTERY_TENS",3482.79166666667
"2022-05-01 00:00:00","Fondo ERRANO","T0","WIND_SPEED",5.28
"2022-05-01 00:00:00","Fondo ERRANO","T0","GUST",8.58
"2022-05-01 00:00:00","Fondo ERRANO","T0","AIR_TEMP",14.8816666666667
"2022-05-01 00:00:00","Fondo ERRANO","T0","WIND_DIRECTION",209.958333333333
"2022-05-01 00:00:00","Fondo ERRANO","T0","SOLAR_RAD",180.80615942029
"2022-05-01 00:00:00","Fondo ERRANO","T0","AIR_HUM",66.39375
"2022-05-01 00:00:00","Fondo ERRANO","T0","BATTERY_TENS",3487.79166666667
"2022-05-02 00:00:00","Fondo ERRANO","T0","AIR_HUM",76.05625
"2022-05-02 00:00:00","Fondo ERRANO","T0","WIND_DIRECTION",259.229166666667
"2022-05-02 00:00:00","Fondo ERRANO","T0","AIR_TEMP",14.1070833333333
"2022-05-02 00:00:00","Fondo ERRANO","T0","WIND_SPEED",4.815
"2022-05-02 00:00:00","Fondo ERRANO","T0","SOLAR_RAD",178.75
"2022-05-02 00:00:00","Fondo ERRANO","T0","GUST",7.5675
"2022-05-02 00:00:00","Fondo ERRANO","T0","BATTERY_TENS",3487.95833333333
"2022-05-03 00:00:00","Fondo ERRANO","T0","GUST",7.9425
"2022-05-03 00:00:00","Fondo ERRANO","T0","WIND_SPEED",4.6125
"2022-05-03 00:00:00","Fondo ERRANO","T0","BATTERY_TENS",3496.58333333333
"2022-05-03 00:00:00","Fondo ERRANO","T0","SOLAR_RAD",225.615942028985
"2022-05-03 00:00:00","Fondo ERRANO","T0","WIND_DIRECTION",176.958333333333
"2022-05-03 00:00:00","Fondo ERRANO","T0","AIR_HUM",67.9104166666667
"2022-05-03 00:00:00","Fondo ERRANO","T0","AIR_TEMP",16.3841666666667
"2022-05-04 00:00:00","Fondo ERRANO","T0","WIND_DIRECTION",188.458333333333
"2022-05-04 00:00:00","Fondo ERRANO","T0","BATTERY_TENS",3497.10416666667
"2022-05-04 00:00:00","Fondo ERRANO","T0","GUST",7.665
"2022-05-04 00:00:00","Fondo ERRANO","T0","AIR_HUM",71.925
"2022-05-04 00:00:00","Fondo ERRANO","T0","AIR_TEMP",15.7883333333333
"2022-05-04 00:00:00","Fondo ERRANO","T0","SOLAR_RAD",199.918478260869
"2022-05-04 00:00:00","Fondo ERRANO","T0","WIND_SPEED",4.635
"2022-05-05 00:00:00","Fondo ERRANO","T0","WIND_DIRECTION",171.708333333333
"2022-05-05 00:00:00","Fondo ERRANO","T0","GUST",3.885
"2022-05-05 00:00:00","Fondo ERRANO","T0","AIR_HUM",84.4895833333333
"2022-05-05 00:00:00","Fondo ERRANO","T0","BATTERY_TENS",3490.875
"2022-05-05 00:00:00","Fondo ERRANO","T0","AIR_TEMP",14.000625
"2022-05-05 00:00:00","Fondo ERRANO","T0","WIND_SPEED",1.545
"2022-05-05 00:00:00","Fondo ERRANO","T0","SOLAR_RAD",72.0561594202898
"2022-05-06 00:00:00","Fondo ERRANO","T0","WIND_SPEED",6.6675
"2022-05-06 00:00:00","Fondo ERRANO","T0","AIR_TEMP",13.41125
"2022-05-06 00:00:00","Fondo ERRANO","T0","BATTERY_TENS",3483.25
"2022-05-06 00:00:00","Fondo ERRANO","T0","WIND_DIRECTION",62.5416666666667
"2022-05-06 00:00:00","Fondo ERRANO","T0","SOLAR_RAD",21.5760869565218
"2022-05-06 00:00:00","Fondo ERRANO","T0","AIR_HUM",95.54375
"2022-05-06 00:00:00","Fondo ERRANO","T0","GUST",10.6575
"2022-05-07 00:00:00","Fondo ERRANO","T0","AIR_HUM",93.4020833333333
"2022-05-07 00:00:00","Fondo ERRANO","T0","GUST",6.33
"2022-05-07 00:00:00","Fondo ERRANO","T0","WIND_SPEED",3.7275
"2022-05-07 00:00:00","Fondo ERRANO","T0","SOLAR_RAD",61.6666666666672
"2022-05-07 00:00:00","Fondo ERRANO","T0","WIND_DIRECTION",87.1458333333333
"2022-05-07 00:00:00","Fondo ERRANO","T0","AIR_TEMP",14.3427083333333
"2022-05-07 00:00:00","Fondo ERRANO","T0","BATTERY_TENS",3486.8125
"2022-05-08 00:00:00","Fondo ERRANO","T0","AIR_TEMP",16.0720833333333
"2022-05-08 00:00:00","Fondo ERRANO","T0","GUST",6.9
"2022-05-08 00:00:00","Fondo ERRANO","T0","WIND_DIRECTION",213.75
"2022-05-08 00:00:00","Fondo ERRANO","T0","SOLAR_RAD",158.034420289855
"2022-05-08 00:00:00","Fondo ERRANO","T0","BATTERY_TENS",3494.25
"2022-05-08 00:00:00","Fondo ERRANO","T0","WIND_SPEED",4.095
"2022-05-08 00:00:00","Fondo ERRANO","T0","AIR_HUM",84.6375
"2022-05-09 00:00:00","Fondo ERRANO","T0","AIR_TEMP",17.6402083333333
"2022-05-09 00:00:00","Fondo ERRANO","T0","BATTERY_TENS",3495.83333333333
"2022-05-09 00:00:00","Fondo ERRANO","T0","SOLAR_RAD",203.052536231884
"2022-05-09 00:00:00","Fondo ERRANO","T0","AIR_HUM",78.76875
"2022-05-09 00:00:00","Fondo ERRANO","T0","GUST",6.2475
"2022-05-09 00:00:00","Fondo ERRANO","T0","WIND_SPEED",3.2025
"2022-05-09 00:00:00","Fondo ERRANO","T0","WIND_DIRECTION",169.270833333333
"2022-05-10 00:00:00","Fondo ERRANO","T0","GUST",6.5775
"2022-05-10 00:00:00","Fondo ERRANO","T0","AIR_HUM",71.9583333333333
"2022-05-10 00:00:00","Fondo ERRANO","T0","SOLAR_RAD",276.621376811594
"2022-05-10 00:00:00","Fondo ERRANO","T0","BATTERY_TENS",3496.6875
"2022-05-10 00:00:00","Fondo ERRANO","T0","WIND_DIRECTION",191.416666666667
"2022-05-10 00:00:00","Fondo ERRANO","T0","WIND_SPEED",3.705
"2022-05-10 00:00:00","Fondo ERRANO","T0","AIR_TEMP",19.4295833333333
"2022-05-11 00:00:00","Fondo ERRANO","T0","WIND_SPEED",4.3425
"2022-05-11 00:00:00","Fondo ERRANO","T0","BATTERY_TENS",3504.33333333333
"2022-05-11 00:00:00","Fondo ERRANO","T0","SOLAR_RAD",283.786231884058
"2022-05-11 00:00:00","Fondo ERRANO","T0","AIR_HUM",64.3583333333333
"2022-05-11 00:00:00","Fondo ERRANO","T0","GUST",8.16
"2022-05-11 00:00:00","Fondo ERRANO","T0","WIND_DIRECTION",173.333333333333
"2022-05-11 00:00:00","Fondo ERRANO","T0","AIR_TEMP",21.5629166666667
"2022-05-12 00:00:00","Fondo ERRANO","T0","WIND_DIRECTION",238.541666666667
"2022-05-12 00:00:00","Fondo ERRANO","T0","WIND_SPEED",4.62
"2022-05-12 00:00:00","Fondo ERRANO","T0","BATTERY_TENS",3506.60416666667
"2022-05-12 00:00:00","Fondo ERRANO","T0","SOLAR_RAD",292.155797101449
"2022-05-12 00:00:00","Fondo ERRANO","T0","AIR_TEMP",22.8091666666667
"2022-05-12 00:00:00","Fondo ERRANO","T0","GUST",8.4375
"2022-05-12 00:00:00","Fondo ERRANO","T0","AIR_HUM",54.4020833333333
"2022-05-13 00:00:00","Fondo ERRANO","T0","WIND_DIRECTION",241.5625
"2022-05-13 00:00:00","Fondo ERRANO","T0","SOLAR_RAD",284.375
"2022-05-13 00:00:00","Fondo ERRANO","T0","GUST",7.05
"2022-05-13 00:00:00","Fondo ERRANO","T0","BATTERY_TENS",3512.79166666667
"2022-05-13 00:00:00","Fondo ERRANO","T0","AIR_TEMP",22.6202083333333
"2022-05-13 00:00:00","Fondo ERRANO","T0","AIR_HUM",50.7375
"2022-05-13 00:00:00","Fondo ERRANO","T0","WIND_SPEED",3.75
"2022-05-14 00:00:00","Fondo ERRANO","T0","SOLAR_RAD",281.277173913044
"2022-05-14 00:00:00","Fondo ERRANO","T0","BATTERY_TENS",3511.1875
"2022-05-14 00:00:00","Fondo ERRANO","T0","WIND_SPEED",2.9925
"2022-05-14 00:00:00","Fondo ERRANO","T0","AIR_TEMP",22.0927083333333
"2022-05-14 00:00:00","Fondo ERRANO","T0","GUST",6.0525
"2022-05-14 00:00:00","Fondo ERRANO","T0","WIND_DIRECTION",185.5
"2022-05-14 00:00:00","Fondo ERRANO","T0","AIR_HUM",59.3083333333333
"2022-05-15 00:00:00","Fondo ERRANO","T0","GUST",5.28
"2022-05-15 00:00:00","Fondo ERRANO","T0","WIND_SPEED",2.685
"2022-05-15 00:00:00","Fondo ERRANO","T0","AIR_HUM",68.3166666666667
"2022-05-15 00:00:00","Fondo ERRANO","T0","WIND_DIRECTION",166.208333333333
"2022-05-15 00:00:00","Fondo ERRANO","T0","BATTERY_TENS",3511.875
"2022-05-15 00:00:00","Fondo ERRANO","T0","AIR_TEMP",22.360625
"2022-05-15 00:00:00","Fondo ERRANO","T0","SOLAR_RAD",249.692028985508
"2022-05-16 00:00:00","Fondo ERRANO","T0","WIND_DIRECTION",241.270833333333
"2022-05-16 00:00:00","Fondo ERRANO","T0","SOLAR_RAD",277.509057971014
"2022-05-16 00:00:00","Fondo ERRANO","T0","GUST",6.9675
"2022-05-16 00:00:00","Fondo ERRANO","T0","WIND_SPEED",3.7875
"2022-05-16 00:00:00","Fondo ERRANO","T0","BATTERY_TENS",3515.3125
"2022-05-16 00:00:00","Fondo ERRANO","T0","AIR_HUM",52.4854166666667
"2022-05-16 00:00:00","Fondo ERRANO","T0","AIR_TEMP",23.904375
"2022-05-17 00:00:00","Fondo ERRANO","T0","AIR_HUM",64.2219512195122
"2022-05-17 00:00:00","Fondo ERRANO","T0","AIR_TEMP",22.6865853658537
"2022-05-17 00:00:00","Fondo ERRANO","T0","WIND_DIRECTION",165.425531914894
"2022-05-17 00:00:00","Fondo ERRANO","T0","BATTERY_TENS",3515.76595744681
"2022-05-17 00:00:00","Fondo ERRANO","T0","GUST",5.14723404255319
"2022-05-17 00:00:00","Fondo ERRANO","T0","SOLAR_RAD",298.441145281018
"2022-05-17 00:00:00","Fondo ERRANO","T0","WIND_SPEED",2.27489361702128
"2022-05-18 00:00:00","Fondo ERRANO","T0","GUST",9.075
"2022-05-18 00:00:00","Fondo ERRANO","T0","SOLAR_RAD",207.954911433172
"2022-05-18 00:00:00","Fondo ERRANO","T0","AIR_TEMP",20.2459259259259
"2022-05-18 00:00:00","Fondo ERRANO","T0","WIND_SPEED",5.8425
"2022-05-18 00:00:00","Fondo ERRANO","T0","BATTERY_TENS",3508.4375
"2022-05-18 00:00:00","Fondo ERRANO","T0","AIR_HUM",71.8555555555556
"2022-05-18 00:00:00","Fondo ERRANO","T0","WIND_DIRECTION",160.895833333333
"2022-05-19 00:00:00","Fondo ERRANO","T0","SOLAR_RAD",222.237851662405
"2022-05-19 00:00:00","Fondo ERRANO","T0","WIND_DIRECTION",151.875
"2022-05-19 00:00:00","Fondo ERRANO","T0","BATTERY_TENS",3503.85416666667
"2022-05-19 00:00:00","Fondo ERRANO","T0","AIR_HUM",66.2882352941177
"2022-05-19 00:00:00","Fondo ERRANO","T0","WIND_SPEED",4.35
"2022-05-19 00:00:00","Fondo ERRANO","T0","AIR_TEMP",18.9788235294118
"2022-05-19 00:00:00","Fondo ERRANO","T0","GUST",6.615
"2022-05-20 00:00:00","Fondo ERRANO","T0","AIR_HUM",59.53125
"2022-05-20 00:00:00","Fondo ERRANO","T0","WIND_SPEED",4.65
"2022-05-20 00:00:00","Fondo ERRANO","T0","WIND_DIRECTION",200.875
"2022-05-20 00:00:00","Fondo ERRANO","T0","AIR_TEMP",23.3410416666667
"2022-05-20 00:00:00","Fondo ERRANO","T0","BATTERY_TENS",3511.41666666667
"2022-05-20 00:00:00","Fondo ERRANO","T0","GUST",8.2125
"2022-05-20 00:00:00","Fondo ERRANO","T0","SOLAR_RAD",269.782608695652
"2022-05-21 00:00:00","Fondo ERRANO","T0","AIR_TEMP",25.2627083333333
"2022-05-21 00:00:00","Fondo ERRANO","T0","WIND_SPEED",6.12
"2022-05-21 00:00:00","Fondo ERRANO","T0","SOLAR_RAD",272.038043478261
"2022-05-21 00:00:00","Fondo ERRANO","T0","WIND_DIRECTION",238.479166666667
"2022-05-21 00:00:00","Fondo ERRANO","T0","GUST",9.585
"2022-05-21 00:00:00","Fondo ERRANO","T0","BATTERY_TENS",3519.89583333333
"2022-05-21 00:00:00","Fondo ERRANO","T0","AIR_HUM",49.4083333333333
"2022-05-22 00:00:00","Fondo ERRANO","T0","AIR_TEMP",24.7097916666667
"2022-05-22 00:00:00","Fondo ERRANO","T0","SOLAR_RAD",242.617753623188
"2022-05-22 00:00:00","Fondo ERRANO","T0","BATTERY_TENS",3520.35416666667
"2022-05-22 00:00:00","Fondo ERRANO","T0","GUST",7.3275
"2022-05-22 00:00:00","Fondo ERRANO","T0","AIR_HUM",61.6916666666666
"2022-05-22 00:00:00","Fondo ERRANO","T0","WIND_SPEED",4.4625
"2022-05-22 00:00:00","Fondo ERRANO","T0","WIND_DIRECTION",208.333333333333
"2022-05-23 00:00:00","Fondo ERRANO","T0","BATTERY_TENS",3520.0243902439
"2022-05-23 00:00:00","Fondo ERRANO","T0","GUST",6.12
"2022-05-23 00:00:00","Fondo ERRANO","T0","AIR_HUM",47.8720930232558
"2022-05-23 00:00:00","Fondo ERRANO","T0","WIND_SPEED",3.10829268292683
"2022-05-23 00:00:00","Fondo ERRANO","T0","AIR_TEMP",25.8027906976744
"2022-05-23 00:00:00","Fondo ERRANO","T0","WIND_DIRECTION",212.634146341463
"2022-05-23 00:00:00","Fondo ERRANO","T0","SOLAR_RAD",281.344792719919
"2022-05-24 00:00:00","Fondo ERRANO","T0","AIR_TEMP",25.011
"2022-05-24 00:00:00","Fondo ERRANO","T0","AIR_HUM",56.345
"2022-05-24 00:00:00","Fondo ERRANO","T0","SOLAR_RAD",308.282608695652
"2022-05-24 00:00:00","Fondo ERRANO","T0","GUST",9.64615384615385
"2022-05-24 00:00:00","Fondo ERRANO","T0","BATTERY_TENS",3522.48717948718
"2022-05-24 00:00:00","Fondo ERRANO","T0","WIND_SPEED",6.41538461538462
"2022-05-24 00:00:00","Fondo ERRANO","T0","WIND_DIRECTION",228.794871794872
"2022-05-25 00:00:00","Fondo ERRANO","T0","SOLAR_RAD",204.829192546584
"2022-05-25 00:00:00","Fondo ERRANO","T0","GUST",6.285
"2022-05-25 00:00:00","Fondo ERRANO","T0","AIR_TEMP",23.5367857142857
"2022-05-25 00:00:00","Fondo ERRANO","T0","WIND_SPEED",3.57
"2022-05-25 00:00:00","Fondo ERRANO","T0","WIND_DIRECTION",171.291666666667
"2022-05-25 00:00:00","Fondo ERRANO","T0","AIR_HUM",70.3642857142857
"2022-05-25 00:00:00","Fondo ERRANO","T0","BATTERY_TENS",3519.66666666667
"2022-05-26 00:00:00","Fondo ERRANO","T0","BATTERY_TENS",3515.08333333333
"2022-05-26 00:00:00","Fondo ERRANO","T0","AIR_HUM",81.2545454545455
"2022-05-26 00:00:00","Fondo ERRANO","T0","WIND_SPEED",2.3325
"2022-05-26 00:00:00","Fondo ERRANO","T0","AIR_TEMP",21.7754545454546
"2022-05-26 00:00:00","Fondo ERRANO","T0","SOLAR_RAD",107.588932806324
"2022-05-26 00:00:00","Fondo ERRANO","T0","GUST",4.6575
"2022-05-26 00:00:00","Fondo ERRANO","T0","WIND_DIRECTION",186.75
"2022-05-27 00:00:00","Fondo ERRANO","T0","GUST",5.22
"2022-05-27 00:00:00","Fondo ERRANO","T0","AIR_HUM",75.7604166666667
"2022-05-27 00:00:00","Fondo ERRANO","T0","WIND_SPEED",2.6025
"2022-05-27 00:00:00","Fondo ERRANO","T0","AIR_TEMP",24.3554166666667
"2022-05-27 00:00:00","Fondo ERRANO","T0","WIND_DIRECTION",165.666666666667
"2022-05-27 00:00:00","Fondo ERRANO","T0","SOLAR_RAD",268.922101449275
"2022-05-27 00:00:00","Fondo ERRANO","T0","BATTERY_TENS",3521.95833333333
"2022-05-28 00:00:00","Fondo ERRANO","T0","AIR_HUM",78.2666666666667
"2022-05-28 00:00:00","Fondo ERRANO","T0","WIND_DIRECTION",135.583333333333
"2022-05-28 00:00:00","Fondo ERRANO","T0","BATTERY_TENS",3517.83333333333
"2022-05-28 00:00:00","Fondo ERRANO","T0","GUST",8.46
"2022-05-28 00:00:00","Fondo ERRANO","T0","SOLAR_RAD",159.085144927536
"2022-05-28 00:00:00","Fondo ERRANO","T0","WIND_SPEED",5.0325
"2022-05-28 00:00:00","Fondo ERRANO","T0","AIR_TEMP",21.945
"2022-05-29 00:00:00","Fondo ERRANO","T0","BATTERY_TENS",3502.9375
"2022-05-29 00:00:00","Fondo ERRANO","T0","AIR_TEMP",16.00375
"2022-05-29 00:00:00","Fondo ERRANO","T0","AIR_HUM",89.425
"2022-05-29 00:00:00","Fondo ERRANO","T0","SOLAR_RAD",45.5434782608695
"2022-05-29 00:00:00","Fondo ERRANO","T0","GUST",6.735
"2022-05-29 00:00:00","Fondo ERRANO","T0","WIND_SPEED",3.4425
"2022-05-29 00:00:00","Fondo ERRANO","T0","WIND_DIRECTION",140.4375
"2022-05-30 00:00:00","Fondo ERRANO","T0","WIND_DIRECTION",207.291666666667
"2022-05-30 00:00:00","Fondo ERRANO","T0","GUST",4.665
"2022-05-30 00:00:00","Fondo ERRANO","T0","WIND_SPEED",2.37
"2022-05-30 00:00:00","Fondo ERRANO","T0","AIR_TEMP",17.225
"2022-05-30 00:00:00","Fondo ERRANO","T0","BATTERY_TENS",3501.5625
"2022-05-30 00:00:00","Fondo ERRANO","T0","SOLAR_RAD",146.240942028985
"2022-05-30 00:00:00","Fondo ERRANO","T0","AIR_HUM",85.5375
"2022-05-31 00:00:00","Fondo ERRANO","T0","BATTERY_TENS",3505.45833333333
"2022-05-31 00:00:00","Fondo ERRANO","T0","GUST",5.4225
"2022-05-31 00:00:00","Fondo ERRANO","T0","AIR_TEMP",20.2375
"2022-05-31 00:00:00","Fondo ERRANO","T0","AIR_HUM",83.75
"2022-05-31 00:00:00","Fondo ERRANO","T0","SOLAR_RAD",198.061594202899
"2022-05-31 00:00:00","Fondo ERRANO","T0","WIND_DIRECTION",171.625
"2022-05-31 00:00:00","Fondo ERRANO","T0","WIND_SPEED",2.865
"2022-06-01 00:00:00","Fondo ERRANO","T0","WIND_SPEED",3.99
"2022-06-01 00:00:00","Fondo ERRANO","T0","SOLAR_RAD",265.625
"2022-06-01 00:00:00","Fondo ERRANO","T0","GUST",6.69
"2022-06-01 00:00:00","Fondo ERRANO","T0","BATTERY_TENS",3514.39583333333
"2022-06-01 00:00:00","Fondo ERRANO","T0","AIR_HUM",78.88125
"2022-06-01 00:00:00","Fondo ERRANO","T0","AIR_TEMP",22.0729166666667
"2022-06-01 00:00:00","Fondo ERRANO","T0","WIND_DIRECTION",149.541666666667
"2022-06-02 00:00:00","Fondo ERRANO","T0","WIND_SPEED",3.8925
"2022-06-02 00:00:00","Fondo ERRANO","T0","SOLAR_RAD",307.762681159421
"2022-06-02 00:00:00","Fondo ERRANO","T0","WIND_DIRECTION",167.854166666667
"2022-06-02 00:00:00","Fondo ERRANO","T0","AIR_HUM",68.5416666666666
"2022-06-02 00:00:00","Fondo ERRANO","T0","GUST",6.9525
"2022-06-02 00:00:00","Fondo ERRANO","T0","AIR_TEMP",24.0208333333333
"2022-06-02 00:00:00","Fondo ERRANO","T0","BATTERY_TENS",3521.72916666667
"2022-06-03 00:00:00","Fondo ERRANO","T0","GUST",3.7725
"2022-06-03 00:00:00","Fondo ERRANO","T0","SOLAR_RAD",107.798913043478
"2022-06-03 00:00:00","Fondo ERRANO","T0","WIND_SPEED",1.6575
"2022-06-03 00:00:00","Fondo ERRANO","T0","AIR_TEMP",22.238125
"2022-06-03 00:00:00","Fondo ERRANO","T0","BATTERY_TENS",3514.16666666667
"2022-06-03 00:00:00","Fondo ERRANO","T0","WIND_DIRECTION",166.125
"2022-06-03 00:00:00","Fondo ERRANO","T0","AIR_HUM",83.1854166666667
"2022-06-04 00:00:00","Fondo ERRANO","T0","GUST",6.96
"2022-06-04 00:00:00","Fondo ERRANO","T0","AIR_TEMP",24.0570833333333
"2022-06-04 00:00:00","Fondo ERRANO","T0","WIND_DIRECTION",150.291666666667
"2022-06-04 00:00:00","Fondo ERRANO","T0","BATTERY_TENS",3519.89583333333
"2022-06-04 00:00:00","Fondo ERRANO","T0","SOLAR_RAD",267.599637681159
"2022-06-04 00:00:00","Fondo ERRANO","T0","AIR_HUM",80.5125
"2022-06-04 00:00:00","Fondo ERRANO","T0","WIND_SPEED",3.9975
"2022-06-05 00:00:00","Fondo ERRANO","T0","GUST",6.24
"2022-06-05 00:00:00","Fondo ERRANO","T0","AIR_HUM",69.2583333333334
"2022-06-05 00:00:00","Fondo ERRANO","T0","WIND_DIRECTION",225.3125
"2022-06-05 00:00:00","Fondo ERRANO","T0","BATTERY_TENS",3521.04166666667
"2022-06-05 00:00:00","Fondo ERRANO","T0","AIR_TEMP",25.6685416666667
"2022-06-05 00:00:00","Fondo ERRANO","T0","WIND_SPEED",3.51
"2022-06-05 00:00:00","Fondo ERRANO","T0","SOLAR_RAD",159.492753623188
"2022-06-06 00:00:00","Fondo ERRANO","T0","AIR_HUM",66.7291666666667
"2022-06-06 00:00:00","Fondo ERRANO","T0","BATTERY_TENS",3524.9375
"2022-06-06 00:00:00","Fondo ERRANO","T0","WIND_DIRECTION",193.895833333333
"2022-06-06 00:00:00","Fondo ERRANO","T0","SOLAR_RAD",255.09963768116
"2022-06-06 00:00:00","Fondo ERRANO","T0","GUST",6.3225
"2022-06-06 00:00:00","Fondo ERRANO","T0","WIND_SPEED",3.165
"2022-06-06 00:00:00","Fondo ERRANO","T0","AIR_TEMP",24.89
"2022-06-07 00:00:00","Fondo ERRANO","T0","WIND_DIRECTION",239.458333333333
"2022-06-07 00:00:00","Fondo ERRANO","T0","GUST",6.1125
"2022-06-07 00:00:00","Fondo ERRANO","T0","AIR_TEMP",21.800625
"2022-06-07 00:00:00","Fondo ERRANO","T0","AIR_HUM",76.56875
"2022-06-07 00:00:00","Fondo ERRANO","T0","WIND_SPEED",3.135
"2022-06-07 00:00:00","Fondo ERRANO","T0","SOLAR_RAD",203.894927536232
"2022-06-07 00:00:00","Fondo ERRANO","T0","BATTERY_TENS",3519.66666666667
"2022-06-08 00:00:00","Fondo ERRANO","T0","BATTERY_TENS",3519.4375
"2022-06-08 00:00:00","Fondo ERRANO","T0","SOLAR_RAD",245.841209829868
"2022-06-08 00:00:00","Fondo ERRANO","T0","GUST",7.08
"2022-06-08 00:00:00","Fondo ERRANO","T0","AIR_TEMP",21.2234782608696
"2022-06-08 00:00:00","Fondo ERRANO","T0","AIR_HUM",73.8891304347826
"2022-06-08 00:00:00","Fondo ERRANO","T0","WIND_SPEED",3.9525
"2022-06-08 00:00:00","Fondo ERRANO","T0","WIND_DIRECTION",154.5
"2022-06-09 00:00:00","Fondo ERRANO","T0","SOLAR_RAD",156.594202898551
"2022-06-09 00:00:00","Fondo ERRANO","T0","WIND_SPEED",4.29
"2022-06-09 00:00:00","Fondo ERRANO","T0","GUST",7.8225
"2022-06-09 00:00:00","Fondo ERRANO","T0","BATTERY_TENS",3507.52083333333
"2022-06-09 00:00:00","Fondo ERRANO","T0","AIR_TEMP",19.0810416666667
"2022-06-09 00:00:00","Fondo ERRANO","T0","WIND_DIRECTION",213.958333333333
"2022-06-09 00:00:00","Fondo ERRANO","T0","AIR_HUM",79.8125
"2022-06-10 00:00:00","Fondo ERRANO","T0","AIR_HUM",69.268085106383
"2022-06-10 00:00:00","Fondo ERRANO","T0","BATTERY_TENS",3508.20833333333
"2022-06-10 00:00:00","Fondo ERRANO","T0","SOLAR_RAD",139.602220166512
"2022-06-10 00:00:00","Fondo ERRANO","T0","WIND_DIRECTION",195.354166666667
"2022-06-10 00:00:00","Fondo ERRANO","T0","GUST",7.2825
"2022-06-10 00:00:00","Fondo ERRANO","T0","AIR_TEMP",20.2082978723404
"2022-06-10 00:00:00","Fondo ERRANO","T0","WIND_SPEED",3.885
"2022-06-11 00:00:00","Fondo ERRANO","T0","BATTERY_TENS",3518.52083333333
"2022-06-11 00:00:00","Fondo ERRANO","T0","WIND_SPEED",4.32
"2022-06-11 00:00:00","Fondo ERRANO","T0","AIR_HUM",62.8212765957447
"2022-06-11 00:00:00","Fondo ERRANO","T0","SOLAR_RAD",303.1822386679
"2022-06-11 00:00:00","Fondo ERRANO","T0","AIR_TEMP",22.2636170212766
"2022-06-11 00:00:00","Fondo ERRANO","T0","WIND_DIRECTION",157.354166666667
"2022-06-11 00:00:00","Fondo ERRANO","T0","GUST",7.695
"2022-06-12 00:00:00","Fondo ERRANO","T0","WIND_DIRECTION",170.604166666667
"2022-06-12 00:00:00","Fondo ERRANO","T0","SOLAR_RAD",295.097132284922
"2022-06-12 00:00:00","Fondo ERRANO","T0","AIR_HUM",58.8872340425532
"2022-06-12 00:00:00","Fondo ERRANO","T0","BATTERY_TENS",3521.5
"2022-06-12 00:00:00","Fondo ERRANO","T0","GUST",8.7075
"2022-06-12 00:00:00","Fondo ERRANO","T0","AIR_TEMP",23.7512765957447
"2022-06-12 00:00:00","Fondo ERRANO","T0","WIND_SPEED",4.7925
"2022-06-13 00:00:00","Fondo ERRANO","T0","WIND_DIRECTION",226.416666666667
"2022-06-13 00:00:00","Fondo ERRANO","T0","BATTERY_TENS",3525.16666666667
"2022-06-13 00:00:00","Fondo ERRANO","T0","SOLAR_RAD",245.541165587419
"2022-06-13 00:00:00","Fondo ERRANO","T0","WIND_SPEED",4.575
"2022-06-13 00:00:00","Fondo ERRANO","T0","GUST",7.4925
"2022-06-13 00:00:00","Fondo ERRANO","T0","AIR_HUM",53.5212765957447
"2022-06-13 00:00:00","Fondo ERRANO","T0","AIR_TEMP",25.6142553191489
"2022-06-14 00:00:00","Fondo ERRANO","T0","WIND_DIRECTION",141.020833333333
"2022-06-14 00:00:00","Fondo ERRANO","T0","AIR_HUM",67.7297872340425
"2022-06-14 00:00:00","Fondo ERRANO","T0","SOLAR_RAD",291.156336725254
"2022-06-14 00:00:00","Fondo ERRANO","T0","AIR_TEMP",23.4740425531915
"2022-06-14 00:00:00","Fondo ERRANO","T0","WIND_SPEED",4.7625
"2022-06-14 00:00:00","Fondo ERRANO","T0","BATTERY_TENS",3524.02083333333
"2022-06-14 00:00:00","Fondo ERRANO","T0","GUST",7.95
"2022-06-15 00:00:00","Fondo ERRANO","T0","BATTERY_TENS",3525.39583333333
"2022-06-15 00:00:00","Fondo ERRANO","T0","WIND_SPEED",3.09
"2022-06-15 00:00:00","Fondo ERRANO","T0","AIR_HUM",74.5270833333334
"2022-06-15 00:00:00","Fondo ERRANO","T0","GUST",6.4725
"2022-06-15 00:00:00","Fondo ERRANO","T0","SOLAR_RAD",259.601449275362
"2022-06-15 00:00:00","Fondo ERRANO","T0","AIR_TEMP",24.3052083333333
"2022-06-15 00:00:00","Fondo ERRANO","T0","WIND_DIRECTION",137.916666666667
"2022-06-16 00:00:00","Fondo ERRANO","T0","SOLAR_RAD",249.805735430158
"2022-06-16 00:00:00","Fondo ERRANO","T0","BATTERY_TENS",3530.20833333333
"2022-06-16 00:00:00","Fondo ERRANO","T0","AIR_HUM",68.2191489361702
"2022-06-16 00:00:00","Fondo ERRANO","T0","WIND_DIRECTION",172.625
"2022-06-16 00:00:00","Fondo ERRANO","T0","AIR_TEMP",26.596170212766
"2022-06-16 00:00:00","Fondo ERRANO","T0","WIND_SPEED",2.775
"2022-06-16 00:00:00","Fondo ERRANO","T0","GUST",5.655
"2022-06-17 00:00:00","Fondo ERRANO","T0","WIND_DIRECTION",148.5
"2022-06-17 00:00:00","Fondo ERRANO","T0","GUST",6.1575
"2022-06-17 00:00:00","Fondo ERRANO","T0","SOLAR_RAD",279.447463768116
"2022-06-17 00:00:00","Fondo ERRANO","T0","BATTERY_TENS",3527.91666666667
"2022-06-17 00:00:00","Fondo ERRANO","T0","WIND_SPEED",3.4575
"2022-06-17 00:00:00","Fondo ERRANO","T0","AIR_HUM",68.0458333333333
"2022-06-17 00:00:00","Fondo ERRANO","T0","AIR_TEMP",25.9852083333333
"2022-06-18 00:00:00","Fondo ERRANO","T0","BATTERY_TENS",3524.47916666667
"2022-06-18 00:00:00","Fondo ERRANO","T0","AIR_HUM",65.3276595744681
"2022-06-18 00:00:00","Fondo ERRANO","T0","WIND_SPEED",5.025
"2022-06-18 00:00:00","Fondo ERRANO","T0","WIND_DIRECTION",160.229166666667
"2022-06-18 00:00:00","Fondo ERRANO","T0","AIR_TEMP",24.5291489361702
"2022-06-18 00:00:00","Fondo ERRANO","T0","GUST",7.9875
"2022-06-18 00:00:00","Fondo ERRANO","T0","SOLAR_RAD",333.863381858902
"2022-06-19 00:00:00","Fondo ERRANO","T0","BATTERY_TENS",3525.39583333333
"2022-06-19 00:00:00","Fondo ERRANO","T0","AIR_HUM",59.3191489361702
"2022-06-19 00:00:00","Fondo ERRANO","T0","AIR_TEMP",24.3346808510638
"2022-06-19 00:00:00","Fondo ERRANO","T0","GUST",9.0375
"2022-06-19 00:00:00","Fondo ERRANO","T0","WIND_DIRECTION",147.895833333333
"2022-06-19 00:00:00","Fondo ERRANO","T0","SOLAR_RAD",342.788353863382
"2022-06-19 00:00:00","Fondo ERRANO","T0","WIND_SPEED",5.7
"2022-06-20 00:00:00","Fondo ERRANO","T0","WIND_SPEED",7.125
"2022-06-20 00:00:00","Fondo ERRANO","T0","WIND_DIRECTION",233.541666666667
"2022-06-20 00:00:00","Fondo ERRANO","T0","SOLAR_RAD",331.933638443935
"2022-06-20 00:00:00","Fondo ERRANO","T0","AIR_HUM",53.2108695652174
"2022-06-20 00:00:00","Fondo ERRANO","T0","BATTERY_TENS",3529.97916666667
"2022-06-20 00:00:00","Fondo ERRANO","T0","GUST",10.77
"2022-06-20 00:00:00","Fondo ERRANO","T0","AIR_TEMP",27.9754347826087
"2022-06-21 00:00:00","Fondo ERRANO","T0","GUST",10.3725
"2022-06-21 00:00:00","Fondo ERRANO","T0","AIR_TEMP",29.7772916666667
"2022-06-21 00:00:00","Fondo ERRANO","T0","SOLAR_RAD",330.910087719298
"2022-06-21 00:00:00","Fondo ERRANO","T0","AIR_HUM",46.3208333333333
"2022-06-21 00:00:00","Fondo ERRANO","T0","WIND_DIRECTION",231.895833333333
"2022-06-21 00:00:00","Fondo ERRANO","T0","BATTERY_TENS",3531.35416666667
"2022-06-21 00:00:00","Fondo ERRANO","T0","WIND_SPEED",6.09
"2022-06-22 00:00:00","Fondo ERRANO","T0","SOLAR_RAD",203.347953216374
"2022-06-22 00:00:00","Fondo ERRANO","T0","BATTERY_TENS",3524.47916666667
"2022-06-22 00:00:00","Fondo ERRANO","T0","WIND_SPEED",2.07
"2022-06-22 00:00:00","Fondo ERRANO","T0","WIND_DIRECTION",183.354166666667
"2022-06-22 00:00:00","Fondo ERRANO","T0","AIR_HUM",60.2305555555556
"2022-06-22 00:00:00","Fondo ERRANO","T0","GUST",4.9575
"2022-06-22 00:00:00","Fondo ERRANO","T0","AIR_TEMP",26.395
"2022-06-23 00:00:00","Fondo ERRANO","T0","BATTERY_TENS",3522.1875
"2022-06-23 00:00:00","Fondo ERRANO","T0","AIR_TEMP",26.2411111111111
"2022-06-23 00:00:00","Fondo ERRANO","T0","SOLAR_RAD",218.284600389864
"2022-06-23 00:00:00","Fondo ERRANO","T0","AIR_HUM",68.5555555555556
"2022-06-23 00:00:00","Fondo ERRANO","T0","GUST",6.105
"2022-06-23 00:00:00","Fondo ERRANO","T0","WIND_DIRECTION",217.666666666667
"2022-06-23 00:00:00","Fondo ERRANO","T0","WIND_SPEED",3.3225
"2022-06-24 00:00:00","Fondo ERRANO","T0","WIND_DIRECTION",230.145833333333
"2022-06-24 00:00:00","Fondo ERRANO","T0","AIR_HUM",56.9724137931034
"2022-06-24 00:00:00","Fondo ERRANO","T0","AIR_TEMP",27.4268965517241
"2022-06-24 00:00:00","Fondo ERRANO","T0","SOLAR_RAD",331.343012704173
"2022-06-24 00:00:00","Fondo ERRANO","T0","WIND_SPEED",5.8575
"2022-06-24 00:00:00","Fondo ERRANO","T0","BATTERY_TENS",3525.16666666667
"2022-06-24 00:00:00","Fondo ERRANO","T0","GUST",10.05
"2022-06-25 00:00:00","Fondo ERRANO","T0","AIR_HUM",54.0964285714286
"2022-06-25 00:00:00","Fondo ERRANO","T0","GUST",9.51
"2022-06-25 00:00:00","Fondo ERRANO","T0","AIR_TEMP",26.9392857142857
"2022-06-25 00:00:00","Fondo ERRANO","T0","SOLAR_RAD",334.53007518797
"2022-06-25 00:00:00","Fondo ERRANO","T0","WIND_SPEED",6.12
"2022-06-25 00:00:00","Fondo ERRANO","T0","WIND_DIRECTION",253.791666666667
"2022-06-25 00:00:00","Fondo ERRANO","T0","BATTERY_TENS",3524.70833333333
"2022-06-26 00:00:00","Fondo ERRANO","T0","BATTERY_TENS",3527.45833333333
"2022-06-26 00:00:00","Fondo ERRANO","T0","AIR_HUM",54.1054054054054
"2022-06-26 00:00:00","Fondo ERRANO","T0","GUST",8.055
"2022-06-26 00:00:00","Fondo ERRANO","T0","WIND_DIRECTION",151.854166666667
"2022-06-26 00:00:00","Fondo ERRANO","T0","SOLAR_RAD",324.736842105264
"2022-06-26 00:00:00","Fondo ERRANO","T0","WIND_SPEED",5.025
"2022-06-26 00:00:00","Fondo ERRANO","T0","AIR_TEMP",27.2
"2022-06-27 00:00:00","Fondo ERRANO","T0","AIR_TEMP",27.779375
"2022-06-27 00:00:00","Fondo ERRANO","T0","AIR_HUM",61.9166666666667
"2022-06-27 00:00:00","Fondo ERRANO","T0","WIND_SPEED",3.8775
"2022-06-27 00:00:00","Fondo ERRANO","T0","WIND_DIRECTION",141.083333333333
"2022-06-27 00:00:00","Fondo ERRANO","T0","GUST",6.93
"2022-06-27 00:00:00","Fondo ERRANO","T0","SOLAR_RAD",301.765350877193
"2022-06-27 00:00:00","Fondo ERRANO","T0","BATTERY_TENS",3530.91666666667
"2022-06-28 00:00:00","Fondo ERRANO","T0","WIND_DIRECTION",217.166666666667
"2022-06-28 00:00:00","Fondo ERRANO","T0","AIR_TEMP",23.6195833333333
"2022-06-28 00:00:00","Fondo ERRANO","T0","WIND_SPEED",2.295
"2022-06-28 00:00:00","Fondo ERRANO","T0","GUST",5.445
"2022-06-28 00:00:00","Fondo ERRANO","T0","AIR_HUM",79.225
"2022-06-28 00:00:00","Fondo ERRANO","T0","SOLAR_RAD",80.2521929824564
"2022-06-28 00:00:00","Fondo ERRANO","T0","BATTERY_TENS",3515.3125
"2022-06-29 00:00:00","Fondo ERRANO","T0","WIND_SPEED",4.4925
"2022-06-29 00:00:00","Fondo ERRANO","T0","WIND_DIRECTION",219.854166666667
"2022-06-29 00:00:00","Fondo ERRANO","T0","BATTERY_TENS",3521.72916666667
"2022-06-29 00:00:00","Fondo ERRANO","T0","AIR_TEMP",26.14
"2022-06-29 00:00:00","Fondo ERRANO","T0","SOLAR_RAD",261.842105263159
"2022-06-29 00:00:00","Fondo ERRANO","T0","AIR_HUM",68.1416666666666
"2022-06-29 00:00:00","Fondo ERRANO","T0","GUST",8.0475
"2022-06-30 00:00:00","Fondo ERRANO","T0","AIR_HUM",56.1895833333333
"2022-06-30 00:00:00","Fondo ERRANO","T0","WIND_SPEED",3.6525
"2022-06-30 00:00:00","Fondo ERRANO","T0","BATTERY_TENS",3529.60416666667
"2022-06-30 00:00:00","Fondo ERRANO","T0","WIND_DIRECTION",171.416666666667
"2022-06-30 00:00:00","Fondo ERRANO","T0","GUST",6.8325
"2022-06-30 00:00:00","Fondo ERRANO","T0","AIR_TEMP",27.3033333333333
"2022-06-30 00:00:00","Fondo ERRANO","T0","SOLAR_RAD",376.896929824562
"2022-07-01 00:00:00","Fondo ERRANO","T0","AIR_TEMP",27.938125
"2022-07-01 00:00:00","Fondo ERRANO","T0","BATTERY_TENS",3529.29166666667
"2022-07-01 00:00:00","Fondo ERRANO","T0","SOLAR_RAD",346.71052631579
"2022-07-01 00:00:00","Fondo ERRANO","T0","GUST",8.3175
"2022-07-01 00:00:00","Fondo ERRANO","T0","WIND_SPEED",4.5675
"2022-07-01 00:00:00","Fondo ERRANO","T0","WIND_DIRECTION",201.875
"2022-07-01 00:00:00","Fondo ERRANO","T0","AIR_HUM",47.3375
"2022-07-02 00:00:00","Fondo ERRANO","T0","GUST",7.7325
"2022-07-02 00:00:00","Fondo ERRANO","T0","AIR_TEMP",27.4595833333333
"2022-07-02 00:00:00","Fondo ERRANO","T0","WIND_SPEED",4.3575
"2022-07-02 00:00:00","Fondo ERRANO","T0","BATTERY_TENS",3530.4375
"2022-07-02 00:00:00","Fondo ERRANO","T0","AIR_HUM",54.76875
"2022-07-02 00:00:00","Fondo ERRANO","T0","SOLAR_RAD",361.655701754386
"2022-07-02 00:00:00","Fondo ERRANO","T0","WIND_DIRECTION",178.854166666667
"2022-07-03 00:00:00","Fondo ERRANO","T0","SOLAR_RAD",365.690789473684
"2022-07-03 00:00:00","Fondo ERRANO","T0","AIR_TEMP",28.6283333333333
"2022-07-03 00:00:00","Fondo ERRANO","T0","WIND_SPEED",4.3125
"2022-07-03 00:00:00","Fondo ERRANO","T0","BATTERY_TENS",3532.64583333333
"2022-07-03 00:00:00","Fondo ERRANO","T0","AIR_HUM",57.7083333333333
"2022-07-03 00:00:00","Fondo ERRANO","T0","GUST",7.17
"2022-07-03 00:00:00","Fondo ERRANO","T0","WIND_DIRECTION",146.520833333333
"2022-07-04 00:00:00","Fondo ERRANO","T0","AIR_HUM",57.5041666666667
"2022-07-04 00:00:00","Fondo ERRANO","T0","WIND_DIRECTION",156.75
"2022-07-04 00:00:00","Fondo ERRANO","T0","WIND_SPEED",4.605
"2022-07-04 00:00:00","Fondo ERRANO","T0","SOLAR_RAD",332.916666666667
"2022-07-04 00:00:00","Fondo ERRANO","T0","GUST",8.20500000000001
"2022-07-04 00:00:00","Fondo ERRANO","T0","BATTERY_TENS",3533.27083333333
"2022-07-04 00:00:00","Fondo ERRANO","T0","AIR_TEMP",29.158125
"2022-07-05 00:00:00","Fondo ERRANO","T0","AIR_HUM",59.66875
"2022-07-05 00:00:00","Fondo ERRANO","T0","BATTERY_TENS",3529.97916666667
"2022-07-05 00:00:00","Fondo ERRANO","T0","AIR_TEMP",27.78875
"2022-07-05 00:00:00","Fondo ERRANO","T0","SOLAR_RAD",360.77850877193
"2022-07-05 00:00:00","Fondo ERRANO","T0","WIND_SPEED",4.2
"2022-07-05 00:00:00","Fondo ERRANO","T0","WIND_DIRECTION",187.833333333333
"2022-07-05 00:00:00","Fondo ERRANO","T0","GUST",6.9825
"2022-07-06 00:00:00","Fondo ERRANO","T0","AIR_HUM",68.5020833333333
"2022-07-06 00:00:00","Fondo ERRANO","T0","WIND_SPEED",3.8175
"2022-07-06 00:00:00","Fondo ERRANO","T0","BATTERY_TENS",3522.64583333333
"2022-07-06 00:00:00","Fondo ERRANO","T0","SOLAR_RAD",226.425438596492
"2022-07-06 00:00:00","Fondo ERRANO","T0","WIND_DIRECTION",141.354166666667
"2022-07-06 00:00:00","Fondo ERRANO","T0","GUST",6.7875
"2022-07-06 00:00:00","Fondo ERRANO","T0","AIR_TEMP",25.3239583333333
"2022-07-07 00:00:00","Fondo ERRANO","T0","AIR_TEMP",24.9008333333333
"2022-07-07 00:00:00","Fondo ERRANO","T0","WIND_DIRECTION",154.3125
"2022-07-07 00:00:00","Fondo ERRANO","T0","SOLAR_RAD",337.949561403509
"2022-07-07 00:00:00","Fondo ERRANO","T0","GUST",10.065
"2022-07-07 00:00:00","Fondo ERRANO","T0","AIR_HUM",67.9
"2022-07-07 00:00:00","Fondo ERRANO","T0","WIND_SPEED",5.67
"2022-07-07 00:00:00","Fondo ERRANO","T0","BATTERY_TENS",3524.70833333333
"2022-07-08 00:00:00","Fondo ERRANO","T0","SOLAR_RAD",353.015350877193
"2022-07-08 00:00:00","Fondo ERRANO","T0","WIND_SPEED",4.725
"2022-07-08 00:00:00","Fondo ERRANO","T0","WIND_DIRECTION",159.8125
"2022-07-08 00:00:00","Fondo ERRANO","T0","BATTERY_TENS",3519.20833333333
"2022-07-08 00:00:00","Fondo ERRANO","T0","AIR_HUM",68.7625
"2022-07-08 00:00:00","Fondo ERRANO","T0","AIR_TEMP",22.5954166666667
"2022-07-08 00:00:00","Fondo ERRANO","T0","GUST",7.9125
"2022-07-09 00:00:00","Fondo ERRANO","T0","GUST",9.075
"2022-07-09 00:00:00","Fondo ERRANO","T0","WIND_DIRECTION",149.479166666667
"2022-07-09 00:00:00","Fondo ERRANO","T0","SOLAR_RAD",355.515350877193
"2022-07-09 00:00:00","Fondo ERRANO","T0","AIR_TEMP",22.538125
"2022-07-09 00:00:00","Fondo ERRANO","T0","BATTERY_TENS",3519.20833333333
"2022-07-09 00:00:00","Fondo ERRANO","T0","WIND_SPEED",5.46
"2022-07-09 00:00:00","Fondo ERRANO","T0","AIR_HUM",58.4833333333333
"2022-07-10 00:00:00","Fondo ERRANO","T0","AIR_HUM",54.2375
"2022-07-10 00:00:00","Fondo ERRANO","T0","BATTERY_TENS",3522.41666666667
"2022-07-10 00:00:00","Fondo ERRANO","T0","WIND_DIRECTION",159.520833333333
"2022-07-10 00:00:00","Fondo ERRANO","T0","SOLAR_RAD",364.429824561404
"2022-07-10 00:00:00","Fondo ERRANO","T0","WIND_SPEED",5.1075
"2022-07-10 00:00:00","Fondo ERRANO","T0","GUST",8.8575
"2022-07-10 00:00:00","Fondo ERRANO","T0","AIR_TEMP",24.169375
"2022-07-11 00:00:00","Fondo ERRANO","T0","WIND_DIRECTION",141.8125
"2022-07-11 00:00:00","Fondo ERRANO","T0","SOLAR_RAD",353.245614035087
"2022-07-11 00:00:00","Fondo ERRANO","T0","AIR_TEMP",24.131875
"2022-07-11 00:00:00","Fondo ERRANO","T0","WIND_SPEED",5.1675
"2022-07-11 00:00:00","Fondo ERRANO","T0","GUST",7.905
"2022-07-11 00:00:00","Fondo ERRANO","T0","BATTERY_TENS",3521.04166666667
"2022-07-11 00:00:00","Fondo ERRANO","T0","AIR_HUM",63.0625
"2022-07-12 00:00:00","Fondo ERRANO","T0","WIND_DIRECTION",134.208333333333
"2022-07-12 00:00:00","Fondo ERRANO","T0","AIR_TEMP",24.0852083333333
"2022-07-12 00:00:00","Fondo ERRANO","T0","WIND_SPEED",3.615
"2022-07-12 00:00:00","Fondo ERRANO","T0","BATTERY_TENS",3520.58333333333
"2022-07-12 00:00:00","Fondo ERRANO","T0","GUST",6.4275
"2022-07-12 00:00:00","Fondo ERRANO","T0","SOLAR_RAD",256.743421052632
"2022-07-12 00:00:00","Fondo ERRANO","T0","AIR_HUM",69.75625
"2022-07-13 00:00:00","Fondo ERRANO","T0","WIND_SPEED",4.11
"2022-07-13 00:00:00","Fondo ERRANO","T0","WIND_DIRECTION",153.0625
"2022-07-13 00:00:00","Fondo ERRANO","T0","BATTERY_TENS",3524.9375
"2022-07-13 00:00:00","Fondo ERRANO","T0","AIR_HUM",66.25
"2022-07-13 00:00:00","Fondo ERRANO","T0","GUST",6.825
"2022-07-13 00:00:00","Fondo ERRANO","T0","AIR_TEMP",24.4720833333333
"2022-07-13 00:00:00","Fondo ERRANO","T0","SOLAR_RAD",372.752192982457
"2022-07-14 00:00:00","Fondo ERRANO","T0","AIR_HUM",52.84375
"2022-07-14 00:00:00","Fondo ERRANO","T0","SOLAR_RAD",370.317982456139
"2022-07-14 00:00:00","Fondo ERRANO","T0","BATTERY_TENS",3525.16666666667
"2022-07-14 00:00:00","Fondo ERRANO","T0","WIND_DIRECTION",156.916666666667
"2022-07-14 00:00:00","Fondo ERRANO","T0","WIND_SPEED",5.265
"2022-07-14 00:00:00","Fondo ERRANO","T0","AIR_TEMP",26.0216666666667
"2022-07-14 00:00:00","Fondo ERRANO","T0","GUST",7.92
"2022-07-15 00:00:00","Fondo ERRANO","T0","WIND_DIRECTION",173.1875
"2022-07-15 00:00:00","Fondo ERRANO","T0","SOLAR_RAD",366.304824561404
"2022-07-15 00:00:00","Fondo ERRANO","T0","AIR_HUM",49.54375
"2022-07-15 00:00:00","Fondo ERRANO","T0","GUST",8.0475
"2022-07-15 00:00:00","Fondo ERRANO","T0","BATTERY_TENS",3531.77083333333
"2022-07-15 00:00:00","Fondo ERRANO","T0","AIR_TEMP",28.965
"2022-07-15 00:00:00","Fondo ERRANO","T0","WIND_SPEED",4.8675
"2022-07-16 00:00:00","Fondo ERRANO","T0","SOLAR_RAD",351.72149122807
"2022-07-16 00:00:00","Fondo ERRANO","T0","AIR_TEMP",26.8825
"2022-07-16 00:00:00","Fondo ERRANO","T0","AIR_HUM",62.45
"2022-07-16 00:00:00","Fondo ERRANO","T0","GUST",6.3525
"2022-07-16 00:00:00","Fondo ERRANO","T0","WIND_DIRECTION",151.166666666667
"2022-07-16 00:00:00","Fondo ERRANO","T0","BATTERY_TENS",3530.27083333333
"2022-07-16 00:00:00","Fondo ERRANO","T0","WIND_SPEED",3.5775
"2022-07-17 00:00:00","Fondo ERRANO","T0","WIND_SPEED",4.4175
"2022-07-17 00:00:00","Fondo ERRANO","T0","AIR_HUM",65.1625
"2022-07-17 00:00:00","Fondo ERRANO","T0","AIR_TEMP",26.1541666666667
"2022-07-17 00:00:00","Fondo ERRANO","T0","GUST",7.3875
"2022-07-17 00:00:00","Fondo ERRANO","T0","BATTERY_TENS",3529.52083333333
"2022-07-17 00:00:00","Fondo ERRANO","T0","SOLAR_RAD",337.19298245614
"2022-07-17 00:00:00","Fondo ERRANO","T0","WIND_DIRECTION",143.354166666667
"2022-07-18 00:00:00","Fondo ERRANO","T0","WIND_SPEED",4.59
"2022-07-18 00:00:00","Fondo ERRANO","T0","SOLAR_RAD",341.206140350877
"2022-07-18 00:00:00","Fondo ERRANO","T0","WIND_DIRECTION",160.395833333333
"2022-07-18 00:00:00","Fondo ERRANO","T0","AIR_HUM",62.2229166666667
"2022-07-18 00:00:00","Fondo ERRANO","T0","AIR_TEMP",25.72
"2022-07-18 00:00:00","Fondo ERRANO","T0","GUST",7.7775
"2022-07-18 00:00:00","Fondo ERRANO","T0","BATTERY_TENS",3526.08333333333
"2022-07-19 00:00:00","Fondo ERRANO","T0","BATTERY_TENS",3524.70833333333
"2022-07-19 00:00:00","Fondo ERRANO","T0","SOLAR_RAD",347.521929824561
"2022-07-19 00:00:00","Fondo ERRANO","T0","GUST",7.8525
"2022-07-19 00:00:00","Fondo ERRANO","T0","AIR_TEMP",26.2533333333333
"2022-07-19 00:00:00","Fondo ERRANO","T0","WIND_SPEED",4.8675
"2022-07-19 00:00:00","Fondo ERRANO","T0","WIND_DIRECTION",144.479166666667
"2022-07-19 00:00:00","Fondo ERRANO","T0","AIR_HUM",52.3041666666666
"2022-07-20 00:00:00","Fondo ERRANO","T0","WIND_DIRECTION",149.729166666667
"2022-07-20 00:00:00","Fondo ERRANO","T0","WIND_SPEED",4.44
"2022-07-20 00:00:00","Fondo ERRANO","T0","SOLAR_RAD",348.870614035088
"2022-07-20 00:00:00","Fondo ERRANO","T0","GUST",7.35750000000001
"2022-07-20 00:00:00","Fondo ERRANO","T0","AIR_TEMP",26.9729166666667
"2022-07-20 00:00:00","Fondo ERRANO","T0","AIR_HUM",49.5916666666667
"2022-07-20 00:00:00","Fondo ERRANO","T0","BATTERY_TENS",3528.47916666667
"2022-07-21 00:00:00","Fondo ERRANO","T0","AIR_TEMP",28.1852083333333
"2022-07-21 00:00:00","Fondo ERRANO","T0","WIND_DIRECTION",146.4375
"2022-07-21 00:00:00","Fondo ERRANO","T0","GUST",6.84
"2022-07-21 00:00:00","Fondo ERRANO","T0","AIR_HUM",55.0125
"2022-07-21 00:00:00","Fondo ERRANO","T0","BATTERY_TENS",3530.22916666667
"2022-07-21 00:00:00","Fondo ERRANO","T0","WIND_SPEED",4.3725
"2022-07-21 00:00:00","Fondo ERRANO","T0","SOLAR_RAD",335.230263157894
"2022-07-22 00:00:00","Fondo ERRANO","T0","GUST",7.35
"2022-07-22 00:00:00","Fondo ERRANO","T0","AIR_HUM",51.4875
"2022-07-22 00:00:00","Fondo ERRANO","T0","SOLAR_RAD",332.697368421052
"2022-07-22 00:00:00","Fondo ERRANO","T0","BATTERY_TENS",3530.72916666667
"2022-07-22 00:00:00","Fondo ERRANO","T0","AIR_TEMP",28.8579166666667
"2022-07-22 00:00:00","Fondo ERRANO","T0","WIND_DIRECTION",146.416666666667
"2022-07-22 00:00:00","Fondo ERRANO","T0","WIND_SPEED",4.3725
"2022-07-23 00:00:00","Fondo ERRANO","T0","SOLAR_RAD",343.103070175439
"2022-07-23 00:00:00","Fondo ERRANO","T0","AIR_TEMP",32.155625
"2022-07-23 00:00:00","Fondo ERRANO","T0","BATTERY_TENS",3538.04166666667
"2022-07-23 00:00:00","Fondo ERRANO","T0","WIND_DIRECTION",237.1875
"2022-07-23 00:00:00","Fondo ERRANO","T0","AIR_HUM",42.9729166666667
"2022-07-23 00:00:00","Fondo ERRANO","T0","GUST",9.075
"2022-07-23 00:00:00","Fondo ERRANO","T0","WIND_SPEED",5.445
"2022-07-24 00:00:00","Fondo ERRANO","T0","WIND_DIRECTION",190.208333333333
"2022-07-24 00:00:00","Fondo ERRANO","T0","AIR_TEMP",30.1864583333333
"2022-07-24 00:00:00","Fondo ERRANO","T0","GUST",7.4475
"2022-07-24 00:00:00","Fondo ERRANO","T0","AIR_HUM",55.56875
"2022-07-24 00:00:00","Fondo ERRANO","T0","BATTERY_TENS",3533.3125
"2022-07-24 00:00:00","Fondo ERRANO","T0","SOLAR_RAD",322.335526315789
"2022-07-24 00:00:00","Fondo ERRANO","T0","WIND_SPEED",4.335
"2022-07-25 00:00:00","Fondo ERRANO","T0","SOLAR_RAD",288.157894736842
"2022-07-25 00:00:00","Fondo ERRANO","T0","WIND_SPEED",2.9775
"2022-07-25 00:00:00","Fondo ERRANO","T0","WIND_DIRECTION",190.416666666667
"2022-07-25 00:00:00","Fondo ERRANO","T0","AIR_TEMP",29.729375
"2022-07-25 00:00:00","Fondo ERRANO","T0","AIR_HUM",61.3895833333333
"2022-07-25 00:00:00","Fondo ERRANO","T0","GUST",6.1425
"2022-07-25 00:00:00","Fondo ERRANO","T0","BATTERY_TENS",3533.39583333333
"2022-07-26 00:00:00","Fondo ERRANO","T0","GUST",8.46
"2022-07-26 00:00:00","Fondo ERRANO","T0","BATTERY_TENS",3533.54166666667
"2022-07-26 00:00:00","Fondo ERRANO","T0","SOLAR_RAD",277.094298245615
"2022-07-26 00:00:00","Fondo ERRANO","T0","WIND_DIRECTION",157.208333333333
"2022-07-26 00:00:00","Fondo ERRANO","T0","WIND_SPEED",5.0325
"2022-07-26 00:00:00","Fondo ERRANO","T0","AIR_HUM",65.3291666666667
"2022-07-26 00:00:00","Fondo ERRANO","T0","AIR_TEMP",29.1495833333333
"2022-07-27 00:00:00","Fondo ERRANO","T0","AIR_HUM",71.16875
"2022-07-27 00:00:00","Fondo ERRANO","T0","BATTERY_TENS",3526.77083333333
"2022-07-27 00:00:00","Fondo ERRANO","T0","WIND_DIRECTION",155.979166666667
"2022-07-27 00:00:00","Fondo ERRANO","T0","SOLAR_RAD",260.866228070176
"2022-07-27 00:00:00","Fondo ERRANO","T0","WIND_SPEED",3.3975
"2022-07-27 00:00:00","Fondo ERRANO","T0","AIR_TEMP",26.21125
"2022-07-27 00:00:00","Fondo ERRANO","T0","GUST",6.63
"2022-07-28 00:00:00","Fondo ERRANO","T0","BATTERY_TENS",3525.85416666667
"2022-07-28 00:00:00","Fondo ERRANO","T0","AIR_TEMP",25.695
"2022-07-28 00:00:00","Fondo ERRANO","T0","AIR_HUM",69.3416666666667
"2022-07-28 00:00:00","Fondo ERRANO","T0","WIND_SPEED",3.84
"2022-07-28 00:00:00","Fondo ERRANO","T0","GUST",7.5225
"2022-07-28 00:00:00","Fondo ERRANO","T0","WIND_DIRECTION",150.041666666667
"2022-07-28 00:00:00","Fondo ERRANO","T0","SOLAR_RAD",275.021929824561
"2022-07-29 00:00:00","Fondo ERRANO","T0","WIND_DIRECTION",186.083333333333
"2022-07-29 00:00:00","Fondo ERRANO","T0","AIR_TEMP",26.4879166666667
"2022-07-29 00:00:00","Fondo ERRANO","T0","AIR_HUM",71.2083333333334
"2022-07-29 00:00:00","Fondo ERRANO","T0","WIND_SPEED",4.0725
"2022-07-29 00:00:00","Fondo ERRANO","T0","BATTERY_TENS",3523.79166666667
"2022-07-29 00:00:00","Fondo ERRANO","T0","GUST",7.6725
"2022-07-29 00:00:00","Fondo ERRANO","T0","SOLAR_RAD",298.026315789473
"2022-07-30 00:00:00","Fondo ERRANO","T0","AIR_TEMP",26.1841666666667
"2022-07-30 00:00:00","Fondo ERRANO","T0","WIND_SPEED",3.2775
"2022-07-30 00:00:00","Fondo ERRANO","T0","GUST",6.855
"2022-07-30 00:00:00","Fondo ERRANO","T0","WIND_DIRECTION",195.0625
"2022-07-30 00:00:00","Fondo ERRANO","T0","BATTERY_TENS",3524.02083333333
"2022-07-30 00:00:00","Fondo ERRANO","T0","AIR_HUM",67.1291666666667
"2022-07-30 00:00:00","Fondo ERRANO","T0","SOLAR_RAD",310.526315789474
"2022-07-31 00:00:00","Fondo ERRANO","T0","WIND_DIRECTION",159.104166666667
"2022-07-31 00:00:00","Fondo ERRANO","T0","SOLAR_RAD",336.151315789474
"2022-07-31 00:00:00","Fondo ERRANO","T0","BATTERY_TENS",3521.95833333333
"2022-07-31 00:00:00","Fondo ERRANO","T0","AIR_TEMP",26.345
"2022-07-31 00:00:00","Fondo ERRANO","T0","WIND_SPEED",4.5375
"2022-07-31 00:00:00","Fondo ERRANO","T0","GUST",7.4625
"2022-07-31 00:00:00","Fondo ERRANO","T0","AIR_HUM",54.125
"2022-08-01 00:00:00","Fondo ERRANO","T0","GUST",8.2575
"2022-08-01 00:00:00","Fondo ERRANO","T0","BATTERY_TENS",3526.39583333333
"2022-08-01 00:00:00","Fondo ERRANO","T0","AIR_HUM",49.09375
"2022-08-01 00:00:00","Fondo ERRANO","T0","WIND_SPEED",4.905
"2022-08-01 00:00:00","Fondo ERRANO","T0","SOLAR_RAD",333.991228070176
"2022-08-01 00:00:00","Fondo ERRANO","T0","WIND_DIRECTION",152.395833333333
"2022-08-01 00:00:00","Fondo ERRANO","T0","AIR_TEMP",27.6547916666667
"2022-08-02 00:00:00","Fondo ERRANO","T0","SOLAR_RAD",279.309210526316
"2022-08-02 00:00:00","Fondo ERRANO","T0","AIR_HUM",61.9479166666667
"2022-08-02 00:00:00","Fondo ERRANO","T0","GUST",7.6725
"2022-08-02 00:00:00","Fondo ERRANO","T0","WIND_DIRECTION",152.125
"2022-08-02 00:00:00","Fondo ERRANO","T0","AIR_TEMP",26.01
"2022-08-02 00:00:00","Fondo ERRANO","T0","BATTERY_TENS",3526.08333333333
"2022-08-02 00:00:00","Fondo ERRANO","T0","WIND_SPEED",4.6425
"2022-08-03 00:00:00","Fondo ERRANO","T0","AIR_TEMP",26.7210416666667
"2022-08-03 00:00:00","Fondo ERRANO","T0","SOLAR_RAD",335.350877192983
"2022-08-03 00:00:00","Fondo ERRANO","T0","WIND_DIRECTION",159.833333333333
"2022-08-03 00:00:00","Fondo ERRANO","T0","AIR_HUM",64.1520833333334
"2022-08-03 00:00:00","Fondo ERRANO","T0","WIND_SPEED",3.6675
"2022-08-03 00:00:00","Fondo ERRANO","T0","BATTERY_TENS",3525.85416666667
"2022-08-03 00:00:00","Fondo ERRANO","T0","GUST",7.44
"2022-08-04 00:00:00","Fondo ERRANO","T0","SOLAR_RAD",331.184210526315
"2022-08-04 00:00:00","Fondo ERRANO","T0","AIR_HUM",55.6666666666667
"2022-08-04 00:00:00","Fondo ERRANO","T0","WIND_DIRECTION",149.729166666667
"2022-08-04 00:00:00","Fondo ERRANO","T0","WIND_SPEED",5.5125
"2022-08-04 00:00:00","Fondo ERRANO","T0","BATTERY_TENS",3527.72916666667
"2022-08-04 00:00:00","Fondo ERRANO","T0","GUST",8.8575
"2022-08-04 00:00:00","Fondo ERRANO","T0","AIR_TEMP",27.3670833333333
"2022-08-05 00:00:00","Fondo ERRANO","T0","GUST",7.335
"2022-08-05 00:00:00","Fondo ERRANO","T0","WIND_SPEED",4.08
"2022-08-05 00:00:00","Fondo ERRANO","T0","BATTERY_TENS",3531.54166666667
"2022-08-05 00:00:00","Fondo ERRANO","T0","AIR_HUM",53.2270833333333
"2022-08-05 00:00:00","Fondo ERRANO","T0","AIR_TEMP",28.3458333333333
"2022-08-05 00:00:00","Fondo ERRANO","T0","SOLAR_RAD",328.837719298246
"2022-08-05 00:00:00","Fondo ERRANO","T0","WIND_DIRECTION",134.416666666667
"2022-08-06 00:00:00","Fondo ERRANO","T0","AIR_HUM",56.4125
"2022-08-06 00:00:00","Fondo ERRANO","T0","AIR_TEMP",28.8477083333333
"2022-08-06 00:00:00","Fondo ERRANO","T0","WIND_DIRECTION",168.75
"2022-08-06 00:00:00","Fondo ERRANO","T0","GUST",8.6325
"2022-08-06 00:00:00","Fondo ERRANO","T0","BATTERY_TENS",3526.3125
"2022-08-06 00:00:00","Fondo ERRANO","T0","WIND_SPEED",5.0475
"2022-08-06 00:00:00","Fondo ERRANO","T0","SOLAR_RAD",320.767543859649
"2022-08-07 00:00:00","Fondo ERRANO","T0","SOLAR_RAD",214.68201754386
"2022-08-07 00:00:00","Fondo ERRANO","T0","AIR_TEMP",26.429375
"2022-08-07 00:00:00","Fondo ERRANO","T0","BATTERY_TENS",3520.8125
"2022-08-07 00:00:00","Fondo ERRANO","T0","AIR_HUM",65.6875
"2022-08-07 00:00:00","Fondo ERRANO","T0","WIND_DIRECTION",197.270833333333
"2022-08-07 00:00:00","Fondo ERRANO","T0","GUST",6.5175
"2022-08-07 00:00:00","Fondo ERRANO","T0","WIND_SPEED",3.5625
"2022-08-08 00:00:00","Fondo ERRANO","T0","AIR_HUM",66.6645833333333
"2022-08-08 00:00:00","Fondo ERRANO","T0","WIND_SPEED",3.9675
"2022-08-08 00:00:00","Fondo ERRANO","T0","AIR_TEMP",25.771875
"2022-08-08 00:00:00","Fondo ERRANO","T0","GUST",6.6825
"2022-08-08 00:00:00","Fondo ERRANO","T0","SOLAR_RAD",244.440789473684
"2022-08-08 00:00:00","Fondo ERRANO","T0","WIND_DIRECTION",214.3125
"2022-08-08 00:00:00","Fondo ERRANO","T0","BATTERY_TENS",3523.79166666667
"2022-08-09 00:00:00","Fondo ERRANO","T0","WIND_DIRECTION",183.270833333333
"2022-08-09 00:00:00","Fondo ERRANO","T0","AIR_HUM",74.3
"2022-08-09 00:00:00","Fondo ERRANO","T0","SOLAR_RAD",287.324561403509
"2022-08-09 00:00:00","Fondo ERRANO","T0","WIND_SPEED",2.9925
"2022-08-09 00:00:00","Fondo ERRANO","T0","BATTERY_TENS",3516.6875
"2022-08-09 00:00:00","Fondo ERRANO","T0","GUST",6.03
"2022-08-09 00:00:00","Fondo ERRANO","T0","AIR_TEMP",24.7416666666667
"2022-08-10 00:00:00","Fondo ERRANO","T0","AIR_HUM",67.93125
"2022-08-10 00:00:00","Fondo ERRANO","T0","WIND_DIRECTION",158.75
"2022-08-10 00:00:00","Fondo ERRANO","T0","SOLAR_RAD",297.675438596491
"2022-08-10 00:00:00","Fondo ERRANO","T0","AIR_TEMP",24.315625
"2022-08-10 00:00:00","Fondo ERRANO","T0","GUST",7.7025
"2022-08-10 00:00:00","Fondo ERRANO","T0","WIND_SPEED",4.5225
"2022-08-10 00:00:00","Fondo ERRANO","T0","BATTERY_TENS",3517.60416666667
"2022-08-11 00:00:00","Fondo ERRANO","T0","WIND_SPEED",4.2375
"2022-08-11 00:00:00","Fondo ERRANO","T0","WIND_DIRECTION",153.916666666667
"2022-08-11 00:00:00","Fondo ERRANO","T0","BATTERY_TENS",3517.60416666667
"2022-08-11 00:00:00","Fondo ERRANO","T0","GUST",7.7625
"2022-08-11 00:00:00","Fondo ERRANO","T0","SOLAR_RAD",305.625000000001
"2022-08-11 00:00:00","Fondo ERRANO","T0","AIR_TEMP",24.2020833333333
"2022-08-11 00:00:00","Fondo ERRANO","T0","AIR_HUM",62.96875
"2022-08-12 00:00:00","Fondo ERRANO","T0","WIND_SPEED",4.845
"2022-08-12 00:00:00","Fondo ERRANO","T0","WIND_DIRECTION",163.5
"2022-08-12 00:00:00","Fondo ERRANO","T0","AIR_HUM",58.8333333333333
"2022-08-12 00:00:00","Fondo ERRANO","T0","AIR_TEMP",22.8441666666667
"2022-08-12 00:00:00","Fondo ERRANO","T0","BATTERY_TENS",3509.35416666667
"2022-08-12 00:00:00","Fondo ERRANO","T0","SOLAR_RAD",211.140350877193
"2022-08-12 00:00:00","Fondo ERRANO","T0","GUST",8.31
"2022-08-13 00:00:00","Fondo ERRANO","T0","BATTERY_TENS",3509.8125
"2022-08-13 00:00:00","Fondo ERRANO","T0","AIR_HUM",67.9645833333333
"2022-08-13 00:00:00","Fondo ERRANO","T0","GUST",7.3725
"2022-08-13 00:00:00","Fondo ERRANO","T0","AIR_TEMP",22.318125
"2022-08-13 00:00:00","Fondo ERRANO","T0","WIND_SPEED",4.05
"2022-08-13 00:00:00","Fondo ERRANO","T0","WIND_DIRECTION",215.729166666667
"2022-08-13 00:00:00","Fondo ERRANO","T0","SOLAR_RAD",299.901315789474
"2022-08-14 00:00:00","Fondo ERRANO","T0","AIR_TEMP",24.3441666666667
"2022-08-14 00:00:00","Fondo ERRANO","T0","BATTERY_TENS",3513.70833333333
"2022-08-14 00:00:00","Fondo ERRANO","T0","AIR_HUM",55.7208333333334
"2022-08-14 00:00:00","Fondo ERRANO","T0","WIND_SPEED",5.2275
"2022-08-14 00:00:00","Fondo ERRANO","T0","SOLAR_RAD",292.33552631579
"2022-08-14 00:00:00","Fondo ERRANO","T0","GUST",8.64
"2022-08-14 00:00:00","Fondo ERRANO","T0","WIND_DIRECTION",164.458333333333
"2022-08-15 00:00:00","Fondo ERRANO","T0","WIND_DIRECTION",210.583333333333
"2022-08-15 00:00:00","Fondo ERRANO","T0","GUST",8.9625
"2022-08-15 00:00:00","Fondo ERRANO","T0","AIR_TEMP",26.4645833333333
"2022-08-15 00:00:00","Fondo ERRANO","T0","WIND_SPEED",5.43
"2022-08-15 00:00:00","Fondo ERRANO","T0","AIR_HUM",55.3354166666667
"2022-08-15 00:00:00","Fondo ERRANO","T0","BATTERY_TENS",3521.04166666667
"2022-08-15 00:00:00","Fondo ERRANO","T0","SOLAR_RAD",280.723684210526
"2022-08-16 00:00:00","Fondo ERRANO","T0","BATTERY_TENS",3522.1875
"2022-08-16 00:00:00","Fondo ERRANO","T0","WIND_DIRECTION",160.291666666667
"2022-08-16 00:00:00","Fondo ERRANO","T0","AIR_HUM",62.2291666666667
"2022-08-16 00:00:00","Fondo ERRANO","T0","SOLAR_RAD",271.918859649123
"2022-08-16 00:00:00","Fondo ERRANO","T0","AIR_TEMP",26.1425
"2022-08-16 00:00:00","Fondo ERRANO","T0","WIND_SPEED",5.01
"2022-08-16 00:00:00","Fondo ERRANO","T0","GUST",8.175
"2022-08-17 00:00:00","Fondo ERRANO","T0","AIR_TEMP",26.0829166666667
"2022-08-17 00:00:00","Fondo ERRANO","T0","GUST",8.4225
"2022-08-17 00:00:00","Fondo ERRANO","T0","WIND_DIRECTION",163.354166666667
"2022-08-17 00:00:00","Fondo ERRANO","T0","SOLAR_RAD",261.129385964913
"2022-08-17 00:00:00","Fondo ERRANO","T0","BATTERY_TENS",3521.04166666667
"2022-08-17 00:00:00","Fondo ERRANO","T0","WIND_SPEED",4.6125
"2022-08-17 00:00:00","Fondo ERRANO","T0","AIR_HUM",67.9541666666667
"2022-08-18 00:00:00","Fondo ERRANO","T0","AIR_TEMP",22.9391666666667
"2022-08-18 00:00:00","Fondo ERRANO","T0","AIR_HUM",82.0479166666667
"2022-08-18 00:00:00","Fondo ERRANO","T0","BATTERY_TENS",3510.95833333333
"2022-08-18 00:00:00","Fondo ERRANO","T0","WIND_SPEED",3.555
"2022-08-18 00:00:00","Fondo ERRANO","T0","GUST",7.2375
"2022-08-18 00:00:00","Fondo ERRANO","T0","SOLAR_RAD",125.493421052632
"2022-08-18 00:00:00","Fondo ERRANO","T0","WIND_DIRECTION",192.333333333333
"2022-08-19 00:00:00","Fondo ERRANO","T0","WIND_SPEED",2.7
"2022-08-19 00:00:00","Fondo ERRANO","T0","WIND_DIRECTION",203.458333333333
"2022-08-19 00:00:00","Fondo ERRANO","T0","SOLAR_RAD",119.769736842105
"2022-08-19 00:00:00","Fondo ERRANO","T0","GUST",6.315
"2022-08-19 00:00:00","Fondo ERRANO","T0","BATTERY_TENS",3504.3125
"2022-08-19 00:00:00","Fondo ERRANO","T0","AIR_TEMP",20.6475
"2022-08-19 00:00:00","Fondo ERRANO","T0","AIR_HUM",91.5666666666667
"2022-08-20 00:00:00","Fondo ERRANO","T0","GUST",7.4625
"2022-08-20 00:00:00","Fondo ERRANO","T0","AIR_TEMP",24.35125
"2022-08-20 00:00:00","Fondo ERRANO","T0","SOLAR_RAD",297.642543859649
"2022-08-20 00:00:00","Fondo ERRANO","T0","WIND_DIRECTION",200.395833333333
"2022-08-20 00:00:00","Fondo ERRANO","T0","AIR_HUM",72.9291666666667
"2022-08-20 00:00:00","Fondo ERRANO","T0","BATTERY_TENS",3508.4375
"2022-08-20 00:00:00","Fondo ERRANO","T0","WIND_SPEED",4.5825
"2022-08-21 00:00:00","Fondo ERRANO","T0","SOLAR_RAD",294.671052631579
"2022-08-21 00:00:00","Fondo ERRANO","T0","GUST",7.23
"2022-08-21 00:00:00","Fondo ERRANO","T0","AIR_HUM",67.5520833333333
"2022-08-21 00:00:00","Fondo ERRANO","T0","WIND_SPEED",4.095
"2022-08-21 00:00:00","Fondo ERRANO","T0","BATTERY_TENS",3509.58333333333
"2022-08-21 00:00:00","Fondo ERRANO","T0","AIR_TEMP",24.975625
"2022-08-21 00:00:00","Fondo ERRANO","T0","WIND_DIRECTION",158.6875
"2022-08-22 00:00:00","Fondo ERRANO","T0","AIR_HUM",67.6791666666667
"2022-08-22 00:00:00","Fondo ERRANO","T0","AIR_TEMP",24.0010416666667
"2022-08-22 00:00:00","Fondo ERRANO","T0","WIND_SPEED",3.7425
"2022-08-22 00:00:00","Fondo ERRANO","T0","GUST",6.8925
"2022-08-22 00:00:00","Fondo ERRANO","T0","BATTERY_TENS",3502.47916666667
"2022-08-22 00:00:00","Fondo ERRANO","T0","WIND_DIRECTION",166.3125
"2022-08-22 00:00:00","Fondo ERRANO","T0","SOLAR_RAD",274.035087719298
"2022-08-23 00:00:00","Fondo ERRANO","T0","GUST",7.6875
"2022-08-23 00:00:00","Fondo ERRANO","T0","AIR_HUM",67.375
"2022-08-23 00:00:00","Fondo ERRANO","T0","AIR_TEMP",23.0158333333333
"2022-08-23 00:00:00","Fondo ERRANO","T0","WIND_SPEED",4.4625
"2022-08-23 00:00:00","Fondo ERRANO","T0","BATTERY_TENS",3501.125
"2022-08-23 00:00:00","Fondo ERRANO","T0","WIND_DIRECTION",159.770833333333
"2022-08-23 00:00:00","Fondo ERRANO","T0","SOLAR_RAD",280.098684210526
"2022-08-24 00:00:00","Fondo ERRANO","T0","BATTERY_TENS",3503.39583333333
"2022-08-24 00:00:00","Fondo ERRANO","T0","SOLAR_RAD",269.418859649123
"2022-08-24 00:00:00","Fondo ERRANO","T0","GUST",7.38750000000001
"2022-08-24 00:00:00","Fondo ERRANO","T0","AIR_HUM",69.0083333333334
"2022-08-24 00:00:00","Fondo ERRANO","T0","WIND_DIRECTION",150.6875
"2022-08-24 00:00:00","Fondo ERRANO","T0","WIND_SPEED",4.5675
"2022-08-24 00:00:00","Fondo ERRANO","T0","AIR_TEMP",23.08125
"2022-08-25 00:00:00","Fondo ERRANO","T0","SOLAR_RAD",278.717105263158
"2022-08-25 00:00:00","Fondo ERRANO","T0","AIR_HUM",68.8354166666667
"2022-08-25 00:00:00","Fondo ERRANO","T0","AIR_TEMP",24.32
"2022-08-25 00:00:00","Fondo ERRANO","T0","BATTERY_TENS",3510.04166666667
"2022-08-25 00:00:00","Fondo ERRANO","T0","WIND_DIRECTION",172.4375
"2022-08-25 00:00:00","Fondo ERRANO","T0","WIND_SPEED",4.065
"2022-08-25 00:00:00","Fondo ERRANO","T0","GUST",6.87
"2022-08-26 00:00:00","Fondo ERRANO","T0","WIND_SPEED",4.14
"2022-08-26 00:00:00","Fondo ERRANO","T0","WIND_DIRECTION",192.104166666667
"2022-08-26 00:00:00","Fondo ERRANO","T0","AIR_TEMP",25.578125
"2022-08-26 00:00:00","Fondo ERRANO","T0","GUST",7.05
"2022-08-26 00:00:00","Fondo ERRANO","T0","BATTERY_TENS",3512.33333333333
"2022-08-26 00:00:00","Fondo ERRANO","T0","SOLAR_RAD",245.131578947369
"2022-08-26 00:00:00","Fondo ERRANO","T0","AIR_HUM",68.4604166666667
"2022-08-27 00:00:00","Fondo ERRANO","T0","WIND_SPEED",3.0075
"2022-08-27 00:00:00","Fondo ERRANO","T0","AIR_TEMP",23.9195833333333
"2022-08-27 00:00:00","Fondo ERRANO","T0","AIR_HUM",75.1875
"2022-08-27 00:00:00","Fondo ERRANO","T0","WIND_DIRECTION",175.833333333333
"2022-08-27 00:00:00","Fondo ERRANO","T0","GUST",6.4425
"2022-08-27 00:00:00","Fondo ERRANO","T0","BATTERY_TENS",3507.75
"2022-08-27 00:00:00","Fondo ERRANO","T0","SOLAR_RAD",177.609649122807
"2022-08-28 00:00:00","Fondo ERRANO","T0","WIND_DIRECTION",198.583333333333
"2022-08-28 00:00:00","Fondo ERRANO","T0","BATTERY_TENS",3505.91666666667
"2022-08-28 00:00:00","Fondo ERRANO","T0","AIR_TEMP",22.2872916666667
"2022-08-28 00:00:00","Fondo ERRANO","T0","AIR_HUM",79.7520833333333
"2022-08-28 00:00:00","Fondo ERRANO","T0","GUST",6.21
"2022-08-28 00:00:00","Fondo ERRANO","T0","SOLAR_RAD",167.828947368421
"2022-08-28 00:00:00","Fondo ERRANO","T0","WIND_SPEED",3.225
"2022-08-29 00:00:00","Fondo ERRANO","T0","WIND_DIRECTION",170.875
"2022-08-29 00:00:00","Fondo ERRANO","T0","GUST",6.225
"2022-08-29 00:00:00","Fondo ERRANO","T0","WIND_SPEED",2.88
"2022-08-29 00:00:00","Fondo ERRANO","T0","AIR_TEMP",24.903125
"2022-08-29 00:00:00","Fondo ERRANO","T0","SOLAR_RAD",262.203947368421
"2022-08-29 00:00:00","Fondo ERRANO","T0","BATTERY_TENS",3512.79166666667
"2022-08-29 00:00:00","Fondo ERRANO","T0","AIR_HUM",73.3375
"2022-08-30 00:00:00","Fondo ERRANO","T0","GUST",7.0425
"2022-08-30 00:00:00","Fondo ERRANO","T0","WIND_SPEED",3.51
"2022-08-30 00:00:00","Fondo ERRANO","T0","WIND_DIRECTION",167.020833333333
"2022-08-30 00:00:00","Fondo ERRANO","T0","SOLAR_RAD",217.554824561404
"2022-08-30 00:00:00","Fondo ERRANO","T0","BATTERY_TENS",3514.16666666667
"2022-08-30 00:00:00","Fondo ERRANO","T0","AIR_HUM",75.61875
"2022-08-30 00:00:00","Fondo ERRANO","T0","AIR_TEMP",24.7364583333333
"2022-08-31 00:00:00","Fondo ERRANO","T0","SOLAR_RAD",148.015350877193
"2022-08-31 00:00:00","Fondo ERRANO","T0","BATTERY_TENS",3508.20833333333
"2022-08-31 00:00:00","Fondo ERRANO","T0","WIND_DIRECTION",181.458333333333
"2022-08-31 00:00:00","Fondo ERRANO","T0","AIR_TEMP",22.4120833333333
"2022-08-31 00:00:00","Fondo ERRANO","T0","WIND_SPEED",1.8075
"2022-08-31 00:00:00","Fondo ERRANO","T0","AIR_HUM",89.8645833333334
"2022-08-31 00:00:00","Fondo ERRANO","T0","GUST",3.705
"2022-09-01 00:00:00","Fondo ERRANO","T0","GUST",4.9725
"2022-09-01 00:00:00","Fondo ERRANO","T0","AIR_TEMP",20.4127083333333
"2022-09-01 00:00:00","Fondo ERRANO","T0","SOLAR_RAD",122.576754385965
"2022-09-01 00:00:00","Fondo ERRANO","T0","WIND_SPEED",2.4075
"2022-09-01 00:00:00","Fondo ERRANO","T0","AIR_HUM",93.1854166666667
"2022-09-01 00:00:00","Fondo ERRANO","T0","BATTERY_TENS",3495.60416666667
"2022-09-01 00:00:00","Fondo ERRANO","T0","WIND_DIRECTION",211.5
"2022-09-02 00:00:00","Fondo ERRANO","T0","WIND_DIRECTION",169.1875
"2022-09-02 00:00:00","Fondo ERRANO","T0","BATTERY_TENS",3495.66666666667
"2022-09-02 00:00:00","Fondo ERRANO","T0","WIND_SPEED",2.52
"2022-09-02 00:00:00","Fondo ERRANO","T0","AIR_HUM",82.23125
"2022-09-02 00:00:00","Fondo ERRANO","T0","AIR_TEMP",20.63
"2022-09-02 00:00:00","Fondo ERRANO","T0","GUST",5.0025
"2022-09-02 00:00:00","Fondo ERRANO","T0","SOLAR_RAD",212.565789473685
"2022-09-03 00:00:00","Fondo ERRANO","T0","BATTERY_TENS",3493.375
"2022-09-03 00:00:00","Fondo ERRANO","T0","AIR_HUM",84.1479166666667
"2022-09-03 00:00:00","Fondo ERRANO","T0","WIND_DIRECTION",166.145833333333
"2022-09-03 00:00:00","Fondo ERRANO","T0","SOLAR_RAD",130.142543859649
"2022-09-03 00:00:00","Fondo ERRANO","T0","AIR_TEMP",20.5235416666667
"2022-09-03 00:00:00","Fondo ERRANO","T0","GUST",4.305
"2022-09-03 00:00:00","Fondo ERRANO","T0","WIND_SPEED",1.8
"2022-09-04 00:00:00","Fondo ERRANO","T0","BATTERY_TENS",3504.10416666667
"2022-09-04 00:00:00","Fondo ERRANO","T0","WIND_DIRECTION",177.520833333333
"2022-09-04 00:00:00","Fondo ERRANO","T0","AIR_HUM",79.2333333333333
"2022-09-04 00:00:00","Fondo ERRANO","T0","SOLAR_RAD",219.769736842105
"2022-09-04 00:00:00","Fondo ERRANO","T0","AIR_TEMP",22.7689583333333
"2022-09-04 00:00:00","Fondo ERRANO","T0","GUST",5.5575
"2022-09-04 00:00:00","Fondo ERRANO","T0","WIND_SPEED",2.4525
"2022-09-05 00:00:00","Fondo ERRANO","T0","SOLAR_RAD",238.991228070175
"2022-09-05 00:00:00","Fondo ERRANO","T0","AIR_HUM",77.03125
"2022-09-05 00:00:00","Fondo ERRANO","T0","BATTERY_TENS",3508.66666666667
"2022-09-05 00:00:00","Fondo ERRANO","T0","WIND_SPEED",3.6
"2022-09-05 00:00:00","Fondo ERRANO","T0","AIR_TEMP",23.5172916666667
"2022-09-05 00:00:00","Fondo ERRANO","T0","WIND_DIRECTION",158.291666666667
"2022-09-05 00:00:00","Fondo ERRANO","T0","GUST",6.15
"2022-09-06 00:00:00","Fondo ERRANO","T0","BATTERY_TENS",3510.04166666667
"2022-09-06 00:00:00","Fondo ERRANO","T0","AIR_TEMP",24.5858333333333
"2022-09-06 00:00:00","Fondo ERRANO","T0","WIND_SPEED",3.8775
"2022-09-06 00:00:00","Fondo ERRANO","T0","GUST",6.9675
"2022-09-06 00:00:00","Fondo ERRANO","T0","AIR_HUM",74.8479166666667
"2022-09-06 00:00:00","Fondo ERRANO","T0","WIND_DIRECTION",142.6875
"2022-09-06 00:00:00","Fondo ERRANO","T0","SOLAR_RAD",224.484649122807
"2022-09-07 00:00:00","Fondo ERRANO","T0","SOLAR_RAD",234.22149122807
"2022-09-07 00:00:00","Fondo ERRANO","T0","WIND_DIRECTION",177.3125
"2022-09-07 00:00:00","Fondo ERRANO","T0","AIR_HUM",74.70625
"2022-09-07 00:00:00","Fondo ERRANO","T0","GUST",5.9325
"2022-09-07 00:00:00","Fondo ERRANO","T0","BATTERY_TENS",3514.625
"2022-09-07 00:00:00","Fondo ERRANO","T0","WIND_SPEED",2.8275
"2022-09-07 00:00:00","Fondo ERRANO","T0","AIR_TEMP",25.056875
"2022-09-08 00:00:00","Fondo ERRANO","T0","SOLAR_RAD",182.532894736842
"2022-09-08 00:00:00","Fondo ERRANO","T0","WIND_SPEED",3.735
"2022-09-08 00:00:00","Fondo ERRANO","T0","AIR_TEMP",25.1020833333333
"2022-09-08 00:00:00","Fondo ERRANO","T0","GUST",7.7475
"2022-09-08 00:00:00","Fondo ERRANO","T0","AIR_HUM",73.0979166666667
"2022-09-08 00:00:00","Fondo ERRANO","T0","BATTERY_TENS",3513.70833333333
"2022-09-08 00:00:00","Fondo ERRANO","T0","WIND_DIRECTION",225.041666666667
"2022-09-09 00:00:00","Fondo ERRANO","T0","WIND_SPEED",4.1475
"2022-09-09 00:00:00","Fondo ERRANO","T0","WIND_DIRECTION",236.6875
"2022-09-09 00:00:00","Fondo ERRANO","T0","GUST",7.74
"2022-09-09 00:00:00","Fondo ERRANO","T0","AIR_HUM",73
"2022-09-09 00:00:00","Fondo ERRANO","T0","BATTERY_TENS",3513.25
"2022-09-09 00:00:00","Fondo ERRANO","T0","AIR_TEMP",23.5808333333333
"2022-09-09 00:00:00","Fondo ERRANO","T0","SOLAR_RAD",232.587719298246
"2022-09-10 00:00:00","Fondo ERRANO","T0","AIR_TEMP",22.3914583333333
"2022-09-10 00:00:00","Fondo ERRANO","T0","BATTERY_TENS",3507.0625
"2022-09-10 00:00:00","Fondo ERRANO","T0","GUST",5.34
"2022-09-10 00:00:00","Fondo ERRANO","T0","AIR_HUM",76.31875
"2022-09-10 00:00:00","Fondo ERRANO","T0","SOLAR_RAD",197.828947368421
"2022-09-10 00:00:00","Fondo ERRANO","T0","WIND_SPEED",2.5125
"2022-09-10 00:00:00","Fondo ERRANO","T0","WIND_DIRECTION",181.4375
"2022-09-11 00:00:00","Fondo ERRANO","T0","AIR_TEMP",21.23875
"2022-09-11 00:00:00","Fondo ERRANO","T0","GUST",5.115
"2022-09-11 00:00:00","Fondo ERRANO","T0","WIND_DIRECTION",196.25
"2022-09-11 00:00:00","Fondo ERRANO","T0","BATTERY_TENS",3502.25
"2022-09-11 00:00:00","Fondo ERRANO","T0","SOLAR_RAD",222.138157894737
"2022-09-11 00:00:00","Fondo ERRANO","T0","AIR_HUM",75.34375
"2022-09-11 00:00:00","Fondo ERRANO","T0","WIND_SPEED",2.295
"2022-09-12 00:00:00","Fondo ERRANO","T0","SOLAR_RAD",232.302631578947
"2022-09-12 00:00:00","Fondo ERRANO","T0","AIR_HUM",71.7979166666667
"2022-09-12 00:00:00","Fondo ERRANO","T0","WIND_DIRECTION",150.895833333333
"2022-09-12 00:00:00","Fondo ERRANO","T0","AIR_TEMP",21.2116666666667
"2022-09-12 00:00:00","Fondo ERRANO","T0","WIND_SPEED",3.315
"2022-09-12 00:00:00","Fondo ERRANO","T0","BATTERY_TENS",3501.5625
"2022-09-12 00:00:00","Fondo ERRANO","T0","GUST",6.3075
"2022-09-13 00:00:00","Fondo ERRANO","T0","SOLAR_RAD",224.69298245614
"2022-09-13 00:00:00","Fondo ERRANO","T0","GUST",6.0825
"2022-09-13 00:00:00","Fondo ERRANO","T0","WIND_DIRECTION",162.333333333333
"2022-09-13 00:00:00","Fondo ERRANO","T0","WIND_SPEED",3.495
"2022-09-13 00:00:00","Fondo ERRANO","T0","AIR_HUM",69.0583333333333
"2022-09-13 00:00:00","Fondo ERRANO","T0","AIR_TEMP",22.54375
"2022-09-13 00:00:00","Fondo ERRANO","T0","BATTERY_TENS",3502.70833333333
"2022-09-14 00:00:00","Fondo ERRANO","T0","BATTERY_TENS",3506.375
"2022-09-14 00:00:00","Fondo ERRANO","T0","GUST",7.5675
"2022-09-14 00:00:00","Fondo ERRANO","T0","AIR_HUM",72.4666666666666
"2022-09-14 00:00:00","Fondo ERRANO","T0","AIR_TEMP",24.2264583333333
"2022-09-14 00:00:00","Fondo ERRANO","T0","WIND_SPEED",3.69
"2022-09-14 00:00:00","Fondo ERRANO","T0","SOLAR_RAD",124.484649122807
"2022-09-14 00:00:00","Fondo ERRANO","T0","WIND_DIRECTION",241.520833333333
"2022-09-15 00:00:00","Fondo ERRANO","T0","BATTERY_TENS",3502.70833333333
"2022-09-15 00:00:00","Fondo ERRANO","T0","AIR_HUM",78.6625
"2022-09-15 00:00:00","Fondo ERRANO","T0","AIR_TEMP",23.5445833333333
"2022-09-15 00:00:00","Fondo ERRANO","T0","GUST",10.1625
"2022-09-15 00:00:00","Fondo ERRANO","T0","SOLAR_RAD",114.561403508772
"2022-09-15 00:00:00","Fondo ERRANO","T0","WIND_DIRECTION",228.5625
"2022-09-15 00:00:00","Fondo ERRANO","T0","WIND_SPEED",6.0675
"2022-09-16 00:00:00","Fondo ERRANO","T0","AIR_HUM",61.8729166666667
"2022-09-16 00:00:00","Fondo ERRANO","T0","GUST",17.0025
"2022-09-16 00:00:00","Fondo ERRANO","T0","WIND_SPEED",10.965
"2022-09-16 00:00:00","Fondo ERRANO","T0","BATTERY_TENS",3511.1875
"2022-09-16 00:00:00","Fondo ERRANO","T0","SOLAR_RAD",216.55701754386
"2022-09-16 00:00:00","Fondo ERRANO","T0","WIND_DIRECTION",229.708333333333
"2022-09-16 00:00:00","Fondo ERRANO","T0","AIR_TEMP",25.7172916666667
"2022-09-17 00:00:00","Fondo ERRANO","T0","BATTERY_TENS",3490.04166666667
"2022-09-17 00:00:00","Fondo ERRANO","T0","WIND_DIRECTION",209.104166666667
"2022-09-17 00:00:00","Fondo ERRANO","T0","SOLAR_RAD",86.4583333333335
"2022-09-17 00:00:00","Fondo ERRANO","T0","AIR_HUM",87.125
"2022-09-17 00:00:00","Fondo ERRANO","T0","AIR_TEMP",15.5425
"2022-09-17 00:00:00","Fondo ERRANO","T0","GUST",8.04
"2022-09-17 00:00:00","Fondo ERRANO","T0","WIND_SPEED",4.2525
"2022-09-18 00:00:00","Fondo ERRANO","T0","WIND_SPEED",4.275
"2022-09-18 00:00:00","Fondo ERRANO","T0","GUST",7.4325
"2022-09-18 00:00:00","Fondo ERRANO","T0","SOLAR_RAD",220.899122807018
"2022-09-18 00:00:00","Fondo ERRANO","T0","AIR_HUM",66.4145833333333
"2022-09-18 00:00:00","Fondo ERRANO","T0","AIR_TEMP",16.7172916666667
"2022-09-18 00:00:00","Fondo ERRANO","T0","BATTERY_TENS",3487.875
"2022-09-18 00:00:00","Fondo ERRANO","T0","WIND_DIRECTION",233.9375
"2022-09-19 00:00:00","Fondo ERRANO","T0","AIR_TEMP",20.0377083333333
"2022-09-19 00:00:00","Fondo ERRANO","T0","AIR_HUM",65.8666666666667
"2022-09-19 00:00:00","Fondo ERRANO","T0","SOLAR_RAD",214.375
"2022-09-19 00:00:00","Fondo ERRANO","T0","BATTERY_TENS",3495
"2022-09-19 00:00:00","Fondo ERRANO","T0","WIND_SPEED",4.2225
"2022-09-19 00:00:00","Fondo ERRANO","T0","GUST",7.41
"2022-09-19 00:00:00","Fondo ERRANO","T0","WIND_DIRECTION",199.75
"2022-09-20 00:00:00","Fondo ERRANO","T0","SOLAR_RAD",210.855263157894
"2022-09-20 00:00:00","Fondo ERRANO","T0","AIR_TEMP",16.7866666666667
"2022-09-20 00:00:00","Fondo ERRANO","T0","WIND_SPEED",4.0575
"2022-09-20 00:00:00","Fondo ERRANO","T0","GUST",7.335
"2022-09-20 00:00:00","Fondo ERRANO","T0","BATTERY_TENS",3489.66666666667
"2022-09-20 00:00:00","Fondo ERRANO","T0","AIR_HUM",72.5291666666667
"2022-09-20 00:00:00","Fondo ERRANO","T0","WIND_DIRECTION",157.479166666667
"2022-09-21 00:00:00","Fondo ERRANO","T0","AIR_TEMP",14.0335416666667
"2022-09-21 00:00:00","Fondo ERRANO","T0","BATTERY_TENS",3479.20833333333
"2022-09-21 00:00:00","Fondo ERRANO","T0","GUST",7.905
"2022-09-21 00:00:00","Fondo ERRANO","T0","WIND_SPEED",4.875
"2022-09-21 00:00:00","Fondo ERRANO","T0","WIND_DIRECTION",171.5
"2022-09-21 00:00:00","Fondo ERRANO","T0","SOLAR_RAD",180.339912280702
"2022-09-21 00:00:00","Fondo ERRANO","T0","AIR_HUM",79.7583333333333
"2022-09-22 00:00:00","Fondo ERRANO","T0","BATTERY_TENS",3477.375
"2022-09-22 00:00:00","Fondo ERRANO","T0","GUST",6.9825
"2022-09-22 00:00:00","Fondo ERRANO","T0","WIND_SPEED",3.8325
"2022-09-22 00:00:00","Fondo ERRANO","T0","AIR_TEMP",13.5697916666667
"2022-09-22 00:00:00","Fondo ERRANO","T0","SOLAR_RAD",186.348684210526
"2022-09-22 00:00:00","Fondo ERRANO","T0","WIND_DIRECTION",186.729166666667
"2022-09-22 00:00:00","Fondo ERRANO","T0","AIR_HUM",75.7145833333334
"2022-09-23 00:00:00","Fondo ERRANO","T0","AIR_HUM",73.9729166666666
"2022-09-23 00:00:00","Fondo ERRANO","T0","AIR_TEMP",14.6472916666667
"2022-09-23 00:00:00","Fondo ERRANO","T0","SOLAR_RAD",205.383771929825
"2022-09-23 00:00:00","Fondo ERRANO","T0","BATTERY_TENS",3481.25
"2022-09-23 00:00:00","Fondo ERRANO","T0","GUST",7.3875
"2022-09-23 00:00:00","Fondo ERRANO","T0","WIND_SPEED",4.605
"2022-09-23 00:00:00","Fondo ERRANO","T0","WIND_DIRECTION",152.1875
"2022-09-24 00:00:00","Fondo ERRANO","T0","AIR_TEMP",15.5625
"2022-09-24 00:00:00","Fondo ERRANO","T0","SOLAR_RAD",98.8925438596493
"2022-09-24 00:00:00","Fondo ERRANO","T0","BATTERY_TENS",3479.9375
"2022-09-24 00:00:00","Fondo ERRANO","T0","WIND_SPEED",2.5125
"2022-09-24 00:00:00","Fondo ERRANO","T0","AIR_HUM",82.1458333333333
"2022-09-24 00:00:00","Fondo ERRANO","T0","WIND_DIRECTION",163.895833333333
"2022-09-24 00:00:00","Fondo ERRANO","T0","GUST",4.9575
"2022-09-25 00:00:00","Fondo ERRANO","T0","WIND_SPEED",0.945
"2022-09-25 00:00:00","Fondo ERRANO","T0","AIR_HUM",94.6291666666667
"2022-09-25 00:00:00","Fondo ERRANO","T0","AIR_TEMP",16.960625
"2022-09-25 00:00:00","Fondo ERRANO","T0","SOLAR_RAD",85.4605263157896
"2022-09-25 00:00:00","Fondo ERRANO","T0","WIND_DIRECTION",125.416666666667
"2022-09-25 00:00:00","Fondo ERRANO","T0","GUST",2.2725
"2022-09-25 00:00:00","Fondo ERRANO","T0","BATTERY_TENS",3481.10416666667
"2022-09-26 00:00:00","Fondo ERRANO","T0","AIR_HUM",91.8270833333333
"2022-09-26 00:00:00","Fondo ERRANO","T0","GUST",3.525
"2022-09-26 00:00:00","Fondo ERRANO","T0","WIND_SPEED",1.4325
"2022-09-26 00:00:00","Fondo ERRANO","T0","BATTERY_TENS",3483.10416666667
"2022-09-26 00:00:00","Fondo ERRANO","T0","SOLAR_RAD",131.282894736842
"2022-09-26 00:00:00","Fondo ERRANO","T0","WIND_DIRECTION",190.5
"2022-09-26 00:00:00","Fondo ERRANO","T0","AIR_TEMP",16.3854166666667
"2022-09-27 00:00:00","Fondo ERRANO","T0","AIR_HUM",67.6583333333333
"2022-09-27 00:00:00","Fondo ERRANO","T0","WIND_SPEED",9
"2022-09-27 00:00:00","Fondo ERRANO","T0","AIR_TEMP",18.966875
"2022-09-27 00:00:00","Fondo ERRANO","T0","SOLAR_RAD",172.938596491228
"2022-09-27 00:00:00","Fondo ERRANO","T0","GUST",14.1012765957447
"2022-09-27 00:00:00","Fondo ERRANO","T0","WIND_DIRECTION",235.68085106383
"2022-09-27 00:00:00","Fondo ERRANO","T0","BATTERY_TENS",3487.51063829787
"2022-09-28 00:00:00","Fondo ERRANO","T0","WIND_DIRECTION",224.854166666667
"2022-09-28 00:00:00","Fondo ERRANO","T0","SOLAR_RAD",119.912280701754
"2022-09-28 00:00:00","Fondo ERRANO","T0","GUST",11.73
"2022-09-28 00:00:00","Fondo ERRANO","T0","WIND_SPEED",6.6
"2022-09-28 00:00:00","Fondo ERRANO","T0","BATTERY_TENS",3484.5
"2022-09-28 00:00:00","Fondo ERRANO","T0","AIR_TEMP",18.7733333333333
"2022-09-28 00:00:00","Fondo ERRANO","T0","AIR_HUM",70.1958333333333
"2022-09-29 00:00:00","Fondo ERRANO","T0","BATTERY_TENS",3488.85416666667
"2022-09-29 00:00:00","Fondo ERRANO","T0","WIND_SPEED",4.755
"2022-09-29 00:00:00","Fondo ERRANO","T0","AIR_HUM",72.225
"2022-09-29 00:00:00","Fondo ERRANO","T0","GUST",9.45
"2022-09-29 00:00:00","Fondo ERRANO","T0","SOLAR_RAD",93.1250000000002
"2022-09-29 00:00:00","Fondo ERRANO","T0","WIND_DIRECTION",227.270833333333
"2022-09-29 00:00:00","Fondo ERRANO","T0","AIR_TEMP",18.9995833333333
"2022-09-30 00:00:00","Fondo ERRANO","T0","WIND_DIRECTION",205.208333333333
"2022-09-30 00:00:00","Fondo ERRANO","T0","SOLAR_RAD",46.7982456140352
"2022-09-30 00:00:00","Fondo ERRANO","T0","BATTERY_TENS",3481.91666666667
"2022-09-30 00:00:00","Fondo ERRANO","T0","AIR_TEMP",15.2833333333333
"2022-09-30 00:00:00","Fondo ERRANO","T0","GUST",4.65
"2022-09-30 00:00:00","Fondo ERRANO","T0","AIR_HUM",92.05625
"2022-09-30 00:00:00","Fondo ERRANO","T0","WIND_SPEED",2.22
"2022-10-01 00:00:00","Fondo ERRANO","T0","AIR_HUM",79.4708333333333
"2022-10-01 00:00:00","Fondo ERRANO","T0","WIND_SPEED",4.4775
"2022-10-01 00:00:00","Fondo ERRANO","T0","WIND_DIRECTION",211.6875
"2022-10-01 00:00:00","Fondo ERRANO","T0","GUST",8.25
"2022-10-01 00:00:00","Fondo ERRANO","T0","AIR_TEMP",17.7027083333333
"2022-10-01 00:00:00","Fondo ERRANO","T0","SOLAR_RAD",192.916666666666
"2022-10-01 00:00:00","Fondo ERRANO","T0","BATTERY_TENS",3490.22916666667
"2022-10-02 00:00:00","Fondo ERRANO","T0","WIND_SPEED",3.8625
"2022-10-02 00:00:00","Fondo ERRANO","T0","AIR_HUM",74.70625
"2022-10-02 00:00:00","Fondo ERRANO","T0","WIND_DIRECTION",222.583333333333
"2022-10-02 00:00:00","Fondo ERRANO","T0","BATTERY_TENS",3491.4375
"2022-10-02 00:00:00","Fondo ERRANO","T0","GUST",7.68
"2022-10-02 00:00:00","Fondo ERRANO","T0","SOLAR_RAD",177.48903508772
"2022-10-02 00:00:00","Fondo ERRANO","T0","AIR_TEMP",19.226875
"2022-10-03 00:00:00","Fondo ERRANO","T0","WIND_SPEED",2.01
"2022-10-03 00:00:00","Fondo ERRANO","T0","WIND_DIRECTION",168.5625
"2022-10-03 00:00:00","Fondo ERRANO","T0","SOLAR_RAD",170.098684210526
"2022-10-03 00:00:00","Fondo ERRANO","T0","AIR_TEMP",19.3647916666667
"2022-10-03 00:00:00","Fondo ERRANO","T0","BATTERY_TENS",3495.02083333333
"2022-10-03 00:00:00","Fondo ERRANO","T0","AIR_HUM",80.24375
"2022-10-03 00:00:00","Fondo ERRANO","T0","GUST",4.32
"2022-10-04 00:00:00","Fondo ERRANO","T0","SOLAR_RAD",150.844298245614
"2022-10-04 00:00:00","Fondo ERRANO","T0","WIND_SPEED",2.4825
"2022-10-04 00:00:00","Fondo ERRANO","T0","WIND_DIRECTION",202.979166666667
"2022-10-04 00:00:00","Fondo ERRANO","T0","GUST",4.47
"2022-10-04 00:00:00","Fondo ERRANO","T0","BATTERY_TENS",3492.3125
"2022-10-04 00:00:00","Fondo ERRANO","T0","AIR_TEMP",17.4085416666667
"2022-10-04 00:00:00","Fondo ERRANO","T0","AIR_HUM",85.6583333333333
"2022-10-05 00:00:00","Fondo ERRANO","T0","GUST",5.31
"2022-10-05 00:00:00","Fondo ERRANO","T0","WIND_DIRECTION",161.729166666667
"2022-10-05 00:00:00","Fondo ERRANO","T0","WIND_SPEED",2.52
"2022-10-05 00:00:00","Fondo ERRANO","T0","SOLAR_RAD",169.813596491228
"2022-10-05 00:00:00","Fondo ERRANO","T0","BATTERY_TENS",3491.375
"2022-10-05 00:00:00","Fondo ERRANO","T0","AIR_TEMP",18.2383333333333
"2022-10-05 00:00:00","Fondo ERRANO","T0","AIR_HUM",83.0916666666667
"2022-10-06 00:00:00","Fondo ERRANO","T0","SOLAR_RAD",166.414473684211
"2022-10-06 00:00:00","Fondo ERRANO","T0","BATTERY_TENS",3490.04166666667
"2022-10-06 00:00:00","Fondo ERRANO","T0","GUST",5.52
"2022-10-06 00:00:00","Fondo ERRANO","T0","WIND_SPEED",2.985
"2022-10-06 00:00:00","Fondo ERRANO","T0","AIR_HUM",82.8833333333334
"2022-10-06 00:00:00","Fondo ERRANO","T0","WIND_DIRECTION",152.645833333333
"2022-10-06 00:00:00","Fondo ERRANO","T0","AIR_TEMP",18.2333333333333
"2022-10-07 00:00:00","Fondo ERRANO","T0","AIR_HUM",82.2270833333333
"2022-10-07 00:00:00","Fondo ERRANO","T0","GUST",5.5725
"2022-10-07 00:00:00","Fondo ERRANO","T0","WIND_DIRECTION",205.9375
"2022-10-07 00:00:00","Fondo ERRANO","T0","AIR_TEMP",18.0625
"2022-10-07 00:00:00","Fondo ERRANO","T0","BATTERY_TENS",3489.83333333333
"2022-10-07 00:00:00","Fondo ERRANO","T0","SOLAR_RAD",161.940789473684
"2022-10-07 00:00:00","Fondo ERRANO","T0","WIND_SPEED",2.775
"2022-10-08 00:00:00","Fondo ERRANO","T0","BATTERY_TENS",3484.25
"2022-10-08 00:00:00","Fondo ERRANO","T0","SOLAR_RAD",128.333333333333
"2022-10-08 00:00:00","Fondo ERRANO","T0","AIR_TEMP",17.238125
"2022-10-08 00:00:00","Fondo ERRANO","T0","WIND_DIRECTION",161.5625
"2022-10-08 00:00:00","Fondo ERRANO","T0","AIR_HUM",84.4291666666667
"2022-10-08 00:00:00","Fondo ERRANO","T0","WIND_SPEED",3.1575
"2022-10-08 00:00:00","Fondo ERRANO","T0","GUST",5.535
"2022-10-09 00:00:00","Fondo ERRANO","T0","AIR_HUM",87.9104166666667
"2022-10-09 00:00:00","Fondo ERRANO","T0","AIR_TEMP",16.8166666666667
"2022-10-09 00:00:00","Fondo ERRANO","T0","WIND_DIRECTION",128.833333333333
"2022-10-09 00:00:00","Fondo ERRANO","T0","WIND_SPEED",2.2425
"2022-10-09 00:00:00","Fondo ERRANO","T0","BATTERY_TENS",3480.22916666667
"2022-10-09 00:00:00","Fondo ERRANO","T0","GUST",4.47
"2022-10-09 00:00:00","Fondo ERRANO","T0","SOLAR_RAD",84.6271929824559
"2022-10-10 00:00:00","Fondo ERRANO","T0","WIND_SPEED",1.0875
"2022-10-10 00:00:00","Fondo ERRANO","T0","WIND_DIRECTION",146.229166666667
"2022-10-10 00:00:00","Fondo ERRANO","T0","AIR_TEMP",17.4985416666667
"2022-10-10 00:00:00","Fondo ERRANO","T0","BATTERY_TENS",3485.79166666667
"2022-10-10 00:00:00","Fondo ERRANO","T0","AIR_HUM",91.5020833333333
"2022-10-10 00:00:00","Fondo ERRANO","T0","GUST",2.565
"2022-10-10 00:00:00","Fondo ERRANO","T0","SOLAR_RAD",76.9956140350879
"2022-10-11 00:00:00","Fondo ERRANO","T0","WIND_SPEED",1.98
"2022-10-11 00:00:00","Fondo ERRANO","T0","GUST",4.17
"2022-10-11 00:00:00","Fondo ERRANO","T0","AIR_HUM",84.5958333333333
"2022-10-11 00:00:00","Fondo ERRANO","T0","WIND_DIRECTION",178.25
"2022-10-11 00:00:00","Fondo ERRANO","T0","AIR_TEMP",17.3120833333333
"2022-10-11 00:00:00","Fondo ERRANO","T0","SOLAR_RAD",136.019736842105
"2022-10-11 00:00:00","Fondo ERRANO","T0","BATTERY_TENS",3485.33333333333
"2022-10-12 00:00:00","Fondo ERRANO","T0","GUST",5.08595744680851
"2022-10-12 00:00:00","Fondo ERRANO","T0","WIND_DIRECTION",188.851063829787
"2022-10-12 00:00:00","Fondo ERRANO","T0","WIND_SPEED",2.84936170212766
"2022-10-12 00:00:00","Fondo ERRANO","T0","AIR_HUM",83.4791666666667
"2022-10-12 00:00:00","Fondo ERRANO","T0","BATTERY_TENS",3483.27659574468
"2022-10-12 00:00:00","Fondo ERRANO","T0","AIR_TEMP",16.5225
"2022-10-12 00:00:00","Fondo ERRANO","T0","SOLAR_RAD",135.405701754386
"2022-10-13 00:00:00","Fondo ERRANO","T0","GUST",4.81787234042553
"2022-10-13 00:00:00","Fondo ERRANO","T0","SOLAR_RAD",135.072788353864
"2022-10-13 00:00:00","Fondo ERRANO","T0","WIND_DIRECTION",205.63829787234
"2022-10-13 00:00:00","Fondo ERRANO","T0","WIND_SPEED",2.28255319148936
"2022-10-13 00:00:00","Fondo ERRANO","T0","AIR_HUM",83.3765957446809
"2022-10-13 00:00:00","Fondo ERRANO","T0","AIR_TEMP",16.5972340425532
"2022-10-13 00:00:00","Fondo ERRANO","T0","BATTERY_TENS",3482.42553191489
"2022-10-14 00:00:00","Fondo ERRANO","T0","WIND_SPEED",4.60421052631579
"2022-10-14 00:00:00","Fondo ERRANO","T0","BATTERY_TENS",3465.42105263158
"2022-10-14 00:00:00","Fondo ERRANO","T0","SOLAR_RAD",17.3684210526314
"2022-10-14 00:00:00","Fondo ERRANO","T0","AIR_TEMP",12.2194736842105
"2022-10-14 00:00:00","Fondo ERRANO","T0","WIND_DIRECTION",227.473684210526
"2022-10-14 00:00:00","Fondo ERRANO","T0","GUST",7.37052631578947
"2022-10-14 00:00:00","Fondo ERRANO","T0","AIR_HUM",89.6368421052632
"2023-04-28 00:00:00","Fondo Errano_T0_2023","T0","WIND_GUST_MAX",7.2525
"2023-04-28 00:00:00","Fondo Errano_T0_2023","T0","ET0",4.28911676493942
"2023-04-28 00:00:00","Fondo Errano_T0_2023","T0","BIG",-4.28911676493942
"2023-04-28 00:00:00","Fondo Errano_T0_2023","T0","SOLAR_RAD",370.778985507246
"2023-04-28 00:00:00","Fondo Errano_T0_2023","T0","AIR_TEMP",15.6254166666667
"2023-04-28 00:00:00","Fondo Errano_T0_2023","T0","BATTERY_TENS",3487.3125
"2023-04-28 00:00:00","Fondo Errano_T0_2023","T0","BIP",-37.0121136490477
"2023-04-28 00:00:00","Fondo Errano_T0_2023","T0","WIND_SPEED",4.305
"2023-04-28 00:00:00","Fondo Errano_T0_2023","T0","WIND_DIRECTION",175.4375
"2023-04-28 00:00:00","Fondo Errano_T0_2023","T0","AIR_HUM",71.8875
"2023-04-29 00:00:00","Fondo Errano_T0_2023","T0","AIR_HUM",78.8229166666667
"2023-04-29 00:00:00","Fondo Errano_T0_2023","T0","WIND_SPEED",3.075
"2023-04-29 00:00:00","Fondo Errano_T0_2023","T0","BATTERY_TENS",3487.75
"2023-04-29 00:00:00","Fondo Errano_T0_2023","T0","WINKLER_INDEX",6.65999999999999
"2023-04-29 00:00:00","Fondo Errano_T0_2023","T0","BIG",-1.37074613146623
"2023-04-29 00:00:00","Fondo Errano_T0_2023","T0","ET0",1.37074613146623
"2023-04-29 00:00:00","Fondo Errano_T0_2023","T0","WINKLER_INDEX_GROWTH",4131.06512246833
"2023-04-29 00:00:00","Fondo Errano_T0_2023","T0","AIR_TEMP",16.66
"2023-04-29 00:00:00","Fondo Errano_T0_2023","T0","WIND_GUST_MAX",5.655
"2023-04-29 00:00:00","Fondo Errano_T0_2023","T0","BIP",-38.382859780514
"2023-04-29 00:00:00","Fondo Errano_T0_2023","T0","SOLAR_RAD",167.590579710145
"2023-04-29 00:00:00","Fondo Errano_T0_2023","T0","WIND_DIRECTION",121.041666666667
"2023-04-30 00:00:00","Fondo Errano_T0_2023","T0","BIP",-40.2898643002369
"2023-04-30 00:00:00","Fondo Errano_T0_2023","T0","BIG",-1.90700451972294
"2023-04-30 00:00:00","Fondo Errano_T0_2023","T0","AIR_HUM",83.4729166666666
"2023-04-30 00:00:00","Fondo Errano_T0_2023","T0","WINKLER_INDEX_GROWTH",4136.81678913499
"2023-04-30 00:00:00","Fondo Errano_T0_2023","T0","WINKLER_INDEX",5.75166666666667
"2023-04-30 00:00:00","Fondo Errano_T0_2023","T0","BATTERY_TENS",3488.83333333333
"2023-04-30 00:00:00","Fondo Errano_T0_2023","T0","SOLAR_RAD",221.684782608696
"2023-04-30 00:00:00","Fondo Errano_T0_2023","T0","AIR_TEMP",15.7516666666667
"2023-04-30 00:00:00","Fondo Errano_T0_2023","T0","ET0",1.90700451972294
"2023-04-30 00:00:00","Fondo Errano_T0_2023","T0","WIND_GUST_MAX",6.0825
"2023-04-30 00:00:00","Fondo Errano_T0_2023","T0","WIND_DIRECTION",113.75
"2023-04-30 00:00:00","Fondo Errano_T0_2023","T0","WIND_SPEED",3.33
"2023-05-01 00:00:00","Fondo Errano_T0_2023","T0","BATTERY_TENS",3484.45833333333
"2023-05-01 00:00:00","Fondo Errano_T0_2023","T0","AIR_TEMP",13.8908333333333
"2023-05-01 00:00:00","Fondo Errano_T0_2023","T0","WIND_SPEED",3.8625
"2023-05-01 00:00:00","Fondo Errano_T0_2023","T0","ET0",0.852275743562466
"2023-05-01 00:00:00","Fondo Errano_T0_2023","T0","WIND_GUST_MAX",6.825
"2023-05-01 00:00:00","Fondo Errano_T0_2023","T0","BIG",26.1477242564375
"2023-05-01 00:00:00","Fondo Errano_T0_2023","T0","WINKLER_INDEX_GROWTH",4140.70762246833
"2023-05-01 00:00:00","Fondo Errano_T0_2023","T0","SOLAR_RAD",122.599637681159
"2023-05-01 00:00:00","Fondo Errano_T0_2023","T0","WIND_DIRECTION",108.541666666667
"2023-05-01 00:00:00","Fondo Errano_T0_2023","T0","AIR_HUM",88.7916666666667
"2023-05-01 00:00:00","Fondo Errano_T0_2023","T0","WINKLER_INDEX",3.89083333333333
"2023-05-01 00:00:00","Fondo Errano_T0_2023","T0","BIP",-14.1421400437994
"2023-05-02 00:00:00","Fondo Errano_T0_2023","T0","ET0",0.337633525871218
"2023-05-02 00:00:00","Fondo Errano_T0_2023","T0","WIND_DIRECTION",130.770833333333
"2023-05-02 00:00:00","Fondo Errano_T0_2023","T0","BIP",117.320226430329
"2023-05-02 00:00:00","Fondo Errano_T0_2023","T0","WINKLER_INDEX_GROWTH",4140.70762246833
"2023-05-02 00:00:00","Fondo Errano_T0_2023","T0","AIR_TEMP",7.37229166666667
"2023-05-02 00:00:00","Fondo Errano_T0_2023","T0","AIR_HUM",55.3375
"2023-05-02 00:00:00","Fondo Errano_T0_2023","T0","BIG",131.462366474129
"2023-05-02 00:00:00","Fondo Errano_T0_2023","T0","WIND_SPEED",9.3975
"2023-05-02 00:00:00","Fondo Errano_T0_2023","T0","WIND_GUST_MAX",14.715
"2023-05-02 00:00:00","Fondo Errano_T0_2023","T0","BATTERY_TENS",3472.25
"2023-05-02 00:00:00","Fondo Errano_T0_2023","T0","SOLAR_RAD",45.3623188405797
"2023-05-02 00:00:00","Fondo Errano_T0_2023","T0","WINKLER_INDEX",0
"2023-05-03 00:00:00","Fondo Errano_T0_2023","T0","WIND_GUST_MAX",7.5225
"2023-05-03 00:00:00","Fondo Errano_T0_2023","T0","WINKLER_INDEX_GROWTH",4140.70762246833
"2023-05-03 00:00:00","Fondo Errano_T0_2023","T0","ET0",0
"2023-05-03 00:00:00","Fondo Errano_T0_2023","T0","WIND_SPEED",4.0575
"2023-05-03 00:00:00","Fondo Errano_T0_2023","T0","SOLAR_RAD",53.4420289855072
"2023-05-03 00:00:00","Fondo Errano_T0_2023","T0","BATTERY_TENS",3470.33333333333
"2023-05-03 00:00:00","Fondo Errano_T0_2023","T0","WIND_DIRECTION",247.479166666667
"2023-05-03 00:00:00","Fondo Errano_T0_2023","T0","AIR_HUM",0
"2023-05-03 00:00:00","Fondo Errano_T0_2023","T0","WINKLER_INDEX",0
"2023-05-03 00:00:00","Fondo Errano_T0_2023","T0","BIG",20.8
"2023-05-03 00:00:00","Fondo Errano_T0_2023","T0","BIP",138.120226430329
"2023-05-03 00:00:00","Fondo Errano_T0_2023","T0","AIR_TEMP",0
"2023-05-04 00:00:00","Fondo Errano_T0_2023","T0","AIR_HUM",49.2916666666667
"2023-05-04 00:00:00","Fondo Errano_T0_2023","T0","ET0",2.90664103175921
"2023-05-04 00:00:00","Fondo Errano_T0_2023","T0","BIG",-2.90664103175921
"2023-05-04 00:00:00","Fondo Errano_T0_2023","T0","WIND_DIRECTION",156.416666666667
"2023-05-04 00:00:00","Fondo Errano_T0_2023","T0","BIP",135.21358539857
"2023-05-04 00:00:00","Fondo Errano_T0_2023","T0","BATTERY_TENS",3483.5
"2023-05-04 00:00:00","Fondo Errano_T0_2023","T0","WIND_SPEED",3.4275
"2023-05-04 00:00:00","Fondo Errano_T0_2023","T0","SOLAR_RAD",242.920604914934
"2023-05-04 00:00:00","Fondo Errano_T0_2023","T0","AIR_TEMP",13.0236170212766
"2023-05-04 00:00:00","Fondo Errano_T0_2023","T0","WIND_GUST_MAX",6.21
"2023-05-05 00:00:00","Fondo Errano_T0_2023","T0","WIND_DIRECTION",142.979166666667
"2023-05-05 00:00:00","Fondo Errano_T0_2023","T0","AIR_TEMP",17.574375
"2023-05-05 00:00:00","Fondo Errano_T0_2023","T0","BIG",-3.97198191379529
"2023-05-05 00:00:00","Fondo Errano_T0_2023","T0","WIND_SPEED",3.9975
"2023-05-05 00:00:00","Fondo Errano_T0_2023","T0","WIND_GUST_MAX",6.9975
"2023-05-05 00:00:00","Fondo Errano_T0_2023","T0","AIR_HUM",72.9729166666666
"2023-05-05 00:00:00","Fondo Errano_T0_2023","T0","ET0",3.97198191379529
"2023-05-05 00:00:00","Fondo Errano_T0_2023","T0","SOLAR_RAD",360.840579710145
"2023-05-05 00:00:00","Fondo Errano_T0_2023","T0","BATTERY_TENS",3492.70833333333
"2023-05-05 00:00:00","Fondo Errano_T0_2023","T0","BIP",131.241603484775
"2023-05-06 00:00:00","Fondo Errano_T0_2023","T0","AIR_TEMP",19.3397916666667
"2023-05-06 00:00:00","Fondo Errano_T0_2023","T0","AIR_HUM",70.93125
"2023-05-06 00:00:00","Fondo Errano_T0_2023","T0","ET0",4.25009281254843
"2023-05-06 00:00:00","Fondo Errano_T0_2023","T0","WIND_SPEED",4.395
"2023-05-06 00:00:00","Fondo Errano_T0_2023","T0","SOLAR_RAD",365.822306238185
"2023-05-06 00:00:00","Fondo Errano_T0_2023","T0","WIND_DIRECTION",143.208333333333
"2023-05-06 00:00:00","Fondo Errano_T0_2023","T0","BATTERY_TENS",3497.54166666667
"2023-05-06 00:00:00","Fondo Errano_T0_2023","T0","BIG",-4.25009281254843
"2023-05-06 00:00:00","Fondo Errano_T0_2023","T0","BIP",126.991510672226
"2023-05-06 00:00:00","Fondo Errano_T0_2023","T0","WIND_GUST_MAX",7.155
"2023-05-07 00:00:00","Fondo Errano_T0_2023","T0","BATTERY_TENS",3498.10416666667
"2023-05-07 00:00:00","Fondo Errano_T0_2023","T0","BIP",121.917104207235
"2023-05-07 00:00:00","Fondo Errano_T0_2023","T0","WIND_DIRECTION",147.416666666667
"2023-05-07 00:00:00","Fondo Errano_T0_2023","T0","WIND_GUST_MAX",6.2775
"2023-05-07 00:00:00","Fondo Errano_T0_2023","T0","WIND_SPEED",3.3225
"2023-05-07 00:00:00","Fondo Errano_T0_2023","T0","AIR_HUM",70.4166666666667
"2023-05-07 00:00:00","Fondo Errano_T0_2023","T0","BIG",-5.07440646499121
"2023-05-07 00:00:00","Fondo Errano_T0_2023","T0","SOLAR_RAD",412.463768115942
"2023-05-07 00:00:00","Fondo Errano_T0_2023","T0","ET0",5.07440646499121
"2023-05-07 00:00:00","Fondo Errano_T0_2023","T0","AIR_TEMP",19.7610416666667
"2023-05-08 00:00:00","Fondo Errano_T0_2023","T0","WIND_GUST_MAX",5.13
"2023-05-08 00:00:00","Fondo Errano_T0_2023","T0","AIR_TEMP",16.7191666666667
"2023-05-08 00:00:00","Fondo Errano_T0_2023","T0","WIND_DIRECTION",204.416666666667
"2023-05-08 00:00:00","Fondo Errano_T0_2023","T0","BIP",120.495192307903
"2023-05-08 00:00:00","Fondo Errano_T0_2023","T0","SOLAR_RAD",155.099637681159
"2023-05-08 00:00:00","Fondo Errano_T0_2023","T0","ET0",1.42191189933222
"2023-05-08 00:00:00","Fondo Errano_T0_2023","T0","WIND_SPEED",2.4375
"2023-05-08 00:00:00","Fondo Errano_T0_2023","T0","BATTERY_TENS",3487.89583333333
"2023-05-08 00:00:00","Fondo Errano_T0_2023","T0","BIG",-1.42191189933222
"2023-05-08 00:00:00","Fondo Errano_T0_2023","T0","AIR_HUM",82.8
"2023-05-09 00:00:00","Fondo Errano_T0_2023","T0","BATTERY_TENS",3486.8125
"2023-05-09 00:00:00","Fondo Errano_T0_2023","T0","AIR_TEMP",16.82
"2023-05-09 00:00:00","Fondo Errano_T0_2023","T0","WIND_SPEED",4.2675
"2023-05-09 00:00:00","Fondo Errano_T0_2023","T0","WIND_GUST_MAX",7.395
"2023-05-09 00:00:00","Fondo Errano_T0_2023","T0","BIG",-2.2718081113161
"2023-05-09 00:00:00","Fondo Errano_T0_2023","T0","SOLAR_RAD",266.838768115942
"2023-05-09 00:00:00","Fondo Errano_T0_2023","T0","WIND_DIRECTION",142.729166666667
"2023-05-09 00:00:00","Fondo Errano_T0_2023","T0","BIP",118.223384196587
"2023-05-09 00:00:00","Fondo Errano_T0_2023","T0","AIR_HUM",80.58125
"2023-05-09 00:00:00","Fondo Errano_T0_2023","T0","ET0",2.2718081113161
"2023-05-10 00:00:00","Fondo Errano_T0_2023","T0","AIR_HUM",94.0645833333333
"2023-05-10 00:00:00","Fondo Errano_T0_2023","T0","WIND_DIRECTION",204.479166666667
"2023-05-10 00:00:00","Fondo Errano_T0_2023","T0","ET0",0.512328456920467
"2023-05-10 00:00:00","Fondo Errano_T0_2023","T0","WIND_GUST_MAX",6.435
"2023-05-10 00:00:00","Fondo Errano_T0_2023","T0","BIG",29.4876715430795
"2023-05-10 00:00:00","Fondo Errano_T0_2023","T0","BIP",147.711055739666
"2023-05-10 00:00:00","Fondo Errano_T0_2023","T0","BATTERY_TENS",3472.97916666667
"2023-05-10 00:00:00","Fondo Errano_T0_2023","T0","SOLAR_RAD",96.0144927536232
"2023-05-10 00:00:00","Fondo Errano_T0_2023","T0","AIR_TEMP",13.7547916666667
"2023-05-10 00:00:00","Fondo Errano_T0_2023","T0","WIND_SPEED",3.75
"2023-05-11 00:00:00","Fondo Errano_T0_2023","T0","BIG",-1.28719747542257
"2023-05-11 00:00:00","Fondo Errano_T0_2023","T0","BATTERY_TENS",3473.12244897959
"2023-05-11 00:00:00","Fondo Errano_T0_2023","T0","ET0",1.68719747542257
"2023-05-11 00:00:00","Fondo Errano_T0_2023","T0","WIND_GUST_MAX",9.92571428571429
"2023-05-11 00:00:00","Fondo Errano_T0_2023","T0","WIND_DIRECTION",241.530612244898
"2023-05-11 00:00:00","Fondo Errano_T0_2023","T0","BIP",146.423858264244
"2023-05-11 00:00:00","Fondo Errano_T0_2023","T0","AIR_HUM",84.4040816326531
"2023-05-11 00:00:00","Fondo Errano_T0_2023","T0","WIND_SPEED",6.49469387755102
"2023-05-11 00:00:00","Fondo Errano_T0_2023","T0","AIR_TEMP",14.5355102040816
"2023-05-11 00:00:00","Fondo Errano_T0_2023","T0","SOLAR_RAD",236.450754214729
"2023-05-12 00:00:00","Fondo Errano_T0_2023","T0","BATTERY_TENS",3476.875
"2023-05-12 00:00:00","Fondo Errano_T0_2023","T0","BIP",149.064979880259
"2023-05-12 00:00:00","Fondo Errano_T0_2023","T0","WIND_DIRECTION",171.041666666667
"2023-05-12 00:00:00","Fondo Errano_T0_2023","T0","SOLAR_RAD",168.497164461248
"2023-05-12 00:00:00","Fondo Errano_T0_2023","T0","AIR_TEMP",13.6277083333333
"2023-05-12 00:00:00","Fondo Errano_T0_2023","T0","ET0",1.35887838398448
"2023-05-12 00:00:00","Fondo Errano_T0_2023","T0","BIG",2.64112161601552
"2023-05-12 00:00:00","Fondo Errano_T0_2023","T0","AIR_HUM",86.9270833333334
"2023-05-12 00:00:00","Fondo Errano_T0_2023","T0","WIND_SPEED",2.5575
"2023-05-12 00:00:00","Fondo Errano_T0_2023","T0","WIND_GUST_MAX",5.4375
"2023-05-13 00:00:00","Fondo Errano_T0_2023","T0","AIR_TEMP",13.7397916666667
"2023-05-13 00:00:00","Fondo Errano_T0_2023","T0","BIG",-1.81392209638779
"2023-05-13 00:00:00","Fondo Errano_T0_2023","T0","WIND_GUST_MAX",5.01
"2023-05-13 00:00:00","Fondo Errano_T0_2023","T0","AIR_HUM",85.0625
"2023-05-13 00:00:00","Fondo Errano_T0_2023","T0","BIP",147.251057783872
"2023-05-13 00:00:00","Fondo Errano_T0_2023","T0","BATTERY_TENS",3483.1875
"2023-05-13 00:00:00","Fondo Errano_T0_2023","T0","WIND_DIRECTION",198.770833333333
"2023-05-13 00:00:00","Fondo Errano_T0_2023","T0","ET0",1.81392209638779
"2023-05-13 00:00:00","Fondo Errano_T0_2023","T0","WIND_SPEED",2.4075
"2023-05-13 00:00:00","Fondo Errano_T0_2023","T0","SOLAR_RAD",203.251811594203
"2023-05-14 00:00:00","Fondo Errano_T0_2023","T0","BIG",19.81564280277
"2023-05-14 00:00:00","Fondo Errano_T0_2023","T0","ET0",0.584357197230034
"2023-05-14 00:00:00","Fondo Errano_T0_2023","T0","WIND_SPEED",1.965
"2023-05-14 00:00:00","Fondo Errano_T0_2023","T0","BIP",167.066700586642
"2023-05-14 00:00:00","Fondo Errano_T0_2023","T0","BATTERY_TENS",3477.58333333333
"2023-05-14 00:00:00","Fondo Errano_T0_2023","T0","WIND_DIRECTION",245.125
"2023-05-14 00:00:00","Fondo Errano_T0_2023","T0","AIR_TEMP",13.1758333333333
"2023-05-14 00:00:00","Fondo Errano_T0_2023","T0","AIR_HUM",92.98125
"2023-05-14 00:00:00","Fondo Errano_T0_2023","T0","WIND_GUST_MAX",4.5675
"2023-05-14 00:00:00","Fondo Errano_T0_2023","T0","SOLAR_RAD",111.050724637681
"2023-05-15 00:00:00","Fondo Errano_T0_2023","T0","AIR_HUM",80.5333333333333
"2023-05-15 00:00:00","Fondo Errano_T0_2023","T0","WIND_SPEED",3.615
"2023-05-15 00:00:00","Fondo Errano_T0_2023","T0","WIND_DIRECTION",157.291666666667
"2023-05-15 00:00:00","Fondo Errano_T0_2023","T0","BIG",-2.57201945354475
"2023-05-15 00:00:00","Fondo Errano_T0_2023","T0","AIR_TEMP",15.5279166666667
"2023-05-15 00:00:00","Fondo Errano_T0_2023","T0","BIP",164.494681133097
"2023-05-15 00:00:00","Fondo Errano_T0_2023","T0","WIND_GUST_MAX",6.5175
"2023-05-15 00:00:00","Fondo Errano_T0_2023","T0","ET0",2.77201945354475
"2023-05-15 00:00:00","Fondo Errano_T0_2023","T0","BATTERY_TENS",3469.25
"2023-05-15 00:00:00","Fondo Errano_T0_2023","T0","SOLAR_RAD",319.851988899168
"2023-05-16 00:00:00","Fondo Errano_T0_2023","T0","AIR_HUM",94.8354166666667
"2023-05-16 00:00:00","Fondo Errano_T0_2023","T0","AIR_TEMP",12.7535416666667
"2023-05-16 00:00:00","Fondo Errano_T0_2023","T0","ET0",0.157985451134758
"2023-05-16 00:00:00","Fondo Errano_T0_2023","T0","BIP",213.536695681962
"2023-05-16 00:00:00","Fondo Errano_T0_2023","T0","BIG",49.0420145488652
"2023-05-16 00:00:00","Fondo Errano_T0_2023","T0","BATTERY_TENS",3471.97872340426
"2023-05-16 00:00:00","Fondo Errano_T0_2023","T0","WIND_DIRECTION",207.531914893617
"2023-05-16 00:00:00","Fondo Errano_T0_2023","T0","WIND_GUST_MAX",13.9787234042553
"2023-05-16 00:00:00","Fondo Errano_T0_2023","T0","WIND_SPEED",8.78553191489362
"2023-05-16 00:00:00","Fondo Errano_T0_2023","T0","SOLAR_RAD",39.1032608695652
"2023-05-17 00:00:00","Fondo Errano_T0_2023","T0","AIR_HUM",90.25
"2023-05-17 00:00:00","Fondo Errano_T0_2023","T0","WIND_GUST_MAX",9.00878048780488
"2023-05-17 00:00:00","Fondo Errano_T0_2023","T0","BATTERY_TENS",3483.39024390244
"2023-05-17 00:00:00","Fondo Errano_T0_2023","T0","AIR_TEMP",14.825
"2023-05-17 00:00:00","Fondo Errano_T0_2023","T0","BIG",11.2555881382911
"2023-05-17 00:00:00","Fondo Errano_T0_2023","T0","WIND_DIRECTION",146.243902439024
"2023-05-17 00:00:00","Fondo Errano_T0_2023","T0","SOLAR_RAD",164.691075514874
"2023-05-17 00:00:00","Fondo Errano_T0_2023","T0","BIP",224.792283820253
"2023-05-17 00:00:00","Fondo Errano_T0_2023","T0","ET0",0.944411861708884
"2023-05-17 00:00:00","Fondo Errano_T0_2023","T0","WIND_SPEED",5.57560975609756
"2023-05-18 00:00:00","Fondo Errano_T0_2023","T0","SOLAR_RAD",231.69384057971
"2023-05-18 00:00:00","Fondo Errano_T0_2023","T0","ET0",1.86757098777521
"2023-05-18 00:00:00","Fondo Errano_T0_2023","T0","BIG",-1.86757098777521
"2023-05-18 00:00:00","Fondo Errano_T0_2023","T0","AIR_TEMP",15.4872916666667
"2023-05-18 00:00:00","Fondo Errano_T0_2023","T0","WINKLER_INDEX",5.48729166666667
"2023-05-18 00:00:00","Fondo Errano_T0_2023","T0","BIP",222.924712832478
"2023-05-18 00:00:00","Fondo Errano_T0_2023","T0","BATTERY_TENS",3485.1875
"2023-05-18 00:00:00","Fondo Errano_T0_2023","T0","WIND_GUST_MAX",5.3025
"2023-05-18 00:00:00","Fondo Errano_T0_2023","T0","AIR_HUM",77.0125
"2023-05-18 00:00:00","Fondo Errano_T0_2023","T0","WIND_DIRECTION",122.0625
"2023-05-18 00:00:00","Fondo Errano_T0_2023","T0","WIND_SPEED",3.2775
"2023-05-18 00:00:00","Fondo Errano_T0_2023","T0","WINKLER_INDEX_GROWTH",4220.84757416177
"2023-05-19 00:00:00","Fondo Errano_T0_2023","T0","AIR_TEMP",13.3627083333333
"2023-05-19 00:00:00","Fondo Errano_T0_2023","T0","BIP",232.361247466702
"2023-05-19 00:00:00","Fondo Errano_T0_2023","T0","BATTERY_TENS",3477.33333333333
"2023-05-19 00:00:00","Fondo Errano_T0_2023","T0","WIND_GUST_MAX",3.57
"2023-05-19 00:00:00","Fondo Errano_T0_2023","T0","AIR_HUM",92.9270833333334
"2023-05-19 00:00:00","Fondo Errano_T0_2023","T0","BIG",9.43653463422399
"2023-05-19 00:00:00","Fondo Errano_T0_2023","T0","SOLAR_RAD",67.2192028985507
"2023-05-19 00:00:00","Fondo Errano_T0_2023","T0","WINKLER_INDEX",3.36270833333333
"2023-05-19 00:00:00","Fondo Errano_T0_2023","T0","WINKLER_INDEX_GROWTH",4224.2102824951
"2023-05-19 00:00:00","Fondo Errano_T0_2023","T0","WIND_SPEED",1.665
"2023-05-19 00:00:00","Fondo Errano_T0_2023","T0","WIND_DIRECTION",158.583333333333
"2023-05-19 00:00:00","Fondo Errano_T0_2023","T0","ET0",0.363465365776015
"2023-05-20 00:00:00","Fondo Errano_T0_2023","T0","AIR_HUM",94.8354166666666
"2023-05-20 00:00:00","Fondo Errano_T0_2023","T0","WINKLER_INDEX_GROWTH",4229.10924082844
"2023-05-20 00:00:00","Fondo Errano_T0_2023","T0","BIP",237.261587090575
"2023-05-20 00:00:00","Fondo Errano_T0_2023","T0","WIND_DIRECTION",161.458333333333
"2023-05-20 00:00:00","Fondo Errano_T0_2023","T0","WIND_SPEED",1.1925
"2023-05-20 00:00:00","Fondo Errano_T0_2023","T0","WIND_GUST_MAX",3.3975
"2023-05-20 00:00:00","Fondo Errano_T0_2023","T0","AIR_TEMP",14.8989583333333
"2023-05-20 00:00:00","Fondo Errano_T0_2023","T0","ET0",0.499660376126556
"2023-05-20 00:00:00","Fondo Errano_T0_2023","T0","BIG",4.90033962387344
"2023-05-20 00:00:00","Fondo Errano_T0_2023","T0","WINKLER_INDEX",4.89895833333334
"2023-05-20 00:00:00","Fondo Errano_T0_2023","T0","SOLAR_RAD",90.8876811594203
"2023-05-20 00:00:00","Fondo Errano_T0_2023","T0","BATTERY_TENS",3479.70833333333
"2023-05-21 00:00:00","Fondo Errano_T0_2023","T0","SOLAR_RAD",334.026465028355
"2023-05-21 00:00:00","Fondo Errano_T0_2023","T0","BIG",-3.54796423275246
"2023-05-21 00:00:00","Fondo Errano_T0_2023","T0","AIR_TEMP",19.0977083333333
"2023-05-21 00:00:00","Fondo Errano_T0_2023","T0","WIND_GUST_MAX",6.465
"2023-05-21 00:00:00","Fondo Errano_T0_2023","T0","WINKLER_INDEX_GROWTH",4238.20694916177
"2023-05-21 00:00:00","Fondo Errano_T0_2023","T0","WINKLER_INDEX",9.09770833333333
"2023-05-21 00:00:00","Fondo Errano_T0_2023","T0","AIR_HUM",78.9604166666667
"2023-05-21 00:00:00","Fondo Errano_T0_2023","T0","BIP",233.713622857823
"2023-05-21 00:00:00","Fondo Errano_T0_2023","T0","BATTERY_TENS",3480.04166666667
"2023-05-21 00:00:00","Fondo Errano_T0_2023","T0","WIND_SPEED",4.1025
"2023-05-21 00:00:00","Fondo Errano_T0_2023","T0","WIND_DIRECTION",197.708333333333
"2023-05-21 00:00:00","Fondo Errano_T0_2023","T0","ET0",3.54796423275246
"2023-05-22 00:00:00","Fondo Errano_T0_2023","T0","WIND_DIRECTION",187.708333333333
"2023-05-22 00:00:00","Fondo Errano_T0_2023","T0","BIG",-4.10898147555628
"2023-05-22 00:00:00","Fondo Errano_T0_2023","T0","WINKLER_INDEX_GROWTH",4248.45444916177
"2023-05-22 00:00:00","Fondo Errano_T0_2023","T0","SOLAR_RAD",349.92270531401
"2023-05-22 00:00:00","Fondo Errano_T0_2023","T0","BIP",229.604641382267
"2023-05-22 00:00:00","Fondo Errano_T0_2023","T0","WINKLER_INDEX",10.2475
"2023-05-22 00:00:00","Fondo Errano_T0_2023","T0","WIND_GUST_MAX",7.26
"2023-05-22 00:00:00","Fondo Errano_T0_2023","T0","WIND_SPEED",4.8675
"2023-05-22 00:00:00","Fondo Errano_T0_2023","T0","AIR_TEMP",20.2475
"2023-05-22 00:00:00","Fondo Errano_T0_2023","T0","AIR_HUM",72.5458333333333
"2023-05-22 00:00:00","Fondo Errano_T0_2023","T0","ET0",4.10898147555628
"2023-05-22 00:00:00","Fondo Errano_T0_2023","T0","BATTERY_TENS",3471.54166666667
"2023-05-23 00:00:00","Fondo Errano_T0_2023","T0","SOLAR_RAD",381.383399209486
"2023-05-23 00:00:00","Fondo Errano_T0_2023","T0","AIR_HUM",65.2127659574468
"2023-05-23 00:00:00","Fondo Errano_T0_2023","T0","AIR_TEMP",21.8676595744681
"2023-05-23 00:00:00","Fondo Errano_T0_2023","T0","BIG",-4.95964951974714
"2023-05-23 00:00:00","Fondo Errano_T0_2023","T0","BATTERY_TENS",3467.89583333333
"2023-05-23 00:00:00","Fondo Errano_T0_2023","T0","WINKLER_INDEX",11.8676595744681
"2023-05-23 00:00:00","Fondo Errano_T0_2023","T0","WIND_DIRECTION",172.833333333333
"2023-05-23 00:00:00","Fondo Errano_T0_2023","T0","BIP",224.644991862519
"2023-05-23 00:00:00","Fondo Errano_T0_2023","T0","WIND_SPEED",4.74
"2023-05-23 00:00:00","Fondo Errano_T0_2023","T0","ET0",4.95964951974714
"2023-05-23 00:00:00","Fondo Errano_T0_2023","T0","WIND_GUST_MAX",8.2725
"2023-05-23 00:00:00","Fondo Errano_T0_2023","T0","WINKLER_INDEX_GROWTH",4260.32210873624
"2023-05-24 00:00:00","Fondo Errano_T0_2023","T0","WIND_GUST_MAX",6.7275
"2023-05-24 00:00:00","Fondo Errano_T0_2023","T0","WIND_DIRECTION",184.291666666667
"2023-05-24 00:00:00","Fondo Errano_T0_2023","T0","BIG",-2.84925930322673
"2023-05-24 00:00:00","Fondo Errano_T0_2023","T0","WIND_SPEED",3.5475
"2023-05-24 00:00:00","Fondo Errano_T0_2023","T0","ET0",2.84925930322673
"2023-05-24 00:00:00","Fondo Errano_T0_2023","T0","BIP",221.795732559293
"2023-05-24 00:00:00","Fondo Errano_T0_2023","T0","BATTERY_TENS",3464.8125
"2023-05-24 00:00:00","Fondo Errano_T0_2023","T0","SOLAR_RAD",254.308300395257
"2023-05-24 00:00:00","Fondo Errano_T0_2023","T0","AIR_TEMP",20.6127659574468
"2023-05-24 00:00:00","Fondo Errano_T0_2023","T0","AIR_HUM",70.6574468085106
"2023-05-25 00:00:00","Fondo Errano_T0_2023","T0","AIR_HUM",79.76875
"2023-05-25 00:00:00","Fondo Errano_T0_2023","T0","SOLAR_RAD",264.302536231884
"2023-05-25 00:00:00","Fondo Errano_T0_2023","T0","BIG",0.728981158291704
"2023-05-25 00:00:00","Fondo Errano_T0_2023","T0","AIR_TEMP",19.361875
"2023-05-25 00:00:00","Fondo Errano_T0_2023","T0","ET0",2.6710188417083
"2023-05-25 00:00:00","Fondo Errano_T0_2023","T0","BIP",222.524713717584
"2023-05-25 00:00:00","Fondo Errano_T0_2023","T0","WIND_GUST_MAX",6.075
"2023-05-25 00:00:00","Fondo Errano_T0_2023","T0","WIND_DIRECTION",199.020833333333
"2023-05-25 00:00:00","Fondo Errano_T0_2023","T0","WIND_SPEED",3.36
"2023-05-25 00:00:00","Fondo Errano_T0_2023","T0","BATTERY_TENS",3474.20833333333
"2023-05-26 00:00:00","Fondo Errano_T0_2023","T0","WIND_GUST_MAX",7.12340425531915
"2023-05-26 00:00:00","Fondo Errano_T0_2023","T0","AIR_TEMP",21.681875
"2023-05-26 00:00:00","Fondo Errano_T0_2023","T0","BATTERY_TENS",3487.14893617021
"2023-05-26 00:00:00","Fondo Errano_T0_2023","T0","WIND_DIRECTION",203.659574468085
"2023-05-26 00:00:00","Fondo Errano_T0_2023","T0","BIG",-4.5635647647928
"2023-05-26 00:00:00","Fondo Errano_T0_2023","T0","AIR_HUM",71.9145833333333
"2023-05-26 00:00:00","Fondo Errano_T0_2023","T0","WIND_SPEED",4.46553191489362
"2023-05-26 00:00:00","Fondo Errano_T0_2023","T0","BIP",217.961148952792
"2023-05-26 00:00:00","Fondo Errano_T0_2023","T0","ET0",4.5635647647928
"2023-05-26 00:00:00","Fondo Errano_T0_2023","T0","SOLAR_RAD",363.636363636364
"2023-05-27 00:00:00","Fondo Errano_T0_2023","T0","WIND_DIRECTION",145.291666666667
"2023-05-27 00:00:00","Fondo Errano_T0_2023","T0","ET0",4.23201350950633
"2023-05-27 00:00:00","Fondo Errano_T0_2023","T0","WIND_SPEED",4.0125
"2023-05-27 00:00:00","Fondo Errano_T0_2023","T0","BIP",213.729135443285
"2023-05-27 00:00:00","Fondo Errano_T0_2023","T0","SOLAR_RAD",381.400966183575
"2023-05-27 00:00:00","Fondo Errano_T0_2023","T0","WIND_GUST_MAX",6.9825
"2023-05-27 00:00:00","Fondo Errano_T0_2023","T0","BATTERY_TENS",3487.5625
"2023-05-27 00:00:00","Fondo Errano_T0_2023","T0","AIR_HUM",70.2520833333333
"2023-05-27 00:00:00","Fondo Errano_T0_2023","T0","BIG",-4.23201350950633
"2023-05-27 00:00:00","Fondo Errano_T0_2023","T0","AIR_TEMP",20.7854166666667
"2023-05-28 00:00:00","Fondo Errano_T0_2023","T0","AIR_HUM",65.9479166666667
"2023-05-28 00:00:00","Fondo Errano_T0_2023","T0","WIND_DIRECTION",160.479166666667
"2023-05-28 00:00:00","Fondo Errano_T0_2023","T0","ET0",4.55728921284606
"2023-05-28 00:00:00","Fondo Errano_T0_2023","T0","AIR_TEMP",20.52375
"2023-05-28 00:00:00","Fondo Errano_T0_2023","T0","WIND_SPEED",3.63
"2023-05-28 00:00:00","Fondo Errano_T0_2023","T0","BATTERY_TENS",3473.52083333333
"2023-05-28 00:00:00","Fondo Errano_T0_2023","T0","WIND_GUST_MAX",6.7425
"2023-05-28 00:00:00","Fondo Errano_T0_2023","T0","BIG",-4.55728921284606
"2023-05-28 00:00:00","Fondo Errano_T0_2023","T0","SOLAR_RAD",367.826086956522
"2023-05-28 00:00:00","Fondo Errano_T0_2023","T0","BIP",209.171846230439
"2023-05-29 00:00:00","Fondo Errano_T0_2023","T0","ET0",4.0544919397015
"2023-05-29 00:00:00","Fondo Errano_T0_2023","T0","WIND_DIRECTION",167.3125
"2023-05-29 00:00:00","Fondo Errano_T0_2023","T0","BIG",-4.0544919397015
"2023-05-29 00:00:00","Fondo Errano_T0_2023","T0","BIP",205.117354290738
"2023-05-29 00:00:00","Fondo Errano_T0_2023","T0","WIND_SPEED",3.885
"2023-05-29 00:00:00","Fondo Errano_T0_2023","T0","BATTERY_TENS",3462.72916666667
"2023-05-29 00:00:00","Fondo Errano_T0_2023","T0","AIR_TEMP",20.611875
"2023-05-29 00:00:00","Fondo Errano_T0_2023","T0","WIND_GUST_MAX",6.96
"2023-05-29 00:00:00","Fondo Errano_T0_2023","T0","SOLAR_RAD",358.251618871415
"2023-05-29 00:00:00","Fondo Errano_T0_2023","T0","AIR_HUM",70.0291666666667
"2023-05-30 00:00:00","Fondo Errano_T0_2023","T0","BIP",201.166424426651
"2023-05-30 00:00:00","Fondo Errano_T0_2023","T0","WIND_GUST_MAX",7.725
"2023-05-30 00:00:00","Fondo Errano_T0_2023","T0","SOLAR_RAD",356.022201665125
"2023-05-30 00:00:00","Fondo Errano_T0_2023","T0","AIR_TEMP",20.4039583333333
"2023-05-30 00:00:00","Fondo Errano_T0_2023","T0","ET0",3.95092986408674
"2023-05-30 00:00:00","Fondo Errano_T0_2023","T0","BIG",-3.95092986408674
"2023-05-30 00:00:00","Fondo Errano_T0_2023","T0","WIND_SPEED",4.9275
"2023-05-30 00:00:00","Fondo Errano_T0_2023","T0","WIND_DIRECTION",164.729166666667
"2023-05-30 00:00:00","Fondo Errano_T0_2023","T0","BATTERY_TENS",3458.85416666667
"2023-05-30 00:00:00","Fondo Errano_T0_2023","T0","AIR_HUM",70.2666666666667
"2023-05-31 00:00:00","Fondo Errano_T0_2023","T0","AIR_TEMP",19.9091666666667
"2023-05-31 00:00:00","Fondo Errano_T0_2023","T0","BATTERY_TENS",3453.85416666667
"2023-05-31 00:00:00","Fondo Errano_T0_2023","T0","SOLAR_RAD",342.395929694727
"2023-05-31 00:00:00","Fondo Errano_T0_2023","T0","BIP",197.618560891823
"2023-05-31 00:00:00","Fondo Errano_T0_2023","T0","WIND_DIRECTION",160.708333333333
"2023-05-31 00:00:00","Fondo Errano_T0_2023","T0","AIR_HUM",72.91875
"2023-05-31 00:00:00","Fondo Errano_T0_2023","T0","BIG",-3.54786353482837
"2023-05-31 00:00:00","Fondo Errano_T0_2023","T0","ET0",3.54786353482837
"2023-05-31 00:00:00","Fondo Errano_T0_2023","T0","WIND_SPEED",3.675
"2023-05-31 00:00:00","Fondo Errano_T0_2023","T0","WIND_GUST_MAX",6.525
"2023-06-01 00:00:00","Fondo Errano_T0_2023","T0","ET0",3.89257815831206
"2023-06-01 00:00:00","Fondo Errano_T0_2023","T0","SOLAR_RAD",316.304347826087
"2023-06-01 00:00:00","Fondo Errano_T0_2023","T0","AIR_HUM",69.1395833333333
"2023-06-01 00:00:00","Fondo Errano_T0_2023","T0","WIND_DIRECTION",186.416666666667
"2023-06-01 00:00:00","Fondo Errano_T0_2023","T0","WIND_SPEED",3.4125
"2023-06-01 00:00:00","Fondo Errano_T0_2023","T0","BIP",193.725982733511
"2023-06-01 00:00:00","Fondo Errano_T0_2023","T0","BIG",-3.89257815831206
"2023-06-01 00:00:00","Fondo Errano_T0_2023","T0","WIND_GUST_MAX",6.4275
"2023-06-01 00:00:00","Fondo Errano_T0_2023","T0","BATTERY_TENS",3460.66666666667
"2023-06-01 00:00:00","Fondo Errano_T0_2023","T0","AIR_TEMP",20.9189583333333
"2023-06-02 00:00:00","Fondo Errano_T0_2023","T0","AIR_HUM",65.6708333333333
"2023-06-02 00:00:00","Fondo Errano_T0_2023","T0","WIND_DIRECTION",195.791666666667
"2023-06-02 00:00:00","Fondo Errano_T0_2023","T0","WIND_GUST_MAX",7.065
"2023-06-02 00:00:00","Fondo Errano_T0_2023","T0","BATTERY_TENS",3465.70833333333
"2023-06-02 00:00:00","Fondo Errano_T0_2023","T0","BIG",-3.66643406701945
"2023-06-02 00:00:00","Fondo Errano_T0_2023","T0","ET0",3.66643406701945
"2023-06-02 00:00:00","Fondo Errano_T0_2023","T0","WIND_SPEED",3.9075
"2023-06-02 00:00:00","Fondo Errano_T0_2023","T0","AIR_TEMP",21.743125
"2023-06-02 00:00:00","Fondo Errano_T0_2023","T0","BIP",190.059548666491
"2023-06-02 00:00:00","Fondo Errano_T0_2023","T0","SOLAR_RAD",302.309178743961
"2023-06-03 00:00:00","Fondo Errano_T0_2023","T0","BIP",186.542110147818
"2023-06-03 00:00:00","Fondo Errano_T0_2023","T0","WIND_DIRECTION",218.020833333333
"2023-06-03 00:00:00","Fondo Errano_T0_2023","T0","AIR_HUM",71.3645833333333
"2023-06-03 00:00:00","Fondo Errano_T0_2023","T0","AIR_TEMP",21.1558333333333
"2023-06-03 00:00:00","Fondo Errano_T0_2023","T0","WIND_GUST_MAX",6.4875
"2023-06-03 00:00:00","Fondo Errano_T0_2023","T0","SOLAR_RAD",325.494912118409
"2023-06-03 00:00:00","Fondo Errano_T0_2023","T0","BATTERY_TENS",3465.29166666667
"2023-06-03 00:00:00","Fondo Errano_T0_2023","T0","WIND_SPEED",3.5925
"2023-06-03 00:00:00","Fondo Errano_T0_2023","T0","ET0",3.51743851867307
"2023-06-03 00:00:00","Fondo Errano_T0_2023","T0","BIG",-3.51743851867307
"2023-06-04 00:00:00","Fondo Errano_T0_2023","T0","AIR_HUM",78.3541666666667
"2023-06-04 00:00:00","Fondo Errano_T0_2023","T0","WIND_GUST_MAX",5.88
"2023-06-04 00:00:00","Fondo Errano_T0_2023","T0","ET0",3.29014400621087
"2023-06-04 00:00:00","Fondo Errano_T0_2023","T0","WIND_DIRECTION",176.729166666667
"2023-06-04 00:00:00","Fondo Errano_T0_2023","T0","BIP",185.051966141607
"2023-06-04 00:00:00","Fondo Errano_T0_2023","T0","SOLAR_RAD",292.7289546716
"2023-06-04 00:00:00","Fondo Errano_T0_2023","T0","BATTERY_TENS",3460.1875
"2023-06-04 00:00:00","Fondo Errano_T0_2023","T0","BIG",-1.49014400621087
"2023-06-04 00:00:00","Fondo Errano_T0_2023","T0","WIND_SPEED",2.7075
"2023-06-04 00:00:00","Fondo Errano_T0_2023","T0","AIR_TEMP",20.2039583333333
"2023-06-05 00:00:00","Fondo Errano_T0_2023","T0","ET0",1.09037838111947
"2023-06-05 00:00:00","Fondo Errano_T0_2023","T0","WIND_SPEED",1.26
"2023-06-05 00:00:00","Fondo Errano_T0_2023","T0","WIND_DIRECTION",141.729166666667
"2023-06-05 00:00:00","Fondo Errano_T0_2023","T0","AIR_TEMP",18.3704166666667
"2023-06-05 00:00:00","Fondo Errano_T0_2023","T0","BIP",189.161587760488
"2023-06-05 00:00:00","Fondo Errano_T0_2023","T0","WIND_GUST_MAX",2.775
"2023-06-05 00:00:00","Fondo Errano_T0_2023","T0","SOLAR_RAD",190.378071833648
"2023-06-05 00:00:00","Fondo Errano_T0_2023","T0","AIR_HUM",91.4083333333334
"2023-06-05 00:00:00","Fondo Errano_T0_2023","T0","BIG",4.10962161888053
"2023-06-05 00:00:00","Fondo Errano_T0_2023","T0","BATTERY_TENS",3456.77083333333
"2023-06-06 00:00:00","Fondo Errano_T0_2023","T0","BIP",186.263735201795
"2023-06-06 00:00:00","Fondo Errano_T0_2023","T0","AIR_HUM",84.4765957446809
"2023-06-06 00:00:00","Fondo Errano_T0_2023","T0","BIG",-2.89785255869232
"2023-06-06 00:00:00","Fondo Errano_T0_2023","T0","WIND_DIRECTION",218.625
"2023-06-06 00:00:00","Fondo Errano_T0_2023","T0","ET0",3.29785255869231
"2023-06-06 00:00:00","Fondo Errano_T0_2023","T0","WIND_SPEED",2.715
"2023-06-06 00:00:00","Fondo Errano_T0_2023","T0","SOLAR_RAD",285.425330812855
"2023-06-06 00:00:00","Fondo Errano_T0_2023","T0","BATTERY_TENS",3443.625
"2023-06-06 00:00:00","Fondo Errano_T0_2023","T0","AIR_TEMP",19.6759574468085
"2023-06-06 00:00:00","Fondo Errano_T0_2023","T0","WIND_GUST_MAX",5.3475
"2023-06-07 00:00:00","Fondo Errano_T0_2023","T0","BIG",-2.75877151150187
"2023-06-07 00:00:00","Fondo Errano_T0_2023","T0","WIND_SPEED",2.13
"2023-06-07 00:00:00","Fondo Errano_T0_2023","T0","AIR_TEMP",20.8079166666667
"2023-06-07 00:00:00","Fondo Errano_T0_2023","T0","WIND_GUST_MAX",4.7625
"2023-06-07 00:00:00","Fondo Errano_T0_2023","T0","BIP",183.504963690294
"2023-06-07 00:00:00","Fondo Errano_T0_2023","T0","ET0",2.75877151150187
"2023-06-07 00:00:00","Fondo Errano_T0_2023","T0","AIR_HUM",78.81875
"2023-06-07 00:00:00","Fondo Errano_T0_2023","T0","WIND_DIRECTION",236.354166666667
"2023-06-07 00:00:00","Fondo Errano_T0_2023","T0","BATTERY_TENS",3446.89583333333
"2023-06-07 00:00:00","Fondo Errano_T0_2023","T0","SOLAR_RAD",245.707678075856
"2023-06-08 00:00:00","Fondo Errano_T0_2023","T0","BIG",-3.71463199792334
"2023-06-08 00:00:00","Fondo Errano_T0_2023","T0","BIP",179.79033169237
"2023-06-08 00:00:00","Fondo Errano_T0_2023","T0","AIR_HUM",75.0104166666667
"2023-06-08 00:00:00","Fondo Errano_T0_2023","T0","SOLAR_RAD",314.154589371981
"2023-06-08 00:00:00","Fondo Errano_T0_2023","T0","WIND_DIRECTION",183.8125
"2023-06-08 00:00:00","Fondo Errano_T0_2023","T0","WIND_SPEED",2.55
"2023-06-08 00:00:00","Fondo Errano_T0_2023","T0","BATTERY_TENS",3449.20833333333
"2023-06-08 00:00:00","Fondo Errano_T0_2023","T0","ET0",3.71463199792334
"2023-06-08 00:00:00","Fondo Errano_T0_2023","T0","WIND_GUST_MAX",5.58
"2023-06-08 00:00:00","Fondo Errano_T0_2023","T0","AIR_TEMP",22.3102083333333
"2023-06-09 00:00:00","Fondo Errano_T0_2023","T0","SOLAR_RAD",394.792270531401
"2023-06-09 00:00:00","Fondo Errano_T0_2023","T0","BIP",174.190446706546
"2023-06-09 00:00:00","Fondo Errano_T0_2023","T0","ET0",5.59988498582381
"2023-06-09 00:00:00","Fondo Errano_T0_2023","T0","BIG",-5.59988498582381
"2023-06-09 00:00:00","Fondo Errano_T0_2023","T0","AIR_TEMP",24.0325
"2023-06-09 00:00:00","Fondo Errano_T0_2023","T0","BATTERY_TENS",3449.66666666667
"2023-06-09 00:00:00","Fondo Errano_T0_2023","T0","WIND_DIRECTION",229.604166666667
"2023-06-09 00:00:00","Fondo Errano_T0_2023","T0","WIND_SPEED",2.925
"2023-06-09 00:00:00","Fondo Errano_T0_2023","T0","AIR_HUM",62.6770833333334
"2023-06-09 00:00:00","Fondo Errano_T0_2023","T0","WIND_GUST_MAX",5.9325
"2023-06-10 00:00:00","Fondo Errano_T0_2023","T0","BIP",172.431564940084
"2023-06-10 00:00:00","Fondo Errano_T0_2023","T0","AIR_TEMP",21.9175
"2023-06-10 00:00:00","Fondo Errano_T0_2023","T0","BATTERY_TENS",3425.22916666667
"2023-06-10 00:00:00","Fondo Errano_T0_2023","T0","WIND_GUST_MAX",4.785
"2023-06-10 00:00:00","Fondo Errano_T0_2023","T0","WIND_DIRECTION",210.0625
"2023-06-10 00:00:00","Fondo Errano_T0_2023","T0","AIR_HUM",78.0916666666667
"2023-06-10 00:00:00","Fondo Errano_T0_2023","T0","SOLAR_RAD",183.525519848771
"2023-06-10 00:00:00","Fondo Errano_T0_2023","T0","BIG",-1.75888176646236
"2023-06-10 00:00:00","Fondo Errano_T0_2023","T0","ET0",1.75888176646236
"2023-06-10 00:00:00","Fondo Errano_T0_2023","T0","WIND_SPEED",2.28
"2023-06-11 00:00:00","Fondo Errano_T0_2023","T0","WIND_GUST_MAX",6.5475
"2023-06-11 00:00:00","Fondo Errano_T0_2023","T0","BATTERY_TENS",3441.8125
"2023-06-11 00:00:00","Fondo Errano_T0_2023","T0","AIR_TEMP",22.585
"2023-06-11 00:00:00","Fondo Errano_T0_2023","T0","WIND_DIRECTION",136.9375
"2023-06-11 00:00:00","Fondo Errano_T0_2023","T0","SOLAR_RAD",339.281663516068
"2023-06-11 00:00:00","Fondo Errano_T0_2023","T0","BIP",168.242937891027
"2023-06-11 00:00:00","Fondo Errano_T0_2023","T0","AIR_HUM",74.3645833333333
"2023-06-11 00:00:00","Fondo Errano_T0_2023","T0","WIND_SPEED",3.7275
"2023-06-11 00:00:00","Fondo Errano_T0_2023","T0","BIG",-4.18862704905742
"2023-06-11 00:00:00","Fondo Errano_T0_2023","T0","ET0",4.18862704905742
"2023-06-12 00:00:00","Fondo Errano_T0_2023","T0","AIR_HUM",71.5166666666667
"2023-06-12 00:00:00","Fondo Errano_T0_2023","T0","BIP",164.553695866001
"2023-06-12 00:00:00","Fondo Errano_T0_2023","T0","WIND_SPEED",4.1175
"2023-06-12 00:00:00","Fondo Errano_T0_2023","T0","AIR_TEMP",22.4779166666667
"2023-06-12 00:00:00","Fondo Errano_T0_2023","T0","BATTERY_TENS",3446.35416666667
"2023-06-12 00:00:00","Fondo Errano_T0_2023","T0","SOLAR_RAD",316.430738119312
"2023-06-12 00:00:00","Fondo Errano_T0_2023","T0","WIND_DIRECTION",177.104166666667
"2023-06-12 00:00:00","Fondo Errano_T0_2023","T0","BIG",-3.68924202502541
"2023-06-12 00:00:00","Fondo Errano_T0_2023","T0","ET0",3.68924202502541
"2023-06-12 00:00:00","Fondo Errano_T0_2023","T0","WIND_GUST_MAX",7.2
"2023-06-13 00:00:00","Fondo Errano_T0_2023","T0","BIP",165.595664814261
"2023-06-13 00:00:00","Fondo Errano_T0_2023","T0","WIND_SPEED",3.36
"2023-06-13 00:00:00","Fondo Errano_T0_2023","T0","SOLAR_RAD",215.235892691952
"2023-06-13 00:00:00","Fondo Errano_T0_2023","T0","ET0",2.15803105174076
"2023-06-13 00:00:00","Fondo Errano_T0_2023","T0","BATTERY_TENS",3443.77083333333
"2023-06-13 00:00:00","Fondo Errano_T0_2023","T0","WIND_GUST_MAX",6.27
"2023-06-13 00:00:00","Fondo Errano_T0_2023","T0","AIR_HUM",82.7416666666667
"2023-06-13 00:00:00","Fondo Errano_T0_2023","T0","BIG",1.04196894825924
"2023-06-13 00:00:00","Fondo Errano_T0_2023","T0","AIR_TEMP",19.4075
"2023-06-13 00:00:00","Fondo Errano_T0_2023","T0","WIND_DIRECTION",185.291666666667
"2023-06-14 00:00:00","Fondo Errano_T0_2023","T0","SOLAR_RAD",268.667296786389
"2023-06-14 00:00:00","Fondo Errano_T0_2023","T0","WIND_GUST_MAX",5.2875
"2023-06-14 00:00:00","Fondo Errano_T0_2023","T0","WIND_SPEED",2.5425
"2023-06-14 00:00:00","Fondo Errano_T0_2023","T0","BATTERY_TENS",3451.52083333333
"2023-06-14 00:00:00","Fondo Errano_T0_2023","T0","BIP",163.062533104084
"2023-06-14 00:00:00","Fondo Errano_T0_2023","T0","WIND_DIRECTION",167.770833333333
"2023-06-14 00:00:00","Fondo Errano_T0_2023","T0","AIR_TEMP",20.1745833333333
"2023-06-14 00:00:00","Fondo Errano_T0_2023","T0","ET0",2.73313171017652
"2023-06-14 00:00:00","Fondo Errano_T0_2023","T0","AIR_HUM",83.7541666666667
"2023-06-14 00:00:00","Fondo Errano_T0_2023","T0","BIG",-2.53313171017652
"2023-06-15 00:00:00","Fondo Errano_T0_2023","T0","AIR_HUM",71.7791666666667
"2023-06-15 00:00:00","Fondo Errano_T0_2023","T0","WIND_GUST_MAX",6.7875
"2023-06-15 00:00:00","Fondo Errano_T0_2023","T0","AIR_TEMP",21.9502083333333
"2023-06-15 00:00:00","Fondo Errano_T0_2023","T0","SOLAR_RAD",393.663274745606
"2023-06-15 00:00:00","Fondo Errano_T0_2023","T0","BIP",158.760788780185
"2023-06-15 00:00:00","Fondo Errano_T0_2023","T0","WIND_SPEED",3.7275
"2023-06-15 00:00:00","Fondo Errano_T0_2023","T0","ET0",4.30174432389853
"2023-06-15 00:00:00","Fondo Errano_T0_2023","T0","BIG",-4.30174432389853
"2023-06-15 00:00:00","Fondo Errano_T0_2023","T0","BATTERY_TENS",3449.60416666667
"2023-06-15 00:00:00","Fondo Errano_T0_2023","T0","WIND_DIRECTION",200.25
"2023-06-16 00:00:00","Fondo Errano_T0_2023","T0","AIR_HUM",65.95
"2023-06-16 00:00:00","Fondo Errano_T0_2023","T0","ET0",4.74622909053701
"2023-06-16 00:00:00","Fondo Errano_T0_2023","T0","WIND_SPEED",3.312
"2023-06-16 00:00:00","Fondo Errano_T0_2023","T0","BIP",154.014559689648
"2023-06-16 00:00:00","Fondo Errano_T0_2023","T0","BIG",-4.74622909053701
"2023-06-16 00:00:00","Fondo Errano_T0_2023","T0","SOLAR_RAD",284.836956521739
"2023-06-16 00:00:00","Fondo Errano_T0_2023","T0","AIR_TEMP",21.43975
"2023-06-16 00:00:00","Fondo Errano_T0_2023","T0","BATTERY_TENS",3463.15
"2023-06-16 00:00:00","Fondo Errano_T0_2023","T0","WIND_DIRECTION",190.6
"2023-06-16 00:00:00","Fondo Errano_T0_2023","T0","WIND_GUST_MAX",5.949
"2023-06-17 00:00:00","Fondo Errano_T0_2023","T0","BATTERY_TENS",3483.47916666667
"2023-06-17 00:00:00","Fondo Errano_T0_2023","T0","BIG",-2.61869878984087
"2023-06-17 00:00:00","Fondo Errano_T0_2023","T0","WIND_GUST_MAX",7.3425
"2023-06-17 00:00:00","Fondo Errano_T0_2023","T0","BIP",151.395860899808
"2023-06-17 00:00:00","Fondo Errano_T0_2023","T0","WIND_SPEED",3.8775
"2023-06-17 00:00:00","Fondo Errano_T0_2023","T0","ET0",5.21869878984087
"2023-06-17 00:00:00","Fondo Errano_T0_2023","T0","WIND_DIRECTION",161.875
"2023-06-17 00:00:00","Fondo Errano_T0_2023","T0","AIR_TEMP",23.1845833333333
"2023-06-17 00:00:00","Fondo Errano_T0_2023","T0","SOLAR_RAD",380.691699604743
"2023-06-17 00:00:00","Fondo Errano_T0_2023","T0","AIR_HUM",62.8020833333333
"2023-06-18 00:00:00","Fondo Errano_T0_2023","T0","BIP",146.042368873516
"2023-06-18 00:00:00","Fondo Errano_T0_2023","T0","WIND_GUST_MAX",6.135
"2023-06-18 00:00:00","Fondo Errano_T0_2023","T0","WIND_SPEED",3.2925
"2023-06-18 00:00:00","Fondo Errano_T0_2023","T0","WIND_DIRECTION",199.895833333333
"2023-06-18 00:00:00","Fondo Errano_T0_2023","T0","BIG",-5.35349202629157
"2023-06-18 00:00:00","Fondo Errano_T0_2023","T0","AIR_HUM",61.6770833333333
"2023-06-18 00:00:00","Fondo Errano_T0_2023","T0","SOLAR_RAD",379.072463768116
"2023-06-18 00:00:00","Fondo Errano_T0_2023","T0","ET0",5.35349202629157
"2023-06-18 00:00:00","Fondo Errano_T0_2023","T0","BATTERY_TENS",3492.60416666667
"2023-06-18 00:00:00","Fondo Errano_T0_2023","T0","AIR_TEMP",24.7477083333333
"2023-06-19 00:00:00","Fondo Errano_T0_2023","T0","WIND_DIRECTION",219.979166666667
"2023-06-19 00:00:00","Fondo Errano_T0_2023","T0","SOLAR_RAD",373.033816425121
"2023-06-19 00:00:00","Fondo Errano_T0_2023","T0","ET0",5.58347977172032
"2023-06-19 00:00:00","Fondo Errano_T0_2023","T0","AIR_TEMP",26.3302083333333
"2023-06-19 00:00:00","Fondo Errano_T0_2023","T0","WIND_GUST_MAX",6.4125
"2023-06-19 00:00:00","Fondo Errano_T0_2023","T0","AIR_HUM",53.1604166666667
"2023-06-19 00:00:00","Fondo Errano_T0_2023","T0","BIG",-5.58347977172032
"2023-06-19 00:00:00","Fondo Errano_T0_2023","T0","BIP",140.458889101796
"2023-06-19 00:00:00","Fondo Errano_T0_2023","T0","BATTERY_TENS",3504.33333333333
"2023-06-19 00:00:00","Fondo Errano_T0_2023","T0","WIND_SPEED",3.6
"2023-06-20 00:00:00","Fondo Errano_T0_2023","T0","BATTERY_TENS",3506.38636363636
"2023-06-20 00:00:00","Fondo Errano_T0_2023","T0","ET0",4.38669204863158
"2023-06-20 00:00:00","Fondo Errano_T0_2023","T0","SOLAR_RAD",335.629640329337
"2023-06-20 00:00:00","Fondo Errano_T0_2023","T0","BIP",136.072197053164
"2023-06-20 00:00:00","Fondo Errano_T0_2023","T0","BIG",-4.38669204863158
"2023-06-20 00:00:00","Fondo Errano_T0_2023","T0","AIR_HUM",49.7674418604651
"2023-06-20 00:00:00","Fondo Errano_T0_2023","T0","WIND_GUST_MAX",5.33454545454545
"2023-06-20 00:00:00","Fondo Errano_T0_2023","T0","AIR_TEMP",26.0853488372093
"2023-06-20 00:00:00","Fondo Errano_T0_2023","T0","WIND_DIRECTION",240.068181818182
"2023-06-20 00:00:00","Fondo Errano_T0_2023","T0","WIND_SPEED",2.75727272727273
"2023-06-21 00:00:00","Fondo Errano_T0_2023","T0","AIR_HUM",54.8170212765957
"2023-06-21 00:00:00","Fondo Errano_T0_2023","T0","WIND_SPEED",2.72347826086957
"2023-06-21 00:00:00","Fondo Errano_T0_2023","T0","WIND_DIRECTION",220.521739130435
"2023-06-21 00:00:00","Fondo Errano_T0_2023","T0","ET0",4.5666499034222
"2023-06-21 00:00:00","Fondo Errano_T0_2023","T0","BIP",131.505547149742
"2023-06-21 00:00:00","Fondo Errano_T0_2023","T0","WIND_GUST_MAX",5.26695652173913
"2023-06-21 00:00:00","Fondo Errano_T0_2023","T0","BATTERY_TENS",3494.65217391304
"2023-06-21 00:00:00","Fondo Errano_T0_2023","T0","AIR_TEMP",27.1612765957447
"2023-06-21 00:00:00","Fondo Errano_T0_2023","T0","SOLAR_RAD",290.19452887538
"2023-06-21 00:00:00","Fondo Errano_T0_2023","T0","BIG",-4.5666499034222
"2023-06-22 00:00:00","Fondo Errano_T0_2023","T0","WIND_SPEED",2.8875
"2023-06-22 00:00:00","Fondo Errano_T0_2023","T0","BIG",-4.07146869460396
"2023-06-22 00:00:00","Fondo Errano_T0_2023","T0","ET0",4.07146869460396
"2023-06-22 00:00:00","Fondo Errano_T0_2023","T0","SOLAR_RAD",260.422619047619
"2023-06-22 00:00:00","Fondo Errano_T0_2023","T0","BIP",127.434078455138
"2023-06-22 00:00:00","Fondo Errano_T0_2023","T0","BATTERY_TENS",3478.91666666667
"2023-06-22 00:00:00","Fondo Errano_T0_2023","T0","AIR_TEMP",27.300625
"2023-06-22 00:00:00","Fondo Errano_T0_2023","T0","AIR_HUM",63.225
"2023-06-22 00:00:00","Fondo Errano_T0_2023","T0","WIND_DIRECTION",177.083333333333
"2023-06-22 00:00:00","Fondo Errano_T0_2023","T0","WIND_GUST_MAX",6.165
"2023-06-23 00:00:00","Fondo Errano_T0_2023","T0","BIP",123.780656893288
"2023-06-23 00:00:00","Fondo Errano_T0_2023","T0","WIND_SPEED",3.6975
"2023-06-23 00:00:00","Fondo Errano_T0_2023","T0","AIR_HUM",52.9479166666667
"2023-06-23 00:00:00","Fondo Errano_T0_2023","T0","BIG",-3.65342156185013
"2023-06-23 00:00:00","Fondo Errano_T0_2023","T0","BATTERY_TENS",3472.5625
"2023-06-23 00:00:00","Fondo Errano_T0_2023","T0","AIR_TEMP",27.9795833333333
"2023-06-23 00:00:00","Fondo Errano_T0_2023","T0","ET0",3.65342156185013
"2023-06-23 00:00:00","Fondo Errano_T0_2023","T0","WIND_DIRECTION",229.395833333333
"2023-06-23 00:00:00","Fondo Errano_T0_2023","T0","WIND_GUST_MAX",7.6875
"2023-06-23 00:00:00","Fondo Errano_T0_2023","T0","SOLAR_RAD",277.625
"2023-06-24 00:00:00","Fondo Errano_T0_2023","T0","AIR_TEMP",24.3502083333333
"2023-06-24 00:00:00","Fondo Errano_T0_2023","T0","SOLAR_RAD",304.422619047619
"2023-06-24 00:00:00","Fondo Errano_T0_2023","T0","AIR_HUM",64.04375
"2023-06-24 00:00:00","Fondo Errano_T0_2023","T0","WIND_GUST_MAX",7.86
"2023-06-24 00:00:00","Fondo Errano_T0_2023","T0","WIND_SPEED",4.5075
"2023-06-24 00:00:00","Fondo Errano_T0_2023","T0","WIND_DIRECTION",171.458333333333
"2023-06-24 00:00:00","Fondo Errano_T0_2023","T0","BATTERY_TENS",3415.10416666667
"2023-06-24 00:00:00","Fondo Errano_T0_2023","T0","ET0",3.72932256496997
"2023-06-24 00:00:00","Fondo Errano_T0_2023","T0","BIG",-3.72932256496997
"2023-06-24 00:00:00","Fondo Errano_T0_2023","T0","BIP",120.051334328318
"2023-06-25 00:00:00","Fondo Errano_T0_2023","T0","BIP",116.42134117674
"2023-06-25 00:00:00","Fondo Errano_T0_2023","T0","ET0",3.62999315157754
"2023-06-25 00:00:00","Fondo Errano_T0_2023","T0","AIR_HUM",62.5458333333333
"2023-06-25 00:00:00","Fondo Errano_T0_2023","T0","BIG",-3.62999315157754
"2023-06-25 00:00:00","Fondo Errano_T0_2023","T0","AIR_TEMP",23.9210416666667
"2023-06-25 00:00:00","Fondo Errano_T0_2023","T0","SOLAR_RAD",278.380952380952
"2023-06-25 00:00:00","Fondo Errano_T0_2023","T0","BATTERY_TENS",3434.08333333333
"2023-06-25 00:00:00","Fondo Errano_T0_2023","T0","WIND_GUST_MAX",6.1575
"2023-06-25 00:00:00","Fondo Errano_T0_2023","T0","WIND_DIRECTION",161.854166666667
"2023-06-25 00:00:00","Fondo Errano_T0_2023","T0","WIND_SPEED",2.9625
"2023-06-26 00:00:00","Fondo Errano_T0_2023","T0","AIR_TEMP",25.6064583333334
"2023-06-26 00:00:00","Fondo Errano_T0_2023","T0","WIND_GUST_MAX",7.7175
"2023-06-26 00:00:00","Fondo Errano_T0_2023","T0","WIND_DIRECTION",149.770833333333
"2023-06-26 00:00:00","Fondo Errano_T0_2023","T0","ET0",4.50952129185976
"2023-06-26 00:00:00","Fondo Errano_T0_2023","T0","SOLAR_RAD",309.958333333333
"2023-06-26 00:00:00","Fondo Errano_T0_2023","T0","AIR_HUM",57.76875
"2023-06-26 00:00:00","Fondo Errano_T0_2023","T0","BATTERY_TENS",3426.47916666667
"2023-06-26 00:00:00","Fondo Errano_T0_2023","T0","BIG",-4.50952129185976
"2023-06-26 00:00:00","Fondo Errano_T0_2023","T0","BIP",111.911819884881
"2023-06-26 00:00:00","Fondo Errano_T0_2023","T0","WIND_SPEED",4.155
"2023-06-27 00:00:00","Fondo Errano_T0_2023","T0","WIND_GUST_MAX",7.87404255319149
"2023-06-27 00:00:00","Fondo Errano_T0_2023","T0","ET0",4.45410888348886
"2023-06-27 00:00:00","Fondo Errano_T0_2023","T0","WIND_DIRECTION",225.404255319149
"2023-06-27 00:00:00","Fondo Errano_T0_2023","T0","WIND_SPEED",5.07829787234043
"2023-06-27 00:00:00","Fondo Errano_T0_2023","T0","BIP",107.457711001392
"2023-06-27 00:00:00","Fondo Errano_T0_2023","T0","BATTERY_TENS",3433.89361702128
"2023-06-27 00:00:00","Fondo Errano_T0_2023","T0","SOLAR_RAD",293.160714285714
"2023-06-27 00:00:00","Fondo Errano_T0_2023","T0","BIG",-4.45410888348886
"2023-06-27 00:00:00","Fondo Errano_T0_2023","T0","AIR_TEMP",28.4452083333333
"2023-06-27 00:00:00","Fondo Errano_T0_2023","T0","AIR_HUM",50.9916666666667
"2023-06-28 00:00:00","Fondo Errano_T0_2023","T0","SOLAR_RAD",126.416666666667
"2023-06-28 00:00:00","Fondo Errano_T0_2023","T0","BIP",106.099367700759
"2023-06-28 00:00:00","Fondo Errano_T0_2023","T0","AIR_HUM",77.01875
"2023-06-28 00:00:00","Fondo Errano_T0_2023","T0","BATTERY_TENS",3437.85416666667
"2023-06-28 00:00:00","Fondo Errano_T0_2023","T0","BIG",-1.35834330063248
"2023-06-28 00:00:00","Fondo Errano_T0_2023","T0","AIR_TEMP",23.118125
"2023-06-28 00:00:00","Fondo Errano_T0_2023","T0","ET0",1.35834330063248
"2023-06-28 00:00:00","Fondo Errano_T0_2023","T0","WIND_DIRECTION",135.4375
"2023-06-28 00:00:00","Fondo Errano_T0_2023","T0","WIND_SPEED",2.7975
"2023-06-28 00:00:00","Fondo Errano_T0_2023","T0","WIND_GUST_MAX",5.1975
"2023-06-29 00:00:00","Fondo Errano_T0_2023","T0","BIG",-4.06605633434871
"2023-06-29 00:00:00","Fondo Errano_T0_2023","T0","AIR_TEMP",23.4041666666667
"2023-06-29 00:00:00","Fondo Errano_T0_2023","T0","BATTERY_TENS",3418.25
"2023-06-29 00:00:00","Fondo Errano_T0_2023","T0","WIND_GUST_MAX",7.3275
"2023-06-29 00:00:00","Fondo Errano_T0_2023","T0","BIP",102.033311366411
"2023-06-29 00:00:00","Fondo Errano_T0_2023","T0","SOLAR_RAD",311.875
"2023-06-29 00:00:00","Fondo Errano_T0_2023","T0","WIND_DIRECTION",143.9375
"2023-06-29 00:00:00","Fondo Errano_T0_2023","T0","ET0",4.06605633434871
"2023-06-29 00:00:00","Fondo Errano_T0_2023","T0","WIND_SPEED",4.485
"2023-06-29 00:00:00","Fondo Errano_T0_2023","T0","AIR_HUM",63.475
"2023-06-30 00:00:00","Fondo Errano_T0_2023","T0","ET0",1.6010300375118
"2023-06-30 00:00:00","Fondo Errano_T0_2023","T0","WIND_DIRECTION",192.583333333333
"2023-06-30 00:00:00","Fondo Errano_T0_2023","T0","BIP",100.432281328899
"2023-06-30 00:00:00","Fondo Errano_T0_2023","T0","AIR_HUM",68.8333333333333
"2023-06-30 00:00:00","Fondo Errano_T0_2023","T0","SOLAR_RAD",139.279761904762
"2023-06-30 00:00:00","Fondo Errano_T0_2023","T0","WIND_SPEED",2.3625
"2023-06-30 00:00:00","Fondo Errano_T0_2023","T0","BATTERY_TENS",3425.41666666667
"2023-06-30 00:00:00","Fondo Errano_T0_2023","T0","AIR_TEMP",23.19625
"2023-06-30 00:00:00","Fondo Errano_T0_2023","T0","BIG",-1.6010300375118
"2023-06-30 00:00:00","Fondo Errano_T0_2023","T0","WIND_GUST_MAX",5.1375
"2023-07-01 00:00:00","Fondo Errano_T0_2023","T0","BIP",98.0179091865117
"2023-07-01 00:00:00","Fondo Errano_T0_2023","T0","WIND_DIRECTION",187.8125
"2023-07-01 00:00:00","Fondo Errano_T0_2023","T0","BATTERY_TENS",3424.9375
"2023-07-01 00:00:00","Fondo Errano_T0_2023","T0","ET0",2.41437214238704
"2023-07-01 00:00:00","Fondo Errano_T0_2023","T0","AIR_TEMP",23.0554166666667
"2023-07-01 00:00:00","Fondo Errano_T0_2023","T0","WIND_SPEED",1.425
"2023-07-01 00:00:00","Fondo Errano_T0_2023","T0","AIR_HUM",73.53125
"2023-07-01 00:00:00","Fondo Errano_T0_2023","T0","WIND_GUST_MAX",4.1625
"2023-07-01 00:00:00","Fondo Errano_T0_2023","T0","BIG",-2.41437214238704
"2023-07-01 00:00:00","Fondo Errano_T0_2023","T0","SOLAR_RAD",201.303571428571
"2023-07-02 00:00:00","Fondo Errano_T0_2023","T0","AIR_TEMP",25.5614583333333
"2023-07-02 00:00:00","Fondo Errano_T0_2023","T0","BATTERY_TENS",3433.95833333333
"2023-07-02 00:00:00","Fondo Errano_T0_2023","T0","SOLAR_RAD",269.547619047619
"2023-07-02 00:00:00","Fondo Errano_T0_2023","T0","WIND_GUST_MAX",5.85
"2023-07-02 00:00:00","Fondo Errano_T0_2023","T0","BIG",-3.57096253470558
"2023-07-02 00:00:00","Fondo Errano_T0_2023","T0","AIR_HUM",68.5645833333333
"2023-07-02 00:00:00","Fondo Errano_T0_2023","T0","ET0",3.57096253470558
"2023-07-02 00:00:00","Fondo Errano_T0_2023","T0","WIND_SPEED",3.2025
"2023-07-02 00:00:00","Fondo Errano_T0_2023","T0","BIP",94.4469466518061
"2023-07-02 00:00:00","Fondo Errano_T0_2023","T0","WIND_DIRECTION",145.75
"2023-07-03 00:00:00","Fondo Errano_T0_2023","T0","BIP",90.4695148809044
"2023-07-03 00:00:00","Fondo Errano_T0_2023","T0","WIND_DIRECTION",207.4375
"2023-07-03 00:00:00","Fondo Errano_T0_2023","T0","WIND_SPEED",3.3525
"2023-07-03 00:00:00","Fondo Errano_T0_2023","T0","SOLAR_RAD",273.785714285714
"2023-07-03 00:00:00","Fondo Errano_T0_2023","T0","BIG",-3.97743177090164
"2023-07-03 00:00:00","Fondo Errano_T0_2023","T0","BATTERY_TENS",3427
"2023-07-03 00:00:00","Fondo Errano_T0_2023","T0","AIR_TEMP",26.4454166666667
"2023-07-03 00:00:00","Fondo Errano_T0_2023","T0","AIR_HUM",62.3583333333333
"2023-07-03 00:00:00","Fondo Errano_T0_2023","T0","WIND_GUST_MAX",6.5325
"2023-07-03 00:00:00","Fondo Errano_T0_2023","T0","ET0",3.97743177090164
"2023-07-04 00:00:00","Fondo Errano_T0_2023","T0","BIG",-3.73795628202962
"2023-07-04 00:00:00","Fondo Errano_T0_2023","T0","BATTERY_TENS",3423.54166666667
"2023-07-04 00:00:00","Fondo Errano_T0_2023","T0","WIND_SPEED",4.1325
"2023-07-04 00:00:00","Fondo Errano_T0_2023","T0","WIND_GUST_MAX",7.86
"2023-07-04 00:00:00","Fondo Errano_T0_2023","T0","SOLAR_RAD",307.184523809524
"2023-07-04 00:00:00","Fondo Errano_T0_2023","T0","BIP",86.7315585988748
"2023-07-04 00:00:00","Fondo Errano_T0_2023","T0","AIR_HUM",68.55
"2023-07-04 00:00:00","Fondo Errano_T0_2023","T0","AIR_TEMP",24.7522916666667
"2023-07-04 00:00:00","Fondo Errano_T0_2023","T0","WIND_DIRECTION",129.520833333333
"2023-07-04 00:00:00","Fondo Errano_T0_2023","T0","ET0",3.73795628202962
"2023-07-05 00:00:00","Fondo Errano_T0_2023","T0","WIND_DIRECTION",212.541666666667
"2023-07-05 00:00:00","Fondo Errano_T0_2023","T0","BATTERY_TENS",3430.97916666667
"2023-07-05 00:00:00","Fondo Errano_T0_2023","T0","AIR_HUM",61.4916666666667
"2023-07-05 00:00:00","Fondo Errano_T0_2023","T0","BIG",-4.28100390877605
"2023-07-05 00:00:00","Fondo Errano_T0_2023","T0","BIP",82.4505546900988
"2023-07-05 00:00:00","Fondo Errano_T0_2023","T0","WIND_SPEED",4.305
"2023-07-05 00:00:00","Fondo Errano_T0_2023","T0","ET0",4.28100390877605
"2023-07-05 00:00:00","Fondo Errano_T0_2023","T0","AIR_TEMP",25.7452083333333
"2023-07-05 00:00:00","Fondo Errano_T0_2023","T0","SOLAR_RAD",295.922619047619
"2023-07-05 00:00:00","Fondo Errano_T0_2023","T0","WIND_GUST_MAX",7.365
"2023-07-06 00:00:00","Fondo Errano_T0_2023","T0","BATTERY_TENS",3436.45833333333
"2023-07-06 00:00:00","Fondo Errano_T0_2023","T0","AIR_HUM",72.7978723404255
"2023-07-06 00:00:00","Fondo Errano_T0_2023","T0","SOLAR_RAD",171.191489361702
"2023-07-06 00:00:00","Fondo Errano_T0_2023","T0","ET0",2.11340414959945
"2023-07-06 00:00:00","Fondo Errano_T0_2023","T0","WIND_DIRECTION",229.125
"2023-07-06 00:00:00","Fondo Errano_T0_2023","T0","AIR_TEMP",23.5548936170213
"2023-07-06 00:00:00","Fondo Errano_T0_2023","T0","WIND_GUST_MAX",6.0525
"2023-07-06 00:00:00","Fondo Errano_T0_2023","T0","WIND_SPEED",3.045
"2023-07-06 00:00:00","Fondo Errano_T0_2023","T0","BIG",2.88659585040055
"2023-07-06 00:00:00","Fondo Errano_T0_2023","T0","BIP",85.3371505404993
"2023-07-07 00:00:00","Fondo Errano_T0_2023","T0","BIG",-4.11147163588623
"2023-07-07 00:00:00","Fondo Errano_T0_2023","T0","AIR_HUM",70.41875
"2023-07-07 00:00:00","Fondo Errano_T0_2023","T0","WIND_DIRECTION",159.106382978723
"2023-07-07 00:00:00","Fondo Errano_T0_2023","T0","WIND_SPEED",3.52340425531915
"2023-07-07 00:00:00","Fondo Errano_T0_2023","T0","BATTERY_TENS",3444.02127659574
"2023-07-07 00:00:00","Fondo Errano_T0_2023","T0","BIP",81.2256789046131
"2023-07-07 00:00:00","Fondo Errano_T0_2023","T0","ET0",4.11147163588623
"2023-07-07 00:00:00","Fondo Errano_T0_2023","T0","WIND_GUST_MAX",6.97787234042553
"2023-07-07 00:00:00","Fondo Errano_T0_2023","T0","AIR_TEMP",24.4147916666667
"2023-07-07 00:00:00","Fondo Errano_T0_2023","T0","SOLAR_RAD",314.595238095238
"2023-07-08 00:00:00","Fondo Errano_T0_2023","T0","WIND_GUST_MAX",7.05
"2023-07-08 00:00:00","Fondo Errano_T0_2023","T0","WIND_SPEED",4.17
"2023-07-08 00:00:00","Fondo Errano_T0_2023","T0","ET0",3.94062451747285
"2023-07-08 00:00:00","Fondo Errano_T0_2023","T0","AIR_TEMP",24.8708333333333
"2023-07-08 00:00:00","Fondo Errano_T0_2023","T0","BATTERY_TENS",3466.6875
"2023-07-08 00:00:00","Fondo Errano_T0_2023","T0","AIR_HUM",65.4208333333333
"2023-07-08 00:00:00","Fondo Errano_T0_2023","T0","WIND_DIRECTION",125.875
"2023-07-08 00:00:00","Fondo Errano_T0_2023","T0","SOLAR_RAD",286.642857142857
"2023-07-08 00:00:00","Fondo Errano_T0_2023","T0","BIG",-3.94062451747285
"2023-07-08 00:00:00","Fondo Errano_T0_2023","T0","BIP",77.2850543871402
"2023-07-09 00:00:00","Fondo Errano_T0_2023","T0","WIND_SPEED",3.63
"2023-07-09 00:00:00","Fondo Errano_T0_2023","T0","BIP",72.7466046001001
"2023-07-09 00:00:00","Fondo Errano_T0_2023","T0","ET0",4.53844978704012
"2023-07-09 00:00:00","Fondo Errano_T0_2023","T0","BATTERY_TENS",3476.39583333333
"2023-07-09 00:00:00","Fondo Errano_T0_2023","T0","AIR_TEMP",27.86125
"2023-07-09 00:00:00","Fondo Errano_T0_2023","T0","WIND_GUST_MAX",7.0575
"2023-07-09 00:00:00","Fondo Errano_T0_2023","T0","AIR_HUM",61.5229166666667
"2023-07-09 00:00:00","Fondo Errano_T0_2023","T0","SOLAR_RAD",306.285714285714
"2023-07-09 00:00:00","Fondo Errano_T0_2023","T0","WIND_DIRECTION",157.791666666667
"2023-07-09 00:00:00","Fondo Errano_T0_2023","T0","BIG",-4.53844978704012
"2023-07-10 00:00:00","Fondo Errano_T0_2023","T0","WIND_SPEED",3.53106382978723
"2023-07-10 00:00:00","Fondo Errano_T0_2023","T0","BATTERY_TENS",3486.02127659574
"2023-07-10 00:00:00","Fondo Errano_T0_2023","T0","AIR_HUM",62.4604166666667
"2023-07-10 00:00:00","Fondo Errano_T0_2023","T0","BIP",68.2225083099798
"2023-07-10 00:00:00","Fondo Errano_T0_2023","T0","SOLAR_RAD",299.190476190476
"2023-07-10 00:00:00","Fondo Errano_T0_2023","T0","WIND_GUST_MAX",6.6868085106383
"2023-07-10 00:00:00","Fondo Errano_T0_2023","T0","WIND_DIRECTION",149.297872340426
"2023-07-10 00:00:00","Fondo Errano_T0_2023","T0","BIG",-4.52409629012033
"2023-07-10 00:00:00","Fondo Errano_T0_2023","T0","ET0",4.52409629012033
"2023-07-10 00:00:00","Fondo Errano_T0_2023","T0","AIR_TEMP",29.25375
"2023-07-11 00:00:00","Fondo Errano_T0_2023","T0","WIND_SPEED",2.61
"2023-07-11 00:00:00","Fondo Errano_T0_2023","T0","ET0",4.79143722373162
"2023-07-11 00:00:00","Fondo Errano_T0_2023","T0","AIR_TEMP",30.2693617021277
"2023-07-11 00:00:00","Fondo Errano_T0_2023","T0","SOLAR_RAD",288.462006079027
"2023-07-11 00:00:00","Fondo Errano_T0_2023","T0","WIND_DIRECTION",196
"2023-07-11 00:00:00","Fondo Errano_T0_2023","T0","BATTERY_TENS",3496.58333333333
"2023-07-11 00:00:00","Fondo Errano_T0_2023","T0","BIP",63.4310710862482
"2023-07-11 00:00:00","Fondo Errano_T0_2023","T0","WIND_GUST_MAX",5.265
"2023-07-11 00:00:00","Fondo Errano_T0_2023","T0","AIR_HUM",58.1531914893617
"2023-07-11 00:00:00","Fondo Errano_T0_2023","T0","BIG",-4.79143722373162
"2023-07-12 00:00:00","Fondo Errano_T0_2023","T0","WIND_GUST_MAX",7.1025
"2023-07-12 00:00:00","Fondo Errano_T0_2023","T0","WIND_DIRECTION",216.666666666667
"2023-07-12 00:00:00","Fondo Errano_T0_2023","T0","WIND_SPEED",3.51
"2023-07-12 00:00:00","Fondo Errano_T0_2023","T0","BIP",59.4564510783966
"2023-07-12 00:00:00","Fondo Errano_T0_2023","T0","AIR_HUM",52.0375
"2023-07-12 00:00:00","Fondo Errano_T0_2023","T0","SOLAR_RAD",268.095238095238
"2023-07-12 00:00:00","Fondo Errano_T0_2023","T0","ET0",3.9746200078516
"2023-07-12 00:00:00","Fondo Errano_T0_2023","T0","AIR_TEMP",30.4197916666667
"2023-07-12 00:00:00","Fondo Errano_T0_2023","T0","BATTERY_TENS",3502.75
"2023-07-12 00:00:00","Fondo Errano_T0_2023","T0","BIG",-3.9746200078516
"2023-07-13 00:00:00","Fondo Errano_T0_2023","T0","BIP",79.9240452014039
"2023-07-13 00:00:00","Fondo Errano_T0_2023","T0","ET0",2.33240587699266
"2023-07-13 00:00:00","Fondo Errano_T0_2023","T0","SOLAR_RAD",162.803571428571
"2023-07-13 00:00:00","Fondo Errano_T0_2023","T0","BIG",20.4675941230073
"2023-07-13 00:00:00","Fondo Errano_T0_2023","T0","WIND_DIRECTION",206.979166666667
"2023-07-13 00:00:00","Fondo Errano_T0_2023","T0","WIND_SPEED",3.015
"2023-07-13 00:00:00","Fondo Errano_T0_2023","T0","AIR_TEMP",26.4166666666667
"2023-07-13 00:00:00","Fondo Errano_T0_2023","T0","BATTERY_TENS",3496.52083333333
"2023-07-13 00:00:00","Fondo Errano_T0_2023","T0","AIR_HUM",70.44375
"2023-07-13 00:00:00","Fondo Errano_T0_2023","T0","WIND_GUST_MAX",6.525
"2023-07-14 00:00:00","Fondo Errano_T0_2023","T0","AIR_TEMP",26.435625
"2023-07-14 00:00:00","Fondo Errano_T0_2023","T0","AIR_HUM",76.06875
"2023-07-14 00:00:00","Fondo Errano_T0_2023","T0","ET0",3.07832315513581
"2023-07-14 00:00:00","Fondo Errano_T0_2023","T0","WIND_GUST_MAX",6.55659574468085
"2023-07-14 00:00:00","Fondo Errano_T0_2023","T0","SOLAR_RAD",244.333333333333
"2023-07-14 00:00:00","Fondo Errano_T0_2023","T0","BIG",-3.07832315513581
"2023-07-14 00:00:00","Fondo Errano_T0_2023","T0","WIND_SPEED",3.8068085106383
"2023-07-14 00:00:00","Fondo Errano_T0_2023","T0","WIND_DIRECTION",127.893617021277
"2023-07-14 00:00:00","Fondo Errano_T0_2023","T0","BIP",76.8457220462681
"2023-07-14 00:00:00","Fondo Errano_T0_2023","T0","BATTERY_TENS",3493.76595744681
"2023-07-15 00:00:00","Fondo Errano_T0_2023","T0","AIR_HUM",66.8729166666667
"2023-07-15 00:00:00","Fondo Errano_T0_2023","T0","AIR_TEMP",27.79125
"2023-07-15 00:00:00","Fondo Errano_T0_2023","T0","BIG",-4.56461293775438
"2023-07-15 00:00:00","Fondo Errano_T0_2023","T0","WIND_DIRECTION",147.125
"2023-07-15 00:00:00","Fondo Errano_T0_2023","T0","ET0",4.56461293775438
"2023-07-15 00:00:00","Fondo Errano_T0_2023","T0","BIP",72.2811091085137
"2023-07-15 00:00:00","Fondo Errano_T0_2023","T0","WIND_SPEED",3.2925
"2023-07-15 00:00:00","Fondo Errano_T0_2023","T0","BATTERY_TENS",3502.14583333333
"2023-07-15 00:00:00","Fondo Errano_T0_2023","T0","SOLAR_RAD",303.452380952381
"2023-07-15 00:00:00","Fondo Errano_T0_2023","T0","WIND_GUST_MAX",6.4875
"2023-07-16 00:00:00","Fondo Errano_T0_2023","T0","WIND_GUST_MAX",2.8425
"2023-07-16 00:00:00","Fondo Errano_T0_2023","T0","ET0",4.84668831606429
"2023-07-16 00:00:00","Fondo Errano_T0_2023","T0","WIND_SPEED",1.425
"2023-07-16 00:00:00","Fondo Errano_T0_2023","T0","BIP",67.4344207924494
"2023-07-16 00:00:00","Fondo Errano_T0_2023","T0","AIR_HUM",65.16875
"2023-07-16 00:00:00","Fondo Errano_T0_2023","T0","BIG",-4.84668831606429
"2023-07-16 00:00:00","Fondo Errano_T0_2023","T0","WIND_DIRECTION",160.104166666667
"2023-07-16 00:00:00","Fondo Errano_T0_2023","T0","BATTERY_TENS",3504.3125
"2023-07-16 00:00:00","Fondo Errano_T0_2023","T0","AIR_TEMP",29.564375
"2023-07-16 00:00:00","Fondo Errano_T0_2023","T0","SOLAR_RAD",295.839285714286
"2023-07-17 00:00:00","Fondo Errano_T0_2023","T0","WIND_DIRECTION",221.125
"2023-07-17 00:00:00","Fondo Errano_T0_2023","T0","BIG",-5.13160441525959
"2023-07-17 00:00:00","Fondo Errano_T0_2023","T0","AIR_HUM",58.3083333333334
"2023-07-17 00:00:00","Fondo Errano_T0_2023","T0","WIND_SPEED",1.8525
"2023-07-17 00:00:00","Fondo Errano_T0_2023","T0","BATTERY_TENS",3502.14583333333
"2023-07-17 00:00:00","Fondo Errano_T0_2023","T0","ET0",5.13160441525959
"2023-07-17 00:00:00","Fondo Errano_T0_2023","T0","WIND_GUST_MAX",4.5075
"2023-07-17 00:00:00","Fondo Errano_T0_2023","T0","SOLAR_RAD",292.625
"2023-07-17 00:00:00","Fondo Errano_T0_2023","T0","AIR_TEMP",29.44375
"2023-07-17 00:00:00","Fondo Errano_T0_2023","T0","BIP",62.3028163771898
"2023-07-18 00:00:00","Fondo Errano_T0_2023","T0","SOLAR_RAD",286.071428571429
"2023-07-18 00:00:00","Fondo Errano_T0_2023","T0","BIP",57.4096080881607
"2023-07-18 00:00:00","Fondo Errano_T0_2023","T0","WIND_DIRECTION",201.083333333333
"2023-07-18 00:00:00","Fondo Errano_T0_2023","T0","WIND_GUST_MAX",6.36
"2023-07-18 00:00:00","Fondo Errano_T0_2023","T0","BIG",-4.89320828902912
"2023-07-18 00:00:00","Fondo Errano_T0_2023","T0","BATTERY_TENS",3508.4375
"2023-07-18 00:00:00","Fondo Errano_T0_2023","T0","AIR_HUM",49.8229166666667
"2023-07-18 00:00:00","Fondo Errano_T0_2023","T0","WIND_SPEED",2.8725
"2023-07-18 00:00:00","Fondo Errano_T0_2023","T0","AIR_TEMP",30.973125
"2023-07-18 00:00:00","Fondo Errano_T0_2023","T0","ET0",4.89320828902912
"2023-07-19 00:00:00","Fondo Errano_T0_2023","T0","WIND_DIRECTION",222.291666666667
"2023-07-19 00:00:00","Fondo Errano_T0_2023","T0","WIND_GUST_MAX",5.8275
"2023-07-19 00:00:00","Fondo Errano_T0_2023","T0","WIND_SPEED",3.0375
"2023-07-19 00:00:00","Fondo Errano_T0_2023","T0","BIG",-4.77439245652236
"2023-07-19 00:00:00","Fondo Errano_T0_2023","T0","AIR_HUM",51.3416666666667
"2023-07-19 00:00:00","Fondo Errano_T0_2023","T0","SOLAR_RAD",278.458333333333
"2023-07-19 00:00:00","Fondo Errano_T0_2023","T0","BATTERY_TENS",3505.22916666667
"2023-07-19 00:00:00","Fondo Errano_T0_2023","T0","ET0",4.77439245652236
"2023-07-19 00:00:00","Fondo Errano_T0_2023","T0","AIR_TEMP",30.0158333333333
"2023-07-19 00:00:00","Fondo Errano_T0_2023","T0","BIP",52.6352156316384
"2023-07-20 00:00:00","Fondo Errano_T0_2023","T0","WIND_DIRECTION",177.458333333333
"2023-07-20 00:00:00","Fondo Errano_T0_2023","T0","BIG",-4.02777283111299
"2023-07-20 00:00:00","Fondo Errano_T0_2023","T0","SOLAR_RAD",270.404761904762
"2023-07-20 00:00:00","Fondo Errano_T0_2023","T0","ET0",4.02777283111299
"2023-07-20 00:00:00","Fondo Errano_T0_2023","T0","WIND_GUST_MAX",2.85
"2023-07-20 00:00:00","Fondo Errano_T0_2023","T0","AIR_HUM",70.275
"2023-07-20 00:00:00","Fondo Errano_T0_2023","T0","WIND_SPEED",1.3425
"2023-07-20 00:00:00","Fondo Errano_T0_2023","T0","BIP",48.6074428005254
"2023-07-20 00:00:00","Fondo Errano_T0_2023","T0","AIR_TEMP",28.6547916666667
"2023-07-20 00:00:00","Fondo Errano_T0_2023","T0","BATTERY_TENS",3505.6875
"2023-07-21 00:00:00","Fondo Errano_T0_2023","T0","ET0",3.13511570790197
"2023-07-21 00:00:00","Fondo Errano_T0_2023","T0","BATTERY_TENS",3508.20833333333
"2023-07-21 00:00:00","Fondo Errano_T0_2023","T0","BIG",-3.13511570790197
"2023-07-21 00:00:00","Fondo Errano_T0_2023","T0","WIND_DIRECTION",214.291666666667
"2023-07-21 00:00:00","Fondo Errano_T0_2023","T0","BIP",45.4723270926234
"2023-07-21 00:00:00","Fondo Errano_T0_2023","T0","WIND_SPEED",4.5975
"2023-07-21 00:00:00","Fondo Errano_T0_2023","T0","SOLAR_RAD",229.029761904762
"2023-07-21 00:00:00","Fondo Errano_T0_2023","T0","WIND_GUST_MAX",8.1825
"2023-07-21 00:00:00","Fondo Errano_T0_2023","T0","AIR_HUM",55.15
"2023-07-21 00:00:00","Fondo Errano_T0_2023","T0","AIR_TEMP",29.1527083333333
"2023-07-22 00:00:00","Fondo Errano_T0_2023","T0","BATTERY_TENS",3507.0625
"2023-07-22 00:00:00","Fondo Errano_T0_2023","T0","BIG",-4.24823861711523
"2023-07-22 00:00:00","Fondo Errano_T0_2023","T0","WIND_SPEED",2.9625
"2023-07-22 00:00:00","Fondo Errano_T0_2023","T0","WIND_GUST_MAX",5.7825
"2023-07-22 00:00:00","Fondo Errano_T0_2023","T0","AIR_TEMP",26.5353191489362
"2023-07-22 00:00:00","Fondo Errano_T0_2023","T0","BIP",41.2240884755082
"2023-07-22 00:00:00","Fondo Errano_T0_2023","T0","AIR_HUM",67.7468085106383
"2023-07-22 00:00:00","Fondo Errano_T0_2023","T0","ET0",4.24823861711523
"2023-07-22 00:00:00","Fondo Errano_T0_2023","T0","SOLAR_RAD",282.77811550152
"2023-07-22 00:00:00","Fondo Errano_T0_2023","T0","WIND_DIRECTION",203.0625
"2023-07-23 00:00:00","Fondo Errano_T0_2023","T0","WIND_DIRECTION",228.729166666667
"2023-07-23 00:00:00","Fondo Errano_T0_2023","T0","BATTERY_TENS",3507.97916666667
"2023-07-23 00:00:00","Fondo Errano_T0_2023","T0","SOLAR_RAD",282.827380952381
"2023-07-23 00:00:00","Fondo Errano_T0_2023","T0","ET0",4.48532314819043
"2023-07-23 00:00:00","Fondo Errano_T0_2023","T0","WIND_GUST_MAX",8.715
"2023-07-23 00:00:00","Fondo Errano_T0_2023","T0","BIG",-4.48532314819043
"2023-07-23 00:00:00","Fondo Errano_T0_2023","T0","BIP",36.7387653273177
"2023-07-23 00:00:00","Fondo Errano_T0_2023","T0","AIR_TEMP",28.3677083333333
"2023-07-23 00:00:00","Fondo Errano_T0_2023","T0","WIND_SPEED",4.86
"2023-07-23 00:00:00","Fondo Errano_T0_2023","T0","AIR_HUM",45.7583333333333
"2023-07-24 00:00:00","Fondo Errano_T0_2023","T0","WIND_SPEED",2.7525
"2023-07-24 00:00:00","Fondo Errano_T0_2023","T0","WIND_DIRECTION",184.020833333333
"2023-07-24 00:00:00","Fondo Errano_T0_2023","T0","WIND_GUST_MAX",6.51
"2023-07-24 00:00:00","Fondo Errano_T0_2023","T0","AIR_TEMP",26.2433333333333
"2023-07-24 00:00:00","Fondo Errano_T0_2023","T0","ET0",1.74721233406997
"2023-07-24 00:00:00","Fondo Errano_T0_2023","T0","AIR_HUM",62.8458333333333
"2023-07-24 00:00:00","Fondo Errano_T0_2023","T0","BATTERY_TENS",3499.04166666667
"2023-07-24 00:00:00","Fondo Errano_T0_2023","T0","BIG",-1.74721233406997
"2023-07-24 00:00:00","Fondo Errano_T0_2023","T0","SOLAR_RAD",129.797619047619
"2023-07-24 00:00:00","Fondo Errano_T0_2023","T0","BIP",34.9915529932478
"2023-07-25 00:00:00","Fondo Errano_T0_2023","T0","AIR_HUM",57.1829787234043
"2023-07-25 00:00:00","Fondo Errano_T0_2023","T0","AIR_TEMP",27.7521276595745
"2023-07-25 00:00:00","Fondo Errano_T0_2023","T0","WIND_GUST_MAX",15.585
"2023-07-25 00:00:00","Fondo Errano_T0_2023","T0","WIND_SPEED",9.8325
"2023-07-25 00:00:00","Fondo Errano_T0_2023","T0","BATTERY_TENS",3497.20833333333
"2023-07-25 00:00:00","Fondo Errano_T0_2023","T0","ET0",2.76564915435094
"2023-07-25 00:00:00","Fondo Errano_T0_2023","T0","SOLAR_RAD",229.392097264438
"2023-07-25 00:00:00","Fondo Errano_T0_2023","T0","BIG",-2.76564915435094
"2023-07-25 00:00:00","Fondo Errano_T0_2023","T0","WIND_DIRECTION",218.1875
"2023-07-25 00:00:00","Fondo Errano_T0_2023","T0","BIP",32.2259038388968
"2023-07-26 00:00:00","Fondo Errano_T0_2023","T0","WIND_SPEED",5.13
"2023-07-26 00:00:00","Fondo Errano_T0_2023","T0","BIP",28.9216437235473
"2023-07-26 00:00:00","Fondo Errano_T0_2023","T0","AIR_TEMP",24.4425
"2023-07-26 00:00:00","Fondo Errano_T0_2023","T0","BIG",-3.30426011534953
"2023-07-26 00:00:00","Fondo Errano_T0_2023","T0","BATTERY_TENS",3498.0625
"2023-07-26 00:00:00","Fondo Errano_T0_2023","T0","SOLAR_RAD",260.178571428571
"2023-07-26 00:00:00","Fondo Errano_T0_2023","T0","AIR_HUM",59.2666666666667
"2023-07-26 00:00:00","Fondo Errano_T0_2023","T0","WIND_GUST_MAX",8.49
"2023-07-26 00:00:00","Fondo Errano_T0_2023","T0","ET0",3.30426011534953
"2023-07-26 00:00:00","Fondo Errano_T0_2023","T0","WIND_DIRECTION",202.5
"2023-07-27 00:00:00","Fondo Errano_T0_2023","T0","BATTERY_TENS",3499.08510638298
"2023-07-27 00:00:00","Fondo Errano_T0_2023","T0","AIR_HUM",67.4404255319149
"2023-07-27 00:00:00","Fondo Errano_T0_2023","T0","SOLAR_RAD",274.620060790274
"2023-07-27 00:00:00","Fondo Errano_T0_2023","T0","AIR_TEMP",22.8287234042553
"2023-07-27 00:00:00","Fondo Errano_T0_2023","T0","BIP",25.343531393423
"2023-07-27 00:00:00","Fondo Errano_T0_2023","T0","BIG",-3.57811233012429
"2023-07-27 00:00:00","Fondo Errano_T0_2023","T0","ET0",3.57811233012429
"2023-07-27 00:00:00","Fondo Errano_T0_2023","T0","WIND_DIRECTION",128.787234042553
"2023-07-27 00:00:00","Fondo Errano_T0_2023","T0","WIND_GUST_MAX",8.05021276595745
"2023-07-27 00:00:00","Fondo Errano_T0_2023","T0","WIND_SPEED",4.19744680851064
"2023-07-28 00:00:00","Fondo Errano_T0_2023","T0","WIND_GUST_MAX",8.4
"2023-07-28 00:00:00","Fondo Errano_T0_2023","T0","AIR_HUM",58.64375
"2023-07-28 00:00:00","Fondo Errano_T0_2023","T0","BATTERY_TENS",3503.45833333333
"2023-07-28 00:00:00","Fondo Errano_T0_2023","T0","BIG",-3.01959595214624
"2023-07-28 00:00:00","Fondo Errano_T0_2023","T0","AIR_TEMP",24.7408333333333
"2023-07-28 00:00:00","Fondo Errano_T0_2023","T0","SOLAR_RAD",222.226190476191
"2023-07-28 00:00:00","Fondo Errano_T0_2023","T0","BIP",22.3239354412768
"2023-07-28 00:00:00","Fondo Errano_T0_2023","T0","WIND_DIRECTION",234.229166666667
"2023-07-28 00:00:00","Fondo Errano_T0_2023","T0","WIND_SPEED",5.565
"2023-07-28 00:00:00","Fondo Errano_T0_2023","T0","ET0",3.01959595214624
"2023-07-29 00:00:00","Fondo Errano_T0_2023","T0","BIG",-3.62646436373812
"2023-07-29 00:00:00","Fondo Errano_T0_2023","T0","SOLAR_RAD",256.696428571429
"2023-07-29 00:00:00","Fondo Errano_T0_2023","T0","WIND_GUST_MAX",7.68
"2023-07-29 00:00:00","Fondo Errano_T0_2023","T0","ET0",3.62646436373812
"2023-07-29 00:00:00","Fondo Errano_T0_2023","T0","AIR_TEMP",28.2458333333333
"2023-07-29 00:00:00","Fondo Errano_T0_2023","T0","WIND_DIRECTION",221.166666666667
"2023-07-29 00:00:00","Fondo Errano_T0_2023","T0","WIND_SPEED",4.0875
"2023-07-29 00:00:00","Fondo Errano_T0_2023","T0","BATTERY_TENS",3511.1875
"2023-07-29 00:00:00","Fondo Errano_T0_2023","T0","AIR_HUM",55.04375
"2023-07-29 00:00:00","Fondo Errano_T0_2023","T0","BIP",18.6974710775386
"2023-07-30 00:00:00","Fondo Errano_T0_2023","T0","AIR_TEMP",28.128125
"2023-07-30 00:00:00","Fondo Errano_T0_2023","T0","WIND_GUST_MAX",8.0625
"2023-07-30 00:00:00","Fondo Errano_T0_2023","T0","WIND_SPEED",3.7575
"2023-07-30 00:00:00","Fondo Errano_T0_2023","T0","BIG",-3.17154069131107
"2023-07-30 00:00:00","Fondo Errano_T0_2023","T0","BIP",15.5259303862276
"2023-07-30 00:00:00","Fondo Errano_T0_2023","T0","AIR_HUM",54.04375
"2023-07-30 00:00:00","Fondo Errano_T0_2023","T0","SOLAR_RAD",231.291666666667
"2023-07-30 00:00:00","Fondo Errano_T0_2023","T0","WIND_DIRECTION",206.208333333333
"2023-07-30 00:00:00","Fondo Errano_T0_2023","T0","ET0",3.17154069131107
"2023-07-30 00:00:00","Fondo Errano_T0_2023","T0","BATTERY_TENS",3512.5625
"2023-07-31 00:00:00","Fondo Errano_T0_2023","T0","WIND_GUST_MAX",6.0075
"2023-07-31 00:00:00","Fondo Errano_T0_2023","T0","SOLAR_RAD",259.839285714286
"2023-07-31 00:00:00","Fondo Errano_T0_2023","T0","AIR_HUM",67.8604166666667
"2023-07-31 00:00:00","Fondo Errano_T0_2023","T0","WIND_SPEED",3.42
"2023-07-31 00:00:00","Fondo Errano_T0_2023","T0","BIP",11.7489788237927
"2023-07-31 00:00:00","Fondo Errano_T0_2023","T0","AIR_TEMP",26.4164583333333
"2023-07-31 00:00:00","Fondo Errano_T0_2023","T0","BIG",-3.77695156243485
"2023-07-31 00:00:00","Fondo Errano_T0_2023","T0","WIND_DIRECTION",146.166666666667
"2023-07-31 00:00:00","Fondo Errano_T0_2023","T0","ET0",3.77695156243485
"2023-07-31 00:00:00","Fondo Errano_T0_2023","T0","BATTERY_TENS",3512.33333333333
"2023-08-01 00:00:00","Fondo Errano_T0_2023","T0","AIR_HUM",56.2375
"2023-08-01 00:00:00","Fondo Errano_T0_2023","T0","WIND_DIRECTION",227.958333333333
"2023-08-01 00:00:00","Fondo Errano_T0_2023","T0","AIR_TEMP",26.1570833333333
"2023-08-01 00:00:00","Fondo Errano_T0_2023","T0","BIG",-3.25392071947301
"2023-08-01 00:00:00","Fondo Errano_T0_2023","T0","SOLAR_RAD",235.190476190476
"2023-08-01 00:00:00","Fondo Errano_T0_2023","T0","BATTERY_TENS",3506.60416666667
"2023-08-01 00:00:00","Fondo Errano_T0_2023","T0","WIND_GUST_MAX",11.7225
"2023-08-01 00:00:00","Fondo Errano_T0_2023","T0","BIP",8.4950581043197
"2023-08-01 00:00:00","Fondo Errano_T0_2023","T0","ET0",3.25392071947301
"2023-08-01 00:00:00","Fondo Errano_T0_2023","T0","WIND_SPEED",6.9375
"2023-08-02 00:00:00","Fondo Errano_T0_2023","T0","BIP",4.75359021864121
"2023-08-02 00:00:00","Fondo Errano_T0_2023","T0","BIG",-3.74146788567849
"2023-08-02 00:00:00","Fondo Errano_T0_2023","T0","BATTERY_TENS",3512.33333333333
"2023-08-02 00:00:00","Fondo Errano_T0_2023","T0","AIR_HUM",53.825
"2023-08-02 00:00:00","Fondo Errano_T0_2023","T0","SOLAR_RAD",278.964285714286
"2023-08-02 00:00:00","Fondo Errano_T0_2023","T0","ET0",3.74146788567849
"2023-08-02 00:00:00","Fondo Errano_T0_2023","T0","AIR_TEMP",28.168125
"2023-08-02 00:00:00","Fondo Errano_T0_2023","T0","WIND_GUST_MAX",10.9875
"2023-08-02 00:00:00","Fondo Errano_T0_2023","T0","WIND_DIRECTION",216.479166666667
"2023-08-02 00:00:00","Fondo Errano_T0_2023","T0","WIND_SPEED",6.5325
"2023-08-03 00:00:00","Fondo Errano_T0_2023","T0","BATTERY_TENS",3505.22916666667
"2023-08-03 00:00:00","Fondo Errano_T0_2023","T0","WIND_GUST_MAX",10.4325
"2023-08-03 00:00:00","Fondo Errano_T0_2023","T0","WIND_DIRECTION",215.104166666667
"2023-08-03 00:00:00","Fondo Errano_T0_2023","T0","SOLAR_RAD",116.620060790274
"2023-08-03 00:00:00","Fondo Errano_T0_2023","T0","AIR_HUM",60.6425531914894
"2023-08-03 00:00:00","Fondo Errano_T0_2023","T0","WIND_SPEED",4.77
"2023-08-03 00:00:00","Fondo Errano_T0_2023","T0","AIR_TEMP",27.953829787234
"2023-08-04 00:00:00","Fondo Errano_T0_2023","T0","SOLAR_RAD",35.5714285714286
"2023-08-04 00:00:00","Fondo Errano_T0_2023","T0","WIND_GUST_MAX",7.2704347826087
"2023-08-04 00:00:00","Fondo Errano_T0_2023","T0","WIND_SPEED",3.74086956521739
"2023-08-04 00:00:00","Fondo Errano_T0_2023","T0","BATTERY_TENS",3490.78260869565
"2023-08-04 00:00:00","Fondo Errano_T0_2023","T0","AIR_TEMP",23.2647826086956
"2023-08-04 00:00:00","Fondo Errano_T0_2023","T0","AIR_HUM",64.3478260869565
"2023-08-04 00:00:00","Fondo Errano_T0_2023","T0","WIND_DIRECTION",204.413043478261
"2023-08-05 00:00:00","Fondo Errano_T0_2023","T0","WIND_GUST_MAX",7.665
"2023-08-05 00:00:00","Fondo Errano_T0_2023","T0","SOLAR_RAD",77.9761904761905
"2023-08-05 00:00:00","Fondo Errano_T0_2023","T0","WIND_SPEED",4.3875
"2023-08-05 00:00:00","Fondo Errano_T0_2023","T0","WIND_DIRECTION",261.895833333333
"2023-08-05 00:00:00","Fondo Errano_T0_2023","T0","AIR_TEMP",17.7004166666667
"2023-08-05 00:00:00","Fondo Errano_T0_2023","T0","AIR_HUM",86.8583333333333
"2023-08-05 00:00:00","Fondo Errano_T0_2023","T0","BATTERY_TENS",3472.4375
"2023-08-06 00:00:00","Fondo Errano_T0_2023","T0","WIND_SPEED",5.6775
"2023-08-06 00:00:00","Fondo Errano_T0_2023","T0","WIND_GUST_MAX",8.64
"2023-08-06 00:00:00","Fondo Errano_T0_2023","T0","WIND_DIRECTION",224.4375
"2023-08-06 00:00:00","Fondo Errano_T0_2023","T0","SOLAR_RAD",250.535714285714
"2023-08-06 00:00:00","Fondo Errano_T0_2023","T0","AIR_HUM",63.9979166666667
"2023-08-06 00:00:00","Fondo Errano_T0_2023","T0","BATTERY_TENS",3482.08333333333
"2023-08-06 00:00:00","Fondo Errano_T0_2023","T0","AIR_TEMP",23.3933333333333
"2023-08-07 00:00:00","Fondo Errano_T0_2023","T0","WIND_SPEED",4.5525
"2023-08-07 00:00:00","Fondo Errano_T0_2023","T0","WIND_DIRECTION",263.354166666667
"2023-08-07 00:00:00","Fondo Errano_T0_2023","T0","AIR_TEMP",22.2910416666667
"2023-08-07 00:00:00","Fondo Errano_T0_2023","T0","WIND_GUST_MAX",8.235
"2023-08-07 00:00:00","Fondo Errano_T0_2023","T0","SOLAR_RAD",270.833333333333
"2023-08-07 00:00:00","Fondo Errano_T0_2023","T0","BATTERY_TENS",3480.3125
"2023-08-07 00:00:00","Fondo Errano_T0_2023","T0","AIR_HUM",52.1229166666667
"2023-08-08 00:00:00","Fondo Errano_T0_2023","T0","AIR_HUM",49.6916666666667
"2023-08-08 00:00:00","Fondo Errano_T0_2023","T0","AIR_TEMP",22.3866666666667
"2023-08-08 00:00:00","Fondo Errano_T0_2023","T0","WIND_SPEED",5.235
"2023-08-08 00:00:00","Fondo Errano_T0_2023","T0","BATTERY_TENS",3479.39583333333
"2023-08-08 00:00:00","Fondo Errano_T0_2023","T0","SOLAR_RAD",277.130952380952
"2023-08-08 00:00:00","Fondo Errano_T0_2023","T0","WIND_DIRECTION",181.229166666667
"2023-08-08 00:00:00","Fondo Errano_T0_2023","T0","WIND_GUST_MAX",8.7075
"2023-08-09 00:00:00","Fondo Errano_T0_2023","T0","WIND_SPEED",3.72
"2023-08-09 00:00:00","Fondo Errano_T0_2023","T0","AIR_HUM",52.0104166666667
"2023-08-09 00:00:00","Fondo Errano_T0_2023","T0","BATTERY_TENS",3479.16666666667
"2023-08-09 00:00:00","Fondo Errano_T0_2023","T0","AIR_TEMP",23.825625
"2023-08-09 00:00:00","Fondo Errano_T0_2023","T0","WIND_DIRECTION",173.75
"2023-08-09 00:00:00","Fondo Errano_T0_2023","T0","WIND_GUST_MAX",6.2775
"2023-08-09 00:00:00","Fondo Errano_T0_2023","T0","SOLAR_RAD",249.678571428571
"2023-08-10 00:00:00","Fondo Errano_T0_2023","T0","AIR_TEMP",23.6134042553192
"2023-08-10 00:00:00","Fondo Errano_T0_2023","T0","AIR_HUM",60.6297872340426
"2023-08-10 00:00:00","Fondo Errano_T0_2023","T0","BATTERY_TENS",3489.16666666667
"2023-08-10 00:00:00","Fondo Errano_T0_2023","T0","WIND_GUST_MAX",7.3875
"2023-08-10 00:00:00","Fondo Errano_T0_2023","T0","WIND_DIRECTION",157.104166666667
"2023-08-10 00:00:00","Fondo Errano_T0_2023","T0","WIND_SPEED",4.1175
"2023-08-10 00:00:00","Fondo Errano_T0_2023","T0","SOLAR_RAD",256.844984802432
"2023-08-11 00:00:00","Fondo Errano_T0_2023","T0","WIND_GUST_MAX",6.345
"2023-08-11 00:00:00","Fondo Errano_T0_2023","T0","WIND_SPEED",3.3375
"2023-08-11 00:00:00","Fondo Errano_T0_2023","T0","WIND_DIRECTION",165
"2023-08-11 00:00:00","Fondo Errano_T0_2023","T0","AIR_HUM",64.4729166666667
"2023-08-11 00:00:00","Fondo Errano_T0_2023","T0","SOLAR_RAD",261.77380952381
"2023-08-11 00:00:00","Fondo Errano_T0_2023","T0","AIR_TEMP",24.3225
"2023-08-11 00:00:00","Fondo Errano_T0_2023","T0","BATTERY_TENS",3497.5625
"2023-08-12 00:00:00","Fondo Errano_T0_2023","T0","WIND_GUST_MAX",6.975
"2023-08-12 00:00:00","Fondo Errano_T0_2023","T0","BATTERY_TENS",3500.20833333333
"2023-08-12 00:00:00","Fondo Errano_T0_2023","T0","WIND_SPEED",4.305
"2023-08-12 00:00:00","Fondo Errano_T0_2023","T0","SOLAR_RAD",265.363095238095
"2023-08-12 00:00:00","Fondo Errano_T0_2023","T0","AIR_TEMP",24.8260416666667
"2023-08-12 00:00:00","Fondo Errano_T0_2023","T0","AIR_HUM",62.0708333333333
"2023-08-12 00:00:00","Fondo Errano_T0_2023","T0","WIND_DIRECTION",150.020833333333
"2023-08-13 00:00:00","Fondo Errano_T0_2023","T0","AIR_TEMP",26.2625
"2023-08-13 00:00:00","Fondo Errano_T0_2023","T0","WIND_GUST_MAX",6.1125
"2023-08-13 00:00:00","Fondo Errano_T0_2023","T0","SOLAR_RAD",257.696428571429
"2023-08-13 00:00:00","Fondo Errano_T0_2023","T0","WIND_DIRECTION",149.041666666667
"2023-08-13 00:00:00","Fondo Errano_T0_2023","T0","BATTERY_TENS",3504.16666666667
"2023-08-13 00:00:00","Fondo Errano_T0_2023","T0","WIND_SPEED",3.285
"2023-08-13 00:00:00","Fondo Errano_T0_2023","T0","AIR_HUM",64.01875
"2023-08-14 00:00:00","Fondo Errano_T0_2023","T0","SOLAR_RAD",239.422360248447
"2023-08-14 00:00:00","Fondo Errano_T0_2023","T0","WIND_SPEED",4.064
"2023-08-14 00:00:00","Fondo Errano_T0_2023","T0","WIND_GUST_MAX",6.784
"2023-08-14 00:00:00","Fondo Errano_T0_2023","T0","AIR_HUM",64.5152173913043
"2023-08-14 00:00:00","Fondo Errano_T0_2023","T0","WIND_DIRECTION",160.244444444444
"2023-08-14 00:00:00","Fondo Errano_T0_2023","T0","BATTERY_TENS",3494.55555555556
"2023-08-14 00:00:00","Fondo Errano_T0_2023","T0","AIR_TEMP",25.6417391304348
"2023-08-15 00:00:00","Fondo Errano_T0_2023","T0","SOLAR_RAD",253.589285714286
"2023-08-15 00:00:00","Fondo Errano_T0_2023","T0","BATTERY_TENS",3490.08333333333
"2023-08-15 00:00:00","Fondo Errano_T0_2023","T0","WIND_GUST_MAX",6.495
"2023-08-15 00:00:00","Fondo Errano_T0_2023","T0","AIR_HUM",59.1541666666667
"2023-08-15 00:00:00","Fondo Errano_T0_2023","T0","AIR_TEMP",26.20875
"2023-08-15 00:00:00","Fondo Errano_T0_2023","T0","WIND_DIRECTION",150.1875
"2023-08-15 00:00:00","Fondo Errano_T0_2023","T0","WIND_SPEED",3.9675
"2023-08-16 00:00:00","Fondo Errano_T0_2023","T0","WIND_SPEED",3.66
"2023-08-16 00:00:00","Fondo Errano_T0_2023","T0","BATTERY_TENS",3483.27083333333
"2023-08-16 00:00:00","Fondo Errano_T0_2023","T0","SOLAR_RAD",236.017857142857
"2023-08-16 00:00:00","Fondo Errano_T0_2023","T0","WIND_GUST_MAX",6.7425
"2023-08-16 00:00:00","Fondo Errano_T0_2023","T0","AIR_TEMP",27.1158333333333
"2023-08-16 00:00:00","Fondo Errano_T0_2023","T0","WIND_DIRECTION",184.666666666667
"2023-08-16 00:00:00","Fondo Errano_T0_2023","T0","AIR_HUM",62.3958333333333
"2023-08-17 00:00:00","Fondo Errano_T0_2023","T0","BATTERY_TENS",3477.125
"2023-08-17 00:00:00","Fondo Errano_T0_2023","T0","WIND_DIRECTION",144.645833333333
"2023-08-17 00:00:00","Fondo Errano_T0_2023","T0","WIND_GUST_MAX",5.82
"2023-08-17 00:00:00","Fondo Errano_T0_2023","T0","AIR_HUM",63.8125
"2023-08-17 00:00:00","Fondo Errano_T0_2023","T0","SOLAR_RAD",214.47619047619
"2023-08-17 00:00:00","Fondo Errano_T0_2023","T0","WIND_SPEED",3.165
"2023-08-17 00:00:00","Fondo Errano_T0_2023","T0","AIR_TEMP",26.7883333333333
"2023-08-18 00:00:00","Fondo Errano_T0_2023","T0","AIR_TEMP",27.4497916666667
"2023-08-18 00:00:00","Fondo Errano_T0_2023","T0","WIND_SPEED",3.51
"2023-08-18 00:00:00","Fondo Errano_T0_2023","T0","SOLAR_RAD",242.934523809524
"2023-08-18 00:00:00","Fondo Errano_T0_2023","T0","BATTERY_TENS",3480.77083333333
"2023-08-18 00:00:00","Fondo Errano_T0_2023","T0","AIR_HUM",64.36875
"2023-08-18 00:00:00","Fondo Errano_T0_2023","T0","WIND_GUST_MAX",6.3375
"2023-08-18 00:00:00","Fondo Errano_T0_2023","T0","WIND_DIRECTION",142.479166666667
"2023-08-19 00:00:00","Fondo Errano_T0_2023","T0","SOLAR_RAD",249.553571428571
"2023-08-19 00:00:00","Fondo Errano_T0_2023","T0","BATTERY_TENS",3484.41666666667
"2023-08-19 00:00:00","Fondo Errano_T0_2023","T0","AIR_HUM",63.58125
"2023-08-19 00:00:00","Fondo Errano_T0_2023","T0","WIND_SPEED",3.7725
"2023-08-19 00:00:00","Fondo Errano_T0_2023","T0","WIND_DIRECTION",155.291666666667
"2023-08-19 00:00:00","Fondo Errano_T0_2023","T0","AIR_TEMP",27.7414583333333
"2023-08-19 00:00:00","Fondo Errano_T0_2023","T0","WIND_GUST_MAX",6.7425
"2023-08-20 00:00:00","Fondo Errano_T0_2023","T0","WIND_GUST_MAX",7.89
"2023-08-20 00:00:00","Fondo Errano_T0_2023","T0","WIND_DIRECTION",153.395833333333
"2023-08-20 00:00:00","Fondo Errano_T0_2023","T0","AIR_HUM",62.8625
"2023-08-20 00:00:00","Fondo Errano_T0_2023","T0","BATTERY_TENS",3490.5
"2023-08-20 00:00:00","Fondo Errano_T0_2023","T0","SOLAR_RAD",246.375
"2023-08-20 00:00:00","Fondo Errano_T0_2023","T0","AIR_TEMP",27.4191666666667
"2023-08-20 00:00:00","Fondo Errano_T0_2023","T0","WIND_SPEED",4.5
"2023-08-21 00:00:00","Fondo Errano_T0_2023","T0","BATTERY_TENS",3496.85416666667
"2023-08-21 00:00:00","Fondo Errano_T0_2023","T0","WIND_DIRECTION",171.833333333333
"2023-08-21 00:00:00","Fondo Errano_T0_2023","T0","WIND_GUST_MAX",7.335
"2023-08-21 00:00:00","Fondo Errano_T0_2023","T0","WIND_SPEED",4.2075
"2023-08-21 00:00:00","Fondo Errano_T0_2023","T0","AIR_HUM",61.5854166666667
"2023-08-21 00:00:00","Fondo Errano_T0_2023","T0","AIR_TEMP",27.7372916666667
"2023-08-21 00:00:00","Fondo Errano_T0_2023","T0","SOLAR_RAD",239.404761904762
"2023-08-22 00:00:00","Fondo Errano_T0_2023","T0","SOLAR_RAD",242.863095238095
"2023-08-22 00:00:00","Fondo Errano_T0_2023","T0","AIR_HUM",58.0833333333333
"2023-08-22 00:00:00","Fondo Errano_T0_2023","T0","BATTERY_TENS",3497.25
"2023-08-22 00:00:00","Fondo Errano_T0_2023","T0","AIR_TEMP",28.3754166666667
"2023-08-22 00:00:00","Fondo Errano_T0_2023","T0","WIND_SPEED",4.5825
"2023-08-22 00:00:00","Fondo Errano_T0_2023","T0","WIND_GUST_MAX",7.695
"2023-08-22 00:00:00","Fondo Errano_T0_2023","T0","WIND_DIRECTION",184.875
"2023-08-23 00:00:00","Fondo Errano_T0_2023","T0","AIR_TEMP",29.20625
"2023-08-23 00:00:00","Fondo Errano_T0_2023","T0","WIND_GUST_MAX",7.2075
"2023-08-23 00:00:00","Fondo Errano_T0_2023","T0","AIR_HUM",51.0791666666667
"2023-08-23 00:00:00","Fondo Errano_T0_2023","T0","SOLAR_RAD",244.839285714286
"2023-08-23 00:00:00","Fondo Errano_T0_2023","T0","WIND_DIRECTION",153.8125
"2023-08-23 00:00:00","Fondo Errano_T0_2023","T0","BATTERY_TENS",3493.95833333333
"2023-08-23 00:00:00","Fondo Errano_T0_2023","T0","WIND_SPEED",4.5075
"2023-08-24 00:00:00","Fondo Errano_T0_2023","T0","WIND_GUST_MAX",7.08
"2023-08-24 00:00:00","Fondo Errano_T0_2023","T0","SOLAR_RAD",232.672619047619
"2023-08-24 00:00:00","Fondo Errano_T0_2023","T0","BATTERY_TENS",3485.35416666667
"2023-08-24 00:00:00","Fondo Errano_T0_2023","T0","AIR_HUM",50.9333333333333
"2023-08-24 00:00:00","Fondo Errano_T0_2023","T0","WIND_SPEED",4.47
"2023-08-24 00:00:00","Fondo Errano_T0_2023","T0","AIR_TEMP",29.3345833333333
"2023-08-24 00:00:00","Fondo Errano_T0_2023","T0","WIND_DIRECTION",163.708333333333
"2023-08-25 00:00:00","Fondo Errano_T0_2023","T0","AIR_TEMP",29.9939583333333
"2023-08-25 00:00:00","Fondo Errano_T0_2023","T0","WIND_GUST_MAX",5.58
"2023-08-25 00:00:00","Fondo Errano_T0_2023","T0","BATTERY_TENS",3471.75
"2023-08-25 00:00:00","Fondo Errano_T0_2023","T0","AIR_HUM",53.86875
"2023-08-25 00:00:00","Fondo Errano_T0_2023","T0","SOLAR_RAD",230.595238095238
"2023-08-25 00:00:00","Fondo Errano_T0_2023","T0","WIND_SPEED",3.03
"2023-08-25 00:00:00","Fondo Errano_T0_2023","T0","WIND_DIRECTION",191.729166666667
"2023-08-26 00:00:00","Fondo Errano_T0_2023","T0","AIR_TEMP",29.9175
"2023-08-26 00:00:00","Fondo Errano_T0_2023","T0","BATTERY_TENS",3480.20833333333
"2023-08-26 00:00:00","Fondo Errano_T0_2023","T0","WIND_GUST_MAX",9.105
"2023-08-26 00:00:00","Fondo Errano_T0_2023","T0","SOLAR_RAD",230.095238095238
"2023-08-26 00:00:00","Fondo Errano_T0_2023","T0","WIND_SPEED",5.8725
"2023-08-26 00:00:00","Fondo Errano_T0_2023","T0","AIR_HUM",43.9791666666667
"2023-08-26 00:00:00","Fondo Errano_T0_2023","T0","WIND_DIRECTION",238.354166666667
"2023-08-27 00:00:00","Fondo Errano_T0_2023","T0","WIND_SPEED",2.19
"2023-08-27 00:00:00","Fondo Errano_T0_2023","T0","WIND_DIRECTION",205
"2023-08-27 00:00:00","Fondo Errano_T0_2023","T0","AIR_HUM",52.7729166666667
"2023-08-27 00:00:00","Fondo Errano_T0_2023","T0","AIR_TEMP",28.1983333333333
"2023-08-27 00:00:00","Fondo Errano_T0_2023","T0","BATTERY_TENS",3490.72916666667
"2023-08-27 00:00:00","Fondo Errano_T0_2023","T0","WIND_GUST_MAX",4.8375
"2023-08-27 00:00:00","Fondo Errano_T0_2023","T0","SOLAR_RAD",167.39880952381
"2023-08-28 00:00:00","Fondo Errano_T0_2023","T0","WIND_DIRECTION",172.604166666667
"2023-08-28 00:00:00","Fondo Errano_T0_2023","T0","WIND_SPEED",4.26
"2023-08-28 00:00:00","Fondo Errano_T0_2023","T0","AIR_TEMP",24.6679166666667
"2023-08-28 00:00:00","Fondo Errano_T0_2023","T0","SOLAR_RAD",150.565476190476
"2023-08-28 00:00:00","Fondo Errano_T0_2023","T0","AIR_HUM",60.7395833333334
"2023-08-28 00:00:00","Fondo Errano_T0_2023","T0","BATTERY_TENS",3475.14583333333
"2023-08-28 00:00:00","Fondo Errano_T0_2023","T0","WIND_GUST_MAX",8.835
"2023-08-29 00:00:00","Fondo Errano_T0_2023","T0","AIR_HUM",76.3297872340425
"2023-08-29 00:00:00","Fondo Errano_T0_2023","T0","AIR_TEMP",19.6036170212766
"2023-08-29 00:00:00","Fondo Errano_T0_2023","T0","SOLAR_RAD",143.495440729483
"2023-08-29 00:00:00","Fondo Errano_T0_2023","T0","WIND_SPEED",4.365
"2023-08-29 00:00:00","Fondo Errano_T0_2023","T0","WIND_GUST_MAX",7.6125
"2023-08-29 00:00:00","Fondo Errano_T0_2023","T0","WIND_DIRECTION",272.666666666667
"2023-08-29 00:00:00","Fondo Errano_T0_2023","T0","BATTERY_TENS",3461.02083333333
"2023-08-30 00:00:00","Fondo Errano_T0_2023","T0","WIND_SPEED",3.6375
"2023-08-30 00:00:00","Fondo Errano_T0_2023","T0","AIR_HUM",66.9958333333333
"2023-08-30 00:00:00","Fondo Errano_T0_2023","T0","BATTERY_TENS",3461.5
"2023-08-30 00:00:00","Fondo Errano_T0_2023","T0","WIND_GUST_MAX",6.24
"2023-08-30 00:00:00","Fondo Errano_T0_2023","T0","AIR_TEMP",20.6814583333333
"2023-08-30 00:00:00","Fondo Errano_T0_2023","T0","SOLAR_RAD",209.291666666667
"2023-08-30 00:00:00","Fondo Errano_T0_2023","T0","WIND_DIRECTION",198.333333333333
"2023-08-31 00:00:00","Fondo Errano_T0_2023","T0","BATTERY_TENS",3456.3125
"2023-08-31 00:00:00","Fondo Errano_T0_2023","T0","AIR_HUM",65.4020833333333
"2023-08-31 00:00:00","Fondo Errano_T0_2023","T0","WIND_DIRECTION",208.854166666667
"2023-08-31 00:00:00","Fondo Errano_T0_2023","T0","WIND_SPEED",2.7225
"2023-08-31 00:00:00","Fondo Errano_T0_2023","T0","AIR_TEMP",22.0910416666667
"2023-08-31 00:00:00","Fondo Errano_T0_2023","T0","SOLAR_RAD",145.047619047619
"2023-08-31 00:00:00","Fondo Errano_T0_2023","T0","WIND_GUST_MAX",5.4075
"2023-09-01 00:00:00","Fondo Errano_T0_2023","T0","WIND_DIRECTION",178.208333333333
"2023-09-01 00:00:00","Fondo Errano_T0_2023","T0","WIND_SPEED",4.0425
"2023-09-01 00:00:00","Fondo Errano_T0_2023","T0","AIR_HUM",60.6166666666667
"2023-09-01 00:00:00","Fondo Errano_T0_2023","T0","AIR_TEMP",23.7270833333333
"2023-09-01 00:00:00","Fondo Errano_T0_2023","T0","BATTERY_TENS",3461.16666666667
"2023-09-01 00:00:00","Fondo Errano_T0_2023","T0","SOLAR_RAD",223.761904761905
"2023-09-01 00:00:00","Fondo Errano_T0_2023","T0","WIND_GUST_MAX",6.81
"2023-09-02 00:00:00","Fondo Errano_T0_2023","T0","SOLAR_RAD",219.678571428571
"2023-09-02 00:00:00","Fondo Errano_T0_2023","T0","AIR_TEMP",23.6135416666667
"2023-09-02 00:00:00","Fondo Errano_T0_2023","T0","WIND_GUST_MAX",7.2825
"2023-09-02 00:00:00","Fondo Errano_T0_2023","T0","WIND_SPEED",4.095
"2023-09-02 00:00:00","Fondo Errano_T0_2023","T0","AIR_HUM",66.7479166666667
"2023-09-02 00:00:00","Fondo Errano_T0_2023","T0","BATTERY_TENS",3467.66666666667
"2023-09-02 00:00:00","Fondo Errano_T0_2023","T0","WIND_DIRECTION",131.020833333333
"2023-09-03 00:00:00","Fondo Errano_T0_2023","T0","WIND_SPEED",3.5625
"2023-09-03 00:00:00","Fondo Errano_T0_2023","T0","AIR_HUM",66.95
"2023-09-03 00:00:00","Fondo Errano_T0_2023","T0","AIR_TEMP",24.8091666666667
"2023-09-03 00:00:00","Fondo Errano_T0_2023","T0","BATTERY_TENS",3476.77083333333
"2023-09-03 00:00:00","Fondo Errano_T0_2023","T0","WIND_GUST_MAX",5.9625
"2023-09-03 00:00:00","Fondo Errano_T0_2023","T0","SOLAR_RAD",202.232142857143
"2023-09-03 00:00:00","Fondo Errano_T0_2023","T0","WIND_DIRECTION",151.125
"2023-09-04 00:00:00","Fondo Errano_T0_2023","T0","AIR_TEMP",22.9889583333333
"2023-09-04 00:00:00","Fondo Errano_T0_2023","T0","WIND_DIRECTION",150.4375
"2023-09-04 00:00:00","Fondo Errano_T0_2023","T0","SOLAR_RAD",206.898809523809
"2023-09-04 00:00:00","Fondo Errano_T0_2023","T0","WIND_GUST_MAX",8.6625
"2023-09-04 00:00:00","Fondo Errano_T0_2023","T0","WIND_SPEED",4.6875
"2023-09-04 00:00:00","Fondo Errano_T0_2023","T0","AIR_HUM",64.41875
"2023-09-04 00:00:00","Fondo Errano_T0_2023","T0","BATTERY_TENS",3477.14583333333
"2023-09-05 00:00:00","Fondo Errano_T0_2023","T0","WIND_SPEED",3.3375
"2023-09-05 00:00:00","Fondo Errano_T0_2023","T0","AIR_HUM",64.9645833333333
"2023-09-05 00:00:00","Fondo Errano_T0_2023","T0","SOLAR_RAD",169.690476190476
"2023-09-05 00:00:00","Fondo Errano_T0_2023","T0","BATTERY_TENS",3463.45833333333
"2023-09-05 00:00:00","Fondo Errano_T0_2023","T0","AIR_TEMP",20.534375
"2023-09-05 00:00:00","Fondo Errano_T0_2023","T0","WIND_DIRECTION",155.166666666667
"2023-09-05 00:00:00","Fondo Errano_T0_2023","T0","WIND_GUST_MAX",5.6775
"2023-09-06 00:00:00","Fondo Errano_T0_2023","T0","SOLAR_RAD",211.779761904762
"2023-09-06 00:00:00","Fondo Errano_T0_2023","T0","AIR_HUM",64.26875
"2023-09-06 00:00:00","Fondo Errano_T0_2023","T0","BATTERY_TENS",3460.5
"2023-09-06 00:00:00","Fondo Errano_T0_2023","T0","AIR_TEMP",21.379375
"2023-09-06 00:00:00","Fondo Errano_T0_2023","T0","WIND_SPEED",3.78
"2023-09-06 00:00:00","Fondo Errano_T0_2023","T0","WIND_DIRECTION",174.125
"2023-09-06 00:00:00","Fondo Errano_T0_2023","T0","WIND_GUST_MAX",6.795
"2023-09-07 00:00:00","Fondo Errano_T0_2023","T0","AIR_HUM",63.76875
"2023-09-07 00:00:00","Fondo Errano_T0_2023","T0","WIND_GUST_MAX",8.1268085106383
"2023-09-07 00:00:00","Fondo Errano_T0_2023","T0","SOLAR_RAD",206.607142857143
"2023-09-07 00:00:00","Fondo Errano_T0_2023","T0","WIND_DIRECTION",169.425531914894
"2023-09-07 00:00:00","Fondo Errano_T0_2023","T0","AIR_TEMP",22.2720833333333
"2023-09-07 00:00:00","Fondo Errano_T0_2023","T0","BATTERY_TENS",3456.63829787234
"2023-09-07 00:00:00","Fondo Errano_T0_2023","T0","WIND_SPEED",5.20851063829788
"2023-09-08 00:00:00","Fondo Errano_T0_2023","T0","WIND_DIRECTION",179.041666666667
"2023-09-08 00:00:00","Fondo Errano_T0_2023","T0","WIND_SPEED",4.245
"2023-09-08 00:00:00","Fondo Errano_T0_2023","T0","BATTERY_TENS",3453.97916666667
"2023-09-08 00:00:00","Fondo Errano_T0_2023","T0","SOLAR_RAD",202.625
"2023-09-08 00:00:00","Fondo Errano_T0_2023","T0","AIR_TEMP",22.6408333333333
"2023-09-08 00:00:00","Fondo Errano_T0_2023","T0","AIR_HUM",63.4104166666667
"2023-09-08 00:00:00","Fondo Errano_T0_2023","T0","WIND_GUST_MAX",6.8775
"2023-09-09 00:00:00","Fondo Errano_T0_2023","T0","WIND_GUST_MAX",7.6275
"2023-09-09 00:00:00","Fondo Errano_T0_2023","T0","WIND_SPEED",4.35
"2023-09-09 00:00:00","Fondo Errano_T0_2023","T0","AIR_TEMP",22.6010416666667
"2023-09-09 00:00:00","Fondo Errano_T0_2023","T0","BATTERY_TENS",3448.10416666667
"2023-09-09 00:00:00","Fondo Errano_T0_2023","T0","AIR_HUM",59.2166666666667
"2023-09-09 00:00:00","Fondo Errano_T0_2023","T0","WIND_DIRECTION",193.833333333333
"2023-09-09 00:00:00","Fondo Errano_T0_2023","T0","SOLAR_RAD",202.940476190476
"2023-09-10 00:00:00","Fondo Errano_T0_2023","T0","WIND_SPEED",4.4625
"2023-09-10 00:00:00","Fondo Errano_T0_2023","T0","BATTERY_TENS",3443.9375
"2023-09-10 00:00:00","Fondo Errano_T0_2023","T0","WIND_DIRECTION",193.833333333333
"2023-09-10 00:00:00","Fondo Errano_T0_2023","T0","SOLAR_RAD",198.767857142857
"2023-09-10 00:00:00","Fondo Errano_T0_2023","T0","AIR_HUM",56.825
"2023-09-10 00:00:00","Fondo Errano_T0_2023","T0","AIR_TEMP",23.24
"2023-09-10 00:00:00","Fondo Errano_T0_2023","T0","WIND_GUST_MAX",6.8325
"2023-09-11 00:00:00","Fondo Errano_T0_2023","T0","AIR_HUM",56.7333333333333
"2023-09-11 00:00:00","Fondo Errano_T0_2023","T0","WIND_SPEED",4.05
"2023-09-11 00:00:00","Fondo Errano_T0_2023","T0","AIR_TEMP",24.4822916666667
"2023-09-11 00:00:00","Fondo Errano_T0_2023","T0","SOLAR_RAD",196.982142857143
"2023-09-11 00:00:00","Fondo Errano_T0_2023","T0","WIND_DIRECTION",179.604166666667
"2023-09-11 00:00:00","Fondo Errano_T0_2023","T0","WIND_GUST_MAX",7.05
"2023-09-11 00:00:00","Fondo Errano_T0_2023","T0","BATTERY_TENS",3439.77083333333
"2023-09-12 00:00:00","Fondo Errano_T0_2023","T0","AIR_TEMP",24.6660416666667
"2023-09-12 00:00:00","Fondo Errano_T0_2023","T0","BATTERY_TENS",3439.66666666667
"2023-09-12 00:00:00","Fondo Errano_T0_2023","T0","WIND_DIRECTION",164.666666666667
"2023-09-12 00:00:00","Fondo Errano_T0_2023","T0","AIR_HUM",54.3104166666667
"2023-09-12 00:00:00","Fondo Errano_T0_2023","T0","WIND_SPEED",4.02
"2023-09-12 00:00:00","Fondo Errano_T0_2023","T0","SOLAR_RAD",192.928571428571
"2023-09-12 00:00:00","Fondo Errano_T0_2023","T0","WIND_GUST_MAX",6.6075
"2023-09-13 00:00:00","Fondo Errano_T0_2023","T0","WIND_SPEED",2.8725
"2023-09-13 00:00:00","Fondo Errano_T0_2023","T0","WIND_GUST_MAX",5.46
"2023-09-13 00:00:00","Fondo Errano_T0_2023","T0","AIR_HUM",62.54375
"2023-09-13 00:00:00","Fondo Errano_T0_2023","T0","AIR_TEMP",23.2439583333333
"2023-09-13 00:00:00","Fondo Errano_T0_2023","T0","SOLAR_RAD",94.0178571428572
"2023-09-13 00:00:00","Fondo Errano_T0_2023","T0","BATTERY_TENS",3430.0625
"2023-09-13 00:00:00","Fondo Errano_T0_2023","T0","WIND_DIRECTION",240.5
"2023-09-14 00:00:00","Fondo Errano_T0_2023","T0","WIND_GUST_MAX",6.5475
"2023-09-14 00:00:00","Fondo Errano_T0_2023","T0","AIR_TEMP",23.2891489361702
"2023-09-14 00:00:00","Fondo Errano_T0_2023","T0","AIR_HUM",67.5170212765957
"2023-09-14 00:00:00","Fondo Errano_T0_2023","T0","WIND_DIRECTION",173.645833333333
"2023-09-14 00:00:00","Fondo Errano_T0_2023","T0","BATTERY_TENS",3430.89583333333
"2023-09-14 00:00:00","Fondo Errano_T0_2023","T0","SOLAR_RAD",168.936170212766
"2023-09-14 00:00:00","Fondo Errano_T0_2023","T0","WIND_SPEED",3.4575
"2023-09-15 00:00:00","Fondo Errano_T0_2023","T0","WIND_GUST_MAX",5.4525
"2023-09-15 00:00:00","Fondo Errano_T0_2023","T0","WIND_DIRECTION",161
"2023-09-15 00:00:00","Fondo Errano_T0_2023","T0","BATTERY_TENS",3431.66666666667
"2023-09-15 00:00:00","Fondo Errano_T0_2023","T0","AIR_HUM",75.1604166666666
"2023-09-15 00:00:00","Fondo Errano_T0_2023","T0","SOLAR_RAD",150.571428571429
"2023-09-15 00:00:00","Fondo Errano_T0_2023","T0","WIND_SPEED",3.135
"2023-09-15 00:00:00","Fondo Errano_T0_2023","T0","AIR_TEMP",22.350625
"2023-09-16 00:00:00","Fondo Errano_T0_2023","T0","AIR_HUM",78.2125
"2023-09-16 00:00:00","Fondo Errano_T0_2023","T0","WIND_DIRECTION",140.333333333333
"2023-09-16 00:00:00","Fondo Errano_T0_2023","T0","WIND_SPEED",3.0075
"2023-09-16 00:00:00","Fondo Errano_T0_2023","T0","WIND_GUST_MAX",5.5125
"2023-09-16 00:00:00","Fondo Errano_T0_2023","T0","AIR_TEMP",21.9525
"2023-09-16 00:00:00","Fondo Errano_T0_2023","T0","SOLAR_RAD",139.845238095238
"2023-09-16 00:00:00","Fondo Errano_T0_2023","T0","BATTERY_TENS",3429.41666666667
"2023-09-17 00:00:00","Fondo Errano_T0_2023","T0","WIND_DIRECTION",169.5625
"2023-09-17 00:00:00","Fondo Errano_T0_2023","T0","AIR_HUM",75.4
"2023-09-17 00:00:00","Fondo Errano_T0_2023","T0","WIND_GUST_MAX",4.3425
"2023-09-17 00:00:00","Fondo Errano_T0_2023","T0","AIR_TEMP",23.6485416666667
"2023-09-17 00:00:00","Fondo Errano_T0_2023","T0","SOLAR_RAD",154.327380952381
"2023-09-17 00:00:00","Fondo Errano_T0_2023","T0","WIND_SPEED",1.9875
"2023-09-17 00:00:00","Fondo Errano_T0_2023","T0","BATTERY_TENS",3431.79166666667
"2023-09-18 00:00:00","Fondo Errano_T0_2023","T0","AIR_TEMP",23.459375
"2023-09-18 00:00:00","Fondo Errano_T0_2023","T0","WIND_GUST_MAX",6.5025
"2023-09-18 00:00:00","Fondo Errano_T0_2023","T0","WIND_SPEED",3.1725
"2023-09-18 00:00:00","Fondo Errano_T0_2023","T0","SOLAR_RAD",64.7619047619047
"2023-09-18 00:00:00","Fondo Errano_T0_2023","T0","AIR_HUM",72.93125
"2023-09-18 00:00:00","Fondo Errano_T0_2023","T0","WIND_DIRECTION",191.229166666667
"2023-09-18 00:00:00","Fondo Errano_T0_2023","T0","BATTERY_TENS",3441.97916666667
"2023-09-19 00:00:00","Fondo Errano_T0_2023","T0","AIR_HUM",52.6854166666667
"2023-09-19 00:00:00","Fondo Errano_T0_2023","T0","WIND_DIRECTION",233.8125
"2023-09-19 00:00:00","Fondo Errano_T0_2023","T0","WIND_SPEED",5.9025
"2023-09-19 00:00:00","Fondo Errano_T0_2023","T0","AIR_TEMP",26.454375
"2023-09-19 00:00:00","Fondo Errano_T0_2023","T0","SOLAR_RAD",182.220238095238
"2023-09-19 00:00:00","Fondo Errano_T0_2023","T0","BATTERY_TENS",3446.08333333333
"2023-09-19 00:00:00","Fondo Errano_T0_2023","T0","WIND_GUST_MAX",10.605
"2023-09-20 00:00:00","Fondo Errano_T0_2023","T0","WIND_SPEED",1.39404255319149
"2023-09-20 00:00:00","Fondo Errano_T0_2023","T0","AIR_TEMP",22.0016666666667
"2023-09-20 00:00:00","Fondo Errano_T0_2023","T0","WIND_GUST_MAX",3.25531914893617
"2023-09-20 00:00:00","Fondo Errano_T0_2023","T0","WIND_DIRECTION",195.127659574468
"2023-09-20 00:00:00","Fondo Errano_T0_2023","T0","BATTERY_TENS",3432.1914893617
"2023-09-20 00:00:00","Fondo Errano_T0_2023","T0","SOLAR_RAD",94.0654761904762
"2023-09-20 00:00:00","Fondo Errano_T0_2023","T0","AIR_HUM",69.4479166666667
"2023-09-21 00:00:00","Fondo Errano_T0_2023","T0","AIR_HUM",70.2375
"2023-09-21 00:00:00","Fondo Errano_T0_2023","T0","WIND_DIRECTION",239.916666666667
"2023-09-21 00:00:00","Fondo Errano_T0_2023","T0","WIND_GUST_MAX",5.7075
"2023-09-21 00:00:00","Fondo Errano_T0_2023","T0","AIR_TEMP",22.1075
"2023-09-21 00:00:00","Fondo Errano_T0_2023","T0","BATTERY_TENS",3425.95833333333
"2023-09-21 00:00:00","Fondo Errano_T0_2023","T0","SOLAR_RAD",154.982142857143
"2023-09-21 00:00:00","Fondo Errano_T0_2023","T0","WIND_SPEED",2.6625
"2023-09-22 00:00:00","Fondo Errano_T0_2023","T0","BATTERY_TENS",3420.58333333333
"2023-09-22 00:00:00","Fondo Errano_T0_2023","T0","WIND_GUST_MAX",5.625
"2023-09-22 00:00:00","Fondo Errano_T0_2023","T0","AIR_HUM",78.5208333333333
"2023-09-22 00:00:00","Fondo Errano_T0_2023","T0","WIND_SPEED",2.175
"2023-09-22 00:00:00","Fondo Errano_T0_2023","T0","WIND_DIRECTION",231.625
"2023-09-22 00:00:00","Fondo Errano_T0_2023","T0","SOLAR_RAD",55.9642857142857
"2023-09-22 00:00:00","Fondo Errano_T0_2023","T0","AIR_TEMP",20.9452083333333
"2023-09-23 00:00:00","Fondo Errano_T0_2023","T0","WIND_DIRECTION",232.229166666667
"2023-09-23 00:00:00","Fondo Errano_T0_2023","T0","WIND_GUST_MAX",8.7
"2023-09-23 00:00:00","Fondo Errano_T0_2023","T0","BATTERY_TENS",3416.45833333333
"2023-09-23 00:00:00","Fondo Errano_T0_2023","T0","AIR_HUM",60.5333333333333
"2023-09-23 00:00:00","Fondo Errano_T0_2023","T0","WIND_SPEED",4.9425
"2023-09-23 00:00:00","Fondo Errano_T0_2023","T0","SOLAR_RAD",173
"2023-09-23 00:00:00","Fondo Errano_T0_2023","T0","AIR_TEMP",21.394375
"2023-09-24 00:00:00","Fondo Errano_T0_2023","T0","SOLAR_RAD",85.9047619047619
"2023-09-24 00:00:00","Fondo Errano_T0_2023","T0","WIND_GUST_MAX",5.8275
"2023-09-24 00:00:00","Fondo Errano_T0_2023","T0","BATTERY_TENS",3406.125
"2023-09-24 00:00:00","Fondo Errano_T0_2023","T0","WIND_SPEED",2.79
"2023-09-24 00:00:00","Fondo Errano_T0_2023","T0","WIND_DIRECTION",205.145833333333
"2023-09-24 00:00:00","Fondo Errano_T0_2023","T0","AIR_TEMP",16.9741666666667
"2023-09-24 00:00:00","Fondo Errano_T0_2023","T0","AIR_HUM",77.7395833333333
"2023-09-25 00:00:00","Fondo Errano_T0_2023","T0","BATTERY_TENS",3413.16666666667
"2023-09-25 00:00:00","Fondo Errano_T0_2023","T0","WIND_SPEED",3.5475
"2023-09-25 00:00:00","Fondo Errano_T0_2023","T0","SOLAR_RAD",103.672619047619
"2023-09-25 00:00:00","Fondo Errano_T0_2023","T0","AIR_TEMP",18.15375
"2023-09-25 00:00:00","Fondo Errano_T0_2023","T0","WIND_GUST_MAX",6.555
"2023-09-25 00:00:00","Fondo Errano_T0_2023","T0","WIND_DIRECTION",217.1875
"2023-09-25 00:00:00","Fondo Errano_T0_2023","T0","AIR_HUM",73.0229166666667
"2023-09-26 00:00:00","Fondo Errano_T0_2023","T0","ET0",1.50374627674237
"2023-09-26 00:00:00","Fondo Errano_T0_2023","T0","BIG",-1.50374627674237
"2023-09-26 00:00:00","Fondo Errano_T0_2023","T0","WIND_SPEED",3.97531914893617
"2023-09-26 00:00:00","Fondo Errano_T0_2023","T0","WIND_GUST_MAX",6.61787234042554
"2023-09-26 00:00:00","Fondo Errano_T0_2023","T0","BIP",-118.299688645231
"2023-09-26 00:00:00","Fondo Errano_T0_2023","T0","AIR_TEMP",19.0597916666667
"2023-09-26 00:00:00","Fondo Errano_T0_2023","T0","SOLAR_RAD",135.059523809524
"2023-09-26 00:00:00","Fondo Errano_T0_2023","T0","WIND_DIRECTION",218.382978723404
"2023-09-26 00:00:00","Fondo Errano_T0_2023","T0","AIR_HUM",76.6729166666667
"2023-09-26 00:00:00","Fondo Errano_T0_2023","T0","BATTERY_TENS",3400.27659574468
"2023-09-27 00:00:00","Fondo Errano_T0_2023","T0","AIR_HUM",71.4645833333333
"2023-09-27 00:00:00","Fondo Errano_T0_2023","T0","WIND_GUST_MAX",6.75
"2023-09-27 00:00:00","Fondo Errano_T0_2023","T0","WIND_SPEED",3.9825
"2023-09-27 00:00:00","Fondo Errano_T0_2023","T0","AIR_TEMP",20.2345833333333
"2023-09-27 00:00:00","Fondo Errano_T0_2023","T0","BATTERY_TENS",3397.39583333333
"2023-09-27 00:00:00","Fondo Errano_T0_2023","T0","SOLAR_RAD",147.505952380952
"2023-09-27 00:00:00","Fondo Errano_T0_2023","T0","WIND_DIRECTION",213.5
"2023-09-28 00:00:00","Fondo Errano_T0_2023","T0","WIND_DIRECTION",244.041666666667
"2023-09-28 00:00:00","Fondo Errano_T0_2023","T0","SOLAR_RAD",157.261904761905
"2023-09-28 00:00:00","Fondo Errano_T0_2023","T0","AIR_TEMP",20.1120833333333
"2023-09-28 00:00:00","Fondo Errano_T0_2023","T0","AIR_HUM",66.6895833333333
"2023-09-28 00:00:00","Fondo Errano_T0_2023","T0","BATTERY_TENS",3396.97916666667
"2023-09-28 00:00:00","Fondo Errano_T0_2023","T0","WIND_SPEED",3.96
"2023-09-28 00:00:00","Fondo Errano_T0_2023","T0","WIND_GUST_MAX",6.495
"2023-09-29 00:00:00","Fondo Errano_T0_2023","T0","SOLAR_RAD",154.113095238095
"2023-09-29 00:00:00","Fondo Errano_T0_2023","T0","AIR_HUM",62.8625
"2023-09-29 00:00:00","Fondo Errano_T0_2023","T0","WIND_GUST_MAX",7.1475
"2023-09-29 00:00:00","Fondo Errano_T0_2023","T0","AIR_TEMP",20.18125
"2023-09-29 00:00:00","Fondo Errano_T0_2023","T0","BATTERY_TENS",3410.6875
"2023-09-29 00:00:00","Fondo Errano_T0_2023","T0","WIND_SPEED",4.5375
"2023-09-29 00:00:00","Fondo Errano_T0_2023","T0","WIND_DIRECTION",226.770833333333
"2023-09-30 00:00:00","Fondo Errano_T0_2023","T0","SOLAR_RAD",153.434523809524
"2023-09-30 00:00:00","Fondo Errano_T0_2023","T0","WIND_DIRECTION",169.9375
"2023-09-30 00:00:00","Fondo Errano_T0_2023","T0","BATTERY_TENS",3417.375
"2023-09-30 00:00:00","Fondo Errano_T0_2023","T0","AIR_TEMP",20.5395833333333
"2023-09-30 00:00:00","Fondo Errano_T0_2023","T0","AIR_HUM",59.5208333333333
"2023-09-30 00:00:00","Fondo Errano_T0_2023","T0","WIND_GUST_MAX",7.1025
"2023-09-30 00:00:00","Fondo Errano_T0_2023","T0","WIND_SPEED",4.395
"2023-10-01 00:00:00","Fondo Errano_T0_2023","T0","WIND_SPEED",3.645
"2023-10-01 00:00:00","Fondo Errano_T0_2023","T0","WIND_DIRECTION",150.125
"2023-10-01 00:00:00","Fondo Errano_T0_2023","T0","SOLAR_RAD",147.77380952381
"2023-10-01 00:00:00","Fondo Errano_T0_2023","T0","BATTERY_TENS",3417.625
"2023-10-01 00:00:00","Fondo Errano_T0_2023","T0","AIR_HUM",61.6145833333333
"2023-10-01 00:00:00","Fondo Errano_T0_2023","T0","WIND_GUST_MAX",6.27
"2023-10-01 00:00:00","Fondo Errano_T0_2023","T0","AIR_TEMP",20.3970833333333
"2023-10-02 00:00:00","Fondo Errano_T0_2023","T0","WIND_GUST_MAX",6.7575
"2023-10-02 00:00:00","Fondo Errano_T0_2023","T0","BATTERY_TENS",3423.47916666667
"2023-10-02 00:00:00","Fondo Errano_T0_2023","T0","WIND_DIRECTION",150.958333333333
"2023-10-02 00:00:00","Fondo Errano_T0_2023","T0","WIND_SPEED",4.23
"2023-10-02 00:00:00","Fondo Errano_T0_2023","T0","SOLAR_RAD",149.166666666667
"2023-10-02 00:00:00","Fondo Errano_T0_2023","T0","AIR_HUM",65.9375
"2023-10-02 00:00:00","Fondo Errano_T0_2023","T0","AIR_TEMP",20.9629166666667
"2023-10-03 00:00:00","Fondo Errano_T0_2023","T0","WIND_SPEED",3.4725
"2023-10-03 00:00:00","Fondo Errano_T0_2023","T0","WIND_GUST_MAX",5.8425
"2023-10-03 00:00:00","Fondo Errano_T0_2023","T0","AIR_TEMP",21.3982978723404
"2023-10-03 00:00:00","Fondo Errano_T0_2023","T0","BATTERY_TENS",3429.41666666667
"2023-10-03 00:00:00","Fondo Errano_T0_2023","T0","AIR_HUM",63.9872340425532
"2023-10-03 00:00:00","Fondo Errano_T0_2023","T0","WIND_DIRECTION",174.4375
"2023-10-03 00:00:00","Fondo Errano_T0_2023","T0","SOLAR_RAD",138.978723404255
"2023-10-04 00:00:00","Fondo Errano_T0_2023","T0","AIR_TEMP",21.5872916666667
"2023-10-04 00:00:00","Fondo Errano_T0_2023","T0","WIND_GUST_MAX",5.565
"2023-10-04 00:00:00","Fondo Errano_T0_2023","T0","BATTERY_TENS",3439.375
"2023-10-04 00:00:00","Fondo Errano_T0_2023","T0","SOLAR_RAD",122.017857142857
"2023-10-04 00:00:00","Fondo Errano_T0_2023","T0","WIND_SPEED",2.9925
"2023-10-04 00:00:00","Fondo Errano_T0_2023","T0","WIND_DIRECTION",155.208333333333
"2023-10-04 00:00:00","Fondo Errano_T0_2023","T0","AIR_HUM",65.8729166666667
"2023-10-05 00:00:00","Fondo Errano_T0_2023","T0","SOLAR_RAD",131.059523809524
"2023-10-05 00:00:00","Fondo Errano_T0_2023","T0","WIND_SPEED",1.7325
"2023-10-05 00:00:00","Fondo Errano_T0_2023","T0","WIND_DIRECTION",143.854166666667
"2023-10-05 00:00:00","Fondo Errano_T0_2023","T0","AIR_HUM",76.775
"2023-10-05 00:00:00","Fondo Errano_T0_2023","T0","WIND_GUST_MAX",3.36
"2023-10-05 00:00:00","Fondo Errano_T0_2023","T0","AIR_TEMP",20.5191666666667
"2023-10-05 00:00:00","Fondo Errano_T0_2023","T0","BATTERY_TENS",3442.54166666667
"2023-10-06 00:00:00","Fondo Errano_T0_2023","T0","AIR_HUM",72.2895833333333
"2023-10-06 00:00:00","Fondo Errano_T0_2023","T0","SOLAR_RAD",124.904761904762
"2023-10-06 00:00:00","Fondo Errano_T0_2023","T0","WIND_DIRECTION",170.583333333333
"2023-10-06 00:00:00","Fondo Errano_T0_2023","T0","WIND_SPEED",2.775
"2023-10-06 00:00:00","Fondo Errano_T0_2023","T0","WIND_GUST_MAX",5.2575
"2023-10-06 00:00:00","Fondo Errano_T0_2023","T0","AIR_TEMP",20.3441666666667
"2023-10-06 00:00:00","Fondo Errano_T0_2023","T0","BATTERY_TENS",3443.8125
"2023-10-07 00:00:00","Fondo Errano_T0_2023","T0","WIND_GUST_MAX",6.3525
"2023-10-07 00:00:00","Fondo Errano_T0_2023","T0","AIR_TEMP",20.300625
"2023-10-07 00:00:00","Fondo Errano_T0_2023","T0","WIND_SPEED",3.66
"2023-10-07 00:00:00","Fondo Errano_T0_2023","T0","AIR_HUM",68.8166666666667
"2023-10-07 00:00:00","Fondo Errano_T0_2023","T0","SOLAR_RAD",135.095238095238
"2023-10-07 00:00:00","Fondo Errano_T0_2023","T0","WIND_DIRECTION",178.75
"2023-10-07 00:00:00","Fondo Errano_T0_2023","T0","BATTERY_TENS",3445.3125
"2023-10-08 00:00:00","Fondo Errano_T0_2023","T0","SOLAR_RAD",132.392857142857
"2023-10-08 00:00:00","Fondo Errano_T0_2023","T0","WIND_DIRECTION",178.604166666667
"2023-10-08 00:00:00","Fondo Errano_T0_2023","T0","WIND_GUST_MAX",6.3075
"2023-10-08 00:00:00","Fondo Errano_T0_2023","T0","BATTERY_TENS",3451.5
"2023-10-08 00:00:00","Fondo Errano_T0_2023","T0","AIR_HUM",67.3479166666667
"2023-10-08 00:00:00","Fondo Errano_T0_2023","T0","AIR_TEMP",22.223125
"2023-10-08 00:00:00","Fondo Errano_T0_2023","T0","WIND_SPEED",3.3075
"2023-10-09 00:00:00","Fondo Errano_T0_2023","T0","AIR_HUM",51.4416666666667
"2023-10-09 00:00:00","Fondo Errano_T0_2023","T0","WIND_GUST_MAX",7.5075
"2023-10-09 00:00:00","Fondo Errano_T0_2023","T0","SOLAR_RAD",131.547619047619
"2023-10-09 00:00:00","Fondo Errano_T0_2023","T0","WIND_DIRECTION",193.916666666667
"2023-10-09 00:00:00","Fondo Errano_T0_2023","T0","WIND_SPEED",4.125
"2023-10-09 00:00:00","Fondo Errano_T0_2023","T0","BATTERY_TENS",3456.91666666667
"2023-10-09 00:00:00","Fondo Errano_T0_2023","T0","AIR_TEMP",24.635
"2023-10-10 00:00:00","Fondo Errano_T0_2023","T0","WIND_GUST_MAX",5.6325
"2023-10-10 00:00:00","Fondo Errano_T0_2023","T0","SOLAR_RAD",132.363095238095
"2023-10-10 00:00:00","Fondo Errano_T0_2023","T0","BATTERY_TENS",3448.29166666667
"2023-10-10 00:00:00","Fondo Errano_T0_2023","T0","WIND_DIRECTION",142.125
"2023-10-10 00:00:00","Fondo Errano_T0_2023","T0","AIR_TEMP",22.7985416666667
"2023-10-10 00:00:00","Fondo Errano_T0_2023","T0","AIR_HUM",59.75
"2023-10-10 00:00:00","Fondo Errano_T0_2023","T0","WIND_SPEED",3.1575
"2023-10-11 00:00:00","Fondo Errano_T0_2023","T0","AIR_HUM",80.5270833333333
"2023-10-11 00:00:00","Fondo Errano_T0_2023","T0","WIND_DIRECTION",169.458333333333
"2023-10-11 00:00:00","Fondo Errano_T0_2023","T0","AIR_TEMP",19.39875
"2023-10-11 00:00:00","Fondo Errano_T0_2023","T0","BATTERY_TENS",3423.45833333333
"2023-10-11 00:00:00","Fondo Errano_T0_2023","T0","WIND_GUST_MAX",4.635
"2023-10-11 00:00:00","Fondo Errano_T0_2023","T0","SOLAR_RAD",123.535714285714
"2023-10-11 00:00:00","Fondo Errano_T0_2023","T0","WIND_SPEED",2.0925
"2023-10-12 00:00:00","Fondo Errano_T0_2023","T0","BATTERY_TENS",3416.33333333333
"2023-10-12 00:00:00","Fondo Errano_T0_2023","T0","WIND_GUST_MAX",5.415
"2023-10-12 00:00:00","Fondo Errano_T0_2023","T0","WIND_DIRECTION",173.916666666667
"2023-10-12 00:00:00","Fondo Errano_T0_2023","T0","WIND_SPEED",2.5275
"2023-10-12 00:00:00","Fondo Errano_T0_2023","T0","AIR_TEMP",20.41625
"2023-10-12 00:00:00","Fondo Errano_T0_2023","T0","AIR_HUM",75.0291666666667
"2023-10-12 00:00:00","Fondo Errano_T0_2023","T0","SOLAR_RAD",115.214285714286
"2023-10-13 00:00:00","Fondo Errano_T0_2023","T0","BIG",-1.35296210424771
"2023-10-13 00:00:00","Fondo Errano_T0_2023","T0","SOLAR_RAD",105.920972644377
"2023-10-13 00:00:00","Fondo Errano_T0_2023","T0","BIP",-147.296065618071
"2023-10-13 00:00:00","Fondo Errano_T0_2023","T0","WIND_GUST_MAX",4.785
"2023-10-13 00:00:00","Fondo Errano_T0_2023","T0","AIR_TEMP",19.9187234042553
"2023-10-13 00:00:00","Fondo Errano_T0_2023","T0","WIND_DIRECTION",184.479166666667
"2023-10-13 00:00:00","Fondo Errano_T0_2023","T0","ET0",1.35296210424771
"2023-10-13 00:00:00","Fondo Errano_T0_2023","T0","WIND_SPEED",2.085
"2023-10-13 00:00:00","Fondo Errano_T0_2023","T0","AIR_HUM",73.2170212765958
"2023-10-13 00:00:00","Fondo Errano_T0_2023","T0","BATTERY_TENS",3421.6875
"2023-10-14 00:00:00","Fondo Errano_T0_2023","T0","ET0",1.52024114836295
"2023-10-14 00:00:00","Fondo Errano_T0_2023","T0","BIG",-1.52024114836295
"2023-10-14 00:00:00","Fondo Errano_T0_2023","T0","AIR_TEMP",19.94
"2023-10-14 00:00:00","Fondo Errano_T0_2023","T0","WIND_GUST_MAX",7.5525
"2023-10-14 00:00:00","Fondo Errano_T0_2023","T0","SOLAR_RAD",117.595238095238
"2023-10-14 00:00:00","Fondo Errano_T0_2023","T0","WINKLER_INDEX_GROWTH",6270.59890992341
"2023-10-14 00:00:00","Fondo Errano_T0_2023","T0","WIND_DIRECTION",228.625
"2023-10-14 00:00:00","Fondo Errano_T0_2023","T0","BATTERY_TENS",3426.58333333333
"2023-10-14 00:00:00","Fondo Errano_T0_2023","T0","AIR_HUM",68.10625
"2023-10-14 00:00:00","Fondo Errano_T0_2023","T0","WINKLER_INDEX",9.93999999999999
"2023-10-14 00:00:00","Fondo Errano_T0_2023","T0","WIND_SPEED",4.3875
"2023-10-14 00:00:00","Fondo Errano_T0_2023","T0","BIP",-148.816306766434
"2023-10-15 00:00:00","Fondo Errano_T0_2023","T0","WINKLER_INDEX",11.6097916666667
"2023-10-15 00:00:00","Fondo Errano_T0_2023","T0","BIP",-148.210481670117
"2023-10-15 00:00:00","Fondo Errano_T0_2023","T0","WIND_DIRECTION",216.645833333333
"2023-10-15 00:00:00","Fondo Errano_T0_2023","T0","AIR_HUM",66.3145833333333
"2023-10-15 00:00:00","Fondo Errano_T0_2023","T0","WIND_GUST_MAX",8.7975
"2023-10-15 00:00:00","Fondo Errano_T0_2023","T0","AIR_TEMP",21.6097916666667
"2023-10-15 00:00:00","Fondo Errano_T0_2023","T0","ET0",1.19417490368317
"2023-10-15 00:00:00","Fondo Errano_T0_2023","T0","WIND_SPEED",5.1825
"2023-10-15 00:00:00","Fondo Errano_T0_2023","T0","WINKLER_INDEX_GROWTH",6282.20870159008
"2023-10-15 00:00:00","Fondo Errano_T0_2023","T0","BIG",0.605825096316832
"2023-10-15 00:00:00","Fondo Errano_T0_2023","T0","SOLAR_RAD",110.255952380952
"2023-10-15 00:00:00","Fondo Errano_T0_2023","T0","BATTERY_TENS",3432.47916666667
"2023-10-16 00:00:00","Fondo Errano_T0_2023","T0","WIND_GUST_MAX",3.6975
"2023-10-16 00:00:00","Fondo Errano_T0_2023","T0","AIR_HUM",82.1510638297872
"2023-10-16 00:00:00","Fondo Errano_T0_2023","T0","BATTERY_TENS",3423.1875
"2023-10-16 00:00:00","Fondo Errano_T0_2023","T0","AIR_TEMP",14.493829787234
"2023-10-16 00:00:00","Fondo Errano_T0_2023","T0","WIND_SPEED",1.5075
"2023-10-16 00:00:00","Fondo Errano_T0_2023","T0","SOLAR_RAD",36.3768996960486
"2023-10-16 00:00:00","Fondo Errano_T0_2023","T0","WIND_DIRECTION",102.354166666667
"2023-10-17 00:00:00","Fondo Errano_T0_2023","T0","WIND_GUST_MAX",3.0375
"2023-10-17 00:00:00","Fondo Errano_T0_2023","T0","WIND_SPEED",1.785
"2023-10-17 00:00:00","Fondo Errano_T0_2023","T0","AIR_HUM",73.7833333333333
"2023-10-17 00:00:00","Fondo Errano_T0_2023","T0","WIND_DIRECTION",147.104166666667
"2023-10-17 00:00:00","Fondo Errano_T0_2023","T0","BATTERY_TENS",3420.16666666667
"2023-10-17 00:00:00","Fondo Errano_T0_2023","T0","SOLAR_RAD",67.0654761904762
"2023-10-17 00:00:00","Fondo Errano_T0_2023","T0","AIR_TEMP",14.7735416666667
"2023-10-18 00:00:00","Fondo Errano_T0_2023","T0","AIR_TEMP",12.7027659574468
"2023-10-18 00:00:00","Fondo Errano_T0_2023","T0","WIND_SPEED",1.275
"2023-10-18 00:00:00","Fondo Errano_T0_2023","T0","BATTERY_TENS",3402.04166666667
"2023-10-18 00:00:00","Fondo Errano_T0_2023","T0","WIND_DIRECTION",267.875
"2023-10-18 00:00:00","Fondo Errano_T0_2023","T0","WIND_GUST_MAX",2.4225
"2023-10-18 00:00:00","Fondo Errano_T0_2023","T0","SOLAR_RAD",25.4103343465046
"2023-10-18 00:00:00","Fondo Errano_T0_2023","T0","AIR_HUM",91.3191489361702
"2023-10-19 00:00:00","Fondo Errano_T0_2023","T0","SOLAR_RAD",40.5773809523809
"2023-10-19 00:00:00","Fondo Errano_T0_2023","T0","AIR_TEMP",12.2039583333333
"2023-10-19 00:00:00","Fondo Errano_T0_2023","T0","AIR_HUM",94.8729166666666
"2023-10-19 00:00:00","Fondo Errano_T0_2023","T0","WIND_GUST_MAX",3.2175
"2023-10-19 00:00:00","Fondo Errano_T0_2023","T0","WIND_DIRECTION",109.541666666667
"2023-10-19 00:00:00","Fondo Errano_T0_2023","T0","BATTERY_TENS",3398.77083333333
"2023-10-19 00:00:00","Fondo Errano_T0_2023","T0","WIND_SPEED",0.8175
"2023-10-20 00:00:00","Fondo Errano_T0_2023","T0","AIR_HUM",72.6208333333333
"2023-10-20 00:00:00","Fondo Errano_T0_2023","T0","BATTERY_TENS",3415.3125
"2023-10-20 00:00:00","Fondo Errano_T0_2023","T0","AIR_TEMP",21.2289583333333
"2023-10-20 00:00:00","Fondo Errano_T0_2023","T0","WIND_SPEED",4.125
"2023-10-20 00:00:00","Fondo Errano_T0_2023","T0","WIND_DIRECTION",212.958333333333
"2023-10-20 00:00:00","Fondo Errano_T0_2023","T0","SOLAR_RAD",80.8154761904762
"2023-10-20 00:00:00","Fondo Errano_T0_2023","T0","WIND_GUST_MAX",7.965
"2023-10-21 00:00:00","Fondo Errano_T0_2023","T0","AIR_TEMP",18.1935416666667
"2023-10-21 00:00:00","Fondo Errano_T0_2023","T0","WIND_GUST_MAX",6.5175
"2023-10-21 00:00:00","Fondo Errano_T0_2023","T0","SOLAR_RAD",69.2916666666667
"2023-10-21 00:00:00","Fondo Errano_T0_2023","T0","WIND_SPEED",3.6675
"2023-10-21 00:00:00","Fondo Errano_T0_2023","T0","BATTERY_TENS",3405.375
"2023-10-21 00:00:00","Fondo Errano_T0_2023","T0","AIR_HUM",75.325
"2023-10-21 00:00:00","Fondo Errano_T0_2023","T0","WIND_DIRECTION",214.791666666667
"2023-10-22 00:00:00","Fondo Errano_T0_2023","T0","AIR_HUM",66.03125
"2023-10-22 00:00:00","Fondo Errano_T0_2023","T0","WIND_DIRECTION",229.3125
"2023-10-22 00:00:00","Fondo Errano_T0_2023","T0","BATTERY_TENS",3404.02083333333
"2023-10-22 00:00:00","Fondo Errano_T0_2023","T0","SOLAR_RAD",105.083333333333
"2023-10-22 00:00:00","Fondo Errano_T0_2023","T0","WIND_SPEED",3.8025
"2023-10-22 00:00:00","Fondo Errano_T0_2023","T0","AIR_TEMP",17.8022916666667
"2023-10-22 00:00:00","Fondo Errano_T0_2023","T0","WIND_GUST_MAX",7.0125
"2023-10-23 00:00:00","Fondo Errano_T0_2023","T0","WIND_DIRECTION",175.625
"2023-10-23 00:00:00","Fondo Errano_T0_2023","T0","WIND_GUST_MAX",6.135
"2023-10-23 00:00:00","Fondo Errano_T0_2023","T0","AIR_TEMP",16.1358333333333
"2023-10-23 00:00:00","Fondo Errano_T0_2023","T0","AIR_HUM",74.3375
"2023-10-23 00:00:00","Fondo Errano_T0_2023","T0","BATTERY_TENS",3406.9375
"2023-10-23 00:00:00","Fondo Errano_T0_2023","T0","SOLAR_RAD",90.5833333333333
"2023-10-23 00:00:00","Fondo Errano_T0_2023","T0","WIND_SPEED",3.435
"2023-10-24 00:00:00","Fondo Errano_T0_2023","T0","AIR_HUM",86.2617021276596
"2023-10-24 00:00:00","Fondo Errano_T0_2023","T0","WIND_SPEED",2.0025
"2023-10-24 00:00:00","Fondo Errano_T0_2023","T0","WIND_DIRECTION",153.3125
"2023-10-24 00:00:00","Fondo Errano_T0_2023","T0","AIR_TEMP",16.7129787234043
"2023-10-24 00:00:00","Fondo Errano_T0_2023","T0","BATTERY_TENS",3404.5625
"2023-10-24 00:00:00","Fondo Errano_T0_2023","T0","WIND_GUST_MAX",5.8425
"2023-10-24 00:00:00","Fondo Errano_T0_2023","T0","SOLAR_RAD",29.2218844984802
"2023-10-25 00:00:00","Fondo Errano_T0_2023","T0","AIR_TEMP",16.8447916666667
"2023-10-25 00:00:00","Fondo Errano_T0_2023","T0","WIND_DIRECTION",250.25
"2023-10-25 00:00:00","Fondo Errano_T0_2023","T0","BATTERY_TENS",3403.77083333333
"2023-10-25 00:00:00","Fondo Errano_T0_2023","T0","AIR_HUM",76.20625
"2023-10-25 00:00:00","Fondo Errano_T0_2023","T0","SOLAR_RAD",33.5833333333333
"2023-10-25 00:00:00","Fondo Errano_T0_2023","T0","WIND_GUST_MAX",6.7725
"2023-10-25 00:00:00","Fondo Errano_T0_2023","T0","WIND_SPEED",2.85
"2023-10-26 00:00:00","Fondo Errano_T0_2023","T0","SOLAR_RAD",64.8511904761905
"2023-10-26 00:00:00","Fondo Errano_T0_2023","T0","BATTERY_TENS",3406.35416666667
"2023-10-26 00:00:00","Fondo Errano_T0_2023","T0","WIND_DIRECTION",222.104166666667
"2023-10-26 00:00:00","Fondo Errano_T0_2023","T0","AIR_TEMP",18.615625
"2023-10-26 00:00:00","Fondo Errano_T0_2023","T0","WIND_SPEED",3.375
"2023-10-26 00:00:00","Fondo Errano_T0_2023","T0","AIR_HUM",74.1395833333333
"2023-10-26 00:00:00","Fondo Errano_T0_2023","T0","WIND_GUST_MAX",8.565
"2023-10-27 00:00:00","Fondo Errano_T0_2023","T0","WIND_GUST_MAX",18.315
"2023-10-27 00:00:00","Fondo Errano_T0_2023","T0","BATTERY_TENS",3403.29166666667
"2023-10-27 00:00:00","Fondo Errano_T0_2023","T0","AIR_HUM",58.625
"2023-10-27 00:00:00","Fondo Errano_T0_2023","T0","WIND_DIRECTION",251.875
"2023-10-27 00:00:00","Fondo Errano_T0_2023","T0","SOLAR_RAD",89.1666666666667
"2023-10-27 00:00:00","Fondo Errano_T0_2023","T0","AIR_TEMP",21.1920833333333
"2023-10-27 00:00:00","Fondo Errano_T0_2023","T0","WIND_SPEED",11.8725
"2023-10-28 00:00:00","Fondo Errano_T0_2023","T0","AIR_HUM",56.8770833333333
"2023-10-28 00:00:00","Fondo Errano_T0_2023","T0","SOLAR_RAD",97.3988095238095
"2023-10-28 00:00:00","Fondo Errano_T0_2023","T0","AIR_TEMP",18.2895833333333
"2023-10-28 00:00:00","Fondo Errano_T0_2023","T0","WIND_GUST_MAX",11.0625
"2023-10-28 00:00:00","Fondo Errano_T0_2023","T0","WIND_DIRECTION",247.375
"2023-10-28 00:00:00","Fondo Errano_T0_2023","T0","BATTERY_TENS",3403.16666666667
"2023-10-28 00:00:00","Fondo Errano_T0_2023","T0","WIND_SPEED",6
"2023-10-29 00:00:00","Fondo Errano_T0_2023","T0","AIR_TEMP",15.3945833333333
"2023-10-29 00:00:00","Fondo Errano_T0_2023","T0","BATTERY_TENS",3396.5
"2023-10-29 00:00:00","Fondo Errano_T0_2023","T0","WIND_SPEED",1.53
"2023-10-29 00:00:00","Fondo Errano_T0_2023","T0","WIND_GUST_MAX",4.29
"2023-10-29 00:00:00","Fondo Errano_T0_2023","T0","AIR_HUM",79.0916666666667
"2023-10-29 00:00:00","Fondo Errano_T0_2023","T0","SOLAR_RAD",57.1845238095238
"2023-10-29 00:00:00","Fondo Errano_T0_2023","T0","WIND_DIRECTION",225.583333333333
"2023-10-30 00:00:00","Fondo Errano_T0_2023","T0","AIR_HUM",84.8936170212766
"2023-10-30 00:00:00","Fondo Errano_T0_2023","T0","WIND_DIRECTION",140.531914893617
"2023-10-30 00:00:00","Fondo Errano_T0_2023","T0","AIR_TEMP",18.2846808510638
"2023-10-30 00:00:00","Fondo Errano_T0_2023","T0","SOLAR_RAD",42.1580547112462
"2023-10-30 00:00:00","Fondo Errano_T0_2023","T0","BATTERY_TENS",3402.23404255319
"2023-10-30 00:00:00","Fondo Errano_T0_2023","T0","WIND_GUST_MAX",6.86297872340426
"2023-10-30 00:00:00","Fondo Errano_T0_2023","T0","WIND_SPEED",2.84936170212766
"2023-10-31 00:00:00","Fondo Errano_T0_2023","T0","WIND_GUST_MAX",9.74117647058824
"2023-10-31 00:00:00","Fondo Errano_T0_2023","T0","WIND_SPEED",5.4
"2023-10-31 00:00:00","Fondo Errano_T0_2023","T0","AIR_TEMP",16.1816666666667
"2023-10-31 00:00:00","Fondo Errano_T0_2023","T0","SOLAR_RAD",11.952380952381
"2023-10-31 00:00:00","Fondo Errano_T0_2023","T0","AIR_HUM",84.3166666666667
"2023-10-31 00:00:00","Fondo Errano_T0_2023","T0","WIND_DIRECTION",222.588235294118
"2023-10-31 00:00:00","Fondo Errano_T0_2023","T0","BATTERY_TENS",3395.70588235294
"2024-04-14 00:00:00","Fondo Errano_Meteo 2024","T0","WIND_SPEED",5.34857142857143
"2024-04-14 00:00:00","Fondo Errano_Meteo 2024","T0","SOLAR_RAD",712.857142857143
"2024-04-14 00:00:00","Fondo Errano_Meteo 2024","T0","WIND_DIRECTION",83.4285714285714
"2024-04-14 00:00:00","Fondo Errano_Meteo 2024","T0","AIR_HUM",39.5166666666667
"2024-04-14 00:00:00","Fondo Errano_Meteo 2024","T0","WIND_GUST_MAX",8.58857142857143
"2024-04-14 00:00:00","Fondo Errano_Meteo 2024","T0","BATTERY_TENS",3516
"2024-04-14 00:00:00","Fondo Errano_Meteo 2024","T0","AIR_TEMP",29.4683333333333
"2024-04-20 00:00:00","Fondo Errano_Meteo 2024","T0","WIND_GUST_MAX",6.84
"2024-04-20 00:00:00","Fondo Errano_Meteo 2024","T0","AIR_TEMP",16.1625
"2024-04-20 00:00:00","Fondo Errano_Meteo 2024","T0","AIR_HUM",54.65
"2024-04-20 00:00:00","Fondo Errano_Meteo 2024","T0","BATTERY_TENS",3446
"2024-04-20 00:00:00","Fondo Errano_Meteo 2024","T0","WIND_SPEED",4.32
"2024-04-20 00:00:00","Fondo Errano_Meteo 2024","T0","WIND_DIRECTION",346.75
"2024-04-20 00:00:00","Fondo Errano_Meteo 2024","T0","SOLAR_RAD",233.785714285714
"2024-04-26 00:00:00","Fondo Errano 2024","T0","BIG",-1.29783876459671
"2024-04-26 00:00:00","Fondo Errano 2024","T0","SOLAR_RAD",147.672619047619
"2024-04-26 00:00:00","Fondo Errano 2024","T0","AIR_HUM",72.7
"2024-04-26 00:00:00","Fondo Errano 2024","T0","BIP",-2.37659033146064
"2024-04-26 00:00:00","Fondo Errano 2024","T0","WIND_SPEED",3
"2024-04-26 00:00:00","Fondo Errano 2024","T0","ET0",1.29783876459671
"2024-04-26 00:00:00","Fondo Errano 2024","T0","BATTERY_TENS",3436.45833333333
"2024-04-26 00:00:00","Fondo Errano 2024","T0","AIR_TEMP",12.069375
"2024-04-26 00:00:00","Fondo Errano 2024","T0","WIND_GUST_MAX",6.345
"2024-04-26 00:00:00","Fondo Errano 2024","T0","WIND_DIRECTION",144.020833333333
"2024-04-27 00:00:00","Fondo Errano 2024","T0","SOLAR_RAD",97.7857142857144
"2024-04-27 00:00:00","Fondo Errano 2024","T0","BATTERY_TENS",3442.1875
"2024-04-27 00:00:00","Fondo Errano 2024","T0","AIR_TEMP",12.3927083333333
"2024-04-27 00:00:00","Fondo Errano 2024","T0","WIND_GUST_MAX",3.51
"2024-04-27 00:00:00","Fondo Errano 2024","T0","BIG",-0.543991183242495
"2024-04-27 00:00:00","Fondo Errano 2024","T0","BIP",-2.92058151470313
"2024-04-27 00:00:00","Fondo Errano 2024","T0","ET0",0.743991183242495
"2024-04-27 00:00:00","Fondo Errano 2024","T0","WIND_SPEED",1.6725
"2024-04-27 00:00:00","Fondo Errano 2024","T0","WINKLER_INDEX",2.39270833333333
"2024-04-27 00:00:00","Fondo Errano 2024","T0","WINKLER_INDEX_GROWTH",6684.78309297614
"2024-04-27 00:00:00","Fondo Errano 2024","T0","AIR_HUM",81.45
"2024-04-27 00:00:00","Fondo Errano 2024","T0","WIND_DIRECTION",132.583333333333
"2024-04-28 00:00:00","Fondo Errano 2024","T0","AIR_TEMP",15.2529166666667
"2024-04-28 00:00:00","Fondo Errano 2024","T0","WIND_DIRECTION",124.229166666667
"2024-04-28 00:00:00","Fondo Errano 2024","T0","WIND_GUST_MAX",5.925
"2024-04-28 00:00:00","Fondo Errano 2024","T0","BATTERY_TENS",3454.9375
"2024-04-28 00:00:00","Fondo Errano 2024","T0","WINKLER_INDEX",5.25291666666667
"2024-04-28 00:00:00","Fondo Errano 2024","T0","WINKLER_INDEX_GROWTH",6690.0360096428
"2024-04-28 00:00:00","Fondo Errano 2024","T0","SOLAR_RAD",240.553571428571
"2024-04-28 00:00:00","Fondo Errano 2024","T0","WIND_SPEED",3.33
"2024-04-28 00:00:00","Fondo Errano 2024","T0","BIG",-2.49671499108219
"2024-04-28 00:00:00","Fondo Errano 2024","T0","ET0",2.49671499108219
"2024-04-28 00:00:00","Fondo Errano 2024","T0","BIP",-5.41729650578532
"2024-04-28 00:00:00","Fondo Errano 2024","T0","AIR_HUM",77.6854166666667
"2024-04-29 00:00:00","Fondo Errano 2024","T0","BATTERY_TENS",3460.6875
"2024-04-29 00:00:00","Fondo Errano 2024","T0","SOLAR_RAD",223.339285714286
"2024-04-29 00:00:00","Fondo Errano 2024","T0","AIR_TEMP",17.1235416666667
"2024-04-29 00:00:00","Fondo Errano 2024","T0","WIND_DIRECTION",152.5
"2024-04-29 00:00:00","Fondo Errano 2024","T0","WIND_GUST_MAX",4.05
"2024-04-29 00:00:00","Fondo Errano 2024","T0","AIR_HUM",70.7041666666667
"2024-04-29 00:00:00","Fondo Errano 2024","T0","WIND_SPEED",2.235
"2024-04-30 00:00:00","Fondo Errano 2024","T0","WIND_SPEED",4.6575
"2024-04-30 00:00:00","Fondo Errano 2024","T0","SOLAR_RAD",245.732522796353
"2024-04-30 00:00:00","Fondo Errano 2024","T0","WIND_DIRECTION",157.104166666667
"2024-04-30 00:00:00","Fondo Errano 2024","T0","WIND_GUST_MAX",7.845
"2024-04-30 00:00:00","Fondo Errano 2024","T0","BATTERY_TENS",3465.89583333333
"2024-04-30 00:00:00","Fondo Errano 2024","T0","AIR_HUM",60.6212765957447
"2024-04-30 00:00:00","Fondo Errano 2024","T0","AIR_TEMP",17.6365957446808
"2024-05-01 00:00:00","Fondo Errano 2024","T0","AIR_HUM",79.225
"2024-05-01 00:00:00","Fondo Errano 2024","T0","WIND_GUST_MAX",2.5875
"2024-05-01 00:00:00","Fondo Errano 2024","T0","WIND_DIRECTION",174.416666666667
"2024-05-01 00:00:00","Fondo Errano 2024","T0","SOLAR_RAD",98.1011904761904
"2024-05-01 00:00:00","Fondo Errano 2024","T0","AIR_TEMP",15.4272916666667
"2024-05-01 00:00:00","Fondo Errano 2024","T0","WIND_SPEED",1.29
"2024-05-01 00:00:00","Fondo Errano 2024","T0","BATTERY_TENS",3456.91666666667
"2024-05-02 00:00:00","Fondo Errano 2024","T0","AIR_HUM",73.5416666666667
"2024-05-02 00:00:00","Fondo Errano 2024","T0","WIND_SPEED",3.06
"2024-05-02 00:00:00","Fondo Errano 2024","T0","AIR_TEMP",15.1458333333333
"2024-05-02 00:00:00","Fondo Errano 2024","T0","BATTERY_TENS",3453.04166666667
"2024-05-02 00:00:00","Fondo Errano 2024","T0","WIND_GUST_MAX",6.63
"2024-05-02 00:00:00","Fondo Errano 2024","T0","SOLAR_RAD",130.029761904762
"2024-05-02 00:00:00","Fondo Errano 2024","T0","WIND_DIRECTION",225.270833333333
"2024-05-03 00:00:00","Fondo Errano 2024","T0","WIND_GUST_MAX",6.255
"2024-05-03 00:00:00","Fondo Errano 2024","T0","AIR_TEMP",15.1204166666667
"2024-05-03 00:00:00","Fondo Errano 2024","T0","WIND_DIRECTION",213.708333333333
"2024-05-03 00:00:00","Fondo Errano 2024","T0","WIND_SPEED",3.1725
"2024-05-03 00:00:00","Fondo Errano 2024","T0","SOLAR_RAD",228.404761904762
"2024-05-03 00:00:00","Fondo Errano 2024","T0","AIR_HUM",64.7895833333334
"2024-05-03 00:00:00","Fondo Errano 2024","T0","BATTERY_TENS",3445.45833333333
"2024-05-04 00:00:00","Fondo Errano 2024","T0","BIG",-1.16647164966852
"2024-05-04 00:00:00","Fondo Errano 2024","T0","BIP",-1.2899397189145
"2024-05-04 00:00:00","Fondo Errano 2024","T0","WIND_GUST_MAX",4.9425
"2024-05-04 00:00:00","Fondo Errano 2024","T0","AIR_HUM",67.3291666666667
"2024-05-04 00:00:00","Fondo Errano 2024","T0","SOLAR_RAD",157.839285714286
"2024-05-04 00:00:00","Fondo Errano 2024","T0","AIR_TEMP",17.0033333333333
"2024-05-04 00:00:00","Fondo Errano 2024","T0","ET0",1.56647164966852
"2024-05-04 00:00:00","Fondo Errano 2024","T0","WIND_SPEED",1.86
"2024-05-04 00:00:00","Fondo Errano 2024","T0","BATTERY_TENS",3451.35416666667
"2024-05-04 00:00:00","Fondo Errano 2024","T0","WIND_DIRECTION",233.979166666667
"2024-05-05 00:00:00","Fondo Errano 2024","T0","WIND_DIRECTION",226.375
"2024-05-05 00:00:00","Fondo Errano 2024","T0","BATTERY_TENS",3458.25
"2024-05-05 00:00:00","Fondo Errano 2024","T0","WIND_SPEED",4.62
"2024-05-05 00:00:00","Fondo Errano 2024","T0","AIR_HUM",57.0916666666667
"2024-05-05 00:00:00","Fondo Errano 2024","T0","AIR_TEMP",19.1989583333333
"2024-05-05 00:00:00","Fondo Errano 2024","T0","WIND_GUST_MAX",7.9575
"2024-05-05 00:00:00","Fondo Errano 2024","T0","SOLAR_RAD",282.714285714286
"2024-05-06 00:00:00","Fondo Errano 2024","T0","AIR_TEMP",17.82375
"2024-05-06 00:00:00","Fondo Errano 2024","T0","WIND_GUST_MAX",4.93276595744681
"2024-05-06 00:00:00","Fondo Errano 2024","T0","BATTERY_TENS",3460.63829787234
"2024-05-06 00:00:00","Fondo Errano 2024","T0","SOLAR_RAD",108.083333333333
"2024-05-06 00:00:00","Fondo Errano 2024","T0","WIND_DIRECTION",196.659574468085
"2024-05-06 00:00:00","Fondo Errano 2024","T0","AIR_HUM",58.68125
"2024-05-06 00:00:00","Fondo Errano 2024","T0","WIND_SPEED",2.18297872340426
"2024-05-07 00:00:00","Fondo Errano 2024","T0","AIR_HUM",75.1645833333333
"2024-05-07 00:00:00","Fondo Errano 2024","T0","WIND_GUST_MAX",3.79148936170213
"2024-05-07 00:00:00","Fondo Errano 2024","T0","BATTERY_TENS",3448.23404255319
"2024-05-07 00:00:00","Fondo Errano 2024","T0","SOLAR_RAD",110.041666666667
"2024-05-07 00:00:00","Fondo Errano 2024","T0","AIR_TEMP",15.6052083333333
"2024-05-07 00:00:00","Fondo Errano 2024","T0","WIND_DIRECTION",159.340425531915
"2024-05-07 00:00:00","Fondo Errano 2024","T0","WIND_SPEED",1.20255319148936
"2024-05-08 00:00:00","Fondo Errano 2024","T0","WIND_GUST_MAX",5.73
"2024-05-08 00:00:00","Fondo Errano 2024","T0","WIND_DIRECTION",174.291666666667
"2024-05-08 00:00:00","Fondo Errano 2024","T0","SOLAR_RAD",153
"2024-05-08 00:00:00","Fondo Errano 2024","T0","BATTERY_TENS",3452.47916666667
"2024-05-08 00:00:00","Fondo Errano 2024","T0","WIND_SPEED",2.73
"2024-05-08 00:00:00","Fondo Errano 2024","T0","AIR_HUM",76.2979166666667
"2024-05-08 00:00:00","Fondo Errano 2024","T0","AIR_TEMP",16.024375
"2024-05-09 00:00:00","Fondo Errano 2024","T0","WIND_DIRECTION",169.020833333333
"2024-05-09 00:00:00","Fondo Errano 2024","T0","AIR_TEMP",18.0297916666667
"2024-05-09 00:00:00","Fondo Errano 2024","T0","AIR_HUM",72.3270833333333
"2024-05-09 00:00:00","Fondo Errano 2024","T0","BATTERY_TENS",3465.6875
"2024-05-09 00:00:00","Fondo Errano 2024","T0","WIND_GUST_MAX",4.2525
"2024-05-09 00:00:00","Fondo Errano 2024","T0","SOLAR_RAD",183.011904761905
"2024-05-09 00:00:00","Fondo Errano 2024","T0","WIND_SPEED",1.8
"2024-05-10 00:00:00","Fondo Errano 2024","T0","WIND_SPEED",3.6
"2024-05-10 00:00:00","Fondo Errano 2024","T0","AIR_TEMP",17.4410638297872
"2024-05-10 00:00:00","Fondo Errano 2024","T0","BATTERY_TENS",3463.74468085106
"2024-05-10 00:00:00","Fondo Errano 2024","T0","WIND_DIRECTION",175.446808510638
"2024-05-10 00:00:00","Fondo Errano 2024","T0","AIR_HUM",64.1382978723405
"2024-05-10 00:00:00","Fondo Errano 2024","T0","SOLAR_RAD",254.206686930091
"2024-05-10 00:00:00","Fondo Errano 2024","T0","WIND_GUST_MAX",6.46468085106383
"2024-05-11 00:00:00","Fondo Errano 2024","T0","SOLAR_RAD",284.160714285714
"2024-05-11 00:00:00","Fondo Errano 2024","T0","AIR_HUM",56.0895833333333
"2024-05-11 00:00:00","Fondo Errano 2024","T0","WIND_SPEED",3.645
"2024-05-11 00:00:00","Fondo Errano 2024","T0","WIND_DIRECTION",155.395833333333
"2024-05-11 00:00:00","Fondo Errano 2024","T0","WIND_GUST_MAX",7.7475
"2024-05-11 00:00:00","Fondo Errano 2024","T0","BATTERY_TENS",3465.0625
"2024-05-11 00:00:00","Fondo Errano 2024","T0","AIR_TEMP",18.7525
"2024-05-12 00:00:00","Fondo Errano 2024","T0","WIND_DIRECTION",149.25
"2024-05-12 00:00:00","Fondo Errano 2024","T0","WIND_GUST_MAX",7.65
"2024-05-12 00:00:00","Fondo Errano 2024","T0","AIR_HUM",57.5395833333333
"2024-05-12 00:00:00","Fondo Errano 2024","T0","SOLAR_RAD",240.613095238095
"2024-05-12 00:00:00","Fondo Errano 2024","T0","AIR_TEMP",19.7377083333333
"2024-05-12 00:00:00","Fondo Errano 2024","T0","BATTERY_TENS",3471.27083333333
"2024-05-12 00:00:00","Fondo Errano 2024","T0","WIND_SPEED",4.605
"2024-05-13 00:00:00","Fondo Errano 2024","T0","AIR_HUM",64.7104166666667
"2024-05-13 00:00:00","Fondo Errano 2024","T0","WIND_DIRECTION",206.479166666667
"2024-05-13 00:00:00","Fondo Errano 2024","T0","SOLAR_RAD",225.345238095238
"2024-05-13 00:00:00","Fondo Errano 2024","T0","AIR_TEMP",20.0297916666667
"2024-05-13 00:00:00","Fondo Errano 2024","T0","WIND_GUST_MAX",4.2225
"2024-05-13 00:00:00","Fondo Errano 2024","T0","BATTERY_TENS",3475.3125
"2024-05-13 00:00:00","Fondo Errano 2024","T0","WIND_SPEED",1.545
"2024-05-14 00:00:00","Fondo Errano 2024","T0","SOLAR_RAD",236.60119047619
"2024-05-14 00:00:00","Fondo Errano 2024","T0","BATTERY_TENS",3473.1875
"2024-05-14 00:00:00","Fondo Errano 2024","T0","AIR_TEMP",19.68625
"2024-05-14 00:00:00","Fondo Errano 2024","T0","WIND_DIRECTION",136.875
"2024-05-14 00:00:00","Fondo Errano 2024","T0","WIND_GUST_MAX",5.535
"2024-05-14 00:00:00","Fondo Errano 2024","T0","WIND_SPEED",2.6325
"2024-05-14 00:00:00","Fondo Errano 2024","T0","AIR_HUM",71.0625
"2024-05-14 00:00:00","Fondo Errano 2024","T0","BIG",-2.22903339975916
"2024-05-14 00:00:00","Fondo Errano 2024","T0","ET0",2.42903339975916
"2024-05-15 00:00:00","Fondo Errano 2024","T0","AIR_HUM",78.1395833333333
"2024-05-15 00:00:00","Fondo Errano 2024","T0","WIND_DIRECTION",146.041666666667
"2024-05-15 00:00:00","Fondo Errano 2024","T0","AIR_TEMP",18.7675
"2024-05-15 00:00:00","Fondo Errano 2024","T0","BATTERY_TENS",3465.77083333333
"2024-05-15 00:00:00","Fondo Errano 2024","T0","WIND_GUST_MAX",4.965
"2024-05-15 00:00:00","Fondo Errano 2024","T0","WIND_SPEED",2.2875
"2024-05-15 00:00:00","Fondo Errano 2024","T0","SOLAR_RAD",145.541666666667
"2024-05-16 00:00:00","Fondo Errano 2024","T0","BATTERY_TENS",3445.8
"2024-05-16 00:00:00","Fondo Errano 2024","T0","WIND_GUST_MAX",3.24
"2024-05-16 00:00:00","Fondo Errano 2024","T0","BIG",11.2289237274528
"2024-05-16 00:00:00","Fondo Errano 2024","T0","AIR_TEMP",16.6338709677419
"2024-05-16 00:00:00","Fondo Errano 2024","T0","ET0",0.771076272547184
"2024-05-16 00:00:00","Fondo Errano 2024","T0","BIP",-10.0986749099969
"2024-05-16 00:00:00","Fondo Errano 2024","T0","SOLAR_RAD",44.4976958525345
"2024-05-16 00:00:00","Fondo Errano 2024","T0","AIR_HUM",87.4
"2024-05-16 00:00:00","Fondo Errano 2024","T0","WIND_DIRECTION",201.3
"2024-05-16 00:00:00","Fondo Errano 2024","T0","WIND_SPEED",1.308
"2024-05-17 00:00:00","Fondo Errano 2024","T0","AIR_TEMP",18.3085416666667
"2024-05-17 00:00:00","Fondo Errano 2024","T0","WIND_GUST_MAX",7.125
"2024-05-17 00:00:00","Fondo Errano 2024","T0","WIND_DIRECTION",222.833333333333
"2024-05-17 00:00:00","Fondo Errano 2024","T0","BATTERY_TENS",3449.875
"2024-05-17 00:00:00","Fondo Errano 2024","T0","SOLAR_RAD",234.660714285714
"2024-05-17 00:00:00","Fondo Errano 2024","T0","AIR_HUM",62.6645833333333
"2024-05-17 00:00:00","Fondo Errano 2024","T0","WIND_SPEED",3.255
"2024-05-18 00:00:00","Fondo Errano 2024","T0","SOLAR_RAD",298.404761904762
"2024-05-18 00:00:00","Fondo Errano 2024","T0","AIR_TEMP",19.08875
"2024-05-18 00:00:00","Fondo Errano 2024","T0","AIR_HUM",64.60625
"2024-05-18 00:00:00","Fondo Errano 2024","T0","WIND_SPEED",4.35
"2024-05-18 00:00:00","Fondo Errano 2024","T0","BATTERY_TENS",3463.375
"2024-05-18 00:00:00","Fondo Errano 2024","T0","ET0",3.48983723996774
"2024-05-18 00:00:00","Fondo Errano 2024","T0","WIND_GUST_MAX",7.485
"2024-05-18 00:00:00","Fondo Errano 2024","T0","WIND_DIRECTION",133.8125
"2024-05-19 00:00:00","Fondo Errano 2024","T0","BATTERY_TENS",3466.27083333333
"2024-05-19 00:00:00","Fondo Errano 2024","T0","WIND_DIRECTION",161.458333333333
"2024-05-19 00:00:00","Fondo Errano 2024","T0","WIND_SPEED",2.625
"2024-05-19 00:00:00","Fondo Errano 2024","T0","AIR_TEMP",19.401875
"2024-05-19 00:00:00","Fondo Errano 2024","T0","AIR_HUM",71.3458333333333
"2024-05-19 00:00:00","Fondo Errano 2024","T0","WIND_GUST_MAX",5.1675
"2024-05-19 00:00:00","Fondo Errano 2024","T0","SOLAR_RAD",221.559523809524
"2024-05-20 00:00:00","Fondo Errano 2024","T0","WIND_DIRECTION",144.63829787234
"2024-05-20 00:00:00","Fondo Errano 2024","T0","SOLAR_RAD",123.276595744681
"2024-05-20 00:00:00","Fondo Errano 2024","T0","BATTERY_TENS",3448.48936170213
"2024-05-20 00:00:00","Fondo Errano 2024","T0","WIND_GUST_MAX",5.64510638297872
"2024-05-20 00:00:00","Fondo Errano 2024","T0","WIND_SPEED",2.5736170212766
"2024-05-20 00:00:00","Fondo Errano 2024","T0","AIR_HUM",84.9914893617021
"2024-05-20 00:00:00","Fondo Errano 2024","T0","AIR_TEMP",18.2374468085106
"2024-05-21 00:00:00","Fondo Errano 2024","T0","WIND_DIRECTION",208.234042553192
"2024-05-21 00:00:00","Fondo Errano 2024","T0","WIND_SPEED",5.98978723404255
"2024-05-21 00:00:00","Fondo Errano 2024","T0","SOLAR_RAD",207.452380952381
"2024-05-21 00:00:00","Fondo Errano 2024","T0","AIR_TEMP",19.6897916666667
"2024-05-21 00:00:00","Fondo Errano 2024","T0","BATTERY_TENS",3452.76595744681
"2024-05-21 00:00:00","Fondo Errano 2024","T0","AIR_HUM",74.38125
"2024-05-21 00:00:00","Fondo Errano 2024","T0","WIND_GUST_MAX",9.68936170212766
"2024-05-22 00:00:00","Fondo Errano 2024","T0","AIR_TEMP",20.5075
"2024-05-22 00:00:00","Fondo Errano 2024","T0","WIND_GUST_MAX",15.015
"2024-05-22 00:00:00","Fondo Errano 2024","T0","WIND_SPEED",9.7875
"2024-05-22 00:00:00","Fondo Errano 2024","T0","BATTERY_TENS",3458.77083333333
"2024-05-22 00:00:00","Fondo Errano 2024","T0","SOLAR_RAD",286.946428571429
"2024-05-22 00:00:00","Fondo Errano 2024","T0","WIND_DIRECTION",240.25
"2024-05-22 00:00:00","Fondo Errano 2024","T0","AIR_HUM",54.7895833333333
"2024-05-23 00:00:00","Fondo Errano 2024","T0","SOLAR_RAD",278.211180124224
"2024-05-23 00:00:00","Fondo Errano 2024","T0","WIND_SPEED",3.54
"2024-05-23 00:00:00","Fondo Errano 2024","T0","WIND_GUST_MAX",6.84
"2024-05-23 00:00:00","Fondo Errano 2024","T0","AIR_TEMP",19.5952173913043
"2024-05-23 00:00:00","Fondo Errano 2024","T0","WIND_DIRECTION",243.0625
"2024-05-23 00:00:00","Fondo Errano 2024","T0","BATTERY_TENS",3459.20833333333
"2024-05-23 00:00:00","Fondo Errano 2024","T0","AIR_HUM",58.9065217391304
"2024-05-24 00:00:00","Fondo Errano 2024","T0","BATTERY_TENS",3459.52083333333
"2024-05-24 00:00:00","Fondo Errano 2024","T0","SOLAR_RAD",239.875
"2024-05-24 00:00:00","Fondo Errano 2024","T0","WIND_DIRECTION",152.458333333333
"2024-05-24 00:00:00","Fondo Errano 2024","T0","WIND_SPEED",3.36
"2024-05-24 00:00:00","Fondo Errano 2024","T0","AIR_TEMP",18.6760416666667
"2024-05-24 00:00:00","Fondo Errano 2024","T0","AIR_HUM",67.3979166666667
"2024-05-24 00:00:00","Fondo Errano 2024","T0","WIND_GUST_MAX",6.0225
"2024-05-25 00:00:00","Fondo Errano 2024","T0","WIND_DIRECTION",186.875
"2024-05-25 00:00:00","Fondo Errano 2024","T0","AIR_TEMP",18.0216666666667
"2024-05-25 00:00:00","Fondo Errano 2024","T0","WIND_SPEED",3.1575
"2024-05-25 00:00:00","Fondo Errano 2024","T0","WIND_GUST_MAX",5.8575
"2024-05-25 00:00:00","Fondo Errano 2024","T0","BATTERY_TENS",3459.27083333333
"2024-05-25 00:00:00","Fondo Errano 2024","T0","SOLAR_RAD",174.619047619048
"2024-05-25 00:00:00","Fondo Errano 2024","T0","AIR_HUM",70.85625
"2024-05-26 00:00:00","Fondo Errano 2024","T0","BATTERY_TENS",3462.83720930233
"2024-05-26 00:00:00","Fondo Errano 2024","T0","AIR_TEMP",19.5869047619048
"2024-05-26 00:00:00","Fondo Errano 2024","T0","AIR_HUM",65.6714285714286
"2024-05-26 00:00:00","Fondo Errano 2024","T0","WIND_DIRECTION",179.232558139535
"2024-05-26 00:00:00","Fondo Errano 2024","T0","WIND_SPEED",3.76744186046512
"2024-05-26 00:00:00","Fondo Errano 2024","T0","SOLAR_RAD",349.721088435374
"2024-05-26 00:00:00","Fondo Errano 2024","T0","WIND_GUST_MAX",7.13302325581396
"2024-05-27 00:00:00","Fondo Errano 2024","T0","BATTERY_TENS",3467.97826086957
"2024-05-27 00:00:00","Fondo Errano 2024","T0","AIR_TEMP",20.5171739130435
"2024-05-27 00:00:00","Fondo Errano 2024","T0","WIND_GUST_MAX",7.08260869565218
"2024-05-27 00:00:00","Fondo Errano 2024","T0","WIND_SPEED",3.61565217391304
"2024-05-27 00:00:00","Fondo Errano 2024","T0","WIND_DIRECTION",137.804347826087
"2024-05-27 00:00:00","Fondo Errano 2024","T0","AIR_HUM",66.3739130434783
"2024-05-27 00:00:00","Fondo Errano 2024","T0","SOLAR_RAD",269.975155279503
"2024-05-28 00:00:00","Fondo Errano 2024","T0","SOLAR_RAD",191.886904761905
"2024-05-28 00:00:00","Fondo Errano 2024","T0","AIR_HUM",71.7583333333333
"2024-05-28 00:00:00","Fondo Errano 2024","T0","WIND_GUST_MAX",4.7475
"2024-05-28 00:00:00","Fondo Errano 2024","T0","WIND_SPEED",2.2725
"2024-05-28 00:00:00","Fondo Errano 2024","T0","AIR_TEMP",20.3922916666667
"2024-05-28 00:00:00","Fondo Errano 2024","T0","WIND_DIRECTION",208.958333333333
"2024-05-28 00:00:00","Fondo Errano 2024","T0","BATTERY_TENS",3464.39583333333
"2024-05-29 00:00:00","Fondo Errano 2024","T0","AIR_HUM",70.03125
"2024-05-29 00:00:00","Fondo Errano 2024","T0","AIR_TEMP",21.0302083333333
"2024-05-29 00:00:00","Fondo Errano 2024","T0","SOLAR_RAD",265.39880952381
"2024-05-29 00:00:00","Fondo Errano 2024","T0","WIND_DIRECTION",150.354166666667
"2024-05-29 00:00:00","Fondo Errano 2024","T0","WIND_SPEED",3.42
"2024-05-29 00:00:00","Fondo Errano 2024","T0","WIND_GUST_MAX",6.03
"2024-05-29 00:00:00","Fondo Errano 2024","T0","BATTERY_TENS",3469.97916666667
"2024-05-30 00:00:00","Fondo Errano 2024","T0","AIR_HUM",68.2895833333333
"2024-05-30 00:00:00","Fondo Errano 2024","T0","WIND_DIRECTION",205.375
"2024-05-30 00:00:00","Fondo Errano 2024","T0","WIND_GUST_MAX",5.6625
"2024-05-30 00:00:00","Fondo Errano 2024","T0","SOLAR_RAD",226.392857142857
"2024-05-30 00:00:00","Fondo Errano 2024","T0","WIND_SPEED",2.97
"2024-05-30 00:00:00","Fondo Errano 2024","T0","AIR_TEMP",21.0327083333333
"2024-05-30 00:00:00","Fondo Errano 2024","T0","BATTERY_TENS",3466.9375
"2024-05-31 00:00:00","Fondo Errano 2024","T0","BATTERY_TENS",3460.47916666667
"2024-05-31 00:00:00","Fondo Errano 2024","T0","WIND_DIRECTION",237.291666666667
"2024-05-31 00:00:00","Fondo Errano 2024","T0","SOLAR_RAD",248.982142857143
"2024-05-31 00:00:00","Fondo Errano 2024","T0","AIR_TEMP",19.8577083333333
"2024-05-31 00:00:00","Fondo Errano 2024","T0","WIND_SPEED",5.1375
"2024-05-31 00:00:00","Fondo Errano 2024","T0","WIND_GUST_MAX",9.3525
"2024-05-31 00:00:00","Fondo Errano 2024","T0","AIR_HUM",64.2895833333333
"2024-06-01 00:00:00","Fondo Errano 2024","T0","WIND_DIRECTION",226.791666666667
"2024-06-01 00:00:00","Fondo Errano 2024","T0","SOLAR_RAD",306.797619047619
"2024-06-01 00:00:00","Fondo Errano 2024","T0","WIND_SPEED",4.755
"2024-06-01 00:00:00","Fondo Errano 2024","T0","AIR_TEMP",21.5614583333333
"2024-06-01 00:00:00","Fondo Errano 2024","T0","BATTERY_TENS",3462.60416666667
"2024-06-01 00:00:00","Fondo Errano 2024","T0","ET0",4.29576261335641
"2024-06-01 00:00:00","Fondo Errano 2024","T0","WIND_GUST_MAX",8.6925
"2024-06-01 00:00:00","Fondo Errano 2024","T0","AIR_HUM",52.0791666666667
"2024-06-02 00:00:00","Fondo Errano 2024","T0","AIR_TEMP",20.099375
"2024-06-02 00:00:00","Fondo Errano 2024","T0","BATTERY_TENS",3461.16666666667
"2024-06-02 00:00:00","Fondo Errano 2024","T0","WIND_SPEED",2.4675
"2024-06-02 00:00:00","Fondo Errano 2024","T0","WIND_DIRECTION",190.5625
"2024-06-02 00:00:00","Fondo Errano 2024","T0","ET0",2.4671098395278
"2024-06-02 00:00:00","Fondo Errano 2024","T0","AIR_HUM",64.66875
"2024-06-02 00:00:00","Fondo Errano 2024","T0","SOLAR_RAD",209.125
"2024-06-02 00:00:00","Fondo Errano 2024","T0","WIND_GUST_MAX",5.925
"2024-06-03 00:00:00","Fondo Errano 2024","T0","WIND_SPEED",2.52
"2024-06-03 00:00:00","Fondo Errano 2024","T0","WIND_GUST_MAX",4.335
"2024-06-03 00:00:00","Fondo Errano 2024","T0","AIR_HUM",70.5617021276596
"2024-06-03 00:00:00","Fondo Errano 2024","T0","WIND_DIRECTION",201.0625
"2024-06-03 00:00:00","Fondo Errano 2024","T0","SOLAR_RAD",210.510638297872
"2024-06-03 00:00:00","Fondo Errano 2024","T0","ET0",2.2199376515783
"2024-06-03 00:00:00","Fondo Errano 2024","T0","AIR_TEMP",19.1563829787234
"2024-06-03 00:00:00","Fondo Errano 2024","T0","BATTERY_TENS",3456.10416666667
"2024-06-04 00:00:00","Fondo Errano 2024","T0","AIR_HUM",65.1727272727273
"2024-06-04 00:00:00","Fondo Errano 2024","T0","WIND_GUST_MAX",6.015
"2024-06-04 00:00:00","Fondo Errano 2024","T0","AIR_TEMP",21.2679545454545
"2024-06-04 00:00:00","Fondo Errano 2024","T0","WIND_DIRECTION",148.479166666667
"2024-06-04 00:00:00","Fondo Errano 2024","T0","WIND_SPEED",2.9325
"2024-06-04 00:00:00","Fondo Errano 2024","T0","SOLAR_RAD",264.051948051948
"2024-06-04 00:00:00","Fondo Errano 2024","T0","BATTERY_TENS",3467.25
"2024-06-05 00:00:00","Fondo Errano 2024","T0","WIND_DIRECTION",193.891304347826
"2024-06-05 00:00:00","Fondo Errano 2024","T0","WIND_SPEED",2.73913043478261
"2024-06-05 00:00:00","Fondo Errano 2024","T0","ET0",4.35500481181153
"2024-06-05 00:00:00","Fondo Errano 2024","T0","AIR_HUM",59.4711111111111
"2024-06-05 00:00:00","Fondo Errano 2024","T0","SOLAR_RAD",284.768253968254
"2024-06-05 00:00:00","Fondo Errano 2024","T0","WIND_GUST_MAX",5.94
"2024-06-05 00:00:00","Fondo Errano 2024","T0","AIR_TEMP",23.1266666666667
"2024-06-05 00:00:00","Fondo Errano 2024","T0","BATTERY_TENS",3474.65217391304
"2024-06-06 00:00:00","Fondo Errano 2024","T0","SOLAR_RAD",292.380952380952
"2024-06-06 00:00:00","Fondo Errano 2024","T0","WIND_DIRECTION",250.4375
"2024-06-06 00:00:00","Fondo Errano 2024","T0","AIR_TEMP",24.2554166666667
"2024-06-06 00:00:00","Fondo Errano 2024","T0","WIND_SPEED",3.915
"2024-06-06 00:00:00","Fondo Errano 2024","T0","BATTERY_TENS",3470.47916666667
"2024-06-06 00:00:00","Fondo Errano 2024","T0","ET0",3.72490728397486
"2024-06-06 00:00:00","Fondo Errano 2024","T0","AIR_HUM",57.1375
"2024-06-06 00:00:00","Fondo Errano 2024","T0","WIND_GUST_MAX",7.5225
"2024-06-07 00:00:00","Fondo Errano 2024","T0","WIND_DIRECTION",196.041666666667
"2024-06-07 00:00:00","Fondo Errano 2024","T0","AIR_HUM",53.5875
"2024-06-07 00:00:00","Fondo Errano 2024","T0","WIND_SPEED",3.675
"2024-06-07 00:00:00","Fondo Errano 2024","T0","AIR_TEMP",25.6508333333333
"2024-06-07 00:00:00","Fondo Errano 2024","T0","SOLAR_RAD",308.595238095238
"2024-06-07 00:00:00","Fondo Errano 2024","T0","BATTERY_TENS",3479.64583333333
"2024-06-07 00:00:00","Fondo Errano 2024","T0","WIND_GUST_MAX",7.0575
"2024-06-07 00:00:00","Fondo Errano 2024","T0","ET0",4.2814903628406
"2024-06-08 00:00:00","Fondo Errano 2024","T0","WIND_GUST_MAX",5.445
"2024-06-08 00:00:00","Fondo Errano 2024","T0","WIND_DIRECTION",225.5
"2024-06-08 00:00:00","Fondo Errano 2024","T0","BATTERY_TENS",3480.35416666667
"2024-06-08 00:00:00","Fondo Errano 2024","T0","SOLAR_RAD",249.011904761905
"2024-06-08 00:00:00","Fondo Errano 2024","T0","AIR_TEMP",26.2222916666667
"2024-06-08 00:00:00","Fondo Errano 2024","T0","ET0",3.4468185131708
"2024-06-08 00:00:00","Fondo Errano 2024","T0","AIR_HUM",47.9625
"2024-06-08 00:00:00","Fondo Errano 2024","T0","WIND_SPEED",2.3025
"2024-06-09 00:00:00","Fondo Errano 2024","T0","WIND_DIRECTION",151.083333333333
"2024-06-09 00:00:00","Fondo Errano 2024","T0","WIND_GUST_MAX",4.395
"2024-06-09 00:00:00","Fondo Errano 2024","T0","SOLAR_RAD",110.380952380952
"2024-06-09 00:00:00","Fondo Errano 2024","T0","BATTERY_TENS",3471.8125
"2024-06-09 00:00:00","Fondo Errano 2024","T0","AIR_HUM",62.43125
"2024-06-09 00:00:00","Fondo Errano 2024","T0","WIND_SPEED",1.9425
"2024-06-09 00:00:00","Fondo Errano 2024","T0","ET0",1.12141529642753
"2024-06-09 00:00:00","Fondo Errano 2024","T0","AIR_TEMP",24.0383333333333
"2024-06-10 00:00:00","Fondo Errano 2024","T0","ET0",3.31664377901683
"2024-06-10 00:00:00","Fondo Errano 2024","T0","WIND_SPEED",7.215
"2024-06-10 00:00:00","Fondo Errano 2024","T0","WIND_DIRECTION",225.458333333333
"2024-06-10 00:00:00","Fondo Errano 2024","T0","SOLAR_RAD",305.297619047619
"2024-06-10 00:00:00","Fondo Errano 2024","T0","BATTERY_TENS",3470.875
"2024-06-10 00:00:00","Fondo Errano 2024","T0","AIR_TEMP",25.4227083333333
"2024-06-10 00:00:00","Fondo Errano 2024","T0","WIND_GUST_MAX",12.1275
"2024-06-10 00:00:00","Fondo Errano 2024","T0","AIR_HUM",54.075
"2024-06-11 00:00:00","Fondo Errano 2024","T0","SOLAR_RAD",283.744680851064
"2024-06-11 00:00:00","Fondo Errano 2024","T0","WIND_DIRECTION",225.916666666667
"2024-06-11 00:00:00","Fondo Errano 2024","T0","WIND_GUST_MAX",11.2575
"2024-06-11 00:00:00","Fondo Errano 2024","T0","AIR_TEMP",24.4044680851064
"2024-06-11 00:00:00","Fondo Errano 2024","T0","ET0",3.57491968110333
"2024-06-11 00:00:00","Fondo Errano 2024","T0","WIND_SPEED",6.9375
"2024-06-11 00:00:00","Fondo Errano 2024","T0","AIR_HUM",46.0489361702128
"2024-06-11 00:00:00","Fondo Errano 2024","T0","BATTERY_TENS",3464.79166666667
"2024-06-12 00:00:00","Fondo Errano 2024","T0","WIND_GUST_MAX",7.7175
"2024-06-12 00:00:00","Fondo Errano 2024","T0","AIR_HUM",49.6708333333333
"2024-06-12 00:00:00","Fondo Errano 2024","T0","ET0",3.16248105885666
"2024-06-12 00:00:00","Fondo Errano 2024","T0","SOLAR_RAD",241.779761904762
"2024-06-12 00:00:00","Fondo Errano 2024","T0","WIND_DIRECTION",215.9375
"2024-06-12 00:00:00","Fondo Errano 2024","T0","BATTERY_TENS",3465.27083333333
"2024-06-12 00:00:00","Fondo Errano 2024","T0","WIND_SPEED",4.4325
"2024-06-12 00:00:00","Fondo Errano 2024","T0","AIR_TEMP",23.68875
"2024-06-13 00:00:00","Fondo Errano 2024","T0","SOLAR_RAD",165.589285714286
"2024-06-13 00:00:00","Fondo Errano 2024","T0","BATTERY_TENS",3457.8125
"2024-06-13 00:00:00","Fondo Errano 2024","T0","AIR_TEMP",18.5252083333333
"2024-06-13 00:00:00","Fondo Errano 2024","T0","WIND_GUST_MAX",5.9475
"2024-06-13 00:00:00","Fondo Errano 2024","T0","ET0",1.62481371961456
"2024-06-13 00:00:00","Fondo Errano 2024","T0","AIR_HUM",69.3020833333333
"2024-06-13 00:00:00","Fondo Errano 2024","T0","WIND_DIRECTION",210.333333333333
"2024-06-13 00:00:00","Fondo Errano 2024","T0","WIND_SPEED",2.7
"2024-06-14 00:00:00","Fondo Errano 2024","T0","WIND_GUST_MAX",8.73
"2024-06-14 00:00:00","Fondo Errano 2024","T0","AIR_TEMP",21.0541666666667
"2024-06-14 00:00:00","Fondo Errano 2024","T0","SOLAR_RAD",300.077380952381
"2024-06-14 00:00:00","Fondo Errano 2024","T0","BATTERY_TENS",3460.08333333333
"2024-06-14 00:00:00","Fondo Errano 2024","T0","ET0",3.6611559681098
"2024-06-14 00:00:00","Fondo Errano 2024","T0","WIND_DIRECTION",216.1875
"2024-06-14 00:00:00","Fondo Errano 2024","T0","WIND_SPEED",5.43
"2024-06-14 00:00:00","Fondo Errano 2024","T0","AIR_HUM",57.8875
"2024-06-15 00:00:00","Fondo Errano 2024","T0","SOLAR_RAD",283.890577507599
"2024-06-15 00:00:00","Fondo Errano 2024","T0","WIND_DIRECTION",238.520833333333
"2024-06-15 00:00:00","Fondo Errano 2024","T0","WIND_SPEED",5.1525
"2024-06-15 00:00:00","Fondo Errano 2024","T0","BATTERY_TENS",3463.4375
"2024-06-15 00:00:00","Fondo Errano 2024","T0","ET0",4.08592148371805
"2024-06-15 00:00:00","Fondo Errano 2024","T0","AIR_HUM",53.463829787234
"2024-06-15 00:00:00","Fondo Errano 2024","T0","WIND_GUST_MAX",8.415
"2024-06-15 00:00:00","Fondo Errano 2024","T0","AIR_TEMP",23.5357446808511
"2024-06-16 00:00:00","Fondo Errano 2024","T0","AIR_HUM",47.25
"2024-06-16 00:00:00","Fondo Errano 2024","T0","WIND_SPEED",4.53
"2024-06-16 00:00:00","Fondo Errano 2024","T0","WIND_DIRECTION",232.770833333333
"2024-06-16 00:00:00","Fondo Errano 2024","T0","WIND_GUST_MAX",8.3025
"2024-06-16 00:00:00","Fondo Errano 2024","T0","AIR_TEMP",24.638125
"2024-06-16 00:00:00","Fondo Errano 2024","T0","ET0",4.19118575529354
"2024-06-16 00:00:00","Fondo Errano 2024","T0","BATTERY_TENS",3464.91666666667
"2024-06-16 00:00:00","Fondo Errano 2024","T0","SOLAR_RAD",310.196428571429
"2024-06-17 00:00:00","Fondo Errano 2024","T0","WIND_DIRECTION",227.354166666667
"2024-06-17 00:00:00","Fondo Errano 2024","T0","BATTERY_TENS",3467.6875
"2024-06-17 00:00:00","Fondo Errano 2024","T0","SOLAR_RAD",319.494047619048
"2024-06-17 00:00:00","Fondo Errano 2024","T0","ET0",4.47157756413606
"2024-06-17 00:00:00","Fondo Errano 2024","T0","WIND_GUST_MAX",6.6975
"2024-06-17 00:00:00","Fondo Errano 2024","T0","AIR_HUM",40.1625
"2024-06-17 00:00:00","Fondo Errano 2024","T0","WIND_SPEED",3.4575
"2024-06-17 00:00:00","Fondo Errano 2024","T0","AIR_TEMP",25.6966666666667
"2024-06-18 00:00:00","Fondo Errano 2024","T0","BATTERY_TENS",3475.42553191489
"2024-06-18 00:00:00","Fondo Errano 2024","T0","AIR_TEMP",25.915
"2024-06-18 00:00:00","Fondo Errano 2024","T0","ET0",4.51827651418255
"2024-06-18 00:00:00","Fondo Errano 2024","T0","WIND_GUST_MAX",7.69787234042553
"2024-06-18 00:00:00","Fondo Errano 2024","T0","SOLAR_RAD",310.833333333333
"2024-06-18 00:00:00","Fondo Errano 2024","T0","WIND_DIRECTION",143.170212765957
"2024-06-18 00:00:00","Fondo Errano 2024","T0","AIR_HUM",50.05625
"2024-06-18 00:00:00","Fondo Errano 2024","T0","WIND_SPEED",4.74893617021277
"2024-06-19 00:00:00","Fondo Errano 2024","T0","WIND_SPEED",3.2625
"2024-06-19 00:00:00","Fondo Errano 2024","T0","AIR_HUM",53.5659574468085
"2024-06-19 00:00:00","Fondo Errano 2024","T0","BATTERY_TENS",3475.47916666667
"2024-06-19 00:00:00","Fondo Errano 2024","T0","ET0",2.45060492314914
"2024-06-19 00:00:00","Fondo Errano 2024","T0","WIND_GUST_MAX",6.405
"2024-06-19 00:00:00","Fondo Errano 2024","T0","WIND_DIRECTION",203.25
"2024-06-19 00:00:00","Fondo Errano 2024","T0","AIR_TEMP",26.5997872340425
"2024-06-19 00:00:00","Fondo Errano 2024","T0","SOLAR_RAD",187.544072948328
"2024-06-20 00:00:00","Fondo Errano 2024","T0","AIR_HUM",58.1979166666667
"2024-06-20 00:00:00","Fondo Errano 2024","T0","WIND_DIRECTION",162.595744680851
"2024-06-20 00:00:00","Fondo Errano 2024","T0","SOLAR_RAD",147.488095238095
"2024-06-20 00:00:00","Fondo Errano 2024","T0","WIND_GUST_MAX",4.48851063829787
"2024-06-20 00:00:00","Fondo Errano 2024","T0","WIND_SPEED",2.02978723404255
"2024-06-20 00:00:00","Fondo Errano 2024","T0","ET0",1.89670220340018
"2024-06-20 00:00:00","Fondo Errano 2024","T0","AIR_TEMP",26.638125
"2024-06-20 00:00:00","Fondo Errano 2024","T0","BATTERY_TENS",3478.25531914894
"2024-06-21 00:00:00","Fondo Errano 2024","T0","AIR_TEMP",26.1034042553192
"2024-06-21 00:00:00","Fondo Errano 2024","T0","WIND_SPEED",2.65787234042553
"2024-06-21 00:00:00","Fondo Errano 2024","T0","SOLAR_RAD",142.261398176292
"2024-06-21 00:00:00","Fondo Errano 2024","T0","WIND_GUST_MAX",6.26553191489362
"2024-06-21 00:00:00","Fondo Errano 2024","T0","BATTERY_TENS",3477.53191489362
"2024-06-21 00:00:00","Fondo Errano 2024","T0","ET0",1.66636791083597
"2024-06-21 00:00:00","Fondo Errano 2024","T0","AIR_HUM",67.8255319148936
"2024-06-21 00:00:00","Fondo Errano 2024","T0","WIND_DIRECTION",170.872340425532
"2024-06-22 00:00:00","Fondo Errano 2024","T0","SOLAR_RAD",313.880952380952
"2024-06-22 00:00:00","Fondo Errano 2024","T0","ET0",3.93799624614802
"2024-06-22 00:00:00","Fondo Errano 2024","T0","AIR_TEMP",25.10125
"2024-06-22 00:00:00","Fondo Errano 2024","T0","BATTERY_TENS",3468.25
"2024-06-22 00:00:00","Fondo Errano 2024","T0","WIND_GUST_MAX",12.8775
"2024-06-22 00:00:00","Fondo Errano 2024","T0","AIR_HUM",51.79375
"2024-06-22 00:00:00","Fondo Errano 2024","T0","WIND_SPEED",8.2425
"2024-06-22 00:00:00","Fondo Errano 2024","T0","WIND_DIRECTION",221.8125
"2024-06-23 00:00:00","Fondo Errano 2024","T0","WIND_GUST_MAX",4.95574468085106
"2024-06-23 00:00:00","Fondo Errano 2024","T0","BATTERY_TENS",3447.57446808511
"2024-06-23 00:00:00","Fondo Errano 2024","T0","ET0",0.56497819792339
"2024-06-23 00:00:00","Fondo Errano 2024","T0","AIR_TEMP",20.6360416666667
"2024-06-23 00:00:00","Fondo Errano 2024","T0","WIND_SPEED",1.92255319148936
"2024-06-23 00:00:00","Fondo Errano 2024","T0","AIR_HUM",71.1770833333333
"2024-06-23 00:00:00","Fondo Errano 2024","T0","WIND_DIRECTION",261.829787234043
"2024-06-23 00:00:00","Fondo Errano 2024","T0","SOLAR_RAD",91.452380952381
"2024-06-24 00:00:00","Fondo Errano 2024","T0","AIR_TEMP",19.1591489361702
"2024-06-24 00:00:00","Fondo Errano 2024","T0","AIR_HUM",84.272340425532
"2024-06-24 00:00:00","Fondo Errano 2024","T0","WIND_SPEED",2.8275
"2024-06-24 00:00:00","Fondo Errano 2024","T0","SOLAR_RAD",62.8753799392097
"2024-06-24 00:00:00","Fondo Errano 2024","T0","WIND_GUST_MAX",5.55
"2024-06-24 00:00:00","Fondo Errano 2024","T0","WIND_DIRECTION",235.416666666667
"2024-06-24 00:00:00","Fondo Errano 2024","T0","BATTERY_TENS",3441.35416666667
"2024-06-24 00:00:00","Fondo Errano 2024","T0","ET0",0.395148453738258
"2024-06-25 00:00:00","Fondo Errano 2024","T0","BATTERY_TENS",3453.04166666667
"2024-06-25 00:00:00","Fondo Errano 2024","T0","SOLAR_RAD",205.809523809524
"2024-06-25 00:00:00","Fondo Errano 2024","T0","WIND_SPEED",4.2975
"2024-06-25 00:00:00","Fondo Errano 2024","T0","AIR_TEMP",21.3835416666667
"2024-06-25 00:00:00","Fondo Errano 2024","T0","ET0",2.13075323069496
"2024-06-25 00:00:00","Fondo Errano 2024","T0","WIND_GUST_MAX",7.4325
"2024-06-25 00:00:00","Fondo Errano 2024","T0","WIND_DIRECTION",227.875
"2024-06-25 00:00:00","Fondo Errano 2024","T0","AIR_HUM",76.4270833333333
"2024-06-26 00:00:00","Fondo Errano 2024","T0","BIP",-55.597163265147
"2024-06-26 00:00:00","Fondo Errano 2024","T0","SOLAR_RAD",175.666666666667
"2024-06-26 00:00:00","Fondo Errano 2024","T0","BIG",-0.864008957872411
"2024-06-26 00:00:00","Fondo Errano 2024","T0","WIND_GUST_MAX",6.33
"2024-06-26 00:00:00","Fondo Errano 2024","T0","BATTERY_TENS",3450.95833333333
"2024-06-26 00:00:00","Fondo Errano 2024","T0","AIR_TEMP",20.2027083333333
"2024-06-26 00:00:00","Fondo Errano 2024","T0","AIR_HUM",78.9416666666666
"2024-06-26 00:00:00","Fondo Errano 2024","T0","WIND_DIRECTION",244.604166666667
"2024-06-26 00:00:00","Fondo Errano 2024","T0","ET0",1.86400895787241
"2024-06-26 00:00:00","Fondo Errano 2024","T0","WIND_SPEED",2.7075
"2024-06-27 00:00:00","Fondo Errano 2024","T0","SOLAR_RAD",319.386904761905
"2024-06-27 00:00:00","Fondo Errano 2024","T0","WIND_DIRECTION",221.041666666667
"2024-06-27 00:00:00","Fondo Errano 2024","T0","ET0",4.31630560352709
"2024-06-27 00:00:00","Fondo Errano 2024","T0","WIND_GUST_MAX",9.2775
"2024-06-27 00:00:00","Fondo Errano 2024","T0","WIND_SPEED",6.39
"2024-06-27 00:00:00","Fondo Errano 2024","T0","BATTERY_TENS",3460.125
"2024-06-27 00:00:00","Fondo Errano 2024","T0","AIR_TEMP",25.080625
"2024-06-27 00:00:00","Fondo Errano 2024","T0","AIR_HUM",62.53125
"2024-06-28 00:00:00","Fondo Errano 2024","T0","BATTERY_TENS",3475.875
"2024-06-28 00:00:00","Fondo Errano 2024","T0","AIR_HUM",55.5583333333333
"2024-06-28 00:00:00","Fondo Errano 2024","T0","SOLAR_RAD",303.589285714286
"2024-06-28 00:00:00","Fondo Errano 2024","T0","AIR_TEMP",28.1914583333333
"2024-06-28 00:00:00","Fondo Errano 2024","T0","WIND_SPEED",3.0825
"2024-06-28 00:00:00","Fondo Errano 2024","T0","ET0",4.41789423258825
"2024-06-28 00:00:00","Fondo Errano 2024","T0","WIND_GUST_MAX",6.12
"2024-06-28 00:00:00","Fondo Errano 2024","T0","WIND_DIRECTION",174.666666666667
"2024-06-29 00:00:00","Fondo Errano 2024","T0","WIND_SPEED",4.4775
"2024-06-29 00:00:00","Fondo Errano 2024","T0","AIR_HUM",65.2520833333333
"2024-06-29 00:00:00","Fondo Errano 2024","T0","AIR_TEMP",27.3870833333333
"2024-06-29 00:00:00","Fondo Errano 2024","T0","ET0",3.2626245336097
"2024-06-29 00:00:00","Fondo Errano 2024","T0","WIND_DIRECTION",147.291666666667
"2024-06-29 00:00:00","Fondo Errano 2024","T0","WIND_GUST_MAX",7.05
"2024-06-29 00:00:00","Fondo Errano 2024","T0","BATTERY_TENS",3477.29166666667
"2024-06-29 00:00:00","Fondo Errano 2024","T0","SOLAR_RAD",244.64880952381
"2024-06-30 00:00:00","Fondo Errano 2024","T0","AIR_TEMP",27.3060416666667
"2024-06-30 00:00:00","Fondo Errano 2024","T0","ET0",3.80875730198347
"2024-06-30 00:00:00","Fondo Errano 2024","T0","BATTERY_TENS",3469.54166666667
"2024-06-30 00:00:00","Fondo Errano 2024","T0","WIND_DIRECTION",225.104166666667
"2024-06-30 00:00:00","Fondo Errano 2024","T0","WIND_SPEED",6.5925
"2024-06-30 00:00:00","Fondo Errano 2024","T0","WIND_GUST_MAX",10.1325
"2024-06-30 00:00:00","Fondo Errano 2024","T0","AIR_HUM",56.2791666666667
"2024-06-30 00:00:00","Fondo Errano 2024","T0","SOLAR_RAD",314.875
"2024-07-01 00:00:00","Fondo Errano 2024","T0","BATTERY_TENS",3469.25
"2024-07-01 00:00:00","Fondo Errano 2024","T0","WIND_GUST_MAX",8.1975
"2024-07-01 00:00:00","Fondo Errano 2024","T0","WIND_SPEED",4.23
"2024-07-01 00:00:00","Fondo Errano 2024","T0","SOLAR_RAD",252.10119047619
"2024-07-01 00:00:00","Fondo Errano 2024","T0","ET0",3.17245045237666
"2024-07-01 00:00:00","Fondo Errano 2024","T0","AIR_TEMP",26.930625
"2024-07-01 00:00:00","Fondo Errano 2024","T0","AIR_HUM",54.60625
"2024-07-01 00:00:00","Fondo Errano 2024","T0","WIND_DIRECTION",238.645833333333
"2024-07-02 00:00:00","Fondo Errano 2024","T0","AIR_HUM",62.6617021276596
"2024-07-02 00:00:00","Fondo Errano 2024","T0","WIND_SPEED",2.715
"2024-07-02 00:00:00","Fondo Errano 2024","T0","BATTERY_TENS",3466.10416666667
"2024-07-02 00:00:00","Fondo Errano 2024","T0","WIND_DIRECTION",166.229166666667
"2024-07-02 00:00:00","Fondo Errano 2024","T0","AIR_TEMP",24.0187234042553
"2024-07-02 00:00:00","Fondo Errano 2024","T0","ET0",3.9545013278311
"2024-07-02 00:00:00","Fondo Errano 2024","T0","WIND_GUST_MAX",6.45
"2024-07-02 00:00:00","Fondo Errano 2024","T0","SOLAR_RAD",316.431610942249
"2024-07-03 00:00:00","Fondo Errano 2024","T0","WIND_DIRECTION",155.020833333333
"2024-07-03 00:00:00","Fondo Errano 2024","T0","AIR_TEMP",21.010625
"2024-07-03 00:00:00","Fondo Errano 2024","T0","WIND_GUST_MAX",7.05
"2024-07-03 00:00:00","Fondo Errano 2024","T0","BATTERY_TENS",3457.64583333333
"2024-07-03 00:00:00","Fondo Errano 2024","T0","WIND_SPEED",3.5325
"2024-07-03 00:00:00","Fondo Errano 2024","T0","AIR_HUM",69.6
"2024-07-03 00:00:00","Fondo Errano 2024","T0","ET0",1.89325948126348
"2024-07-03 00:00:00","Fondo Errano 2024","T0","SOLAR_RAD",177.809523809524
"2024-07-04 00:00:00","Fondo Errano 2024","T0","AIR_TEMP",22.6057446808511
"2024-07-04 00:00:00","Fondo Errano 2024","T0","ET0",2.63581266407089
"2024-07-04 00:00:00","Fondo Errano 2024","T0","BATTERY_TENS",3455.70212765957
"2024-07-04 00:00:00","Fondo Errano 2024","T0","AIR_HUM",65.1489361702128
"2024-07-04 00:00:00","Fondo Errano 2024","T0","WIND_GUST_MAX",4.2663829787234
"2024-07-04 00:00:00","Fondo Errano 2024","T0","SOLAR_RAD",220
"2024-07-04 00:00:00","Fondo Errano 2024","T0","WIND_SPEED",1.04936170212766
"2024-07-04 00:00:00","Fondo Errano 2024","T0","WIND_DIRECTION",179.446808510638
"2024-07-05 00:00:00","Fondo Errano 2024","T0","AIR_HUM",62.2520833333333
"2024-07-05 00:00:00","Fondo Errano 2024","T0","ET0",4.10650536860064
"2024-07-05 00:00:00","Fondo Errano 2024","T0","AIR_TEMP",24.4935416666667
"2024-07-05 00:00:00","Fondo Errano 2024","T0","BATTERY_TENS",3459.95833333333
"2024-07-05 00:00:00","Fondo Errano 2024","T0","WIND_DIRECTION",130.541666666667
"2024-07-05 00:00:00","Fondo Errano 2024","T0","WIND_SPEED",4.9275
"2024-07-05 00:00:00","Fondo Errano 2024","T0","SOLAR_RAD",308.386904761905
"2024-07-05 00:00:00","Fondo Errano 2024","T0","WIND_GUST_MAX",7.8
"2024-07-06 00:00:00","Fondo Errano 2024","T0","WIND_GUST_MAX",6.495
"2024-07-06 00:00:00","Fondo Errano 2024","T0","AIR_HUM",53.5979166666667
"2024-07-06 00:00:00","Fondo Errano 2024","T0","AIR_TEMP",26.7385416666667
"2024-07-06 00:00:00","Fondo Errano 2024","T0","ET0",4.59466612796249
"2024-07-06 00:00:00","Fondo Errano 2024","T0","WIND_DIRECTION",221.5
"2024-07-06 00:00:00","Fondo Errano 2024","T0","SOLAR_RAD",314
"2024-07-06 00:00:00","Fondo Errano 2024","T0","BATTERY_TENS",3468.83333333333
"2024-07-06 00:00:00","Fondo Errano 2024","T0","WIND_SPEED",3.7275
"2024-07-07 00:00:00","Fondo Errano 2024","T0","WIND_GUST_MAX",4.995
"2024-07-07 00:00:00","Fondo Errano 2024","T0","AIR_HUM",56.3916666666667
"2024-07-07 00:00:00","Fondo Errano 2024","T0","ET0",1.68540633038179
"2024-07-07 00:00:00","Fondo Errano 2024","T0","AIR_TEMP",26.2497916666667
"2024-07-07 00:00:00","Fondo Errano 2024","T0","WIND_SPEED",2.0925
"2024-07-07 00:00:00","Fondo Errano 2024","T0","BATTERY_TENS",3466.66666666667
"2024-07-07 00:00:00","Fondo Errano 2024","T0","WIND_DIRECTION",163.375
"2024-07-07 00:00:00","Fondo Errano 2024","T0","SOLAR_RAD",147.113095238095
"2024-07-08 00:00:00","Fondo Errano 2024","T0","SOLAR_RAD",220.73556231003
"2024-07-08 00:00:00","Fondo Errano 2024","T0","WIND_SPEED",2.9325
"2024-07-08 00:00:00","Fondo Errano 2024","T0","AIR_HUM",60.436170212766
"2024-07-08 00:00:00","Fondo Errano 2024","T0","BATTERY_TENS",3470.14583333333
"2024-07-08 00:00:00","Fondo Errano 2024","T0","WIND_DIRECTION",186.291666666667
"2024-07-08 00:00:00","Fondo Errano 2024","T0","ET0",3.08339398577862
"2024-07-08 00:00:00","Fondo Errano 2024","T0","WIND_GUST_MAX",5.4825
"2024-07-08 00:00:00","Fondo Errano 2024","T0","AIR_TEMP",27.3110638297872
"2024-07-09 00:00:00","Fondo Errano 2024","T0","AIR_TEMP",28.0841666666667
"2024-07-09 00:00:00","Fondo Errano 2024","T0","AIR_HUM",59.125
"2024-07-09 00:00:00","Fondo Errano 2024","T0","SOLAR_RAD",242.910714285714
"2024-07-09 00:00:00","Fondo Errano 2024","T0","ET0",3.48705349627754
"2024-07-09 00:00:00","Fondo Errano 2024","T0","WIND_DIRECTION",181.104166666667
"2024-07-09 00:00:00","Fondo Errano 2024","T0","WIND_GUST_MAX",6.78
"2024-07-09 00:00:00","Fondo Errano 2024","T0","BATTERY_TENS",3475.58333333333
"2024-07-09 00:00:00","Fondo Errano 2024","T0","WIND_SPEED",3.8175
"2024-07-10 00:00:00","Fondo Errano 2024","T0","WIND_GUST_MAX",7.3275
"2024-07-10 00:00:00","Fondo Errano 2024","T0","AIR_TEMP",29.7736170212766
"2024-07-10 00:00:00","Fondo Errano 2024","T0","SOLAR_RAD",256.431610942249
"2024-07-10 00:00:00","Fondo Errano 2024","T0","WIND_DIRECTION",220.979166666667
"2024-07-10 00:00:00","Fondo Errano 2024","T0","WIND_SPEED",4.47
"2024-07-10 00:00:00","Fondo Errano 2024","T0","BATTERY_TENS",3481.85416666667
"2024-07-10 00:00:00","Fondo Errano 2024","T0","ET0",4.10198324107581
"2024-07-10 00:00:00","Fondo Errano 2024","T0","AIR_HUM",55.1212765957447
"2024-07-11 00:00:00","Fondo Errano 2024","T0","BATTERY_TENS",3487.39130434783
"2024-07-11 00:00:00","Fondo Errano 2024","T0","SOLAR_RAD",309.702127659574
"2024-07-11 00:00:00","Fondo Errano 2024","T0","ET0",4.70465160873858
"2024-07-11 00:00:00","Fondo Errano 2024","T0","AIR_HUM",48.0425531914894
"2024-07-11 00:00:00","Fondo Errano 2024","T0","WIND_SPEED",4.14
"2024-07-11 00:00:00","Fondo Errano 2024","T0","WIND_GUST_MAX",7.35652173913043
"2024-07-11 00:00:00","Fondo Errano 2024","T0","AIR_TEMP",30.7465957446808
"2024-07-11 00:00:00","Fondo Errano 2024","T0","WIND_DIRECTION",221.739130434783
"2024-07-12 00:00:00","Fondo Errano 2024","T0","AIR_HUM",43.9191489361702
"2024-07-12 00:00:00","Fondo Errano 2024","T0","ET0",4.68426363787166
"2024-07-12 00:00:00","Fondo Errano 2024","T0","SOLAR_RAD",312.571428571429
"2024-07-12 00:00:00","Fondo Errano 2024","T0","WIND_GUST_MAX",7.665
"2024-07-12 00:00:00","Fondo Errano 2024","T0","WIND_SPEED",4.62
"2024-07-12 00:00:00","Fondo Errano 2024","T0","AIR_TEMP",30.9846808510638
"2024-07-12 00:00:00","Fondo Errano 2024","T0","BATTERY_TENS",3487.64583333333
"2024-07-12 00:00:00","Fondo Errano 2024","T0","WIND_DIRECTION",234.916666666667
"2024-07-13 00:00:00","Fondo Errano 2024","T0","AIR_HUM",50.75625
"2024-07-13 00:00:00","Fondo Errano 2024","T0","WIND_DIRECTION",244.255319148936
"2024-07-13 00:00:00","Fondo Errano 2024","T0","AIR_TEMP",29.0264583333333
"2024-07-13 00:00:00","Fondo Errano 2024","T0","ET0",4.36335662616402
"2024-07-13 00:00:00","Fondo Errano 2024","T0","WIND_GUST_MAX",8.46382978723404
"2024-07-13 00:00:00","Fondo Errano 2024","T0","BATTERY_TENS",3477.57446808511
"2024-07-13 00:00:00","Fondo Errano 2024","T0","SOLAR_RAD",300.267857142857
"2024-07-13 00:00:00","Fondo Errano 2024","T0","WIND_SPEED",5.05531914893617
"2024-07-14 00:00:00","Fondo Errano 2024","T0","WIND_SPEED",3.18
"2024-07-14 00:00:00","Fondo Errano 2024","T0","AIR_HUM",52.0375
"2024-07-14 00:00:00","Fondo Errano 2024","T0","SOLAR_RAD",298.636904761905
"2024-07-14 00:00:00","Fondo Errano 2024","T0","BATTERY_TENS",3477.4375
"2024-07-14 00:00:00","Fondo Errano 2024","T0","WIND_GUST_MAX",6.2175
"2024-07-14 00:00:00","Fondo Errano 2024","T0","ET0",5.08622579262886
"2024-07-14 00:00:00","Fondo Errano 2024","T0","AIR_TEMP",27.6091666666667
"2024-07-14 00:00:00","Fondo Errano 2024","T0","WIND_DIRECTION",232.166666666667
"2024-07-15 00:00:00","Fondo Errano 2024","T0","BATTERY_TENS",3482.9347826087
"2024-07-15 00:00:00","Fondo Errano 2024","T0","WIND_DIRECTION",148.847826086957
"2024-07-15 00:00:00","Fondo Errano 2024","T0","WIND_SPEED",4.03826086956522
"2024-07-15 00:00:00","Fondo Errano 2024","T0","AIR_TEMP",28.8341666666667
"2024-07-15 00:00:00","Fondo Errano 2024","T0","ET0",4.65473851150545
"2024-07-15 00:00:00","Fondo Errano 2024","T0","SOLAR_RAD",299.553571428571
"2024-07-15 00:00:00","Fondo Errano 2024","T0","AIR_HUM",48.95625
"2024-07-15 00:00:00","Fondo Errano 2024","T0","WIND_GUST_MAX",7.95130434782609
"2024-07-16 00:00:00","Fondo Errano 2024","T0","BATTERY_TENS",3483.89583333333
"2024-07-16 00:00:00","Fondo Errano 2024","T0","WIND_DIRECTION",214.791666666667
"2024-07-16 00:00:00","Fondo Errano 2024","T0","ET0",4.86556501085232
"2024-07-16 00:00:00","Fondo Errano 2024","T0","WIND_GUST_MAX",8.5275
"2024-07-16 00:00:00","Fondo Errano 2024","T0","SOLAR_RAD",300.279761904762
"2024-07-16 00:00:00","Fondo Errano 2024","T0","WIND_SPEED",4.8675
"2024-07-16 00:00:00","Fondo Errano 2024","T0","AIR_TEMP",30.028125
"2024-07-16 00:00:00","Fondo Errano 2024","T0","AIR_HUM",42.3395833333333
"2024-07-17 00:00:00","Fondo Errano 2024","T0","SOLAR_RAD",291.64880952381
"2024-07-17 00:00:00","Fondo Errano 2024","T0","WIND_DIRECTION",201.583333333333
"2024-07-17 00:00:00","Fondo Errano 2024","T0","WIND_SPEED",3.585
"2024-07-17 00:00:00","Fondo Errano 2024","T0","WIND_GUST_MAX",7.08
"2024-07-17 00:00:00","Fondo Errano 2024","T0","AIR_HUM",44.6458333333333
"2024-07-17 00:00:00","Fondo Errano 2024","T0","BATTERY_TENS",3486.60416666667
"2024-07-17 00:00:00","Fondo Errano 2024","T0","ET0",4.54019119170191
"2024-07-17 00:00:00","Fondo Errano 2024","T0","AIR_TEMP",30.3216666666667
"2024-07-18 00:00:00","Fondo Errano 2024","T0","WIND_GUST_MAX",8.025
"2024-07-18 00:00:00","Fondo Errano 2024","T0","WIND_DIRECTION",147.541666666667
"2024-07-18 00:00:00","Fondo Errano 2024","T0","AIR_HUM",50.1375
"2024-07-18 00:00:00","Fondo Errano 2024","T0","WIND_SPEED",5.31
"2024-07-18 00:00:00","Fondo Errano 2024","T0","ET0",4.45081093269272
"2024-07-18 00:00:00","Fondo Errano 2024","T0","AIR_TEMP",28.9302083333333
"2024-07-18 00:00:00","Fondo Errano 2024","T0","BATTERY_TENS",3485.20833333333
"2024-07-18 00:00:00","Fondo Errano 2024","T0","SOLAR_RAD",291.595238095238
"2024-07-19 00:00:00","Fondo Errano 2024","T0","WIND_SPEED",3.62347826086957
"2024-07-19 00:00:00","Fondo Errano 2024","T0","AIR_TEMP",29.9085106382979
"2024-07-19 00:00:00","Fondo Errano 2024","T0","WIND_DIRECTION",179.304347826087
"2024-07-19 00:00:00","Fondo Errano 2024","T0","ET0",4.19963985017108
"2024-07-19 00:00:00","Fondo Errano 2024","T0","BATTERY_TENS",3478.86956521739
"2024-07-19 00:00:00","Fondo Errano 2024","T0","WIND_GUST_MAX",7.4895652173913
"2024-07-19 00:00:00","Fondo Errano 2024","T0","SOLAR_RAD",279.908814589666
"2024-07-19 00:00:00","Fondo Errano 2024","T0","AIR_HUM",55.7744680851064
"2024-07-20 00:00:00","Fondo Errano 2024","T0","BATTERY_TENS",3470.10416666667
"2024-07-20 00:00:00","Fondo Errano 2024","T0","AIR_TEMP",26.9204255319149
"2024-07-20 00:00:00","Fondo Errano 2024","T0","WIND_DIRECTION",151.8125
"2024-07-20 00:00:00","Fondo Errano 2024","T0","WIND_SPEED",3.2325
"2024-07-20 00:00:00","Fondo Errano 2024","T0","AIR_HUM",63.1978723404255
"2024-07-20 00:00:00","Fondo Errano 2024","T0","ET0",3.46754379479826
"2024-07-20 00:00:00","Fondo Errano 2024","T0","SOLAR_RAD",247.617021276596
"2024-07-20 00:00:00","Fondo Errano 2024","T0","WIND_GUST_MAX",6.165
"2024-07-21 00:00:00","Fondo Errano 2024","T0","ET0",4.20217179175656
"2024-07-21 00:00:00","Fondo Errano 2024","T0","WIND_GUST_MAX",7.0275
"2024-07-21 00:00:00","Fondo Errano 2024","T0","WIND_SPEED",3.8475
"2024-07-21 00:00:00","Fondo Errano 2024","T0","BATTERY_TENS",3477.66666666667
"2024-07-21 00:00:00","Fondo Errano 2024","T0","SOLAR_RAD",274.200607902736
"2024-07-21 00:00:00","Fondo Errano 2024","T0","WIND_DIRECTION",174.541666666667
"2024-07-21 00:00:00","Fondo Errano 2024","T0","AIR_TEMP",28.3021276595745
"2024-07-21 00:00:00","Fondo Errano 2024","T0","AIR_HUM",59.1148936170213
"2024-07-22 00:00:00","Fondo Errano 2024","T0","AIR_HUM",63.90625
"2024-07-22 00:00:00","Fondo Errano 2024","T0","WIND_DIRECTION",205.166666666667
"2024-07-22 00:00:00","Fondo Errano 2024","T0","WIND_SPEED",4.2975
"2024-07-22 00:00:00","Fondo Errano 2024","T0","ET0",2.12779372167207
"2024-07-22 00:00:00","Fondo Errano 2024","T0","WIND_GUST_MAX",7.8375
"2024-07-22 00:00:00","Fondo Errano 2024","T0","BATTERY_TENS",3471.64583333333
"2024-07-22 00:00:00","Fondo Errano 2024","T0","AIR_TEMP",26.13125
"2024-07-22 00:00:00","Fondo Errano 2024","T0","SOLAR_RAD",168.160714285714
"2024-07-23 00:00:00","Fondo Errano 2024","T0","AIR_HUM",61.775
"2024-07-23 00:00:00","Fondo Errano 2024","T0","WIND_SPEED",3.9675
"2024-07-23 00:00:00","Fondo Errano 2024","T0","AIR_TEMP",27.25
"2024-07-23 00:00:00","Fondo Errano 2024","T0","WIND_DIRECTION",144.020833333333
"2024-07-23 00:00:00","Fondo Errano 2024","T0","SOLAR_RAD",262.422619047619
"2024-07-23 00:00:00","Fondo Errano 2024","T0","ET0",3.71724957592323
"2024-07-23 00:00:00","Fondo Errano 2024","T0","WIND_GUST_MAX",6.9375
"2024-07-23 00:00:00","Fondo Errano 2024","T0","BATTERY_TENS",3470.16666666667
"2024-07-24 00:00:00","Fondo Errano 2024","T0","AIR_HUM",58.6708333333333
"2024-07-24 00:00:00","Fondo Errano 2024","T0","WIND_SPEED",3.645
"2024-07-24 00:00:00","Fondo Errano 2024","T0","AIR_TEMP",28.1129166666667
"2024-07-24 00:00:00","Fondo Errano 2024","T0","WIND_DIRECTION",129.479166666667
"2024-07-24 00:00:00","Fondo Errano 2024","T0","BATTERY_TENS",3475.1875
"2024-07-24 00:00:00","Fondo Errano 2024","T0","SOLAR_RAD",270.797619047619
"2024-07-24 00:00:00","Fondo Errano 2024","T0","WIND_GUST_MAX",7.8375
"2024-07-24 00:00:00","Fondo Errano 2024","T0","ET0",3.83721080347663
"2024-07-25 00:00:00","Fondo Errano 2024","T0","AIR_TEMP",26.5770212765957
"2024-07-25 00:00:00","Fondo Errano 2024","T0","ET0",3.44322167034959
"2024-07-25 00:00:00","Fondo Errano 2024","T0","SOLAR_RAD",262.9726443769
"2024-07-25 00:00:00","Fondo Errano 2024","T0","BATTERY_TENS",3471.5
"2024-07-25 00:00:00","Fondo Errano 2024","T0","WIND_DIRECTION",155.104166666667
"2024-07-25 00:00:00","Fondo Errano 2024","T0","AIR_HUM",61.6744680851064
"2024-07-25 00:00:00","Fondo Errano 2024","T0","WIND_SPEED",4.83
"2024-07-25 00:00:00","Fondo Errano 2024","T0","WIND_GUST_MAX",7.965
"2024-07-26 00:00:00","Fondo Errano 2024","T0","WIND_GUST_MAX",6.81
"2024-07-26 00:00:00","Fondo Errano 2024","T0","AIR_HUM",56.5020833333333
"2024-07-26 00:00:00","Fondo Errano 2024","T0","BATTERY_TENS",3472.27083333333
"2024-07-26 00:00:00","Fondo Errano 2024","T0","WIND_SPEED",3.78
"2024-07-26 00:00:00","Fondo Errano 2024","T0","AIR_TEMP",27.3710416666667
"2024-07-26 00:00:00","Fondo Errano 2024","T0","SOLAR_RAD",286.970238095238
"2024-07-26 00:00:00","Fondo Errano 2024","T0","WIND_DIRECTION",117.958333333333
"2024-07-26 00:00:00","Fondo Errano 2024","T0","ET0",4.27043624003174
"2024-07-27 00:00:00","Fondo Errano 2024","T0","WIND_SPEED",3.96
"2024-07-27 00:00:00","Fondo Errano 2024","T0","SOLAR_RAD",284.982142857143
"2024-07-27 00:00:00","Fondo Errano 2024","T0","WIND_DIRECTION",151.4375
"2024-07-27 00:00:00","Fondo Errano 2024","T0","AIR_TEMP",28.8633333333333
"2024-07-27 00:00:00","Fondo Errano 2024","T0","WIND_GUST_MAX",7.32
"2024-07-27 00:00:00","Fondo Errano 2024","T0","ET0",4.65123555944427
"2024-07-27 00:00:00","Fondo Errano 2024","T0","AIR_HUM",55.8604166666667
"2024-07-27 00:00:00","Fondo Errano 2024","T0","BATTERY_TENS",3477.20833333333
"2024-07-28 00:00:00","Fondo Errano 2024","T0","AIR_TEMP",30.6340425531915
"2024-07-28 00:00:00","Fondo Errano 2024","T0","WIND_GUST_MAX",7.56
"2024-07-28 00:00:00","Fondo Errano 2024","T0","WIND_DIRECTION",154.333333333333
"2024-07-28 00:00:00","Fondo Errano 2024","T0","ET0",4.44876587975729
"2024-07-28 00:00:00","Fondo Errano 2024","T0","AIR_HUM",47.4425531914893
"2024-07-28 00:00:00","Fondo Errano 2024","T0","WIND_SPEED",4.1025
"2024-07-28 00:00:00","Fondo Errano 2024","T0","SOLAR_RAD",283.398176291793
"2024-07-28 00:00:00","Fondo Errano 2024","T0","BATTERY_TENS",3481.95833333333
"2024-07-29 00:00:00","Fondo Errano 2024","T0","ET0",3.58319012245403
"2024-07-29 00:00:00","Fondo Errano 2024","T0","AIR_TEMP",28.933125
"2024-07-29 00:00:00","Fondo Errano 2024","T0","BATTERY_TENS",3480.04166666667
"2024-07-29 00:00:00","Fondo Errano 2024","T0","WIND_GUST_MAX",6.8775
"2024-07-29 00:00:00","Fondo Errano 2024","T0","WIND_DIRECTION",134.4375
"2024-07-29 00:00:00","Fondo Errano 2024","T0","AIR_HUM",59.21875
"2024-07-29 00:00:00","Fondo Errano 2024","T0","WIND_SPEED",3.465
"2024-07-29 00:00:00","Fondo Errano 2024","T0","SOLAR_RAD",257.380952380952
"2024-07-30 00:00:00","Fondo Errano 2024","T0","SOLAR_RAD",222.485049833887
"2024-07-30 00:00:00","Fondo Errano 2024","T0","WIND_DIRECTION",145.282608695652
"2024-07-30 00:00:00","Fondo Errano 2024","T0","WIND_SPEED",4.59391304347826
"2024-07-30 00:00:00","Fondo Errano 2024","T0","ET0",3.88291127386436
"2024-07-30 00:00:00","Fondo Errano 2024","T0","AIR_TEMP",27.0374418604651
"2024-07-30 00:00:00","Fondo Errano 2024","T0","WIND_GUST_MAX",7.9904347826087
"2024-07-30 00:00:00","Fondo Errano 2024","T0","AIR_HUM",59.9279069767442
"2024-07-30 00:00:00","Fondo Errano 2024","T0","BATTERY_TENS",3474.76086956522
"2024-07-31 00:00:00","Fondo Errano 2024","T0","WIND_DIRECTION",155.354166666667
"2024-07-31 00:00:00","Fondo Errano 2024","T0","WIND_GUST_MAX",7.6275
"2024-07-31 00:00:00","Fondo Errano 2024","T0","WIND_SPEED",4.3125
"2024-07-31 00:00:00","Fondo Errano 2024","T0","AIR_HUM",52.5
"2024-07-31 00:00:00","Fondo Errano 2024","T0","BATTERY_TENS",3479.47916666667
"2024-07-31 00:00:00","Fondo Errano 2024","T0","ET0",4.37722198247581
"2024-07-31 00:00:00","Fondo Errano 2024","T0","SOLAR_RAD",282.024316109423
"2024-07-31 00:00:00","Fondo Errano 2024","T0","AIR_TEMP",28.7342553191489
"2024-08-01 00:00:00","Fondo Errano 2024","T0","AIR_TEMP",31.0444444444444
"2024-08-01 00:00:00","Fondo Errano 2024","T0","SOLAR_RAD",275.307936507937
"2024-08-01 00:00:00","Fondo Errano 2024","T0","WIND_GUST_MAX",8.69478260869565
"2024-08-01 00:00:00","Fondo Errano 2024","T0","BATTERY_TENS",3479.54347826087
"2024-08-01 00:00:00","Fondo Errano 2024","T0","AIR_HUM",43.9711111111111
"2024-08-01 00:00:00","Fondo Errano 2024","T0","WIND_DIRECTION",208.934782608696
"2024-08-01 00:00:00","Fondo Errano 2024","T0","ET0",4.54159250791901
"2024-08-01 00:00:00","Fondo Errano 2024","T0","WIND_SPEED",5.27478260869565
"2024-08-02 00:00:00","Fondo Errano 2024","T0","WIND_DIRECTION",146.8125
"2024-08-02 00:00:00","Fondo Errano 2024","T0","ET0",3.89865257609607
"2024-08-02 00:00:00","Fondo Errano 2024","T0","AIR_TEMP",28.24375
"2024-08-02 00:00:00","Fondo Errano 2024","T0","AIR_HUM",59.3625
"2024-08-02 00:00:00","Fondo Errano 2024","T0","WIND_GUST_MAX",6.09
"2024-08-02 00:00:00","Fondo Errano 2024","T0","SOLAR_RAD",262.982142857143
"2024-08-02 00:00:00","Fondo Errano 2024","T0","WIND_SPEED",3.135
"2024-08-02 00:00:00","Fondo Errano 2024","T0","BATTERY_TENS",3473.72916666667
"2024-08-03 00:00:00","Fondo Errano 2024","T0","AIR_TEMP",25.1472916666667
"2024-08-03 00:00:00","Fondo Errano 2024","T0","AIR_HUM",73.8604166666667
"2024-08-03 00:00:00","Fondo Errano 2024","T0","BATTERY_TENS",3465.1875
"2024-08-03 00:00:00","Fondo Errano 2024","T0","ET0",1.84411457065471
"2024-08-03 00:00:00","Fondo Errano 2024","T0","WIND_GUST_MAX",4.68
"2024-08-03 00:00:00","Fondo Errano 2024","T0","WIND_DIRECTION",196.5
"2024-08-03 00:00:00","Fondo Errano 2024","T0","SOLAR_RAD",152.755952380952
"2024-08-03 00:00:00","Fondo Errano 2024","T0","WIND_SPEED",2.115
"2024-08-04 00:00:00","Fondo Errano 2024","T0","WIND_SPEED",4.02
"2024-08-04 00:00:00","Fondo Errano 2024","T0","BATTERY_TENS",3470.4375
"2024-08-04 00:00:00","Fondo Errano 2024","T0","WIND_DIRECTION",165.104166666667
"2024-08-04 00:00:00","Fondo Errano 2024","T0","SOLAR_RAD",261.232142857143
"2024-08-04 00:00:00","Fondo Errano 2024","T0","AIR_TEMP",26.135
"2024-08-04 00:00:00","Fondo Errano 2024","T0","ET0",3.61958224517764
"2024-08-04 00:00:00","Fondo Errano 2024","T0","WIND_GUST_MAX",7.0275
"2024-08-04 00:00:00","Fondo Errano 2024","T0","AIR_HUM",65.08125
"2024-08-05 00:00:00","Fondo Errano 2024","T0","SOLAR_RAD",270.511904761905
"2024-08-05 00:00:00","Fondo Errano 2024","T0","WIND_DIRECTION",130.333333333333
"2024-08-05 00:00:00","Fondo Errano 2024","T0","BATTERY_TENS",3471.8125
"2024-08-05 00:00:00","Fondo Errano 2024","T0","WIND_SPEED",4.485
"2024-08-05 00:00:00","Fondo Errano 2024","T0","AIR_TEMP",27.1566666666667
"2024-08-05 00:00:00","Fondo Errano 2024","T0","WIND_GUST_MAX",7.7775
"2024-08-05 00:00:00","Fondo Errano 2024","T0","ET0",3.92799286427969
"2024-08-05 00:00:00","Fondo Errano 2024","T0","AIR_HUM",57.2145833333333
"2024-08-06 00:00:00","Fondo Errano 2024","T0","BATTERY_TENS",3474.25
"2024-08-06 00:00:00","Fondo Errano 2024","T0","AIR_TEMP",27.9063829787234
"2024-08-06 00:00:00","Fondo Errano 2024","T0","WIND_SPEED",3.7275
"2024-08-06 00:00:00","Fondo Errano 2024","T0","ET0",3.80136397796292
"2024-08-06 00:00:00","Fondo Errano 2024","T0","WIND_DIRECTION",137.166666666667
"2024-08-06 00:00:00","Fondo Errano 2024","T0","SOLAR_RAD",267.963525835866
"2024-08-06 00:00:00","Fondo Errano 2024","T0","AIR_HUM",60.7361702127659
"2024-08-06 00:00:00","Fondo Errano 2024","T0","WIND_GUST_MAX",7.485
"2024-08-07 00:00:00","Fondo Errano 2024","T0","WIND_SPEED",3.9825
"2024-08-07 00:00:00","Fondo Errano 2024","T0","WIND_DIRECTION",164.583333333333
"2024-08-07 00:00:00","Fondo Errano 2024","T0","SOLAR_RAD",225.440476190476
"2024-08-07 00:00:00","Fondo Errano 2024","T0","BATTERY_TENS",3474.47916666667
"2024-08-07 00:00:00","Fondo Errano 2024","T0","AIR_HUM",61.1979166666667
"2024-08-07 00:00:00","Fondo Errano 2024","T0","WIND_GUST_MAX",8.01
"2024-08-07 00:00:00","Fondo Errano 2024","T0","ET0",3.63173429141704
"2024-08-07 00:00:00","Fondo Errano 2024","T0","AIR_TEMP",27.9277083333333
"2024-08-08 00:00:00","Fondo Errano 2024","T0","ET0",4.05100629590992
"2024-08-08 00:00:00","Fondo Errano 2024","T0","BATTERY_TENS",3466.72340425532
"2024-08-08 00:00:00","Fondo Errano 2024","T0","WIND_DIRECTION",196.297872340426
"2024-08-08 00:00:00","Fondo Errano 2024","T0","AIR_TEMP",26.0046666666667
"2024-08-08 00:00:00","Fondo Errano 2024","T0","AIR_HUM",64.1622222222222
"2024-08-08 00:00:00","Fondo Errano 2024","T0","WIND_SPEED",2.60425531914894
"2024-08-08 00:00:00","Fondo Errano 2024","T0","WIND_GUST_MAX",5.50723404255319
"2024-08-08 00:00:00","Fondo Errano 2024","T0","SOLAR_RAD",269.130158730159
"2024-08-09 00:00:00","Fondo Errano 2024","T0","SOLAR_RAD",269.761904761905
"2024-08-09 00:00:00","Fondo Errano 2024","T0","WIND_DIRECTION",165.520833333333
"2024-08-09 00:00:00","Fondo Errano 2024","T0","AIR_HUM",59.675
"2024-08-09 00:00:00","Fondo Errano 2024","T0","BATTERY_TENS",3467.39583333333
"2024-08-09 00:00:00","Fondo Errano 2024","T0","ET0",4.03972694512989
"2024-08-09 00:00:00","Fondo Errano 2024","T0","WIND_SPEED",3.39
"2024-08-09 00:00:00","Fondo Errano 2024","T0","AIR_TEMP",28.089375
"2024-08-09 00:00:00","Fondo Errano 2024","T0","WIND_GUST_MAX",6.405
"2024-08-10 00:00:00","Fondo Errano 2024","T0","AIR_TEMP",29.0516666666667
"2024-08-10 00:00:00","Fondo Errano 2024","T0","WIND_SPEED",4.1025
"2024-08-10 00:00:00","Fondo Errano 2024","T0","AIR_HUM",56.8791666666667
"2024-08-10 00:00:00","Fondo Errano 2024","T0","WIND_GUST_MAX",6.945
"2024-08-10 00:00:00","Fondo Errano 2024","T0","WIND_DIRECTION",127.854166666667
"2024-08-10 00:00:00","Fondo Errano 2024","T0","BATTERY_TENS",3473.39583333333
"2024-08-10 00:00:00","Fondo Errano 2024","T0","ET0",4.0293498546941
"2024-08-10 00:00:00","Fondo Errano 2024","T0","SOLAR_RAD",268.821428571429
"2024-08-11 00:00:00","Fondo Errano 2024","T0","WIND_GUST_MAX",7.3725
"2024-08-11 00:00:00","Fondo Errano 2024","T0","AIR_TEMP",29.5752083333333
"2024-08-11 00:00:00","Fondo Errano 2024","T0","WIND_SPEED",4.515
"2024-08-11 00:00:00","Fondo Errano 2024","T0","BATTERY_TENS",3477.4375
"2024-08-11 00:00:00","Fondo Errano 2024","T0","SOLAR_RAD",266.476190476191
"2024-08-11 00:00:00","Fondo Errano 2024","T0","ET0",4.13369344323668
"2024-08-11 00:00:00","Fondo Errano 2024","T0","WIND_DIRECTION",150.458333333333
"2024-08-11 00:00:00","Fondo Errano 2024","T0","AIR_HUM",55.91875
"2024-08-12 00:00:00","Fondo Errano 2024","T0","BATTERY_TENS",3479.45833333333
"2024-08-12 00:00:00","Fondo Errano 2024","T0","SOLAR_RAD",260.041666666667
"2024-08-12 00:00:00","Fondo Errano 2024","T0","AIR_TEMP",29.6985416666667
"2024-08-12 00:00:00","Fondo Errano 2024","T0","WIND_GUST_MAX",7.44
"2024-08-12 00:00:00","Fondo Errano 2024","T0","ET0",4.14359059303945
"2024-08-12 00:00:00","Fondo Errano 2024","T0","WIND_DIRECTION",159.270833333333
"2024-08-12 00:00:00","Fondo Errano 2024","T0","WIND_SPEED",3.9225
"2024-08-12 00:00:00","Fondo Errano 2024","T0","AIR_HUM",54.5770833333333
"2024-08-13 00:00:00","Fondo Errano 2024","T0","BATTERY_TENS",3476.77083333333
"2024-08-13 00:00:00","Fondo Errano 2024","T0","ET0",3.24397015402611
"2024-08-13 00:00:00","Fondo Errano 2024","T0","SOLAR_RAD",212.035714285714
"2024-08-13 00:00:00","Fondo Errano 2024","T0","WIND_SPEED",4.8825
"2024-08-13 00:00:00","Fondo Errano 2024","T0","WIND_GUST_MAX",8.205
"2024-08-13 00:00:00","Fondo Errano 2024","T0","WIND_DIRECTION",164.229166666667
"2024-08-13 00:00:00","Fondo Errano 2024","T0","AIR_HUM",58.6979166666667
"2024-08-13 00:00:00","Fondo Errano 2024","T0","AIR_TEMP",28.8239583333333
"2024-08-14 00:00:00","Fondo Errano 2024","T0","AIR_HUM",57.1729166666667
"2024-08-14 00:00:00","Fondo Errano 2024","T0","AIR_TEMP",29.0183333333333
"2024-08-14 00:00:00","Fondo Errano 2024","T0","BATTERY_TENS",3476.77083333333
"2024-08-14 00:00:00","Fondo Errano 2024","T0","WIND_GUST_MAX",7.155
"2024-08-14 00:00:00","Fondo Errano 2024","T0","ET0",4.13328641158345
"2024-08-14 00:00:00","Fondo Errano 2024","T0","WIND_DIRECTION",192.208333333333
"2024-08-14 00:00:00","Fondo Errano 2024","T0","SOLAR_RAD",254.39880952381
"2024-08-14 00:00:00","Fondo Errano 2024","T0","WIND_SPEED",3.465
"2024-08-15 00:00:00","Fondo Errano 2024","T0","ET0",2.81809555949748
"2024-08-15 00:00:00","Fondo Errano 2024","T0","WIND_GUST_MAX",5.6475
"2024-08-15 00:00:00","Fondo Errano 2024","T0","AIR_TEMP",27.2729166666667
"2024-08-15 00:00:00","Fondo Errano 2024","T0","SOLAR_RAD",205.511904761905
"2024-08-15 00:00:00","Fondo Errano 2024","T0","AIR_HUM",62.0208333333334
"2024-08-15 00:00:00","Fondo Errano 2024","T0","BATTERY_TENS",3472.64583333333
"2024-08-15 00:00:00","Fondo Errano 2024","T0","WIND_SPEED",2.94
"2024-08-15 00:00:00","Fondo Errano 2024","T0","WIND_DIRECTION",187.083333333333
"2024-08-16 00:00:00","Fondo Errano 2024","T0","BATTERY_TENS",3480.57446808511
"2024-08-16 00:00:00","Fondo Errano 2024","T0","WIND_DIRECTION",181.872340425532
"2024-08-16 00:00:00","Fondo Errano 2024","T0","SOLAR_RAD",189.958333333333
"2024-08-16 00:00:00","Fondo Errano 2024","T0","AIR_HUM",62.5416666666667
"2024-08-16 00:00:00","Fondo Errano 2024","T0","AIR_TEMP",28.2795833333333
"2024-08-16 00:00:00","Fondo Errano 2024","T0","WIND_SPEED",2.42042553191489
"2024-08-16 00:00:00","Fondo Errano 2024","T0","ET0",2.71914059255486
"2024-08-16 00:00:00","Fondo Errano 2024","T0","WIND_GUST_MAX",5.59914893617021
"2024-08-17 00:00:00","Fondo Errano 2024","T0","BATTERY_TENS",3476.22916666667
"2024-08-17 00:00:00","Fondo Errano 2024","T0","AIR_TEMP",25.9972916666667
"2024-08-17 00:00:00","Fondo Errano 2024","T0","WIND_SPEED",2.46
"2024-08-17 00:00:00","Fondo Errano 2024","T0","WIND_GUST_MAX",4.995
"2024-08-17 00:00:00","Fondo Errano 2024","T0","ET0",2.32299910410513
"2024-08-17 00:00:00","Fondo Errano 2024","T0","WIND_DIRECTION",193.416666666667
"2024-08-17 00:00:00","Fondo Errano 2024","T0","SOLAR_RAD",169.875
"2024-08-17 00:00:00","Fondo Errano 2024","T0","AIR_HUM",68.2083333333333
"2024-08-18 00:00:00","Fondo Errano 2024","T0","ET0",2.40063584335679
"2024-08-18 00:00:00","Fondo Errano 2024","T0","BATTERY_TENS",3461.39583333333
"2024-08-18 00:00:00","Fondo Errano 2024","T0","AIR_TEMP",25.6675
"2024-08-18 00:00:00","Fondo Errano 2024","T0","SOLAR_RAD",185.392857142857
"2024-08-18 00:00:00","Fondo Errano 2024","T0","WIND_GUST_MAX",6.885
"2024-08-18 00:00:00","Fondo Errano 2024","T0","WIND_SPEED",3.4725
"2024-08-18 00:00:00","Fondo Errano 2024","T0","WIND_DIRECTION",233.604166666667
"2024-08-18 00:00:00","Fondo Errano 2024","T0","AIR_HUM",64.9916666666667
"2024-08-19 00:00:00","Fondo Errano 2024","T0","AIR_HUM",82.0791666666667
"2024-08-19 00:00:00","Fondo Errano 2024","T0","ET0",0.622672352222115
"2024-08-19 00:00:00","Fondo Errano 2024","T0","WIND_SPEED",1.98
"2024-08-19 00:00:00","Fondo Errano 2024","T0","WIND_GUST_MAX",4.7175
"2024-08-19 00:00:00","Fondo Errano 2024","T0","WIND_DIRECTION",210.479166666667
"2024-08-19 00:00:00","Fondo Errano 2024","T0","AIR_TEMP",20.9910416666667
"2024-08-19 00:00:00","Fondo Errano 2024","T0","BATTERY_TENS",3440.70833333333
"2024-08-19 00:00:00","Fondo Errano 2024","T0","SOLAR_RAD",82.1369047619048
"2024-08-20 00:00:00","Fondo Errano 2024","T0","WIND_GUST_MAX",3.63
"2024-08-20 00:00:00","Fondo Errano 2024","T0","SOLAR_RAD",115.125
"2024-08-20 00:00:00","Fondo Errano 2024","T0","AIR_TEMP",22.4245833333333
"2024-08-20 00:00:00","Fondo Errano 2024","T0","WIND_DIRECTION",226.375
"2024-08-20 00:00:00","Fondo Errano 2024","T0","BATTERY_TENS",3439.47916666667
"2024-08-20 00:00:00","Fondo Errano 2024","T0","ET0",1.06659539993375
"2024-08-20 00:00:00","Fondo Errano 2024","T0","WIND_SPEED",1.3125
"2024-08-20 00:00:00","Fondo Errano 2024","T0","AIR_HUM",84.9083333333333
"2024-08-21 00:00:00","Fondo Errano 2024","T0","SOLAR_RAD",243.095238095238
"2024-08-21 00:00:00","Fondo Errano 2024","T0","AIR_HUM",69.16875
"2024-08-21 00:00:00","Fondo Errano 2024","T0","WIND_DIRECTION",173.326086956522
"2024-08-21 00:00:00","Fondo Errano 2024","T0","WIND_GUST_MAX",5.71304347826087
"2024-08-21 00:00:00","Fondo Errano 2024","T0","AIR_TEMP",26.0816666666667
"2024-08-21 00:00:00","Fondo Errano 2024","T0","BATTERY_TENS",3452.13043478261
"2024-08-21 00:00:00","Fondo Errano 2024","T0","WIND_SPEED",2.91913043478261
"2024-08-21 00:00:00","Fondo Errano 2024","T0","ET0",3.25341546941537
"2024-08-22 00:00:00","Fondo Errano 2024","T0","SOLAR_RAD",237.507598784195
"2024-08-22 00:00:00","Fondo Errano 2024","T0","WIND_GUST_MAX",6.41106382978723
"2024-08-22 00:00:00","Fondo Errano 2024","T0","BATTERY_TENS",3462.95744680851
"2024-08-22 00:00:00","Fondo Errano 2024","T0","WIND_DIRECTION",142.723404255319
"2024-08-22 00:00:00","Fondo Errano 2024","T0","AIR_HUM",68.9404255319149
"2024-08-22 00:00:00","Fondo Errano 2024","T0","ET0",3.11683998916231
"2024-08-22 00:00:00","Fondo Errano 2024","T0","WIND_SPEED",2.7268085106383
"2024-08-22 00:00:00","Fondo Errano 2024","T0","AIR_TEMP",26.0648936170213
"2024-08-23 00:00:00","Fondo Errano 2024","T0","SOLAR_RAD",232.77380952381
"2024-08-23 00:00:00","Fondo Errano 2024","T0","WIND_DIRECTION",146.791666666667
"2024-08-23 00:00:00","Fondo Errano 2024","T0","BATTERY_TENS",3470.04166666667
"2024-08-23 00:00:00","Fondo Errano 2024","T0","AIR_TEMP",27.0433333333333
"2024-08-23 00:00:00","Fondo Errano 2024","T0","WIND_GUST_MAX",5.67
"2024-08-23 00:00:00","Fondo Errano 2024","T0","WIND_SPEED",2.7975
"2024-08-23 00:00:00","Fondo Errano 2024","T0","AIR_HUM",69.2395833333333
"2024-08-24 00:00:00","Fondo Errano 2024","T0","SOLAR_RAD",222.446428571429
"2024-08-24 00:00:00","Fondo Errano 2024","T0","WIND_DIRECTION",156.382978723404
"2024-08-24 00:00:00","Fondo Errano 2024","T0","WIND_SPEED",3.77617021276596
"2024-08-24 00:00:00","Fondo Errano 2024","T0","AIR_HUM",61.1520833333333
"2024-08-24 00:00:00","Fondo Errano 2024","T0","BATTERY_TENS",3468.57446808511
"2024-08-24 00:00:00","Fondo Errano 2024","T0","AIR_TEMP",27.8472916666667
"2024-08-24 00:00:00","Fondo Errano 2024","T0","ET0",3.30847957264684
"2024-08-24 00:00:00","Fondo Errano 2024","T0","WIND_GUST_MAX",6.67148936170213
"2024-08-25 00:00:00","Fondo Errano 2024","T0","AIR_TEMP",27.711875
"2024-08-25 00:00:00","Fondo Errano 2024","T0","WIND_GUST_MAX",7.2375
"2024-08-25 00:00:00","Fondo Errano 2024","T0","SOLAR_RAD",233.136904761905
"2024-08-25 00:00:00","Fondo Errano 2024","T0","ET0",3.51451712767339
"2024-08-25 00:00:00","Fondo Errano 2024","T0","WIND_SPEED",4.035
"2024-08-25 00:00:00","Fondo Errano 2024","T0","AIR_HUM",51.95
"2024-08-25 00:00:00","Fondo Errano 2024","T0","WIND_DIRECTION",205.791666666667
"2024-08-25 00:00:00","Fondo Errano 2024","T0","BATTERY_TENS",3468.25
"2024-08-26 00:00:00","Fondo Errano 2024","T0","AIR_TEMP",26.30375
"2024-08-26 00:00:00","Fondo Errano 2024","T0","AIR_HUM",62.5708333333333
"2024-08-26 00:00:00","Fondo Errano 2024","T0","BATTERY_TENS",3464.625
"2024-08-26 00:00:00","Fondo Errano 2024","T0","WIND_DIRECTION",167.9375
"2024-08-26 00:00:00","Fondo Errano 2024","T0","ET0",2.38003417212263
"2024-08-26 00:00:00","Fondo Errano 2024","T0","WIND_GUST_MAX",6.03
"2024-08-26 00:00:00","Fondo Errano 2024","T0","WIND_SPEED",3.3675
"2024-08-26 00:00:00","Fondo Errano 2024","T0","SOLAR_RAD",181.892857142857
"2024-08-27 00:00:00","Fondo Errano 2024","T0","WIND_DIRECTION",222.645833333333
"2024-08-27 00:00:00","Fondo Errano 2024","T0","WIND_GUST_MAX",5.8125
"2024-08-27 00:00:00","Fondo Errano 2024","T0","ET0",1.19183366976397
"2024-08-27 00:00:00","Fondo Errano 2024","T0","BATTERY_TENS",3456.8125
"2024-08-27 00:00:00","Fondo Errano 2024","T0","AIR_HUM",78.0808510638298
"2024-08-27 00:00:00","Fondo Errano 2024","T0","WIND_SPEED",2.2275
"2024-08-27 00:00:00","Fondo Errano 2024","T0","SOLAR_RAD",99.0151975683891
"2024-08-27 00:00:00","Fondo Errano 2024","T0","AIR_TEMP",23.5974468085106
"2024-08-28 00:00:00","Fondo Errano 2024","T0","WIND_SPEED",2.7825
"2024-08-28 00:00:00","Fondo Errano 2024","T0","SOLAR_RAD",212.988095238095
"2024-08-28 00:00:00","Fondo Errano 2024","T0","WIND_DIRECTION",217.916666666667
"2024-08-28 00:00:00","Fondo Errano 2024","T0","AIR_HUM",68.1395833333333
"2024-08-28 00:00:00","Fondo Errano 2024","T0","BATTERY_TENS",3461.29166666667
"2024-08-28 00:00:00","Fondo Errano 2024","T0","WIND_GUST_MAX",6.0825
"2024-08-28 00:00:00","Fondo Errano 2024","T0","AIR_TEMP",25.6960416666667
"2024-08-29 00:00:00","Fondo Errano 2024","T0","WIND_DIRECTION",191.875
"2024-08-29 00:00:00","Fondo Errano 2024","T0","BATTERY_TENS",3466.5
"2024-08-29 00:00:00","Fondo Errano 2024","T0","BIP",-210.380957166858
"2024-08-29 00:00:00","Fondo Errano 2024","T0","WIND_SPEED",3.135
"2024-08-29 00:00:00","Fondo Errano 2024","T0","SOLAR_RAD",218.662613981763
"2024-08-29 00:00:00","Fondo Errano 2024","T0","AIR_HUM",60.1021276595745
"2024-08-29 00:00:00","Fondo Errano 2024","T0","WIND_GUST_MAX",6.27
"2024-08-29 00:00:00","Fondo Errano 2024","T0","ET0",2.9752315109469
"2024-08-29 00:00:00","Fondo Errano 2024","T0","AIR_TEMP",27.7140425531915
"2024-08-29 00:00:00","Fondo Errano 2024","T0","BIG",-2.9752315109469
"2024-08-30 00:00:00","Fondo Errano 2024","T0","WIND_DIRECTION",174.604166666667
"2024-08-30 00:00:00","Fondo Errano 2024","T0","AIR_HUM",59.675
"2024-08-30 00:00:00","Fondo Errano 2024","T0","ET0",3.13216625318297
"2024-08-30 00:00:00","Fondo Errano 2024","T0","WIND_SPEED",3.39
"2024-08-30 00:00:00","Fondo Errano 2024","T0","AIR_TEMP",27.6195833333333
"2024-08-30 00:00:00","Fondo Errano 2024","T0","BATTERY_TENS",3472.72916666667
"2024-08-30 00:00:00","Fondo Errano 2024","T0","WIND_GUST_MAX",6.3675
"2024-08-30 00:00:00","Fondo Errano 2024","T0","SOLAR_RAD",217.803571428571
"2024-08-31 00:00:00","Fondo Errano 2024","T0","AIR_HUM",56.0333333333334
"2024-08-31 00:00:00","Fondo Errano 2024","T0","ET0",3.05089867002114
"2024-08-31 00:00:00","Fondo Errano 2024","T0","BATTERY_TENS",3469.58333333333
"2024-08-31 00:00:00","Fondo Errano 2024","T0","SOLAR_RAD",214.363095238095
"2024-08-31 00:00:00","Fondo Errano 2024","T0","WIND_DIRECTION",165.395833333333
"2024-08-31 00:00:00","Fondo Errano 2024","T0","AIR_TEMP",26.9027083333333
"2024-08-31 00:00:00","Fondo Errano 2024","T0","WIND_SPEED",3.8175
"2024-08-31 00:00:00","Fondo Errano 2024","T0","WIND_GUST_MAX",6.7125
"2024-09-01 00:00:00","Fondo Errano 2024","T0","WIND_GUST_MAX",5.97
"2024-09-01 00:00:00","Fondo Errano 2024","T0","WIND_SPEED",3.03
"2024-09-01 00:00:00","Fondo Errano 2024","T0","BATTERY_TENS",3468.47916666667
"2024-09-01 00:00:00","Fondo Errano 2024","T0","ET0",2.81180220482781
"2024-09-01 00:00:00","Fondo Errano 2024","T0","WIND_DIRECTION",161.0625
"2024-09-01 00:00:00","Fondo Errano 2024","T0","SOLAR_RAD",199.738095238095
"2024-09-01 00:00:00","Fondo Errano 2024","T0","AIR_TEMP",26.245
"2024-09-01 00:00:00","Fondo Errano 2024","T0","AIR_HUM",56.5104166666667
"2024-09-02 00:00:00","Fondo Errano 2024","T0","AIR_HUM",70.0979166666666
"2024-09-02 00:00:00","Fondo Errano 2024","T0","WIND_SPEED",2.2425
"2024-09-02 00:00:00","Fondo Errano 2024","T0","BATTERY_TENS",3459.89583333333
"2024-09-02 00:00:00","Fondo Errano 2024","T0","SOLAR_RAD",109.279761904762
"2024-09-02 00:00:00","Fondo Errano 2024","T0","ET0",1.28339137181379
"2024-09-02 00:00:00","Fondo Errano 2024","T0","WIND_GUST_MAX",5.0025
"2024-09-02 00:00:00","Fondo Errano 2024","T0","AIR_TEMP",23.56875
"2024-09-02 00:00:00","Fondo Errano 2024","T0","WIND_DIRECTION",206.833333333333
"2024-09-03 00:00:00","Fondo Errano 2024","T0","SOLAR_RAD",211.416666666667
"2024-09-03 00:00:00","Fondo Errano 2024","T0","AIR_HUM",64.7395833333333
"2024-09-03 00:00:00","Fondo Errano 2024","T0","WIND_SPEED",2.715
"2024-09-03 00:00:00","Fondo Errano 2024","T0","WIND_DIRECTION",138.5625
"2024-09-03 00:00:00","Fondo Errano 2024","T0","ET0",2.86022813797643
"2024-09-03 00:00:00","Fondo Errano 2024","T0","WIND_GUST_MAX",5.6475
"2024-09-03 00:00:00","Fondo Errano 2024","T0","BATTERY_TENS",3467.35416666667
"2024-09-03 00:00:00","Fondo Errano 2024","T0","AIR_TEMP",25.1125
"2024-09-04 00:00:00","Fondo Errano 2024","T0","AIR_HUM",67.7729166666667
"2024-09-04 00:00:00","Fondo Errano 2024","T0","WIND_GUST_MAX",3.645
"2024-09-04 00:00:00","Fondo Errano 2024","T0","ET0",2.43930578393951
"2024-09-04 00:00:00","Fondo Errano 2024","T0","WIND_DIRECTION",183.770833333333
"2024-09-04 00:00:00","Fondo Errano 2024","T0","WIND_SPEED",1.3575
"2024-09-04 00:00:00","Fondo Errano 2024","T0","BATTERY_TENS",3463.10416666667
"2024-09-04 00:00:00","Fondo Errano 2024","T0","SOLAR_RAD",186.458333333333
"2024-09-04 00:00:00","Fondo Errano 2024","T0","AIR_TEMP",25.339375
"2024-09-05 00:00:00","Fondo Errano 2024","T0","AIR_TEMP",22.359375
"2024-09-05 00:00:00","Fondo Errano 2024","T0","ET0",1.04614691245348
"2024-09-05 00:00:00","Fondo Errano 2024","T0","BATTERY_TENS",3442.10416666667
"2024-09-05 00:00:00","Fondo Errano 2024","T0","WIND_DIRECTION",178.083333333333
"2024-09-05 00:00:00","Fondo Errano 2024","T0","SOLAR_RAD",95.7916666666666
"2024-09-05 00:00:00","Fondo Errano 2024","T0","WIND_GUST_MAX",3.4275
"2024-09-05 00:00:00","Fondo Errano 2024","T0","AIR_HUM",77.78125
"2024-09-05 00:00:00","Fondo Errano 2024","T0","WIND_SPEED",1.1175
"2024-09-06 00:00:00","Fondo Errano 2024","T0","AIR_HUM",72.9020833333333
"2024-09-06 00:00:00","Fondo Errano 2024","T0","AIR_TEMP",22.930625
"2024-09-06 00:00:00","Fondo Errano 2024","T0","SOLAR_RAD",208.767857142857
"2024-09-06 00:00:00","Fondo Errano 2024","T0","WIND_DIRECTION",138.416666666667
"2024-09-06 00:00:00","Fondo Errano 2024","T0","ET0",2.56480584311686
"2024-09-06 00:00:00","Fondo Errano 2024","T0","WIND_GUST_MAX",4.245
"2024-09-06 00:00:00","Fondo Errano 2024","T0","WIND_SPEED",2.145
"2024-09-06 00:00:00","Fondo Errano 2024","T0","BATTERY_TENS",3456.08333333333
"2024-09-07 00:00:00","Fondo Errano 2024","T0","WIND_SPEED",2.835
"2024-09-07 00:00:00","Fondo Errano 2024","T0","AIR_HUM",68.9395833333333
"2024-09-07 00:00:00","Fondo Errano 2024","T0","AIR_TEMP",24.2929166666667
"2024-09-07 00:00:00","Fondo Errano 2024","T0","ET0",2.69142427948892
"2024-09-07 00:00:00","Fondo Errano 2024","T0","BATTERY_TENS",3459.85416666667
"2024-09-07 00:00:00","Fondo Errano 2024","T0","WIND_DIRECTION",191.958333333333
"2024-09-07 00:00:00","Fondo Errano 2024","T0","WIND_GUST_MAX",6.0975
"2024-09-07 00:00:00","Fondo Errano 2024","T0","SOLAR_RAD",209.279761904762
"2024-09-08 00:00:00","Fondo Errano 2024","T0","SOLAR_RAD",40.09726443769
"2024-09-08 00:00:00","Fondo Errano 2024","T0","BATTERY_TENS",3431.79166666667
"2024-09-08 00:00:00","Fondo Errano 2024","T0","WIND_SPEED",0.855
"2024-09-08 00:00:00","Fondo Errano 2024","T0","AIR_TEMP",22.1348936170213
"2024-09-08 00:00:00","Fondo Errano 2024","T0","WIND_GUST_MAX",3.4725
"2024-09-08 00:00:00","Fondo Errano 2024","T0","ET0",0.36043406481887
"2024-09-08 00:00:00","Fondo Errano 2024","T0","AIR_HUM",82.8468085106383
"2024-09-08 00:00:00","Fondo Errano 2024","T0","WIND_DIRECTION",137.9375
"2024-09-09 00:00:00","Fondo Errano 2024","T0","SOLAR_RAD",192.827380952381
"2024-09-09 00:00:00","Fondo Errano 2024","T0","ET0",2.15105650736321
"2024-09-09 00:00:00","Fondo Errano 2024","T0","BIG",5.44894349263679
"2024-09-09 00:00:00","Fondo Errano 2024","T0","WIND_SPEED",3.4725
"2024-09-09 00:00:00","Fondo Errano 2024","T0","BIP",-158.972617195861
"2024-09-09 00:00:00","Fondo Errano 2024","T0","AIR_HUM",73.5125
"2024-09-09 00:00:00","Fondo Errano 2024","T0","BATTERY_TENS",3437.22916666667
"2024-09-09 00:00:00","Fondo Errano 2024","T0","WIND_DIRECTION",226.791666666667
"2024-09-09 00:00:00","Fondo Errano 2024","T0","WIND_GUST_MAX",6.255
"2024-09-09 00:00:00","Fondo Errano 2024","T0","AIR_TEMP",23.4785416666667
"2024-09-10 00:00:00","Fondo Errano 2024","T0","WIND_SPEED",3.06
"2024-09-10 00:00:00","Fondo Errano 2024","T0","AIR_HUM",66.6914893617021
"2024-09-10 00:00:00","Fondo Errano 2024","T0","AIR_TEMP",22.291914893617
"2024-09-10 00:00:00","Fondo Errano 2024","T0","ET0",2.48449912486874
"2024-09-10 00:00:00","Fondo Errano 2024","T0","SOLAR_RAD",195.90273556231
"2024-09-10 00:00:00","Fondo Errano 2024","T0","WIND_DIRECTION",145.125
"2024-09-10 00:00:00","Fondo Errano 2024","T0","WIND_GUST_MAX",6.0225
"2024-09-10 00:00:00","Fondo Errano 2024","T0","BATTERY_TENS",3450.25
"2024-09-11 00:00:00","Fondo Errano 2024","T0","AIR_TEMP",22.8140425531915
"2024-09-11 00:00:00","Fondo Errano 2024","T0","SOLAR_RAD",197.677811550152
"2024-09-11 00:00:00","Fondo Errano 2024","T0","WIND_DIRECTION",175
"2024-09-11 00:00:00","Fondo Errano 2024","T0","AIR_HUM",68.631914893617
"2024-09-11 00:00:00","Fondo Errano 2024","T0","WIND_SPEED",2.76
"2024-09-11 00:00:00","Fondo Errano 2024","T0","BATTERY_TENS",3450.08333333333
"2024-09-11 00:00:00","Fondo Errano 2024","T0","ET0",2.48965187301908
"2024-09-11 00:00:00","Fondo Errano 2024","T0","WIND_GUST_MAX",5.3325
"2024-09-12 00:00:00","Fondo Errano 2024","T0","WIND_SPEED",3.7275
"2024-09-12 00:00:00","Fondo Errano 2024","T0","SOLAR_RAD",56.6079027355623
"2024-09-12 00:00:00","Fondo Errano 2024","T0","ET0",0.565057921298392
"2024-09-12 00:00:00","Fondo Errano 2024","T0","AIR_TEMP",20.241914893617
"2024-09-12 00:00:00","Fondo Errano 2024","T0","WIND_DIRECTION",200.708333333333
"2024-09-12 00:00:00","Fondo Errano 2024","T0","BATTERY_TENS",3426.25
"2024-09-12 00:00:00","Fondo Errano 2024","T0","AIR_HUM",67.8936170212766
"2024-09-12 00:00:00","Fondo Errano 2024","T0","WIND_GUST_MAX",9.0225
"2024-09-13 00:00:00","Fondo Errano 2024","T0","BATTERY_TENS",3407.47916666667
"2024-09-13 00:00:00","Fondo Errano 2024","T0","SOLAR_RAD",62.2261904761905
"2024-09-13 00:00:00","Fondo Errano 2024","T0","AIR_HUM",74.2041666666666
"2024-09-13 00:00:00","Fondo Errano 2024","T0","AIR_TEMP",14.168125
"2024-09-13 00:00:00","Fondo Errano 2024","T0","WIND_SPEED",2.865
"2024-09-13 00:00:00","Fondo Errano 2024","T0","WIND_GUST_MAX",6.0225
"2024-09-13 00:00:00","Fondo Errano 2024","T0","WIND_DIRECTION",253.0625
"2024-09-13 00:00:00","Fondo Errano 2024","T0","ET0",0.344786474222225
"2024-09-14 00:00:00","Fondo Errano 2024","T0","AIR_TEMP",17.2152083333333
"2024-09-14 00:00:00","Fondo Errano 2024","T0","SOLAR_RAD",158.607142857143
"2024-09-14 00:00:00","Fondo Errano 2024","T0","WIND_GUST_MAX",8.58
"2024-09-14 00:00:00","Fondo Errano 2024","T0","AIR_HUM",45.9458333333333
"2024-09-14 00:00:00","Fondo Errano 2024","T0","WIND_SPEED",5.2275
"2024-09-14 00:00:00","Fondo Errano 2024","T0","WIND_DIRECTION",260.9375
"2024-09-14 00:00:00","Fondo Errano 2024","T0","ET0",1.60149822195204
"2024-09-14 00:00:00","Fondo Errano 2024","T0","BATTERY_TENS",3408.77083333333
"2024-09-15 00:00:00","Fondo Errano 2024","T0","AIR_HUM",55.69375
"2024-09-15 00:00:00","Fondo Errano 2024","T0","WIND_GUST_MAX",6.255
"2024-09-15 00:00:00","Fondo Errano 2024","T0","ET0",1.63378188510811
"2024-09-15 00:00:00","Fondo Errano 2024","T0","WIND_DIRECTION",244.708333333333
"2024-09-15 00:00:00","Fondo Errano 2024","T0","WIND_SPEED",3.6825
"2024-09-15 00:00:00","Fondo Errano 2024","T0","SOLAR_RAD",149.494047619048
"2024-09-15 00:00:00","Fondo Errano 2024","T0","AIR_TEMP",18.04625
"2024-09-15 00:00:00","Fondo Errano 2024","T0","BATTERY_TENS",3414.04166666667
"2024-09-16 00:00:00","Fondo Errano 2024","T0","BIG",-1.99399333484092
"2024-09-16 00:00:00","Fondo Errano 2024","T0","BIP",-155.085886031171
"2024-09-16 00:00:00","Fondo Errano 2024","T0","ET0",1.99399333484092
"2024-09-16 00:00:00","Fondo Errano 2024","T0","AIR_TEMP",18.6391666666667
"2024-09-16 00:00:00","Fondo Errano 2024","T0","AIR_HUM",61.55625
"2024-09-16 00:00:00","Fondo Errano 2024","T0","BATTERY_TENS",3434.5625
"2024-09-16 00:00:00","Fondo Errano 2024","T0","WIND_SPEED",2.0175
"2024-09-16 00:00:00","Fondo Errano 2024","T0","SOLAR_RAD",183.690476190476
"2024-09-16 00:00:00","Fondo Errano 2024","T0","WIND_GUST_MAX",5.295
"2024-09-16 00:00:00","Fondo Errano 2024","T0","WIND_DIRECTION",175.375
"2024-09-17 00:00:00","Fondo Errano 2024","T0","SOLAR_RAD",51.2440476190477
"2024-09-17 00:00:00","Fondo Errano 2024","T0","WIND_GUST_MAX",5.0475
"2024-09-17 00:00:00","Fondo Errano 2024","T0","WIND_DIRECTION",202.0625
"2024-09-17 00:00:00","Fondo Errano 2024","T0","AIR_HUM",86.19375
"2024-09-17 00:00:00","Fondo Errano 2024","T0","BATTERY_TENS",3415.14583333333
"2024-09-17 00:00:00","Fondo Errano 2024","T0","WIND_SPEED",2.3775
"2024-09-17 00:00:00","Fondo Errano 2024","T0","AIR_TEMP",14.5895833333333
"2024-09-18 00:00:00","Fondo Errano 2024","T0","AIR_HUM",92.52
"2024-09-18 00:00:00","Fondo Errano 2024","T0","WIND_SPEED",3.26347826086957
"2024-09-18 00:00:00","Fondo Errano 2024","T0","SOLAR_RAD",19.968253968254
"2024-09-18 00:00:00","Fondo Errano 2024","T0","BATTERY_TENS",3392.69565217391
"2024-09-18 00:00:00","Fondo Errano 2024","T0","ET0",0.0845746542013784
"2024-09-18 00:00:00","Fondo Errano 2024","T0","WIND_DIRECTION",197.065217391304
"2024-09-18 00:00:00","Fondo Errano 2024","T0","AIR_TEMP",14.66
"2024-09-18 00:00:00","Fondo Errano 2024","T0","WIND_GUST_MAX",6.26869565217391
"2024-09-19 00:00:00","Fondo Errano 2024","T0","ET0",0.416455425042149
"2024-09-19 00:00:00","Fondo Errano 2024","T0","WIND_DIRECTION",216.394736842105
"2024-09-19 00:00:00","Fondo Errano 2024","T0","WIND_GUST_MAX",1.26947368421053
"2024-09-19 00:00:00","Fondo Errano 2024","T0","BATTERY_TENS",3386.13157894737
"2024-09-19 00:00:00","Fondo Errano 2024","T0","WIND_SPEED",0.284210526315789
"2024-09-19 00:00:00","Fondo Errano 2024","T0","AIR_TEMP",15.6142424242424
"2024-09-19 00:00:00","Fondo Errano 2024","T0","SOLAR_RAD",70.987012987013
"2024-09-19 00:00:00","Fondo Errano 2024","T0","AIR_HUM",91.8424242424242
"2024-09-20 00:00:00","Fondo Errano 2024","T0","WIND_DIRECTION",199.423076923077
"2024-09-20 00:00:00","Fondo Errano 2024","T0","BATTERY_TENS",3400.53846153846
"2024-09-20 00:00:00","Fondo Errano 2024","T0","WIND_SPEED",1.13538461538462
"2024-09-20 00:00:00","Fondo Errano 2024","T0","AIR_HUM",85.8
"2024-09-20 00:00:00","Fondo Errano 2024","T0","ET0",0.855792207068472
"2024-09-20 00:00:00","Fondo Errano 2024","T0","WIND_GUST_MAX",3.11538461538461
"2024-09-20 00:00:00","Fondo Errano 2024","T0","SOLAR_RAD",109.366071428571
"2024-09-20 00:00:00","Fondo Errano 2024","T0","AIR_TEMP",17.3478125
"2024-09-21 00:00:00","Fondo Errano 2024","T0","WIND_GUST_MAX",5.57454545454546
"2024-09-21 00:00:00","Fondo Errano 2024","T0","WIND_DIRECTION",157.242424242424
"2024-09-21 00:00:00","Fondo Errano 2024","T0","BATTERY_TENS",3411.69696969697
"2024-09-21 00:00:00","Fondo Errano 2024","T0","WIND_SPEED",2.37818181818182
"2024-09-21 00:00:00","Fondo Errano 2024","T0","AIR_TEMP",18.1105555555556
"2024-09-21 00:00:00","Fondo Errano 2024","T0","SOLAR_RAD",115.015873015873
"2024-09-21 00:00:00","Fondo Errano 2024","T0","AIR_HUM",79.0666666666667
"2024-09-22 00:00:00","Fondo Errano 2024","T0","BATTERY_TENS",3426.56097560976
"2024-09-22 00:00:00","Fondo Errano 2024","T0","WIND_SPEED",2.56390243902439
"2024-09-22 00:00:00","Fondo Errano 2024","T0","AIR_HUM",79.8595238095238
"2024-09-22 00:00:00","Fondo Errano 2024","T0","WIND_GUST_MAX",4.90829268292683
"2024-09-22 00:00:00","Fondo Errano 2024","T0","AIR_TEMP",17.8792857142857
"2024-09-22 00:00:00","Fondo Errano 2024","T0","WIND_DIRECTION",145.682926829268
"2024-09-22 00:00:00","Fondo Errano 2024","T0","SOLAR_RAD",116.190476190476
"2024-09-23 00:00:00","Fondo Errano 2024","T0","BATTERY_TENS",3432.78787878788
"2024-09-23 00:00:00","Fondo Errano 2024","T0","WIND_GUST_MAX",4.50545454545455
"2024-09-23 00:00:00","Fondo Errano 2024","T0","AIR_TEMP",18.6815384615385
"2024-09-23 00:00:00","Fondo Errano 2024","T0","SOLAR_RAD",67.6190476190476
"2024-09-23 00:00:00","Fondo Errano 2024","T0","ET0",0.55992075014208
"2024-09-23 00:00:00","Fondo Errano 2024","T0","AIR_HUM",82.9897435897436
"2024-09-23 00:00:00","Fondo Errano 2024","T0","WIND_SPEED",1.53818181818182
"2024-09-23 00:00:00","Fondo Errano 2024","T0","WIND_DIRECTION",185.515151515152
"2024-09-24 00:00:00","Fondo Errano 2024","T0","SOLAR_RAD",109.959183673469
"2024-09-24 00:00:00","Fondo Errano 2024","T0","AIR_HUM",73.7114285714286
"2024-09-24 00:00:00","Fondo Errano 2024","T0","BATTERY_TENS",3439.74285714286
"2024-09-24 00:00:00","Fondo Errano 2024","T0","AIR_TEMP",18.9294285714286
"2024-09-24 00:00:00","Fondo Errano 2024","T0","WIND_DIRECTION",204.885714285714
"2024-09-24 00:00:00","Fondo Errano 2024","T0","WIND_GUST_MAX",4.608
"2024-09-24 00:00:00","Fondo Errano 2024","T0","WIND_SPEED",2.09828571428571
"2024-09-25 00:00:00","Fondo Errano 2024","T0","WIND_GUST_MAX",4.20324324324324
"2024-09-25 00:00:00","Fondo Errano 2024","T0","SOLAR_RAD",168.757142857143
"2024-09-25 00:00:00","Fondo Errano 2024","T0","WIND_SPEED",1.49837837837838
"2024-09-25 00:00:00","Fondo Errano 2024","T0","WIND_DIRECTION",199.324324324324
"2024-09-25 00:00:00","Fondo Errano 2024","T0","ET0",1.73358200253218
"2024-09-25 00:00:00","Fondo Errano 2024","T0","BATTERY_TENS",3439.67567567568
"2024-09-25 00:00:00","Fondo Errano 2024","T0","AIR_HUM",67.3325
"2024-09-25 00:00:00","Fondo Errano 2024","T0","AIR_TEMP",20.2465
"2024-09-26 00:00:00","Fondo Errano 2024","T0","AIR_TEMP",21.2013513513513
"2024-09-26 00:00:00","Fondo Errano 2024","T0","WIND_DIRECTION",202.628571428571
"2024-09-26 00:00:00","Fondo Errano 2024","T0","WIND_GUST_MAX",6.30514285714286
"2024-09-26 00:00:00","Fondo Errano 2024","T0","SOLAR_RAD",91.6679536679536
"2024-09-26 00:00:00","Fondo Errano 2024","T0","BATTERY_TENS",3425.14285714286
"2024-09-26 00:00:00","Fondo Errano 2024","T0","WIND_SPEED",2.76685714285714
"2024-09-26 00:00:00","Fondo Errano 2024","T0","AIR_HUM",68.5567567567568
"2024-09-27 00:00:00","Fondo Errano 2024","T0","ET0",0.683630758697951
"2024-09-27 00:00:00","Fondo Errano 2024","T0","AIR_HUM",58.1558823529412
"2024-09-27 00:00:00","Fondo Errano 2024","T0","BATTERY_TENS",3434.09090909091
"2024-09-27 00:00:00","Fondo Errano 2024","T0","WIND_DIRECTION",197.757575757576
"2024-09-27 00:00:00","Fondo Errano 2024","T0","WIND_SPEED",7.72363636363636
"2024-09-27 00:00:00","Fondo Errano 2024","T0","AIR_TEMP",24.5182352941177
"2024-09-27 00:00:00","Fondo Errano 2024","T0","WIND_GUST_MAX",14.8145454545455
"2024-09-27 00:00:00","Fondo Errano 2024","T0","SOLAR_RAD",81.6890756302521
"2024-09-28 00:00:00","Fondo Errano 2024","T0","AIR_TEMP",20.0511764705882
"2024-09-28 00:00:00","Fondo Errano 2024","T0","BATTERY_TENS",3431.54285714286
"2024-09-28 00:00:00","Fondo Errano 2024","T0","AIR_HUM",58.5558823529412
"2024-09-28 00:00:00","Fondo Errano 2024","T0","WIND_GUST_MAX",9.61714285714286
"2024-09-28 00:00:00","Fondo Errano 2024","T0","ET0",1.26537217026383
"2024-09-28 00:00:00","Fondo Errano 2024","T0","SOLAR_RAD",127.680672268908
"2024-09-28 00:00:00","Fondo Errano 2024","T0","WIND_DIRECTION",204.571428571429
"2024-09-28 00:00:00","Fondo Errano 2024","T0","WIND_SPEED",5.09142857142857
"2024-09-29 00:00:00","Fondo Errano 2024","T0","BATTERY_TENS",3423.56756756757
"2024-09-29 00:00:00","Fondo Errano 2024","T0","ET0",1.03374739054054
"2024-09-29 00:00:00","Fondo Errano 2024","T0","AIR_TEMP",15.317027027027
"2024-09-29 00:00:00","Fondo Errano 2024","T0","WIND_GUST_MAX",5.19567567567568
"2024-09-29 00:00:00","Fondo Errano 2024","T0","SOLAR_RAD",113.88416988417
"2024-09-29 00:00:00","Fondo Errano 2024","T0","WIND_DIRECTION",183.810810810811
"2024-09-29 00:00:00","Fondo Errano 2024","T0","WIND_SPEED",2.2572972972973
"2024-09-29 00:00:00","Fondo Errano 2024","T0","AIR_HUM",74.5135135135135
"2024-09-30 00:00:00","Fondo Errano 2024","T0","WIND_SPEED",2.0627027027027
"2024-09-30 00:00:00","Fondo Errano 2024","T0","ET0",0.99895970617234
"2024-09-30 00:00:00","Fondo Errano 2024","T0","AIR_HUM",74.8552631578947
"2024-09-30 00:00:00","Fondo Errano 2024","T0","AIR_TEMP",15.0639473684211
"2024-09-30 00:00:00","Fondo Errano 2024","T0","WIND_DIRECTION",182.756756756757
"2024-09-30 00:00:00","Fondo Errano 2024","T0","WIND_GUST_MAX",4.54378378378378
"2024-09-30 00:00:00","Fondo Errano 2024","T0","SOLAR_RAD",101.917293233083
"2024-09-30 00:00:00","Fondo Errano 2024","T0","BATTERY_TENS",3423.62162162162
"2024-10-01 00:00:00","Fondo Errano 2024","T0","WIND_SPEED",0.72972972972973
"2024-10-01 00:00:00","Fondo Errano 2024","T0","AIR_HUM",78.1108108108108
"2024-10-01 00:00:00","Fondo Errano 2024","T0","WIND_DIRECTION",196.135135135135
"2024-10-01 00:00:00","Fondo Errano 2024","T0","AIR_TEMP",16.8410810810811
"2024-10-01 00:00:00","Fondo Errano 2024","T0","BATTERY_TENS",3407.18918918919
"2024-10-01 00:00:00","Fondo Errano 2024","T0","SOLAR_RAD",59.3050193050193
"2024-10-01 00:00:00","Fondo Errano 2024","T0","WIND_GUST_MAX",1.85837837837838
"2024-10-02 00:00:00","Fondo Errano 2024","T0","WIND_GUST_MAX",4.63764705882353
"2024-10-02 00:00:00","Fondo Errano 2024","T0","AIR_HUM",74.8088235294118
"2024-10-02 00:00:00","Fondo Errano 2024","T0","SOLAR_RAD",46.3949579831933
"2024-10-02 00:00:00","Fondo Errano 2024","T0","BATTERY_TENS",3397.67647058824
"2024-10-02 00:00:00","Fondo Errano 2024","T0","WIND_SPEED",2.43529411764706
"2024-10-02 00:00:00","Fondo Errano 2024","T0","WIND_DIRECTION",228.970588235294
"2024-10-02 00:00:00","Fondo Errano 2024","T0","AIR_TEMP",19.3938235294118
"2024-10-03 00:00:00","Fondo Errano 2024","T0","AIR_HUM",88.7
"2024-10-03 00:00:00","Fondo Errano 2024","T0","BATTERY_TENS",3381.5641025641
"2024-10-03 00:00:00","Fondo Errano 2024","T0","WIND_GUST_MAX",6.97846153846154
"2024-10-03 00:00:00","Fondo Errano 2024","T0","SOLAR_RAD",20.054054054054
"2024-10-03 00:00:00","Fondo Errano 2024","T0","AIR_TEMP",13.9897297297297
"2024-10-03 00:00:00","Fondo Errano 2024","T0","WIND_SPEED",4.02461538461538
"2024-10-03 00:00:00","Fondo Errano 2024","T0","WIND_DIRECTION",244.205128205128
"2024-10-04 00:00:00","Fondo Errano 2024","T0","AIR_HUM",88.05
"2024-10-04 00:00:00","Fondo Errano 2024","T0","AIR_TEMP",12.3236111111111
"2024-10-04 00:00:00","Fondo Errano 2024","T0","SOLAR_RAD",64.2936507936508
"2024-10-04 00:00:00","Fondo Errano 2024","T0","BATTERY_TENS",3379.9696969697
"2024-10-04 00:00:00","Fondo Errano 2024","T0","WIND_SPEED",1.81090909090909
"2024-10-04 00:00:00","Fondo Errano 2024","T0","WIND_DIRECTION",239.121212121212
"2024-10-04 00:00:00","Fondo Errano 2024","T0","WIND_GUST_MAX",3.77454545454545
"2024-10-05 00:00:00","Fondo Errano 2024","T0","AIR_TEMP",12.3693333333333
"2024-10-05 00:00:00","Fondo Errano 2024","T0","BATTERY_TENS",3375.82926829268
"2024-10-05 00:00:00","Fondo Errano 2024","T0","SOLAR_RAD",21.9142857142857
"2024-10-05 00:00:00","Fondo Errano 2024","T0","WIND_SPEED",1.82634146341463
"2024-10-05 00:00:00","Fondo Errano 2024","T0","AIR_HUM",87.8166666666666
"2024-10-05 00:00:00","Fondo Errano 2024","T0","WIND_GUST_MAX",4.91707317073171
"2024-10-05 00:00:00","Fondo Errano 2024","T0","WIND_DIRECTION",255.658536585366
"2024-10-05 00:00:00","Fondo Errano 2024","T0","ET0",0.0818224981885809
"2024-10-06 00:00:00","Fondo Errano 2024","T0","BATTERY_TENS",3385.51162790698
"2024-10-06 00:00:00","Fondo Errano 2024","T0","AIR_HUM",79.0128205128205
"2024-10-06 00:00:00","Fondo Errano 2024","T0","WIND_GUST_MAX",4.26139534883721
"2024-10-06 00:00:00","Fondo Errano 2024","T0","WIND_DIRECTION",176.348837209302
"2024-10-06 00:00:00","Fondo Errano 2024","T0","WIND_SPEED",1.70790697674419
"2024-10-06 00:00:00","Fondo Errano 2024","T0","SOLAR_RAD",101.721611721612
"2024-10-06 00:00:00","Fondo Errano 2024","T0","ET0",0.887524539054388
"2024-10-06 00:00:00","Fondo Errano 2024","T0","AIR_TEMP",13.8838461538462
"2024-10-07 00:00:00","Fondo Errano 2024","T0","ET0",0.511954439019226
"2024-10-07 00:00:00","Fondo Errano 2024","T0","AIR_HUM",82.3119047619047
"2024-10-07 00:00:00","Fondo Errano 2024","T0","WIND_DIRECTION",140
"2024-10-07 00:00:00","Fondo Errano 2024","T0","SOLAR_RAD",60.6190476190476
"2024-10-07 00:00:00","Fondo Errano 2024","T0","WIND_GUST_MAX",1.07027027027027
"2024-10-07 00:00:00","Fondo Errano 2024","T0","BATTERY_TENS",3384.43243243243
"2024-10-07 00:00:00","Fondo Errano 2024","T0","WIND_SPEED",0.291891891891892
"2024-10-07 00:00:00","Fondo Errano 2024","T0","AIR_TEMP",16.2678571428571
"2024-10-08 00:00:00","Fondo Errano 2024","T0","AIR_TEMP",17.0082051282051
"2024-10-08 00:00:00","Fondo Errano 2024","T0","SOLAR_RAD",39.8754578754579
"2024-10-08 00:00:00","Fondo Errano 2024","T0","AIR_HUM",85.2102564102564
"2024-10-08 00:00:00","Fondo Errano 2024","T0","WIND_GUST_MAX",5.01545454545454
"2024-10-08 00:00:00","Fondo Errano 2024","T0","WIND_SPEED",2.52818181818182
"2024-10-08 00:00:00","Fondo Errano 2024","T0","WIND_DIRECTION",187.204545454545
"2024-10-08 00:00:00","Fondo Errano 2024","T0","BATTERY_TENS",3381.5
"2024-10-09 00:00:00","Fondo Errano 2024","T0","ET0",0.877757897327609
"2024-10-09 00:00:00","Fondo Errano 2024","T0","SOLAR_RAD",91.3588850174216
"2024-10-09 00:00:00","Fondo Errano 2024","T0","AIR_HUM",67.9658536585366
"2024-10-09 00:00:00","Fondo Errano 2024","T0","WIND_GUST_MAX",6.69789473684211
"2024-10-09 00:00:00","Fondo Errano 2024","T0","AIR_TEMP",19.7541463414634
"2024-10-09 00:00:00","Fondo Errano 2024","T0","WIND_SPEED",2.16
"2024-10-09 00:00:00","Fondo Errano 2024","T0","WIND_DIRECTION",197.947368421053
"2024-10-09 00:00:00","Fondo Errano 2024","T0","BATTERY_TENS",3391.05263157895
"2024-10-10 00:00:00","Fondo Errano 2024","T0","WIND_SPEED",4.959
"2024-10-10 00:00:00","Fondo Errano 2024","T0","AIR_TEMP",19.7611428571429
"2024-10-10 00:00:00","Fondo Errano 2024","T0","BATTERY_TENS",3398.1
"2024-10-10 00:00:00","Fondo Errano 2024","T0","AIR_HUM",67.1028571428571
"2024-10-10 00:00:00","Fondo Errano 2024","T0","SOLAR_RAD",55.5265306122449
"2024-10-10 00:00:00","Fondo Errano 2024","T0","ET0",0.553009286654048
"2024-10-10 00:00:00","Fondo Errano 2024","T0","WIND_GUST_MAX",9.675
"2024-10-10 00:00:00","Fondo Errano 2024","T0","WIND_DIRECTION",226.3
"2024-10-11 00:00:00","Fondo Errano 2024","T0","WIND_DIRECTION",210.828571428571
"2024-10-11 00:00:00","Fondo Errano 2024","T0","ET0",0.684469448896464
"2024-10-11 00:00:00","Fondo Errano 2024","T0","WIND_SPEED",2.19085714285714
"2024-10-11 00:00:00","Fondo Errano 2024","T0","AIR_HUM",76.1432432432433
"2024-10-11 00:00:00","Fondo Errano 2024","T0","AIR_TEMP",16.93
"2024-10-11 00:00:00","Fondo Errano 2024","T0","WIND_GUST_MAX",5.35885714285714
"2024-10-11 00:00:00","Fondo Errano 2024","T0","SOLAR_RAD",79.7992277992279
"2024-10-11 00:00:00","Fondo Errano 2024","T0","BATTERY_TENS",3402.42857142857
"2024-10-12 00:00:00","Fondo Errano 2024","T0","WIND_DIRECTION",161.444444444444
"2024-10-12 00:00:00","Fondo Errano 2024","T0","WIND_GUST_MAX",4.95
"2024-10-12 00:00:00","Fondo Errano 2024","T0","SOLAR_RAD",89.4517374517374
"2024-10-12 00:00:00","Fondo Errano 2024","T0","AIR_TEMP",15.6494594594595
"2024-10-12 00:00:00","Fondo Errano 2024","T0","WIND_SPEED",2.18
"2024-10-12 00:00:00","Fondo Errano 2024","T0","BATTERY_TENS",3416.22222222222
"2024-10-12 00:00:00","Fondo Errano 2024","T0","AIR_HUM",79.7945945945946
"2024-10-13 00:00:00","Fondo Errano 2024","T0","AIR_HUM",74.0659090909091
"2024-10-13 00:00:00","Fondo Errano 2024","T0","ET0",1.07267582364428
"2024-10-13 00:00:00","Fondo Errano 2024","T0","WIND_SPEED",2.26702702702703
"2024-10-13 00:00:00","Fondo Errano 2024","T0","WIND_DIRECTION",216.405405405405
"2024-10-13 00:00:00","Fondo Errano 2024","T0","AIR_TEMP",16.6981818181818
"2024-10-13 00:00:00","Fondo Errano 2024","T0","SOLAR_RAD",111.681818181818
"2024-10-13 00:00:00","Fondo Errano 2024","T0","BATTERY_TENS",3415.37837837838
"2024-10-13 00:00:00","Fondo Errano 2024","T0","WIND_GUST_MAX",4.35891891891892
"2024-10-14 00:00:00","Fondo Errano 2024","T0","AIR_HUM",81.4232558139535
"2024-10-14 00:00:00","Fondo Errano 2024","T0","BATTERY_TENS",3415.64285714286
"2024-10-14 00:00:00","Fondo Errano 2024","T0","WIND_GUST_MAX",2.83714285714286
"2024-10-14 00:00:00","Fondo Errano 2024","T0","WIND_DIRECTION",184.285714285714
"2024-10-14 00:00:00","Fondo Errano 2024","T0","WIND_SPEED",0.72
"2024-10-14 00:00:00","Fondo Errano 2024","T0","SOLAR_RAD",76.4119601328903
"2024-10-14 00:00:00","Fondo Errano 2024","T0","AIR_TEMP",15.8253488372093
"2024-10-14 00:00:00","Fondo Errano 2024","T0","ET0",0.736115138992052
"2024-10-15 00:00:00","Fondo Errano 2024","T0","SOLAR_RAD",108.662337662338
"2024-10-15 00:00:00","Fondo Errano 2024","T0","WIND_SPEED",0.754285714285714
"2024-10-15 00:00:00","Fondo Errano 2024","T0","WIND_GUST_MAX",2.46857142857143
"2024-10-15 00:00:00","Fondo Errano 2024","T0","BATTERY_TENS",3416.7619047619
"2024-10-15 00:00:00","Fondo Errano 2024","T0","AIR_TEMP",15.3345454545455
"2024-10-15 00:00:00","Fondo Errano 2024","T0","AIR_HUM",86.2545454545455
"2024-10-15 00:00:00","Fondo Errano 2024","T0","WIND_DIRECTION",183.809523809524
"2024-10-18 00:00:00","Fondo Errano 2024","T0","WINKLER_INDEX_GROWTH",8859.13068053616
"2024-10-18 00:00:00","Fondo Errano 2024","T0","WIND_GUST_MAX",3.24
"2024-10-18 00:00:00","Fondo Errano 2024","T0","WIND_DIRECTION",201.055555555556
"2024-10-18 00:00:00","Fondo Errano 2024","T0","ET0",1.67052570124483
"2024-10-18 00:00:00","Fondo Errano 2024","T0","BIP",31.1294742987552
"2024-10-18 00:00:00","Fondo Errano 2024","T0","WIND_SPEED",1.44
"2024-10-18 00:00:00","Fondo Errano 2024","T0","WINKLER_INDEX",10.3031818181818
"2024-10-18 00:00:00","Fondo Errano 2024","T0","AIR_TEMP",20.3031818181818
"2024-10-18 00:00:00","Fondo Errano 2024","T0","BIG",31.1294742987552
"2024-10-18 00:00:00","Fondo Errano 2024","T0","AIR_HUM",81.9045454545455
"2024-10-18 00:00:00","Fondo Errano 2024","T0","BATTERY_TENS",3406.83333333333
"2024-10-18 00:00:00","Fondo Errano 2024","T0","SOLAR_RAD",169.324675324675
"2024-10-19 00:00:00","Fondo Errano 2024","T0","SOLAR_RAD",12.4069264069264
"2024-10-19 00:00:00","Fondo Errano 2024","T0","WIND_GUST_MAX",6.504
"2024-10-19 00:00:00","Fondo Errano 2024","T0","WINKLER_INDEX",6.68151515151515
"2024-10-19 00:00:00","Fondo Errano 2024","T0","AIR_TEMP",16.6815151515152
"2024-10-19 00:00:00","Fondo Errano 2024","T0","BATTERY_TENS",3383.33333333333
"2024-10-19 00:00:00","Fondo Errano 2024","T0","BIP",100.862041990182
"2024-10-19 00:00:00","Fondo Errano 2024","T0","BIG",69.7325676914267
"2024-10-19 00:00:00","Fondo Errano 2024","T0","WIND_DIRECTION",170.866666666667
"2024-10-19 00:00:00","Fondo Errano 2024","T0","WIND_SPEED",3.096
"2024-10-19 00:00:00","Fondo Errano 2024","T0","AIR_HUM",90.3848484848485
"2024-10-19 00:00:00","Fondo Errano 2024","T0","ET0",0.0674323085732787
"2024-10-19 00:00:00","Fondo Errano 2024","T0","WINKLER_INDEX_GROWTH",8865.81219568767
"2024-10-20 00:00:00","Fondo Errano 2024","T0","WIND_GUST_MAX",7.99384615384616
"2024-10-20 00:00:00","Fondo Errano 2024","T0","AIR_HUM",91.4071428571429
"2024-10-20 00:00:00","Fondo Errano 2024","T0","WIND_SPEED",4.79076923076923
"2024-10-20 00:00:00","Fondo Errano 2024","T0","WIND_DIRECTION",134.051282051282
"2024-10-20 00:00:00","Fondo Errano 2024","T0","SOLAR_RAD",20.6598639455782
"2024-10-20 00:00:00","Fondo Errano 2024","T0","WINKLER_INDEX_GROWTH",8873.215529021
"2024-10-20 00:00:00","Fondo Errano 2024","T0","BATTERY_TENS",3381.05128205128
"2024-10-20 00:00:00","Fondo Errano 2024","T0","WINKLER_INDEX",7.40333333333334
"2024-10-20 00:00:00","Fondo Errano 2024","T0","ET0",0.123119281084266
"2024-10-20 00:00:00","Fondo Errano 2024","T0","BIG",18.8768807189157
"2024-10-20 00:00:00","Fondo Errano 2024","T0","AIR_TEMP",17.4033333333333
"2024-10-20 00:00:00","Fondo Errano 2024","T0","BIP",119.738922709098
"2024-10-21 00:00:00","Fondo Errano 2024","T0","WINKLER_INDEX",7.04055555555556
"2024-10-21 00:00:00","Fondo Errano 2024","T0","ET0",0.250971213430453
"2024-10-21 00:00:00","Fondo Errano 2024","T0","WIND_DIRECTION",126.678571428571
"2024-10-21 00:00:00","Fondo Errano 2024","T0","SOLAR_RAD",41.8433179723502
"2024-10-21 00:00:00","Fondo Errano 2024","T0","BATTERY_TENS",3379.35714285714
"2024-10-21 00:00:00","Fondo Errano 2024","T0","AIR_HUM",90.4741935483871
"2024-10-21 00:00:00","Fondo Errano 2024","T0","AIR_TEMP",16.9748387096774
"2024-10-21 00:00:00","Fondo Errano 2024","T0","WIND_GUST_MAX",1.54285714285714
"2024-10-21 00:00:00","Fondo Errano 2024","T0","WINKLER_INDEX_GROWTH",8880.25608457656
"2024-10-21 00:00:00","Fondo Errano 2024","T0","WIND_SPEED",0.48
"2024-10-22 00:00:00","Fondo Errano 2024","T0","ET0",0.0815408426693787
"2024-10-23 00:00:00","Fondo Errano 2024","T0","WIND_DIRECTION",40.4545454545455
"2024-10-23 00:00:00","Fondo Errano 2024","T0","SOLAR_RAD",42.0285714285714
"2024-10-23 00:00:00","Fondo Errano 2024","T0","WIND_SPEED",0.163636363636364
"2024-10-23 00:00:00","Fondo Errano 2024","T0","BIG",9.71716169982735
"2024-10-23 00:00:00","Fondo Errano 2024","T0","AIR_HUM",92.885
"2024-10-23 00:00:00","Fondo Errano 2024","T0","ET0",0.0828383001726539
"2024-10-23 00:00:00","Fondo Errano 2024","T0","BATTERY_TENS",3370.81818181818
"2024-10-23 00:00:00","Fondo Errano 2024","T0","AIR_TEMP",16.36
"2024-10-23 00:00:00","Fondo Errano 2024","T0","WIND_GUST_MAX",0.883636363636364
"2024-10-23 00:00:00","Fondo Errano 2024","T0","BIP",129.523572352825
"2024-10-24 00:00:00","Fondo Errano 2024","T0","WIND_SPEED",0.142325581395349
"2024-10-24 00:00:00","Fondo Errano 2024","T0","AIR_TEMP",16.459512195122
"2024-10-24 00:00:00","Fondo Errano 2024","T0","WIND_DIRECTION",203.720930232558
"2024-10-24 00:00:00","Fondo Errano 2024","T0","AIR_HUM",92.6609756097561
"2024-10-24 00:00:00","Fondo Errano 2024","T0","BATTERY_TENS",3360.86046511628
"2024-10-24 00:00:00","Fondo Errano 2024","T0","SOLAR_RAD",34.7317073170732
"2024-10-24 00:00:00","Fondo Errano 2024","T0","WIND_GUST_MAX",0.519069767441861
"2024-10-24 00:00:00","Fondo Errano 2024","T0","ET0",0.158791899703524
"2024-10-25 00:00:00","Fondo Errano 2024","T0","ET0",0.184434136863656
"2024-10-25 00:00:00","Fondo Errano 2024","T0","SOLAR_RAD",33.6756756756757
"2024-10-25 00:00:00","Fondo Errano 2024","T0","AIR_HUM",93.6783783783784
"2024-10-25 00:00:00","Fondo Errano 2024","T0","AIR_TEMP",16.4951351351351
"2024-10-25 00:00:00","Fondo Errano 2024","T0","BATTERY_TENS",3336.2972972973
"2024-10-25 00:00:00","Fondo Errano 2024","T0","WIND_GUST_MAX",0.291891891891892
"2024-10-25 00:00:00","Fondo Errano 2024","T0","WIND_SPEED",0
"2024-10-25 00:00:00","Fondo Errano 2024","T0","WIND_DIRECTION",68.3783783783784
"2024-10-26 00:00:00","Fondo Errano 2024","T0","WIND_GUST_MAX",1.57170731707317
"2024-10-26 00:00:00","Fondo Errano 2024","T0","BATTERY_TENS",3346.17073170732
"2024-10-26 00:00:00","Fondo Errano 2024","T0","AIR_TEMP",17.3922222222222
"2024-10-26 00:00:00","Fondo Errano 2024","T0","AIR_HUM",91.1088888888889
"2024-10-26 00:00:00","Fondo Errano 2024","T0","WIND_DIRECTION",178.439024390244
"2024-10-26 00:00:00","Fondo Errano 2024","T0","WIND_SPEED",0.412682926829268
"2024-10-26 00:00:00","Fondo Errano 2024","T0","SOLAR_RAD",66.9142857142857
"2024-10-27 00:00:00","Fondo Errano 2024","T0","ET0",0.223945922131422
"2024-10-27 00:00:00","Fondo Errano 2024","T0","WIND_GUST_MAX",1.269
"2024-10-27 00:00:00","Fondo Errano 2024","T0","AIR_TEMP",15.9787179487179
"2024-10-27 00:00:00","Fondo Errano 2024","T0","WIND_DIRECTION",221.1
"2024-10-27 00:00:00","Fondo Errano 2024","T0","BATTERY_TENS",3326.25
"2024-10-27 00:00:00","Fondo Errano 2024","T0","AIR_HUM",92.1410256410256
"2024-10-27 00:00:00","Fondo Errano 2024","T0","SOLAR_RAD",31.9560439560439
"2024-10-27 00:00:00","Fondo Errano 2024","T0","WIND_SPEED",0.504
"2024-10-28 00:00:00","Fondo Errano 2024","T0","WIND_DIRECTION",157.971428571429
"2024-10-28 00:00:00","Fondo Errano 2024","T0","BATTERY_TENS",3328.71428571429
"2024-10-28 00:00:00","Fondo Errano 2024","T0","AIR_HUM",87.94
"2024-10-28 00:00:00","Fondo Errano 2024","T0","WIND_SPEED",0.462857142857143
"2024-10-28 00:00:00","Fondo Errano 2024","T0","WIND_GUST_MAX",1.98514285714286
"2024-10-28 00:00:00","Fondo Errano 2024","T0","AIR_TEMP",16.8497142857143
"2024-10-28 00:00:00","Fondo Errano 2024","T0","ET0",0.36204404772072
"2024-10-28 00:00:00","Fondo Errano 2024","T0","SOLAR_RAD",48.6857142857142
"2024-10-29 00:00:00","Fondo Errano 2024","T0","AIR_HUM",86.4464285714286
"2024-10-29 00:00:00","Fondo Errano 2024","T0","WIND_DIRECTION",220.289473684211
"2024-10-29 00:00:00","Fondo Errano 2024","T0","ET0",0.528173835284208
"2024-10-29 00:00:00","Fondo Errano 2024","T0","BATTERY_TENS",3321.23684210526
"2024-10-29 00:00:00","Fondo Errano 2024","T0","SOLAR_RAD",67.3061224489796
"2024-10-29 00:00:00","Fondo Errano 2024","T0","WIND_SPEED",1.52526315789474
"2024-10-29 00:00:00","Fondo Errano 2024","T0","AIR_TEMP",15.6625
"2024-10-29 00:00:00","Fondo Errano 2024","T0","WIND_GUST_MAX",4.11157894736842
"2024-10-30 00:00:00","Fondo Errano 2024","T0","SOLAR_RAD",93.0402930402931
"2024-10-30 00:00:00","Fondo Errano 2024","T0","WIND_SPEED",3.61894736842105
"2024-10-30 00:00:00","Fondo Errano 2024","T0","AIR_TEMP",15.9728205128205
"2024-10-30 00:00:00","Fondo Errano 2024","T0","WIND_GUST_MAX",5.86421052631579
"2024-10-30 00:00:00","Fondo Errano 2024","T0","WIND_DIRECTION",238.552631578947
"2024-10-30 00:00:00","Fondo Errano 2024","T0","AIR_HUM",80.8871794871795
"2024-10-30 00:00:00","Fondo Errano 2024","T0","BATTERY_TENS",3329.71052631579
"2024-10-31 00:00:00","Fondo Errano 2024","T0","AIR_HUM",79.5447368421053
"2024-10-31 00:00:00","Fondo Errano 2024","T0","WIND_SPEED",2.79771428571429
"2024-10-31 00:00:00","Fondo Errano 2024","T0","SOLAR_RAD",105.375939849624
"2024-10-31 00:00:00","Fondo Errano 2024","T0","AIR_TEMP",15.3397368421053
"2024-10-31 00:00:00","Fondo Errano 2024","T0","WIND_DIRECTION",170.285714285714
"2024-10-31 00:00:00","Fondo Errano 2024","T0","BATTERY_TENS",3340.05714285714
"2024-10-31 00:00:00","Fondo Errano 2024","T0","WIND_GUST_MAX",5.26628571428572
"2024-11-01 00:00:00","Fondo Errano 2024","T0","WIND_SPEED",2.15052631578947
"2024-11-01 00:00:00","Fondo Errano 2024","T0","SOLAR_RAD",84.6642857142857
"2024-11-01 00:00:00","Fondo Errano 2024","T0","BATTERY_TENS",3344.78947368421
"2024-11-01 00:00:00","Fondo Errano 2024","T0","WIND_DIRECTION",148.789473684211
"2024-11-01 00:00:00","Fondo Errano 2024","T0","WIND_GUST_MAX",4.84105263157895
"2024-11-01 00:00:00","Fondo Errano 2024","T0","AIR_TEMP",14.02775
"2024-11-01 00:00:00","Fondo Errano 2024","T0","AIR_HUM",79.6725
"2024-11-02 00:00:00","Fondo Errano 2024","T0","SOLAR_RAD",55.6111111111111
"2024-11-02 00:00:00","Fondo Errano 2024","T0","AIR_HUM",78.8166666666667
"2024-11-02 00:00:00","Fondo Errano 2024","T0","WIND_SPEED",2.60307692307692
"2024-11-02 00:00:00","Fondo Errano 2024","T0","WIND_GUST_MAX",5.13230769230769
"2024-11-02 00:00:00","Fondo Errano 2024","T0","AIR_TEMP",13.2963888888889
"2024-11-02 00:00:00","Fondo Errano 2024","T0","WIND_DIRECTION",178.589743589744
"2024-11-02 00:00:00","Fondo Errano 2024","T0","BATTERY_TENS",3343.53846153846
"2024-11-03 00:00:00","Fondo Errano 2024","T0","WIND_DIRECTION",153
"2024-11-03 00:00:00","Fondo Errano 2024","T0","SOLAR_RAD",58.952380952381
"2024-11-03 00:00:00","Fondo Errano 2024","T0","AIR_HUM",86.7472222222222
"2024-11-03 00:00:00","Fondo Errano 2024","T0","WIND_GUST_MAX",2.84914285714286
"2024-11-03 00:00:00","Fondo Errano 2024","T0","AIR_TEMP",12.1227777777778
"2024-11-03 00:00:00","Fondo Errano 2024","T0","BATTERY_TENS",3330.22857142857
"2024-11-03 00:00:00","Fondo Errano 2024","T0","ET0",0.401229045843631
"2024-11-03 00:00:00","Fondo Errano 2024","T0","WIND_SPEED",1.02857142857143
"2024-11-04 00:00:00","Fondo Errano 2024","T0","AIR_HUM",81.4375
"2024-11-04 00:00:00","Fondo Errano 2024","T0","BATTERY_TENS",3342.97142857143
"2024-11-04 00:00:00","Fondo Errano 2024","T0","ET0",0.830174893756697
"2024-11-04 00:00:00","Fondo Errano 2024","T0","AIR_TEMP",12.88
"2024-11-04 00:00:00","Fondo Errano 2024","T0","WIND_SPEED",1.61485714285714
"2024-11-04 00:00:00","Fondo Errano 2024","T0","WIND_DIRECTION",166.8
"2024-11-04 00:00:00","Fondo Errano 2024","T0","SOLAR_RAD",103.142857142857
"2024-11-04 00:00:00","Fondo Errano 2024","T0","WIND_GUST_MAX",4.18628571428571
"2024-11-05 00:00:00","Fondo Errano 2024","T0","WIND_DIRECTION",188.27027027027
"2024-11-05 00:00:00","Fondo Errano 2024","T0","AIR_HUM",89.872972972973
"2024-11-05 00:00:00","Fondo Errano 2024","T0","WIND_SPEED",0.574054054054054
"2024-11-05 00:00:00","Fondo Errano 2024","T0","AIR_TEMP",8.77486486486487
"2024-11-05 00:00:00","Fondo Errano 2024","T0","WIND_GUST_MAX",2.0627027027027
"2024-11-05 00:00:00","Fondo Errano 2024","T0","BATTERY_TENS",3342.54054054054
"2024-11-05 00:00:00","Fondo Errano 2024","T0","SOLAR_RAD",43.5521235521236
"2024-11-06 00:00:00","Fondo Errano 2024","T0","AIR_HUM",87.1942857142857
"2024-11-06 00:00:00","Fondo Errano 2024","T0","WIND_GUST_MAX",2.39657142857143
"2024-11-06 00:00:00","Fondo Errano 2024","T0","WIND_SPEED",1.17257142857143
"2024-11-06 00:00:00","Fondo Errano 2024","T0","AIR_TEMP",8.60685714285714
"2024-11-06 00:00:00","Fondo Errano 2024","T0","WIND_DIRECTION",129.657142857143
"2024-11-06 00:00:00","Fondo Errano 2024","T0","SOLAR_RAD",69.2816326530612
"2024-11-06 00:00:00","Fondo Errano 2024","T0","BATTERY_TENS",3341
"2024-11-06 00:00:00","Fondo Errano 2024","T0","ET0",0.472464355655312
"2024-11-07 00:00:00","Fondo Errano 2024","T0","BATTERY_TENS",3365.48648648649
"2024-11-07 00:00:00","Fondo Errano 2024","T0","AIR_TEMP",7.3758064516129
"2024-11-07 00:00:00","Fondo Errano 2024","T0","WIND_GUST_MAX",1.55675675675676
"2024-11-07 00:00:00","Fondo Errano 2024","T0","WIND_DIRECTION",167.324324324324
"2024-11-07 00:00:00","Fondo Errano 2024","T0","SOLAR_RAD",79.0414746543779
"2024-11-07 00:00:00","Fondo Errano 2024","T0","AIR_HUM",86.5935483870968
"2024-11-07 00:00:00","Fondo Errano 2024","T0","WIND_SPEED",0.70054054054054
"2024-11-07 00:00:00","Fondo Errano 2024","T0","ET0",0.587263522929628
"2024-11-08 00:00:00","Fondo Errano 2024","T0","WIND_SPEED",1.12235294117647
"2024-11-08 00:00:00","Fondo Errano 2024","T0","SOLAR_RAD",54.7619047619048
"2024-11-08 00:00:00","Fondo Errano 2024","T0","WIND_GUST_MAX",2.64705882352941
"2024-11-08 00:00:00","Fondo Errano 2024","T0","AIR_TEMP",8.29307692307692
"2024-11-08 00:00:00","Fondo Errano 2024","T0","BATTERY_TENS",3370.17647058824
"2024-11-08 00:00:00","Fondo Errano 2024","T0","WIND_DIRECTION",195.147058823529
"2024-11-08 00:00:00","Fondo Errano 2024","T0","AIR_HUM",88.3666666666666
"2024-11-09 00:00:00","Fondo Errano 2024","T0","SOLAR_RAD",0
"2024-11-09 00:00:00","Fondo Errano 2024","T0","BATTERY_TENS",3359
"2024-11-09 00:00:00","Fondo Errano 2024","T0","WIND_DIRECTION",16
"2024-11-09 00:00:00","Fondo Errano 2024","T0","ET0",0.112411812597182
"2024-11-09 00:00:00","Fondo Errano 2024","T0","WIND_GUST_MAX",0
"2024-11-09 00:00:00","Fondo Errano 2024","T0","AIR_TEMP",9.86
"2024-11-09 00:00:00","Fondo Errano 2024","T0","AIR_HUM",89.3
"2024-11-09 00:00:00","Fondo Errano 2024","T0","WIND_SPEED",0
"2024-11-10 00:00:00","Fondo Errano 2024","T0","SOLAR_RAD",0
"2024-11-10 00:00:00","Fondo Errano 2024","T0","AIR_HUM",92.4
"2024-11-10 00:00:00","Fondo Errano 2024","T0","AIR_TEMP",9.49
"2024-11-11 00:00:00","Fondo Errano 2024","T0","ET0",0.519887135872296
"2024-11-12 00:00:00","Fondo Errano 2024","T0","AIR_HUM",87.541935483871
"2024-11-12 00:00:00","Fondo Errano 2024","T0","AIR_TEMP",8.0671875
"2024-11-12 00:00:00","Fondo Errano 2024","T0","WIND_GUST_MAX",1.7751724137931
"2024-11-12 00:00:00","Fondo Errano 2024","T0","WIND_DIRECTION",232.51724137931
"2024-11-12 00:00:00","Fondo Errano 2024","T0","ET0",0.169259649998349
"2024-11-12 00:00:00","Fondo Errano 2024","T0","WIND_SPEED",0.558620689655173
"2024-11-12 00:00:00","Fondo Errano 2024","T0","SOLAR_RAD",38.5437788018433
"2024-11-12 00:00:00","Fondo Errano 2024","T0","BATTERY_TENS",3354.86206896552
"2024-11-13 00:00:00","Fondo Errano 2024","T0","AIR_TEMP",6.31883720930233
"2024-11-13 00:00:00","Fondo Errano 2024","T0","SOLAR_RAD",53.468438538206
"2024-11-13 00:00:00","Fondo Errano 2024","T0","WIND_DIRECTION",186.46511627907
"2024-11-13 00:00:00","Fondo Errano 2024","T0","WIND_GUST_MAX",3.15627906976744
"2024-11-13 00:00:00","Fondo Errano 2024","T0","AIR_HUM",83.7744186046512
"2024-11-13 00:00:00","Fondo Errano 2024","T0","WIND_SPEED",1.13023255813953
"2024-11-13 00:00:00","Fondo Errano 2024","T0","BATTERY_TENS",3366.16279069767
"2024-11-13 00:00:00","Fondo Errano 2024","T0","ET0",0.349551492543724
"2024-11-14 00:00:00","Fondo Errano 2024","T0","AIR_TEMP",7.01384615384615
"2024-11-14 00:00:00","Fondo Errano 2024","T0","WIND_SPEED",3.73764705882353
"2024-11-14 00:00:00","Fondo Errano 2024","T0","WIND_DIRECTION",249.147058823529
"2024-11-14 00:00:00","Fondo Errano 2024","T0","BATTERY_TENS",3356.64705882353
"2024-11-14 00:00:00","Fondo Errano 2024","T0","AIR_HUM",80.1102564102564
"2024-11-14 00:00:00","Fondo Errano 2024","T0","WIND_GUST_MAX",6.48
"2024-11-14 00:00:00","Fondo Errano 2024","T0","SOLAR_RAD",41.040293040293
"2024-11-14 00:00:00","Fondo Errano 2024","T0","ET0",0.220432507023971
"2024-11-15 00:00:00","Fondo Errano 2024","T0","SOLAR_RAD",61.1627906976744
"2024-11-15 00:00:00","Fondo Errano 2024","T0","WIND_DIRECTION",192.325
"2024-11-15 00:00:00","Fondo Errano 2024","T0","BATTERY_TENS",3374.625
"2024-11-15 00:00:00","Fondo Errano 2024","T0","WIND_GUST_MAX",4.617
"2024-11-15 00:00:00","Fondo Errano 2024","T0","AIR_HUM",81.5186046511628
"2024-11-15 00:00:00","Fondo Errano 2024","T0","WIND_SPEED",2.511
"2024-11-15 00:00:00","Fondo Errano 2024","T0","AIR_TEMP",5.88209302325581
"2024-11-16 00:00:00","Fondo Errano 2024","T0","WIND_SPEED",2.40387096774194
"2024-11-16 00:00:00","Fondo Errano 2024","T0","WIND_GUST_MAX",4.34322580645162
"2024-11-16 00:00:00","Fondo Errano 2024","T0","WIND_DIRECTION",207.161290322581
"2024-11-16 00:00:00","Fondo Errano 2024","T0","AIR_HUM",81.3594594594594
"2024-11-16 00:00:00","Fondo Errano 2024","T0","AIR_TEMP",5.7645945945946
"2024-11-16 00:00:00","Fondo Errano 2024","T0","SOLAR_RAD",58.1312741312741
"2024-11-16 00:00:00","Fondo Errano 2024","T0","BATTERY_TENS",3366.03225806452
"2024-11-17 00:00:00","Fondo Errano 2024","T0","AIR_TEMP",4.95378378378379
"2024-11-17 00:00:00","Fondo Errano 2024","T0","WIND_SPEED",0.312631578947368
"2024-11-17 00:00:00","Fondo Errano 2024","T0","AIR_HUM",91.0297297297298
"2024-11-17 00:00:00","Fondo Errano 2024","T0","WIND_DIRECTION",109.315789473684
"2024-11-17 00:00:00","Fondo Errano 2024","T0","BATTERY_TENS",3359.84210526316
"2024-11-17 00:00:00","Fondo Errano 2024","T0","WIND_GUST_MAX",1.69578947368421
"2024-11-17 00:00:00","Fondo Errano 2024","T0","SOLAR_RAD",39.7065637065637
"2024-11-18 00:00:00","Fondo Errano 2024","T0","AIR_HUM",89.6777777777778
"2024-11-18 00:00:00","Fondo Errano 2024","T0","BATTERY_TENS",3365.94117647059
"2024-11-18 00:00:00","Fondo Errano 2024","T0","WIND_DIRECTION",172.264705882353
"2024-11-18 00:00:00","Fondo Errano 2024","T0","WIND_GUST_MAX",1.46117647058824
"2024-11-18 00:00:00","Fondo Errano 2024","T0","WIND_SPEED",0.677647058823529
"2024-11-18 00:00:00","Fondo Errano 2024","T0","AIR_TEMP",7.01361111111111
"2024-11-18 00:00:00","Fondo Errano 2024","T0","SOLAR_RAD",44.8650793650794
"2024-11-19 00:00:00","Fondo Errano 2024","T0","BATTERY_TENS",3368.21052631579
"2024-11-19 00:00:00","Fondo Errano 2024","T0","AIR_HUM",91.3975
"2024-11-19 00:00:00","Fondo Errano 2024","T0","WIND_DIRECTION",135.105263157895
"2024-11-19 00:00:00","Fondo Errano 2024","T0","AIR_TEMP",7.22725
"2024-11-19 00:00:00","Fondo Errano 2024","T0","WIND_GUST_MAX",3.05052631578947
"2024-11-19 00:00:00","Fondo Errano 2024","T0","SOLAR_RAD",31.9357142857143
"2024-11-19 00:00:00","Fondo Errano 2024","T0","ET0",0.159787682246392
"2024-11-19 00:00:00","Fondo Errano 2024","T0","WIND_SPEED",0.862105263157895
"2024-11-20 00:00:00","Fondo Errano 2024","T0","ET0",0.173457676139341
"2024-11-20 00:00:00","Fondo Errano 2024","T0","BATTERY_TENS",3365.52173913044
"2024-11-20 00:00:00","Fondo Errano 2024","T0","SOLAR_RAD",19.6279069767442
"2024-11-20 00:00:00","Fondo Errano 2024","T0","WIND_SPEED",7.60695652173913
"2024-11-20 00:00:00","Fondo Errano 2024","T0","WIND_GUST_MAX",13.7426086956522
"2024-11-20 00:00:00","Fondo Errano 2024","T0","WIND_DIRECTION",214.521739130435
"2024-11-20 00:00:00","Fondo Errano 2024","T0","AIR_TEMP",12.0809302325581
"2024-11-20 00:00:00","Fondo Errano 2024","T0","AIR_HUM",68.3790697674418
"2024-11-21 00:00:00","Fondo Errano 2024","T0","BATTERY_TENS",3367.2619047619
"2024-11-21 00:00:00","Fondo Errano 2024","T0","SOLAR_RAD",51.7593984962406
"2024-11-21 00:00:00","Fondo Errano 2024","T0","WIND_GUST_MAX",7.64571428571429
"2024-11-21 00:00:00","Fondo Errano 2024","T0","WIND_SPEED",3.75428571428571
"2024-11-21 00:00:00","Fondo Errano 2024","T0","AIR_HUM",64.3421052631579
"2024-11-21 00:00:00","Fondo Errano 2024","T0","AIR_TEMP",7.1521052631579
"2024-11-21 00:00:00","Fondo Errano 2024","T0","WIND_DIRECTION",180.97619047619
"2024-11-22 00:00:00","Fondo Errano 2024","T0","AIR_TEMP",6.90232558139535
"2024-11-22 00:00:00","Fondo Errano 2024","T0","AIR_HUM",58.7232558139535
"2024-11-22 00:00:00","Fondo Errano 2024","T0","WIND_GUST_MAX",10.4485714285714
"2024-11-22 00:00:00","Fondo Errano 2024","T0","WIND_DIRECTION",233.642857142857
"2024-11-22 00:00:00","Fondo Errano 2024","T0","SOLAR_RAD",44.5913621262458
"2024-11-22 00:00:00","Fondo Errano 2024","T0","BATTERY_TENS",3363.7619047619
"2024-11-22 00:00:00","Fondo Errano 2024","T0","WIND_SPEED",5.82857142857143
"2024-11-23 00:00:00","Fondo Errano 2024","T0","WIND_SPEED",2.656
"2024-11-23 00:00:00","Fondo Errano 2024","T0","WIND_DIRECTION",216.222222222222
"2024-11-23 00:00:00","Fondo Errano 2024","T0","WIND_GUST_MAX",5.144
"2024-11-23 00:00:00","Fondo Errano 2024","T0","AIR_HUM",46.3071428571429
"2024-11-23 00:00:00","Fondo Errano 2024","T0","SOLAR_RAD",62.6530612244898
"2024-11-23 00:00:00","Fondo Errano 2024","T0","AIR_TEMP",6.37214285714286
"2024-11-23 00:00:00","Fondo Errano 2024","T0","ET0",0.446758703008109
"2024-11-23 00:00:00","Fondo Errano 2024","T0","BATTERY_TENS",3371.17777777778
"2024-11-24 00:00:00","Fondo Errano 2024","T0","WIND_SPEED",1.24
"2024-11-24 00:00:00","Fondo Errano 2024","T0","SOLAR_RAD",56.2049689440993
"2024-11-24 00:00:00","Fondo Errano 2024","T0","WIND_DIRECTION",132.822222222222
"2024-11-24 00:00:00","Fondo Errano 2024","T0","WIND_GUST_MAX",3.136
"2024-11-24 00:00:00","Fondo Errano 2024","T0","AIR_TEMP",5.87978260869565
"2024-11-24 00:00:00","Fondo Errano 2024","T0","AIR_HUM",68.5826086956522
"2024-11-24 00:00:00","Fondo Errano 2024","T0","BATTERY_TENS",3369.75555555556
"2024-11-25 00:00:00","Fondo Errano 2024","T0","SOLAR_RAD",27.9699248120301
"2024-11-25 00:00:00","Fondo Errano 2024","T0","WIND_SPEED",0.624
"2024-11-25 00:00:00","Fondo Errano 2024","T0","AIR_HUM",83.5763157894737
"2024-11-25 00:00:00","Fondo Errano 2024","T0","AIR_TEMP",4.93736842105263
"2024-11-25 00:00:00","Fondo Errano 2024","T0","WIND_GUST_MAX",1.4
"2024-11-25 00:00:00","Fondo Errano 2024","T0","WIND_DIRECTION",158.955555555556
"2024-11-25 00:00:00","Fondo Errano 2024","T0","BATTERY_TENS",3362.33333333333
"2024-11-26 00:00:00","Fondo Errano 2024","T0","AIR_TEMP",6.9605
"2024-11-26 00:00:00","Fondo Errano 2024","T0","ET0",0.128811992096544
"2024-11-26 00:00:00","Fondo Errano 2024","T0","AIR_HUM",86.1275
"2024-11-26 00:00:00","Fondo Errano 2024","T0","SOLAR_RAD",22.6714285714286
"2024-11-26 00:00:00","Fondo Errano 2024","T0","WIND_DIRECTION",246.948717948718
"2024-11-26 00:00:00","Fondo Errano 2024","T0","WIND_GUST_MAX",1.88307692307692
"2024-11-26 00:00:00","Fondo Errano 2024","T0","BATTERY_TENS",3363.10256410256
"2024-11-26 00:00:00","Fondo Errano 2024","T0","WIND_SPEED",0.683076923076923
"2024-11-27 00:00:00","Fondo Errano 2024","T0","SOLAR_RAD",18.3388704318937
"2024-11-27 00:00:00","Fondo Errano 2024","T0","AIR_TEMP",8.46488372093023
"2024-11-27 00:00:00","Fondo Errano 2024","T0","WIND_SPEED",0.0654545454545454
"2024-11-27 00:00:00","Fondo Errano 2024","T0","ET0",0.082461624346716
"2024-11-27 00:00:00","Fondo Errano 2024","T0","WIND_DIRECTION",187.954545454545
"2024-11-27 00:00:00","Fondo Errano 2024","T0","BATTERY_TENS",3359.22727272727
"2024-11-27 00:00:00","Fondo Errano 2024","T0","WIND_GUST_MAX",0.237272727272727
"2024-11-27 00:00:00","Fondo Errano 2024","T0","AIR_HUM",89.9953488372093
"2024-11-28 00:00:00","Fondo Errano 2024","T0","WIND_DIRECTION",150.578947368421
"2024-11-28 00:00:00","Fondo Errano 2024","T0","AIR_TEMP",8.61575
"2024-11-28 00:00:00","Fondo Errano 2024","T0","WIND_SPEED",0.284210526315789
"2024-11-28 00:00:00","Fondo Errano 2024","T0","AIR_HUM",90.965
"2024-11-28 00:00:00","Fondo Errano 2024","T0","WIND_GUST_MAX",1.55368421052632
"2024-11-28 00:00:00","Fondo Errano 2024","T0","SOLAR_RAD",31.6571428571429
"2024-11-28 00:00:00","Fondo Errano 2024","T0","BATTERY_TENS",3355.05263157895
"2024-11-29 00:00:00","Fondo Errano 2024","T0","BATTERY_TENS",3349.22727272727
"2024-11-29 00:00:00","Fondo Errano 2024","T0","SOLAR_RAD",14.1463414634146
"2024-11-29 00:00:00","Fondo Errano 2024","T0","WIND_GUST_MAX",1.41545454545455
"2024-11-29 00:00:00","Fondo Errano 2024","T0","WIND_SPEED",0.286363636363636
"2024-11-29 00:00:00","Fondo Errano 2024","T0","ET0",0.0750660982260711
"2024-11-29 00:00:00","Fondo Errano 2024","T0","AIR_TEMP",8.05439024390244
"2024-11-29 00:00:00","Fondo Errano 2024","T0","AIR_HUM",92.1414634146341
"2024-11-29 00:00:00","Fondo Errano 2024","T0","WIND_DIRECTION",237.181818181818
"2024-11-30 00:00:00","Fondo Errano 2024","T0","WIND_SPEED",2.05116279069767
"2024-11-30 00:00:00","Fondo Errano 2024","T0","BATTERY_TENS",3347.39534883721
"2024-11-30 00:00:00","Fondo Errano 2024","T0","WIND_GUST_MAX",4.50418604651163
"2024-11-30 00:00:00","Fondo Errano 2024","T0","AIR_TEMP",6.95276595744681
"2024-11-30 00:00:00","Fondo Errano 2024","T0","AIR_HUM",85.1212765957447
"2024-11-30 00:00:00","Fondo Errano 2024","T0","WIND_DIRECTION",251.093023255814
"2024-11-30 00:00:00","Fondo Errano 2024","T0","SOLAR_RAD",50.8145896656535
"2024-11-30 00:00:00","Fondo Errano 2024","T0","ET0",0.290550439807283
"2024-12-01 00:00:00","Fondo Errano 2024","T0","BATTERY_TENS",3359.3023255814
"2024-12-01 00:00:00","Fondo Errano 2024","T0","ET0",0.330520168862577
"2024-12-01 00:00:00","Fondo Errano 2024","T0","WIND_DIRECTION",241.372093023256
"2024-12-01 00:00:00","Fondo Errano 2024","T0","SOLAR_RAD",52.3492063492063
"2024-12-01 00:00:00","Fondo Errano 2024","T0","WIND_GUST_MAX",6.4046511627907
"2024-12-01 00:00:00","Fondo Errano 2024","T0","AIR_HUM",73.8088888888889
"2024-12-01 00:00:00","Fondo Errano 2024","T0","AIR_TEMP",6.63088888888889
"2024-12-01 00:00:00","Fondo Errano 2024","T0","WIND_SPEED",3.49116279069767
"2024-12-02 00:00:00","Fondo Errano 2024","T0","WIND_GUST_MAX",5.67627906976744
"2024-12-02 00:00:00","Fondo Errano 2024","T0","WIND_DIRECTION",171.395348837209
"2024-12-02 00:00:00","Fondo Errano 2024","T0","ET0",0.365061224780638
"2024-12-02 00:00:00","Fondo Errano 2024","T0","AIR_HUM",73.18
"2024-12-02 00:00:00","Fondo Errano 2024","T0","BATTERY_TENS",3367.39534883721
"2024-12-02 00:00:00","Fondo Errano 2024","T0","SOLAR_RAD",56.5714285714286
"2024-12-02 00:00:00","Fondo Errano 2024","T0","WIND_SPEED",3.05581395348837
"2024-12-02 00:00:00","Fondo Errano 2024","T0","AIR_TEMP",6.58888888888889
"2024-12-03 00:00:00","Fondo Errano 2024","T0","AIR_HUM",85.4575
"2024-12-03 00:00:00","Fondo Errano 2024","T0","SOLAR_RAD",17.7
"2024-12-03 00:00:00","Fondo Errano 2024","T0","WIND_GUST_MAX",2.03707317073171
"2024-12-03 00:00:00","Fondo Errano 2024","T0","WIND_DIRECTION",224.19512195122
"2024-12-03 00:00:00","Fondo Errano 2024","T0","WIND_SPEED",0.895609756097561
"2024-12-03 00:00:00","Fondo Errano 2024","T0","AIR_TEMP",4.815
"2024-12-03 00:00:00","Fondo Errano 2024","T0","BATTERY_TENS",3360.9512195122
"2024-12-04 00:00:00","Fondo Errano 2024","T0","AIR_HUM",88.4317073170732
"2024-12-04 00:00:00","Fondo Errano 2024","T0","AIR_TEMP",6.58609756097561
"2024-12-04 00:00:00","Fondo Errano 2024","T0","WIND_SPEED",0.983414634146342
"2024-12-04 00:00:00","Fondo Errano 2024","T0","WIND_DIRECTION",237.585365853659
"2024-12-04 00:00:00","Fondo Errano 2024","T0","SOLAR_RAD",9.24738675958188
"2024-12-04 00:00:00","Fondo Errano 2024","T0","ET0",0.0210825694987919
"2024-12-04 00:00:00","Fondo Errano 2024","T0","BATTERY_TENS",3350.21951219512
"2024-12-04 00:00:00","Fondo Errano 2024","T0","WIND_GUST_MAX",3.68780487804878
"2024-12-05 00:00:00","Fondo Errano 2024","T0","WIND_SPEED",3.20307692307692
"2024-12-05 00:00:00","Fondo Errano 2024","T0","AIR_HUM",80.1931818181818
"2024-12-05 00:00:00","Fondo Errano 2024","T0","AIR_TEMP",6.15454545454545
"2024-12-05 00:00:00","Fondo Errano 2024","T0","SOLAR_RAD",44.3116883116883
"2024-12-05 00:00:00","Fondo Errano 2024","T0","BATTERY_TENS",3352.38461538462
"2024-12-05 00:00:00","Fondo Errano 2024","T0","WIND_DIRECTION",253.051282051282
"2024-12-05 00:00:00","Fondo Errano 2024","T0","WIND_GUST_MAX",6.12
"2024-12-06 00:00:00","Fondo Errano 2024","T0","AIR_HUM",80.9833333333333
"2024-12-06 00:00:00","Fondo Errano 2024","T0","WIND_SPEED",2.493
"2024-12-06 00:00:00","Fondo Errano 2024","T0","WIND_DIRECTION",191.95
"2024-12-06 00:00:00","Fondo Errano 2024","T0","SOLAR_RAD",37.0952380952381
"2024-12-06 00:00:00","Fondo Errano 2024","T0","AIR_TEMP",4.07
"2024-12-06 00:00:00","Fondo Errano 2024","T0","WIND_GUST_MAX",4.545
"2024-12-06 00:00:00","Fondo Errano 2024","T0","BATTERY_TENS",3351
"2024-12-07 00:00:00","Fondo Errano 2024","T0","WIND_DIRECTION",174.720930232558
"2024-12-07 00:00:00","Fondo Errano 2024","T0","WIND_GUST_MAX",3.99348837209302
"2024-12-07 00:00:00","Fondo Errano 2024","T0","WIND_SPEED",2.05953488372093
"2024-12-07 00:00:00","Fondo Errano 2024","T0","AIR_TEMP",4.16978260869565
"2024-12-07 00:00:00","Fondo Errano 2024","T0","BATTERY_TENS",3354.81395348837
"2024-12-07 00:00:00","Fondo Errano 2024","T0","SOLAR_RAD",48.7204968944099
"2024-12-07 00:00:00","Fondo Errano 2024","T0","AIR_HUM",83.5282608695652
"2024-12-08 00:00:00","Fondo Errano 2024","T0","AIR_HUM",89.6386363636364
"2024-12-08 00:00:00","Fondo Errano 2024","T0","SOLAR_RAD",12.474025974026
"2024-12-08 00:00:00","Fondo Errano 2024","T0","AIR_TEMP",4.83613636363636
"2024-12-08 00:00:00","Fondo Errano 2024","T0","BATTERY_TENS",3348.21052631579
"2024-12-08 00:00:00","Fondo Errano 2024","T0","WIND_DIRECTION",233.394736842105
"2024-12-08 00:00:00","Fondo Errano 2024","T0","WIND_GUST_MAX",10.4778947368421
"2024-12-08 00:00:00","Fondo Errano 2024","T0","WIND_SPEED",5.61789473684211
"2024-12-09 00:00:00","Fondo Errano 2024","T0","SOLAR_RAD",7.44947735191638
"2024-12-09 00:00:00","Fondo Errano 2024","T0","WIND_GUST_MAX",8.34461538461539
"2024-12-09 00:00:00","Fondo Errano 2024","T0","WIND_DIRECTION",264.512820512821
"2024-12-09 00:00:00","Fondo Errano 2024","T0","AIR_TEMP",5.42634146341463
"2024-12-09 00:00:00","Fondo Errano 2024","T0","WIND_SPEED",4.93846153846154
"2024-12-09 00:00:00","Fondo Errano 2024","T0","BATTERY_TENS",3321.5641025641
"2024-12-09 00:00:00","Fondo Errano 2024","T0","AIR_HUM",91.7756097560976
"2024-12-09 00:00:00","Fondo Errano 2024","T0","ET0",0.0203260340840035
"2024-12-10 00:00:00","Fondo Errano 2024","T0","SOLAR_RAD",10.7799227799228
"2024-12-10 00:00:00","Fondo Errano 2024","T0","WIND_DIRECTION",245.525
"2024-12-10 00:00:00","Fondo Errano 2024","T0","WIND_GUST_MAX",4.05
"2024-12-10 00:00:00","Fondo Errano 2024","T0","AIR_TEMP",6.21162162162162
"2024-12-10 00:00:00","Fondo Errano 2024","T0","AIR_HUM",92.0783783783784
"2024-12-10 00:00:00","Fondo Errano 2024","T0","WIND_SPEED",1.467
"2024-12-10 00:00:00","Fondo Errano 2024","T0","BATTERY_TENS",3292.6
"2024-12-11 00:00:00","Fondo Errano 2024","T0","AIR_TEMP",6.16682926829268
"2024-12-11 00:00:00","Fondo Errano 2024","T0","AIR_HUM",86.580487804878
"2024-12-11 00:00:00","Fondo Errano 2024","T0","WIND_GUST_MAX",4.00390243902439
"2024-12-11 00:00:00","Fondo Errano 2024","T0","WIND_SPEED",1.7209756097561
"2024-12-11 00:00:00","Fondo Errano 2024","T0","ET0",0.183720712970174
"2024-12-11 00:00:00","Fondo Errano 2024","T0","WIND_DIRECTION",242.707317073171
"2024-12-11 00:00:00","Fondo Errano 2024","T0","SOLAR_RAD",34.9268292682927
"2024-12-11 00:00:00","Fondo Errano 2024","T0","BATTERY_TENS",3282.26829268293
"2024-12-12 00:00:00","Fondo Errano 2024","T0","SOLAR_RAD",32.7074829931973
"2024-12-12 00:00:00","Fondo Errano 2024","T0","AIR_TEMP",4.18119047619048
"2024-12-12 00:00:00","Fondo Errano 2024","T0","BATTERY_TENS",3304.23913043478
"2024-12-12 00:00:00","Fondo Errano 2024","T0","WIND_GUST_MAX",4.14
"2024-12-12 00:00:00","Fondo Errano 2024","T0","ET0",0.171921242567016
"2024-12-12 00:00:00","Fondo Errano 2024","T0","AIR_HUM",86.9142857142857
"2024-12-12 00:00:00","Fondo Errano 2024","T0","WIND_DIRECTION",171.195652173913
"2024-12-12 00:00:00","Fondo Errano 2024","T0","WIND_SPEED",2.19130434782609
"2024-12-13 00:00:00","Fondo Errano 2024","T0","WIND_GUST_MAX",0.968571428571429
"2024-12-13 00:00:00","Fondo Errano 2024","T0","WIND_SPEED",0.48
"2024-12-13 00:00:00","Fondo Errano 2024","T0","SOLAR_RAD",20.4025974025974
"2024-12-13 00:00:00","Fondo Errano 2024","T0","WIND_DIRECTION",160.285714285714
"2024-12-13 00:00:00","Fondo Errano 2024","T0","AIR_HUM",92.6704545454545
"2024-12-13 00:00:00","Fondo Errano 2024","T0","ET0",0.0725943178679815
"2024-12-13 00:00:00","Fondo Errano 2024","T0","AIR_TEMP",3.80136363636364
"2024-12-13 00:00:00","Fondo Errano 2024","T0","BATTERY_TENS",3310.64285714286
"2024-12-14 00:00:00","Fondo Errano 2024","T0","SOLAR_RAD",40.7595818815331
"2024-12-14 00:00:00","Fondo Errano 2024","T0","AIR_HUM",90.9756097560976
"2024-12-14 00:00:00","Fondo Errano 2024","T0","WIND_SPEED",0.505714285714286
"2024-12-14 00:00:00","Fondo Errano 2024","T0","WIND_GUST_MAX",2.19428571428571
"2024-12-14 00:00:00","Fondo Errano 2024","T0","AIR_TEMP",5.27463414634146
"2024-12-14 00:00:00","Fondo Errano 2024","T0","BATTERY_TENS",3321.54761904762
"2024-12-14 00:00:00","Fondo Errano 2024","T0","ET0",0.161915791282118
"2024-12-14 00:00:00","Fondo Errano 2024","T0","WIND_DIRECTION",183.095238095238
"2024-12-15 00:00:00","Fondo Errano 2024","T0","AIR_HUM",91.3512195121951
"2024-12-15 00:00:00","Fondo Errano 2024","T0","WIND_DIRECTION",172.5
"2024-12-15 00:00:00","Fondo Errano 2024","T0","ET0",0.230372121325665
"2024-12-15 00:00:00","Fondo Errano 2024","T0","SOLAR_RAD",42.1184668989547
"2024-12-15 00:00:00","Fondo Errano 2024","T0","WIND_SPEED",0.867272727272727
"2024-12-15 00:00:00","Fondo Errano 2024","T0","WIND_GUST_MAX",2.40545454545455
"2024-12-15 00:00:00","Fondo Errano 2024","T0","BATTERY_TENS",3348.11363636364
"2024-12-15 00:00:00","Fondo Errano 2024","T0","AIR_TEMP",3.61146341463415
"2024-12-16 00:00:00","Fondo Errano 2024","T0","WIND_DIRECTION",202.622222222222
"2024-12-16 00:00:00","Fondo Errano 2024","T0","BIG",-0.320646840300634
"2024-12-16 00:00:00","Fondo Errano 2024","T0","ET0",0.320646840300634
"2024-12-16 00:00:00","Fondo Errano 2024","T0","WIND_SPEED",1.008
"2024-12-16 00:00:00","Fondo Errano 2024","T0","SOLAR_RAD",51.4596273291926
"2024-12-16 00:00:00","Fondo Errano 2024","T0","WIND_GUST_MAX",2.64
"2024-12-16 00:00:00","Fondo Errano 2024","T0","AIR_HUM",85.3434782608696
"2024-12-16 00:00:00","Fondo Errano 2024","T0","BIP",260.844862373486
"2024-12-16 00:00:00","Fondo Errano 2024","T0","BATTERY_TENS",3362.13333333333
"2024-12-16 00:00:00","Fondo Errano 2024","T0","AIR_TEMP",3.82804347826087
"2024-12-17 00:00:00","Fondo Errano 2024","T0","WINKLER_INDEX_GROWTH",8959.63041338374
"2024-12-17 00:00:00","Fondo Errano 2024","T0","ET0",0.305323736730322
"2024-12-17 00:00:00","Fondo Errano 2024","T0","AIR_HUM",86.5488888888889
"2024-12-17 00:00:00","Fondo Errano 2024","T0","WINKLER_INDEX",0
"2024-12-17 00:00:00","Fondo Errano 2024","T0","WIND_DIRECTION",122.681818181818
"2024-12-17 00:00:00","Fondo Errano 2024","T0","WIND_GUST_MAX",2.11909090909091
"2024-12-17 00:00:00","Fondo Errano 2024","T0","WIND_SPEED",0.728181818181818
"2024-12-17 00:00:00","Fondo Errano 2024","T0","SOLAR_RAD",50
"2024-12-17 00:00:00","Fondo Errano 2024","T0","AIR_TEMP",3.23511111111111
"2024-12-17 00:00:00","Fondo Errano 2024","T0","BATTERY_TENS",3367.72727272727
"2024-12-17 00:00:00","Fondo Errano 2024","T0","BIP",260.739538636756
"2024-12-17 00:00:00","Fondo Errano 2024","T0","BIG",-0.105323736730322
"2024-12-18 00:00:00","Fondo Errano 2024","T0","WIND_GUST_MAX",1.08972972972973
"2024-12-18 00:00:00","Fondo Errano 2024","T0","BATTERY_TENS",3370.75675675676
"2024-12-18 00:00:00","Fondo Errano 2024","T0","AIR_HUM",89.4369565217391
"2024-12-18 00:00:00","Fondo Errano 2024","T0","AIR_TEMP",3.96391304347826
"2024-12-18 00:00:00","Fondo Errano 2024","T0","WIND_DIRECTION",79.6216216216216
"2024-12-18 00:00:00","Fondo Errano 2024","T0","ET0",0.267516740740339
"2024-12-18 00:00:00","Fondo Errano 2024","T0","WIND_SPEED",0.282162162162162
"2024-12-18 00:00:00","Fondo Errano 2024","T0","SOLAR_RAD",44.3850931677018
"2024-12-19 00:00:00","Fondo Errano 2024","T0","AIR_TEMP",6.57560975609756
"2024-12-19 00:00:00","Fondo Errano 2024","T0","ET0",0.238043838876632
"2024-12-19 00:00:00","Fondo Errano 2024","T0","WIND_SPEED",1.08857142857143
"2024-12-19 00:00:00","Fondo Errano 2024","T0","AIR_HUM",89.7243902439024
"2024-12-19 00:00:00","Fondo Errano 2024","T0","SOLAR_RAD",34.7177700348432
"2024-12-19 00:00:00","Fondo Errano 2024","T0","BATTERY_TENS",3375
"2024-12-19 00:00:00","Fondo Errano 2024","T0","WIND_DIRECTION",165.428571428571
"2024-12-19 00:00:00","Fondo Errano 2024","T0","WIND_GUST_MAX",3.45428571428571
"2024-12-20 00:00:00","Fondo Errano 2024","T0","WIND_GUST_MAX",10.096
"2024-12-20 00:00:00","Fondo Errano 2024","T0","ET0",0.0458529551822282
"2024-12-20 00:00:00","Fondo Errano 2024","T0","WIND_DIRECTION",260.844444444444
"2024-12-20 00:00:00","Fondo Errano 2024","T0","BATTERY_TENS",3365.88888888889
"2024-12-20 00:00:00","Fondo Errano 2024","T0","WIND_SPEED",5.736
"2024-12-20 00:00:00","Fondo Errano 2024","T0","SOLAR_RAD",7.85034013605442
"2024-12-20 00:00:00","Fondo Errano 2024","T0","AIR_TEMP",6.06976190476191
"2024-12-20 00:00:00","Fondo Errano 2024","T0","AIR_HUM",88.2261904761905
"2024-12-21 00:00:00","Fondo Errano 2024","T0","WIND_SPEED",2.16
"2024-12-21 00:00:00","Fondo Errano 2024","T0","AIR_TEMP",3.71173913043478
"2024-12-21 00:00:00","Fondo Errano 2024","T0","WIND_GUST_MAX",4.44255319148936
"2024-12-21 00:00:00","Fondo Errano 2024","T0","AIR_HUM",80.8065217391304
"2024-12-21 00:00:00","Fondo Errano 2024","T0","WIND_DIRECTION",174.063829787234
"2024-12-21 00:00:00","Fondo Errano 2024","T0","SOLAR_RAD",48.0683229813664
"2024-12-21 00:00:00","Fondo Errano 2024","T0","BATTERY_TENS",3366.51063829787
"2024-12-21 00:00:00","Fondo Errano 2024","T0","ET0",0.258910759875101
"2024-12-22 00:00:00","Fondo Errano 2024","T0","ET0",0.294037938228947
"2024-12-22 00:00:00","Fondo Errano 2024","T0","AIR_HUM",78.6382978723404
"2024-12-22 00:00:00","Fondo Errano 2024","T0","WIND_SPEED",3.7425
"2024-12-22 00:00:00","Fondo Errano 2024","T0","WIND_DIRECTION",223.729166666667
"2024-12-22 00:00:00","Fondo Errano 2024","T0","SOLAR_RAD",41.7568389057751
"2024-12-22 00:00:00","Fondo Errano 2024","T0","WIND_GUST_MAX",6.435
"2024-12-22 00:00:00","Fondo Errano 2024","T0","BATTERY_TENS",3368.875
"2024-12-22 00:00:00","Fondo Errano 2024","T0","AIR_TEMP",5.05127659574468
"2024-12-23 00:00:00","Fondo Errano 2024","T0","AIR_TEMP",4.20577777777778
"2024-12-23 00:00:00","Fondo Errano 2024","T0","WIND_DIRECTION",242.622222222222
"2024-12-23 00:00:00","Fondo Errano 2024","T0","SOLAR_RAD",27.9238095238095
"2024-12-23 00:00:00","Fondo Errano 2024","T0","WIND_SPEED",3.92
"2024-12-23 00:00:00","Fondo Errano 2024","T0","WIND_GUST_MAX",6.84
"2024-12-23 00:00:00","Fondo Errano 2024","T0","AIR_HUM",71.4111111111111
"2024-12-23 00:00:00","Fondo Errano 2024","T0","BATTERY_TENS",3366.35555555556
"2024-12-24 00:00:00","Fondo Errano 2024","T0","BATTERY_TENS",3367.82222222222
"2024-12-24 00:00:00","Fondo Errano 2024","T0","AIR_HUM",62.1395833333333
"2024-12-24 00:00:00","Fondo Errano 2024","T0","AIR_TEMP",3.44458333333333
"2024-12-24 00:00:00","Fondo Errano 2024","T0","SOLAR_RAD",44.3452380952381
"2024-12-24 00:00:00","Fondo Errano 2024","T0","ET0",0.262939677266084
"2024-12-24 00:00:00","Fondo Errano 2024","T0","WIND_DIRECTION",209.511111111111
"2024-12-24 00:00:00","Fondo Errano 2024","T0","WIND_SPEED",1.504
"2024-12-24 00:00:00","Fondo Errano 2024","T0","WIND_GUST_MAX",4.592
"2024-12-25 00:00:00","Fondo Errano 2024","T0","AIR_HUM",61.2977272727273
"2024-12-25 00:00:00","Fondo Errano 2024","T0","WIND_DIRECTION",248.204545454545
"2024-12-25 00:00:00","Fondo Errano 2024","T0","WIND_SPEED",2.13545454545455
"2024-12-25 00:00:00","Fondo Errano 2024","T0","AIR_TEMP",5.0975
"2024-12-25 00:00:00","Fondo Errano 2024","T0","BATTERY_TENS",3369.04545454545
"2024-12-25 00:00:00","Fondo Errano 2024","T0","WIND_GUST_MAX",5.61272727272727
"2024-12-25 00:00:00","Fondo Errano 2024","T0","ET0",0.257822721490531
"2024-12-25 00:00:00","Fondo Errano 2024","T0","SOLAR_RAD",42.2727272727273
"2024-12-26 00:00:00","Fondo Errano 2024","T0","WIND_SPEED",3.08
"2024-12-26 00:00:00","Fondo Errano 2024","T0","SOLAR_RAD",37.5519480519481
"2024-12-26 00:00:00","Fondo Errano 2024","T0","WIND_DIRECTION",238.577777777778
"2024-12-26 00:00:00","Fondo Errano 2024","T0","AIR_HUM",63.2295454545455
"2024-12-26 00:00:00","Fondo Errano 2024","T0","AIR_TEMP",3.96204545454546
"2024-12-26 00:00:00","Fondo Errano 2024","T0","BATTERY_TENS",3372.97777777778
"2024-12-26 00:00:00","Fondo Errano 2024","T0","WIND_GUST_MAX",6.032
"2024-12-27 00:00:00","Fondo Errano 2024","T0","WIND_GUST_MAX",6.97021276595745
"2024-12-27 00:00:00","Fondo Errano 2024","T0","WIND_DIRECTION",235.744680851064
"2024-12-27 00:00:00","Fondo Errano 2024","T0","WIND_SPEED",4.35063829787234
"2024-12-27 00:00:00","Fondo Errano 2024","T0","BATTERY_TENS",3384.44680851064
"2024-12-27 00:00:00","Fondo Errano 2024","T0","ET0",0.281002545481913
"2024-12-27 00:00:00","Fondo Errano 2024","T0","AIR_HUM",59.1468085106383
"2024-12-27 00:00:00","Fondo Errano 2024","T0","AIR_TEMP",4.52702127659574
"2024-12-27 00:00:00","Fondo Errano 2024","T0","SOLAR_RAD",44.0364741641338
"2024-12-28 00:00:00","Fondo Errano 2024","T0","WIND_SPEED",3.6
"2024-12-28 00:00:00","Fondo Errano 2024","T0","ET0",0.33030780721931
"2024-12-28 00:00:00","Fondo Errano 2024","T0","SOLAR_RAD",48.5059523809524
"2024-12-28 00:00:00","Fondo Errano 2024","T0","WIND_GUST_MAX",5.99478260869565
"2024-12-28 00:00:00","Fondo Errano 2024","T0","AIR_HUM",59.2875
"2024-12-28 00:00:00","Fondo Errano 2024","T0","AIR_TEMP",6.455625
"2024-12-28 00:00:00","Fondo Errano 2024","T0","BATTERY_TENS",3391.15217391304
"2024-12-28 00:00:00","Fondo Errano 2024","T0","WIND_DIRECTION",177.173913043478
"2024-12-29 00:00:00","Fondo Errano 2024","T0","WIND_DIRECTION",176.260869565217
"2024-12-29 00:00:00","Fondo Errano 2024","T0","SOLAR_RAD",48.9642857142857
"2024-12-29 00:00:00","Fondo Errano 2024","T0","AIR_TEMP",5.91875
"2024-12-29 00:00:00","Fondo Errano 2024","T0","BATTERY_TENS",3387.9347826087
"2024-12-29 00:00:00","Fondo Errano 2024","T0","WIND_GUST_MAX",3.66260869565217
"2024-12-29 00:00:00","Fondo Errano 2024","T0","WIND_SPEED",1.29913043478261
"2024-12-29 00:00:00","Fondo Errano 2024","T0","ET0",0.341716421787351
"2024-12-29 00:00:00","Fondo Errano 2024","T0","AIR_HUM",64.3020833333333
"2024-12-30 00:00:00","Fondo Errano 2024","T0","AIR_HUM",72.0340425531915
"2024-12-30 00:00:00","Fondo Errano 2024","T0","ET0",0.296750349576535
"2024-12-30 00:00:00","Fondo Errano 2024","T0","BATTERY_TENS",3387.73913043478
"2024-12-30 00:00:00","Fondo Errano 2024","T0","WIND_SPEED",1.94869565217391
"2024-12-30 00:00:00","Fondo Errano 2024","T0","AIR_TEMP",5.56702127659574
"2024-12-30 00:00:00","Fondo Errano 2024","T0","WIND_GUST_MAX",4.01478260869565
"2024-12-30 00:00:00","Fondo Errano 2024","T0","WIND_DIRECTION",176.282608695652
"2024-12-30 00:00:00","Fondo Errano 2024","T0","SOLAR_RAD",44.7781155015197
"2024-12-31 00:00:00","Fondo Errano 2024","T0","AIR_TEMP",4.5125
"2024-12-31 00:00:00","Fondo Errano 2024","T0","WIND_DIRECTION",172.717391304348
"2024-12-31 00:00:00","Fondo Errano 2024","T0","BATTERY_TENS",3387.73913043478
"2024-12-31 00:00:00","Fondo Errano 2024","T0","AIR_HUM",75.2977272727273
"2024-12-31 00:00:00","Fondo Errano 2024","T0","SOLAR_RAD",48.5454545454545
"2024-12-31 00:00:00","Fondo Errano 2024","T0","WIND_GUST_MAX",3.83478260869565
"2024-12-31 00:00:00","Fondo Errano 2024","T0","ET0",0.302725292735269
"2024-12-31 00:00:00","Fondo Errano 2024","T0","WIND_SPEED",1.94086956521739
"2025-01-01 00:00:00","Fondo Errano 2024","T0","AIR_HUM",80.3617021276596
"2025-01-01 00:00:00","Fondo Errano 2024","T0","BATTERY_TENS",3391
"2025-01-01 00:00:00","Fondo Errano 2024","T0","ET0",0.291138012511881
"2025-01-01 00:00:00","Fondo Errano 2024","T0","WIND_GUST_MAX",3.34956521739131
"2025-01-01 00:00:00","Fondo Errano 2024","T0","SOLAR_RAD",44.9240121580547
"2025-01-01 00:00:00","Fondo Errano 2024","T0","WIND_SPEED",1.6904347826087
"2025-01-01 00:00:00","Fondo Errano 2024","T0","AIR_TEMP",5.40404255319149
"2025-01-01 00:00:00","Fondo Errano 2024","T0","WIND_DIRECTION",160.086956521739
"2025-01-02 00:00:00","Fondo Errano 2024","T0","ET0",0.340795346843478
"2025-01-02 00:00:00","Fondo Errano 2024","T0","AIR_TEMP",7.59957446808511
"2025-01-02 00:00:00","Fondo Errano 2024","T0","SOLAR_RAD",41.1732522796353
"2025-01-02 00:00:00","Fondo Errano 2024","T0","WIND_SPEED",2.09106382978723
"2025-01-02 00:00:00","Fondo Errano 2024","T0","WIND_DIRECTION",227.723404255319
"2025-01-02 00:00:00","Fondo Errano 2024","T0","BATTERY_TENS",3393.6170212766
"2025-01-02 00:00:00","Fondo Errano 2024","T0","WIND_GUST_MAX",5.62212765957447
"2025-01-02 00:00:00","Fondo Errano 2024","T0","AIR_HUM",75.8170212765958
"2025-01-03 00:00:00","Fondo Errano 2024","T0","BATTERY_TENS",3380.39534883721
"2025-01-03 00:00:00","Fondo Errano 2024","T0","WIND_SPEED",2.74604651162791
"2025-01-03 00:00:00","Fondo Errano 2024","T0","AIR_HUM",80.347619047619
"2025-01-03 00:00:00","Fondo Errano 2024","T0","AIR_TEMP",7.36166666666666
"2025-01-03 00:00:00","Fondo Errano 2024","T0","WIND_GUST_MAX",7.10790697674419
"2025-01-03 00:00:00","Fondo Errano 2024","T0","SOLAR_RAD",11.5578231292517
"2025-01-03 00:00:00","Fondo Errano 2024","T0","WIND_DIRECTION",153.790697674419
"2025-01-04 00:00:00","Fondo Errano 2024","T0","BATTERY_TENS",3366.20512820513
"2025-01-04 00:00:00","Fondo Errano 2024","T0","AIR_TEMP",1.4897619047619
"2025-01-04 00:00:00","Fondo Errano 2024","T0","WIND_DIRECTION",162.564102564103
"2025-01-04 00:00:00","Fondo Errano 2024","T0","ET0",0.139941025631578
"2025-01-04 00:00:00","Fondo Errano 2024","T0","SOLAR_RAD",39.9387755102041
"2025-01-04 00:00:00","Fondo Errano 2024","T0","WIND_GUST_MAX",2.90769230769231
"2025-01-04 00:00:00","Fondo Errano 2024","T0","AIR_HUM",92.8428571428572
"2025-01-04 00:00:00","Fondo Errano 2024","T0","WIND_SPEED",1.32923076923077
"2025-01-05 00:00:00","Fondo Errano 2024","T0","WIND_SPEED",0.0857142857142857
"2025-01-05 00:00:00","Fondo Errano 2024","T0","BATTERY_TENS",3359.95238095238
"2025-01-05 00:00:00","Fondo Errano 2024","T0","SOLAR_RAD",15.9090909090909
"2025-01-05 00:00:00","Fondo Errano 2024","T0","AIR_TEMP",2.9775
"2025-01-05 00:00:00","Fondo Errano 2024","T0","WIND_GUST_MAX",0.574285714285714
"2025-01-05 00:00:00","Fondo Errano 2024","T0","WIND_DIRECTION",261.714285714286
"2025-01-05 00:00:00","Fondo Errano 2024","T0","AIR_HUM",93.7818181818182
"2025-01-06 00:00:00","Fondo Errano 2024","T0","SOLAR_RAD",33.7940199335548
"2025-01-06 00:00:00","Fondo Errano 2024","T0","WIND_SPEED",0.425454545454546
"2025-01-06 00:00:00","Fondo Errano 2024","T0","AIR_TEMP",5.07
"2025-01-06 00:00:00","Fondo Errano 2024","T0","AIR_HUM",93.3093023255814
"2025-01-06 00:00:00","Fondo Errano 2024","T0","ET0",0.120352632748388
"2025-01-06 00:00:00","Fondo Errano 2024","T0","WIND_DIRECTION",178.113636363636
"2025-01-06 00:00:00","Fondo Errano 2024","T0","BATTERY_TENS",3365.81818181818
"2025-01-06 00:00:00","Fondo Errano 2024","T0","WIND_GUST_MAX",1.54636363636364
"2025-01-07 00:00:00","Fondo Errano 2024","T0","BATTERY_TENS",3359.9756097561
"2025-01-07 00:00:00","Fondo Errano 2024","T0","ET0",0.0922539175368515
"2025-01-07 00:00:00","Fondo Errano 2024","T0","WIND_SPEED",0.474146341463415
"2025-01-07 00:00:00","Fondo Errano 2024","T0","AIR_HUM",93.8574468085106
"2025-01-07 00:00:00","Fondo Errano 2024","T0","WIND_GUST_MAX",1.75609756097561
"2025-01-07 00:00:00","Fondo Errano 2024","T0","AIR_TEMP",4.06468085106383
"2025-01-07 00:00:00","Fondo Errano 2024","T0","SOLAR_RAD",21.3738601823708
"2025-01-07 00:00:00","Fondo Errano 2024","T0","WIND_DIRECTION",206.926829268293
"2025-01-08 00:00:00","Fondo Errano 2024","T0","ET0",0.109398722814026
"2025-01-08 00:00:00","Fondo Errano 2024","T0","SOLAR_RAD",28.012987012987
"2025-01-08 00:00:00","Fondo Errano 2024","T0","BATTERY_TENS",3359.23255813953
"2025-01-08 00:00:00","Fondo Errano 2024","T0","WIND_DIRECTION",113.046511627907
"2025-01-08 00:00:00","Fondo Errano 2024","T0","WIND_GUST_MAX",2.70418604651163
"2025-01-08 00:00:00","Fondo Errano 2024","T0","AIR_TEMP",3.16886363636364
"2025-01-08 00:00:00","Fondo Errano 2024","T0","AIR_HUM",94.9977272727273
"2025-01-08 00:00:00","Fondo Errano 2024","T0","WIND_SPEED",1.14697674418605
"2025-01-09 00:00:00","Fondo Errano 2024","T0","AIR_HUM",92.0785714285714
"2025-01-09 00:00:00","Fondo Errano 2024","T0","BATTERY_TENS",3366.87234042553
"2025-01-09 00:00:00","Fondo Errano 2024","T0","WIND_SPEED",2.05276595744681
"2025-01-09 00:00:00","Fondo Errano 2024","T0","AIR_TEMP",7.51738095238095
"2025-01-09 00:00:00","Fondo Errano 2024","T0","SOLAR_RAD",32.7619047619048
"2025-01-09 00:00:00","Fondo Errano 2024","T0","WIND_GUST_MAX",5.30042553191489
"2025-01-09 00:00:00","Fondo Errano 2024","T0","WIND_DIRECTION",127.191489361702
"2025-01-10 00:00:00","Fondo Errano 2024","T0","AIR_TEMP",6.39088888888889
"2025-01-10 00:00:00","Fondo Errano 2024","T0","AIR_HUM",89.1822222222222
"2025-01-10 00:00:00","Fondo Errano 2024","T0","SOLAR_RAD",23.2825396825397
"2025-01-10 00:00:00","Fondo Errano 2024","T0","WIND_GUST_MAX",3.312
"2025-01-10 00:00:00","Fondo Errano 2024","T0","WIND_DIRECTION",195.977777777778
"2025-01-10 00:00:00","Fondo Errano 2024","T0","WIND_SPEED",1.552
"2025-01-10 00:00:00","Fondo Errano 2024","T0","BATTERY_TENS",3360.77777777778
"2025-01-11 00:00:00","Fondo Errano 2024","T0","WIND_DIRECTION",191.36170212766
"2025-01-11 00:00:00","Fondo Errano 2024","T0","SOLAR_RAD",48.6103896103896
"2025-01-11 00:00:00","Fondo Errano 2024","T0","WIND_GUST_MAX",2.42808510638298
"2025-01-11 00:00:00","Fondo Errano 2024","T0","AIR_HUM",82.8431818181818
"2025-01-11 00:00:00","Fondo Errano 2024","T0","WIND_SPEED",0.727659574468085
"2025-01-11 00:00:00","Fondo Errano 2024","T0","AIR_TEMP",5.03159090909091
"2025-01-11 00:00:00","Fondo Errano 2024","T0","BATTERY_TENS",3360.72340425532
"2025-01-12 00:00:00","Fondo Errano 2024","T0","WIND_GUST_MAX",4.71
"2025-01-12 00:00:00","Fondo Errano 2024","T0","BATTERY_TENS",3359.22916666667
"2025-01-12 00:00:00","Fondo Errano 2024","T0","SOLAR_RAD",52.3047619047619
"2025-01-12 00:00:00","Fondo Errano 2024","T0","WIND_DIRECTION",162.916666666667
"2025-01-12 00:00:00","Fondo Errano 2024","T0","AIR_TEMP",1.17622222222222
"2025-01-12 00:00:00","Fondo Errano 2024","T0","AIR_HUM",77.8377777777778
"2025-01-12 00:00:00","Fondo Errano 2024","T0","WIND_SPEED",2.4075
"2025-01-12 00:00:00","Fondo Errano 2024","T0","ET0",0.27725417082547
"2025-01-13 00:00:00","Fondo Errano 2024","T0","WIND_GUST_MAX",8.82
"2025-01-13 00:00:00","Fondo Errano 2024","T0","SOLAR_RAD",40.5217391304348
"2025-01-13 00:00:00","Fondo Errano 2024","T0","AIR_HUM",69.8782608695652
"2025-01-13 00:00:00","Fondo Errano 2024","T0","BATTERY_TENS",3361.39130434783
"2025-01-13 00:00:00","Fondo Errano 2024","T0","WIND_DIRECTION",130.173913043478
"2025-01-13 00:00:00","Fondo Errano 2024","T0","WIND_SPEED",5.28260869565217
"2025-01-13 00:00:00","Fondo Errano 2024","T0","AIR_TEMP",2.78021739130435
"2025-01-13 00:00:00","Fondo Errano 2024","T0","ET0",0.205612881483939
"2025-01-14 00:00:00","Fondo Errano 2024","T0","WIND_GUST_MAX",6.85565217391304
"2025-01-14 00:00:00","Fondo Errano 2024","T0","AIR_TEMP",1.51340909090909
"2025-01-14 00:00:00","Fondo Errano 2024","T0","AIR_HUM",70.7545454545455
"2025-01-14 00:00:00","Fondo Errano 2024","T0","WIND_DIRECTION",255.5
"2025-01-14 00:00:00","Fondo Errano 2024","T0","ET0",0.132491717758512
"2025-01-14 00:00:00","Fondo Errano 2024","T0","SOLAR_RAD",31.9220779220779
"2025-01-14 00:00:00","Fondo Errano 2024","T0","BATTERY_TENS",3355.95652173913
"2025-01-14 00:00:00","Fondo Errano 2024","T0","WIND_SPEED",3.53739130434783
"2025-01-15 00:00:00","Fondo Errano 2024","T0","WIND_DIRECTION",198.428571428571
"2025-01-15 00:00:00","Fondo Errano 2024","T0","AIR_HUM",70.445652173913
"2025-01-15 00:00:00","Fondo Errano 2024","T0","WIND_SPEED",2.26285714285714
"2025-01-15 00:00:00","Fondo Errano 2024","T0","ET0",0.19453938944732
"2025-01-15 00:00:00","Fondo Errano 2024","T0","BATTERY_TENS",3352.57142857143
"2025-01-15 00:00:00","Fondo Errano 2024","T0","SOLAR_RAD",38.7763975155279
"2025-01-15 00:00:00","Fondo Errano 2024","T0","AIR_TEMP",1.53021739130435
"2025-01-15 00:00:00","Fondo Errano 2024","T0","WIND_GUST_MAX",4.32
"2025-01-16 00:00:00","Fondo Errano 2024","T0","SOLAR_RAD",20.7142857142857
"2025-01-16 00:00:00","Fondo Errano 2024","T0","WIND_SPEED",1.57021276595745
"2025-01-16 00:00:00","Fondo Errano 2024","T0","AIR_HUM",79.054347826087
"2025-01-16 00:00:00","Fondo Errano 2024","T0","AIR_TEMP",3.12021739130435
"2025-01-16 00:00:00","Fondo Errano 2024","T0","WIND_DIRECTION",188.042553191489
"2025-01-16 00:00:00","Fondo Errano 2024","T0","ET0",0.0994245953568098
"2025-01-16 00:00:00","Fondo Errano 2024","T0","WIND_GUST_MAX",3.91404255319149
"2025-01-16 00:00:00","Fondo Errano 2024","T0","BATTERY_TENS",3349.85106382979
"2025-01-17 00:00:00","Fondo Errano 2024","T0","ET0",0.304243420566558
"2025-01-17 00:00:00","Fondo Errano 2024","T0","SOLAR_RAD",56.5403726708075
"2025-01-17 00:00:00","Fondo Errano 2024","T0","BATTERY_TENS",3353.31818181818
"2025-01-17 00:00:00","Fondo Errano 2024","T0","WIND_DIRECTION",234.727272727273
"2025-01-17 00:00:00","Fondo Errano 2024","T0","WIND_GUST_MAX",3.87
"2025-01-17 00:00:00","Fondo Errano 2024","T0","AIR_TEMP",3.33891304347826
"2025-01-17 00:00:00","Fondo Errano 2024","T0","AIR_HUM",79.9086956521739
"2025-01-17 00:00:00","Fondo Errano 2024","T0","WIND_SPEED",1.26818181818182
"2025-01-18 00:00:00","Fondo Errano 2024","T0","WIND_GUST_MAX",4.344
"2025-01-18 00:00:00","Fondo Errano 2024","T0","ET0",0.159157474352272
"2025-01-18 00:00:00","Fondo Errano 2024","T0","AIR_TEMP",3.55086956521739
"2025-01-18 00:00:00","Fondo Errano 2024","T0","AIR_HUM",76.1456521739131
"2025-01-18 00:00:00","Fondo Errano 2024","T0","WIND_DIRECTION",241.911111111111
"2025-01-18 00:00:00","Fondo Errano 2024","T0","BATTERY_TENS",3350.55555555556
"2025-01-18 00:00:00","Fondo Errano 2024","T0","SOLAR_RAD",31.2111801242236
"2025-01-18 00:00:00","Fondo Errano 2024","T0","WIND_SPEED",2.2
"2025-01-19 00:00:00","Fondo Errano 2024","T0","WIND_SPEED",0.469565217391304
"2025-01-19 00:00:00","Fondo Errano 2024","T0","ET0",0.0864567634374576
"2025-01-19 00:00:00","Fondo Errano 2024","T0","WIND_GUST_MAX",1.98782608695652
"2025-01-19 00:00:00","Fondo Errano 2024","T0","AIR_TEMP",5.52729166666667
"2025-01-19 00:00:00","Fondo Errano 2024","T0","WIND_DIRECTION",179.347826086957
"2025-01-19 00:00:00","Fondo Errano 2024","T0","SOLAR_RAD",22.6309523809524
"2025-01-19 00:00:00","Fondo Errano 2024","T0","AIR_HUM",85.5458333333333
"2025-01-19 00:00:00","Fondo Errano 2024","T0","BATTERY_TENS",3341.82608695652
"2025-01-20 00:00:00","Fondo Errano 2024","T0","WIND_SPEED",0.0156521739130435
"2025-01-20 00:00:00","Fondo Errano 2024","T0","ET0",0.0931292027285176
"2025-01-20 00:00:00","Fondo Errano 2024","T0","BATTERY_TENS",3322.26086956522
"2025-01-20 00:00:00","Fondo Errano 2024","T0","AIR_TEMP",6.32895833333333
"2025-01-20 00:00:00","Fondo Errano 2024","T0","AIR_HUM",89.0083333333333
"2025-01-20 00:00:00","Fondo Errano 2024","T0","WIND_DIRECTION",167.586956521739
"2025-01-20 00:00:00","Fondo Errano 2024","T0","SOLAR_RAD",25.9702380952381
"2025-01-20 00:00:00","Fondo Errano 2024","T0","WIND_GUST_MAX",0.273913043478261
"2025-01-21 00:00:00","Fondo Errano 2024","T0","WIND_SPEED",0.0753488372093023
"2025-01-21 00:00:00","Fondo Errano 2024","T0","WIND_DIRECTION",168.441860465116
"2025-01-21 00:00:00","Fondo Errano 2024","T0","SOLAR_RAD",31.3664596273292
"2025-01-21 00:00:00","Fondo Errano 2024","T0","AIR_TEMP",6.7654347826087
"2025-01-21 00:00:00","Fondo Errano 2024","T0","BATTERY_TENS",3310.72093023256
"2025-01-21 00:00:00","Fondo Errano 2024","T0","WIND_GUST_MAX",0.326511627906977
"2025-01-21 00:00:00","Fondo Errano 2024","T0","AIR_HUM",91.0586956521739
"2025-01-22 00:00:00","Fondo Errano 2024","T0","ET0",0.0777243274515804
"2025-01-22 00:00:00","Fondo Errano 2024","T0","BATTERY_TENS",3293.02173913044
"2025-01-22 00:00:00","Fondo Errano 2024","T0","WIND_SPEED",0.203478260869565
"2025-01-22 00:00:00","Fondo Errano 2024","T0","AIR_TEMP",5.05604651162791
"2025-01-22 00:00:00","Fondo Errano 2024","T0","SOLAR_RAD",25.3421926910299
"2025-01-22 00:00:00","Fondo Errano 2024","T0","WIND_DIRECTION",155.869565217391
"2025-01-22 00:00:00","Fondo Errano 2024","T0","AIR_HUM",93.4883720930233
"2025-01-22 00:00:00","Fondo Errano 2024","T0","WIND_GUST_MAX",0.72
"2025-01-23 00:00:00","Fondo Errano 2024","T0","WIND_DIRECTION",229.104166666667
"2025-01-23 00:00:00","Fondo Errano 2024","T0","AIR_TEMP",6.61586956521739
"2025-01-23 00:00:00","Fondo Errano 2024","T0","WIND_SPEED",0.2025
"2025-01-23 00:00:00","Fondo Errano 2024","T0","AIR_HUM",93.7586956521739
"2025-01-23 00:00:00","Fondo Errano 2024","T0","SOLAR_RAD",19.6459627329193
"2025-01-23 00:00:00","Fondo Errano 2024","T0","WIND_GUST_MAX",1.065
"2025-01-23 00:00:00","Fondo Errano 2024","T0","ET0",0.0544396051324512
"2025-01-23 00:00:00","Fondo Errano 2024","T0","BATTERY_TENS",3272.27083333333
"2025-01-24 00:00:00","Fondo Errano 2024","T0","AIR_HUM",87.8282608695652
"2025-01-24 00:00:00","Fondo Errano 2024","T0","ET0",0.456197707786383
"2025-01-24 00:00:00","Fondo Errano 2024","T0","WIND_GUST_MAX",1.73872340425532
"2025-01-24 00:00:00","Fondo Errano 2024","T0","AIR_TEMP",8.61826086956522
"2025-01-24 00:00:00","Fondo Errano 2024","T0","SOLAR_RAD",66.1801242236024
"2025-01-24 00:00:00","Fondo Errano 2024","T0","WIND_SPEED",0.398297872340426
"2025-01-24 00:00:00","Fondo Errano 2024","T0","BATTERY_TENS",3315.6170212766
"2025-01-24 00:00:00","Fondo Errano 2024","T0","WIND_DIRECTION",146.255319148936
"2025-01-25 00:00:00","Fondo Errano 2024","T0","WIND_GUST_MAX",0.790434782608696
"2025-01-25 00:00:00","Fondo Errano 2024","T0","BATTERY_TENS",3326.60869565217
"2025-01-25 00:00:00","Fondo Errano 2024","T0","AIR_HUM",93.5441860465116
"2025-01-25 00:00:00","Fondo Errano 2024","T0","SOLAR_RAD",22.6112956810631
"2025-01-25 00:00:00","Fondo Errano 2024","T0","WIND_DIRECTION",124.195652173913
"2025-01-25 00:00:00","Fondo Errano 2024","T0","ET0",0.0622591806406983
"2025-01-25 00:00:00","Fondo Errano 2024","T0","WIND_SPEED",0.0704347826086957
"2025-01-25 00:00:00","Fondo Errano 2024","T0","AIR_TEMP",6.03930232558139
"2025-01-26 00:00:00","Fondo Errano 2024","T0","AIR_TEMP",7.07
"2025-01-26 00:00:00","Fondo Errano 2024","T0","WIND_DIRECTION",178.914893617021
"2025-01-26 00:00:00","Fondo Errano 2024","T0","ET0",0.298993303815009
"2025-01-26 00:00:00","Fondo Errano 2024","T0","WIND_GUST_MAX",3.22468085106383
"2025-01-26 00:00:00","Fondo Errano 2024","T0","BATTERY_TENS",3321.46808510638
"2025-01-26 00:00:00","Fondo Errano 2024","T0","SOLAR_RAD",41.5652173913044
"2025-01-26 00:00:00","Fondo Errano 2024","T0","AIR_HUM",89.6869565217391
"2025-01-26 00:00:00","Fondo Errano 2024","T0","WIND_SPEED",0.850212765957447
"2025-01-27 00:00:00","Fondo Errano 2024","T0","WIND_DIRECTION",186.645833333333
"2025-01-27 00:00:00","Fondo Errano 2024","T0","WIND_SPEED",1.305
"2025-01-27 00:00:00","Fondo Errano 2024","T0","SOLAR_RAD",45.8115501519757
"2025-01-27 00:00:00","Fondo Errano 2024","T0","WIND_GUST_MAX",4.4325
"2025-01-27 00:00:00","Fondo Errano 2024","T0","BATTERY_TENS",3321.8125
"2025-01-27 00:00:00","Fondo Errano 2024","T0","AIR_TEMP",11.3093617021277
"2025-01-27 00:00:00","Fondo Errano 2024","T0","AIR_HUM",77.8531914893617
"2025-01-27 00:00:00","Fondo Errano 2024","T0","ET0",0.416022254667235
"2025-01-28 00:00:00","Fondo Errano 2024","T0","WIND_GUST_MAX",18.2625
"2025-01-28 00:00:00","Fondo Errano 2024","T0","BATTERY_TENS",3321.33333333333
"2025-01-28 00:00:00","Fondo Errano 2024","T0","AIR_HUM",63.5304347826087
"2025-01-28 00:00:00","Fondo Errano 2024","T0","WIND_SPEED",11.07
"2025-01-28 00:00:00","Fondo Errano 2024","T0","AIR_TEMP",14.1223913043478
"2025-01-28 00:00:00","Fondo Errano 2024","T0","SOLAR_RAD",61.2795031055901
"2025-01-28 00:00:00","Fondo Errano 2024","T0","ET0",0.407711348850831
"2025-01-28 00:00:00","Fondo Errano 2024","T0","WIND_DIRECTION",191.4375
"2025-01-29 00:00:00","Fondo Errano 2024","T0","WIND_GUST_MAX",6.315
"2025-01-29 00:00:00","Fondo Errano 2024","T0","WIND_DIRECTION",217.770833333333
"2025-01-29 00:00:00","Fondo Errano 2024","T0","AIR_TEMP",10.9371111111111
"2025-01-29 00:00:00","Fondo Errano 2024","T0","AIR_HUM",65.5044444444445
"2025-01-29 00:00:00","Fondo Errano 2024","T0","SOLAR_RAD",48.3047619047619
"2025-01-29 00:00:00","Fondo Errano 2024","T0","WIND_SPEED",2.5275
"2025-01-29 00:00:00","Fondo Errano 2024","T0","BATTERY_TENS",3319.4375
"2025-01-30 00:00:00","Fondo Errano 2024","T0","AIR_TEMP",7.06895833333333
"2025-01-30 00:00:00","Fondo Errano 2024","T0","WIND_DIRECTION",165.54347826087
"2025-01-30 00:00:00","Fondo Errano 2024","T0","WIND_GUST_MAX",3.45913043478261
"2025-01-30 00:00:00","Fondo Errano 2024","T0","SOLAR_RAD",64.9404761904762
"2025-01-30 00:00:00","Fondo Errano 2024","T0","BATTERY_TENS",3342.17391304348
"2025-01-30 00:00:00","Fondo Errano 2024","T0","WIND_SPEED",1.31478260869565
"2025-01-30 00:00:00","Fondo Errano 2024","T0","AIR_HUM",80.8125
"2025-01-31 00:00:00","Fondo Errano 2024","T0","ET0",0.127605124303161
"2025-01-31 00:00:00","Fondo Errano 2024","T0","WIND_SPEED",0.669767441860465
"2025-01-31 00:00:00","Fondo Errano 2024","T0","AIR_TEMP",6.248
"2025-01-31 00:00:00","Fondo Errano 2024","T0","SOLAR_RAD",24.7365079365079
"2025-01-31 00:00:00","Fondo Errano 2024","T0","WIND_DIRECTION",154.883720930233
"2025-01-31 00:00:00","Fondo Errano 2024","T0","AIR_HUM",90.2466666666667
"2025-01-31 00:00:00","Fondo Errano 2024","T0","BATTERY_TENS",3319
"2025-01-31 00:00:00","Fondo Errano 2024","T0","WIND_GUST_MAX",1.95906976744186
"2025-02-01 00:00:00","Fondo Errano 2024","T0","BIP",332.177383391879
"2025-02-01 00:00:00","Fondo Errano 2024","T0","WIND_SPEED",0.568
"2025-02-01 00:00:00","Fondo Errano 2024","T0","BIG",5.65979551015903
"2025-02-01 00:00:00","Fondo Errano 2024","T0","BATTERY_TENS",3310.28888888889
"2025-02-01 00:00:00","Fondo Errano 2024","T0","AIR_TEMP",8.77317073170731
"2025-02-01 00:00:00","Fondo Errano 2024","T0","SOLAR_RAD",35.9372822299652
"2025-02-01 00:00:00","Fondo Errano 2024","T0","WIND_GUST_MAX",2.12
"2025-02-01 00:00:00","Fondo Errano 2024","T0","ET0",0.140204489840972
"2025-02-01 00:00:00","Fondo Errano 2024","T0","WIND_DIRECTION",229.755555555556
"2025-02-01 00:00:00","Fondo Errano 2024","T0","AIR_HUM",91.1951219512195
"2025-02-02 00:00:00","Fondo Errano 2024","T0","AIR_TEMP",8.27625
"2025-02-02 00:00:00","Fondo Errano 2024","T0","ET0",0.0908313524394928
"2025-02-02 00:00:00","Fondo Errano 2024","T0","BATTERY_TENS",3286.52083333333
"2025-02-02 00:00:00","Fondo Errano 2024","T0","AIR_HUM",86.73125
"2025-02-02 00:00:00","Fondo Errano 2024","T0","WIND_DIRECTION",239.041666666667
"2025-02-02 00:00:00","Fondo Errano 2024","T0","WIND_GUST_MAX",2.0175
"2025-02-02 00:00:00","Fondo Errano 2024","T0","WIND_SPEED",0.6975
"2025-02-02 00:00:00","Fondo Errano 2024","T0","SOLAR_RAD",24.4404761904762
"2025-02-03 00:00:00","Fondo Errano 2024","T0","AIR_TEMP",7.81521739130435
"2025-02-03 00:00:00","Fondo Errano 2024","T0","BATTERY_TENS",3308.85106382979
"2025-02-03 00:00:00","Fondo Errano 2024","T0","WIND_SPEED",2.26723404255319
"2025-02-03 00:00:00","Fondo Errano 2024","T0","SOLAR_RAD",64.3229813664596
"2025-02-03 00:00:00","Fondo Errano 2024","T0","WIND_DIRECTION",248.446808510638
"2025-02-03 00:00:00","Fondo Errano 2024","T0","AIR_HUM",82.754347826087
"2025-02-03 00:00:00","Fondo Errano 2024","T0","ET0",0.407111609709511
"2025-02-03 00:00:00","Fondo Errano 2024","T0","WIND_GUST_MAX",5.02468085106383
"2025-02-04 00:00:00","Fondo Errano 2024","T0","BATTERY_TENS",3315.8125
"2025-02-04 00:00:00","Fondo Errano 2024","T0","AIR_TEMP",4.99531914893617
"2025-02-04 00:00:00","Fondo Errano 2024","T0","ET0",0.481876407684076
"2025-02-04 00:00:00","Fondo Errano 2024","T0","AIR_HUM",79.9914893617021
"2025-02-04 00:00:00","Fondo Errano 2024","T0","WIND_GUST_MAX",6.42
"2025-02-04 00:00:00","Fondo Errano 2024","T0","WIND_DIRECTION",239.770833333333
"2025-02-04 00:00:00","Fondo Errano 2024","T0","WIND_SPEED",3.735
"2025-02-04 00:00:00","Fondo Errano 2024","T0","SOLAR_RAD",79.2765957446808
"2025-02-05 00:00:00","Fondo Errano 2024","T0","ET0",0.549123178564588
"2025-02-05 00:00:00","Fondo Errano 2024","T0","AIR_TEMP",5.04466666666667
"2025-02-05 00:00:00","Fondo Errano 2024","T0","WIND_SPEED",3.51574468085106
"2025-02-05 00:00:00","Fondo Errano 2024","T0","SOLAR_RAD",80.7492063492064
"2025-02-05 00:00:00","Fondo Errano 2024","T0","WIND_DIRECTION",181.914893617021
"2025-02-05 00:00:00","Fondo Errano 2024","T0","BATTERY_TENS",3332
"2025-02-05 00:00:00","Fondo Errano 2024","T0","AIR_HUM",75.3555555555555
"2025-02-05 00:00:00","Fondo Errano 2024","T0","WIND_GUST_MAX",5.57617021276596
"2025-02-06 00:00:00","Fondo Errano 2024","T0","AIR_TEMP",4.74125
"2025-02-06 00:00:00","Fondo Errano 2024","T0","AIR_HUM",77.6104166666667
"2025-02-06 00:00:00","Fondo Errano 2024","T0","ET0",0.52671528036571
"2025-02-06 00:00:00","Fondo Errano 2024","T0","BATTERY_TENS",3341.27659574468
"2025-02-06 00:00:00","Fondo Errano 2024","T0","WIND_DIRECTION",172.510638297872
"2025-02-06 00:00:00","Fondo Errano 2024","T0","WIND_SPEED",3.21702127659575
"2025-02-06 00:00:00","Fondo Errano 2024","T0","SOLAR_RAD",83.0238095238095
"2025-02-06 00:00:00","Fondo Errano 2024","T0","WIND_GUST_MAX",5.15489361702128
"2025-02-07 00:00:00","Fondo Errano 2024","T0","SOLAR_RAD",29.2298136645963
"2025-02-07 00:00:00","Fondo Errano 2024","T0","BATTERY_TENS",3316.72727272727
"2025-02-07 00:00:00","Fondo Errano 2024","T0","WIND_SPEED",0.237272727272727
"2025-02-07 00:00:00","Fondo Errano 2024","T0","ET0",0.143141747827473
"2025-02-07 00:00:00","Fondo Errano 2024","T0","WIND_GUST_MAX",0.940909090909091
"2025-02-07 00:00:00","Fondo Errano 2024","T0","AIR_HUM",86.4130434782609
"2025-02-07 00:00:00","Fondo Errano 2024","T0","AIR_TEMP",4.27282608695652
"2025-02-07 00:00:00","Fondo Errano 2024","T0","WIND_DIRECTION",266.204545454545
"2025-02-08 00:00:00","Fondo Errano 2024","T0","BATTERY_TENS",3310.37777777778
"2025-02-08 00:00:00","Fondo Errano 2024","T0","WIND_GUST_MAX",2.064
"2025-02-08 00:00:00","Fondo Errano 2024","T0","WIND_SPEED",1.064
"2025-02-08 00:00:00","Fondo Errano 2024","T0","WIND_DIRECTION",249.422222222222
"2025-02-08 00:00:00","Fondo Errano 2024","T0","AIR_HUM",86.0113636363636
"2025-02-08 00:00:00","Fondo Errano 2024","T0","SOLAR_RAD",31.6103896103896
"2025-02-08 00:00:00","Fondo Errano 2024","T0","AIR_TEMP",6.37477272727273
"2025-02-09 00:00:00","Fondo Errano 2024","T0","WIND_GUST_MAX",1.50893617021277
"2025-02-09 00:00:00","Fondo Errano 2024","T0","AIR_TEMP",6.59086956521739
"2025-02-09 00:00:00","Fondo Errano 2024","T0","WIND_DIRECTION",215.36170212766
"2025-02-09 00:00:00","Fondo Errano 2024","T0","WIND_SPEED",0.651063829787234
"2025-02-09 00:00:00","Fondo Errano 2024","T0","BATTERY_TENS",3297.04255319149
"2025-02-09 00:00:00","Fondo Errano 2024","T0","AIR_HUM",89.8521739130435
"2025-02-09 00:00:00","Fondo Errano 2024","T0","SOLAR_RAD",34.944099378882
"2025-02-10 00:00:00","Fondo Errano 2024","T0","WIND_SPEED",0.551489361702128
"2025-02-10 00:00:00","Fondo Errano 2024","T0","AIR_HUM",85.9767441860465
"2025-02-10 00:00:00","Fondo Errano 2024","T0","SOLAR_RAD",33.1760797342193
"2025-02-10 00:00:00","Fondo Errano 2024","T0","AIR_TEMP",7.33651162790698
"2025-02-10 00:00:00","Fondo Errano 2024","T0","WIND_GUST_MAX",2.3131914893617
"2025-02-10 00:00:00","Fondo Errano 2024","T0","WIND_DIRECTION",199.404255319149
"2025-02-10 00:00:00","Fondo Errano 2024","T0","BATTERY_TENS",3279.95744680851
"2025-02-10 00:00:00","Fondo Errano 2024","T0","ET0",0.114327177429456
"2025-02-11 00:00:00","Fondo Errano 2024","T0","ET0",0.205104862795093
"2025-02-11 00:00:00","Fondo Errano 2024","T0","BIG",-0.205104862795093
"2025-02-11 00:00:00","Fondo Errano 2024","T0","BIP",339.390499781928
"2025-02-11 00:00:00","Fondo Errano 2024","T0","AIR_TEMP",7.97234042553192
"2025-02-11 00:00:00","Fondo Errano 2024","T0","AIR_HUM",88.7404255319149
"2025-02-11 00:00:00","Fondo Errano 2024","T0","WIND_DIRECTION",106.489361702128
"2025-02-11 00:00:00","Fondo Errano 2024","T0","WIND_GUST_MAX",1.93787234042553
"2025-02-11 00:00:00","Fondo Errano 2024","T0","WIND_SPEED",0.850212765957447
"2025-02-11 00:00:00","Fondo Errano 2024","T0","BATTERY_TENS",3275.48936170213
"2025-02-11 00:00:00","Fondo Errano 2024","T0","SOLAR_RAD",44.0364741641337
"2025-02-12 00:00:00","Fondo Errano 2024","T0","WIND_SPEED",0.09
"2025-02-12 00:00:00","Fondo Errano 2024","T0","AIR_TEMP",9.37977272727273
"2025-02-12 00:00:00","Fondo Errano 2024","T0","AIR_HUM",91.3909090909091
"2025-02-12 00:00:00","Fondo Errano 2024","T0","SOLAR_RAD",40.0714285714286
"2025-02-12 00:00:00","Fondo Errano 2024","T0","WIND_GUST_MAX",0.515454545454546
"2025-02-12 00:00:00","Fondo Errano 2024","T0","BATTERY_TENS",3263.65909090909
"2025-02-12 00:00:00","Fondo Errano 2024","T0","WIND_DIRECTION",136.272727272727
"2025-02-13 00:00:00","Fondo Errano 2024","T0","AIR_TEMP",9.54625
"2025-02-13 00:00:00","Fondo Errano 2024","T0","WIND_DIRECTION",154.782608695652
"2025-02-13 00:00:00","Fondo Errano 2024","T0","BATTERY_TENS",3251.30434782609
"2025-02-13 00:00:00","Fondo Errano 2024","T0","AIR_HUM",91.6645833333333
"2025-02-13 00:00:00","Fondo Errano 2024","T0","WIND_GUST_MAX",0.743478260869565
"2025-02-13 00:00:00","Fondo Errano 2024","T0","WIND_SPEED",0.391304347826087
"2025-02-13 00:00:00","Fondo Errano 2024","T0","SOLAR_RAD",34.7142857142857
"2025-02-14 00:00:00","Fondo Errano 2024","T0","BATTERY_TENS",3221.04347826087
"2025-02-14 00:00:00","Fondo Errano 2024","T0","AIR_TEMP",6.87478260869565
"2025-02-14 00:00:00","Fondo Errano 2024","T0","WIND_GUST_MAX",5.47826086956522
"2025-02-14 00:00:00","Fondo Errano 2024","T0","WIND_SPEED",3.20086956521739
"2025-02-14 00:00:00","Fondo Errano 2024","T0","SOLAR_RAD",15.4968944099379
"2025-02-14 00:00:00","Fondo Errano 2024","T0","AIR_HUM",93.354347826087
"2025-02-14 00:00:00","Fondo Errano 2024","T0","WIND_DIRECTION",201.847826086957
"2025-02-15 00:00:00","Fondo Errano 2024","T0","ET0",0.244887938038314
"2025-02-15 00:00:00","Fondo Errano 2024","T0","AIR_TEMP",4.33755555555556
"2025-02-15 00:00:00","Fondo Errano 2024","T0","AIR_HUM",84.5755555555556
"2025-02-15 00:00:00","Fondo Errano 2024","T0","WIND_SPEED",4.8825
"2025-02-15 00:00:00","Fondo Errano 2024","T0","WIND_GUST_MAX",8.4375
"2025-02-15 00:00:00","Fondo Errano 2024","T0","WIND_DIRECTION",277.729166666667
"2025-02-15 00:00:00","Fondo Errano 2024","T0","SOLAR_RAD",50.463492063492
"2025-02-15 00:00:00","Fondo Errano 2024","T0","BATTERY_TENS",3228.04166666667
"2025-02-16 00:00:00","Fondo Errano 2024","T0","AIR_TEMP",3.81270833333333
"2025-02-16 00:00:00","Fondo Errano 2024","T0","WIND_SPEED",2.208
"2025-02-16 00:00:00","Fondo Errano 2024","T0","AIR_HUM",78.99375
"2025-02-16 00:00:00","Fondo Errano 2024","T0","BATTERY_TENS",3305.4
"2025-02-16 00:00:00","Fondo Errano 2024","T0","WIND_GUST_MAX",4.576
"2025-02-16 00:00:00","Fondo Errano 2024","T0","WIND_DIRECTION",211.755555555556
"2025-02-16 00:00:00","Fondo Errano 2024","T0","ET0",0.543503552013301
"2025-02-16 00:00:00","Fondo Errano 2024","T0","SOLAR_RAD",97.8869047619048
"2025-02-17 00:00:00","Fondo Errano 2024","T0","BIP",384.457021913128
"2025-02-17 00:00:00","Fondo Errano 2024","T0","AIR_HUM",81.3106382978723
"2025-02-17 00:00:00","Fondo Errano 2024","T0","WIND_GUST_MAX",3.32
"2025-02-17 00:00:00","Fondo Errano 2024","T0","WIND_DIRECTION",232.666666666667
"2025-02-17 00:00:00","Fondo Errano 2024","T0","ET0",0.382451307345516
"2025-02-17 00:00:00","Fondo Errano 2024","T0","AIR_TEMP",3.23723404255319
"2025-02-17 00:00:00","Fondo Errano 2024","T0","BATTERY_TENS",3322.37777777778
"2025-02-17 00:00:00","Fondo Errano 2024","T0","SOLAR_RAD",75.5987841945289
"2025-02-17 00:00:00","Fondo Errano 2024","T0","BIG",-0.382451307345516
"2025-02-17 00:00:00","Fondo Errano 2024","T0","WIND_SPEED",1.512
"2025-02-18 00:00:00","Fondo Errano 2024","T0","BATTERY_TENS",3344.21739130435
"2025-02-18 00:00:00","Fondo Errano 2024","T0","SOLAR_RAD",73.1063829787234
"2025-02-18 00:00:00","Fondo Errano 2024","T0","WIND_DIRECTION",127.347826086957
"2025-02-18 00:00:00","Fondo Errano 2024","T0","WIND_GUST_MAX",4.29652173913044
"2025-02-18 00:00:00","Fondo Errano 2024","T0","WIND_SPEED",2.37130434782609
"2025-02-18 00:00:00","Fondo Errano 2024","T0","AIR_HUM",79.3021276595745
"2025-02-18 00:00:00","Fondo Errano 2024","T0","ET0",0.387343810383761
"2025-02-18 00:00:00","Fondo Errano 2024","T0","AIR_TEMP",3.47276595744681
"2025-02-19 00:00:00","Fondo Errano 2024","T0","AIR_HUM",75.1404255319149
"2025-02-19 00:00:00","Fondo Errano 2024","T0","AIR_TEMP",4.37744680851064
"2025-02-19 00:00:00","Fondo Errano 2024","T0","BATTERY_TENS",3333.13043478261
"2025-02-19 00:00:00","Fondo Errano 2024","T0","SOLAR_RAD",30.7173252279635
"2025-02-19 00:00:00","Fondo Errano 2024","T0","ET0",0.0956504315277332
"2025-02-19 00:00:00","Fondo Errano 2024","T0","WIND_SPEED",0.602608695652174
"2025-02-19 00:00:00","Fondo Errano 2024","T0","WIND_DIRECTION",175.152173913043
"2025-02-19 00:00:00","Fondo Errano 2024","T0","WIND_GUST_MAX",2.46521739130435
"2025-02-20 00:00:00","Fondo Errano 2024","T0","WIND_DIRECTION",153
"2025-02-20 00:00:00","Fondo Errano 2024","T0","SOLAR_RAD",111.61094224924
"2025-02-20 00:00:00","Fondo Errano 2024","T0","AIR_TEMP",4.60723404255319
"2025-02-20 00:00:00","Fondo Errano 2024","T0","ET0",0.661919219395572
"2025-02-20 00:00:00","Fondo Errano 2024","T0","AIR_HUM",69.9170212765957
"2025-02-20 00:00:00","Fondo Errano 2024","T0","WIND_SPEED",1.62818181818182
"2025-02-20 00:00:00","Fondo Errano 2024","T0","WIND_GUST_MAX",3.51818181818182
"2025-02-20 00:00:00","Fondo Errano 2024","T0","BATTERY_TENS",3352.18181818182
"2025-02-21 00:00:00","Fondo Errano 2024","T0","ET0",0.761265413939485
"2025-02-21 00:00:00","Fondo Errano 2024","T0","WIND_GUST_MAX",4.71829787234043
"2025-02-21 00:00:00","Fondo Errano 2024","T0","WIND_DIRECTION",175.148936170213
"2025-02-21 00:00:00","Fondo Errano 2024","T0","SOLAR_RAD",106.527950310559
"2025-02-21 00:00:00","Fondo Errano 2024","T0","WIND_SPEED",2.47404255319149
"2025-02-21 00:00:00","Fondo Errano 2024","T0","AIR_TEMP",5.80173913043478
"2025-02-21 00:00:00","Fondo Errano 2024","T0","BATTERY_TENS",3368.31914893617
"2025-02-21 00:00:00","Fondo Errano 2024","T0","AIR_HUM",73.2413043478261
"2025-02-22 00:00:00","Fondo Errano 2024","T0","SOLAR_RAD",51.4472049689441
"2025-02-22 00:00:00","Fondo Errano 2024","T0","BATTERY_TENS",3364.78723404255
"2025-02-22 00:00:00","Fondo Errano 2024","T0","ET0",0.287212928941934
"2025-02-22 00:00:00","Fondo Errano 2024","T0","WIND_DIRECTION",134.851063829787
"2025-02-22 00:00:00","Fondo Errano 2024","T0","AIR_HUM",85.1543478260869
"2025-02-22 00:00:00","Fondo Errano 2024","T0","WIND_GUST_MAX",2.22893617021277
"2025-02-22 00:00:00","Fondo Errano 2024","T0","AIR_TEMP",7.24608695652174
"2025-02-22 00:00:00","Fondo Errano 2024","T0","WIND_SPEED",0.865531914893617
"2025-02-23 00:00:00","Fondo Errano 2024","T0","AIR_TEMP",9.4304255319149
"2025-02-23 00:00:00","Fondo Errano 2024","T0","SOLAR_RAD",68.8693009118541
"2025-02-23 00:00:00","Fondo Errano 2024","T0","BATTERY_TENS",3373.36956521739
"2025-02-23 00:00:00","Fondo Errano 2024","T0","WIND_SPEED",0.798260869565217
"2025-02-23 00:00:00","Fondo Errano 2024","T0","ET0",0.39409062472333
"2025-02-23 00:00:00","Fondo Errano 2024","T0","WIND_GUST_MAX",1.42434782608696
"2025-02-23 00:00:00","Fondo Errano 2024","T0","WIND_DIRECTION",138.913043478261
"2025-02-23 00:00:00","Fondo Errano 2024","T0","AIR_HUM",84.3021276595745
"2025-02-24 00:00:00","Fondo Errano 2024","T0","BATTERY_TENS",3371.78723404255
"2025-02-24 00:00:00","Fondo Errano 2024","T0","WIND_SPEED",0.70468085106383
"2025-02-24 00:00:00","Fondo Errano 2024","T0","ET0",0.331259669110067
"2025-02-24 00:00:00","Fondo Errano 2024","T0","SOLAR_RAD",60.0380952380952
"2025-02-24 00:00:00","Fondo Errano 2024","T0","AIR_TEMP",9.776
"2025-02-24 00:00:00","Fondo Errano 2024","T0","WIND_GUST_MAX",1.83829787234043
"2025-02-24 00:00:00","Fondo Errano 2024","T0","AIR_HUM",88.4822222222222
"2025-02-24 00:00:00","Fondo Errano 2024","T0","WIND_DIRECTION",157.297872340426
"2025-02-25 00:00:00","Fondo Errano 2024","T0","WIND_DIRECTION",122.170212765957
"2025-02-25 00:00:00","Fondo Errano 2024","T0","AIR_HUM",88.1282608695653
"2025-02-25 00:00:00","Fondo Errano 2024","T0","ET0",0.362444907765106
"2025-02-25 00:00:00","Fondo Errano 2024","T0","BATTERY_TENS",3373.25531914894
"2025-02-25 00:00:00","Fondo Errano 2024","T0","SOLAR_RAD",54.9192546583851
"2025-02-25 00:00:00","Fondo Errano 2024","T0","AIR_TEMP",10.5089130434783
"2025-02-25 00:00:00","Fondo Errano 2024","T0","WIND_SPEED",0.965106382978723
"2025-02-25 00:00:00","Fondo Errano 2024","T0","WIND_GUST_MAX",2.35148936170213
"2025-02-26 00:00:00","Fondo Errano 2024","T0","WIND_GUST_MAX",4.904
"2025-02-26 00:00:00","Fondo Errano 2024","T0","WIND_DIRECTION",239.377777777778
"2025-02-26 00:00:00","Fondo Errano 2024","T0","AIR_HUM",89.6195652173913
"2025-02-26 00:00:00","Fondo Errano 2024","T0","SOLAR_RAD",43.6211180124224
"2025-02-26 00:00:00","Fondo Errano 2024","T0","ET0",0.193179847647908
"2025-02-26 00:00:00","Fondo Errano 2024","T0","BATTERY_TENS",3361.68888888889
"2025-02-26 00:00:00","Fondo Errano 2024","T0","WIND_SPEED",2.256
"2025-02-26 00:00:00","Fondo Errano 2024","T0","AIR_TEMP",9.93369565217391
"2025-02-27 00:00:00","Fondo Errano 2024","T0","SOLAR_RAD",74.8095238095238
"2025-02-27 00:00:00","Fondo Errano 2024","T0","AIR_TEMP",9.28625
"2025-02-27 00:00:00","Fondo Errano 2024","T0","ET0",0.515091369714083
"2025-02-27 00:00:00","Fondo Errano 2024","T0","BATTERY_TENS",3361.82978723404
"2025-02-27 00:00:00","Fondo Errano 2024","T0","WIND_DIRECTION",210.723404255319
"2025-02-27 00:00:00","Fondo Errano 2024","T0","AIR_HUM",83.075
"2025-02-27 00:00:00","Fondo Errano 2024","T0","WIND_SPEED",3.12510638297872
"2025-02-27 00:00:00","Fondo Errano 2024","T0","WIND_GUST_MAX",6.59489361702127
"2025-02-28 00:00:00","Fondo Errano 2024","T0","AIR_TEMP",8.03565217391304
"2025-02-28 00:00:00","Fondo Errano 2024","T0","WIND_GUST_MAX",2.7075
"2025-02-28 00:00:00","Fondo Errano 2024","T0","AIR_HUM",85.495652173913
"2025-02-28 00:00:00","Fondo Errano 2024","T0","BATTERY_TENS",3365.4375
"2025-02-28 00:00:00","Fondo Errano 2024","T0","SOLAR_RAD",70.1614906832298
"2025-02-28 00:00:00","Fondo Errano 2024","T0","WIND_DIRECTION",192.0625
"2025-02-28 00:00:00","Fondo Errano 2024","T0","ET0",0.440839915128247
"2025-02-28 00:00:00","Fondo Errano 2024","T0","WIND_SPEED",1.0125
"2025-03-01 00:00:00","Fondo Errano 2024","T0","WIND_GUST_MAX",3.49276595744681
"2025-03-01 00:00:00","Fondo Errano 2024","T0","AIR_HUM",91.2
"2025-03-01 00:00:00","Fondo Errano 2024","T0","ET0",0.0626657764134155
"2025-03-01 00:00:00","Fondo Errano 2024","T0","SOLAR_RAD",19.2380952380952
"2025-03-01 00:00:00","Fondo Errano 2024","T0","WIND_DIRECTION",215.531914893617
"2025-03-01 00:00:00","Fondo Errano 2024","T0","AIR_TEMP",7.8675
"2025-03-01 00:00:00","Fondo Errano 2024","T0","BATTERY_TENS",3350.48936170213
"2025-03-01 00:00:00","Fondo Errano 2024","T0","WIND_SPEED",1.86893617021277
"2025-03-02 00:00:00","Fondo Errano 2024","T0","SOLAR_RAD",100.880952380952
"2025-03-02 00:00:00","Fondo Errano 2024","T0","WIND_DIRECTION",190.979166666667
"2025-03-02 00:00:00","Fondo Errano 2024","T0","AIR_HUM",81.3666666666667
"2025-03-02 00:00:00","Fondo Errano 2024","T0","BATTERY_TENS",3360.0625
"2025-03-02 00:00:00","Fondo Errano 2024","T0","WIND_SPEED",2.7075
"2025-03-02 00:00:00","Fondo Errano 2024","T0","ET0",0.644882349359132
"2025-03-02 00:00:00","Fondo Errano 2024","T0","WIND_GUST_MAX",5.3475
"2025-03-02 00:00:00","Fondo Errano 2024","T0","AIR_TEMP",7.75354166666667
"2025-03-03 00:00:00","Fondo Errano 2024","T0","WIND_DIRECTION",175.787234042553
"2025-03-03 00:00:00","Fondo Errano 2024","T0","ET0",1.02728274911688
"2025-03-03 00:00:00","Fondo Errano 2024","T0","AIR_HUM",70.7617021276596
"2025-03-03 00:00:00","Fondo Errano 2024","T0","WIND_SPEED",4.12085106382979
"2025-03-03 00:00:00","Fondo Errano 2024","T0","SOLAR_RAD",139.963525835866
"2025-03-03 00:00:00","Fondo Errano 2024","T0","AIR_TEMP",6.72425531914893
"2025-03-03 00:00:00","Fondo Errano 2024","T0","BATTERY_TENS",3372.46808510638
"2025-03-03 00:00:00","Fondo Errano 2024","T0","WIND_GUST_MAX",6.97021276595745
"2025-03-04 00:00:00","Fondo Errano 2024","T0","WIND_SPEED",4.78723404255319
"2025-03-04 00:00:00","Fondo Errano 2024","T0","WIND_DIRECTION",214.68085106383
"2025-03-04 00:00:00","Fondo Errano 2024","T0","WIND_GUST_MAX",7.39914893617021
"2025-03-04 00:00:00","Fondo Errano 2024","T0","AIR_HUM",64.5270833333333
"2025-03-04 00:00:00","Fondo Errano 2024","T0","ET0",1.13972310749092
"2025-03-04 00:00:00","Fondo Errano 2024","T0","BATTERY_TENS",3374.21276595745
"2025-03-04 00:00:00","Fondo Errano 2024","T0","SOLAR_RAD",141.238095238095
"2025-03-04 00:00:00","Fondo Errano 2024","T0","AIR_TEMP",8.1325
"2025-03-05 00:00:00","Fondo Errano 2024","T0","AIR_HUM",64.8288888888889
"2025-03-05 00:00:00","Fondo Errano 2024","T0","ET0",1.03705304042213
"2025-03-05 00:00:00","Fondo Errano 2024","T0","WIND_SPEED",4.7475
"2025-03-05 00:00:00","Fondo Errano 2024","T0","AIR_TEMP",8.64622222222223
"2025-03-05 00:00:00","Fondo Errano 2024","T0","SOLAR_RAD",127.542857142857
"2025-03-05 00:00:00","Fondo Errano 2024","T0","WIND_DIRECTION",162
"2025-03-05 00:00:00","Fondo Errano 2024","T0","BATTERY_TENS",3378.58333333333
"2025-03-05 00:00:00","Fondo Errano 2024","T0","WIND_GUST_MAX",7.4625
"2025-03-06 00:00:00","Fondo Errano 2024","T0","AIR_TEMP",9.19729166666667
"2025-03-06 00:00:00","Fondo Errano 2024","T0","AIR_HUM",64.39375
"2025-03-06 00:00:00","Fondo Errano 2024","T0","ET0",1.20119409414888
"2025-03-06 00:00:00","Fondo Errano 2024","T0","BATTERY_TENS",3376.44680851064
"2025-03-06 00:00:00","Fondo Errano 2024","T0","WIND_SPEED",3.50808510638298
"2025-03-06 00:00:00","Fondo Errano 2024","T0","SOLAR_RAD",145.220238095238
"2025-03-06 00:00:00","Fondo Errano 2024","T0","WIND_GUST_MAX",6.34212765957447
"2025-03-06 00:00:00","Fondo Errano 2024","T0","WIND_DIRECTION",140.63829787234
"2025-03-07 00:00:00","Fondo Errano 2024","T0","AIR_HUM",70.1377777777778
"2025-03-07 00:00:00","Fondo Errano 2024","T0","AIR_TEMP",8.28666666666667
"2025-03-07 00:00:00","Fondo Errano 2024","T0","BATTERY_TENS",3379
"2025-03-07 00:00:00","Fondo Errano 2024","T0","WIND_GUST_MAX",6.29217391304348
"2025-03-07 00:00:00","Fondo Errano 2024","T0","WIND_SPEED",3.79565217391304
"2025-03-07 00:00:00","Fondo Errano 2024","T0","ET0",1.06004328181576
"2025-03-07 00:00:00","Fondo Errano 2024","T0","SOLAR_RAD",136.55873015873
"2025-03-07 00:00:00","Fondo Errano 2024","T0","WIND_DIRECTION",128.826086956522
"2025-03-08 00:00:00","Fondo Errano 2024","T0","WIND_DIRECTION",177.863636363636
"2025-03-08 00:00:00","Fondo Errano 2024","T0","AIR_TEMP",9.82
"2025-03-08 00:00:00","Fondo Errano 2024","T0","AIR_HUM",65.695652173913
"2025-03-08 00:00:00","Fondo Errano 2024","T0","SOLAR_RAD",148.664596273292
"2025-03-08 00:00:00","Fondo Errano 2024","T0","BATTERY_TENS",3382.22727272727
"2025-03-08 00:00:00","Fondo Errano 2024","T0","ET0",1.25036312036918
"2025-03-08 00:00:00","Fondo Errano 2024","T0","WIND_GUST_MAX",6.69272727272727
"2025-03-08 00:00:00","Fondo Errano 2024","T0","WIND_SPEED",3.72272727272727
"2025-03-09 00:00:00","Fondo Errano 2024","T0","WIND_DIRECTION",136.666666666667
"2025-03-09 00:00:00","Fondo Errano 2024","T0","BATTERY_TENS",3377.91666666667
"2025-03-09 00:00:00","Fondo Errano 2024","T0","WIND_SPEED",2.7825
"2025-03-09 00:00:00","Fondo Errano 2024","T0","AIR_HUM",70.9
"2025-03-09 00:00:00","Fondo Errano 2024","T0","WIND_GUST_MAX",4.86
"2025-03-09 00:00:00","Fondo Errano 2024","T0","SOLAR_RAD",81.5238095238095
"2025-03-09 00:00:00","Fondo Errano 2024","T0","ET0",0.621375060877356
"2025-03-09 00:00:00","Fondo Errano 2024","T0","AIR_TEMP",10.9527083333333
"2025-03-10 00:00:00","Fondo Errano 2024","T0","WIND_GUST_MAX",4.576
"2025-03-10 00:00:00","Fondo Errano 2024","T0","BATTERY_TENS",3384.17777777778
"2025-03-10 00:00:00","Fondo Errano 2024","T0","AIR_HUM",74.8893617021277
"2025-03-10 00:00:00","Fondo Errano 2024","T0","ET0",0.850702466199271
"2025-03-10 00:00:00","Fondo Errano 2024","T0","SOLAR_RAD",106.224924012158
"2025-03-10 00:00:00","Fondo Errano 2024","T0","WIND_SPEED",2
"2025-03-10 00:00:00","Fondo Errano 2024","T0","AIR_TEMP",13.4406382978723
"2025-03-10 00:00:00","Fondo Errano 2024","T0","WIND_DIRECTION",203.866666666667
"2025-03-11 00:00:00","Fondo Errano 2024","T0","SOLAR_RAD",148.994047619048
"2025-03-11 00:00:00","Fondo Errano 2024","T0","ET0",1.27563225443587
"2025-03-11 00:00:00","Fondo Errano 2024","T0","AIR_TEMP",13.0060416666667
"2025-03-11 00:00:00","Fondo Errano 2024","T0","AIR_HUM",76.5104166666667
"2025-03-11 00:00:00","Fondo Errano 2024","T0","WIND_SPEED",1.67478260869565
"2025-03-11 00:00:00","Fondo Errano 2024","T0","BATTERY_TENS",3383.0652173913
"2025-03-11 00:00:00","Fondo Errano 2024","T0","WIND_DIRECTION",195.521739130435
"2025-03-11 00:00:00","Fondo Errano 2024","T0","WIND_GUST_MAX",4.17130434782609
"2025-03-12 00:00:00","Fondo Errano 2024","T0","ET0",0.332711991957948
"2025-03-12 00:00:00","Fondo Errano 2024","T0","WIND_DIRECTION",155.208333333333
"2025-03-12 00:00:00","Fondo Errano 2024","T0","SOLAR_RAD",54.2619047619048
"2025-03-12 00:00:00","Fondo Errano 2024","T0","WIND_SPEED",1.1925
"2025-03-12 00:00:00","Fondo Errano 2024","T0","BATTERY_TENS",3377.625
"2025-03-12 00:00:00","Fondo Errano 2024","T0","AIR_HUM",86.4625
"2025-03-12 00:00:00","Fondo Errano 2024","T0","AIR_TEMP",11.5929166666667
"2025-03-12 00:00:00","Fondo Errano 2024","T0","WIND_GUST_MAX",3.465
"2025-03-13 00:00:00","Fondo Errano 2024","T0","BATTERY_TENS",3384.72916666667
"2025-03-13 00:00:00","Fondo Errano 2024","T0","WIND_GUST_MAX",6.51
"2025-03-13 00:00:00","Fondo Errano 2024","T0","SOLAR_RAD",90.3154761904762
"2025-03-13 00:00:00","Fondo Errano 2024","T0","WIND_SPEED",3.045
"2025-03-13 00:00:00","Fondo Errano 2024","T0","AIR_TEMP",12.4420833333333
"2025-03-13 00:00:00","Fondo Errano 2024","T0","ET0",0.661019810753089
"2025-03-13 00:00:00","Fondo Errano 2024","T0","WIND_DIRECTION",211.604166666667
"2025-03-13 00:00:00","Fondo Errano 2024","T0","AIR_HUM",73.9208333333333
"2025-03-14 00:00:00","Fondo Errano 2024","T0","WIND_GUST_MAX",2.8725
"2025-03-14 00:00:00","Fondo Errano 2024","T0","ET0",0.0836877432940595
"2025-03-14 00:00:00","Fondo Errano 2024","T0","WIND_SPEED",0.87
"2025-03-14 00:00:00","Fondo Errano 2024","T0","AIR_HUM",91.2041666666667
"2025-03-14 00:00:00","Fondo Errano 2024","T0","WIND_DIRECTION",166.625
"2025-03-14 00:00:00","Fondo Errano 2024","T0","SOLAR_RAD",21.7440476190476
"2025-03-14 00:00:00","Fondo Errano 2024","T0","BATTERY_TENS",3370.04166666667
"2025-03-14 00:00:00","Fondo Errano 2024","T0","AIR_TEMP",10.8777083333333
"2025-03-15 00:00:00","Fondo Errano 2024","T0","ET0",0.736862832598013
"2025-03-15 00:00:00","Fondo Errano 2024","T0","AIR_TEMP",12.6527083333333
"2025-03-15 00:00:00","Fondo Errano 2024","T0","WIND_DIRECTION",160.916666666667
"2025-03-15 00:00:00","Fondo Errano 2024","T0","AIR_HUM",87.6
"2025-03-15 00:00:00","Fondo Errano 2024","T0","BATTERY_TENS",3378.79166666667
"2025-03-15 00:00:00","Fondo Errano 2024","T0","WIND_SPEED",1.1025
"2025-03-15 00:00:00","Fondo Errano 2024","T0","WIND_GUST_MAX",3.36
"2025-03-15 00:00:00","Fondo Errano 2024","T0","SOLAR_RAD",93.5833333333334
"2025-03-16 00:00:00","Fondo Errano 2024","T0","AIR_HUM",54.7895833333333
"2025-03-16 00:00:00","Fondo Errano 2024","T0","WIND_GUST_MAX",12.96
"2025-03-16 00:00:00","Fondo Errano 2024","T0","WIND_DIRECTION",220.666666666667
"2025-03-16 00:00:00","Fondo Errano 2024","T0","ET0",1.15023443159578
"2025-03-16 00:00:00","Fondo Errano 2024","T0","SOLAR_RAD",169.976190476191
"2025-03-16 00:00:00","Fondo Errano 2024","T0","BATTERY_TENS",3375.9375
"2025-03-16 00:00:00","Fondo Errano 2024","T0","WIND_SPEED",8.3925
"2025-03-16 00:00:00","Fondo Errano 2024","T0","AIR_TEMP",12.2391666666667
"2025-03-17 00:00:00","Fondo Errano 2024","T0","AIR_TEMP",11.3533333333333
"2025-03-17 00:00:00","Fondo Errano 2024","T0","WIND_GUST_MAX",9.27
"2025-03-17 00:00:00","Fondo Errano 2024","T0","ET0",1.38043021490754
"2025-03-17 00:00:00","Fondo Errano 2024","T0","WIND_SPEED",5.5125
"2025-03-17 00:00:00","Fondo Errano 2024","T0","SOLAR_RAD",166.386904761905
"2025-03-17 00:00:00","Fondo Errano 2024","T0","AIR_HUM",59.0625
"2025-03-17 00:00:00","Fondo Errano 2024","T0","WIND_DIRECTION",151.9375
"2025-03-17 00:00:00","Fondo Errano 2024","T0","BATTERY_TENS",3372.52083333333
"2025-03-18 00:00:00","Fondo Errano 2024","T0","SOLAR_RAD",191.812807881773
"2025-03-18 00:00:00","Fondo Errano 2024","T0","BATTERY_TENS",3367.8275862069
"2025-03-18 00:00:00","Fondo Errano 2024","T0","WIND_GUST_MAX",14.2758620689655
"2025-03-18 00:00:00","Fondo Errano 2024","T0","ET0",0.946426862714706
"2025-03-18 00:00:00","Fondo Errano 2024","T0","AIR_TEMP",7.28137931034483
"2025-03-18 00:00:00","Fondo Errano 2024","T0","WIND_SPEED",8.52827586206896
"2025-03-18 00:00:00","Fondo Errano 2024","T0","WIND_DIRECTION",73.2758620689655
"2025-03-18 00:00:00","Fondo Errano 2024","T0","AIR_HUM",59.9
"2025-03-19 00:00:00","Fondo Errano 2025","T0","WIND_GUST_MAX",6.465
"2025-03-19 00:00:00","Fondo Errano 2025","T0","AIR_TEMP",5.76787234042553
"2025-03-19 00:00:00","Fondo Errano 2024","T0","ET0",1.31174187210183
"2025-03-19 00:00:00","Fondo Errano 2025","T0","AIR_HUM",62.5191489361702
"2025-03-19 00:00:00","Fondo Errano 2025","T0","SOLAR_RAD",184.571428571429
"2025-03-20 00:00:00","Fondo Errano 2025","T0","SOLAR_RAD",178.160714285714
"2025-03-20 00:00:00","Fondo Errano 2025","T0","WIND_GUST_MAX",6.495
"2025-03-20 00:00:00","Fondo Errano 2025","T0","AIR_HUM",65.3229166666667
"2025-03-20 00:00:00","Fondo Errano 2024","T0","ET0",1.45970621392766
"2025-03-20 00:00:00","Fondo Errano 2025","T0","AIR_TEMP",7.83458333333333
"2025-03-21 00:00:00","Fondo Errano 2025","T0","WIND_GUST_MAX",2.34
"2025-03-21 00:00:00","Fondo Errano 2025","T0","SOLAR_RAD",73.6428571428571
"2025-03-21 00:00:00","Fondo Errano 2025","T0","AIR_TEMP",9.82395833333333
"2025-03-21 00:00:00","Fondo Errano 2024","T0","ET0",0.542038530495562
"2025-03-21 00:00:00","Fondo Errano 2025","T0","AIR_HUM",76.7708333333333
"2025-03-22 00:00:00","Fondo Errano 2025","T0","AIR_HUM",84.8770833333333
"2025-03-22 00:00:00","Fondo Errano 2025","T0","WIND_GUST_MAX",2.565
"2025-03-22 00:00:00","Fondo Errano 2025","T0","AIR_TEMP",11.2485416666667
"2025-03-22 00:00:00","Fondo Errano 2024","T0","ET0",0.497734076302996
"2025-03-22 00:00:00","Fondo Errano 2025","T0","SOLAR_RAD",73.5773809523809
"2025-03-23 00:00:00","Fondo Errano 2025","T0","AIR_HUM",76.48125
"2025-03-23 00:00:00","Fondo Errano 2025","T0","WIND_GUST_MAX",6.5775
"2025-03-23 00:00:00","Fondo Errano 2025","T0","SOLAR_RAD",90
"2025-03-23 00:00:00","Fondo Errano 2024","T0","ET0",0.766328277712557
"2025-03-23 00:00:00","Fondo Errano 2025","T0","AIR_TEMP",13.580625
"2025-03-24 00:00:00","Fondo Errano 2024","T0","ET0",1.39976120670961
"2025-03-24 00:00:00","Fondo Errano 2025","T0","WIND_GUST_MAX",5.115
"2025-03-24 00:00:00","Fondo Errano 2025","T0","AIR_TEMP",12.9214583333333
"2025-03-24 00:00:00","Fondo Errano 2025","T0","SOLAR_RAD",151.827380952381
"2025-03-24 00:00:00","Fondo Errano 2025","T0","AIR_HUM",75.0125
"2025-03-25 00:00:00","Fondo Errano 2025","T0","WIND_GUST_MAX",4.545
"2025-03-25 00:00:00","Fondo Errano 2025","T0","AIR_HUM",80.2604166666667
"2025-03-25 00:00:00","Fondo Errano 2025","T0","SOLAR_RAD",132.511904761905
"2025-03-25 00:00:00","Fondo Errano 2025","T0","AIR_TEMP",11.824375
"2025-03-25 00:00:00","Fondo Errano 2024","T0","ET0",0.989223438863435
"2025-03-26 00:00:00","Fondo Errano 2024","T0","ET0",1.21487011565588
"2025-03-26 00:00:00","Fondo Errano 2025","T0","AIR_HUM",78.6
"2025-03-26 00:00:00","Fondo Errano 2025","T0","SOLAR_RAD",150.619047619048
"2025-03-26 00:00:00","Fondo Errano 2025","T0","AIR_TEMP",12.4716666666667
"2025-03-26 00:00:00","Fondo Errano 2025","T0","WIND_GUST_MAX",5.8125
"2025-03-27 00:00:00","Fondo Errano 2024","T0","ET0",0.106213309437991
"2025-03-27 00:00:00","Fondo Errano 2025","T0","SOLAR_RAD",25.3452380952381
"2025-03-27 00:00:00","Fondo Errano 2025","T0","WIND_GUST_MAX",7.6575
"2025-03-27 00:00:00","Fondo Errano 2025","T0","AIR_HUM",80.1041666666667
"2025-03-27 00:00:00","Fondo Errano 2025","T0","AIR_TEMP",11.3222916666667
"2025-03-28 00:00:00","Fondo Errano 2025","T0","AIR_HUM",82.4541666666667
"2025-03-28 00:00:00","Fondo Errano 2025","T0","SOLAR_RAD",35.6607142857143
"2025-03-28 00:00:00","Fondo Errano 2025","T0","AIR_TEMP",11.2904166666667
"2025-03-28 00:00:00","Fondo Errano 2024","T0","ET0",0.178421825341743
"2025-03-28 00:00:00","Fondo Errano 2025","T0","WIND_GUST_MAX",5.4375
"2025-03-29 00:00:00","Fondo Errano 2024","T0","ET0",0.264360352826125
"2025-03-29 00:00:00","Fondo Errano 2025","T0","SOLAR_RAD",52.8095238095238
"2025-03-29 00:00:00","Fondo Errano 2025","T0","WIND_GUST_MAX",9.855
"2025-03-29 00:00:00","Fondo Errano 2025","T0","AIR_HUM",81.6395833333333
"2025-03-29 00:00:00","Fondo Errano 2025","T0","AIR_TEMP",11.7691666666667
"2025-03-30 00:00:00","Fondo Errano 2024","T0","ET0",1.63767058888724
"2025-03-30 00:00:00","Fondo Errano 2025","T0","SOLAR_RAD",200.304347826087
"2025-03-30 00:00:00","Fondo Errano 2025","T0","AIR_TEMP",14.1089130434783
"2025-03-30 00:00:00","Fondo Errano 2025","T0","WIND_GUST_MAX",7.88086956521739
"2025-03-30 00:00:00","Fondo Errano 2025","T0","AIR_HUM",69.7695652173913
"2025-03-31 00:00:00","Fondo Errano 2024","T0","ET0",1.63784515166014
"2025-03-31 00:00:00","Fondo Errano 2025","T0","SOLAR_RAD",199.964285714286
"2025-03-31 00:00:00","Fondo Errano 2025","T0","AIR_HUM",63.9416666666667
"2025-03-31 00:00:00","Fondo Errano 2025","T0","WIND_GUST_MAX",7.83
"2025-03-31 00:00:00","Fondo Errano 2025","T0","AIR_TEMP",12.9972916666667
"2025-04-01 00:00:00","Fondo Errano 2025","T0","AIR_HUM",71.9854166666667
"2025-04-01 00:00:00","Fondo Errano 2025","T0","SOLAR_RAD",51.6547619047619
"2025-04-01 00:00:00","Fondo Errano 2025","T0","AIR_TEMP",9.85583333333334
"2025-04-01 00:00:00","Fondo Errano 2025","T0","WIND_GUST_MAX",5.85
"2025-04-02 00:00:00","Fondo Errano 2025","T0","WIND_GUST_MAX",5.88
"2025-04-02 00:00:00","Fondo Errano 2025","T0","SOLAR_RAD",125.636904761905
"2025-04-02 00:00:00","Fondo Errano 2025","T0","AIR_HUM",72.76875
"2025-04-02 00:00:00","Fondo Errano 2025","T0","AIR_TEMP",12.1616666666667
"2025-04-03 00:00:00","Fondo Errano 2025","T0","AIR_TEMP",13.1445833333333
"2025-04-03 00:00:00","Fondo Errano 2025","T0","AIR_HUM",66.93125
"2025-04-03 00:00:00","Fondo Errano 2025","T0","WIND_GUST_MAX",6.5025
"2025-04-03 00:00:00","Fondo Errano 2025","T0","SOLAR_RAD",209.178571428571
"2025-04-04 00:00:00","Fondo Errano 2025","T0","AIR_TEMP",14.0285416666667
"2025-04-04 00:00:00","Fondo Errano 2025","T0","SOLAR_RAD",211.083333333333
"2025-04-04 00:00:00","Fondo Errano 2025","T0","AIR_HUM",58.275
"2025-04-04 00:00:00","Fondo Errano 2025","T0","WIND_GUST_MAX",7.33499999999999
"2025-04-05 00:00:00","Fondo Errano 2025","T0","WIND_GUST_MAX",7.2075
"2025-04-05 00:00:00","Fondo Errano 2025","T0","AIR_TEMP",16.1402083333333
"2025-04-05 00:00:00","Fondo Errano 2025","T0","SOLAR_RAD",216.440476190476
"2025-04-05 00:00:00","Fondo Errano 2025","T0","AIR_HUM",50.8520833333333
"2025-04-06 00:00:00","Fondo Errano 2025","T0","AIR_TEMP",12.474375
"2025-04-06 00:00:00","Fondo Errano 2025","T0","SOLAR_RAD",106.071428571429
"2025-04-06 00:00:00","Fondo Errano 2025","T0","AIR_HUM",55.1270833333334
"2025-04-06 00:00:00","Fondo Errano 2025","T0","WIND_GUST_MAX",11.565
"2025-04-07 00:00:00","Fondo Errano 2025","T0","AIR_HUM",64.1458333333333
"2025-04-07 00:00:00","Fondo Errano 2025","T0","SOLAR_RAD",207.982142857143
"2025-04-07 00:00:00","Fondo Errano 2025","T0","AIR_TEMP",7.18666666666667
"2025-04-07 00:00:00","Fondo Errano 2025","T0","WIND_GUST_MAX",7.1775
"2025-04-08 00:00:00","Fondo Errano 2025","T0","WIND_GUST_MAX",6.9
"2025-04-08 00:00:00","Fondo Errano 2025","T0","SOLAR_RAD",223.559523809524
"2025-04-08 00:00:00","Fondo Errano 2025","T0","AIR_HUM",64.4520833333333
"2025-04-08 00:00:00","Fondo Errano 2025","T0","AIR_TEMP",8.53291666666667
"2025-04-09 00:00:00","Fondo Errano 2025","T0","AIR_HUM",64.4083333333333
"2025-04-09 00:00:00","Fondo Errano 2025","T0","SOLAR_RAD",171.059523809524
"2025-04-09 00:00:00","Fondo Errano 2025","T0","AIR_TEMP",10.9489583333333
"2025-04-09 00:00:00","Fondo Errano 2025","T0","WIND_GUST_MAX",6.4425
"2025-04-10 00:00:00","Fondo Errano 2025","T0","SOLAR_RAD",217.011904761905
"2025-04-10 00:00:00","Fondo Errano 2025","T0","AIR_HUM",66.5541666666667
"2025-04-10 00:00:00","Fondo Errano 2025","T0","WIND_GUST_MAX",4.8825
"2025-04-10 00:00:00","Fondo Errano 2025","T0","AIR_TEMP",13.72125
"2025-04-11 00:00:00","Fondo Errano 2025","T0","AIR_TEMP",16.7783333333333
"2025-04-11 00:00:00","Fondo Errano 2025","T0","SOLAR_RAD",228.958333333333
"2025-04-11 00:00:00","Fondo Errano 2025","T0","AIR_HUM",57.475
"2025-04-11 00:00:00","Fondo Errano 2025","T0","WIND_GUST_MAX",9.7575
"2025-04-12 00:00:00","Fondo Errano 2025","T0","SOLAR_RAD",193.505952380952
"2025-04-12 00:00:00","Fondo Errano 2025","T0","AIR_HUM",54.6791666666667
"2025-04-12 00:00:00","Fondo Errano 2025","T0","WIND_GUST_MAX",7.0425
"2025-04-12 00:00:00","Fondo Errano 2025","T0","AIR_TEMP",17.3525
"2025-04-13 00:00:00","Fondo Errano 2025","T0","AIR_TEMP",12.996875
"2025-04-13 00:00:00","Fondo Errano 2025","T0","SOLAR_RAD",51.5714285714285
"2025-04-13 00:00:00","Fondo Errano 2025","T0","WIND_GUST_MAX",4.2675
"2025-04-13 00:00:00","Fondo Errano 2025","T0","AIR_HUM",78.2041666666667
"2025-04-14 00:00:00","Fondo Errano 2025","T0","AIR_HUM",91.3791666666667
"2025-04-14 00:00:00","Fondo Errano 2025","T0","WIND_GUST_MAX",1.665
"2025-04-14 00:00:00","Fondo Errano 2025","T0","SOLAR_RAD",37.5714285714286
"2025-04-14 00:00:00","Fondo Errano 2025","T0","AIR_TEMP",12.8735416666667
"2025-04-15 00:00:00","Fondo Errano 2025","T0","WIND_GUST_MAX",4.1475
"2025-04-15 00:00:00","Fondo Errano 2025","T0","SOLAR_RAD",150.214285714286
"2025-04-15 00:00:00","Fondo Errano 2025","T0","AIR_HUM",82.3520833333333
"2025-04-15 00:00:00","Fondo Errano 2025","T0","AIR_TEMP",16.0877083333333
"2025-04-16 00:00:00","Fondo Errano 2025","T0","SOLAR_RAD",149.315476190476
"2025-04-16 00:00:00","Fondo Errano 2025","T0","AIR_TEMP",15.7566666666667
"2025-04-16 00:00:00","Fondo Errano 2025","T0","WIND_GUST_MAX",6.96
"2025-04-16 00:00:00","Fondo Errano 2025","T0","AIR_HUM",82.0479166666667
"2025-04-17 00:00:00","Fondo Errano 2025","T0","WIND_GUST_MAX",10.26
"2025-04-17 00:00:00","Fondo Errano 2025","T0","AIR_HUM",72.64375
"2025-04-17 00:00:00","Fondo Errano 2025","T0","AIR_TEMP",16.0370833333333
"2025-04-17 00:00:00","Fondo Errano 2025","T0","SOLAR_RAD",118.726190476191
"2025-04-18 00:00:00","Fondo Errano 2025","T0","AIR_TEMP",13.5527083333333
"2025-04-18 00:00:00","Fondo Errano 2025","T0","WIND_GUST_MAX",8.415
"2025-04-18 00:00:00","Fondo Errano 2025","T0","AIR_HUM",69.6041666666667
"2025-04-18 00:00:00","Fondo Errano 2025","T0","SOLAR_RAD",102.60119047619
"2025-04-19 00:00:00","Fondo Errano 2025","T0","AIR_TEMP",15.6897916666667
"2025-04-19 00:00:00","Fondo Errano 2025","T0","SOLAR_RAD",220.869047619048
"2025-04-19 00:00:00","Fondo Errano 2025","T0","WIND_GUST_MAX",6.2625
"2025-04-19 00:00:00","Fondo Errano 2025","T0","AIR_HUM",61.0770833333333
"2025-04-20 00:00:00","Fondo Errano 2025","T0","AIR_HUM",68.9479166666667
"2025-04-20 00:00:00","Fondo Errano 2025","T0","AIR_TEMP",15.8779166666667
"2025-04-20 00:00:00","Fondo Errano 2025","T0","SOLAR_RAD",132.619047619048
"2025-04-20 00:00:00","Fondo Errano 2025","T0","WIND_GUST_MAX",5.28
"2025-04-21 00:00:00","Fondo Errano 2025","T0","AIR_TEMP",16.6785416666667
"2025-04-21 00:00:00","Fondo Errano 2025","T0","SOLAR_RAD",182.25
"2025-04-21 00:00:00","Fondo Errano 2025","T0","WIND_GUST_MAX",4.0275
"2025-04-21 00:00:00","Fondo Errano 2025","T0","AIR_HUM",72.6854166666666
"2025-04-22 00:00:00","Fondo Errano 2025","T0","AIR_HUM",73.71875
"2025-04-22 00:00:00","Fondo Errano 2025","T0","WIND_GUST_MAX",5.6475
"2025-04-22 00:00:00","Fondo Errano 2025","T0","SOLAR_RAD",200.35119047619
"2025-04-22 00:00:00","Fondo Errano 2025","T0","AIR_TEMP",17.194375
"2025-04-23 00:00:00","Fondo Errano 2025","T0","SOLAR_RAD",164.755952380952
"2025-04-23 00:00:00","Fondo Errano 2025","T0","AIR_HUM",72.8791666666667
"2025-04-23 00:00:00","Fondo Errano 2025","T0","WIND_GUST_MAX",6.405
"2025-04-23 00:00:00","Fondo Errano 2025","T0","AIR_TEMP",18.13125
"2025-04-24 00:00:00","Fondo Errano 2025","T0","WIND_GUST_MAX",8.475
"2025-04-24 00:00:00","Fondo Errano 2025","T0","AIR_TEMP",18.2208333333333
"2025-04-24 00:00:00","Fondo Errano 2025","T0","ET0",1.51568854011282
"2025-04-24 00:00:00","Fondo Errano 2025","T0","SOLAR_RAD",205.369047619048
"2025-04-24 00:00:00","Fondo Errano 2025","T0","AIR_HUM",60.10625
"2025-04-25 00:00:00","Fondo Errano 2025","T0","AIR_HUM",72.9145833333333
"2025-04-25 00:00:00","Fondo Errano 2025","T0","AIR_TEMP",15.4864583333333
"2025-04-25 00:00:00","Fondo Errano 2025","T0","SOLAR_RAD",156.880952380952
"2025-04-25 00:00:00","Fondo Errano 2025","T0","ET0",1.73400091638267
"2025-04-25 00:00:00","Fondo Errano 2025","T0","WIND_GUST_MAX",7.935
"2025-04-26 00:00:00","Fondo Errano 2025","T0","SOLAR_RAD",108.309523809524
"2025-04-26 00:00:00","Fondo Errano 2025","T0","ET0",1.24874408270093
"2025-04-26 00:00:00","Fondo Errano 2025","T0","AIR_TEMP",15.029375
"2025-04-26 00:00:00","Fondo Errano 2025","T0","AIR_HUM",71.8416666666667
"2025-04-26 00:00:00","Fondo Errano 2025","T0","WIND_GUST_MAX",3.2925
"2025-04-27 00:00:00","Fondo Errano 2025","T0","SOLAR_RAD",158.571428571429
"2025-04-27 00:00:00","Fondo Errano 2025","T0","ET0",0.901296422720909
"2025-04-27 00:00:00","Fondo Errano 2025","T0","AIR_HUM",73.175
"2025-04-27 00:00:00","Fondo Errano 2025","T0","WIND_GUST_MAX",5.04
"2025-04-27 00:00:00","Fondo Errano 2025","T0","AIR_TEMP",16.244375
"2025-04-28 00:00:00","Fondo Errano 2025","T0","AIR_TEMP",16.883125
"2025-04-28 00:00:00","Fondo Errano 2025","T0","ET0",1.42403715126067
"2025-04-28 00:00:00","Fondo Errano 2025","T0","AIR_HUM",68.80625
"2025-04-28 00:00:00","Fondo Errano 2025","T0","WIND_GUST_MAX",7.02
"2025-04-28 00:00:00","Fondo Errano 2025","T0","SOLAR_RAD",249.696428571429
"2025-04-29 00:00:00","Fondo Errano 2025","T0","WIND_GUST_MAX",7.44
"2025-04-29 00:00:00","Fondo Errano 2025","T0","ET0",2.95997593725086
"2025-04-29 00:00:00","Fondo Errano 2025","T0","AIR_HUM",64.6625
"2025-04-29 00:00:00","Fondo Errano 2025","T0","SOLAR_RAD",259.738095238095
"2025-04-29 00:00:00","Fondo Errano 2025","T0","AIR_TEMP",17.821875
"2025-04-30 00:00:00","Fondo Errano 2025","T0","SOLAR_RAD",263.565476190476
"2025-04-30 00:00:00","Fondo Errano 2025","T0","AIR_HUM",59.5041666666667
"2025-04-30 00:00:00","Fondo Errano 2025","T0","WIND_GUST_MAX",7.65
"2025-04-30 00:00:00","Fondo Errano 2025","T0","AIR_TEMP",18.4929166666667
"2025-04-30 00:00:00","Fondo Errano 2025","T0","ET0",3.0695922599748
"2025-05-01 00:00:00","Fondo Errano 2025","T0","AIR_TEMP",19.4127083333333
"2025-05-01 00:00:00","Fondo Errano 2025","T0","ET0",3.46202687663849
"2025-05-01 00:00:00","Fondo Errano 2025","T0","WIND_GUST_MAX",8.325
"2025-05-01 00:00:00","Fondo Errano 2025","T0","SOLAR_RAD",269
"2025-05-01 00:00:00","Fondo Errano 2025","T0","AIR_HUM",55.05
"2025-05-02 00:00:00","Fondo Errano 2025","T0","SOLAR_RAD",272.779761904762
"2025-05-02 00:00:00","Fondo Errano 2025","T0","AIR_HUM",56.8166666666667
"2025-05-02 00:00:00","Fondo Errano 2025","T0","WIND_GUST_MAX",7.7925
"2025-05-02 00:00:00","Fondo Errano 2025","T0","AIR_TEMP",20.8864583333333
"2025-05-02 00:00:00","Fondo Errano 2025","T0","ET0",3.51106902329238
"2025-05-03 00:00:00","Fondo Errano 2025","T0","AIR_HUM",43.5979166666667
"2025-05-03 00:00:00","Fondo Errano 2025","T0","SOLAR_RAD",218.636904761905
"2025-05-03 00:00:00","Fondo Errano 2025","T0","AIR_TEMP",21.8375
"2025-05-03 00:00:00","Fondo Errano 2025","T0","WIND_GUST_MAX",12.525
"2025-05-03 00:00:00","Fondo Errano 2025","T0","ET0",2.66138755896433
"2025-05-04 00:00:00","Fondo Errano 2025","T0","WIND_GUST_MAX",9.12
"2025-05-04 00:00:00","Fondo Errano 2025","T0","ET0",2.02089502824974
"2025-05-04 00:00:00","Fondo Errano 2025","T0","AIR_TEMP",21.0745833333333
"2025-05-04 00:00:00","Fondo Errano 2025","T0","AIR_HUM",47.0541666666667
"2025-05-04 00:00:00","Fondo Errano 2025","T0","SOLAR_RAD",188.071428571429
"2025-05-05 00:00:00","Fondo Errano 2025","T0","ET0",0.597806425875106
"2025-05-05 00:00:00","Fondo Errano 2025","T0","AIR_TEMP",16.6575
"2025-05-05 00:00:00","Fondo Errano 2025","T0","AIR_HUM",76.1125
"2025-05-05 00:00:00","Fondo Errano 2025","T0","SOLAR_RAD",65.5059523809524
"2025-05-05 00:00:00","Fondo Errano 2025","T0","WIND_GUST_MAX",6.4575
"2025-05-06 00:00:00","Fondo Errano 2025","T0","WIND_GUST_MAX",6.2325
"2025-05-06 00:00:00","Fondo Errano 2025","T0","SOLAR_RAD",189.488095238095
"2025-05-06 00:00:00","Fondo Errano 2025","T0","ET0",2.03058476987035
"2025-05-06 00:00:00","Fondo Errano 2025","T0","AIR_HUM",69.4875
"2025-05-06 00:00:00","Fondo Errano 2025","T0","AIR_TEMP",16.9395833333333
"2025-05-07 00:00:00","Fondo Errano 2025","T0","WIND_GUST_MAX",4.68
"2025-05-07 00:00:00","Fondo Errano 2025","T0","AIR_HUM",66.5
"2025-05-07 00:00:00","Fondo Errano 2025","T0","SOLAR_RAD",137.154761904762
"2025-05-07 00:00:00","Fondo Errano 2025","T0","ET0",1.33775521496585
"2025-05-07 00:00:00","Fondo Errano 2025","T0","AIR_TEMP",15.1954166666667
"2025-05-08 00:00:00","Fondo Errano 2025","T0","WIND_GUST_MAX",4.9875
"2025-05-08 00:00:00","Fondo Errano 2025","T0","AIR_HUM",68.41875
"2025-05-08 00:00:00","Fondo Errano 2025","T0","AIR_TEMP",14.8533333333333
"2025-05-08 00:00:00","Fondo Errano 2025","T0","ET0",1.50905879643653
"2025-05-08 00:00:00","Fondo Errano 2025","T0","SOLAR_RAD",151.5
"2025-05-09 00:00:00","Fondo Errano 2025","T0","SOLAR_RAD",131.369047619048
"2025-05-09 00:00:00","Fondo Errano 2025","T0","AIR_HUM",74.3458333333333
"2025-05-09 00:00:00","Fondo Errano 2025","T0","ET0",1.14285760353767
"2025-05-09 00:00:00","Fondo Errano 2025","T0","WIND_GUST_MAX",4.125
"2025-05-09 00:00:00","Fondo Errano 2025","T0","AIR_TEMP",15.461875
"2025-05-10 00:00:00","Fondo Errano 2025","T0","AIR_HUM",73.34375
"2025-05-10 00:00:00","Fondo Errano 2025","T0","AIR_TEMP",16.2204166666667
"2025-05-10 00:00:00","Fondo Errano 2025","T0","WIND_GUST_MAX",5.07
"2025-05-10 00:00:00","Fondo Errano 2025","T0","ET0",1.74003812796969
"2025-05-10 00:00:00","Fondo Errano 2025","T0","SOLAR_RAD",179.958333333333
"2025-05-11 00:00:00","Fondo Errano 2025","T0","SOLAR_RAD",273.726190476191
"2025-05-11 00:00:00","Fondo Errano 2025","T0","WIND_GUST_MAX",6.705
"2025-05-11 00:00:00","Fondo Errano 2025","T0","AIR_TEMP",17.6522916666667
"2025-05-11 00:00:00","Fondo Errano 2025","T0","ET0",2.98922817018739
"2025-05-11 00:00:00","Fondo Errano 2025","T0","AIR_HUM",67.4958333333333
"2025-05-12 00:00:00","Fondo Errano 2025","T0","AIR_HUM",63.4958333333333
"2025-05-12 00:00:00","Fondo Errano 2025","T0","ET0",2.80474994739074
"2025-05-12 00:00:00","Fondo Errano 2025","T0","WIND_GUST_MAX",6.0375
"2025-05-12 00:00:00","Fondo Errano 2025","T0","AIR_TEMP",18.8729166666667
"2025-05-12 00:00:00","Fondo Errano 2025","T0","SOLAR_RAD",244.970238095238
"2025-05-13 00:00:00","Fondo Errano 2025","T0","AIR_TEMP",16.5910416666667
"2025-05-13 00:00:00","Fondo Errano 2025","T0","AIR_HUM",76.4354166666667
"2025-05-13 00:00:00","Fondo Errano 2025","T0","WIND_GUST_MAX",4.1475
"2025-05-13 00:00:00","Fondo Errano 2025","T0","SOLAR_RAD",156.458333333333
"2025-05-13 00:00:00","Fondo Errano 2025","T0","ET0",1.49701537417049
"2025-05-14 00:00:00","Fondo Errano 2025","T0","SOLAR_RAD",288.720238095238
"2025-05-14 00:00:00","Fondo Errano 2025","T0","WIND_GUST_MAX",7.185
"2025-05-14 00:00:00","Fondo Errano 2025","T0","ET0",3.24368132428268
"2025-05-14 00:00:00","Fondo Errano 2025","T0","AIR_TEMP",17.6520833333333
"2025-05-14 00:00:00","Fondo Errano 2025","T0","AIR_HUM",63.1958333333334
"2025-05-15 00:00:00","Fondo Errano 2025","T0","ET0",3.40675973590241
"2025-05-15 00:00:00","Fondo Errano 2025","T0","AIR_HUM",59.28125
"2025-05-15 00:00:00","Fondo Errano 2025","T0","SOLAR_RAD",288.255952380952
"2025-05-15 00:00:00","Fondo Errano 2025","T0","AIR_TEMP",19.1145833333333
"2025-05-15 00:00:00","Fondo Errano 2025","T0","WIND_GUST_MAX",7.635
"2025-05-16 00:00:00","Fondo Errano 2025","T0","WIND_GUST_MAX",10.245
"2025-05-16 00:00:00","Fondo Errano 2025","T0","ET0",2.54025865425083
"2025-05-16 00:00:00","Fondo Errano 2025","T0","AIR_HUM",64.7166666666667
"2025-05-16 00:00:00","Fondo Errano 2025","T0","AIR_TEMP",15.6533333333333
"2025-05-16 00:00:00","Fondo Errano 2025","T0","SOLAR_RAD",289.922619047619
"2025-05-17 00:00:00","Fondo Errano 2025","T0","AIR_HUM",52.1479166666667
"2025-05-17 00:00:00","Fondo Errano 2025","T0","SOLAR_RAD",244.333333333333
"2025-05-17 00:00:00","Fondo Errano 2025","T0","WIND_GUST_MAX",7.14
"2025-05-17 00:00:00","Fondo Errano 2025","T0","AIR_TEMP",17.5997916666667
"2025-05-17 00:00:00","Fondo Errano 2025","T0","ET0",2.68034275872726
"2025-05-18 00:00:00","Fondo Errano 2025","T0","WIND_GUST_MAX",12.075
"2025-05-18 00:00:00","Fondo Errano 2025","T0","ET0",3.11269032282617
"2025-05-18 00:00:00","Fondo Errano 2025","T0","AIR_HUM",47.41875
"2025-05-18 00:00:00","Fondo Errano 2025","T0","AIR_TEMP",19.5160416666667
"2025-05-18 00:00:00","Fondo Errano 2025","T0","SOLAR_RAD",299.297619047619
"2025-05-19 00:00:00","Fondo Errano 2025","T0","AIR_TEMP",21.9285416666667
"2025-05-19 00:00:00","Fondo Errano 2025","T0","SOLAR_RAD",284.904761904762
"2025-05-19 00:00:00","Fondo Errano 2025","T0","ET0",3.18136888079976
"2025-05-19 00:00:00","Fondo Errano 2025","T0","AIR_HUM",50.3875
"2025-05-19 00:00:00","Fondo Errano 2025","T0","WIND_GUST_MAX",12.1725
"2025-05-20 00:00:00","Fondo Errano 2025","T0","AIR_TEMP",18.4302083333333
"2025-05-20 00:00:00","Fondo Errano 2025","T0","ET0",1.17398123798052
"2025-05-20 00:00:00","Fondo Errano 2025","T0","AIR_HUM",71.2541666666667
"2025-05-20 00:00:00","Fondo Errano 2025","T0","SOLAR_RAD",111.505952380952
"2025-05-20 00:00:00","Fondo Errano 2025","T0","WIND_GUST_MAX",3.6225
"2025-05-21 00:00:00","Fondo Errano 2025","T0","WIND_GUST_MAX",3.48
"2025-05-21 00:00:00","Fondo Errano 2025","T0","SOLAR_RAD",139.321428571429
"2025-05-21 00:00:00","Fondo Errano 2025","T0","AIR_TEMP",17.1570833333333
"2025-05-21 00:00:00","Fondo Errano 2025","T0","ET0",1.27386255377618
"2025-05-21 00:00:00","Fondo Errano 2025","T0","AIR_HUM",83.4958333333333
"2025-05-22 00:00:00","Fondo Errano 2025","T0","ET0",0.784432084368688
"2025-05-22 00:00:00","Fondo Errano 2025","T0","AIR_HUM",69.0291666666667
"2025-05-22 00:00:00","Fondo Errano 2025","T0","SOLAR_RAD",90.0476190476191
"2025-05-22 00:00:00","Fondo Errano 2025","T0","WIND_GUST_MAX",6.6
"2025-05-22 00:00:00","Fondo Errano 2025","T0","AIR_TEMP",18.1483333333333
"2025-05-23 00:00:00","Fondo Errano 2025","T0","WIND_GUST_MAX",6.435
"2025-05-23 00:00:00","Fondo Errano 2025","T0","ET0",0.506338952765956
"2025-05-23 00:00:00","Fondo Errano 2025","T0","AIR_TEMP",13.5929166666667
"2025-05-23 00:00:00","Fondo Errano 2025","T0","SOLAR_RAD",84.1071428571429
"2025-05-23 00:00:00","Fondo Errano 2025","T0","AIR_HUM",82.5145833333333
"2025-05-24 00:00:00","Fondo Errano 2025","T0","AIR_HUM",68.0916666666667
"2025-05-24 00:00:00","Fondo Errano 2025","T0","ET0",2.79552237416097
"2025-05-24 00:00:00","Fondo Errano 2025","T0","SOLAR_RAD",270.065476190476
"2025-05-24 00:00:00","Fondo Errano 2025","T0","AIR_TEMP",15.2358333333333
"2025-05-24 00:00:00","Fondo Errano 2025","T0","WIND_GUST_MAX",6.69
"2025-05-25 00:00:00","Fondo Errano 2025","T0","AIR_HUM",60.125
"2025-05-25 00:00:00","Fondo Errano 2025","T0","AIR_TEMP",17.265
"2025-05-25 00:00:00","Fondo Errano 2025","T0","WIND_GUST_MAX",7.02
"2025-05-25 00:00:00","Fondo Errano 2025","T0","ET0",3.64240388973851
"2025-05-25 00:00:00","Fondo Errano 2025","T0","SOLAR_RAD",302.880952380952
"2025-05-26 00:00:00","Fondo Errano 2025","T0","SOLAR_RAD",285.291666666667
"2025-05-26 00:00:00","Fondo Errano 2025","T0","WIND_GUST_MAX",5.2275
"2025-05-26 00:00:00","Fondo Errano 2025","T0","AIR_TEMP",20.8129166666667
"2025-05-26 00:00:00","Fondo Errano 2025","T0","AIR_HUM",60.29375
"2025-05-26 00:00:00","Fondo Errano 2025","T0","ET0",3.48822370138619
"2025-05-27 00:00:00","Fondo Errano 2025","T0","AIR_TEMP",17.6985416666667
"2025-05-27 00:00:00","Fondo Errano 2025","T0","AIR_HUM",75.5208333333333
"2025-05-27 00:00:00","Fondo Errano 2025","T0","ET0",1.36989351022846
"2025-05-27 00:00:00","Fondo Errano 2025","T0","WIND_GUST_MAX",4.2525
"2025-05-27 00:00:00","Fondo Errano 2025","T0","SOLAR_RAD",140.690476190476
"2025-05-28 00:00:00","Fondo Errano 2025","T0","SOLAR_RAD",274.345238095238
"2025-05-28 00:00:00","Fondo Errano 2025","T0","AIR_TEMP",20.7879166666667
"2025-05-28 00:00:00","Fondo Errano 2025","T0","AIR_HUM",66.29375
"2025-05-28 00:00:00","Fondo Errano 2025","T0","WIND_GUST_MAX",5.9625
"2025-05-28 00:00:00","Fondo Errano 2025","T0","ET0",3.41903194886043
"2025-05-29 00:00:00","Fondo Errano 2025","T0","AIR_TEMP",22.6276595744681
"2025-05-29 00:00:00","Fondo Errano 2025","T0","ET0",3.16380522505876
"2025-05-29 00:00:00","Fondo Errano 2025","T0","WIND_GUST_MAX",5.91652173913043
"2025-05-29 00:00:00","Fondo Errano 2025","T0","AIR_HUM",60.3297872340426
"2025-05-29 00:00:00","Fondo Errano 2025","T0","SOLAR_RAD",257.12462006079
"2025-05-30 00:00:00","Fondo Errano 2025","T0","AIR_TEMP",21.9527083333333
"2025-05-30 00:00:00","Fondo Errano 2025","T0","ET0",3.91895320224742
"2025-05-30 00:00:00","Fondo Errano 2025","T0","WIND_GUST_MAX",5.595
"2025-05-30 00:00:00","Fondo Errano 2025","T0","AIR_HUM",57.9270833333333
"2025-05-30 00:00:00","Fondo Errano 2025","T0","SOLAR_RAD",300.910714285714
"2025-05-31 00:00:00","Fondo Errano 2025","T0","AIR_HUM",64.20625
"2025-05-31 00:00:00","Fondo Errano 2025","T0","SOLAR_RAD",307.267857142857
"2025-05-31 00:00:00","Fondo Errano 2025","T0","WIND_GUST_MAX",5.6775
"2025-05-31 00:00:00","Fondo Errano 2025","T0","ET0",4.13919295739682
"2025-05-31 00:00:00","Fondo Errano 2025","T0","AIR_TEMP",22.67375
"2025-06-01 00:00:00","Fondo Errano 2025","T0","AIR_HUM",57.3893617021277
"2025-06-01 00:00:00","Fondo Errano 2025","T0","WIND_GUST_MAX",6.3675
"2025-06-01 00:00:00","Fondo Errano 2025","T0","SOLAR_RAD",315.483282674772
"2025-06-01 00:00:00","Fondo Errano 2025","T0","AIR_TEMP",24.6995744680851
"2025-06-01 00:00:00","Fondo Errano 2025","T0","ET0",4.6722701137448
"2025-06-02 00:00:00","Fondo Errano 2025","T0","WIND_GUST_MAX",8.28947368421052
"2025-06-02 00:00:00","Fondo Errano 2025","T0","ET0",3.99357719074967
"2025-06-02 00:00:00","Fondo Errano 2025","T0","SOLAR_RAD",342.579150579151
"2025-06-02 00:00:00","Fondo Errano 2025","T0","AIR_TEMP",26.9645945945946
"2025-06-02 00:00:00","Fondo Errano 2025","T0","AIR_HUM",47.7054054054054
"2025-06-03 00:00:00","Fondo Errano 2025","T0","ET0",4.31837212887217
"2025-06-03 00:00:00","Fondo Errano 2025","T0","AIR_TEMP",25.6717391304348
"2025-06-03 00:00:00","Fondo Errano 2025","T0","SOLAR_RAD",289.180124223602
"2025-06-03 00:00:00","Fondo Errano 2025","T0","AIR_HUM",48.3086956521739
"2025-06-03 00:00:00","Fondo Errano 2025","T0","WIND_GUST_MAX",10.065
"2025-06-04 00:00:00","Fondo Errano 2025","T0","ET0",2.68292834646312
"2025-06-04 00:00:00","Fondo Errano 2025","T0","SOLAR_RAD",204.14880952381
"2025-06-04 00:00:00","Fondo Errano 2025","T0","AIR_HUM",54.1541666666667
"2025-06-04 00:00:00","Fondo Errano 2025","T0","WIND_GUST_MAX",6.2625
"2025-06-04 00:00:00","Fondo Errano 2025","T0","AIR_TEMP",23.64
"2025-06-05 00:00:00","Fondo Errano 2025","T0","SOLAR_RAD",170.880952380952
"2025-06-05 00:00:00","Fondo Errano 2025","T0","WIND_GUST_MAX",4.575
"2025-06-05 00:00:00","Fondo Errano 2025","T0","AIR_TEMP",23.62
"2025-06-05 00:00:00","Fondo Errano 2025","T0","AIR_HUM",57.6145833333333
"2025-06-06 00:00:00","Fondo Errano 2025","T0","ET0",5.07844898577631
"2025-06-06 00:00:00","Fondo Errano 2025","T0","WIND_GUST_MAX",8.2
"2025-06-06 00:00:00","Fondo Errano 2025","T0","AIR_HUM",52.5441176470588
"2025-06-06 00:00:00","Fondo Errano 2025","T0","AIR_TEMP",26.2602941176471
"2025-06-06 00:00:00","Fondo Errano 2025","T0","SOLAR_RAD",355.90756302521
"2025-06-07 00:00:00","Fondo Errano 2025","T0","ET0",4.563438537503
"2025-06-07 00:00:00","Fondo Errano 2025","T0","WIND_GUST_MAX",7.45276595744681
"2025-06-07 00:00:00","Fondo Errano 2025","T0","SOLAR_RAD",295.313069908815
"2025-06-07 00:00:00","Fondo Errano 2025","T0","AIR_TEMP",25.4595744680851
"2025-06-07 00:00:00","Fondo Errano 2025","T0","AIR_HUM",55.2234042553191
"2025-06-08 00:00:00","Fondo Errano 2025","T0","AIR_TEMP",25.2854166666667
"2025-06-08 00:00:00","Fondo Errano 2025","T0","WIND_GUST_MAX",10.7310638297872
"2025-06-08 00:00:00","Fondo Errano 2025","T0","SOLAR_RAD",296.89880952381
"2025-06-08 00:00:00","Fondo Errano 2025","T0","AIR_HUM",55.00625
"2025-06-08 00:00:00","Fondo Errano 2025","T0","ET0",3.78080471196055
"2025-06-09 00:00:00","Fondo Errano 2025","T0","ET0",3.32877256859184
"2025-06-09 00:00:00","Fondo Errano 2025","T0","WIND_GUST_MAX",7.02382978723404
"2025-06-09 00:00:00","Fondo Errano 2025","T0","AIR_HUM",53.5191489361702
"2025-06-09 00:00:00","Fondo Errano 2025","T0","SOLAR_RAD",281.16717325228
"2025-06-09 00:00:00","Fondo Errano 2025","T0","AIR_TEMP",23.7617021276596
"2025-06-10 00:00:00","Fondo Errano 2025","T0","AIR_TEMP",23.294375
"2025-06-10 00:00:00","Fondo Errano 2025","T0","ET0",3.93629924762888
"2025-06-10 00:00:00","Fondo Errano 2025","T0","SOLAR_RAD",287.869047619048
"2025-06-10 00:00:00","Fondo Errano 2025","T0","AIR_HUM",64.8895833333333
"2025-06-10 00:00:00","Fondo Errano 2025","T0","WIND_GUST_MAX",5.33872340425532
"2025-06-11 00:00:00","Fondo Errano 2025","T0","WIND_GUST_MAX",6.765
"2025-06-11 00:00:00","Fondo Errano 2025","T0","AIR_TEMP",25.761914893617
"2025-06-11 00:00:00","Fondo Errano 2025","T0","AIR_HUM",59.8957446808511
"2025-06-11 00:00:00","Fondo Errano 2025","T0","SOLAR_RAD",287.90273556231
"2025-06-11 00:00:00","Fondo Errano 2025","T0","ET0",3.98721028939233
"2025-06-12 00:00:00","Fondo Errano 2025","T0","AIR_TEMP",26.0528260869565
"2025-06-12 00:00:00","Fondo Errano 2025","T0","WIND_GUST_MAX",6.39391304347826
"2025-06-12 00:00:00","Fondo Errano 2025","T0","SOLAR_RAD",301.826086956522
"2025-06-12 00:00:00","Fondo Errano 2025","T0","AIR_HUM",60.4804347826087
"2025-06-12 00:00:00","Fondo Errano 2025","T0","ET0",4.0344931476698
"2025-06-13 00:00:00","Fondo Errano 2025","T0","AIR_HUM",58.39375
"2025-06-13 00:00:00","Fondo Errano 2025","T0","AIR_TEMP",27.0104166666667
"2025-06-13 00:00:00","Fondo Errano 2025","T0","ET0",4.04955916743863
"2025-06-13 00:00:00","Fondo Errano 2025","T0","WIND_GUST_MAX",5.9175
"2025-06-13 00:00:00","Fondo Errano 2025","T0","SOLAR_RAD",286.125
"2025-06-14 00:00:00","Fondo Errano 2025","T0","SOLAR_RAD",290.726708074534
"2025-06-14 00:00:00","Fondo Errano 2025","T0","WIND_GUST_MAX",5.49957446808511
"2025-06-14 00:00:00","Fondo Errano 2025","T0","ET0",4.60345058049841
"2025-06-14 00:00:00","Fondo Errano 2025","T0","AIR_TEMP",27.5119565217391
"2025-06-14 00:00:00","Fondo Errano 2025","T0","AIR_HUM",58.3804347826087
"2025-06-15 00:00:00","Fondo Errano 2025","T0","SOLAR_RAD",293.755952380952
"2025-06-15 00:00:00","Fondo Errano 2025","T0","AIR_TEMP",28.9160416666667
"2025-06-15 00:00:00","Fondo Errano 2025","T0","AIR_HUM",60.1895833333333
"2025-06-15 00:00:00","Fondo Errano 2025","T0","ET0",4.50080272537052
"2025-06-15 00:00:00","Fondo Errano 2025","T0","WIND_GUST_MAX",5.33106382978724
"2025-06-16 00:00:00","Fondo Errano 2025","T0","ET0",2.51785669385727
"2025-06-16 00:00:00","Fondo Errano 2025","T0","AIR_HUM",67.0729166666667
"2025-06-16 00:00:00","Fondo Errano 2025","T0","WIND_GUST_MAX",7.335
"2025-06-16 00:00:00","Fondo Errano 2025","T0","AIR_TEMP",24.3239583333333
"2025-06-16 00:00:00","Fondo Errano 2025","T0","SOLAR_RAD",184.041666666667
"2025-06-17 00:00:00","Fondo Errano 2025","T0","AIR_HUM",77.4954545454545
"2025-06-17 00:00:00","Fondo Errano 2025","T0","AIR_TEMP",20.1634090909091
"2025-06-17 00:00:00","Fondo Errano 2025","T0","ET0",1.40889375967479
"2025-06-17 00:00:00","Fondo Errano 2025","T0","WIND_GUST_MAX",6.95739130434783
"2025-06-17 00:00:00","Fondo Errano 2025","T0","SOLAR_RAD",144.305194805195
"2025-06-18 00:00:00","Fondo Errano 2025","T0","SOLAR_RAD",305.613095238095
"2025-06-18 00:00:00","Fondo Errano 2025","T0","ET0",4.18028965604232
"2025-06-18 00:00:00","Fondo Errano 2025","T0","AIR_HUM",65.9166666666667
"2025-06-18 00:00:00","Fondo Errano 2025","T0","AIR_TEMP",23.3752083333333
"2025-06-18 00:00:00","Fondo Errano 2025","T0","WIND_GUST_MAX",6.0375
"2025-06-19 00:00:00","Fondo Errano 2025","T0","ET0",4.4846849157292
"2025-06-19 00:00:00","Fondo Errano 2025","T0","SOLAR_RAD",309.639751552795
"2025-06-19 00:00:00","Fondo Errano 2025","T0","AIR_TEMP",26.1332608695652
"2025-06-19 00:00:00","Fondo Errano 2025","T0","AIR_HUM",62.3521739130435
"2025-06-19 00:00:00","Fondo Errano 2025","T0","WIND_GUST_MAX",6.2475
"2025-06-20 00:00:00","Fondo Errano 2025","T0","WIND_GUST_MAX",5.85
"2025-06-20 00:00:00","Fondo Errano 2025","T0","AIR_TEMP",27.134375
"2025-06-20 00:00:00","Fondo Errano 2025","T0","ET0",4.22855180314582
"2025-06-20 00:00:00","Fondo Errano 2025","T0","AIR_HUM",63.5041666666667
"2025-06-20 00:00:00","Fondo Errano 2025","T0","SOLAR_RAD",309.458333333333
"2025-06-21 00:00:00","Fondo Errano 2025","T0","ET0",3.94009729216716
"2025-06-21 00:00:00","Fondo Errano 2025","T0","AIR_TEMP",25.3795652173913
"2025-06-21 00:00:00","Fondo Errano 2025","T0","AIR_HUM",64.4065217391304
"2025-06-21 00:00:00","Fondo Errano 2025","T0","WIND_GUST_MAX",6.06521739130435
"2025-06-21 00:00:00","Fondo Errano 2025","T0","SOLAR_RAD",303.136645962733
"2025-06-22 00:00:00","Fondo Errano 2025","T0","WIND_GUST_MAX",5.47826086956522
"2025-06-22 00:00:00","Fondo Errano 2025","T0","AIR_TEMP",25.5595652173913
"2025-06-22 00:00:00","Fondo Errano 2025","T0","ET0",4.12136832513554
"2025-06-22 00:00:00","Fondo Errano 2025","T0","AIR_HUM",62.1478260869565
"2025-06-22 00:00:00","Fondo Errano 2025","T0","SOLAR_RAD",287.726708074534
"2025-06-23 00:00:00","Fondo Errano 2025","T0","AIR_HUM",53.3744680851064
"2025-06-23 00:00:00","Fondo Errano 2025","T0","SOLAR_RAD",301.16717325228
"2025-06-23 00:00:00","Fondo Errano 2025","T0","ET0",4.65138978987378
"2025-06-23 00:00:00","Fondo Errano 2025","T0","AIR_TEMP",28.2234042553191
"2025-06-23 00:00:00","Fondo Errano 2025","T0","WIND_GUST_MAX",8.64782608695652
"2025-06-24 00:00:00","Fondo Errano 2025","T0","WIND_GUST_MAX",6.392
"2025-06-24 00:00:00","Fondo Errano 2025","T0","AIR_HUM",48.8957446808511
"2025-06-24 00:00:00","Fondo Errano 2025","T0","SOLAR_RAD",307.84802431611
"2025-06-24 00:00:00","Fondo Errano 2025","T0","AIR_TEMP",28.388085106383
"2025-06-24 00:00:00","Fondo Errano 2025","T0","ET0",4.05701664071411
"2025-06-25 00:00:00","Fondo Errano 2025","T0","SOLAR_RAD",321.738601823708
"2025-06-25 00:00:00","Fondo Errano 2025","T0","AIR_TEMP",29.5272340425532
"2025-06-25 00:00:00","Fondo Errano 2025","T0","WIND_GUST_MAX",4.67181818181818
"2025-06-25 00:00:00","Fondo Errano 2025","T0","ET0",4.97715236253274
"2025-06-25 00:00:00","Fondo Errano 2025","T0","AIR_HUM",57.6255319148936
"2025-06-26 00:00:00","Fondo Errano 2025","T0","WIND_GUST_MAX",6.48818181818182
"2025-06-26 00:00:00","Fondo Errano 2025","T0","ET0",4.59357114470079
"2025-06-26 00:00:00","Fondo Errano 2025","T0","SOLAR_RAD",273.87012987013
"2025-06-26 00:00:00","Fondo Errano 2025","T0","AIR_HUM",55.8863636363636
"2025-06-26 00:00:00","Fondo Errano 2025","T0","AIR_TEMP",29.9215909090909
"2025-06-27 00:00:00","Fondo Errano 2025","T0","SOLAR_RAD",306.511904761905
"2025-06-27 00:00:00","Fondo Errano 2025","T0","WIND_GUST_MAX",5.47826086956522
"2025-06-27 00:00:00","Fondo Errano 2025","T0","ET0",4.13286916087728
"2025-06-27 00:00:00","Fondo Errano 2025","T0","AIR_HUM",54.2875
"2025-06-27 00:00:00","Fondo Errano 2025","T0","AIR_TEMP",28.1054166666667
"2025-06-28 00:00:00","Fondo Errano 2025","T0","AIR_TEMP",28.1166666666667
"2025-06-28 00:00:00","Fondo Errano 2025","T0","SOLAR_RAD",314.648809523809
"2025-06-28 00:00:00","Fondo Errano 2025","T0","WIND_GUST_MAX",6.98086956521739
"2025-06-28 00:00:00","Fondo Errano 2025","T0","ET0",4.69512177026213
"2025-06-28 00:00:00","Fondo Errano 2025","T0","AIR_HUM",55.70625
"2025-06-29 00:00:00","Fondo Errano 2025","T0","SOLAR_RAD",326.372670807453
"2025-06-29 00:00:00","Fondo Errano 2025","T0","WIND_GUST_MAX",7.49106382978723
"2025-06-29 00:00:00","Fondo Errano 2025","T0","AIR_TEMP",28.369347826087
"2025-06-29 00:00:00","Fondo Errano 2025","T0","ET0",4.42288232145255
"2025-06-29 00:00:00","Fondo Errano 2025","T0","AIR_HUM",54.25
"2025-06-30 00:00:00","Fondo Errano 2025","T0","AIR_HUM",53.4891304347826
"2025-06-30 00:00:00","Fondo Errano 2025","T0","AIR_TEMP",28.7763043478261
"2025-06-30 00:00:00","Fondo Errano 2025","T0","ET0",4.98456109669625
"2025-06-30 00:00:00","Fondo Errano 2025","T0","SOLAR_RAD",324.788819875776
"2025-06-30 00:00:00","Fondo Errano 2025","T0","WIND_GUST_MAX",7.984
"2025-07-01 00:00:00","Fondo Errano 2025","T0","ET0",3.66725313678208
"2025-07-01 00:00:00","Fondo Errano 2025","T0","WIND_GUST_MAX",6.98869565217391
"2025-07-01 00:00:00","Fondo Errano 2025","T0","AIR_TEMP",27.9478723404255
"2025-07-01 00:00:00","Fondo Errano 2025","T0","SOLAR_RAD",261.0273556231
"2025-07-01 00:00:00","Fondo Errano 2025","T0","AIR_HUM",62.3106382978723
"2025-07-02 00:00:00","Fondo Errano 2025","T0","SOLAR_RAD",281.823708206687
"2025-07-02 00:00:00","Fondo Errano 2025","T0","AIR_HUM",65.0085106382979
"2025-07-02 00:00:00","Fondo Errano 2025","T0","AIR_TEMP",26.8821276595745
"2025-07-02 00:00:00","Fondo Errano 2025","T0","WIND_GUST_MAX",6.51428571428571
"2025-07-02 00:00:00","Fondo Errano 2025","T0","ET0",4.07659309037737
"2025-07-03 00:00:00","Fondo Errano 2025","T0","AIR_HUM",59.8833333333333
"2025-07-03 00:00:00","Fondo Errano 2025","T0","WIND_GUST_MAX",7.20765957446808
"2025-07-03 00:00:00","Fondo Errano 2025","T0","SOLAR_RAD",294.744047619048
"2025-07-03 00:00:00","Fondo Errano 2025","T0","AIR_TEMP",27.9183333333333
"2025-07-03 00:00:00","Fondo Errano 2025","T0","ET0",4.54860786956146
"2025-07-04 00:00:00","Fondo Errano 2025","T0","WIND_GUST_MAX",6.04340425531915
"2025-07-04 00:00:00","Fondo Errano 2025","T0","AIR_HUM",57.5234042553191
"2025-07-04 00:00:00","Fondo Errano 2025","T0","AIR_TEMP",29.7521276595745
"2025-07-04 00:00:00","Fondo Errano 2025","T0","ET0",4.3629052134868
"2025-07-04 00:00:00","Fondo Errano 2025","T0","SOLAR_RAD",277.647416413374
"2025-07-05 00:00:00","Fondo Errano 2025","T0","ET0",2.55625694132652
"2025-07-05 00:00:00","Fondo Errano 2025","T0","AIR_HUM",69.0657894736842
"2025-07-05 00:00:00","Fondo Errano 2025","T0","SOLAR_RAD",188.293233082707
"2025-07-05 00:00:00","Fondo Errano 2025","T0","AIR_TEMP",25.5839473684211
"2025-07-05 00:00:00","Fondo Errano 2025","T0","WIND_GUST_MAX",6.16736842105263
"2025-07-06 00:00:00","Fondo Errano 2025","T0","ET0",1.93250739774764
"2025-07-06 00:00:00","Fondo Errano 2025","T0","AIR_TEMP",26.0288571428571
"2025-07-06 00:00:00","Fondo Errano 2025","T0","SOLAR_RAD",152.424489795918
"2025-07-06 00:00:00","Fondo Errano 2025","T0","AIR_HUM",65.3742857142857
"2025-07-06 00:00:00","Fondo Errano 2025","T0","WIND_GUST_MAX",6.28457142857143
"2025-07-07 00:00:00","Fondo Errano 2025","T0","WIND_GUST_MAX",13.7872340425532
"2025-07-07 00:00:00","Fondo Errano 2025","T0","SOLAR_RAD",282.198757763975
"2025-07-07 00:00:00","Fondo Errano 2025","T0","AIR_HUM",49.1130434782609
"2025-07-07 00:00:00","Fondo Errano 2025","T0","AIR_TEMP",26.8867391304348
"2025-07-07 00:00:00","Fondo Errano 2025","T0","ET0",3.98294963961686
"2025-07-08 00:00:00","Fondo Errano 2025","T0","ET0",3.74512984403981
"2025-07-08 00:00:00","Fondo Errano 2025","T0","AIR_HUM",59.6270833333333
"2025-07-08 00:00:00","Fondo Errano 2025","T0","SOLAR_RAD",274.922619047619
"2025-07-08 00:00:00","Fondo Errano 2025","T0","WIND_GUST_MAX",8.31
"2025-07-08 00:00:00","Fondo Errano 2025","T0","AIR_TEMP",21.669375
"2025-07-09 00:00:00","Fondo Errano 2025","T0","WIND_GUST_MAX",5.7225
"2025-07-09 00:00:00","Fondo Errano 2025","T0","SOLAR_RAD",315.226190476191
"2025-07-09 00:00:00","Fondo Errano 2025","T0","AIR_HUM",58.3833333333333
"2025-07-09 00:00:00","Fondo Errano 2025","T0","ET0",4.01792398160023
"2025-07-09 00:00:00","Fondo Errano 2025","T0","AIR_TEMP",20.6620833333333
"2025-07-10 00:00:00","Fondo Errano 2025","T0","AIR_TEMP",21.861875
"2025-07-10 00:00:00","Fondo Errano 2025","T0","ET0",4.06300827284388
"2025-07-10 00:00:00","Fondo Errano 2025","T0","SOLAR_RAD",309.696428571429
"2025-07-10 00:00:00","Fondo Errano 2025","T0","WIND_GUST_MAX",7.42212765957447
"2025-07-10 00:00:00","Fondo Errano 2025","T0","AIR_HUM",51.1645833333333
"2025-07-11 00:00:00","Fondo Errano 2025","T0","WIND_GUST_MAX",7.74
"2025-07-11 00:00:00","Fondo Errano 2025","T0","SOLAR_RAD",306.535714285714
"2025-07-11 00:00:00","Fondo Errano 2025","T0","AIR_HUM",53.5375
"2025-07-11 00:00:00","Fondo Errano 2025","T0","AIR_TEMP",23.45
"2025-07-11 00:00:00","Fondo Errano 2025","T0","ET0",4.26720460952695
"2025-07-12 00:00:00","Fondo Errano 2025","T0","ET0",4.23351733658172
"2025-07-12 00:00:00","Fondo Errano 2025","T0","AIR_TEMP",24.055
"2025-07-12 00:00:00","Fondo Errano 2025","T0","AIR_HUM",56.2478260869565
"2025-07-12 00:00:00","Fondo Errano 2025","T0","SOLAR_RAD",263.88198757764
"2025-07-12 00:00:00","Fondo Errano 2025","T0","WIND_GUST_MAX",6.90127659574468
"2025-07-13 00:00:00","Fondo Errano 2025","T0","ET0",1.85346455588373
"2025-07-13 00:00:00","Fondo Errano 2025","T0","SOLAR_RAD",158.089285714286
"2025-07-13 00:00:00","Fondo Errano 2025","T0","AIR_HUM",60.4770833333333
"2025-07-13 00:00:00","Fondo Errano 2025","T0","WIND_GUST_MAX",5.82127659574468
"2025-07-13 00:00:00","Fondo Errano 2025","T0","AIR_TEMP",24.7725
"2025-07-14 00:00:00","Fondo Errano 2025","T0","AIR_HUM",58.40625
"2025-07-14 00:00:00","Fondo Errano 2025","T0","WIND_GUST_MAX",5.835
"2025-07-14 00:00:00","Fondo Errano 2025","T0","SOLAR_RAD",295.023809523809
"2025-07-14 00:00:00","Fondo Errano 2025","T0","AIR_TEMP",26.1802083333333
"2025-07-14 00:00:00","Fondo Errano 2025","T0","ET0",4.13431872769752
"2025-07-15 00:00:00","Fondo Errano 2025","T0","WIND_GUST_MAX",5.68340425531915
"2025-07-15 00:00:00","Fondo Errano 2025","T0","SOLAR_RAD",295.404255319149
"2025-07-15 00:00:00","Fondo Errano 2025","T0","AIR_TEMP",27.8846808510638
"2025-07-15 00:00:00","Fondo Errano 2025","T0","AIR_HUM",59.6531914893617
"2025-07-15 00:00:00","Fondo Errano 2025","T0","ET0",4.10119681529994
"2025-07-16 00:00:00","Fondo Errano 2025","T0","AIR_HUM",62.7708333333333
"2025-07-16 00:00:00","Fondo Errano 2025","T0","WIND_GUST_MAX",5.775
"2025-07-16 00:00:00","Fondo Errano 2025","T0","AIR_TEMP",26.539375
"2025-07-16 00:00:00","Fondo Errano 2025","T0","ET0",3.54698480875651
"2025-07-16 00:00:00","Fondo Errano 2025","T0","SOLAR_RAD",273.928571428572
"2025-07-17 00:00:00","Fondo Errano 2025","T0","WIND_GUST_MAX",5.64510638297872
"2025-07-17 00:00:00","Fondo Errano 2025","T0","ET0",3.40463334429618
"2025-07-17 00:00:00","Fondo Errano 2025","T0","SOLAR_RAD",250.279761904762
"2025-07-17 00:00:00","Fondo Errano 2025","T0","AIR_TEMP",24.7566666666667
"2025-07-17 00:00:00","Fondo Errano 2025","T0","AIR_HUM",70.8229166666667
"2025-07-18 00:00:00","Fondo Errano 2025","T0","WIND_GUST_MAX",6.72
"2025-07-18 00:00:00","Fondo Errano 2025","T0","ET0",4.16054801486298
"2025-07-18 00:00:00","Fondo Errano 2025","T0","SOLAR_RAD",301.51367781155
"2025-07-18 00:00:00","Fondo Errano 2025","T0","AIR_HUM",59.7553191489362
"2025-07-18 00:00:00","Fondo Errano 2025","T0","AIR_TEMP",24.7682978723404
"2025-07-19 00:00:00","Fondo Errano 2025","T0","ET0",3.64089370895344
"2025-07-19 00:00:00","Fondo Errano 2025","T0","AIR_HUM",61.0875
"2025-07-19 00:00:00","Fondo Errano 2025","T0","WIND_GUST_MAX",4.3875
"2025-07-19 00:00:00","Fondo Errano 2025","T0","AIR_TEMP",27.0175
"2025-07-19 00:00:00","Fondo Errano 2025","T0","SOLAR_RAD",235.267857142857
"2025-07-20 00:00:00","Fondo Errano 2025","T0","AIR_TEMP",27.6522916666667
"2025-07-20 00:00:00","Fondo Errano 2025","T0","SOLAR_RAD",234.988095238095
"2025-07-20 00:00:00","Fondo Errano 2025","T0","WIND_GUST_MAX",4.275
"2025-07-20 00:00:00","Fondo Errano 2025","T0","ET0",3.47326953604385
"2025-07-20 00:00:00","Fondo Errano 2025","T0","AIR_HUM",60.7875
"2025-07-21 00:00:00","Fondo Errano 2025","T0","SOLAR_RAD",244.453416149068
"2025-07-21 00:00:00","Fondo Errano 2025","T0","WIND_GUST_MAX",10.3327659574468
"2025-07-21 00:00:00","Fondo Errano 2025","T0","AIR_TEMP",28.4173913043478
"2025-07-21 00:00:00","Fondo Errano 2025","T0","ET0",3.22126365906482
"2025-07-21 00:00:00","Fondo Errano 2025","T0","AIR_HUM",56.3021739130435
"2025-07-22 00:00:00","Fondo Errano 2025","T0","AIR_TEMP",27.6042553191489
"2025-07-22 00:00:00","Fondo Errano 2025","T0","AIR_HUM",50.4829787234043
"2025-07-22 00:00:00","Fondo Errano 2025","T0","ET0",4.09640533286453
"2025-07-22 00:00:00","Fondo Errano 2025","T0","WIND_GUST_MAX",8.01191489361702
"2025-07-22 00:00:00","Fondo Errano 2025","T0","SOLAR_RAD",277.240121580547
"2025-07-23 00:00:00","Fondo Errano 2025","T0","WIND_GUST_MAX",7.3125
"2025-07-23 00:00:00","Fondo Errano 2025","T0","AIR_HUM",48.1227272727273
"2025-07-23 00:00:00","Fondo Errano 2025","T0","AIR_TEMP",27.4984090909091
"2025-07-23 00:00:00","Fondo Errano 2025","T0","SOLAR_RAD",272.298701298701
"2025-07-23 00:00:00","Fondo Errano 2025","T0","ET0",3.76439072754346
"2025-07-24 00:00:00","Fondo Errano 2025","T0","SOLAR_RAD",218.633540372671
"2025-07-24 00:00:00","Fondo Errano 2025","T0","ET0",3.43361680796181
"2025-07-24 00:00:00","Fondo Errano 2025","T0","AIR_TEMP",28.0265217391304
"2025-07-24 00:00:00","Fondo Errano 2025","T0","AIR_HUM",44.9608695652174
"2025-07-24 00:00:00","Fondo Errano 2025","T0","WIND_GUST_MAX",8.10382978723404
"2025-07-25 00:00:00","Fondo Errano 2025","T0","WIND_GUST_MAX",5.07
"2025-07-25 00:00:00","Fondo Errano 2025","T0","AIR_TEMP",24.0176595744681
"2025-07-25 00:00:00","Fondo Errano 2025","T0","ET0",1.33152300052435
"2025-07-25 00:00:00","Fondo Errano 2025","T0","AIR_HUM",63.5382978723404
"2025-07-25 00:00:00","Fondo Errano 2025","T0","SOLAR_RAD",133.550151975684
"2025-07-26 00:00:00","Fondo Errano 2025","T0","ET0",2.21251626727931
"2025-07-26 00:00:00","Fondo Errano 2025","T0","AIR_TEMP",20.646875
"2025-07-26 00:00:00","Fondo Errano 2025","T0","WIND_GUST_MAX",5.925
"2025-07-26 00:00:00","Fondo Errano 2025","T0","AIR_HUM",75.84375
"2025-07-26 00:00:00","Fondo Errano 2025","T0","SOLAR_RAD",198.458333333333
"2025-07-27 00:00:00","Fondo Errano 2025","T0","WIND_GUST_MAX",6.05872340425532
"2025-07-27 00:00:00","Fondo Errano 2025","T0","ET0",3.77848098901547
"2025-07-27 00:00:00","Fondo Errano 2025","T0","AIR_TEMP",24.1541304347826
"2025-07-27 00:00:00","Fondo Errano 2025","T0","AIR_HUM",63.8456521739131
"2025-07-27 00:00:00","Fondo Errano 2025","T0","SOLAR_RAD",267.813664596273
"2025-07-28 00:00:00","Fondo Errano 2025","T0","WIND_GUST_MAX",6.195
"2025-07-28 00:00:00","Fondo Errano 2025","T0","SOLAR_RAD",57.5416666666667
"2025-07-28 00:00:00","Fondo Errano 2025","T0","AIR_TEMP",19.0025
"2025-07-28 00:00:00","Fondo Errano 2025","T0","ET0",0.38535302875816
"2025-07-28 00:00:00","Fondo Errano 2025","T0","AIR_HUM",80.1291666666667
"2025-07-29 00:00:00","Fondo Errano 2025","T0","SOLAR_RAD",264
"2025-07-29 00:00:00","Fondo Errano 2025","T0","AIR_HUM",68.49375
"2025-07-29 00:00:00","Fondo Errano 2025","T0","WIND_GUST_MAX",7.125
"2025-07-29 00:00:00","Fondo Errano 2025","T0","ET0",3.15199187909672
"2025-07-29 00:00:00","Fondo Errano 2025","T0","AIR_TEMP",21.915625
"2025-07-30 00:00:00","Fondo Errano 2025","T0","SOLAR_RAD",269.791666666667
"2025-07-30 00:00:00","Fondo Errano 2025","T0","AIR_TEMP",21.5566666666667
"2025-07-30 00:00:00","Fondo Errano 2025","T0","WIND_GUST_MAX",6.5475
"2025-07-30 00:00:00","Fondo Errano 2025","T0","ET0",3.37142992640368
"2025-07-30 00:00:00","Fondo Errano 2025","T0","AIR_HUM",63.8416666666667
"2025-07-31 00:00:00","Fondo Errano 2025","T0","AIR_HUM",61.9458333333333
"2025-07-31 00:00:00","Fondo Errano 2025","T0","WIND_GUST_MAX",6.3675
"2025-07-31 00:00:00","Fondo Errano 2025","T0","AIR_TEMP",23.125625
"2025-07-31 00:00:00","Fondo Errano 2025","T0","ET0",3.7398487432534
"2025-07-31 00:00:00","Fondo Errano 2025","T0","SOLAR_RAD",280.821428571429
"2025-08-01 00:00:00","Fondo Errano 2025","T0","SOLAR_RAD",269.791666666667
"2025-08-01 00:00:00","Fondo Errano 2025","T0","AIR_TEMP",23.915625
"2025-08-01 00:00:00","Fondo Errano 2025","T0","ET0",3.66509511659118
"2025-08-01 00:00:00","Fondo Errano 2025","T0","AIR_HUM",63.5708333333333
"2025-08-01 00:00:00","Fondo Errano 2025","T0","WIND_GUST_MAX",6.795
"2025-08-02 00:00:00","Fondo Errano 2025","T0","AIR_HUM",73.0916666666667
"2025-08-02 00:00:00","Fondo Errano 2025","T0","SOLAR_RAD",192.559523809524
"2025-08-02 00:00:00","Fondo Errano 2025","T0","WIND_GUST_MAX",4.78173913043478
"2025-08-02 00:00:00","Fondo Errano 2025","T0","AIR_TEMP",22.0004166666667
"2025-08-02 00:00:00","Fondo Errano 2025","T0","ET0",2.21612830072685
"2025-08-03 00:00:00","Fondo Errano 2025","T0","SOLAR_RAD",159.559523809524
"2025-08-03 00:00:00","Fondo Errano 2025","T0","WIND_GUST_MAX",5.0175
"2025-08-03 00:00:00","Fondo Errano 2025","T0","ET0",1.68986020983478
"2025-08-03 00:00:00","Fondo Errano 2025","T0","AIR_TEMP",21.0552083333333
"2025-08-03 00:00:00","Fondo Errano 2025","T0","AIR_HUM",71.8708333333334
"2025-08-04 00:00:00","Fondo Errano 2025","T0","AIR_HUM",60.175
"2025-08-04 00:00:00","Fondo Errano 2025","T0","WIND_GUST_MAX",6.7125
"2025-08-04 00:00:00","Fondo Errano 2025","T0","ET0",3.52830607351887
"2025-08-04 00:00:00","Fondo Errano 2025","T0","AIR_TEMP",22.976875
"2025-08-04 00:00:00","Fondo Errano 2025","T0","SOLAR_RAD",270.380952380952
"2025-08-05 00:00:00","Fondo Errano 2025","T0","WIND_GUST_MAX",6.77872340425532
"2025-08-05 00:00:00","Fondo Errano 2025","T0","AIR_TEMP",23.8079166666667
"2025-08-05 00:00:00","Fondo Errano 2025","T0","SOLAR_RAD",277.464285714286
"2025-08-05 00:00:00","Fondo Errano 2025","T0","AIR_HUM",61.3354166666667
"2025-08-05 00:00:00","Fondo Errano 2025","T0","ET0",3.73403628586639
"2025-08-06 00:00:00","Fondo Errano 2025","T0","AIR_HUM",67.2666666666667
"2025-08-06 00:00:00","Fondo Errano 2025","T0","AIR_TEMP",23.659375
"2025-08-06 00:00:00","Fondo Errano 2025","T0","WIND_GUST_MAX",5.895
"2025-08-06 00:00:00","Fondo Errano 2025","T0","ET0",3.22262582378138
"2025-08-06 00:00:00","Fondo Errano 2025","T0","SOLAR_RAD",249.880952380952
"2025-08-07 00:00:00","Fondo Errano 2025","T0","SOLAR_RAD",260.446428571429
"2025-08-07 00:00:00","Fondo Errano 2025","T0","WIND_GUST_MAX",5.70638297872341
"2025-08-07 00:00:00","Fondo Errano 2025","T0","ET0",3.43910434914819
"2025-08-07 00:00:00","Fondo Errano 2025","T0","AIR_HUM",64.5333333333333
"2025-08-07 00:00:00","Fondo Errano 2025","T0","AIR_TEMP",24.571875
"2025-08-08 00:00:00","Fondo Errano 2025","T0","WIND_GUST_MAX",6.1125
"2025-08-08 00:00:00","Fondo Errano 2025","T0","ET0",3.89719709752365
"2025-08-08 00:00:00","Fondo Errano 2025","T0","AIR_HUM",61.5520833333333
"2025-08-08 00:00:00","Fondo Errano 2025","T0","SOLAR_RAD",271.10119047619
"2025-08-08 00:00:00","Fondo Errano 2025","T0","AIR_TEMP",26.649375
"2025-08-09 00:00:00","Fondo Errano 2025","T0","WIND_GUST_MAX",6.0825
"2025-08-09 00:00:00","Fondo Errano 2025","T0","SOLAR_RAD",266.125
"2025-08-09 00:00:00","Fondo Errano 2025","T0","ET0",3.95757824581931
"2025-08-09 00:00:00","Fondo Errano 2025","T0","AIR_HUM",61.7166666666667
"2025-08-09 00:00:00","Fondo Errano 2025","T0","AIR_TEMP",27.7927083333333
"2025-08-10 00:00:00","Fondo Errano 2025","T0","AIR_TEMP",28.7095833333333
"2025-08-10 00:00:00","Fondo Errano 2025","T0","SOLAR_RAD",266.023809523809
"2025-08-10 00:00:00","Fondo Errano 2025","T0","AIR_HUM",58.3333333333333
"2025-08-10 00:00:00","Fondo Errano 2025","T0","WIND_GUST_MAX",6.6075
"2025-08-10 00:00:00","Fondo Errano 2025","T0","ET0",4.25574585365963
"2025-08-11 00:00:00","Fondo Errano 2025","T0","SOLAR_RAD",257.142857142857
"2025-08-11 00:00:00","Fondo Errano 2025","T0","AIR_HUM",60.2395833333333
"2025-08-11 00:00:00","Fondo Errano 2025","T0","WIND_GUST_MAX",6.5475
"2025-08-11 00:00:00","Fondo Errano 2025","T0","AIR_TEMP",27.9335416666667
"2025-08-11 00:00:00","Fondo Errano 2025","T0","ET0",3.57917976527689
"2025-08-12 00:00:00","Fondo Errano 2025","T0","AIR_TEMP",27.7189130434783
"2025-08-12 00:00:00","Fondo Errano 2025","T0","ET0",3.81363924906114
"2025-08-12 00:00:00","Fondo Errano 2025","T0","AIR_HUM",60.7304347826087
"2025-08-12 00:00:00","Fondo Errano 2025","T0","WIND_GUST_MAX",5.88521739130435
"2025-08-12 00:00:00","Fondo Errano 2025","T0","SOLAR_RAD",263.726708074534
"2025-08-13 00:00:00","Fondo Errano 2025","T0","AIR_HUM",63.4066666666667
"2025-08-13 00:00:00","Fondo Errano 2025","T0","SOLAR_RAD",219.492063492064
"2025-08-13 00:00:00","Fondo Errano 2025","T0","WIND_GUST_MAX",5.704
"2025-08-13 00:00:00","Fondo Errano 2025","T0","AIR_TEMP",27.1931111111111
"2025-08-13 00:00:00","Fondo Errano 2025","T0","ET0",3.60826867205674
"2025-08-14 00:00:00","Fondo Errano 2025","T0","AIR_HUM",60.7041666666667
"2025-08-14 00:00:00","Fondo Errano 2025","T0","WIND_GUST_MAX",5.51454545454545
"2025-08-14 00:00:00","Fondo Errano 2025","T0","ET0",2.97682244951812
"2025-08-14 00:00:00","Fondo Errano 2025","T0","AIR_TEMP",27.0389583333333
"2025-08-14 00:00:00","Fondo Errano 2025","T0","SOLAR_RAD",207.285714285714
"2025-08-15 00:00:00","Fondo Errano 2025","T0","SOLAR_RAD",230.484472049689
"2025-08-15 00:00:00","Fondo Errano 2025","T0","AIR_TEMP",27.1715217391304
"2025-08-15 00:00:00","Fondo Errano 2025","T0","ET0",3.60144519888938
"2025-08-15 00:00:00","Fondo Errano 2025","T0","AIR_HUM",52.5434782608696
"2025-08-15 00:00:00","Fondo Errano 2025","T0","WIND_GUST_MAX",7.46808510638298
"2025-08-16 00:00:00","Fondo Errano 2025","T0","ET0",3.75015925272961
"2025-08-16 00:00:00","Fondo Errano 2025","T0","WIND_GUST_MAX",6.39574468085107
"2025-08-16 00:00:00","Fondo Errano 2025","T0","SOLAR_RAD",251.118541033435
"2025-08-16 00:00:00","Fondo Errano 2025","T0","AIR_TEMP",27.7229787234043
"2025-08-16 00:00:00","Fondo Errano 2025","T0","AIR_HUM",49.7468085106383
"2025-08-17 00:00:00","Fondo Errano 2025","T0","AIR_HUM",53.7520833333333
"2025-08-17 00:00:00","Fondo Errano 2025","T0","WIND_GUST_MAX",6.045
"2025-08-17 00:00:00","Fondo Errano 2025","T0","ET0",3.01237983186187
"2025-08-17 00:00:00","Fondo Errano 2025","T0","AIR_TEMP",27.1010416666667
"2025-08-17 00:00:00","Fondo Errano 2025","T0","SOLAR_RAD",212.291666666667
"2025-08-18 00:00:00","Fondo Errano 2025","T0","AIR_HUM",63.38125
"2025-08-18 00:00:00","Fondo Errano 2025","T0","ET0",3.08468813879049
"2025-08-18 00:00:00","Fondo Errano 2025","T0","SOLAR_RAD",234.261904761905
"2025-08-18 00:00:00","Fondo Errano 2025","T0","AIR_TEMP",25.8139583333333
"2025-08-18 00:00:00","Fondo Errano 2025","T0","WIND_GUST_MAX",6.735
"2025-08-19 00:00:00","Fondo Errano 2025","T0","AIR_HUM",65.1666666666666
"2025-08-19 00:00:00","Fondo Errano 2025","T0","SOLAR_RAD",210.27380952381
"2025-08-19 00:00:00","Fondo Errano 2025","T0","WIND_GUST_MAX",4.8375
"2025-08-19 00:00:00","Fondo Errano 2025","T0","ET0",2.86970554472504
"2025-08-19 00:00:00","Fondo Errano 2025","T0","AIR_TEMP",25.0235416666667
"2025-08-20 00:00:00","Fondo Errano 2025","T0","SOLAR_RAD",142.059523809524
"2025-08-20 00:00:00","Fondo Errano 2025","T0","WIND_GUST_MAX",4.605
"2025-08-20 00:00:00","Fondo Errano 2025","T0","AIR_TEMP",24.1108333333333
"2025-08-20 00:00:00","Fondo Errano 2025","T0","AIR_HUM",74.63125
"2025-08-20 00:00:00","Fondo Errano 2025","T0","ET0",1.72669837231007
"2025-08-21 00:00:00","Fondo Errano 2025","T0","AIR_TEMP",21.3559574468085
"2025-08-21 00:00:00","Fondo Errano 2025","T0","WIND_GUST_MAX",3.95234042553192
"2025-08-21 00:00:00","Fondo Errano 2025","T0","SOLAR_RAD",138.38905775076
"2025-08-21 00:00:00","Fondo Errano 2025","T0","ET0",1.50182923252748
"2025-08-21 00:00:00","Fondo Errano 2025","T0","AIR_HUM",81.7191489361702
"2025-08-22 00:00:00","Fondo Errano 2025","T0","SOLAR_RAD",232.214285714286
"2025-08-22 00:00:00","Fondo Errano 2025","T0","AIR_TEMP",22.890625
"2025-08-22 00:00:00","Fondo Errano 2025","T0","AIR_HUM",70.26875
"2025-08-22 00:00:00","Fondo Errano 2025","T0","ET0",2.88946978097994
"2025-08-22 00:00:00","Fondo Errano 2025","T0","WIND_GUST_MAX",5.07
"2025-08-23 00:00:00","Fondo Errano 2025","T0","WIND_GUST_MAX",5.37
"2025-08-23 00:00:00","Fondo Errano 2025","T0","AIR_HUM",77.7333333333333
"2025-08-23 00:00:00","Fondo Errano 2025","T0","AIR_TEMP",21.5810416666667
"2025-08-23 00:00:00","Fondo Errano 2025","T0","ET0",2.05996006196382
"2025-08-23 00:00:00","Fondo Errano 2025","T0","SOLAR_RAD",181.732142857143
"2025-08-24 00:00:00","Fondo Errano 2025","T0","SOLAR_RAD",126.309523809524
"2025-08-24 00:00:00","Fondo Errano 2025","T0","ET0",1.27749098544266
"2025-08-24 00:00:00","Fondo Errano 2025","T0","WIND_GUST_MAX",5.1675
"2025-08-24 00:00:00","Fondo Errano 2025","T0","AIR_HUM",78.68125
"2025-08-24 00:00:00","Fondo Errano 2025","T0","AIR_TEMP",20.9860416666667
"2025-08-25 00:00:00","Fondo Errano 2025","T0","ET0",2.1000360147157
"2025-08-25 00:00:00","Fondo Errano 2025","T0","AIR_TEMP",21.5829166666667
"2025-08-25 00:00:00","Fondo Errano 2025","T0","AIR_HUM",78.38125
"2025-08-25 00:00:00","Fondo Errano 2025","T0","SOLAR_RAD",182.017857142857
"2025-08-25 00:00:00","Fondo Errano 2025","T0","WIND_GUST_MAX",3.4425
"2025-08-26 00:00:00","Fondo Errano 2025","T0","AIR_TEMP",24.27125
"2025-08-26 00:00:00","Fondo Errano 2025","T0","AIR_HUM",72.0458333333333
"2025-08-26 00:00:00","Fondo Errano 2025","T0","SOLAR_RAD",235.202380952381
"2025-08-26 00:00:00","Fondo Errano 2025","T0","WIND_GUST_MAX",4.92
"2025-08-26 00:00:00","Fondo Errano 2025","T0","ET0",2.99935734998709
"2025-08-27 00:00:00","Fondo Errano 2025","T0","ET0",2.4152085582908
"2025-08-27 00:00:00","Fondo Errano 2025","T0","AIR_HUM",74.4729166666667
"2025-08-27 00:00:00","Fondo Errano 2025","T0","WIND_GUST_MAX",4.005
"2025-08-27 00:00:00","Fondo Errano 2025","T0","SOLAR_RAD",184.386904761905
"2025-08-27 00:00:00","Fondo Errano 2025","T0","AIR_TEMP",24.0570833333333
"2025-08-28 00:00:00","Fondo Errano 2025","T0","AIR_TEMP",24.7283333333333
"2025-08-28 00:00:00","Fondo Errano 2025","T0","ET0",1.45321343826887
"2025-08-28 00:00:00","Fondo Errano 2025","T0","SOLAR_RAD",115.928571428571
"2025-08-28 00:00:00","Fondo Errano 2025","T0","AIR_HUM",73.5958333333333
"2025-08-28 00:00:00","Fondo Errano 2025","T0","WIND_GUST_MAX",5.1375
"2025-08-29 00:00:00","Fondo Errano 2025","T0","ET0",2.16611340625447
"2025-08-29 00:00:00","Fondo Errano 2025","T0","SOLAR_RAD",180.886904761905
"2025-08-29 00:00:00","Fondo Errano 2025","T0","AIR_HUM",66.6854166666667
"2025-08-29 00:00:00","Fondo Errano 2025","T0","WIND_GUST_MAX",7.11574468085106
"2025-08-29 00:00:00","Fondo Errano 2025","T0","AIR_TEMP",23.8497916666667
"2025-08-30 00:00:00","Fondo Errano 2025","T0","AIR_HUM",71.1148936170213
"2025-08-30 00:00:00","Fondo Errano 2025","T0","WIND_GUST_MAX",5.2875
"2025-08-30 00:00:00","Fondo Errano 2025","T0","SOLAR_RAD",114.243161094225
"2025-08-30 00:00:00","Fondo Errano 2025","T0","ET0",1.16938272964388
"2025-08-30 00:00:00","Fondo Errano 2025","T0","AIR_TEMP",20.6212765957447
"2025-08-31 00:00:00","Fondo Errano 2025","T0","WIND_GUST_MAX",6.4275
"2025-08-31 00:00:00","Fondo Errano 2025","T0","ET0",3.01788759742106
"2025-08-31 00:00:00","Fondo Errano 2025","T0","SOLAR_RAD",227.577380952381
"2025-08-31 00:00:00","Fondo Errano 2025","T0","AIR_TEMP",22.2302083333333
"2025-08-31 00:00:00","Fondo Errano 2025","T0","AIR_HUM",66.6208333333333
"2025-09-01 00:00:00","Fondo Errano 2025","T0","ET0",3.18800223312127
"2025-09-01 00:00:00","Fondo Errano 2025","T0","AIR_HUM",64.4729166666667
"2025-09-01 00:00:00","Fondo Errano 2025","T0","WIND_GUST_MAX",4.6425
"2025-09-01 00:00:00","Fondo Errano 2025","T0","AIR_TEMP",23.1666666666667
"2025-09-01 00:00:00","Fondo Errano 2025","T0","SOLAR_RAD",224.196428571429
"2025-09-02 00:00:00","Fondo Errano 2025","T0","AIR_HUM",80.275
"2025-09-02 00:00:00","Fondo Errano 2025","T0","SOLAR_RAD",154.184523809524
"2025-09-02 00:00:00","Fondo Errano 2025","T0","AIR_TEMP",20.4416666666667
"2025-09-02 00:00:00","Fondo Errano 2025","T0","ET0",1.56172182592777
"2025-09-02 00:00:00","Fondo Errano 2025","T0","WIND_GUST_MAX",4.515
"2025-09-03 00:00:00","Fondo Errano 2025","T0","AIR_HUM",65.5914893617021
"2025-09-03 00:00:00","Fondo Errano 2025","T0","AIR_TEMP",22.7806382978723
"2025-09-03 00:00:00","Fondo Errano 2025","T0","WIND_GUST_MAX",4.395
"2025-09-03 00:00:00","Fondo Errano 2025","T0","ET0",2.77861560547831
"2025-09-03 00:00:00","Fondo Errano 2025","T0","SOLAR_RAD",223.306990881459
"2025-09-04 00:00:00","Fondo Errano 2025","T0","ET0",2.88687313528454
"2025-09-04 00:00:00","Fondo Errano 2025","T0","AIR_TEMP",23.0934042553192
"2025-09-04 00:00:00","Fondo Errano 2025","T0","SOLAR_RAD",224.44376899696
"2025-09-04 00:00:00","Fondo Errano 2025","T0","WIND_GUST_MAX",5.7063829787234
"2025-09-04 00:00:00","Fondo Errano 2025","T0","AIR_HUM",66.0212765957447
"2025-09-05 00:00:00","Fondo Errano 2025","T0","AIR_TEMP",23.875
"2025-09-05 00:00:00","Fondo Errano 2025","T0","SOLAR_RAD",216.946428571429
"2025-09-05 00:00:00","Fondo Errano 2025","T0","AIR_HUM",60.6229166666667
"2025-09-05 00:00:00","Fondo Errano 2025","T0","WIND_GUST_MAX",5.8425
"2025-09-05 00:00:00","Fondo Errano 2025","T0","ET0",2.84303022149676
"2025-09-06 00:00:00","Fondo Errano 2025","T0","AIR_HUM",60.7083333333333
"2025-09-06 00:00:00","Fondo Errano 2025","T0","ET0",2.66263443726768
"2025-09-06 00:00:00","Fondo Errano 2025","T0","SOLAR_RAD",212.52380952381
"2025-09-06 00:00:00","Fondo Errano 2025","T0","AIR_TEMP",22.3622916666667
"2025-09-06 00:00:00","Fondo Errano 2025","T0","WIND_GUST_MAX",5.0175
"2025-09-07 00:00:00","Fondo Errano 2025","T0","WIND_GUST_MAX",6.38808510638298
"2025-09-07 00:00:00","Fondo Errano 2025","T0","AIR_HUM",63.7395833333333
"2025-09-07 00:00:00","Fondo Errano 2025","T0","ET0",2.53592877360061
"2025-09-07 00:00:00","Fondo Errano 2025","T0","SOLAR_RAD",201.297619047619
"2025-09-07 00:00:00","Fondo Errano 2025","T0","AIR_TEMP",21.9397916666667
"2025-09-08 00:00:00","Fondo Errano 2025","T0","WIND_GUST_MAX",4.9125
"2025-09-08 00:00:00","Fondo Errano 2025","T0","AIR_HUM",68.5520833333333
"2025-09-08 00:00:00","Fondo Errano 2025","T0","AIR_TEMP",21.9377083333333
"2025-09-08 00:00:00","Fondo Errano 2025","T0","SOLAR_RAD",163.416666666667
"2025-09-08 00:00:00","Fondo Errano 2025","T0","ET0",1.94089396885586
"2025-09-09 00:00:00","Fondo Errano 2025","T0","WIND_GUST_MAX",4.38
"2025-09-09 00:00:00","Fondo Errano 2025","T0","ET0",1.14940094953937
"2025-09-09 00:00:00","Fondo Errano 2025","T0","AIR_HUM",79.4625
"2025-09-09 00:00:00","Fondo Errano 2025","T0","SOLAR_RAD",101.958333333333
"2025-09-09 00:00:00","Fondo Errano 2025","T0","AIR_TEMP",21.311875
"2025-09-10 00:00:00","Fondo Errano 2025","T0","AIR_TEMP",19.7245833333333
"2025-09-10 00:00:00","Fondo Errano 2025","T0","SOLAR_RAD",53.1607142857143
"2025-09-10 00:00:00","Fondo Errano 2025","T0","ET0",0.36393221616902
"2025-09-10 00:00:00","Fondo Errano 2025","T0","AIR_HUM",88.8479166666667
"2025-09-10 00:00:00","Fondo Errano 2025","T0","WIND_GUST_MAX",3.27
"2025-09-11 00:00:00","Fondo Errano 2025","T0","SOLAR_RAD",199
"2025-09-11 00:00:00","Fondo Errano 2025","T0","WIND_GUST_MAX",11.07
"2025-09-11 00:00:00","Fondo Errano 2025","T0","ET0",2.12752270936369
"2025-09-11 00:00:00","Fondo Errano 2025","T0","AIR_TEMP",23.4610416666667
"2025-09-11 00:00:00","Fondo Errano 2025","T0","AIR_HUM",59.01875
"2025-09-12 00:00:00","Fondo Errano 2025","T0","AIR_HUM",62.0645833333333
"2025-09-12 00:00:00","Fondo Errano 2025","T0","ET0",2.18788570417406
"2025-09-12 00:00:00","Fondo Errano 2025","T0","AIR_TEMP",22.6664583333333
"2025-09-12 00:00:00","Fondo Errano 2025","T0","SOLAR_RAD",173.285714285714
"2025-09-12 00:00:00","Fondo Errano 2025","T0","WIND_GUST_MAX",4.755
"2025-09-13 00:00:00","Fondo Errano 2025","T0","AIR_TEMP",21.24625
"2025-09-13 00:00:00","Fondo Errano 2025","T0","SOLAR_RAD",165.095238095238
"2025-09-13 00:00:00","Fondo Errano 2025","T0","WIND_GUST_MAX",3.83744680851064
"2025-09-13 00:00:00","Fondo Errano 2025","T0","AIR_HUM",69.83125
"2025-09-13 00:00:00","Fondo Errano 2025","T0","ET0",1.97009886231525
"2025-09-14 00:00:00","Fondo Errano 2025","T0","SOLAR_RAD",154.636904761905
"2025-09-14 00:00:00","Fondo Errano 2025","T0","ET0",1.56891119956426
"2025-09-14 00:00:00","Fondo Errano 2025","T0","AIR_HUM",64.7895833333334
"2025-09-14 00:00:00","Fondo Errano 2025","T0","AIR_TEMP",22.318125
"2025-09-14 00:00:00","Fondo Errano 2025","T0","WIND_GUST_MAX",7.98
"2025-09-15 00:00:00","Fondo Errano 2025","T0","AIR_TEMP",22.63375
"2025-09-15 00:00:00","Fondo Errano 2025","T0","SOLAR_RAD",181.017857142857
"2025-09-15 00:00:00","Fondo Errano 2025","T0","ET0",2.25544896784454
"2025-09-15 00:00:00","Fondo Errano 2025","T0","AIR_HUM",69.70625
"2025-09-15 00:00:00","Fondo Errano 2025","T0","WIND_GUST_MAX",3.8325
"2025-09-16 00:00:00","Fondo Errano 2025","T0","SOLAR_RAD",184.315476190476
"2025-09-16 00:00:00","Fondo Errano 2025","T0","AIR_TEMP",23.14125
"2025-09-16 00:00:00","Fondo Errano 2025","T0","ET0",2.34170819480165
"2025-09-16 00:00:00","Fondo Errano 2025","T0","AIR_HUM",65.38125
"2025-09-16 00:00:00","Fondo Errano 2025","T0","WIND_GUST_MAX",8.5875
"2025-09-17 00:00:00","Fondo Errano 2025","T0","SOLAR_RAD",109.041666666667
"2025-09-17 00:00:00","Fondo Errano 2025","T0","ET0",1.25526577506284
"2025-09-17 00:00:00","Fondo Errano 2025","T0","AIR_TEMP",21.2122916666667
"2025-09-17 00:00:00","Fondo Errano 2025","T0","AIR_HUM",72.5833333333333
"2025-09-17 00:00:00","Fondo Errano 2025","T0","WIND_GUST_MAX",4.5675
"2025-09-18 00:00:00","Fondo Errano 2025","T0","SOLAR_RAD",187.904761904762
"2025-09-18 00:00:00","Fondo Errano 2025","T0","ET0",2.37896737522306
"2025-09-18 00:00:00","Fondo Errano 2025","T0","AIR_TEMP",21.74625
"2025-09-18 00:00:00","Fondo Errano 2025","T0","AIR_HUM",69.8979166666667
"2025-09-18 00:00:00","Fondo Errano 2025","T0","WIND_GUST_MAX",5.895
"2025-09-19 00:00:00","Fondo Errano 2025","T0","SOLAR_RAD",182.589285714286
"2025-09-19 00:00:00","Fondo Errano 2025","T0","WIND_GUST_MAX",5.265
"2025-09-19 00:00:00","Fondo Errano 2025","T0","AIR_TEMP",22.5875
"2025-09-19 00:00:00","Fondo Errano 2025","T0","ET0",2.31931794301279
"2025-09-19 00:00:00","Fondo Errano 2025","T0","AIR_HUM",70.0395833333333
"2025-09-20 00:00:00","Fondo Errano 2025","T0","AIR_TEMP",23.19875
"2025-09-20 00:00:00","Fondo Errano 2025","T0","SOLAR_RAD",180.636904761905
"2025-09-20 00:00:00","Fondo Errano 2025","T0","WIND_GUST_MAX",6.0225
"2025-09-20 00:00:00","Fondo Errano 2025","T0","ET0",2.32891139937637
"2025-09-20 00:00:00","Fondo Errano 2025","T0","AIR_HUM",70.8020833333333
"2025-09-21 00:00:00","Fondo Errano 2025","T0","AIR_TEMP",23.278125
"2025-09-21 00:00:00","Fondo Errano 2025","T0","AIR_HUM",72.6208333333333
"2025-09-21 00:00:00","Fondo Errano 2025","T0","SOLAR_RAD",168.375
"2025-09-21 00:00:00","Fondo Errano 2025","T0","ET0",2.28584720614216
"2025-09-21 00:00:00","Fondo Errano 2025","T0","WIND_GUST_MAX",5.1
"2025-09-22 00:00:00","Fondo Errano 2025","T0","SOLAR_RAD",63.7678571428571
"2025-09-22 00:00:00","Fondo Errano 2025","T0","AIR_HUM",74.4229166666667
"2025-09-22 00:00:00","Fondo Errano 2025","T0","WIND_GUST_MAX",5.04
"2025-09-22 00:00:00","Fondo Errano 2025","T0","AIR_TEMP",20.324375
"2025-09-22 00:00:00","Fondo Errano 2025","T0","ET0",0.727943871492701
"2025-09-23 00:00:00","Fondo Errano 2025","T0","AIR_TEMP",21.3775
"2025-09-23 00:00:00","Fondo Errano 2025","T0","SOLAR_RAD",117.089285714286
"2025-09-23 00:00:00","Fondo Errano 2025","T0","AIR_HUM",75.275
"2025-09-23 00:00:00","Fondo Errano 2025","T0","WIND_GUST_MAX",3.63
"2025-09-23 00:00:00","Fondo Errano 2025","T0","ET0",1.29745857451296
"2025-09-24 00:00:00","Fondo Errano 2025","T0","ET0",1.7734139682814
"2025-09-24 00:00:00","Fondo Errano 2025","T0","SOLAR_RAD",165.321428571429
"2025-09-24 00:00:00","Fondo Errano 2025","T0","WIND_GUST_MAX",5.955
"2025-09-24 00:00:00","Fondo Errano 2025","T0","AIR_TEMP",20.1666666666667
"2025-09-24 00:00:00","Fondo Errano 2025","T0","AIR_HUM",66.24375
"2025-09-25 00:00:00","Fondo Errano 2025","T0","SOLAR_RAD",89.5
"2025-09-25 00:00:00","Fondo Errano 2025","T0","AIR_HUM",71.38125
"2025-09-25 00:00:00","Fondo Errano 2025","T0","AIR_TEMP",16.084375
"2025-09-25 00:00:00","Fondo Errano 2025","T0","ET0",0.835185371660509
"2025-09-25 00:00:00","Fondo Errano 2025","T0","WIND_GUST_MAX",4.7336170212766
"2025-09-26 00:00:00","Fondo Errano 2025","T0","ET0",0.836037621927048
"2025-09-26 00:00:00","Fondo Errano 2025","T0","AIR_HUM",71.9416666666667
"2025-09-26 00:00:00","Fondo Errano 2025","T0","AIR_TEMP",17.8085416666667
"2025-09-26 00:00:00","Fondo Errano 2025","T0","SOLAR_RAD",87.5416666666667
"2025-09-26 00:00:00","Fondo Errano 2025","T0","WIND_GUST_MAX",3.88340425531915
"2025-09-27 00:00:00","Fondo Errano 2025","T0","SOLAR_RAD",128.363095238095
"2025-09-27 00:00:00","Fondo Errano 2025","T0","AIR_HUM",69.8625
"2025-09-27 00:00:00","Fondo Errano 2025","T0","AIR_TEMP",17.113125
"2025-09-27 00:00:00","Fondo Errano 2025","T0","ET0",1.25493347382088
"2025-09-27 00:00:00","Fondo Errano 2025","T0","WIND_GUST_MAX",5.79
"2025-09-28 00:00:00","Fondo Errano 2025","T0","ET0",0.727855575738952
"2025-09-28 00:00:00","Fondo Errano 2025","T0","SOLAR_RAD",86.7321428571429
"2025-09-28 00:00:00","Fondo Errano 2025","T0","AIR_HUM",81.9229166666667
"2025-09-28 00:00:00","Fondo Errano 2025","T0","AIR_TEMP",15.2289583333333
"2025-09-28 00:00:00","Fondo Errano 2025","T0","WIND_GUST_MAX",5.0175
"2025-09-29 00:00:00","Fondo Errano 2025","T0","WIND_GUST_MAX",6.51
"2025-09-29 00:00:00","Fondo Errano 2025","T0","AIR_TEMP",17.3410416666667
"2025-09-29 00:00:00","Fondo Errano 2025","T0","AIR_HUM",71.3583333333333
"2025-09-29 00:00:00","Fondo Errano 2025","T0","ET0",1.72115690659753
"2025-09-29 00:00:00","Fondo Errano 2025","T0","SOLAR_RAD",159.226190476191
"2025-09-30 00:00:00","Fondo Errano 2025","T0","WIND_GUST_MAX",4.74
"2025-09-30 00:00:00","Fondo Errano 2025","T0","SOLAR_RAD",141.744047619048
"2025-09-30 00:00:00","Fondo Errano 2025","T0","ET0",1.53725078023604
"2025-09-30 00:00:00","Fondo Errano 2025","T0","AIR_HUM",72.5291666666667
"2025-09-30 00:00:00","Fondo Errano 2025","T0","AIR_TEMP",16.6379166666667
"2025-10-01 00:00:00","Fondo Errano 2025","T0","SOLAR_RAD",57.4832826747721
"2025-10-01 00:00:00","Fondo Errano 2025","T0","WIND_GUST_MAX",3.495
"2025-10-01 00:00:00","Fondo Errano 2025","T0","AIR_HUM",84.2127659574468
"2025-10-01 00:00:00","Fondo Errano 2025","T0","AIR_TEMP",14.3597872340426
"2025-10-01 00:00:00","Fondo Errano 2025","T0","ET0",0.498503296434256
"2025-10-02 00:00:00","Fondo Errano 2025","T0","AIR_TEMP",11.8785416666667
"2025-10-02 00:00:00","Fondo Errano 2025","T0","AIR_HUM",71.4520833333333
"2025-10-02 00:00:00","Fondo Errano 2025","T0","SOLAR_RAD",146.041666666667
"2025-10-02 00:00:00","Fondo Errano 2025","T0","WIND_GUST_MAX",8.34893617021277
"2025-10-02 00:00:00","Fondo Errano 2025","T0","ET0",1.24421150244717
"2025-10-03 00:00:00","Fondo Errano 2025","T0","AIR_TEMP",9.631
"2025-10-03 00:00:00","Fondo Errano 2025","T0","SOLAR_RAD",28.5571428571429
"2025-10-03 00:00:00","Fondo Errano 2025","T0","WIND_GUST_MAX",4.2821052631579
"2025-10-03 00:00:00","Fondo Errano 2025","T0","AIR_HUM",80.63
