timestamp,soil_texture,scenario,r,rOld,kp,ki,irrigation_strategy,irrigation_frequency,delta,deltaOld,et0,opt_avg,obs_avg,daily_pluv
1625986800,silty,2021,0.26006297399719985,0,10,3,SMARTER,2,3.3808186619635983,0,7.909412676835701,4.71830645976308,4.97836943376028,0.0
1626073200,silty,2021,0.3906002132175609,0.26006297399719985,10,3,SMARTER,2,0,3.3808186619635983,8.171899400888595,4.71830645976308,5.108906672980641,0.0
1626159600,silty,2021,0.5512689208126071,0.26006297399719985,10,3,SMARTER,2,7.946684892555493,3.3808186619635983,7.307248568315713,4.71830645976308,5.269575380575687,49.2
1626246000,silty,2021,-0.4977427537540707,0.5512689208126071,10,3,SMARTER,2,0,7.946684892555493,3.7200181370317593,4.71830645976308,4.272201602394996,0.0
1626332400,silty,2021,-0.3767251735953641,0.5512689208126071,10,3,SMARTER,2,0,7.946684892555493,6.588938290136868,4.71830645976308,4.341581286167716,0.0
1626418800,silty,2021,-0.24775060433784835,-0.3767251735953641,10,3,SMARTER,2,0,0,4.2070949143533625,4.71830645976308,4.470555855425232,10.8
1626505200,silty,2021,-0.38060358348779,-0.3767251735953641,10,3,SMARTER,2,0,0,1.7206288405645938,4.71830645976308,4.33770287627529,0.8
1626591600,silty,2021,-0.34609349986375393,-0.38060358348779,10,3,SMARTER,2,0,0,2.3398193330169916,4.71830645976308,4.3722129598993265,0.0
1626678000,silty,2021,-0.13878988910262582,-0.38060358348779,10,3,SMARTER,2,2.0017672765437644,0,5.542148180411579,4.71830645976308,4.579516570660455,0.0
1626764400,silty,2021,0.057723191489929875,-0.13878988910262582,10,3,SMARTER,2,0,2.0017672765437644,6.336708517861463,4.71830645976308,4.77602965125301,0.0
1626850800,silty,2021,0.30903082482464006,-0.13878988910262582,10,3,SMARTER,2,7.407066890290343,2.0017672765437644,7.723088615724408,4.71830645976308,5.027337284587721,0.0
1626937200,silty,2021,0.300717204010741,0.30903082482464006,10,3,SMARTER,2,0,7.407066890290343,6.384988487195638,4.71830645976308,5.0190236637738215,0.0
1627023600,silty,2021,0.4666044843774397,0.30903082482464006,10,3,SMARTER,2,10.382616938950658,7.407066890290343,6.724001721462045,4.71830645976308,5.18491094414052,0.0
1627110000,silty,2021,0.362516089246413,0.4666044843774397,10,3,SMARTER,2,0,10.382616938950658,6.639604206034317,4.71830645976308,5.08647119941886,0.0
1627196400,silty,2021,0.4726353513773657,0.4666044843774397,10,3,SMARTER,2,11.860831663082015,10.382616938950658,6.068344799075018,4.71830645976308,5.190941811140446,0.0
1627282800,silty,2021,0.27148410149664326,0.4726353513773657,10,3,SMARTER,2,0,11.860831663082015,3.7441148307248353,4.71830645976308,5.010969227035396,0.0
1627369200,silty,2021,0.3416958523159519,0.4726353513773657,10,3,SMARTER,2,11.576524229415734,11.860831663082015,5.25782491390273,4.71830645976308,5.060002312079032,1.0
1627455600,silty,2021,0.14223398564930292,0.3416958523159519,10,3,SMARTER,2,0,11.576524229415734,4.067188753317478,4.71830645976308,4.887806611109004,0.0
1627542000,silty,2021,0.2304264433350796,0.3416958523159519,10,3,SMARTER,2,11.155109469612249,11.576524229415734,5.501441403272102,4.71830645976308,4.9487329030981595,0.0
1627628400,silty,2021,0.1433035817692287,0.2304264433350796,10,3,SMARTER,2,0,11.155109469612249,7.363960029273559,4.71830645976308,4.883791821395605,0.0
1627714800,silty,2021,0.3065873238964618,0.2304264433350796,10,3,SMARTER,2,12.836480246915457,11.155109469612249,8.127164249908118,4.71830645976308,5.024893783659542,0.0
1627801200,silty,2021,0.13276398930109265,0.3065873238964618,10,3,SMARTER,2,0,12.836480246915457,7.011084171391055,4.71830645976308,4.905113060054406,9.0
1627887600,silty,2021,0.16937578477264412,0.3065873238964618,10,3,SMARTER,2,11.972492209995213,12.836480246915457,7.304828236834061,4.71830645976308,4.887682244535724,0.0
1627974000,silty,2021,0.05348943933536338,0.16937578477264412,10,3,SMARTER,2,0,11.972492209995213,7.320018177389831,4.71830645976308,4.801864454043909,0.0
1628060400,silty,2021,0.2154634929480755,0.16937578477264412,10,3,SMARTER,2,13.079759770593753,11.972492209995213,8.239496207860649,4.71830645976308,4.933769952711156,0.0
1628146800,silty,2021,0.03040590184178244,0.2154634929480755,10,3,SMARTER,2,0,13.079759770593753,4.198759507591638,4.71830645976308,4.782473502653478,0.0
1628233200,silty,2021,0.19780934624646854,0.2154634929480755,10,3,SMARTER,2,13.496646342317089,13.079759770593753,8.25634687060054,4.71830645976308,4.9161158060095485,0.0
1628319600,silty,2021,0.1009651747173752,0.19780934624646854,10,3,SMARTER,2,0,13.496646342317089,7.823891414052509,4.71830645976308,4.850394962062664,0.0
1628406000,silty,2021,0.2152960947867549,0.19780934624646854,10,3,SMARTER,2,14.317402112080217,13.496646342317089,6.8058425683475985,4.71830645976308,4.933602554549835,0.0
1628492400,silty,2021,0.11234428803913524,0.2152960947867549,10,3,SMARTER,2,0,14.317402112080217,8.235329351972808,4.71830645976308,4.864675771222847,0.0
1625986800,silty,2021,0.26006297399719985,0,10,3,SMARTER,1,3.3808186619635983,0,7.909412676835701,4.71830645976308,4.97836943376028,0.0
1626073200,silty,2021,0.3906002132175609,0.26006297399719985,10,3,SMARTER,1,5.857991693819891,3.3808186619635983,8.171899400888595,4.71830645976308,5.108906672980641,0.0
1626159600,silty,2021,0.413482343230234,0.3906002132175609,10,3,SMARTER,1,7.327260023637323,5.857991693819891,7.307248568315713,4.71830645976308,5.131788802993314,49.2
1626246000,silty,2021,-0.6683209581588957,0.413482343230234,10,3,SMARTER,1,0,7.327260023637323,3.7200181370317593,4.71830645976308,4.122938241813773,0.0
1626332400,silty,2021,-0.5068016410770658,-0.6683209581588957,10,3,SMARTER,1,0,0,6.588938290136868,4.71830645976308,4.211504818686015,0.0
1626418800,silty,2021,-0.36394563748953235,-0.5068016410770658,10,3,SMARTER,1,0,0,4.2070949143533625,4.71830645976308,4.354360822273548,10.8
1626505200,silty,2021,-0.4917787212023336,-0.36394563748953235,10,3,SMARTER,1,0,0,1.7206288405645938,4.71830645976308,4.226527738560747,0.8
1626591600,silty,2021,-0.449957582444128,-0.4917787212023336,10,3,SMARTER,1,0,0,2.3398193330169916,4.71830645976308,4.268348877318952,0.0
1626678000,silty,2021,-0.2308999183828171,-0.449957582444128,10,3,SMARTER,1,1.4978768854646576,0,5.542148180411579,4.71830645976308,4.487406541380263,0.0
1626764400,silty,2021,-0.011169734001949812,-0.2308999183828171,10,3,SMARTER,1,3.6616695272674806,1.4978768854646576,6.336708517861463,4.71830645976308,4.7071367257611305,0.0
1626850800,silty,2021,0.16535898427632395,-0.011169734001949812,10,3,SMARTER,1,5.92303366287919,3.6616695272674806,7.723088615724408,4.71830645976308,4.883665444039404,0.0
1626937200,silty,2021,0.2139259063170042,0.16535898427632395,10,3,SMARTER,1,7.0504806022370055,5.92303366287919,6.384988487195638,4.71830645976308,4.932232366080084,0.0
1627023600,silty,2021,0.22727685238642928,0.2139259063170042,10,3,SMARTER,1,7.8658206200905445,7.0504806022370055,6.724001721462045,4.71830645976308,4.94558331214951,0.0
1627110000,silty,2021,0.19730913665395933,0.22727685238642928,10,3,SMARTER,1,8.158070872727723,7.8658206200905445,6.639604206034317,4.71830645976308,4.916470738855009,0.0
1627196400,silty,2021,0.13180817410052614,0.19730913665395933,10,3,SMARTER,1,7.89848576949497,8.158070872727723,6.068344799075018,4.71830645976308,4.854091565316003,0.0
1627282800,silty,2021,0.011864429570615776,0.13180817410052614,10,3,SMARTER,1,6.734641612907714,7.89848576949497,3.7441148307248353,4.71830645976308,4.737185959108069,0.0
1627369200,silty,2021,-0.03115811561822368,0.011864429570615776,10,3,SMARTER,1,6.210941814164649,6.734641612907714,5.25782491390273,4.71830645976308,4.68969396025682,1.0
1627455600,silty,2021,-0.09394514189816268,-0.03115811561822368,10,3,SMARTER,1,5.301236125670771,6.210941814164649,4.067188753317478,4.71830645976308,4.625861462051783,0.0
1627542000,silty,2021,-0.06911254939014527,-0.09394514189816268,10,3,SMARTER,1,5.342224402580509,5.301236125670771,5.501441403272102,4.71830645976308,4.649193910372935,0.0
1627628400,silty,2021,0.02067618465948091,-0.06911254939014527,10,3,SMARTER,1,6.302140297055214,5.342224402580509,7.363960029273559,4.71830645976308,4.738982644422562,0.0
1627714800,silty,2021,0.10042361777664885,0.02067618465948091,10,3,SMARTER,1,7.40088548155684,6.302140297055214,8.127164249908118,4.71830645976308,4.818730077539729,0.0
1627801200,silty,2021,0.07631403921098998,0.10042361777664885,10,3,SMARTER,1,7.388731813533221,7.40088548155684,7.011084171391055,4.71830645976308,4.807131300310869,9.0
1627887600,silty,2021,-0.025798829272916088,0.07631403921098998,10,3,SMARTER,1,6.290206640875412,7.388731813533221,7.304828236834061,4.71830645976308,4.697576969391207,0.0
1627974000,silty,2021,-0.006679828994384964,-0.025798829272916088,10,3,SMARTER,1,6.461357156677568,6.290206640875412,7.320018177389831,4.71830645976308,4.711805438067259,0.0
1628060400,silty,2021,0.05931096363466166,-0.006679828994384964,10,3,SMARTER,1,7.299197973872019,6.461357156677568,8.239496207860649,4.71830645976308,4.777617423397742,0.0
1628146800,silty,2021,-0.0075465313325494094,0.05931096363466166,10,3,SMARTER,1,6.60798343020226,7.299197973872019,4.198759507591638,4.71830645976308,4.712668434136777,0.0
1628233200,silty,2021,0.06755493584594419,-0.0075465313325494094,10,3,SMARTER,1,7.561662909525029,6.60798343020226,8.25634687060054,4.71830645976308,4.785861395609024,0.0
1628319600,silty,2021,0.09417021684726465,0.06755493584594419,10,3,SMARTER,1,8.110326370080028,7.561662909525029,7.823891414052509,4.71830645976308,4.813817696477958,0.0
1628406000,silty,2021,0.073478063730644,0.09417021684726465,10,3,SMARTER,1,8.123839030105753,8.110326370080028,6.8058425683475985,4.71830645976308,4.7964582081815585,0.0
1628492400,silty,2021,0.08640873971603004,0.073478063730644,10,3,SMARTER,1,8.512372009107702,8.123839030105753,8.235329351972808,4.71830645976308,4.808602661970778,0.0
1625986800,silty,2021,0.26006297399719985,0,10,3,SMARTER,3,3.3808186619635983,0,7.909412676835701,4.71830645976308,4.97836943376028,0.0
1626073200,silty,2021,0.3906002132175609,0.26006297399719985,10,3,SMARTER,3,0,3.3808186619635983,8.171899400888595,4.71830645976308,5.108906672980641,0.0
1626159600,silty,2021,0.5512689208126071,0.26006297399719985,10,3,SMARTER,3,0,3.3808186619635983,7.307248568315713,4.71830645976308,5.269575380575687,49.2
1626246000,silty,2021,-0.24358591523385675,0.26006297399719985,10,3,SMARTER,3,0,3.3808186619635983,3.7200181370317593,4.71830645976308,4.475113472215727,0.0
1626332400,silty,2021,-0.1284387210264949,-0.24358591523385675,10,3,SMARTER,3,0,0,6.588938290136868,4.71830645976308,4.589867738736586,0.0
1626418800,silty,2021,-0.022066713409123695,-0.24358591523385675,10,3,SMARTER,3,0,0,4.2070949143533625,4.71830645976308,4.696239746353957,10.8
1626505200,silty,2021,-0.15726456746627243,-0.24358591523385675,10,3,SMARTER,3,0.3914197752770259,0,1.7206288405645938,4.71830645976308,4.5610418922968075,0.8
1626591600,silty,2021,-0.14738145994531673,-0.15726456746627243,10,3,SMARTER,3,0,0.3914197752770259,2.3398193330169916,4.71830645976308,4.5709249998177635,0.0
1626678000,silty,2021,0.03695932559900159,-0.15726456746627243,10,3,SMARTER,3,0,0.3914197752770259,5.542148180411579,4.71830645976308,4.755265785362082,0.0
1626764400,silty,2021,0.251301568984079,-0.15726456746627243,10,3,SMARTER,3,5.230985846732777,0.3914197752770259,6.336708517861463,4.71830645976308,4.969608028747159,0.0
1626850800,silty,2021,0.3444851136239575,0.251301568984079,10,3,SMARTER,3,0,5.230985846732777,7.723088615724408,4.71830645976308,5.062791573387038,0.0
1626937200,silty,2021,0.5064681307938297,0.251301568984079,10,3,SMARTER,3,0,5.230985846732777,6.384988487195638,4.71830645976308,5.22477459055691,0.0
1627023600,silty,2021,0.659259027571331,0.251301568984079,10,3,SMARTER,3,11.28833751531929,5.230985846732777,6.724001721462045,4.71830645976308,5.377565487334412,0.0
1627110000,silty,2021,0.5090544719583362,0.659259027571331,10,3,SMARTER,3,0,11.28833751531929,6.639604206034317,4.71830645976308,5.233886830239493,0.0
1627196400,silty,2021,0.5924484229571144,0.659259027571331,10,3,SMARTER,3,0,11.28833751531929,6.068344799075018,4.71830645976308,5.310754882720195,0.0
1627282800,silty,2021,0.6583449325864378,0.659259027571331,10,3,SMARTER,3,13.254231363229671,11.28833751531929,3.7441148307248353,4.71830645976308,5.376651392349518,0.0
1627369200,silty,2021,0.4389018286210797,0.6583449325864378,10,3,SMARTER,3,0,13.254231363229671,5.25782491390273,4.71830645976308,5.176174846988279,1.0
1627455600,silty,2021,0.44062426924636205,0.6583449325864378,10,3,SMARTER,3,0,13.254231363229671,4.067188753317478,4.71830645976308,5.158930729009442,0.0
1627542000,silty,2021,0.5443915158374768,0.6583449325864378,10,3,SMARTER,3,13.747871743252492,13.254231363229671,5.501441403272102,4.71830645976308,5.262697975600557,0.0
1627628400,silty,2021,0.37290828036320905,0.5443915158374768,10,3,SMARTER,3,0,13.747871743252492,7.363960029273559,4.71830645976308,5.113090072510288,0.0
1627714800,silty,2021,0.45944196942402094,0.5443915158374768,10,3,SMARTER,3,0,13.747871743252492,8.127164249908118,4.71830645976308,5.177748429187101,0.0
1627801200,silty,2021,0.5958738751527377,0.5443915158374768,10,3,SMARTER,3,16.050316961863317,13.747871743252492,7.011084171391055,4.71830645976308,5.314180334915818,9.0
1627887600,silty,2021,0.2791671007415772,0.5958738751527377,10,3,SMARTER,3,0,16.050316961863317,7.304828236834061,4.71830645976308,5.033233170087415,0.0
1627974000,silty,2021,0.3042068507602238,0.5958738751527377,10,3,SMARTER,3,0,16.050316961863317,7.320018177389831,4.71830645976308,5.022513310523304,0.0
1628060400,silty,2021,0.4806361048204247,0.5958738751527377,10,3,SMARTER,3,16.33984757300146,16.050316961863317,8.239496207860649,4.71830645976308,5.198942564583505,0.0
1628146800,silty,2021,0.23118185248641265,0.4806361048204247,10,3,SMARTER,3,0,16.33984757300146,4.198759507591638,4.71830645976308,4.982638408936393,0.0
1628233200,silty,2021,0.3125386598904665,0.4806361048204247,10,3,SMARTER,3,0,16.33984757300146,8.25634687060054,4.71830645976308,5.030845119653547,0.0
1628319600,silty,2021,0.4875736667099313,0.4806361048204247,10,3,SMARTER,3,17.87194419202632,16.33984757300146,7.823891414052509,4.71830645976308,5.205880126473011,0.0
1628406000,silty,2021,0.2636026586813924,0.4875736667099313,10,3,SMARTER,3,0,17.87194419202632,6.8058425683475985,4.71830645976308,5.016972812894574,0.0
1628492400,silty,2021,0.3132856773186549,0.4875736667099313,10,3,SMARTER,3,0,17.87194419202632,8.235329351972808,4.71830645976308,5.031592137081735,0.0
1625986800,silty,2021,0.26006297399719985,0,10,3,SMARTER,7,3.3808186619635983,0,7.909412676835701,4.71830645976308,4.97836943376028,0.0
1626073200,silty,2021,0.3906002132175609,0.26006297399719985,10,3,SMARTER,7,0,3.3808186619635983,8.171899400888595,4.71830645976308,5.108906672980641,0.0
1626159600,silty,2021,0.5512689208126071,0.26006297399719985,10,3,SMARTER,7,0,3.3808186619635983,7.307248568315713,4.71830645976308,5.269575380575687,49.2
1626246000,silty,2021,-0.24358591523385675,0.26006297399719985,10,3,SMARTER,7,0,3.3808186619635983,3.7200181370317593,4.71830645976308,4.475113472215727,0.0
1626332400,silty,2021,-0.1284387210264949,0.26006297399719985,10,3,SMARTER,7,0,3.3808186619635983,6.588938290136868,4.71830645976308,4.589867738736586,0.0
1626418800,silty,2021,-0.022066713409123695,0.26006297399719985,10,3,SMARTER,7,0,3.3808186619635983,4.2070949143533625,4.71830645976308,4.696239746353957,10.8
1626505200,silty,2021,-0.15726456746627243,0.26006297399719985,10,3,SMARTER,7,0,3.3808186619635983,1.7206288405645938,4.71830645976308,4.5610418922968075,0.8
1626591600,silty,2021,-0.13769975359689754,0.26006297399719985,10,3,SMARTER,7,0,3.3808186619635983,2.3398193330169916,4.71830645976308,4.580606706166183,0.0
1626678000,silty,2021,0.0479148767888705,-0.13769975359689754,10,3,SMARTER,7,0,0,5.542148180411579,4.71830645976308,4.766221336551951,0.0
1626764400,silty,2021,0.26115982988663156,-0.13769975359689754,10,3,SMARTER,7,0,0,6.336708517861463,4.71830645976308,4.979466289649712,0.0
1626850800,silty,2021,0.478202980401932,-0.13769975359689754,10,3,SMARTER,7,0,0,7.723088615724408,4.71830645976308,5.196509440165012,0.0
1626937200,silty,2021,0.6279577126930656,-0.13769975359689754,10,3,SMARTER,7,0,0,6.384988487195638,4.71830645976308,5.346264172456146,0.0
1627023600,silty,2021,0.761415388337067,-0.13769975359689754,10,3,SMARTER,7,0,0,6.724001721462045,4.71830645976308,5.479721848100147,0.0
1627110000,silty,2021,0.8700598727458786,-0.13769975359689754,10,3,SMARTER,7,0,0,6.639604206034317,4.71830645976308,5.588366332508959,0.0
1627196400,silty,2021,0.9500591930054265,-0.13769975359689754,10,3,SMARTER,7,13.72776704503952,0,6.068344799075018,4.71830645976308,5.6683656527685065,0.0
1627282800,silty,2021,0.6759825823311131,0.9500591930054265,10,3,SMARTER,7,0,13.72776704503952,3.7441148307248353,4.71830645976308,5.402602911060295,0.0
1627369200,silty,2021,0.6771442983691526,0.9500591930054265,10,3,SMARTER,7,0,13.72776704503952,5.25782491390273,4.71830645976308,5.395450758132233,1.0
1627455600,silty,2021,0.7291580597585696,0.9500591930054265,10,3,SMARTER,7,0,13.72776704503952,4.067188753317478,4.71830645976308,5.44746451952165,0.0
1627542000,silty,2021,0.8009267580200286,0.9500591930054265,10,3,SMARTER,7,0,13.72776704503952,5.501441403272102,4.71830645976308,5.519233217783109,0.0
1627628400,silty,2021,0.8780939186647037,0.9500591930054265,10,3,SMARTER,7,0,13.72776704503952,7.363960029273559,4.71830645976308,5.596400378427784,0.0
1627714800,silty,2021,0.9394409108006497,0.9500591930054265,10,3,SMARTER,7,0,13.72776704503952,8.127164249908118,4.71830645976308,5.65774737056373,0.0
1627801200,silty,2021,0.9720069308540675,0.9500591930054265,10,3,SMARTER,7,16.863265216088134,13.72776704503952,7.011084171391055,4.71830645976308,5.690313390617148,9.0
1627887600,silty,2021,0.580533099495331,0.9720069308540675,10,3,SMARTER,7,0,16.863265216088134,7.304828236834061,4.71830645976308,5.319878521313134,0.0
1627974000,silty,2021,0.5596213884695629,0.9720069308540675,10,3,SMARTER,7,0,16.863265216088134,7.320018177389831,4.71830645976308,5.277927848232643,0.0
1628060400,silty,2021,0.6868536818500545,0.9720069308540675,10,3,SMARTER,7,0,16.863265216088134,8.239496207860649,4.71830645976308,5.405160141613135,0.0
1628146800,silty,2021,0.7534197889947144,0.9720069308540675,10,3,SMARTER,7,0,16.863265216088134,4.198759507591638,4.71830645976308,5.471726248757794,0.0
1628233200,silty,2021,0.8572407220918656,0.9720069308540675,10,3,SMARTER,7,0,16.863265216088134,8.25634687060054,4.71830645976308,5.575547181854946,0.0
1628319600,silty,2021,0.9251454126663051,0.9720069308540675,10,3,SMARTER,7,0,16.863265216088134,7.823891414052509,4.71830645976308,5.643451872429385,0.0
1628406000,silty,2021,0.9643841570333387,0.9720069308540675,10,3,SMARTER,7,19.68018994898086,16.863265216088134,6.8058425683475985,4.71830645976308,5.682690616796419,0.0
1628492400,silty,2021,0.6020365296374574,0.9643841570333387,10,3,SMARTER,7,0,19.68018994898086,8.235329351972808,4.71830645976308,5.340974502573371,0.0
1625986800,silty,2021,0.26006297399719985,0,10,3,ET0,2,7.91,0,7.909412676835701,4.71830645976308,4.97836943376028,0.0
1626073200,silty,2021,0.2856971939961295,0.26006297399719985,10,3,ET0,2,0,7.91,8.171899400888595,4.71830645976308,5.004003653759209,0.0
1626159600,silty,2021,0.4417319511227248,0.26006297399719985,10,3,ET0,2,15.48,7.91,7.307248568315713,4.71830645976308,5.160038410885805,49.2
1626246000,silty,2021,-0.8026669487743242,0.4417319511227248,10,3,ET0,2,0,15.48,3.7200181370317593,4.71830645976308,4.070922966772382,0.0
1626332400,silty,2021,-0.6825461436421562,0.4417319511227248,10,3,ET0,2,10.31,15.48,6.588938290136868,4.71830645976308,4.035760316120924,0.0
1626418800,silty,2021,-0.7822692422360115,-0.6825461436421562,10,3,ET0,2,0,10.31,4.2070949143533625,4.71830645976308,3.991793977135217,10.8
1626505200,silty,2021,-0.9476895857920266,-0.6825461436421562,10,3,ET0,2,5.93,10.31,1.7206288405645938,4.71830645976308,3.7771829849583574,0.8
1626591600,silty,2021,-1.0039821050305524,-0.9476895857920266,10,3,ET0,2,0,5.93,2.3398193330169916,4.71830645976308,3.7297913211057874,0.0
1626678000,silty,2021,-0.7624620419846344,-0.9476895857920266,10,3,ET0,2,7.88,5.93,5.542148180411579,4.71830645976308,3.955844417778446,0.0
1626764400,silty,2021,-0.6715531828823393,-0.7624620419846344,10,3,ET0,2,0,7.88,6.336708517861463,4.71830645976308,4.051456723606321,0.0
1626850800,silty,2021,-0.3651105564837511,-0.7624620419846344,10,3,ET0,2,14.06,7.88,7.723088615724408,4.71830645976308,4.353195903279329,0.0
1626937200,silty,2021,-0.413539446191324,-0.3651105564837511,10,3,ET0,2,0,14.06,6.384988487195638,4.71830645976308,4.341363724676863,0.0
1627023600,silty,2021,-0.22860371759246667,-0.3651105564837511,10,3,ET0,2,13.11,14.06,6.724001721462045,4.71830645976308,4.489702742170613,0.0
1627110000,silty,2021,-0.2928982306071302,-0.22860371759246667,10,3,ET0,2,0,13.11,6.639604206034317,4.71830645976308,4.462761009103392,0.0
1627196400,silty,2021,-0.1431169869221456,-0.22860371759246667,10,3,ET0,2,12.71,13.11,6.068344799075018,4.71830645976308,4.575189472840934,0.0
1627282800,silty,2021,-0.29921487117601825,-0.1431169869221456,10,3,ET0,2,0,12.71,3.7441148307248353,4.71830645976308,4.4585914325077685,0.0
1627369200,silty,2021,-0.16599197560768988,-0.1431169869221456,10,3,ET0,2,9.0,12.71,5.25782491390273,4.71830645976308,4.55231448415539,1.0
1627455600,silty,2021,-0.24939991388082336,-0.16599197560768988,10,3,ET0,2,0,9.0,4.067188753317478,4.71830645976308,4.482591230804952,0.0
1627542000,silty,2021,-0.07388507847186976,-0.16599197560768988,10,3,ET0,2,9.57,9.0,5.501441403272102,4.71830645976308,4.6444213812912105,0.0
1627628400,silty,2021,-0.046265891040762654,-0.07388507847186976,10,3,ET0,2,0,9.57,7.363960029273559,4.71830645976308,4.681297654925033,0.0
1627714800,silty,2021,0.19500391154563812,-0.07388507847186976,10,3,ET0,2,15.49,9.57,8.127164249908118,4.71830645976308,4.913310371308718,0.0
1627801200,silty,2021,0.02456195529148155,0.19500391154563812,10,3,ET0,2,0,15.49,7.011084171391055,4.71830645976308,4.803081297092812,9.0
1627887600,silty,2021,0.0744416247829573,0.19500391154563812,10,3,ET0,2,14.32,15.49,7.304828236834061,4.71830645976308,4.792748084546037,0.0
1627974000,silty,2021,-0.04330329472671563,0.0744416247829573,10,3,ET0,2,0,14.32,7.320018177389831,4.71830645976308,4.71612133623747,0.0
1628060400,silty,2021,0.12167961648681491,0.0744416247829573,10,3,ET0,2,15.56,14.32,8.239496207860649,4.71830645976308,4.839986076249895,0.0
1628146800,silty,2021,-0.08395907040979672,0.12167961648681491,10,3,ET0,2,0,15.56,4.198759507591638,4.71830645976308,4.679422028168787,0.0
1628233200,silty,2021,0.08470503599693173,0.12167961648681491,10,3,ET0,2,12.46,15.56,8.25634687060054,4.71830645976308,4.803011495760012,0.0
1628319600,silty,2021,0.028065612113786165,0.08470503599693173,10,3,ET0,2,0,12.46,7.823891414052509,4.71830645976308,4.7758723048294875,0.0
1628406000,silty,2021,0.18265482893376472,0.08470503599693173,10,3,ET0,2,14.63,12.46,6.8058425683475985,4.71830645976308,4.900961288696845,0.0
1628492400,silty,2021,0.10040236086454274,0.18265482893376472,10,3,ET0,2,0,14.63,8.235329351972808,4.71830645976308,4.850735775519242,0.0
1625986800,silty,2021,0.26006297399719985,0,10,3,ET0,1,7.91,0,7.909412676835701,4.71830645976308,4.97836943376028,0.0
1626073200,silty,2021,0.2856971939961295,0.26006297399719985,10,3,ET0,1,8.17,7.91,8.171899400888595,4.71830645976308,5.004003653759209,0.0
1626159600,silty,2021,0.2421016581405418,0.2856971939961295,10,3,ET0,1,7.31,8.17,7.307248568315713,4.71830645976308,4.962442885743565,49.2
1626246000,silty,2021,-0.8706895032584264,0.2421016581405418,10,3,ET0,1,3.72,7.31,3.7200181370317593,4.71830645976308,3.957224587252336,0.0
1626332400,silty,2021,-0.7554825095165254,-0.8706895032584264,10,3,ET0,1,6.59,3.72,6.588938290136868,4.71830645976308,3.966388816386446,0.0
1626418800,silty,2021,-0.7592481701870201,-0.7554825095165254,10,3,ET0,1,4.21,6.59,4.2070949143533625,4.71830645976308,3.9717957730213582,10.8
1626505200,silty,2021,-1.0218444961237225,-0.7592481701870201,10,3,ET0,1,1.72,4.21,1.7206288405645938,4.71830645976308,3.722747699399193,0.8
1626591600,silty,2021,-0.9710772277287422,-1.0218444961237225,10,3,ET0,1,2.34,1.72,2.3398193330169916,4.71830645976308,3.7472292320343383,0.0
1626678000,silty,2021,-0.78123794849305,-0.9710772277287422,10,3,ET0,1,5.54,2.34,5.542148180411579,4.71830645976308,3.9370685112700303,0.0
1626764400,silty,2021,-0.6412904038263533,-0.78123794849305,10,3,ET0,1,6.34,5.54,6.336708517861463,4.71830645976308,4.077016055936727,0.0
1626850800,silty,2021,-0.48388705744882354,-0.6412904038263533,10,3,ET0,1,7.72,6.34,7.723088615724408,4.71830645976308,4.2344194023142565,0.0
1626937200,silty,2021,-0.43154310557725367,-0.48388705744882354,10,3,ET0,1,6.38,7.72,6.384988487195638,4.71830645976308,4.291352690936844,0.0
1627023600,silty,2021,-0.3509786999736757,-0.43154310557725367,10,3,ET0,1,6.72,6.38,6.724001721462045,4.71830645976308,4.368030639076114,0.0
1627110000,silty,2021,-0.29282883840754786,-0.3509786999736757,10,3,ET0,1,6.64,6.72,6.639604206034317,4.71830645976308,4.426511233840518,0.0
1627196400,silty,2021,-0.2613145359354378,-0.29282883840754786,10,3,ET0,1,6.07,6.64,6.068344799075018,4.71830645976308,4.45811826926603,0.0
1627282800,silty,2021,-0.288804236307016,-0.2613145359354378,10,3,ET0,1,3.74,6.07,3.7441148307248353,4.71830645976308,4.430150725014177,0.0
1627369200,silty,2021,-0.20559911279099014,-0.288804236307016,10,3,ET0,1,5.26,3.74,5.25782491390273,4.71830645976308,4.51270734697209,1.0
1627455600,silty,2021,-0.20269093538838656,-0.20559911279099014,10,3,ET0,1,4.07,5.26,4.067188753317478,4.71830645976308,4.515615524374693,0.0
1627542000,silty,2021,-0.11746688127590393,-0.20269093538838656,10,3,ET0,1,5.5,4.07,5.501441403272102,4.71830645976308,4.600839578487176,0.0
1627628400,silty,2021,-0.0023408121272553233,-0.11746688127590393,10,3,ET0,1,7.36,5.5,7.363960029273559,4.71830645976308,4.715965647635825,0.0
1627714800,silty,2021,0.06984898800236031,-0.0023408121272553233,10,3,ET0,1,8.13,7.36,8.127164249908118,4.71830645976308,4.788240641113614,0.0
1627801200,silty,2021,0.02910405903130912,0.06984898800236031,10,3,ET0,1,7.01,8.13,7.011084171391055,4.71830645976308,4.767674062053429,9.0
1627887600,silty,2021,-0.03706389559868641,0.02910405903130912,10,3,ET0,1,7.3,7.01,7.304828236834061,4.71830645976308,4.684897736238452,0.0
1627974000,silty,2021,-0.03018504388056323,-0.03706389559868641,10,3,ET0,1,7.32,7.3,7.320018177389831,4.71830645976308,4.690699689621609,0.0
1628060400,silty,2021,0.015073996680659616,-0.03018504388056323,10,3,ET0,1,8.24,7.32,8.239496207860649,4.71830645976308,4.735050653434443,0.0
1628146800,silty,2021,-0.07382300041771915,0.015073996680659616,10,3,ET0,1,4.2,8.24,4.198759507591638,4.71830645976308,4.653383453887364,0.0
1628233200,silty,2021,0.06462352359080215,-0.07382300041771915,10,3,ET0,1,8.26,4.2,8.25634687060054,4.71830645976308,4.782929983353882,0.0
1628319600,silty,2021,0.08733504465388961,0.06462352359080215,10,3,ET0,1,7.82,8.26,7.823891414052509,4.71830645976308,4.808033191895975,0.0
1628406000,silty,2021,0.07553115849166608,0.08733504465388961,10,3,ET0,1,6.81,7.82,6.8058425683475985,4.71830645976308,4.796404099480262,0.0
1628492400,silty,2021,0.12743661201391504,0.07553115849166608,10,3,ET0,1,8.24,6.81,8.235329351972808,4.71830645976308,4.84576697162996,0.0
1625986800,silty,2021,0.26006297399719985,0,10,3,ET0,3,7.91,0,7.909412676835701,4.71830645976308,4.97836943376028,0.0
1626073200,silty,2021,0.2856971939961295,0.26006297399719985,10,3,ET0,3,0,7.91,8.171899400888595,4.71830645976308,5.004003653759209,0.0
1626159600,silty,2021,0.4417319511227248,0.26006297399719985,10,3,ET0,3,0,7.91,7.307248568315713,4.71830645976308,5.160038410885805,49.2
1626246000,silty,2021,-0.38038370646332537,0.26006297399719985,10,3,ET0,3,19.2,7.91,3.7200181370317593,4.71830645976308,4.343694684479845,0.0
1626332400,silty,2021,-0.663643454576256,-0.38038370646332537,10,3,ET0,3,0,19.2,6.588938290136868,4.71830645976308,4.157957420112163,0.0
1626418800,silty,2021,-0.6633665739458503,-0.38038370646332537,10,3,ET0,3,0,19.2,4.2070949143533625,4.71830645976308,4.060072941476826,10.8
1626505200,silty,2021,-0.8151807937575033,-0.38038370646332537,10,3,ET0,3,12.52,19.2,1.7206288405645938,4.71830645976308,3.903228902346451,0.8
1626591600,silty,2021,-1.0313262642305476,-0.8151807937575033,10,3,ET0,3,0,12.52,2.3398193330169916,4.71830645976308,3.775152304352211,0.0
1626678000,silty,2021,-0.8222685449366651,-0.8151807937575033,10,3,ET0,3,0,12.52,5.542148180411579,4.71830645976308,3.8960379148264153,0.0
1626764400,silty,2021,-0.5463322446999818,-0.8151807937575033,10,3,ET0,3,14.22,12.52,6.336708517861463,4.71830645976308,4.1719742150630985,0.0
1626850800,silty,2021,-0.5188480074795758,-0.5463322446999818,10,3,ET0,3,0,14.22,7.723088615724408,4.71830645976308,4.237662658846581,0.0
1626937200,silty,2021,-0.33376532104071704,-0.5463322446999818,10,3,ET0,3,0,14.22,6.384988487195638,4.71830645976308,4.384541138722363,0.0
1627023600,silty,2021,-0.08307034466221526,-0.5463322446999818,10,3,ET0,3,20.83,14.22,6.724001721462045,4.71830645976308,4.635236115100865,0.0
1627110000,silty,2021,-0.25233975481421506,-0.08307034466221526,10,3,ET0,3,0,20.83,6.639604206034317,4.71830645976308,4.5172801611430495,0.0
1627196400,silty,2021,-0.20123924719515732,-0.08307034466221526,10,3,ET0,3,0,20.83,6.068344799075018,4.71830645976308,4.517067212567923,0.0
1627282800,silty,2021,-0.07617990022853549,-0.08307034466221526,10,3,ET0,3,16.45,20.83,3.7441148307248353,4.71830645976308,4.642126559534545,0.0
1627369200,silty,2021,-0.22702798479130487,-0.07617990022853549,10,3,ET0,3,0,16.45,5.25782491390273,4.71830645976308,4.537569126084297,1.0
1627455600,silty,2021,-0.19294445567966947,-0.07617990022853549,10,3,ET0,3,0,16.45,4.067188753317478,4.71830645976308,4.52536200408341,0.0
1627542000,silty,2021,-0.003762755030010556,-0.07617990022853549,10,3,ET0,3,14.83,16.45,5.501441403272102,4.71830645976308,4.71454370473307,0.0
1627628400,silty,2021,-0.061813050994948805,-0.003762755030010556,10,3,ET0,3,0,14.83,7.363960029273559,4.71830645976308,4.690146037247787,0.0
1627714800,silty,2021,0.11896596978141212,-0.003762755030010556,10,3,ET0,3,0,14.83,8.127164249908118,4.71830645976308,4.837272429544492,0.0
1627801200,silty,2021,0.32461438361475375,-0.003762755030010556,10,3,ET0,3,22.5,14.83,7.011084171391055,4.71830645976308,5.042920843377834,9.0
1627887600,silty,2021,-0.018677526451202728,0.32461438361475375,10,3,ET0,3,0,22.5,7.304828236834061,4.71830645976308,4.759371936795546,0.0
1627974000,silty,2021,0.0026044702190307044,0.32461438361475375,10,3,ET0,3,0,22.5,7.320018177389831,4.71830645976308,4.720910929982111,0.0
1628060400,silty,2021,0.2347877042231887,0.32461438361475375,10,3,ET0,3,22.86,22.5,8.239496207860649,4.71830645976308,4.953094163986269,0.0
1628146800,silty,2021,-0.08214955277476127,0.2347877042231887,10,3,ET0,3,0,22.86,4.198759507591638,4.71830645976308,4.698288296283128,0.0
1628233200,silty,2021,-0.001005239579963815,0.2347877042231887,10,3,ET0,3,0,22.86,8.25634687060054,4.71830645976308,4.717301220183116,0.0
1628319600,silty,2021,0.22700698880912906,0.2347877042231887,10,3,ET0,3,20.28,22.86,7.823891414052509,4.71830645976308,4.945313448572209,0.0
1628406000,silty,2021,0.028937801621297766,0.22700698880912906,10,3,ET0,3,0,20.28,6.8058425683475985,4.71830645976308,4.795153374145921,0.0
1628492400,silty,2021,0.12167033313430609,0.22700698880912906,10,3,ET0,3,0,20.28,8.235329351972808,4.71830645976308,4.839976792897386,0.0
1625986800,silty,2021,0.26006297399719985,0,10,3,ET0,7,7.91,0,7.909412676835701,4.71830645976308,4.97836943376028,0.0
1626073200,silty,2021,0.2856971939961295,0.26006297399719985,10,3,ET0,7,0,7.91,8.171899400888595,4.71830645976308,5.004003653759209,0.0
1626159600,silty,2021,0.4417319511227248,0.26006297399719985,10,3,ET0,7,0,7.91,7.307248568315713,4.71830645976308,5.160038410885805,49.2
1626246000,silty,2021,-0.38038370646332537,0.26006297399719985,10,3,ET0,7,0,7.91,3.7200181370317593,4.71830645976308,4.343694684479845,0.0
1626332400,silty,2021,-0.2535775666623319,0.26006297399719985,10,3,ET0,7,0,7.91,6.588938290136868,4.71830645976308,4.464728893100748,0.0
1626418800,silty,2021,-0.13250837657382922,0.26006297399719985,10,3,ET0,7,0,7.91,4.2070949143533625,4.71830645976308,4.585798083189251,10.8
1626505200,silty,2021,-0.26279770443558037,0.26006297399719985,10,3,ET0,7,0,7.91,1.7206288405645938,4.71830645976308,4.4555087553275,0.8
1626591600,silty,2021,-0.23714095527821927,0.26006297399719985,10,3,ET0,7,34.06,7.91,2.3398193330169916,4.71830645976308,4.481165504484861,0.0
1626678000,silty,2021,-0.7371642594475017,-0.23714095527821927,10,3,ET0,7,0,34.06,5.542148180411579,4.71830645976308,4.143850689180248,0.0
1626764400,silty,2021,-0.7573990145219927,-0.23714095527821927,10,3,ET0,7,0,34.06,6.336708517861463,4.71830645976308,3.998682327762791,0.0
1626850800,silty,2021,-0.4593801227028703,-0.23714095527821927,10,3,ET0,7,0,34.06,7.723088615724408,4.71830645976308,4.25892633706021,0.0
1626937200,silty,2021,-0.19966353364951367,-0.23714095527821927,10,3,ET0,7,0,34.06,6.384988487195638,4.71830645976308,4.518642926113567,0.0
1627023600,silty,2021,0.06699393050488962,-0.23714095527821927,10,3,ET0,7,0,34.06,6.724001721462045,4.71830645976308,4.78530039026797,0.0
1627110000,silty,2021,0.2911669458335072,-0.23714095527821927,10,3,ET0,7,0,34.06,6.639604206034317,4.71830645976308,5.009473405596587,0.0
1627196400,silty,2021,0.45637418223103915,-0.23714095527821927,10,3,ET0,7,45.42,34.06,6.068344799075018,4.71830645976308,5.17468064199412,0.0
1627282800,silty,2021,-0.3185054421336915,0.45637418223103915,10,3,ET0,7,0,45.42,3.7441148307248353,4.71830645976308,4.595993760570008,0.0
1627369200,silty,2021,-0.5277530643232368,0.45637418223103915,10,3,ET0,7,0,45.42,5.25782491390273,4.71830645976308,4.274982891480957,1.0
1627455600,silty,2021,-0.4047078394466828,0.45637418223103915,10,3,ET0,7,0,45.42,4.067188753317478,4.71830645976308,4.313598620316397,0.0
1627542000,silty,2021,-0.20064672049593962,0.45637418223103915,10,3,ET0,7,0,45.42,5.501441403272102,4.71830645976308,4.517659739267141,0.0
1627628400,silty,2021,0.0802455392697043,0.45637418223103915,10,3,ET0,7,0,45.42,7.363960029273559,4.71830645976308,4.798551999032784,0.0
1627714800,silty,2021,0.3522083166451001,0.45637418223103915,10,3,ET0,7,0,45.42,8.127164249908118,4.71830645976308,5.070514776408181,0.0
1627801200,silty,2021,0.5340823878497057,0.45637418223103915,10,3,ET0,7,41.07,45.42,7.011084171391055,4.71830645976308,5.252388847612786,9.0
1627887600,silty,2021,-0.21117972476143765,0.5340823878497057,10,3,ET0,7,0,41.07,7.304828236834061,4.71830645976308,4.662067653882951,0.0
1627974000,silty,2021,-0.3430715772804628,0.5340823878497057,10,3,ET0,7,0,41.07,7.320018177389831,4.71830645976308,4.420158191097673,0.0
1628060400,silty,2021,-0.10030332504862924,0.5340823878497057,10,3,ET0,7,0,41.07,8.239496207860649,4.71830645976308,4.618003134714451,0.0
1628146800,silty,2021,0.051700895253343704,0.5340823878497057,10,3,ET0,7,0,41.07,4.198759507591638,4.71830645976308,4.770007355016424,0.0
1628233200,silty,2021,0.33454248105618695,0.5340823878497057,10,3,ET0,7,0,41.07,8.25634687060054,4.71830645976308,5.052848940819267,0.0
1628319600,silty,2021,0.5350433234794517,0.5340823878497057,10,3,ET0,7,0,41.07,7.823891414052509,4.71830645976308,5.253349783242532,0.0
1628406000,silty,2021,0.6727025770723735,0.5340823878497057,10,3,ET0,7,49.95,41.07,6.8058425683475985,4.71830645976308,5.391009036835453,0.0
1628492400,silty,2021,-0.10305779828315868,0.6727025770723735,10,3,ET0,7,0,49.95,8.235329351972808,4.71830645976308,4.80070283463099,0.0
1655967600,silty,2022,-0.28419365969528876,0,10,3,SMARTER,2,0,0,5.915965904891959,4.71830645976308,4.434112800067791,0.0
1656054000,silty,2022,-0.1451497080834284,-0.28419365969528876,10,3,SMARTER,2,0,0,5.717907755951627,4.71830645976308,4.573156751679652,0.0
1656140400,silty,2022,0.06416307697634702,-0.28419365969528876,10,3,SMARTER,2,3.676056597645399,0,9.203948870710635,4.71830645976308,4.782469536739427,0.0
1656226800,silty,2022,0.1873726907541575,0.06416307697634702,10,3,SMARTER,2,0,3.676056597645399,9.569797117975432,4.71830645976308,4.905679150517238,0.0
1656313200,silty,2022,0.3452819345613755,0.06416307697634702,10,3,SMARTER,2,7.523090977179811,3.676056597645399,8.693094774412245,4.71830645976308,5.063588394324456,0.0
1656399600,silty,2022,0.29717371565829515,0.3452819345613755,10,3,SMARTER,2,0,7.523090977179811,7.460713537351751,4.71830645976308,5.015480175421375,1.6
1656486000,silty,2022,0.3171433019143603,0.3452819345613755,10,3,SMARTER,2,8.19313455645274,7.523090977179811,1.8323231735051733,4.71830645976308,5.035449761677441,0.0
1656572400,silty,2022,0.2405033105849405,0.3171433019143603,10,3,SMARTER,2,0,8.19313455645274,6.425725286268609,4.71830645976308,4.9588097703480205,0.0
1656658800,silty,2022,0.3830476096707159,0.3171433019143603,10,3,SMARTER,2,10.001320463028444,8.19313455645274,8.481182130641368,4.71830645976308,5.101354069433796,0.0
1656745200,silty,2022,0.3171595883389485,0.3830476096707159,10,3,SMARTER,2,0,10.001320463028444,9.684100900879589,4.71830645976308,5.038126522676068,0.0
1656831600,silty,2022,0.44264438248812155,0.3830476096707159,10,3,SMARTER,2,11.925221338666864,10.001320463028444,7.875822878948619,4.71830645976308,5.160950842251202,0.0
1656918000,silty,2022,0.3223582582524007,0.44264438248812155,10,3,SMARTER,2,0,11.925221338666864,8.846129638751195,4.71830645976308,5.053228069530417,0.0
1657004400,silty,2022,0.4435143400062731,0.44264438248812155,10,3,SMARTER,2,13.264463933867198,11.925221338666864,8.353871892123982,4.71830645976308,5.1618207997693535,0.0
1657090800,silty,2022,0.2909600437504291,0.4435143400062731,10,3,SMARTER,2,0,13.264463933867198,8.10868026961472,4.71830645976308,5.029955305095404,0.0
1657177200,silty,2022,0.3421640970387222,0.4435143400062731,10,3,SMARTER,2,13.277453795307856,13.264463933867198,5.27960920736311,4.71830645976308,5.0604705568018025,11.6
1657263600,silty,2022,0.07952348485663177,0.3421640970387222,10,3,SMARTER,2,0,13.277453795307856,7.275206390354677,4.71830645976308,4.8430038631547125,0.0
1657350000,silty,2022,0.1534553938687674,0.3421640970387222,10,3,SMARTER,2,11.850732945214611,13.277453795307856,7.121172904786319,4.71830645976308,4.871761853631847,0.0
1657436400,silty,2022,0.05505879053540991,0.1534553938687674,10,3,SMARTER,2,0,11.850732945214611,7.612583271961939,4.71830645976308,4.800355045710031,0.0
1657522800,silty,2022,0.22122886569988506,0.1534553938687674,10,3,SMARTER,2,13.192154260625443,11.850732945214611,8.472336750464112,4.71830645976308,4.939535325462965,0.0
1657609200,silty,2022,0.10463156339719863,0.22122886569988506,10,3,SMARTER,2,0,13.192154260625443,7.4879930375083275,4.71830645976308,4.851888528460144,0.0
1657695600,silty,2022,0.1851393230145614,0.22122886569988506,10,3,SMARTER,2,13.386676802815892,13.192154260625443,5.439558555641069,4.71830645976308,4.903445782777641,0.0
1657782000,silty,2022,0.09181933548220125,0.1851393230145614,10,3,SMARTER,2,0,13.386676802815892,8.254676604732598,4.71830645976308,4.839793180098851,0.0
1657868400,silty,2022,0.2700792765534294,0.1851393230145614,10,3,SMARTER,2,15.046314167864859,13.386676802815892,9.447916516172471,4.71830645976308,4.98838573631651,0.0
1657954800,silty,2022,0.1612248215814049,0.2700792765534294,10,3,SMARTER,2,0,15.046314167864859,8.968687582898376,4.71830645976308,4.911164685880603,0.0
1658041200,silty,2022,0.2665621575372729,0.2700792765534294,10,3,SMARTER,2,15.810829450315113,15.046314167864859,7.701644419417017,4.71830645976308,4.984868617300354,0.0
1658127600,silty,2022,0.106541741218061,0.2665621575372729,10,3,SMARTER,2,0,15.810829450315113,7.236620092977568,4.71830645976308,4.86280313411246,0.0
1658214000,silty,2022,0.2146635871649192,0.2665621575372729,10,3,SMARTER,2,15.935834508086334,15.810829450315113,7.976539558735554,4.71830645976308,4.932970046927999,0.0
1658300400,silty,2022,0.10444302933623664,0.2146635871649192,10,3,SMARTER,2,0,15.935834508086334,9.031637030513592,4.71830645976308,4.860194692559342,0.0
1658386800,silty,2022,0.22681643571422996,0.2146635871649192,10,3,SMARTER,2,16.737812300722133,15.935834508086334,8.523521442036436,4.71830645976308,4.9451228954773105,0.0
1655967600,silty,2022,-0.28419365969528876,0,10,3,SMARTER,1,0,0,5.915965904891959,4.71830645976308,4.434112800067791,0.0
1656054000,silty,2022,-0.1451497080834284,-0.28419365969528876,10,3,SMARTER,1,0.9549903918683185,0,5.717907755951627,4.71830645976308,4.573156751679652,0.0
1656140400,silty,2022,0.04568172961812012,-0.1451497080834284,10,3,SMARTER,1,3.000349957738164,0.9549903918683185,9.203948870710635,4.71830645976308,4.7639881893812,0.0
1656226800,silty,2022,0.181014781256348,0.04568172961812012,10,3,SMARTER,1,4.896724817889487,3.000349957738164,9.569797117975432,4.71830645976308,4.899321241019428,0.0
1656313200,silty,2022,0.23298124222577157,0.181014781256348,10,3,SMARTER,1,6.1153331542610365,4.896724817889487,8.693094774412245,4.71830645976308,4.951287701988852,0.0
1656399600,silty,2022,0.2188965377890891,0.23298124222577157,10,3,SMARTER,1,6.631175723261479,6.1153331542610365,7.460713537351751,4.71830645976308,4.937202997552169,1.6
1656486000,silty,2022,0.07454972068654399,0.2188965377890891,10,3,SMARTER,1,5.4113567142956605,6.631175723261479,1.8323231735051733,4.71830645976308,4.792856180449625,0.0
1656572400,silty,2022,0.06290925227645874,0.07454972068654399,10,3,SMARTER,1,5.483679787024184,5.4113567142956605,6.425725286268609,4.71830645976308,4.781215712039539,0.0
1656658800,silty,2022,0.09694924794041904,0.06290925227645874,10,3,SMARTER,1,6.114927487485044,5.483679787024184,8.481182130641368,4.71830645976308,4.815255707703499,0.0
1656745200,silty,2022,0.14247827608269406,0.09694924794041904,10,3,SMARTER,1,6.997652597155877,6.114927487485044,9.684100900879589,4.71830645976308,4.860784735845774,0.0
1656831600,silty,2022,0.12808687913786068,0.14247827608269406,10,3,SMARTER,1,7.237999265121125,6.997652597155877,7.875822878948619,4.71830645976308,4.846393338900941,0.0
1656918000,silty,2022,0.12432549402974945,0.12808687913786068,10,3,SMARTER,1,7.573361896129261,7.237999265121125,8.846129638751195,4.71830645976308,4.8426319537928295,0.0
1657004400,silty,2022,0.10675725039452344,0.12432549402974945,10,3,SMARTER,1,7.717951210960571,7.573361896129261,8.353871892123982,4.71830645976308,4.825913646463821,0.0
1657090800,silty,2022,0.07650296835751852,0.10675725039452344,10,3,SMARTER,1,7.6449172956630775,7.717951210960571,8.10868026961472,4.71830645976308,4.797073993750334,0.0
1657177200,silty,2022,-0.003400369231004737,0.07650296835751852,10,3,SMARTER,1,6.835682812084831,7.6449172956630775,5.27960920736311,4.71830645976308,4.718642536076297,11.6
1657263600,silty,2022,-0.1361370676463389,-0.003400369231004737,10,3,SMARTER,1,5.099904624992472,6.835682812084831,7.275206390354677,4.71830645976308,4.598509586025812,0.0
1657350000,silty,2022,-0.11980020986296529,-0.1361370676463389,10,3,SMARTER,1,4.9038725732373125,5.099904624992472,7.121172904786319,4.71830645976308,4.598506249900115,0.0
1657436400,silty,2022,-0.044719464137832156,-0.11980020986296529,10,3,SMARTER,1,5.520521638075147,4.9038725732373125,7.612583271961939,4.71830645976308,4.673586995625248,0.0
1657522800,silty,2022,0.04078517835479565,-0.044719464137832156,10,3,SMARTER,1,6.497923598065812,5.520521638075147,8.472336750464112,4.71830645976308,4.759091638117876,0.0
1657609200,silty,2022,0.06731162008103207,0.04078517835479565,10,3,SMARTER,1,6.965122875571272,6.497923598065812,7.4879930375083275,4.71830645976308,4.785618079844112,0.0
1657695600,silty,2022,0.02992376989406588,0.06731162008103207,10,3,SMARTER,1,6.681015683383809,6.965122875571272,5.439558555641069,4.71830645976308,4.7487898490210565,0.0
1657782000,silty,2022,0.06813382705350139,0.02992376989406588,10,3,SMARTER,1,7.267517736138668,6.681015683383809,8.254676604732598,4.71830645976308,4.786440286816582,0.0
1657868400,silty,2022,0.12115122629689669,0.06813382705350139,10,3,SMARTER,1,8.16114540746331,7.267517736138668,9.447916516172471,4.71830645976308,4.8396251732994475,0.0
1657954800,silty,2022,0.13054851744509666,0.12115122629689669,10,3,SMARTER,1,8.646763871280601,8.16114540746331,8.968687582898376,4.71830645976308,4.8513756629862534,0.0
1658041200,silty,2022,0.09053478930788313,0.13054851744509666,10,3,SMARTER,1,8.518230957832115,8.646763871280601,7.701644419417017,4.71830645976308,4.8155269189180006,0.0
1658127600,silty,2022,0.04418815431113893,0.09053478930788313,10,3,SMARTER,1,8.18732907079809,8.518230957832115,7.236620092977568,4.71830645976308,4.770892498491603,0.0
1658214000,silty,2022,0.03251836123206598,0.04418815431113893,10,3,SMARTER,1,8.168186223703557,8.18732907079809,7.976539558735554,4.71830645976308,4.757238705258519,0.0
1658300400,silty,2022,0.055857825269748716,0.03251836123206598,10,3,SMARTER,1,8.56915433988963,8.168186223703557,9.031637030513592,4.71830645976308,4.779132121508422,0.0
1658386800,silty,2022,0.05464942103214441,0.055857825269748716,10,3,SMARTER,1,8.72101856061002,8.56915433988963,8.523521442036436,4.71830645976308,4.779925505940157,0.0
1655967600,silty,2022,-0.28419365969528876,0,10,3,SMARTER,3,0,0,5.915965904891959,4.71830645976308,4.434112800067791,0.0
1656054000,silty,2022,-0.1451497080834284,-0.28419365969528876,10,3,SMARTER,3,0,0,5.717907755951627,4.71830645976308,4.573156751679652,0.0
1656140400,silty,2022,0.06416307697634702,-0.28419365969528876,10,3,SMARTER,3,0,0,9.203948870710635,4.71830645976308,4.782469536739427,0.0
1656226800,silty,2022,0.2623828275449261,-0.28419365969528876,10,3,SMARTER,3,6.2529133550369265,0,9.569797117975432,4.71830645976308,4.980689287308007,0.0
1656313200,silty,2022,0.2850263463804391,0.2623828275449261,10,3,SMARTER,3,0,6.2529133550369265,8.693094774412245,4.71830645976308,5.003332806143519,0.0
1656399600,silty,2022,0.40730207326719486,0.2623828275449261,10,3,SMARTER,3,0,6.2529133550369265,7.460713537351751,4.71830645976308,5.125608533030275,1.6
1656486000,silty,2022,0.43652443034420496,0.2623828275449261,10,3,SMARTER,3,9.30390267406233,6.2529133550369265,1.8323231735051733,4.71830645976308,5.154830890107285,0.0
1656572400,silty,2022,0.32589625607402106,0.43652443034420496,10,3,SMARTER,3,0,9.30390267406233,6.425725286268609,4.71830645976308,5.044202715837101,0.0
1656658800,silty,2022,0.45865134915006583,0.43652443034420496,10,3,SMARTER,3,0,9.30390267406233,8.481182130641368,4.71830645976308,5.176957808913146,0.0
1656745200,silty,2022,0.5981821631176897,0.43652443034420496,10,3,SMARTER,3,12.715026491150246,9.30390267406233,9.684100900879589,4.71830645976308,5.31648862288077,0.0
1656831600,silty,2022,0.4295474655684881,0.5981821631176897,10,3,SMARTER,3,0,12.715026491150246,7.875822878948619,4.71830645976308,5.156871490060109,0.0
1656918000,silty,2022,0.5340532805989693,0.5981821631176897,10,3,SMARTER,3,0,12.715026491150246,8.846129638751195,4.71830645976308,5.252359740362049,0.0
1657004400,silty,2022,0.6579076446613339,0.5981821631176897,10,3,SMARTER,3,15.286004240570689,12.715026491150246,8.353871892123982,4.71830645976308,5.376214104424414,0.0
1657090800,silty,2022,0.4457385950612669,0.6579076446613339,10,3,SMARTER,3,0,15.286004240570689,8.10868026961472,4.71830645976308,5.181048367319171,0.0
1657177200,silty,2022,0.4649185593320763,0.6579076446613339,10,3,SMARTER,3,0,15.286004240570689,5.27960920736311,4.71830645976308,5.183225019095157,11.6
1657263600,silty,2022,0.5425620154160731,0.6579076446613339,10,3,SMARTER,3,15.760233994366299,15.286004240570689,7.275206390354677,4.71830645976308,5.260868475179153,0.0
1657350000,silty,2022,0.2906284321203846,0.5425620154160731,10,3,SMARTER,3,0,15.760233994366299,7.121172904786319,4.71830645976308,5.03949190306156,0.0
1657436400,silty,2022,0.34904578631808847,0.5425620154160731,10,3,SMARTER,3,0,15.760233994366299,7.612583271961939,4.71830645976308,5.067352246081168,0.0
1657522800,silty,2022,0.5208567196544903,0.5425620154160731,10,3,SMARTER,3,17.105751195713943,15.760233994366299,8.472336750464112,4.71830645976308,5.23916317941757,0.0
1657609200,silty,2022,0.3121160148652272,0.5208567196544903,10,3,SMARTER,3,0,17.105751195713943,7.4879930375083275,4.71830645976308,5.058763937184499,0.0
1657695600,silty,2022,0.32308161705037464,0.5208567196544903,10,3,SMARTER,3,0,17.105751195713943,5.439558555641069,4.71830645976308,5.041388076813455,0.0
1657782000,silty,2022,0.5014898041902555,0.5208567196544903,10,3,SMARTER,3,18.41655145364236,17.105751195713943,8.254676604732598,4.71830645976308,5.219796263953335,0.0
1657868400,silty,2022,0.32352121740514544,0.5014898041902555,10,3,SMARTER,3,0,18.41655145364236,9.447916516172471,4.71830645976308,5.070954954130138,0.0
1657954800,silty,2022,0.3938469223707307,0.5014898041902555,10,3,SMARTER,3,0,18.41655145364236,8.968687582898376,4.71830645976308,5.112153382133811,0.0
1658041200,silty,2022,0.5553935297864978,0.5014898041902555,10,3,SMARTER,3,20.621769298964274,18.41655145364236,7.701644419417017,4.71830645976308,5.273699989549578,0.0
1658127600,silty,2022,0.291460159661564,0.5553935297864978,10,3,SMARTER,3,0,20.621769298964274,7.236620092977568,4.71830645976308,5.047169093800925,0.0
1658214000,silty,2022,0.3111731598947806,0.5553935297864978,10,3,SMARTER,3,0,20.621769298964274,7.976539558735554,4.71830645976308,5.029479619657861,0.0
1658300400,silty,2022,0.5096464643893074,0.5553935297864978,10,3,SMARTER,3,21.693238038160292,20.621769298964274,9.031637030513592,4.71830645976308,5.227952924152388,0.0
1658386800,silty,2022,0.2578069582107953,0.5096464643893074,10,3,SMARTER,3,0,21.693238038160292,8.523521442036436,4.71830645976308,5.017612548316867,0.0
1655967600,silty,2022,-0.28419365969528876,0,10,3,SMARTER,7,0,0,5.915965904891959,4.71830645976308,4.434112800067791,0.0
1656054000,silty,2022,-0.1451497080834284,-0.28419365969528876,10,3,SMARTER,7,0,0,5.717907755951627,4.71830645976308,4.573156751679652,0.0
1656140400,silty,2022,0.06416307697634702,-0.28419365969528876,10,3,SMARTER,7,0,0,9.203948870710635,4.71830645976308,4.782469536739427,0.0
1656226800,silty,2022,0.2623828275449261,-0.28419365969528876,10,3,SMARTER,7,0,0,9.569797117975432,4.71830645976308,4.980689287308007,0.0
1656313200,silty,2022,0.4097032770118931,-0.28419365969528876,10,3,SMARTER,7,0,0,8.693094774412245,4.71830645976308,5.128009736774973,0.0
1656399600,silty,2022,0.5123786047181863,-0.28419365969528876,10,3,SMARTER,7,0,0,7.460713537351751,4.71830645976308,5.230685064481267,1.6
1656486000,silty,2022,0.5379273683076163,-0.28419365969528876,10,3,SMARTER,7,0,0,1.8323231735051733,4.71830645976308,5.256233828070696,0.0
1656572400,silty,2022,0.6193195882475271,-0.28419365969528876,10,3,SMARTER,7,10.89309124417074,0,6.425725286268609,4.71830645976308,5.337626048010607,0.0
1656658800,silty,2022,0.4869382877401978,0.6193195882475271,10,3,SMARTER,7,0,10.89309124417074,8.481182130641368,4.71830645976308,5.205903309615377,0.0
1656745200,silty,2022,0.6130935296346425,0.6193195882475271,10,3,SMARTER,7,0,10.89309124417074,9.684100900879589,4.71830645976308,5.331399989397723,0.0
1656831600,silty,2022,0.7034583775193327,0.6193195882475271,10,3,SMARTER,7,0,10.89309124417074,7.875822878948619,4.71830645976308,5.421764837282413,0.0
1656918000,silty,2022,0.7865993631864114,0.6193195882475271,10,3,SMARTER,7,0,10.89309124417074,8.846129638751195,4.71830645976308,5.504905822949492,0.0
1657004400,silty,2022,0.8523011602709751,0.6193195882475271,10,3,SMARTER,7,0,10.89309124417074,8.353871892123982,4.71830645976308,5.570607620034055,0.0
1657090800,silty,2022,0.9002975650544892,0.6193195882475271,10,3,SMARTER,7,0,10.89309124417074,8.10868026961472,4.71830645976308,5.61860402481757,0.0
1657177200,silty,2022,0.9246000175284411,0.6193195882475271,10,3,SMARTER,7,16.719695589565205,10.89309124417074,5.27960920736311,4.71830645976308,5.642906477291521,11.6
1657263600,silty,2022,0.5858363863855637,0.9246000175284411,10,3,SMARTER,7,0,16.719695589565205,7.275206390354677,4.71830645976308,5.321392455773981,0.0
1657350000,silty,2022,0.589074041173113,0.9246000175284411,10,3,SMARTER,7,0,16.719695589565205,7.121172904786319,4.71830645976308,5.307380500936193,0.0
1657436400,silty,2022,0.7073242321952895,0.9246000175284411,10,3,SMARTER,7,0,16.719695589565205,7.612583271961939,4.71830645976308,5.42563069195837,0.0
1657522800,silty,2022,0.8072752273884668,0.9246000175284411,10,3,SMARTER,7,0,16.719695589565205,8.472336750464112,4.71830645976308,5.525581687151547,0.0
1657609200,silty,2022,0.8755058172306469,0.9246000175284411,10,3,SMARTER,7,0,16.719695589565205,7.4879930375083275,4.71830645976308,5.593812276993727,0.0
1657695600,silty,2022,0.9180940608435935,0.9246000175284411,10,3,SMARTER,7,0,16.719695589565205,5.439558555641069,4.71830645976308,5.636400520606673,0.0
1657782000,silty,2022,0.9651269706208289,0.9246000175284411,10,3,SMARTER,7,20.02034603235157,16.719695589565205,8.254676604732598,4.71830645976308,5.683433430383909,0.0
1657868400,silty,2022,0.6443943123522987,0.9651269706208289,10,3,SMARTER,7,0,20.02034603235157,9.447916516172471,4.71830645976308,5.378918502908333,0.0
1657954800,silty,2022,0.6468147385194488,0.9651269706208289,10,3,SMARTER,7,0,20.02034603235157,8.968687582898376,4.71830645976308,5.365121198282529,0.0
1658041200,silty,2022,0.765682705330521,0.9651269706208289,10,3,SMARTER,7,0,20.02034603235157,7.701644419417017,4.71830645976308,5.483989165093601,0.0
1658127600,silty,2022,0.8455079888332023,0.9651269706208289,10,3,SMARTER,7,0,20.02034603235157,7.236620092977568,4.71830645976308,5.563814448596283,0.0
1658214000,silty,2022,0.9117526126202771,0.9651269706208289,10,3,SMARTER,7,0,20.02034603235157,7.976539558735554,4.71830645976308,5.630059072383357,0.0
1658300400,silty,2022,0.9625688596215406,0.9651269706208289,10,3,SMARTER,7,0,20.02034603235157,9.031637030513592,4.71830645976308,5.68087531938462,0.0
1658386800,silty,2022,0.9837502721840433,0.9651269706208289,10,3,SMARTER,7,23.15782986453584,20.02034603235157,8.523521442036436,4.71830645976308,5.702056731947123,0.0
1655967600,silty,2022,-0.28419365969528876,0,10,3,ET0,2,5.92,0,5.915965904891959,4.71830645976308,4.434112800067791,0.0
1656054000,silty,2022,-0.2772143429074716,-0.28419365969528876,10,3,ET0,2,0,5.92,5.717907755951627,4.71830645976308,4.441092116855609,0.0
1656140400,silty,2022,-0.07221863331580998,-0.28419365969528876,10,3,ET0,2,14.92,5.92,9.203948870710635,4.71830645976308,4.64608782644727,0.0
1656226800,silty,2022,-0.16140133995781872,-0.07221863331580998,10,3,ET0,2,0,14.92,9.569797117975432,4.71830645976308,4.588761926396199,0.0
1656313200,silty,2022,-0.04389906434789136,-0.07221863331580998,10,3,ET0,2,18.26,14.92,8.693094774412245,4.71830645976308,4.674407395415189,0.0
1656399600,silty,2022,-0.24736186819237996,-0.04389906434789136,10,3,ET0,2,0,18.26,7.460713537351751,4.71830645976308,4.525232774820797,1.6
1656486000,silty,2022,-0.3252646450291258,-0.04389906434789136,10,3,ET0,2,9.29,18.26,1.8323231735051733,4.71830645976308,4.3930441027160745,0.0
1656572400,silty,2022,-0.3831189177898237,-0.3252646450291258,10,3,ET0,2,0,9.29,6.425725286268609,4.71830645976308,4.357798135349429,0.0
1656658800,silty,2022,-0.18870208844206476,-0.3252646450291258,10,3,ET0,2,14.91,9.29,8.481182130641368,4.71830645976308,4.529604371321016,0.0
1656745200,silty,2022,-0.2548798956185298,-0.18870208844206476,10,3,ET0,2,0,14.91,9.684100900879589,4.71830645976308,4.501409308960505,0.0
1656831600,silty,2022,-0.13276714687531913,-0.18870208844206476,10,3,ET0,2,17.56,14.91,7.875822878948619,4.71830645976308,4.585539312887761,0.0
1656918000,silty,2022,-0.26638266497447183,-0.13276714687531913,10,3,ET0,2,0,17.56,8.846129638751195,4.71830645976308,4.504057329659474,0.0
1657004400,silty,2022,-0.16307728614880987,-0.13276714687531913,10,3,ET0,2,17.2,17.56,8.353871892123982,4.71830645976308,4.55522917361427,0.0
1657090800,silty,2022,-0.31115613374677803,-0.16307728614880987,10,3,ET0,2,0,17.2,8.10868026961472,4.71830645976308,4.466106229177867,0.0
1657177200,silty,2022,-0.2631276522894656,-0.16307728614880987,10,3,ET0,2,13.39,17.2,5.27960920736311,4.71830645976308,4.455178807473614,11.6
1657263600,silty,2022,-0.5033659858220486,-0.2631276522894656,10,3,ET0,2,0,13.39,7.275206390354677,4.71830645976308,4.302603045862513,0.0
1657350000,silty,2022,-0.37946178964784055,-0.2631276522894656,10,3,ET0,2,14.4,13.39,7.121172904786319,4.71830645976308,4.33884467011524,0.0
1657436400,silty,2022,-0.4643088193068658,-0.37946178964784055,10,3,ET0,2,0,14.4,7.612583271961939,4.71830645976308,4.309527948313365,0.0
1657522800,silty,2022,-0.2756802810204386,-0.37946178964784055,10,3,ET0,2,16.08,14.4,8.472336750464112,4.71830645976308,4.442626178742642,0.0
1657609200,silty,2022,-0.3878186926776829,-0.2756802810204386,10,3,ET0,2,0,16.08,7.4879930375083275,4.71830645976308,4.386917385242207,0.0
1657695600,silty,2022,-0.3062938919487943,-0.2756802810204386,10,3,ET0,2,12.93,16.08,5.439558555641069,4.71830645976308,4.412012567814286,0.0
1657782000,silty,2022,-0.3447235989794641,-0.3062938919487943,10,3,ET0,2,0,12.93,8.254676604732598,4.71830645976308,4.415998523260308,0.0
1657868400,silty,2022,-0.11105834094437991,-0.3062938919487943,10,3,ET0,2,17.7,12.93,9.447916516172471,4.71830645976308,4.6072481188187,0.0
1657954800,silty,2022,-0.2054440214336715,-0.11105834094437991,10,3,ET0,2,0,17.7,8.968687582898376,4.71830645976308,4.56257740547801,0.0
1658041200,silty,2022,-0.09973394006276436,-0.11105834094437991,10,3,ET0,2,16.67,17.7,7.701644419417017,4.71830645976308,4.618572519700316,0.0
1658127600,silty,2022,-0.2424739871278908,-0.09973394006276436,10,3,ET0,2,0,16.67,7.236620092977568,4.71830645976308,4.531826723412006,0.0
1658214000,silty,2022,-0.10879292116792572,-0.09973394006276436,10,3,ET0,2,15.21,16.67,7.976539558735554,4.71830645976308,4.609513538595155,0.0
1658300400,silty,2022,-0.17023807345513503,-0.10879292116792572,10,3,ET0,2,0,15.21,9.031637030513592,4.71830645976308,4.592767578338346,0.0
1658386800,silty,2022,-0.005985701989343746,-0.10879292116792572,10,3,ET0,2,17.56,15.21,8.523521442036436,4.71830645976308,4.712320757773736,0.0
1655967600,silty,2022,-0.28419365969528876,0,10,3,ET0,1,5.92,0,5.915965904891959,4.71830645976308,4.434112800067791,0.0
1656054000,silty,2022,-0.2772143429074716,-0.28419365969528876,10,3,ET0,1,5.72,5.92,5.717907755951627,4.71830645976308,4.441092116855609,0.0
1656140400,silty,2022,-0.20108311260028042,-0.2772143429074716,10,3,ET0,1,9.2,5.72,9.203948870710635,4.71830645976308,4.517223347162799,0.0
1656226800,silty,2022,-0.21102894775984354,-0.20108311260028042,10,3,ET0,1,9.57,9.2,9.569797117975432,4.71830645976308,4.5186174475786585,0.0
1656313200,silty,2022,-0.2635186443070537,-0.21102894775984354,10,3,ET0,1,8.69,9.57,8.693094774412245,4.71830645976308,4.476104804203854,0.0
1656399600,silty,2022,-0.3250106619497284,-0.2635186443070537,10,3,ET0,1,7.46,8.69,7.460713537351751,4.71830645976308,4.412619532427376,1.6
1656486000,silty,2022,-0.47946418494322657,-0.3250106619497284,10,3,ET0,1,1.83,7.46,1.8323231735051733,4.71830645976308,4.2610446267909685,0.0
1656572400,silty,2022,-0.3641951671352221,-0.47946418494322657,10,3,ET0,1,6.43,1.83,6.425725286268609,4.71830645976308,4.3541112926278585,0.0
1656658800,silty,2022,-0.2979484748234253,-0.3641951671352221,10,3,ET0,1,8.48,6.43,8.481182130641368,4.71830645976308,4.420357984939655,0.0
1656745200,silty,2022,-0.26507822893030347,-0.2979484748234253,10,3,ET0,1,9.68,8.48,9.684100900879589,4.71830645976308,4.459597777278718,0.0
1656831600,silty,2022,-0.3145519780512077,-0.26507822893030347,10,3,ET0,1,7.88,9.68,7.875822878948619,4.71830645976308,4.4265333039672115,0.0
1656918000,silty,2022,-0.300834875873475,-0.3145519780512077,10,3,ET0,1,8.85,7.88,8.846129638751195,4.71830645976308,4.427512252801773,0.0
1657004400,silty,2022,-0.3103748323316068,-0.300834875873475,10,3,ET0,1,8.35,8.85,8.353871892123982,4.71830645976308,4.424618208471633,0.0
1657090800,silty,2022,-0.3205936268771175,-0.3103748323316068,10,3,ET0,1,8.11,8.35,8.10868026961472,4.71830645976308,4.412123909177526,0.0
1657177200,silty,2022,-0.38218575353869316,-0.3205936268771175,10,3,ET0,1,5.28,8.11,5.27960920736311,4.71830645976308,4.35227014899964,11.6
1657263600,silty,2022,-0.45377047702701917,-0.38218575353869316,10,3,ET0,1,7.28,5.28,7.275206390354677,4.71830645976308,4.282974877319477,0.0
1657350000,silty,2022,-0.4691694255910176,-0.45377047702701917,10,3,ET0,1,7.12,7.28,7.121172904786319,4.71830645976308,4.26131595046771,0.0
1657436400,silty,2022,-0.42813252982629507,-0.4691694255910176,10,3,ET0,1,7.61,7.12,7.612583271961939,4.71830645976308,4.297867309021978,0.0
1657522800,silty,2022,-0.36950060254747774,-0.42813252982629507,10,3,ET0,1,8.47,7.61,8.472336750464112,4.71830645976308,4.356323278944725,0.0
1657609200,silty,2022,-0.3675138320648026,-0.36950060254747774,10,3,ET0,1,7.49,8.47,7.4879930375083275,4.71830645976308,4.366082080904236,0.0
1657695600,silty,2022,-0.3960066399639217,-0.3675138320648026,10,3,ET0,1,5.44,7.49,5.439558555641069,4.71830645976308,4.333658283395548,0.0
1657782000,silty,2022,-0.2872275596286515,-0.3960066399639217,10,3,ET0,1,8.25,5.44,8.254676604732598,4.71830645976308,4.431078900134429,0.0
1657868400,silty,2022,-0.20998724672795957,-0.2872275596286515,10,3,ET0,1,9.45,8.25,9.447916516172471,4.71830645976308,4.514049810113838,0.0
1657954800,silty,2022,-0.19503415109865527,-0.20998724672795957,10,3,ET0,1,8.97,9.45,8.968687582898376,4.71830645976308,4.541184636163401,0.0
1658041200,silty,2022,-0.21632313936239161,-0.19503415109865527,10,3,ET0,1,7.7,8.97,7.701644419417017,4.71830645976308,4.519940347212255,0.0
1658127600,silty,2022,-0.2154318421268132,-0.21632313936239161,10,3,ET0,1,7.24,7.7,7.236620092977568,4.71830645976308,4.512320152291907,0.0
1658214000,silty,2022,-0.1725914882802586,-0.2154318421268132,10,3,ET0,1,7.98,7.24,7.976539558735554,4.71830645976308,4.549821906596962,0.0
1658300400,silty,2022,-0.11648056327776347,-0.1725914882802586,10,3,ET0,1,9.03,7.98,9.031637030513592,4.71830645976308,4.607035827598465,0.0
1658386800,silty,2022,-0.10941274330210013,-0.11648056327776347,10,3,ET0,1,8.52,9.03,8.523521442036436,4.71830645976308,4.622434198690802,0.0
1655967600,silty,2022,-0.28419365969528876,0,10,3,ET0,3,5.92,0,5.915965904891959,4.71830645976308,4.434112800067791,0.0
1656054000,silty,2022,-0.2772143429074716,-0.28419365969528876,10,3,ET0,3,0,5.92,5.717907755951627,4.71830645976308,4.441092116855609,0.0
1656140400,silty,2022,-0.07221863331580998,-0.28419365969528876,10,3,ET0,3,0,5.92,9.203948870710635,4.71830645976308,4.64608782644727,0.0
1656226800,silty,2022,0.13358304475334193,-0.28419365969528876,10,3,ET0,3,24.49,5.92,9.569797117975432,4.71830645976308,4.851889504516422,0.0
1656313200,silty,2022,-0.13111482868994173,0.13358304475334193,10,3,ET0,3,0,24.49,8.693094774412245,4.71830645976308,4.639296291971108,0.0
1656399600,silty,2022,-0.15025023378209854,0.13358304475334193,10,3,ET0,3,0,24.49,7.460713537351751,4.71830645976308,4.568056225980982,1.6
1656486000,silty,2022,-0.1214109528637599,0.13358304475334193,10,3,ET0,3,17.99,24.49,1.8323231735051733,4.71830645976308,4.596895506899321,0.0
1656572400,silty,2022,-0.3184740898963962,-0.1214109528637599,10,3,ET0,3,0,17.99,6.425725286268609,4.71830645976308,4.456509220702877,0.0
1656658800,silty,2022,-0.22445816305303884,-0.1214109528637599,10,3,ET0,3,0,17.99,8.481182130641368,4.71830645976308,4.493848296710041,0.0
1656745200,silty,2022,0.0014892733093111303,-0.1214109528637599,10,3,ET0,3,24.59,17.99,9.684100900879589,4.71830645976308,4.719795733072392,0.0
1656831600,silty,2022,-0.2665996162795999,0.0014892733093111303,10,3,ET0,3,0,24.59,7.875822878948619,4.71830645976308,4.521158746655466,0.0
1656918000,silty,2022,-0.22579922282571857,0.0014892733093111303,10,3,ET0,3,0,24.59,8.846129638751195,4.71830645976308,4.492678579009539,0.0
1657004400,silty,2022,-0.02247063674914539,0.0014892733093111303,10,3,ET0,3,25.08,24.59,8.353871892123982,4.71830645976308,4.695835823013935,0.0
1657090800,silty,2022,-0.2976791781058968,-0.02247063674914539,10,3,ET0,3,0,25.08,8.10868026961472,4.71830645976308,4.499551014057599,0.0
1657177200,silty,2022,-0.3252357634429867,-0.02247063674914539,10,3,ET0,3,0,25.08,5.27960920736311,4.71830645976308,4.396990004957407,11.6
1657263600,silty,2022,-0.2347993971842176,-0.02247063674914539,10,3,ET0,3,20.66,25.08,7.275206390354677,4.71830645976308,4.4835070625788624,0.0
1657350000,silty,2022,-0.4913460413717004,-0.2347993971842176,10,3,ET0,3,0,20.66,7.121172904786319,4.71830645976308,4.31745829910398,0.0
1657436400,silty,2022,-0.4090734903335616,-0.2347993971842176,10,3,ET0,3,0,20.66,7.612583271961939,4.71830645976308,4.309589972012992,0.0
1657522800,silty,2022,-0.16243345237453366,-0.2347993971842176,10,3,ET0,3,23.21,20.66,8.472336750464112,4.71830645976308,4.555873007388547,0.0
1657609200,silty,2022,-0.38136287522104295,-0.16243345237453366,10,3,ET0,3,0,23.21,7.4879930375083275,4.71830645976308,4.412738788980594,0.0
1657695600,silty,2022,-0.37648090987545474,-0.16243345237453366,10,3,ET0,3,0,23.21,5.439558555641069,4.71830645976308,4.343979223277802,0.0
1657782000,silty,2022,-0.1313743743286867,-0.16243345237453366,10,3,ET0,3,21.18,23.21,8.254676604732598,4.71830645976308,4.586932085434394,0.0
1657868400,silty,2022,-0.25067957389573137,-0.1313743743286867,10,3,ET0,3,0,21.18,9.447916516172471,4.71830645976308,4.52578861856524,0.0
1657954800,silty,2022,-0.1414680848939798,-0.1313743743286867,10,3,ET0,3,0,21.18,8.968687582898376,4.71830645976308,4.576838374869101,0.0
1658041200,silty,2022,0.06985635889259433,-0.1313743743286867,10,3,ET0,3,26.12,21.18,7.701644419417017,4.71830645976308,4.788162818655675,0.0
1658127600,silty,2022,-0.23449974294134532,0.06985635889259433,10,3,ET0,3,0,26.12,7.236620092977568,4.71830645976308,4.563085032483509,0.0
1658214000,silty,2022,-0.1946434433752027,0.06985635889259433,10,3,ET0,3,0,26.12,7.976539558735554,4.71830645976308,4.524759600768373,0.0
1658300400,silty,2022,0.0639506646074632,0.06985635889259433,10,3,ET0,3,24.24,26.12,9.031637030513592,4.71830645976308,4.782257124370544,0.0
1658386800,silty,2022,-0.164332320713802,0.0639506646074632,10,3,ET0,3,0,24.24,8.523521442036436,4.71830645976308,4.6226880882937005,0.0
1655967600,silty,2022,-0.28419365969528876,0,10,3,ET0,7,5.92,0,5.915965904891959,4.71830645976308,4.434112800067791,0.0
1656054000,silty,2022,-0.2772143429074716,-0.28419365969528876,10,3,ET0,7,0,5.92,5.717907755951627,4.71830645976308,4.441092116855609,0.0
1656140400,silty,2022,-0.07221863331580998,-0.28419365969528876,10,3,ET0,7,0,5.92,9.203948870710635,4.71830645976308,4.64608782644727,0.0
1656226800,silty,2022,0.13358304475334193,-0.28419365969528876,10,3,ET0,7,0,5.92,9.569797117975432,4.71830645976308,4.851889504516422,0.0
1656313200,silty,2022,0.30487341419222613,-0.28419365969528876,10,3,ET0,7,0,5.92,8.693094774412245,4.71830645976308,5.023179873955306,0.0
1656399600,silty,2022,0.42389262548608253,-0.28419365969528876,10,3,ET0,7,0,5.92,7.460713537351751,4.71830645976308,5.142199085249163,1.6
1656486000,silty,2022,0.45461223015839686,-0.28419365969528876,10,3,ET0,7,0,5.92,1.8323231735051733,4.71830645976308,5.172918689921477,0.0
1656572400,silty,2022,0.5464058965551826,-0.28419365969528876,10,3,ET0,7,48.9,5.92,6.425725286268609,4.71830645976308,5.264712356318263,0.0
1656658800,silty,2022,-0.18706312568096575,0.5464058965551826,10,3,ET0,7,0,48.9,8.481182130641368,4.71830645976308,4.703791095779308,0.0
1656745200,silty,2022,-0.3895220384184481,0.5464058965551826,10,3,ET0,7,0,48.9,9.684100900879589,4.71830645976308,4.399205291396845,0.0
1656831600,silty,2022,-0.2094554397846537,0.5464058965551826,10,3,ET0,7,0,48.9,7.875822878948619,4.71830645976308,4.508851019978427,0.0
1656918000,silty,2022,0.017447726643726905,0.5464058965551826,10,3,ET0,7,0,48.9,8.846129638751195,4.71830645976308,4.735754186406807,0.0
1657004400,silty,2022,0.22694518109963283,0.5464058965551826,10,3,ET0,7,0,48.9,8.353871892123982,4.71830645976308,4.945251640862713,0.0
1657090800,silty,2022,0.3972334720379695,0.5464058965551826,10,3,ET0,7,0,48.9,8.10868026961472,4.71830645976308,5.11553993180105,0.0
1657177200,silty,2022,0.49705160944928123,0.5464058965551826,10,3,ET0,7,56.63,48.9,5.27960920736311,4.71830645976308,5.215358069212361,11.6
1657263600,silty,2022,-0.4084020111122465,0.49705160944928123,10,3,ET0,7,0,56.63,7.275206390354677,4.71830645976308,4.565913023792647,0.0
1657350000,silty,2022,-0.8063430408781924,0.49705160944928123,10,3,ET0,7,0,56.63,7.121172904786319,4.71830645976308,4.0832556414487735,0.0
1657436400,silty,2022,-0.5986120458144439,0.49705160944928123,10,3,ET0,7,0,56.63,7.612583271961939,4.71830645976308,4.11972783257208,0.0
1657522800,silty,2022,-0.3263922248487503,0.49705160944928123,10,3,ET0,7,0,56.63,8.472336750464112,4.71830645976308,4.39191423491433,0.0
1657609200,silty,2022,-0.09195784535881939,0.49705160944928123,10,3,ET0,7,0,56.63,7.4879930375083275,4.71830645976308,4.626348614404261,0.0
1657695600,silty,2022,0.08185249298674944,0.49705160944928123,10,3,ET0,7,0,56.63,5.439558555641069,4.71830645976308,4.80015895274983,0.0
1657782000,silty,2022,0.3139962607199924,0.49705160944928123,10,3,ET0,7,51.66,56.63,8.254676604732598,4.71830645976308,5.032302720483073,0.0
1657868400,silty,2022,-0.36214446157209235,0.3139962607199924,10,3,ET0,7,0,51.66,9.447916516172471,4.71830645976308,4.565512904701343,0.0
1657954800,silty,2022,-0.5724251017309558,0.3139962607199924,10,3,ET0,7,0,51.66,8.968687582898376,4.71830645976308,4.253426585581122,0.0
1658041200,silty,2022,-0.355081446705171,0.3139962607199924,10,3,ET0,7,0,51.66,7.701644419417017,4.71830645976308,4.363225013057909,0.0
1658127600,silty,2022,-0.120136702593765,0.3139962607199924,10,3,ET0,7,0,51.66,7.236620092977568,4.71830645976308,4.598169757169315,0.0
1658214000,silty,2022,0.13523783018530094,0.3139962607199924,10,3,ET0,7,0,51.66,7.976539558735554,4.71830645976308,4.853544289948381,0.0
1658300400,silty,2022,0.3884129848852616,0.3139962607199924,10,3,ET0,7,0,51.66,9.031637030513592,4.71830645976308,5.106719444648342,0.0
1658386800,silty,2022,0.5638687800280204,0.3139962607199924,10,3,ET0,7,58.89,51.66,8.523521442036436,4.71830645976308,5.2821752397911,0.0
1687503600,silty,2023,-0.47514990579357963,0,10,3,SMARTER,2,0,0,6.420277994663035,4.71830645976308,4.2431565539695,0.0
1687590000,silty,2023,-0.31950708145318657,-0.47514990579357963,10,3,SMARTER,2,0,0,6.3387606045021405,4.71830645976308,4.398799378309894,0.0
1687676400,silty,2023,-0.15040861109590156,-0.47514990579357963,10,3,SMARTER,2,2.7961871136890766,0,7.077332335884068,4.71830645976308,4.567897848667179,0.0
1687762800,silty,2023,-0.05652444982145817,-0.15040861109590156,10,3,SMARTER,2,0,2.7961871136890766,6.229180911248416,4.71830645976308,4.661782009941622,0.0
1687849200,silty,2023,0.10974628190007595,-0.15040861109590156,10,3,SMARTER,2,5.72697488934908,2.7961871136890766,7.717627618312005,4.71830645976308,4.828052741663156,0.0
1687935600,silty,2023,0.1444627816226129,0.10974628190007595,10,3,SMARTER,2,0,5.72697488934908,8.190146658736474,4.71830645976308,4.862769241385693,0.0
1688022000,silty,2023,0.1909749092754596,0.10974628190007595,10,3,SMARTER,2,7.112185890929296,5.72697488934908,2.6534944981591777,4.71830645976308,4.90928136903854,0.0
1688108400,silty,2023,0.1761690806580734,0.1909749092754596,10,3,SMARTER,2,0,7.112185890929296,7.8119211404442055,4.71830645976308,4.894475540421154,0.0
1688194800,silty,2023,0.22366693371727622,0.1909749092754596,10,3,SMARTER,2,8.11010693649929,7.112185890929296,2.989408376370308,4.71830645976308,4.941973393480357,0.0
1688281200,silty,2023,0.10415301158960989,0.22366693371727622,10,3,SMARTER,2,0,8.11010693649929,3.6286065346203205,4.71830645976308,4.8224594713526905,0.0
1688367600,silty,2023,0.21735168821061354,0.22366693371727622,10,3,SMARTER,2,8.699009546064504,8.11010693649929,5.9091258835011,4.71830645976308,4.935658147973694,0.0
1688454000,silty,2023,0.1515421796330519,0.21735168821061354,10,3,SMARTER,2,0,8.699009546064504,6.621532339824514,4.71830645976308,4.870180450618705,0.0
1688540400,silty,2023,0.27317405580720316,0.21735168821061354,10,3,SMARTER,2,10.07675538945201,8.699009546064504,6.395412175418061,4.71830645976308,4.9914805155702835,0.0
1688626800,silty,2023,0.19173840611320078,0.27317405580720316,10,3,SMARTER,2,0,10.07675538945201,7.492344925936937,4.71830645976308,4.9152687604150405,5.0
1688713200,silty,2023,0.20795578485566557,0.27317405580720316,10,3,SMARTER,2,10.048440034503631,10.07675538945201,3.3788724562330463,4.71830645976308,4.926262244618746,0.0
1688799600,silty,2023,0.09651838045601123,0.20795578485566557,10,3,SMARTER,2,0,10.048440034503631,6.518921569415171,4.71830645976308,4.826846626767721,0.0
1688886000,silty,2023,0.23758636498194236,0.20795578485566557,10,3,SMARTER,2,11.057504930712227,10.048440034503631,7.0675670514600375,4.71830645976308,4.955892824745023,0.0
1688972400,silty,2023,0.13381452716164075,0.23758636498194236,10,3,SMARTER,2,0,11.057504930712227,6.961944041187434,4.71830645976308,4.869282236909368,0.0
1689058800,silty,2023,0.2839464741729687,0.23758636498194236,10,3,SMARTER,2,12.372945445141397,11.057504930712227,7.523781176422247,4.71830645976308,5.002252933936049,0.0
1689145200,silty,2023,0.17818831460164997,0.2839464741729687,10,3,SMARTER,2,0,12.372945445141397,7.806608352298979,4.71830645976308,4.916867728098123,0.0
1689231600,silty,2023,0.3089005638304652,0.2839464741729687,10,3,SMARTER,2,13.549188033207757,12.372945445141397,7.714035948667738,4.71830645976308,5.0272070235935455,22.8
1689318000,silty,2023,-0.28366994504647014,0.3089005638304652,10,3,SMARTER,2,0,13.549188033207757,2.9961159428327533,4.71830645976308,4.50784084723494,0.0
1689404400,silty,2023,-0.22664616789109773,0.3089005638304652,10,3,SMARTER,2,7.513782212318835,13.549188033207757,5.390782029334142,4.71830645976308,4.491660291871982,0.0
1689490800,silty,2023,-0.18778116891874733,-0.22664616789109773,10,3,SMARTER,2,0,7.513782212318835,7.1090569971804145,4.71830645976308,4.5340188804682855,0.0
1689577200,silty,2023,0.006186773320650454,-0.22664616789109773,10,3,SMARTER,2,9.860671944398268,7.513782212318835,6.608581357186508,4.71830645976308,4.724493233083731,0.0
1689663600,silty,2023,0.005501393945605917,0.006186773320650454,10,3,SMARTER,2,0,9.860671944398268,7.5003116982488045,4.71830645976308,4.732694591609854,0.0
1689750000,silty,2023,0.19439016304750628,0.006186773320650454,10,3,SMARTER,2,12.325876330809345,9.860671944398268,7.063404491828016,4.71830645976308,4.912696622810587,0.0
1689836400,silty,2023,0.1329315694494181,0.19439016304750628,10,3,SMARTER,2,0,12.325876330809345,7.949048805371062,4.71830645976308,4.872545521172453,0.0
1689922800,silty,2023,0.25557628380172126,0.19439016304750628,10,3,SMARTER,2,13.704466389756659,12.325876330809345,6.202164075023188,4.71830645976308,4.973882743564801,0.0
1687503600,silty,2023,-0.47514990579357963,0,10,3,SMARTER,1,0,0,6.420277994663035,4.71830645976308,4.2431565539695,0.0
1687590000,silty,2023,-0.31950708145318657,-0.47514990579357963,10,3,SMARTER,1,0.5979069990443711,0,6.3387606045021405,4.71830645976308,4.398799378309894,0.0
1687676400,silty,2023,-0.1617766124464088,-0.31950708145318657,10,3,SMARTER,1,1.6898818517729222,0.5979069990443711,7.077332335884068,4.71830645976308,4.556529847316671,0.0
1687762800,silty,2023,-0.04697859610914411,-0.1617766124464088,10,3,SMARTER,1,2.6969262268181367,1.6898818517729222,6.229180911248416,4.71830645976308,4.671327863653936,0.0
1687849200,silty,2023,0.06374176111891997,-0.04697859610914411,10,3,SMARTER,1,3.9953550824555375,2.6969262268181367,7.717627618312005,4.71830645976308,4.782048220882,0.0
1687935600,silty,2023,0.13661915328279148,0.06374176111891997,10,3,SMARTER,1,5.133986463942627,3.9953550824555375,8.190146658736474,4.71830645976308,4.854925613045872,0.0
1688022000,silty,2023,0.06477191765597727,0.13661915328279148,10,3,SMARTER,1,4.609829860642416,5.133986463942627,2.6534944981591777,4.71830645976308,4.7830783774190575,0.0
1688108400,silty,2023,0.1085482997072279,0.06477191765597727,10,3,SMARTER,1,5.373238580276606,4.609829860642416,7.8119211404442055,4.71830645976308,4.826854759470308,0.0
1688194800,silty,2023,0.03328201485254859,0.1085482997072279,10,3,SMARTER,1,4.720421776287459,5.373238580276606,2.989408376370308,4.71830645976308,4.7515884746156285,0.0
1688281200,silty,2023,-0.011865456935767958,0.03328201485254859,10,3,SMARTER,1,4.23335068759699,4.720421776287459,3.6286065346203205,4.71830645976308,4.7064410028273125,0.0
1688367600,silty,2023,0.01435038719969619,-0.011865456935767958,10,3,SMARTER,1,4.53856029055072,4.23335068759699,5.9091258835011,4.71830645976308,4.732656846962777,0.0
1688454000,silty,2023,0.054134469007446694,0.01435038719969619,10,3,SMARTER,1,5.098804515650564,4.53856029055072,6.621532339824514,4.71830645976308,4.772440928770527,0.0
1688540400,silty,2023,0.07316811488761053,0.054134469007446694,10,3,SMARTER,1,5.508645319115034,5.098804515650564,6.395412175418061,4.71830645976308,4.791474574650691,0.0
1688626800,silty,2023,0.10630439623874346,0.07316811488761053,10,3,SMARTER,1,6.158921321342595,5.508645319115034,7.492344925936937,4.71830645976308,4.824610856001824,5.0
1688713200,silty,2023,-0.020377874496149213,0.10630439623874346,10,3,SMARTER,1,4.83096499050522,6.158921321342595,3.3788724562330463,4.71830645976308,4.6980576285939675,0.0
1688799600,silty,2023,-0.0026795653339168933,-0.020377874496149213,10,3,SMARTER,1,4.999909386125792,4.83096499050522,6.518921569415171,4.71830645976308,4.715626894429163,0.0
1688886000,silty,2023,0.04637598975404941,-0.0026795653339168933,10,3,SMARTER,1,5.629592906267604,4.999909386125792,7.0675670514600375,4.71830645976308,4.76468244951713,0.0
1688972400,silty,2023,0.07720291505815925,0.04637598975404941,10,3,SMARTER,1,6.16947090448318,5.629592906267604,6.961944041187434,4.71830645976308,4.79550937482124,0.0
1689058800,silty,2023,0.10595615063147397,0.07720291505815925,10,3,SMARTER,1,6.77487171211075,6.16947090448318,7.523781176422247,4.71830645976308,4.8242626103945545,0.0
1689145200,silty,2023,0.12025213774237128,0.10595615063147397,10,3,SMARTER,1,7.278587996446837,6.77487171211075,7.806608352298979,4.71830645976308,4.838558597505451,0.0
1689231600,silty,2023,0.11372608207343773,0.12025213774237128,10,3,SMARTER,1,7.554505685977814,7.278587996446837,7.714035948667738,4.71830645976308,4.832166253221501,22.8
1689318000,silty,2023,-0.3952756525564995,0.11372608207343773,10,3,SMARTER,1,1.2786613820089427,7.554505685977814,2.9961159428327533,4.71830645976308,4.359331938092065,0.0
1689404400,silty,2023,-0.30535003745787626,-0.3952756525564995,10,3,SMARTER,1,1.261867420621546,1.2786613820089427,5.390782029334142,4.71830645976308,4.412956422305204,0.0
1689490800,silty,2023,-0.10539076197549227,-0.30535003745787626,10,3,SMARTER,1,2.9452878895189087,1.261867420621546,7.1090569971804145,4.71830645976308,4.612915697787588,0.0
1689577200,silty,2023,0.04021103294428803,-0.10539076197549227,10,3,SMARTER,1,4.521938937549576,2.9452878895189087,6.608581357186508,4.71830645976308,4.758517492707369,0.0
1689663600,silty,2023,0.16069753767557576,0.04021103294428803,10,3,SMARTER,1,6.20889659788918,4.521938937549576,7.5003116982488045,4.71830645976308,4.879003997438656,0.0
1689750000,silty,2023,0.20485938471722834,0.16069753767557576,10,3,SMARTER,1,7.2650932224573905,6.20889659788918,7.063404491828016,4.71830645976308,4.923165844480309,0.0
1689836400,silty,2023,0.23088958735509213,0.20485938471722834,10,3,SMARTER,1,8.218064010901305,7.2650932224573905,7.949048805371062,4.71830645976308,4.949196047118172,0.0
1689922800,silty,2023,0.1703133656398305,0.23088958735509213,10,3,SMARTER,1,8.12324189066818,8.218064010901305,6.202164075023188,4.71830645976308,4.8903745126439695,0.0
1687503600,silty,2023,-0.47514990579357963,0,10,3,SMARTER,3,0,0,6.420277994663035,4.71830645976308,4.2431565539695,0.0
1687590000,silty,2023,-0.31950708145318657,-0.47514990579357963,10,3,SMARTER,3,0,0,6.3387606045021405,4.71830645976308,4.398799378309894,0.0
1687676400,silty,2023,-0.15040861109590156,-0.47514990579357963,10,3,SMARTER,3,0,0,7.077332335884068,4.71830645976308,4.567897848667179,0.0
1687762800,silty,2023,-0.00047595550169780886,-0.47514990579357963,10,3,SMARTER,3,4.745311636413725,0,6.229180911248416,4.71830645976308,4.717830504261382,0.0
1687849200,silty,2023,0.0694890562092449,-0.00047595550169780886,10,3,SMARTER,3,0,4.745311636413725,7.717627618312005,4.71830645976308,4.787795515972325,0.0
1687935600,silty,2023,0.22750976884057084,-0.00047595550169780886,10,3,SMARTER,3,0,4.745311636413725,8.190146658736474,4.71830645976308,4.945816228603651,0.0
1688022000,silty,2023,0.27332505603251833,-0.00047595550169780886,10,3,SMARTER,3,8.303296919853443,4.745311636413725,2.6534944981591777,4.71830645976308,4.991631515795598,0.0
1688108400,silty,2023,0.22238960593225082,0.27332505603251833,10,3,SMARTER,3,0,8.303296919853443,7.8119211404442055,4.71830645976308,4.940696065695331,0.0
1688194800,silty,2023,0.2671766322997839,0.27332505603251833,10,3,SMARTER,3,0,8.303296919853443,2.989408376370308,4.71830645976308,4.985483092062864,0.0
1688281200,silty,2023,0.3342767105763523,0.27332505603251833,10,3,SMARTER,3,9.91564359702084,8.303296919853443,3.6286065346203205,4.71830645976308,5.052583170339433,0.0
1688367600,silty,2023,0.21447060450997646,0.3342767105763523,10,3,SMARTER,3,0,9.91564359702084,5.9091258835011,4.71830645976308,4.934187090487398,0.0
1688454000,silty,2023,0.3324873823553376,0.3342767105763523,10,3,SMARTER,3,0,9.91564359702084,6.621532339824514,4.71830645976308,5.050793842118418,0.0
1688540400,silty,2023,0.4529594000764468,0.3342767105763523,10,3,SMARTER,3,12.461348692251125,9.91564359702084,6.395412175418061,4.71830645976308,5.171265859839527,0.0
1688626800,silty,2023,0.30768101044728213,0.4529594000764468,10,3,SMARTER,3,0,12.461348692251125,7.492344925936937,4.71830645976308,5.037303500986579,5.0
1688713200,silty,2023,0.30107796440531237,0.4529594000764468,10,3,SMARTER,3,0,12.461348692251125,3.3788724562330463,4.71830645976308,5.0193844241683925,0.0
1688799600,silty,2023,0.42412036078132664,0.4529594000764468,10,3,SMARTER,3,13.445319381643904,12.461348692251125,6.518921569415171,4.71830645976308,5.142426820544407,0.0
1688886000,silty,2023,0.26683438335081183,0.42412036078132664,10,3,SMARTER,3,0,13.445319381643904,7.0675670514600375,4.71830645976308,5.003701641064072,0.0
1688972400,silty,2023,0.3586414904879953,0.42412036078132664,10,3,SMARTER,3,0,13.445319381643904,6.961944041187434,4.71830645976308,5.076947950251076,0.0
1689058800,silty,2023,0.5142782715610765,0.42412036078132664,10,3,SMARTER,3,15.889733304124633,13.445319381643904,7.523781176422247,4.71830645976308,5.232584731324157,0.0
1689145200,silty,2023,0.33040884074936533,0.5142782715610765,10,3,SMARTER,3,0,15.889733304124633,7.806608352298979,4.71830645976308,5.070295358691996,0.0
1689231600,silty,2023,0.4008482110475911,0.5142782715610765,10,3,SMARTER,3,0,15.889733304124633,7.714035948667738,4.71830645976308,5.119154670810671,22.8
1689318000,silty,2023,0.16835653138767762,0.5142782715610765,10,3,SMARTER,3,12.935585496553676,15.889733304124633,2.9961159428327533,4.71830645976308,4.886662991150758,0.0
1689404400,silty,2023,-0.036812173009802954,0.16835653138767762,10,3,SMARTER,3,0,12.935585496553676,5.390782029334142,4.71830645976308,4.720704542782248,0.0
1689490800,silty,2023,0.09379096669149099,0.16835653138767762,10,3,SMARTER,3,0,12.935585496553676,7.1090569971804145,4.71830645976308,4.812097426454571,0.0
1689577200,silty,2023,0.2755020260433532,0.16835653138767762,10,3,SMARTER,3,14.833546521240491,12.935585496553676,6.608581357186508,4.71830645976308,4.993808485806434,0.0
1689663600,silty,2023,0.16616638038339696,0.2755020260433532,10,3,SMARTER,3,0,14.833546521240491,7.5003116982488045,4.71830645976308,4.90964997389095,0.0
1689750000,silty,2023,0.2776050960051259,0.2755020260433532,10,3,SMARTER,3,0,14.833546521240491,7.063404491828016,4.71830645976308,4.995911555768206,0.0
1689836400,silty,2023,0.47909501289185263,0.2755020260433532,10,3,SMARTER,3,18.306761428401042,14.833546521240491,7.949048805371062,4.71830645976308,5.197401472654933,0.0
1689922800,silty,2023,0.2528885970936794,0.47909501289185263,10,3,SMARTER,3,0,18.306761428401042,6.202164075023188,4.71830645976308,5.002758497173214,0.0
1687503600,silty,2023,-0.47514990579357963,0,10,3,SMARTER,7,0,0,6.420277994663035,4.71830645976308,4.2431565539695,0.0
1687590000,silty,2023,-0.31950708145318657,-0.47514990579357963,10,3,SMARTER,7,0,0,6.3387606045021405,4.71830645976308,4.398799378309894,0.0
1687676400,silty,2023,-0.15040861109590156,-0.47514990579357963,10,3,SMARTER,7,0,0,7.077332335884068,4.71830645976308,4.567897848667179,0.0
1687762800,silty,2023,-0.00047595550169780886,-0.47514990579357963,10,3,SMARTER,7,0,0,6.229180911248416,4.71830645976308,4.717830504261382,0.0
1687849200,silty,2023,0.16683166976356265,-0.47514990579357963,10,3,SMARTER,7,0,0,7.717627618312005,4.71830645976308,4.885138129526643,0.0
1687935600,silty,2023,0.310824145340345,-0.47514990579357963,10,3,SMARTER,7,0,0,8.190146658736474,4.71830645976308,5.0291306051034255,0.0
1688022000,silty,2023,0.3521647896857393,-0.47514990579357963,10,3,SMARTER,7,0,0,2.6534944981591777,4.71830645976308,5.070471249448819,0.0
1688108400,silty,2023,0.4656529150456511,-0.47514990579357963,10,3,SMARTER,7,10.80498695352926,0,7.8119211404442055,4.71830645976308,5.183959374808731,0.0
1688194800,silty,2023,0.28058683411594887,0.4656529150456511,10,3,SMARTER,7,0,10.80498695352926,2.989408376370308,4.71830645976308,4.99975242636872,0.0
1688281200,silty,2023,0.33202949320506375,0.4656529150456511,10,3,SMARTER,7,0,10.80498695352926,3.6286065346203205,4.71830645976308,5.050335952968144,0.0
1688367600,silty,2023,0.4387529759809837,0.4656529150456511,10,3,SMARTER,7,0,10.80498695352926,5.9091258835011,4.71830645976308,5.157059435744064,0.0
1688454000,silty,2023,0.5400246353660599,0.4656529150456511,10,3,SMARTER,7,0,10.80498695352926,6.621532339824514,4.71830645976308,5.25833109512914,0.0
1688540400,silty,2023,0.6250204410756697,0.4656529150456511,10,3,SMARTER,7,0,10.80498695352926,6.395412175418061,4.71830645976308,5.34332690083875,0.0
1688626800,silty,2023,0.7129406979975986,0.4656529150456511,10,3,SMARTER,7,0,10.80498695352926,7.492344925936937,4.71830645976308,5.431247157760679,5.0
1688713200,silty,2023,0.7475861435628627,0.4656529150456511,10,3,SMARTER,7,15.867077669389964,10.80498695352926,3.3788724562330463,4.71830645976308,5.465892603325943,0.0
1688799600,silty,2023,0.4831524896000253,0.7475861435628627,10,3,SMARTER,7,0,15.867077669389964,6.518921569415171,4.71830645976308,5.214731654624234,0.0
1688886000,silty,2023,0.5247055948655118,0.7475861435628627,10,3,SMARTER,7,0,15.867077669389964,7.0675670514600375,4.71830645976308,5.2430120546285925,0.0
1688972400,silty,2023,0.6422731502492802,0.7475861435628627,10,3,SMARTER,7,0,15.867077669389964,6.961944041187434,4.71830645976308,5.36057961001236,0.0
1689058800,silty,2023,0.7421452232385408,0.7475861435628627,10,3,SMARTER,7,0,15.867077669389964,7.523781176422247,4.71830645976308,5.460451683001621,0.0
1689145200,silty,2023,0.8248404597884567,0.7475861435628627,10,3,SMARTER,7,0,15.867077669389964,7.806608352298979,4.71830645976308,5.543146919551537,0.0
1689231600,silty,2023,0.8892715231383697,0.7475861435628627,10,3,SMARTER,7,0,15.867077669389964,7.714035948667738,4.71830645976308,5.60757798290145,22.8
1689318000,silty,2023,0.7801244095382054,0.7475861435628627,10,3,SMARTER,7,18.532833557758007,15.867077669389964,2.9961159428327533,4.71830645976308,5.498430869301286,0.0
1689404400,silty,2023,0.41175844101890274,0.7801244095382054,10,3,SMARTER,7,0,18.532833557758007,5.390782029334142,4.71830645976308,5.158814215744228,0.0
1689490800,silty,2023,0.41544998243856573,0.7801244095382054,10,3,SMARTER,7,0,18.532833557758007,7.1090569971804145,4.71830645976308,5.133756442201646,0.0
1689577200,silty,2023,0.5548046069055508,0.7801244095382054,10,3,SMARTER,7,0,18.532833557758007,6.608581357186508,4.71830645976308,5.273111066668631,0.0
1689663600,silty,2023,0.6966640299034484,0.7801244095382054,10,3,SMARTER,7,0,18.532833557758007,7.5003116982488045,4.71830645976308,5.414970489666529,0.0
1689750000,silty,2023,0.7972120183942071,0.7801244095382054,10,3,SMARTER,7,0,18.532833557758007,7.063404491828016,4.71830645976308,5.515518478157287,0.0
1689836400,silty,2023,0.8840500190437955,0.7801244095382054,10,3,SMARTER,7,0,18.532833557758007,7.949048805371062,4.71830645976308,5.602356478806875,0.0
1689922800,silty,2023,0.9347752560772582,0.7801244095382054,10,3,SMARTER,7,22.883667791380308,18.532833557758007,6.202164075023188,4.71830645976308,5.653081715840338,0.0
1687503600,silty,2023,-0.47514990579357963,0,10,3,ET0,2,6.42,0,6.420277994663035,4.71830645976308,4.2431565539695,0.0
1687590000,silty,2023,-0.46199695583992045,-0.47514990579357963,10,3,ET0,2,0,6.42,6.3387606045021405,4.71830645976308,4.256421902778248,0.0
1687676400,silty,2023,-0.2984196426705343,-0.47514990579357963,10,3,ET0,2,13.42,6.42,7.077332335884068,4.71830645976308,4.419886817092546,0.0
1687762800,silty,2023,-0.42315365935223814,-0.2984196426705343,10,3,ET0,2,0,13.42,6.229180911248416,4.71830645976308,4.327967467122456,0.0
1687849200,silty,2023,-0.28669272152590103,-0.2984196426705343,10,3,ET0,2,13.95,13.42,7.717627618312005,4.71830645976308,4.431613738237179,0.0
1687935600,silty,2023,-0.38886789141221684,-0.28669272152590103,10,3,ET0,2,0,13.95,8.190146658736474,4.71830645976308,4.368731388763107,0.0
1688022000,silty,2023,-0.378976633775238,-0.28669272152590103,10,3,ET0,2,10.84,13.95,2.6534944981591777,4.71830645976308,4.339329825987842,0.0
1688108400,silty,2023,-0.43720547552305716,-0.378976633775238,10,3,ET0,2,0,10.84,7.8119211404442055,4.71830645976308,4.310819674705964,0.0
1688194800,silty,2023,-0.3810792965263986,-0.378976633775238,10,3,ET0,2,10.8,10.84,2.989408376370308,4.71830645976308,4.3372271632366814,0.0
1688281200,silty,2023,-0.533578056103329,-0.3810792965263986,10,3,ET0,2,0,10.8,3.6286065346203205,4.71830645976308,4.221220348249246,0.0
1688367600,silty,2023,-0.38848177701846176,-0.3810792965263986,10,3,ET0,2,9.54,10.8,5.9091258835011,4.71830645976308,4.3298246827446185,0.0
1688454000,silty,2023,-0.4250262888894667,-0.38848177701846176,10,3,ET0,2,0,9.54,6.621532339824514,4.71830645976308,4.30914092393273,0.0
1688540400,silty,2023,-0.26557399519341734,-0.38848177701846176,10,3,ET0,2,13.02,9.54,6.395412175418061,4.71830645976308,4.452732464569663,0.0
1688626800,silty,2023,-0.342157094288288,-0.26557399519341734,10,3,ET0,2,0,13.02,7.492344925936937,4.71830645976308,4.410216870238702,5.0
1688713200,silty,2023,-0.3465977240759873,-0.26557399519341734,10,3,ET0,2,10.87,13.02,3.3788724562330463,4.71830645976308,4.3717087356870925,0.0
1688799600,silty,2023,-0.4325142715603672,-0.3465977240759873,10,3,ET0,2,0,10.87,6.518921569415171,4.71830645976308,4.3197623216131396,0.0
1688886000,silty,2023,-0.2532817584198259,-0.3465977240759873,10,3,ET0,2,13.59,10.87,7.0675670514600375,4.71830645976308,4.465024701343254,0.0
1688972400,silty,2023,-0.34489838134080375,-0.2532817584198259,10,3,ET0,2,0,13.59,6.961944041187434,4.71830645976308,4.413233696960819,0.0
1689058800,silty,2023,-0.184765270998005,-0.2532817584198259,10,3,ET0,2,14.49,13.59,7.523781176422247,4.71830645976308,4.533541188765075,0.0
1689145200,silty,2023,-0.27408293653550736,-0.184765270998005,10,3,ET0,2,0,14.49,7.806608352298979,4.71830645976308,4.485793402158283,0.0
1689231600,silty,2023,-0.1287601449089058,-0.184765270998005,10,3,ET0,2,15.52,14.49,7.714035948667738,4.71830645976308,4.589546314854174,22.8
1689318000,silty,2023,-0.8000304626117896,-0.1287601449089058,10,3,ET0,2,0,15.52,2.9961159428327533,4.71830645976308,4.047638988395291,0.0
1689404400,silty,2023,-0.70606185947512,-0.1287601449089058,10,3,ET0,2,8.39,15.52,5.390782029334142,4.71830645976308,4.012786561944048,0.0
1689490800,silty,2023,-0.6544011376041173,-0.70606185947512,10,3,ET0,2,0,8.39,7.1090569971804145,4.71830645976308,4.082817436577996,0.0
1689577200,silty,2023,-0.43315304254442555,-0.70606185947512,10,3,ET0,2,13.72,8.39,6.608581357186508,4.71830645976308,4.2851534172186545,0.0
1689663600,silty,2023,-0.46344319315608495,-0.43315304254442555,10,3,ET0,2,0,13.72,7.5003116982488045,4.71830645976308,4.295065187326437,0.0
1689750000,silty,2023,-0.2831917578981027,-0.43315304254442555,10,3,ET0,2,14.56,13.72,7.063404491828016,4.71830645976308,4.435114701864977,0.0
1689836400,silty,2023,-0.3308349261200488,-0.2831917578981027,10,3,ET0,2,0,14.56,7.949048805371062,4.71830645976308,4.43151906315762,0.0
1689922800,silty,2023,-0.20289458931947868,-0.2831917578981027,10,3,ET0,2,14.15,14.56,6.202164075023188,4.71830645976308,4.515411870443602,0.0
1687503600,silty,2023,-0.47514990579357963,0,10,3,ET0,1,6.42,0,6.420277994663035,4.71830645976308,4.2431565539695,0.0
1687590000,silty,2023,-0.46199695583992045,-0.47514990579357963,10,3,ET0,1,6.34,6.42,6.3387606045021405,4.71830645976308,4.256421902778248,0.0
1687676400,silty,2023,-0.44345442685168335,-0.46199695583992045,10,3,ET0,1,7.08,6.34,7.077332335884068,4.71830645976308,4.275147745551615,0.0
1687762800,silty,2023,-0.46091392103471424,-0.44345442685168335,10,3,ET0,1,6.23,7.08,6.229180911248416,4.71830645976308,4.260073815003159,0.0
1687849200,silty,2023,-0.4267444075543304,-0.46091392103471424,10,3,ET0,1,7.72,6.23,7.717627618312005,4.71830645976308,4.291768709990035,0.0
1687935600,silty,2023,-0.4180256339432227,-0.4267444075543304,10,3,ET0,1,8.19,7.72,8.190146658736474,4.71830645976308,4.305969551577418,0.0
1688022000,silty,2023,-0.5570494460238743,-0.4180256339432227,10,3,ET0,1,2.65,8.19,2.6534944981591777,4.71830645976308,4.17890362991514,0.0
1688108400,silty,2023,-0.4305341009931448,-0.5570494460238743,10,3,ET0,1,7.81,2.65,7.8119211404442055,4.71830645976308,4.287772358769935,0.0
1688194800,silty,2023,-0.5341541469628841,-0.4305341009931448,10,3,ET0,1,2.99,7.81,2.989408376370308,4.71830645976308,4.193359295037519,0.0
1688281200,silty,2023,-0.5138772358443333,-0.5341541469628841,10,3,ET0,1,3.63,2.99,3.6286065346203205,4.71830645976308,4.204429223918747,0.0
1688367600,silty,2023,-0.4345337924685087,-0.5138772358443333,10,3,ET0,1,5.91,3.63,5.9091258835011,4.71830645976308,4.2837726672945715,0.0
1688454000,silty,2023,-0.3879987036718603,-0.4345337924685087,10,3,ET0,1,6.62,5.91,6.621532339824514,4.71830645976308,4.33030775609122,0.0
1688540400,silty,2023,-0.3749989287713001,-0.3879987036718603,10,3,ET0,1,6.4,6.62,6.395412175418061,4.71830645976308,4.3438578668065215,0.0
1688626800,silty,2023,-0.3313514007818884,-0.3749989287713001,10,3,ET0,1,7.49,6.4,7.492344925936937,4.71830645976308,4.387105469270794,5.0
1688713200,silty,2023,-0.48359473906126077,-0.3313514007818884,10,3,ET0,1,3.38,7.49,3.3788724562330463,4.71830645976308,4.249284109029513,0.0
1688799600,silty,2023,-0.3995280649792356,-0.48359473906126077,10,3,ET0,1,6.52,3.38,6.518921569415171,4.71830645976308,4.318778394783845,0.0
1688886000,silty,2023,-0.34954607266604576,-0.3995280649792356,10,3,ET0,1,7.07,6.52,7.0675670514600375,4.71830645976308,4.369216033833009,0.0
1688972400,silty,2023,-0.3252760100827675,-0.34954607266604576,10,3,ET0,1,6.96,7.07,6.961944041187434,4.71830645976308,4.395556223579619,0.0
1689058800,silty,2023,-0.2856007184379886,-0.3252760100827675,10,3,ET0,1,7.52,6.96,7.523781176422247,4.71830645976308,4.43467398430789,0.0
1689145200,silty,2023,-0.25660074517099923,-0.2856007184379886,10,3,ET0,1,7.81,7.52,7.806608352298979,4.71830645976308,4.465622454170696,0.0
1689231600,silty,2023,-0.24412016392629032,-0.25660074517099923,10,3,ET0,1,7.71,7.81,7.714035948667738,4.71830645976308,4.47990678312379,22.8
1689318000,silty,2023,-0.787695415338007,-0.24412016392629032,10,3,ET0,1,3.0,7.71,2.9961159428327533,4.71830645976308,3.998980821591564,0.0
1689404400,silty,2023,-0.7041030633640204,-0.787695415338007,10,3,ET0,1,5.39,3.0,5.390782029334142,4.71830645976308,4.0145368747099015,0.0
1689490800,silty,2023,-0.5810538020679937,-0.7041030633640204,10,3,ET0,1,7.11,5.39,7.1090569971804145,4.71830645976308,4.137377702481466,0.0
1689577200,silty,2023,-0.525255600718983,-0.5810538020679937,10,3,ET0,1,6.61,7.11,6.608581357186508,4.71830645976308,4.198189555781111,0.0
1689663600,silty,2023,-0.43452488304704884,-0.525255600718983,10,3,ET0,1,7.5,6.61,7.5003116982488045,4.71830645976308,4.285286954941047,0.0
1689750000,silty,2023,-0.3880987426759208,-0.43452488304704884,10,3,ET0,1,7.06,7.5,7.063404491828016,4.71830645976308,4.335939401796054,0.0
1689836400,silty,2023,-0.3078190170062979,-0.3880987426759208,10,3,ET0,1,7.95,7.06,7.949048805371062,4.71830645976308,4.413276533125616,0.0
1689922800,silty,2023,-0.3141739301205571,-0.3078190170062979,10,3,ET0,1,6.2,7.95,6.202164075023188,4.71830645976308,4.412244713404373,0.0
1687503600,silty,2023,-0.47514990579357963,0,10,3,ET0,3,6.42,0,6.420277994663035,4.71830645976308,4.2431565539695,0.0
1687590000,silty,2023,-0.46199695583992045,-0.47514990579357963,10,3,ET0,3,0,6.42,6.3387606045021405,4.71830645976308,4.256421902778248,0.0
1687676400,silty,2023,-0.2984196426705343,-0.47514990579357963,10,3,ET0,3,0,6.42,7.077332335884068,4.71830645976308,4.419886817092546,0.0
1687762800,silty,2023,-0.14651807875134348,-0.47514990579357963,10,3,ET0,3,19.65,6.42,6.229180911248416,4.71830645976308,4.571788381011737,0.0
1687849200,silty,2023,-0.3237380634605035,-0.14651807875134348,10,3,ET0,3,0,19.65,7.717627618312005,4.71830645976308,4.435989294290959,0.0
1687935600,silty,2023,-0.2604102013703457,-0.14651807875134348,10,3,ET0,3,0,19.65,8.190146658736474,4.71830645976308,4.457896258392735,0.0
1688022000,silty,2023,-0.2022448244361249,-0.14651807875134348,10,3,ET0,3,18.56,19.65,2.6534944981591777,4.71830645976308,4.516061635326955,0.0
1688108400,silty,2023,-0.3685829747635711,-0.2022448244361249,10,3,ET0,3,0,18.56,7.8119211404442055,4.71830645976308,4.399914748371624,0.0
1688194800,silty,2023,-0.40935615444143736,-0.2022448244361249,10,3,ET0,3,0,18.56,2.989408376370308,4.71830645976308,4.308950305321643,0.0
1688281200,silty,2023,-0.3152026481817261,-0.2022448244361249,10,3,ET0,3,14.43,18.56,3.6286065346203205,4.71830645976308,4.403103811581354,0.0
1688367600,silty,2023,-0.4502131985336796,-0.3152026481817261,10,3,ET0,3,0,14.43,5.9091258835011,4.71830645976308,4.311019585258695,0.0
1688454000,silty,2023,-0.331075754078543,-0.3152026481817261,10,3,ET0,3,0,14.43,6.621532339824514,4.71830645976308,4.387230705684537,0.0
1688540400,silty,2023,-0.16131993304474815,-0.3152026481817261,10,3,ET0,3,18.93,14.43,6.395412175418061,4.71830645976308,4.556986526718332,0.0
1688626800,silty,2023,-0.3164814659672691,-0.16131993304474815,10,3,ET0,3,0,18.93,7.492344925936937,4.71830645976308,4.449447785438432,5.0
1688713200,silty,2023,-0.4020000106030767,-0.16131993304474815,10,3,ET0,3,0,18.93,3.3788724562330463,4.71830645976308,4.316798737164005,0.0
1688799600,silty,2023,-0.23302003639368052,-0.16131993304474815,10,3,ET0,3,17.39,18.93,6.518921569415171,4.71830645976308,4.485286423369399,0.0
1688886000,silty,2023,-0.3682241826241772,-0.23302003639368052,10,3,ET0,3,0,17.39,7.0675670514600375,4.71830645976308,4.400394309716069,0.0
1688972400,silty,2023,-0.2729390939617931,-0.23302003639368052,10,3,ET0,3,0,17.39,6.961944041187434,4.71830645976308,4.445367365801287,0.0
1689058800,silty,2023,-0.06047522572805494,-0.23302003639368052,10,3,ET0,3,21.55,17.39,7.523781176422247,4.71830645976308,4.657831234035025,0.0
1689145200,silty,2023,-0.24700175806126967,-0.06047522572805494,10,3,ET0,3,0,21.55,7.806608352298979,4.71830645976308,4.52719840912023,0.0
1689231600,silty,2023,-0.18903433553659815,-0.06047522572805494,10,3,ET0,3,0,21.55,7.714035948667738,4.71830645976308,4.529272124226482,22.8
1689318000,silty,2023,-0.5011507980736165,-0.06047522572805494,10,3,ET0,3,18.52,21.55,2.9961159428327533,4.71830645976308,4.217760714016453,0.0
1689404400,silty,2023,-0.7331321254315437,-0.5011507980736165,10,3,ET0,3,0,18.52,5.390782029334142,4.71830645976308,4.086274115492445,0.0
1689490800,silty,2023,-0.5974398698219959,-0.5011507980736165,10,3,ET0,3,0,18.52,7.1090569971804145,4.71830645976308,4.121249342827301,0.0
1689577200,silty,2023,-0.3695441827877529,-0.5011507980736165,10,3,ET0,3,19.11,18.52,6.608581357186508,4.71830645976308,4.348762276975327,0.0
1689663600,silty,2023,-0.4738139845214076,-0.3695441827877529,10,3,ET0,3,0,19.11,7.5003116982488045,4.71830645976308,4.303890454948723,0.0
1689750000,silty,2023,-0.361092867146093,-0.3695441827877529,10,3,ET0,3,0,19.11,7.063404491828016,4.71830645976308,4.357213592616987,0.0
1689836400,silty,2023,-0.10051888731632609,-0.3695441827877529,10,3,ET0,3,22.51,19.11,7.949048805371062,4.71830645976308,4.617787572446754,0.0
1689922800,silty,2023,-0.3290744696891848,-0.10051888731632609,10,3,ET0,3,0,22.51,6.202164075023188,4.71830645976308,4.455479556628519,0.0
1687503600,silty,2023,-0.47514990579357963,0,10,3,ET0,7,6.42,0,6.420277994663035,4.71830645976308,4.2431565539695,0.0
1687590000,silty,2023,-0.46199695583992045,-0.47514990579357963,10,3,ET0,7,0,6.42,6.3387606045021405,4.71830645976308,4.256421902778248,0.0
1687676400,silty,2023,-0.2984196426705343,-0.47514990579357963,10,3,ET0,7,0,6.42,7.077332335884068,4.71830645976308,4.419886817092546,0.0
1687762800,silty,2023,-0.14651807875134348,-0.47514990579357963,10,3,ET0,7,0,6.42,6.229180911248416,4.71830645976308,4.571788381011737,0.0
1687849200,silty,2023,0.032927802667781225,-0.47514990579357963,10,3,ET0,7,0,6.42,7.717627618312005,4.71830645976308,4.751234262430861,0.0
1687935600,silty,2023,0.20287137207047448,-0.47514990579357963,10,3,ET0,7,0,6.42,8.190146658736474,4.71830645976308,4.921177831833555,0.0
1688022000,silty,2023,0.25133201918343084,-0.47514990579357963,10,3,ET0,7,0,6.42,2.6534944981591777,4.71830645976308,4.969638478946511,0.0
1688108400,silty,2023,0.38005250423834164,-0.47514990579357963,10,3,ET0,7,46.02,6.42,7.8119211404442055,4.71830645976308,5.098358964001422,0.0
1688194800,silty,2023,-0.3936424883892342,0.38005250423834164,10,3,ET0,7,0,46.02,2.989408376370308,4.71830645976308,4.502517314067853,0.0
1688281200,silty,2023,-0.6565888489723468,0.38005250423834164,10,3,ET0,7,0,46.02,3.6286065346203205,4.71830645976308,4.147210808510278,0.0
1688367600,silty,2023,-0.49037930484107645,0.38005250423834164,10,3,ET0,7,0,46.02,5.9091258835011,4.71830645976308,4.227927154922003,0.0
1688454000,silty,2023,-0.29733809307161,0.38005250423834164,10,3,ET0,7,0,46.02,6.621532339824514,4.71830645976308,4.42096836669147,0.0
1688540400,silty,2023,-0.11571133383019895,0.38005250423834164,10,3,ET0,7,0,46.02,6.395412175418061,4.71830645976308,4.602595125932881,0.0
1688626800,silty,2023,0.08935505118950421,0.38005250423834164,10,3,ET0,7,0,46.02,7.492344925936937,4.71830645976308,4.807661510952585,5.0
1688713200,silty,2023,0.16575743110196445,0.38005250423834164,10,3,ET0,7,36.42,46.02,3.3788724562330463,4.71830645976308,4.884063890865045,0.0
1688799600,silty,2023,-0.40842651435398586,0.16575743110196445,10,3,ET0,7,0,36.42,6.518921569415171,4.71830645976308,4.4345650996111425,0.0
1688886000,silty,2023,-0.47716783931519924,0.16575743110196445,10,3,ET0,7,0,36.42,7.0675670514600375,4.71830645976308,4.2692215148597334,0.0
1688972400,silty,2023,-0.2805294514745969,0.16575743110196445,10,3,ET0,7,0,36.42,6.961944041187434,4.71830645976308,4.437777008288483,0.0
1689058800,silty,2023,-0.05499896967864215,0.16575743110196445,10,3,ET0,7,0,36.42,7.523781176422247,4.71830645976308,4.6633074900844385,0.0
1689145200,silty,2023,0.17006917712793393,0.16575743110196445,10,3,ET0,7,0,36.42,7.806608352298979,4.71830645976308,4.8883756368910145,0.0
1689231600,silty,2023,0.3585406641291205,0.16575743110196445,10,3,ET0,7,0,36.42,7.714035948667738,4.71830645976308,5.0768471238922,22.8
1689318000,silty,2023,0.15581379337023082,0.16575743110196445,10,3,ET0,7,46.59,36.42,2.9961159428327533,4.71830645976308,4.874120253133311,0.0
1689404400,silty,2023,-0.6655021147176698,0.15581379337023082,10,3,ET0,7,0,46.59,5.390782029334142,4.71830645976308,4.322208078099149,0.0
1689490800,silty,2023,-0.8216995174368601,0.15581379337023082,10,3,ET0,7,0,46.59,7.1090569971804145,4.71830645976308,4.0210393490106,0.0
1689577200,silty,2023,-0.5948963234935567,0.15581379337023082,10,3,ET0,7,0,46.59,6.608581357186508,4.71830645976308,4.1234101362695235,0.0
1689663600,silty,2023,-0.32561920579414244,0.15581379337023082,10,3,ET0,7,0,46.59,7.5003116982488045,4.71830645976308,4.392687253968938,0.0
1689750000,silty,2023,-0.07784224051830752,0.15581379337023082,10,3,ET0,7,0,46.59,7.063404491828016,4.71830645976308,4.640464219244773,0.0
1689836400,silty,2023,0.187162498965397,0.15581379337023082,10,3,ET0,7,0,46.59,7.949048805371062,4.71830645976308,4.905468958728477,0.0
1689922800,silty,2023,0.35434864152386664,0.15581379337023082,10,3,ET0,7,47.82,46.59,6.202164075023188,4.71830645976308,5.072655101286947,0.0
1719126000,silty,2024,-0.6244404567664325,0,10,3,SMARTER,2,0,0,1.6632265501860408,4.71830645976308,4.093866002996648,1.7999999999999998
1719212400,silty,2024,-0.6884497306049389,-0.6244404567664325,10,3,SMARTER,2,0,0,1.5856569477409397,4.71830645976308,4.0298567291581415,5.8
1719298800,silty,2024,-0.7394934541651629,-0.6244404567664325,10,3,SMARTER,2,0,0,1.6430199437714739,4.71830645976308,3.9788130055979174,12.6
1719385200,silty,2024,-0.8184229348251344,-0.7394934541651629,10,3,SMARTER,2,0,0,3.7360647761286776,4.71830645976308,3.899883524937946,1.0
1719471600,silty,2024,-0.8088498640957699,-0.7394934541651629,10,3,SMARTER,2,0,0,3.2830581050375076,4.71830645976308,3.90945659566731,0.0
1719558000,silty,2024,-0.5853613793861766,-0.8088498640957699,10,3,SMARTER,2,0,0,8.105450401178516,4.71830645976308,4.132945080376904,0.0
1719644400,silty,2024,-0.3897007382607983,-0.8088498640957699,10,3,SMARTER,2,0,0,6.855392222915658,4.71830645976308,4.3286057215022815,0.0
1719730800,silty,2024,-0.20407131489849759,-0.3897007382607983,10,3,SMARTER,2,0,0,6.275478723242181,4.71830645976308,4.514235144864583,0.0
1719817200,silty,2024,0.03695855544243409,-0.3897007382607983,10,3,SMARTER,2,4.377468603359626,0,9.008052630760128,4.71830645976308,4.755265015205515,0.0
1719903600,silty,2024,0.09385922393106333,0.03695855544243409,10,3,SMARTER,2,0,4.377468603359626,6.40343719338403,4.71830645976308,4.812165683694143,0.0
1719990000,silty,2024,0.23422145640795206,0.03695855544243409,10,3,SMARTER,2,7.052761982238661,4.377468603359626,6.828302846826217,4.71830645976308,4.952527916171032,0.0
1720076400,silty,2024,0.1437314788067961,0.23422145640795206,10,3,SMARTER,2,0,7.052761982238661,3.501203041998366,4.71830645976308,4.862037938569876,0.0
1720162800,silty,2024,0.23293281889543252,0.23422145640795206,10,3,SMARTER,2,7.738674063799763,7.052761982238661,4.1107559323561444,4.71830645976308,4.951239278658512,0.0
1720249200,silty,2024,0.2193078747561315,0.23293281889543252,10,3,SMARTER,2,0,7.738674063799763,7.570021332731803,4.71830645976308,4.937614334519211,0.0
1720335600,silty,2024,0.3888056421626384,0.23293281889543252,10,3,SMARTER,2,10.463819222959739,7.738674063799763,8.236770338981968,4.71830645976308,5.107112101925718,0.0
1720422000,silty,2024,0.211172285083492,0.3888056421626384,10,3,SMARTER,2,0,10.463819222959739,3.5751601774979624,4.71830645976308,4.935393831239895,0.0
1720508400,silty,2024,0.32529249603094523,0.3888056421626384,10,3,SMARTER,2,10.804565249735642,10.463819222959739,6.021523561190189,4.71830645976308,5.0435989557940255,1.0
1720594800,silty,2024,0.20134292400600634,0.32529249603094523,10,3,SMARTER,2,0,10.804565249735642,6.408995121084742,4.71830645976308,4.930969617888489,0.0
1720681200,silty,2024,0.3389789914790781,0.32529249603094523,10,3,SMARTER,2,11.958367178654205,10.804565249735642,7.100145056634385,4.71830645976308,5.057285451242159,0.0
1720767600,silty,2024,0.24781259496187874,0.3389789914790781,10,3,SMARTER,2,0,11.958367178654205,8.417233027045325,4.71830645976308,4.9814135013798975,0.0
1720854000,silty,2024,0.4253100767470478,0.3389789914790781,10,3,SMARTER,2,14.097608261575044,11.958367178654205,9.478835789843245,4.71830645976308,5.143616536510128,0.0
1720940400,silty,2024,0.2942401082093305,0.4253100767470478,10,3,SMARTER,2,0,14.097608261575044,8.65408688020589,4.71830645976308,5.034641239001873,0.0
1721026800,silty,2024,0.4056958066182135,0.4253100767470478,10,3,SMARTER,2,15.118552980141342,14.097608261575044,8.038553013013921,4.71830645976308,5.124002266381294,0.0
1721113200,silty,2024,0.2516125585297296,0.4056958066182135,10,3,SMARTER,2,0,15.118552980141342,8.079175888672749,4.71830645976308,4.999144779680846,0.0
1721199600,silty,2024,0.4006520119039192,0.4056958066182135,10,3,SMARTER,2,16.270071068710156,15.118552980141342,9.89638188136864,4.71830645976308,5.118958471667,0.0
1721286000,silty,2024,0.2535260730705941,0.4006520119039192,10,3,SMARTER,2,0,16.270071068710156,8.856197692783795,4.71830645976308,5.003179748838459,0.0
1721372400,silty,2024,0.35419220995534234,0.4006520119039192,10,3,SMARTER,2,16.868049679090415,16.270071068710156,8.59349226880255,4.71830645976308,5.0724986697184224,0.0
1721458800,silty,2024,0.150775789557666,0.35419220995534234,10,3,SMARTER,2,0,16.868049679090415,6.5994601364997925,4.71830645976308,4.9108829811265196,0.0
1721545200,silty,2024,0.20233906328400106,0.35419220995534234,10,3,SMARTER,2,15.956535402229006,16.868049679090415,6.35886520949269,4.71830645976308,4.920645523047082,0.0
1719126000,silty,2024,-0.6244404567664325,0,10,3,SMARTER,1,0,0,1.6632265501860408,4.71830645976308,4.093866002996648,1.7999999999999998
1719212400,silty,2024,-0.6884497306049389,-0.6244404567664325,10,3,SMARTER,1,0,0,1.5856569477409397,4.71830645976308,4.0298567291581415,5.8
1719298800,silty,2024,-0.7394934541651629,-0.6884497306049389,10,3,SMARTER,1,0,0,1.6430199437714739,4.71830645976308,3.9788130055979174,12.6
1719385200,silty,2024,-0.8184229348251344,-0.7394934541651629,10,3,SMARTER,1,0,0,3.7360647761286776,4.71830645976308,3.899883524937946,1.0
1719471600,silty,2024,-0.8088498640957699,-0.8184229348251344,10,3,SMARTER,1,0,0,3.2830581050375076,4.71830645976308,3.90945659566731,0.0
1719558000,silty,2024,-0.5853613793861766,-0.8088498640957699,10,3,SMARTER,1,0,0,8.105450401178516,4.71830645976308,4.132945080376904,0.0
1719644400,silty,2024,-0.3897007382607983,-0.5853613793861766,10,3,SMARTER,1,0,0,6.855392222915658,4.71830645976308,4.3286057215022815,0.0
1719730800,silty,2024,-0.20407131489849759,-0.3897007382607983,10,3,SMARTER,1,1.2440802889275147,0,6.275478723242181,4.71830645976308,4.514235144864583,0.0
1719817200,silty,2024,0.01618605590167502,-0.20407131489849759,10,3,SMARTER,1,3.4952121646342653,1.2440802889275147,9.008052630760128,4.71830645976308,4.734492515664756,0.0
1719903600,silty,2024,0.08783984363309613,0.01618605590167502,10,3,SMARTER,1,4.475269572847765,3.4952121646342653,6.40343719338403,4.71830645976308,4.806146303396177,0.0
1719990000,silty,2024,0.13194780819712035,0.08783984363309613,10,3,SMARTER,1,5.312192643079368,4.475269572847765,6.828302846826217,4.71830645976308,4.8502542679602,0.0
1720076400,silty,2024,0.08060956342280592,0.13194780819712035,10,3,SMARTER,1,5.040638885604642,5.312192643079368,3.501203041998366,4.71830645976308,4.798916023185886,0.0
1720162800,silty,2024,0.05478068343409664,0.08060956342280592,10,3,SMARTER,1,4.946692136019839,5.040638885604642,4.1107559323561444,4.71830645976308,4.773087143197177,0.0
1720249200,silty,2024,0.11442544648693037,0.05478068343409664,10,3,SMARTER,1,5.8864161060089675,4.946692136019839,7.570021332731803,4.71830645976308,4.832731906250011,0.0
1720335600,silty,2024,0.15723053007201243,0.11442544648693037,10,3,SMARTER,1,6.7861585320758255,5.8864161060089675,8.236770338981968,4.71830645976308,4.875536989835092,0.0
1720422000,silty,2024,0.06431351825014629,0.15723053007201243,10,3,SMARTER,1,6.0499289686076025,6.7861585320758255,3.5751601774979624,4.71830645976308,4.782619978013226,0.0
1720508400,silty,2024,0.04972688927630199,0.06431351825014629,10,3,SMARTER,1,6.053243346698066,6.0499289686076025,6.021523561190189,4.71830645976308,4.768033349039382,1.0
1720594800,silty,2024,0.04319573981107114,0.04972688927630199,10,3,SMARTER,1,6.117519071478971,6.053243346698066,6.408995121084742,4.71830645976308,4.761502199574151,0.0
1720681200,silty,2024,0.06403785630125877,0.04319573981107114,10,3,SMARTER,1,6.518053805284624,6.117519071478971,7.100145056634385,4.71830645976308,4.782344316064339,0.0
1720767600,silty,2024,0.10872286268516422,0.06403785630125877,10,3,SMARTER,1,7.291072457179171,6.518053805284624,8.417233027045325,4.71830645976308,4.827029322448245,0.0
1720854000,silty,2024,0.15664168390972988,0.10872286268516422,10,3,SMARTER,1,8.240185721154017,7.291072457179171,9.478835789843245,4.71830645976308,4.87494814367281,0.0
1720940400,silty,2024,0.14915578872626084,0.15664168390972988,10,3,SMARTER,1,8.61279413549811,8.240185721154017,8.65408688020589,4.71830645976308,4.8692585508785635,0.0
1721026800,silty,2024,0.1151239246673645,0.14915578872626084,10,3,SMARTER,1,8.61784726891124,8.61279413549811,8.038553013013921,4.71830645976308,4.838262382176332,0.0
1721113200,silty,2024,0.08356028189130657,0.1151239246673645,10,3,SMARTER,1,8.55289168682458,8.61784726891124,8.079175888672749,4.71830645976308,4.808464794881246,0.0
1721199600,silty,2024,0.10693522121122381,0.08356028189130657,10,3,SMARTER,1,9.107446743657423,8.55289168682458,9.89638188136864,4.71830645976308,4.83023108648264,0.0
1721286000,silty,2024,0.0911666040034941,0.10693522121122381,10,3,SMARTER,1,9.22326038359061,9.107446743657423,8.856197692783795,4.71830645976308,4.819315148839134,0.0
1721372400,silty,2024,0.061889519553878225,0.0911666040034941,10,3,SMARTER,1,9.116158097756085,9.22326038359061,8.59349226880255,4.71830645976308,4.792960710467297,0.0
1721458800,silty,2024,-0.012759459618671911,0.061889519553878225,10,3,SMARTER,1,8.331389927174568,9.116158097756085,6.5994601364997925,4.71830645976308,4.722862310891681,0.0
1721545200,silty,2024,-0.0683815442657973,-0.012759459618671911,10,3,SMARTER,1,7.570024447905922,8.331389927174568,6.35886520949269,4.71830645976308,4.662153213302328,0.0
1719126000,silty,2024,-0.6244404567664325,0,10,3,SMARTER,3,0,0,1.6632265501860408,4.71830645976308,4.093866002996648,1.7999999999999998
1719212400,silty,2024,-0.6884497306049389,-0.6244404567664325,10,3,SMARTER,3,0,0,1.5856569477409397,4.71830645976308,4.0298567291581415,5.8
1719298800,silty,2024,-0.7394934541651629,-0.6244404567664325,10,3,SMARTER,3,0,0,1.6430199437714739,4.71830645976308,3.9788130055979174,12.6
1719385200,silty,2024,-0.8184229348251344,-0.6244404567664325,10,3,SMARTER,3,0,0,3.7360647761286776,4.71830645976308,3.899883524937946,1.0
1719471600,silty,2024,-0.8088498640957699,-0.8184229348251344,10,3,SMARTER,3,0,0,3.2830581050375076,4.71830645976308,3.90945659566731,0.0
1719558000,silty,2024,-0.5853613793861766,-0.8184229348251344,10,3,SMARTER,3,0,0,8.105450401178516,4.71830645976308,4.132945080376904,0.0
1719644400,silty,2024,-0.3897007382607983,-0.8184229348251344,10,3,SMARTER,3,0,0,6.855392222915658,4.71830645976308,4.3286057215022815,0.0
1719730800,silty,2024,-0.20407131489849759,-0.3897007382607983,10,3,SMARTER,3,0,0,6.275478723242181,4.71830645976308,4.514235144864583,0.0
1719817200,silty,2024,0.03695855544243409,-0.3897007382607983,10,3,SMARTER,3,0,0,9.008052630760128,4.71830645976308,4.755265015205515,0.0
1719903600,silty,2024,0.17587316757904622,-0.3897007382607983,10,3,SMARTER,3,6.183358561135584,0,6.40343719338403,4.71830645976308,4.894179627342126,0.0
1719990000,silty,2024,0.1838042534967398,0.17587316757904622,10,3,SMARTER,3,0,6.183358561135584,6.828302846826217,4.71830645976308,4.90211071325982,0.0
1720076400,silty,2024,0.25373755470398496,0.17587316757904622,10,3,SMARTER,3,0,6.183358561135584,3.501203041998366,4.71830645976308,4.972044014467065,0.0
1720162800,silty,2024,0.33843539153005175,0.17587316757904622,10,3,SMARTER,3,8.824286975235795,6.183358561135584,4.1107559323561444,4.71830645976308,5.056741851293132,0.0
1720249200,silty,2024,0.28642046485584505,0.33843539153005175,10,3,SMARTER,3,0,8.824286975235795,7.570021332731803,4.71830645976308,5.004726924618925,0.0
1720335600,silty,2024,0.4452095612181362,0.33843539153005175,10,3,SMARTER,3,0,8.824286975235795,8.236770338981968,4.71830645976308,5.163516020981216,0.0
1720422000,silty,2024,0.5074607771912217,0.33843539153005175,10,3,SMARTER,3,12.036923163421159,8.824286975235795,3.5751601774979624,4.71830645976308,5.225767236954302,0.0
1720508400,silty,2024,0.3382765456792108,0.5074607771912217,10,3,SMARTER,3,0,12.036923163421159,6.021523561190189,4.71830645976308,5.065472488244878,1.0
1720594800,silty,2024,0.4327724807753773,0.5074607771912217,10,3,SMARTER,3,0,12.036923163421159,6.408995121084742,4.71830645976308,5.151078940538458,0.0
1720681200,silty,2024,0.569729640340485,0.5074607771912217,10,3,SMARTER,3,14.368800715935247,12.036923163421159,7.100145056634385,4.71830645976308,5.288036100103565,0.0
1720767600,silty,2024,0.40432241915066724,0.569729640340485,10,3,SMARTER,3,0,14.368800715935247,8.417233027045325,4.71830645976308,5.137444256297055,0.0
1720854000,silty,2024,0.5293886606567058,0.569729640340485,10,3,SMARTER,3,0,14.368800715935247,9.478835789843245,4.71830645976308,5.247695120419786,0.0
1720940400,silty,2024,0.680510204406384,0.569729640340485,10,3,SMARTER,3,17.51813696981339,14.368800715935247,8.65408688020589,4.71830645976308,5.398816664169464,0.0
1721026800,silty,2024,0.4464863064793048,0.680510204406384,10,3,SMARTER,3,0,17.51813696981339,8.038553013013921,4.71830645976308,5.18611801674293,0.0
1721113200,silty,2024,0.49831861951992795,0.680510204406384,10,3,SMARTER,3,0,17.51813696981339,8.079175888672749,4.71830645976308,5.216625079283008,0.0
1721199600,silty,2024,0.6865896635072871,0.680510204406384,10,3,SMARTER,3,19.638700551344282,17.51813696981339,9.89638188136864,4.71830645976308,5.404896123270367,0.0
1721286000,silty,2024,0.4381377658610343,0.6865896635072871,10,3,SMARTER,3,0,19.638700551344282,8.856197692783795,4.71830645976308,5.183345724326724,0.0
1721372400,silty,2024,0.4752171456875569,0.6865896635072871,10,3,SMARTER,3,0,19.638700551344282,8.59349226880255,4.71830645976308,5.193523605450637,0.0
1721458800,silty,2024,0.6085343550184605,0.6865896635072871,10,3,SMARTER,3,20.6837505315114,19.638700551344282,6.5994601364997925,4.71830645976308,5.326840814781541,0.0
1721545200,silty,2024,0.3199729144343475,0.6085343550184605,10,3,SMARTER,3,0,20.6837505315114,6.35886520949269,4.71830645976308,5.076399840277657,0.0
1719126000,silty,2024,-0.6244404567664325,0,10,3,SMARTER,7,0,0,1.6632265501860408,4.71830645976308,4.093866002996648,1.7999999999999998
1719212400,silty,2024,-0.6884497306049389,-0.6244404567664325,10,3,SMARTER,7,0,0,1.5856569477409397,4.71830645976308,4.0298567291581415,5.8
1719298800,silty,2024,-0.7394934541651629,-0.6244404567664325,10,3,SMARTER,7,0,0,1.6430199437714739,4.71830645976308,3.9788130055979174,12.6
1719385200,silty,2024,-0.8184229348251344,-0.6244404567664325,10,3,SMARTER,7,0,0,3.7360647761286776,4.71830645976308,3.899883524937946,1.0
1719471600,silty,2024,-0.8088498640957699,-0.6244404567664325,10,3,SMARTER,7,0,0,3.2830581050375076,4.71830645976308,3.90945659566731,0.0
1719558000,silty,2024,-0.5853613793861766,-0.6244404567664325,10,3,SMARTER,7,0,0,8.105450401178516,4.71830645976308,4.132945080376904,0.0
1719644400,silty,2024,-0.3897007382607983,-0.6244404567664325,10,3,SMARTER,7,0,0,6.855392222915658,4.71830645976308,4.3286057215022815,0.0
1719730800,silty,2024,-0.20407131489849759,-0.6244404567664325,10,3,SMARTER,7,3.5914774739838555,0,6.275478723242181,4.71830645976308,4.514235144864583,0.0
1719817200,silty,2024,-0.03438347833717702,-0.20407131489849759,10,3,SMARTER,7,0,3.5914774739838555,9.008052630760128,4.71830645976308,4.683922981425903,0.0
1719903600,silty,2024,0.11334955393277309,-0.20407131489849759,10,3,SMARTER,7,0,3.5914774739838555,6.40343719338403,4.71830645976308,4.831656013695853,0.0
1719990000,silty,2024,0.24864535519569203,-0.20407131489849759,10,3,SMARTER,7,0,3.5914774739838555,6.828302846826217,4.71830645976308,4.966951814958772,0.0
1720076400,silty,2024,0.31316361744256166,-0.20407131489849759,10,3,SMARTER,7,0,3.5914774739838555,3.501203041998366,4.71830645976308,5.0314700772056415,0.0
1720162800,silty,2024,0.390441016446982,-0.20407131489849759,10,3,SMARTER,7,0,3.5914774739838555,4.1107559323561444,4.71830645976308,5.108747476210063,0.0
1720249200,silty,2024,0.5189562022533223,-0.20407131489849759,10,3,SMARTER,7,0,3.5914774739838555,7.570021332731803,4.71830645976308,5.237262662016403,0.0
1720335600,silty,2024,0.6362902347775323,-0.20407131489849759,10,3,SMARTER,7,13.903963675076753,3.5914774739838555,8.236770338981968,4.71830645976308,5.3545966945406125,0.0
1720422000,silty,2024,0.4022279331121345,0.6362902347775323,10,3,SMARTER,7,0,13.903963675076753,3.5751601774979624,4.71830645976308,5.127930556390633,0.0
1720508400,silty,2024,0.4656715450408356,0.6362902347775323,10,3,SMARTER,7,0,13.903963675076753,6.021523561190189,4.71830645976308,5.183978004803916,1.0
1720594800,silty,2024,0.5806191409066794,0.6362902347775323,10,3,SMARTER,7,0,13.903963675076753,6.408995121084742,4.71830645976308,5.29892560066976,0.0
1720681200,silty,2024,0.6834259171423442,0.6362902347775323,10,3,SMARTER,7,0,13.903963675076753,7.100145056634385,4.71830645976308,5.401732376905424,0.0
1720767600,silty,2024,0.78291419733022,0.6362902347775323,10,3,SMARTER,7,0,13.903963675076753,8.417233027045325,4.71830645976308,5.501220657093301,0.0
1720854000,silty,2024,0.8702822016856964,0.6362902347775323,10,3,SMARTER,7,0,13.903963675076753,9.478835789843245,4.71830645976308,5.588588661448776,0.0
1720940400,silty,2024,0.9226424491586814,0.6362902347775323,10,3,SMARTER,7,19.535413166364286,13.903963675076753,8.65408688020589,4.71830645976308,5.640948908921762,0.0
1721026800,silty,2024,0.6207239481637524,0.9226424491586814,10,3,SMARTER,7,0,19.535413166364286,8.038553013013921,4.71830645976308,5.3539218205616,0.0
1721113200,silty,2024,0.6313271117937818,0.9226424491586814,10,3,SMARTER,7,0,19.535413166364286,8.079175888672749,4.71830645976308,5.349633571556862,0.0
1721199600,silty,2024,0.7873088159358036,0.9226424491586814,10,3,SMARTER,7,0,19.535413166364286,9.89638188136864,4.71830645976308,5.505615275698884,0.0
1721286000,silty,2024,0.8770865682578535,0.9226424491586814,10,3,SMARTER,7,0,19.535413166364286,8.856197692783795,4.71830645976308,5.595393028020934,0.0
1721372400,silty,2024,0.938963536497812,0.9226424491586814,10,3,SMARTER,7,0,19.535413166364286,8.59349226880255,4.71830645976308,5.657269996260892,0.0
1721458800,silty,2024,0.9697554254883606,0.9226424491586814,10,3,SMARTER,7,0,19.535413166364286,6.5994601364997925,4.71830645976308,5.688061885251441,0.0
1721545200,silty,2024,0.9828928401631498,0.9226424491586814,10,3,SMARTER,7,23.08659559689842,19.535413166364286,6.35886520949269,4.71830645976308,5.70119929992623,0.0
1719126000,silty,2024,-0.6244404567664325,0,10,3,ET0,2,1.66,0,1.6632265501860408,4.71830645976308,4.093866002996648,1.7999999999999998
1719212400,silty,2024,-0.7305741285293589,-0.6244404567664325,10,3,ET0,2,0,1.66,1.5856569477409397,4.71830645976308,3.9877323312337216,5.8
1719298800,silty,2024,-0.7809997133752613,-0.6244404567664325,10,3,ET0,2,3.23,1.66,1.6430199437714739,4.71830645976308,3.937306746387819,12.6
1719385200,silty,2024,-0.9532291029745104,-0.7809997133752613,10,3,ET0,2,0,3.23,3.7360647761286776,4.71830645976308,3.771681645862439,1.0
1719471600,silty,2024,-0.9333352497799046,-0.7809997133752613,10,3,ET0,2,7.02,3.23,3.2830581050375076,4.71830645976308,3.784971209983176,0.0
1719558000,silty,2024,-0.8587009622982784,-0.9333352497799046,10,3,ET0,2,0,7.02,8.105450401178516,4.71830645976308,3.8618551257416684,0.0
1719644400,silty,2024,-0.6657092097527642,-0.9333352497799046,10,3,ET0,2,14.96,7.02,6.855392222915658,4.71830645976308,4.052597250010316,0.0
1719730800,silty,2024,-0.7761061586729965,-0.6657092097527642,10,3,ET0,2,0,14.96,6.275478723242181,4.71830645976308,3.9888351876685735,0.0
1719817200,silty,2024,-0.577769552750163,-0.6657092097527642,10,3,ET0,2,15.28,14.96,9.008052630760128,4.71830645976308,4.140536907012917,0.0
1719903600,silty,2024,-0.7066921557343671,-0.577769552750163,10,3,ET0,2,0,15.28,6.40343719338403,4.71830645976308,4.067686711288206,0.0
1719990000,silty,2024,-0.5857962912283537,-0.577769552750163,10,3,ET0,2,13.23,15.28,6.828302846826217,4.71830645976308,4.1325101685347265,0.0
1720076400,silty,2024,-0.7683110686238589,-0.5857962912283537,10,3,ET0,2,0,13.23,3.501203041998366,4.71830645976308,4.010481821658242,0.0
1720162800,silty,2024,-0.6767209503945101,-0.5857962912283537,10,3,ET0,2,7.61,13.23,4.1107559323561444,4.71830645976308,4.04158550936857,0.0
1720249200,silty,2024,-0.6207572788676011,-0.6767209503945101,10,3,ET0,2,0,7.61,7.570021332731803,4.71830645976308,4.103131665877169,0.0
1720335600,silty,2024,-0.38774134435098373,-0.6767209503945101,10,3,ET0,2,15.81,7.61,8.236770338981968,4.71830645976308,4.330565115412097,0.0
1720422000,silty,2024,-0.5934701721311899,-0.38774134435098373,10,3,ET0,2,0,15.81,3.5751601774979624,4.71830645976308,4.176086465777803,0.0
1720508400,silty,2024,-0.4850286146072165,-0.38774134435098373,10,3,ET0,2,9.6,15.81,6.021523561190189,4.71830645976308,4.233277845155864,1.0
1720594800,silty,2024,-0.5220012992380317,-0.4850286146072165,10,3,ET0,2,0,9.6,6.408995121084742,4.71830645976308,4.218226456864795,0.0
1720681200,silty,2024,-0.31710922272812353,-0.4850286146072165,10,3,ET0,2,13.51,9.6,7.100145056634385,4.71830645976308,4.401197237034957,0.0
1720767600,silty,2024,-0.34779964642761857,-0.31710922272812353,10,3,ET0,2,0,13.51,8.417233027045325,4.71830645976308,4.4050308525664885,0.0
1720854000,silty,2024,-0.12288959151545319,-0.31710922272812353,10,3,ET0,2,17.9,13.51,9.478835789843245,4.71830645976308,4.595416868247627,0.0
1720940400,silty,2024,-0.2345982397281724,-0.12288959151545319,10,3,ET0,2,0,17.9,8.65408688020589,4.71830645976308,4.531379105103404,0.0
1721026800,silty,2024,-0.12210704914155174,-0.12288959151545319,10,3,ET0,2,16.69,17.9,8.038553013013921,4.71830645976308,4.596199410621528,0.0
1721113200,silty,2024,-0.24088050382719706,-0.12210704914155174,10,3,ET0,2,0,16.69,8.079175888672749,4.71830645976308,4.528770579686373,0.0
1721199600,silty,2024,-0.05661751298364403,-0.12210704914155174,10,3,ET0,2,17.98,16.69,9.89638188136864,4.71830645976308,4.661688946779436,0.0
1721286000,silty,2024,-0.16999645277402137,-0.05661751298364403,10,3,ET0,2,0,17.98,8.856197692783795,4.71830645976308,4.599089560932698,0.0
1721372400,silty,2024,-0.04780396920905637,-0.05661751298364403,10,3,ET0,2,17.45,17.98,8.59349226880255,4.71830645976308,4.670502490554024,0.0
1721458800,silty,2024,-0.2213463403500752,-0.04780396920905637,10,3,ET0,2,0,17.45,6.5994601364997925,4.71830645976308,4.555963011412896,0.0
1721545200,silty,2024,-0.14355650673106635,-0.04780396920905637,10,3,ET0,2,12.96,17.45,6.35886520949269,4.71830645976308,4.574749953032014,0.0
1719126000,silty,2024,-0.6244404567664325,0,10,3,ET0,1,1.66,0,1.6632265501860408,4.71830645976308,4.093866002996648,1.7999999999999998
1719212400,silty,2024,-0.7305741285293589,-0.6244404567664325,10,3,ET0,1,1.59,1.66,1.5856569477409397,4.71830645976308,3.9877323312337216,5.8
1719298800,silty,2024,-0.8178614431825778,-0.7305741285293589,10,3,ET0,1,1.64,1.59,1.6430199437714739,4.71830645976308,3.9004450165805027,12.6
1719385200,silty,2024,-0.9532503760362812,-0.8178614431825778,10,3,ET0,1,3.74,1.64,3.7360647761286776,4.71830645976308,3.7681538290717893,1.0
1719471600,silty,2024,-1.0229087694892876,-0.9532503760362812,10,3,ET0,1,3.28,3.74,3.2830581050375076,4.71830645976308,3.695950938549438,0.0
1719558000,silty,2024,-0.8639723898148625,-1.0229087694892876,10,3,ET0,1,8.11,3.28,8.105450401178516,4.71830645976308,3.854334069948218,0.0
1719644400,silty,2024,-0.8480788695345681,-0.8639723898148625,10,3,ET0,1,6.86,8.11,6.855392222915658,4.71830645976308,3.879932348473506,0.0
1719730800,silty,2024,-0.8251109603422108,-0.8480788695345681,10,3,ET0,1,6.28,6.86,6.275478723242181,4.71830645976308,3.90010785329609,0.0
1719817200,silty,2024,-0.7114571158342222,-0.8251109603422108,10,3,ET0,1,9.01,6.28,9.008052630760128,4.71830645976308,4.008210966001685,0.0
1719903600,silty,2024,-0.742180475738897,-0.7114571158342222,10,3,ET0,1,6.4,9.01,6.40343719338403,4.71830645976308,3.998506471594553,0.0
1719990000,silty,2024,-0.7115487701765387,-0.742180475738897,10,3,ET0,1,6.83,6.4,6.828302846826217,4.71830645976308,4.013528325513482,0.0
1720076400,silty,2024,-0.7720829908915132,-0.7115487701765387,10,3,ET0,1,3.5,6.83,3.501203041998366,4.71830645976308,3.958078782961298,0.0
1720162800,silty,2024,-0.7252708382961653,-0.7720829908915132,10,3,ET0,1,4.11,3.5,4.1107559323561444,4.71830645976308,3.993035621466915,0.0
1720249200,silty,2024,-0.587580718818303,-0.7252708382961653,10,3,ET0,1,7.57,4.11,7.570021332731803,4.71830645976308,4.1307257409447775,0.0
1720335600,silty,2024,-0.5220734042645467,-0.587580718818303,10,3,ET0,1,8.24,7.57,8.236770338981968,4.71830645976308,4.198729229777738,0.0
1720422000,silty,2024,-0.6189321346145438,-0.5220734042645467,10,3,ET0,1,3.58,8.24,3.5751601774979624,4.71830645976308,4.114796006098693,0.0
1720508400,silty,2024,-0.5255288789990064,-0.6189321346145438,10,3,ET0,1,6.02,3.58,6.021523561190189,4.71830645976308,4.192777580764074,1.0
1720594800,silty,2024,-0.4788486685108559,-0.5255288789990064,10,3,ET0,1,6.41,6.02,6.408995121084742,4.71830645976308,4.239463676253814,0.0
1720681200,silty,2024,-0.4165092514781699,-0.4788486685108559,10,3,ET0,1,7.1,6.41,7.100145056634385,4.71830645976308,4.302091070172022,0.0
1720767600,silty,2024,-0.3367447447544188,-0.4165092514781699,10,3,ET0,1,8.42,7.1,8.417233027045325,4.71830645976308,4.382830316910036,0.0
1720854000,silty,2024,-0.26666355081679494,-0.3367447447544188,10,3,ET0,1,9.48,8.42,9.478835789843245,4.71830645976308,4.458260938198297,0.0
1720940400,silty,2024,-0.2637736641302426,-0.26666355081679494,10,3,ET0,1,8.65,9.48,8.65408688020589,4.71830645976308,4.472491566606412,0.0
1721026800,silty,2024,-0.26287157614646484,-0.2637736641302426,10,3,ET0,1,8.04,8.65,8.038553013013921,4.71830645976308,4.470074389233276,0.0
1721113200,silty,2024,-0.24207154974567507,-0.26287157614646484,10,3,ET0,1,8.08,8.04,8.079175888672749,4.71830645976308,4.485163357229552,0.0
1721199600,silty,2024,-0.16436363024243364,-0.24207154974567507,10,3,ET0,1,9.9,8.08,9.89638188136864,4.71830645976308,4.559962558158331,0.0
1721286000,silty,2024,-0.16787512099995316,-0.16436363024243364,10,3,ET0,1,8.86,9.9,8.856197692783795,4.71830645976308,4.571886379660548,0.0
1721372400,silty,2024,-0.16703690406361754,-0.16787512099995316,10,3,ET0,1,8.59,8.86,8.59349226880255,4.71830645976308,4.56647171794841,0.0
1721458800,silty,2024,-0.20775200477089042,-0.16703690406361754,10,3,ET0,1,6.6,8.59,6.5994601364997925,4.71830645976308,4.527722098327328,0.0
1721545200,silty,2024,-0.19904488248655736,-0.20775200477089042,10,3,ET0,1,6.36,6.6,6.35886520949269,4.71830645976308,4.522294127846289,0.0
1719126000,silty,2024,-0.6244404567664325,0,10,3,ET0,3,1.66,0,1.6632265501860408,4.71830645976308,4.093866002996648,1.7999999999999998
1719212400,silty,2024,-0.7305741285293589,-0.6244404567664325,10,3,ET0,3,0,1.66,1.5856569477409397,4.71830645976308,3.9877323312337216,5.8
1719298800,silty,2024,-0.7809997133752613,-0.6244404567664325,10,3,ET0,3,0,1.66,1.6430199437714739,4.71830645976308,3.937306746387819,12.6
1719385200,silty,2024,-0.8634879600040835,-0.6244404567664325,10,3,ET0,3,6.96,1.66,3.7360647761286776,4.71830645976308,3.8548184997589967,1.0
1719471600,silty,2024,-1.0186435812228034,-0.8634879600040835,10,3,ET0,3,0,6.96,3.2830581050375076,4.71830645976308,3.714106843723119,0.0
1719558000,silty,2024,-0.7923636471685973,-0.8634879600040835,10,3,ET0,3,0,6.96,8.105450401178516,4.71830645976308,3.925942812594483,0.0
1719644400,silty,2024,-0.5927450644239821,-0.8634879600040835,10,3,ET0,3,18.24,6.96,6.855392222915658,4.71830645976308,4.125561395339099,0.0
1719730800,silty,2024,-0.7374334618681669,-0.5927450644239821,10,3,ET0,3,0,18.24,6.275478723242181,4.71830645976308,4.030118895302227,0.0
1719817200,silty,2024,-0.5811268896412991,-0.5927450644239821,10,3,ET0,3,0,18.24,9.008052630760128,4.71830645976308,4.1371795701217815,0.0
1719903600,silty,2024,-0.40508907140262107,-0.5927450644239821,10,3,ET0,3,21.69,18.24,6.40343719338403,4.71830645976308,4.313217388360459,0.0
1719990000,silty,2024,-0.6189200254912777,-0.40508907140262107,10,3,ET0,3,0,21.69,6.828302846826217,4.71830645976308,4.1668872287302765,0.0
1720076400,silty,2024,-0.6579941605261479,-0.40508907140262107,10,3,ET0,3,0,21.69,3.501203041998366,4.71830645976308,4.062920187885291,0.0
1720162800,silty,2024,-0.5300665864462919,-0.40508907140262107,10,3,ET0,3,14.44,21.69,4.1107559323561444,4.71830645976308,4.188239873316788,0.0
1720249200,silty,2024,-0.5975823939781792,-0.5300665864462919,10,3,ET0,3,0,14.44,7.570021332731803,4.71830645976308,4.166329775845416,0.0
1720335600,silty,2024,-0.4187941246656622,-0.5300665864462919,10,3,ET0,3,0,14.44,8.236770338981968,4.71830645976308,4.299512335097418,0.0
1720422000,silty,2024,-0.3128757377647671,-0.5300665864462919,10,3,ET0,3,19.38,14.44,3.5751601774979624,4.71830645976308,4.4054307219983135,0.0
1720508400,silty,2024,-0.4944962629933134,-0.3128757377647671,10,3,ET0,3,0,19.38,6.021523561190189,4.71830645976308,4.280487258768814,1.0
1720594800,silty,2024,-0.4332787809934726,-0.3128757377647671,10,3,ET0,3,0,19.38,6.408995121084742,4.71830645976308,4.285027678769608,0.0
1720681200,silty,2024,-0.2190606664776084,-0.3128757377647671,10,3,ET0,3,19.53,19.38,7.100145056634385,4.71830645976308,4.499245793285472,0.0
1720767600,silty,2024,-0.33469562886852017,-0.2190606664776084,10,3,ET0,3,0,19.53,8.417233027045325,4.71830645976308,4.434367020969484,0.0
1720854000,silty,2024,-0.1892859343689267,-0.2190606664776084,10,3,ET0,3,0,19.53,9.478835789843245,4.71830645976308,4.529020525394153,0.0
1720940400,silty,2024,0.052207996368657326,-0.2190606664776084,10,3,ET0,3,26.55,19.53,8.65408688020589,4.71830645976308,4.770514456131737,0.0
1721026800,silty,2024,-0.23773883654434463,0.052207996368657326,10,3,ET0,3,0,26.55,8.038553013013921,4.71830645976308,4.5544031550888455,0.0
1721113200,silty,2024,-0.2036576104293917,0.052207996368657326,10,3,ET0,3,0,26.55,8.079175888672749,4.71830645976308,4.515575725880657,0.0
1721199600,silty,2024,0.07373656929585208,0.052207996368657326,10,3,ET0,3,26.01,26.55,9.89638188136864,4.71830645976308,4.792043029058933,0.0
1721286000,silty,2024,-0.18387689473601085,0.07373656929585208,10,3,ET0,3,0,26.01,8.856197692783795,4.71830645976308,4.606672751736439,0.0
1721372400,silty,2024,-0.13450301083172325,0.07373656929585208,10,3,ET0,3,0,26.01,8.59349226880255,4.71830645976308,4.584134032333896,0.0
1721458800,silty,2024,0.047384387860859314,0.07373656929585208,10,3,ET0,3,24.05,26.01,6.5994601364997925,4.71830645976308,4.765690847623939,0.0
1721545200,silty,2024,-0.2341539385808274,0.047384387860859314,10,3,ET0,3,0,24.05,6.35886520949269,4.71830645976308,4.559742033222869,0.0
1719126000,silty,2024,-0.6244404567664325,0,10,3,ET0,7,1.66,0,1.6632265501860408,4.71830645976308,4.093866002996648,1.7999999999999998
1719212400,silty,2024,-0.7305741285293589,-0.6244404567664325,10,3,ET0,7,0,1.66,1.5856569477409397,4.71830645976308,3.9877323312337216,5.8
1719298800,silty,2024,-0.7809997133752613,-0.6244404567664325,10,3,ET0,7,0,1.66,1.6430199437714739,4.71830645976308,3.937306746387819,12.6
1719385200,silty,2024,-0.8634879600040835,-0.6244404567664325,10,3,ET0,7,0,1.66,3.7360647761286776,4.71830645976308,3.8548184997589967,1.0
1719471600,silty,2024,-0.8502740809095322,-0.6244404567664325,10,3,ET0,7,0,1.66,3.2830581050375076,4.71830645976308,3.868032378853548,0.0
1719558000,silty,2024,-0.6243521694644522,-0.6244404567664325,10,3,ET0,7,0,1.66,8.105450401178516,4.71830645976308,4.093954290298628,0.0
1719644400,silty,2024,-0.42699950388459246,-0.6244404567664325,10,3,ET0,7,0,1.66,6.855392222915658,4.71830645976308,4.291306955878488,0.0
1719730800,silty,2024,-0.2396545681883629,-0.6244404567664325,10,3,ET0,7,31.48,1.66,6.275478723242181,4.71830645976308,4.478651891574717,0.0
1719817200,silty,2024,-0.5624564234928211,-0.2396545681883629,10,3,ET0,7,0,31.48,9.008052630760128,4.71830645976308,4.23815897438766,0.0
1719903600,silty,2024,-0.6019140003651208,-0.2396545681883629,10,3,ET0,7,0,31.48,6.40343719338403,4.71830645976308,4.12777371904181,0.0
1719990000,silty,2024,-0.4217837098977207,-0.2396545681883629,10,3,ET0,7,0,31.48,6.828302846826217,4.71830645976308,4.2965227498653595,0.0
1720076400,silty,2024,-0.31887774727944423,-0.2396545681883629,10,3,ET0,7,0,31.48,3.501203041998366,4.71830645976308,4.399428712483636,0.0
1720162800,silty,2024,-0.19243771753642702,-0.2396545681883629,10,3,ET0,7,0,31.48,4.1107559323561444,4.71830645976308,4.5258687422266535,0.0
1720249200,silty,2024,0.025002737447381407,-0.2396545681883629,10,3,ET0,7,0,31.48,7.570021332731803,4.71830645976308,4.743309197210461,0.0
1720335600,silty,2024,0.22767428059807288,-0.2396545681883629,10,3,ET0,7,45.66,31.48,8.236770338981968,4.71830645976308,4.945980740361153,0.0
1720422000,silty,2024,-0.5310504615763352,0.22767428059807288,10,3,ET0,7,0,45.66,3.5751601774979624,4.71830645976308,4.390712982422502,0.0
1720508400,silty,2024,-0.6993846255109745,0.22767428059807288,10,3,ET0,7,0,45.66,6.021523561190189,4.71830645976308,4.107236876336753,1.0
1720594800,silty,2024,-0.5067897413061223,0.22767428059807288,10,3,ET0,7,0,45.66,6.408995121084742,4.71830645976308,4.2115167184569575,0.0
1720681200,silty,2024,-0.2770829604797529,0.22767428059807288,10,3,ET0,7,0,45.66,7.100145056634385,4.71830645976308,4.4412234992833275,0.0
1720767600,silty,2024,-0.010948102224699606,0.22767428059807288,10,3,ET0,7,0,45.66,8.417233027045325,4.71830645976308,4.70735835753838,0.0
1720854000,silty,2024,0.26141396508828874,0.22767428059807288,10,3,ET0,7,0,45.66,9.478835789843245,4.71830645976308,4.979720424851369,0.0
1720940400,silty,2024,0.45322455769266917,0.22767428059807288,10,3,ET0,7,49.66,45.66,8.65408688020589,4.71830645976308,5.17153101745575,0.0
1721026800,silty,2024,-0.2747235551739186,0.45322455769266917,10,3,ET0,7,0,49.66,8.038553013013921,4.71830645976308,4.632180328505016,0.0
1721113200,silty,2024,-0.48708097282721136,0.45322455769266917,10,3,ET0,7,0,49.66,8.079175888672749,4.71830645976308,4.3170561239248,0.0
1721199600,silty,2024,-0.2054871480010836,0.45322455769266917,10,3,ET0,7,0,49.66,9.89638188136864,4.71830645976308,4.512819311761997,0.0
1721286000,silty,2024,0.06836775321008133,0.45322455769266917,10,3,ET0,7,0,49.66,8.856197692783795,4.71830645976308,4.786674212973161,0.0
1721372400,silty,2024,0.3157483453296429,0.45322455769266917,10,3,ET0,7,0,49.66,8.59349226880255,4.71830645976308,5.034054805092723,0.0
1721458800,silty,2024,0.468564656802431,0.45322455769266917,10,3,ET0,7,0,49.66,6.5994601364997925,4.71830645976308,5.186871116565511,0.0
1721545200,silty,2024,0.5885645299277346,0.45322455769266917,10,3,ET0,7,56.42,49.66,6.35886520949269,4.71830645976308,5.306870989690815,0.0
1625986800,sandy,2021,0.22279779625051407,0,7,3,SMARTER,2,2.2279779625051406,0,7.909412676835701,4.71830645976308,4.9411042560135945,0.0
1626073200,sandy,2021,0.36033475375577434,0.22279779625051407,7,3,SMARTER,2,0,2.2279779625051406,8.171899400888595,4.71830645976308,5.078641213518854,0.0
1626159600,sandy,2021,0.5121073464767159,0.22279779625051407,7,3,SMARTER,2,5.7894668535187,2.2279779625051406,7.307248568315713,4.71830645976308,5.230413806239796,49.2
1626246000,sandy,2021,-0.8509338657955537,0.5121073464767159,7,3,SMARTER,2,0,5.7894668535187,3.7200181370317593,4.71830645976308,3.8796932912300712,0.0
1626332400,sandy,2021,-0.6936297481439055,0.5121073464767159,7,3,SMARTER,2,0,5.7894668535187,6.588938290136868,4.71830645976308,4.024676711619175,0.0
1626418800,sandy,2021,-0.525844514411735,-0.6936297481439055,7,3,SMARTER,2,0,0,4.2070949143533625,4.71830645976308,4.192461945351345,10.8
1626505200,sandy,2021,-0.6884924647973916,-0.6936297481439055,7,3,SMARTER,2,0,0,1.7206288405645938,4.71830645976308,4.029813994965688,0.8
1626591600,sandy,2021,-0.6450599243428801,-0.6884924647973916,7,3,SMARTER,2,0,0,2.3398193330169916,4.71830645976308,4.0732465354202,0.0
1626678000,sandy,2021,-0.40715216975803054,-0.6884924647973916,7,3,SMARTER,2,0,0,5.542148180411579,4.71830645976308,4.3111542900050495,0.0
1626764400,sandy,2021,-0.16362173218395537,-0.40715216975803054,7,3,SMARTER,2,0,0,6.336708517861463,4.71830645976308,4.554684727579125,0.0
1626850800,sandy,2021,0.07818198918014688,-0.40715216975803054,7,3,SMARTER,2,3.6318850801076827,0,7.723088615724408,4.71830645976308,4.796488448943228,0.0
1626937200,sandy,2021,0.14860163733266987,0.07818198918014688,7,3,SMARTER,2,0,3.6318850801076827,6.384988487195638,4.71830645976308,4.866908097095751,0.0
1627023600,sandy,2021,0.31456736404704494,0.07818198918014688,7,3,SMARTER,2,6.230284796317104,3.6318850801076827,6.724001721462045,4.71830645976308,5.032873823810125,0.0
1627110000,sandy,2021,0.26618635433659255,0.31456736404704494,7,3,SMARTER,2,0,6.230284796317104,6.639604206034317,4.71830645976308,4.9844928140996725,0.0
1627196400,sandy,2021,0.3972441603364458,0.31456736404704494,7,3,SMARTER,2,8.000754851352248,6.230284796317104,6.068344799075018,4.71830645976308,5.115550620099526,0.0
1627282800,sandy,2021,0.22244689836672626,0.3972441603364458,7,3,SMARTER,2,0,8.000754851352248,3.7441148307248353,4.71830645976308,4.940753358129807,0.0
1627369200,sandy,2021,0.34174809979224624,0.3972441603364458,7,3,SMARTER,2,8.63752672691959,8.000754851352248,5.25782491390273,4.71830645976308,5.060054559555327,1.0
1627455600,sandy,2021,0.15119638146316475,0.34174809979224624,7,3,SMARTER,2,0,8.63752672691959,4.067188753317478,4.71830645976308,4.869502841226245,0.0
1627542000,sandy,2021,0.2839353053505414,0.34174809979224624,7,3,SMARTER,2,9.084643081879282,8.63752672691959,5.501441403272102,4.71830645976308,5.002241765113622,0.0
1627628400,sandy,2021,0.18220604644978142,0.2839353053505414,7,3,SMARTER,2,0,9.084643081879282,7.363960029273559,4.71830645976308,4.900512506212862,0.0
1627714800,sandy,2021,0.3784010209742385,0.2839353053505414,7,3,SMARTER,2,10.881106154167876,9.084643081879282,8.127164249908118,4.71830645976308,5.096707480737319,0.0
1627801200,sandy,2021,0.15226835772838881,0.3784010209742385,7,3,SMARTER,2,0,10.881106154167876,7.011084171391055,4.71830645976308,4.870574817491469,9.0
1627887600,sandy,2021,0.20315146385133184,0.3784010209742385,7,3,SMARTER,2,10.263813645861525,10.881106154167876,7.304828236834061,4.71830645976308,4.921457923614412,0.0
1627974000,sandy,2021,0.03056383331120535,0.20315146385133184,7,3,SMARTER,2,0,10.263813645861525,7.320018177389831,4.71830645976308,4.748870293074286,0.0
1628060400,sandy,2021,0.23552200293737424,0.20315146385133184,7,3,SMARTER,2,11.196973428275944,10.263813645861525,8.239496207860649,4.71830645976308,4.9538284627004545,0.0
1628146800,sandy,2021,-0.009021654196227184,0.23552200293737424,7,3,SMARTER,2,0,11.196973428275944,4.198759507591638,4.71830645976308,4.7092848055668535,0.0
1628233200,sandy,2021,0.22142271389391147,0.23552200293737424,7,3,SMARTER,2,11.76254654665344,11.196973428275944,8.25634687060054,4.71830645976308,4.939729173656992,0.0
1628319600,sandy,2021,0.04827168436425212,0.22142271389391147,7,3,SMARTER,2,0,11.76254654665344,7.823891414052509,4.71830645976308,4.766578144127332,0.0
1628406000,sandy,2021,0.23103083461832116,0.22142271389391147,7,3,SMARTER,2,12.52289589557927,11.76254654665344,6.8058425683475985,4.71830645976308,4.949337294381402,0.0
1628492400,sandy,2021,0.046896809971966665,0.23103083461832116,7,3,SMARTER,2,0,12.52289589557927,8.235329351972808,4.71830645976308,4.765203269735047,0.0
1625986800,sandy,2021,0.22279779625051407,0,7,3,SMARTER,1,2.2279779625051406,0,7.909412676835701,4.71830645976308,4.9411042560135945,0.0
1626073200,sandy,2021,0.36033475375577434,0.22279779625051407,7,3,SMARTER,1,4.271740926309285,2.2279779625051406,8.171899400888595,4.71830645976308,5.078641213518854,0.0
1626159600,sandy,2021,0.397415250751855,0.36033475375577434,7,3,SMARTER,1,5.723550157537415,4.271740926309285,7.307248568315713,4.71830645976308,5.1157217105149355,49.2
1626246000,sandy,2021,-0.9743428035677018,0.397415250751855,7,3,SMARTER,1,0,5.723550157537415,3.7200181370317593,4.71830645976308,3.76749679163399,0.0
1626332400,sandy,2021,-0.7889472695309006,-0.9743428035677018,7,3,SMARTER,1,0,0,6.588938290136868,4.71830645976308,3.9293591902321796,0.0
1626418800,sandy,2021,-0.6140499974485283,-0.7889472695309006,7,3,SMARTER,1,0,0,4.2070949143533625,4.71830645976308,4.104256462314552,10.8
1626505200,sandy,2021,-0.7729193654142681,-0.6140499974485283,7,3,SMARTER,1,0,0,1.7206288405645938,4.71830645976308,3.945387094348812,0.8
1626591600,sandy,2021,-0.7181383660350945,-0.7729193654142681,7,3,SMARTER,1,0,0,2.3398193330169916,4.71830645976308,4.000168093727986,0.0
1626678000,sandy,2021,-0.46782123369796236,-0.7181383660350945,7,3,SMARTER,1,0,0,5.542148180411579,4.71830645976308,4.250485226065118,0.0
1626764400,sandy,2021,-0.21565314945721156,-0.46782123369796236,7,3,SMARTER,1,0,0,6.336708517861463,4.71830645976308,4.502653310305869,0.0
1626850800,sandy,2021,0.031586402534767515,-0.21565314945721156,7,3,SMARTER,1,1.8254360715481561,0,7.723088615724408,4.71830645976308,4.749892862297847,0.0
1626937200,sandy,2021,0.16632231213063828,0.031586402534767515,7,3,SMARTER,1,3.267554375111166,1.8254360715481561,6.384988487195638,4.71830645976308,4.884628771893719,0.0
1627023600,sandy,2021,0.2521630887361168,0.16632231213063828,7,3,SMARTER,1,4.624929077557867,3.267554375111166,6.724001721462045,4.71830645976308,4.970469548499197,0.0
1627110000,sandy,2021,0.2800469770329835,0.2521630887361168,7,3,SMARTER,1,5.660257226734884,4.624929077557867,6.639604206034317,4.71830645976308,4.998353436796064,0.0
1627196400,sandy,2021,0.25556393130989913,0.2800469770329835,7,3,SMARTER,1,6.25556770060299,5.660257226734884,6.068344799075018,4.71830645976308,4.973870391072979,0.0
1627282800,sandy,2021,0.1589119960389859,0.25556393130989913,7,3,SMARTER,1,6.055740141823555,6.25556770060299,3.7441148307248353,4.71830645976308,4.877218455802066,0.0
1627369200,sandy,2021,0.11488407834354693,0.1589119960389859,7,3,SMARTER,1,6.092196952986123,6.055740141823555,5.25782491390273,4.71830645976308,4.833190538106627,1.0
1627455600,sandy,2021,0.02720912716985466,0.11488407834354693,7,3,SMARTER,1,5.560099676279841,6.092196952986123,4.067188753317478,4.71830645976308,4.745515586932935,0.0
1627542000,sandy,2021,0.0149568401801496,0.02720912716985466,7,3,SMARTER,1,5.519204187892354,5.560099676279841,5.501441403272102,4.71830645976308,4.73326329994323,0.0
1627628400,sandy,2021,0.07003270413972636,0.0149568401801496,7,3,SMARTER,1,6.114833348028571,5.519204187892354,7.363960029273559,4.71830645976308,4.788339163902807,0.0
1627714800,sandy,2021,0.12140338434863232,0.07003270413972636,7,3,SMARTER,1,6.83863826253681,6.114833348028571,8.127164249908118,4.71830645976308,4.839709844111713,0.0
1627801200,sandy,2021,0.08370316756870562,0.12140338434863232,7,3,SMARTER,1,6.82584624778344,6.83863826253681,7.011084171391055,4.71830645976308,4.802009627331786,9.0
1627887600,sandy,2021,-0.0713120364871252,0.08370316756870562,7,3,SMARTER,1,5.526803709931249,6.82584624778344,7.304828236834061,4.71830645976308,4.646994423275955,0.0
1627974000,sandy,2021,-0.04591617211459144,-0.0713120364871252,7,3,SMARTER,1,5.566826244195211,5.526803709931249,7.320018177389831,4.71830645976308,4.672390287648489,0.0
1628060400,sandy,2021,0.030391527502403762,-0.04591617211459144,7,3,SMARTER,1,6.192154724021389,5.566826244195211,8.239496207860649,4.71830645976308,4.748697987265484,0.0
1628146800,sandy,2021,-0.0319098138487308,0.030391527502403762,7,3,SMARTER,1,5.6603158930172555,6.192154724021389,4.198759507591638,4.71830645976308,4.68639664591435,0.0
1628233200,sandy,2021,0.06044942335019912,-0.0319098138487308,7,3,SMARTER,1,6.488178823460363,5.6603158930172555,8.25634687060054,4.71830645976308,4.77875588311328,0.0
1628319600,sandy,2021,0.0971619119453666,0.06044942335019912,7,3,SMARTER,1,7.0366519794626345,6.488178823460363,7.823891414052509,4.71830645976308,4.815468371708447,0.0
1628406000,sandy,2021,0.08227809555873893,0.0971619119453666,7,3,SMARTER,1,7.179299551432457,7.0366519794626345,6.8058425683475985,4.71830645976308,4.800584555321819,0.0
1628492400,sandy,2021,0.10375160803607432,0.08227809555873893,7,3,SMARTER,1,7.6408689628820285,7.179299551432457,8.235329351972808,4.71830645976308,4.822058067799155,0.0
1625986800,sandy,2021,0.22279779625051407,0,7,3,SMARTER,3,2.2279779625051406,0,7.909412676835701,4.71830645976308,4.9411042560135945,0.0
1626073200,sandy,2021,0.36033475375577434,0.22279779625051407,7,3,SMARTER,3,0,2.2279779625051406,8.171899400888595,4.71830645976308,5.078641213518854,0.0
1626159600,sandy,2021,0.5121073464767159,0.22279779625051407,7,3,SMARTER,3,0,2.2279779625051406,7.307248568315713,4.71830645976308,5.230413806239796,49.2
1626246000,sandy,2021,-0.6332017073348567,0.22279779625051407,7,3,SMARTER,3,0,2.2279779625051406,3.7200181370317593,4.71830645976308,4.085309867183867,0.0
1626332400,sandy,2021,-0.5234007092512831,-0.6332017073348567,7,3,SMARTER,3,0,0,6.588938290136868,4.71830645976308,4.194905750511797,0.0
1626418800,sandy,2021,-0.3743745316808393,-0.6332017073348567,7,3,SMARTER,3,0,0,4.2070949143533625,4.71830645976308,4.343931928082241,10.8
1626505200,sandy,2021,-0.5434809530206007,-0.6332017073348567,7,3,SMARTER,3,0,0,1.7206288405645938,4.71830645976308,4.174825506742479,0.8
1626591600,sandy,2021,-0.512672770905288,-0.5434809530206007,7,3,SMARTER,3,0,0,2.3398193330169916,4.71830645976308,4.205633688857792,0.0
1626678000,sandy,2021,-0.29681194032485736,-0.5434809530206007,7,3,SMARTER,3,0,0,5.542148180411579,4.71830645976308,4.421494519438223,0.0
1626764400,sandy,2021,-0.0711026668004276,-0.5434809530206007,7,3,SMARTER,3,3.093340003139929,0,6.336708517861463,4.71830645976308,4.647203792962653,0.0
1626850800,sandy,2021,0.07677166674244507,-0.0711026668004276,7,3,SMARTER,3,0,3.093340003139929,7.723088615724408,4.71830645976308,4.795078126505525,0.0
1626937200,sandy,2021,0.24874980757955803,-0.0711026668004276,7,3,SMARTER,3,0,3.093340003139929,6.384988487195638,4.71830645976308,4.967056267342638,0.0
1627023600,sandy,2021,0.405996085540571,-0.0711026668004276,7,3,SMARTER,3,7.651019526148632,3.093340003139929,6.724001721462045,4.71830645976308,5.124302545303651,0.0
1627110000,sandy,2021,0.30404190206923354,0.405996085540571,7,3,SMARTER,3,0,7.651019526148632,6.639604206034317,4.71830645976308,5.0223483618323135,0.0
1627196400,sandy,2021,0.43472724001833957,0.405996085540571,7,3,SMARTER,3,0,7.651019526148632,6.068344799075018,4.71830645976308,5.15303369978142,0.0
1627282800,sandy,2021,0.514206965227982,0.405996085540571,7,3,SMARTER,3,9.951116579644456,7.651019526148632,3.7441148307248353,4.71830645976308,5.232513424991062,0.0
1627369200,sandy,2021,0.29643880631260533,0.514206965227982,7,3,SMARTER,3,0,9.951116579644456,5.25782491390273,4.71830645976308,5.0147452660756855,1.0
1627455600,sandy,2021,0.37677118431395856,0.514206965227982,7,3,SMARTER,3,0,9.951116579644456,4.067188753317478,4.71830645976308,5.095077644077039,0.0
1627542000,sandy,2021,0.499529671929706,0.514206965227982,7,3,SMARTER,3,11.346964542345642,9.951116579644456,5.501441403272102,4.71830645976308,5.217836131692787,0.0
1627628400,sandy,2021,0.28156511751415153,0.499529671929706,7,3,SMARTER,3,0,11.346964542345642,7.363960029273559,4.71830645976308,4.999871577277232,0.0
1627714800,sandy,2021,0.4548451572712314,0.499529671929706,7,3,SMARTER,3,0,11.346964542345642,8.127164249908118,4.71830645976308,5.1731516170343115,0.0
1627801200,sandy,2021,0.5858194012539335,0.499529671929706,7,3,SMARTER,3,13.708450851377034,11.346964542345642,7.011084171391055,4.71830645976308,5.304125861017014,9.0
1627887600,sandy,2021,0.11447981150645155,0.5858194012539335,7,3,SMARTER,3,0,13.708450851377034,7.304828236834061,4.71830645976308,4.832786271269532,0.0
1627974000,sandy,2021,0.25759460698026515,0.5858194012539335,7,3,SMARTER,3,0,13.708450851377034,7.320018177389831,4.71830645976308,4.975901066743345,0.0
1628060400,sandy,2021,0.44298890479196573,0.5858194012539335,7,3,SMARTER,3,14.037604090519157,13.708450851377034,8.239496207860649,4.71830645976308,5.161295364555046,0.0
1628146800,sandy,2021,0.07371488797082308,0.44298890479196573,7,3,SMARTER,3,0,14.037604090519157,4.198759507591638,4.71830645976308,4.792021347733903,0.0
1628233200,sandy,2021,0.28442457482845085,0.44298890479196573,7,3,SMARTER,3,0,14.037604090519157,8.25634687060054,4.71830645976308,5.002731034591531,0.0
1628319600,sandy,2021,0.46337439460298135,0.44298890479196573,7,3,SMARTER,3,15.57042570300521,14.037604090519157,7.823891414052509,4.71830645976308,5.1816808543660615,0.0
1628406000,sandy,2021,0.08877043788992987,0.46337439460298135,7,3,SMARTER,3,0,15.57042570300521,6.8058425683475985,4.71830645976308,4.80707689765301,0.0
1628492400,sandy,2021,0.2912101168878497,0.46337439460298135,7,3,SMARTER,3,0,15.57042570300521,8.235329351972808,4.71830645976308,5.00951657665093,0.0
1625986800,sandy,2021,0.22279779625051407,0,7,3,SMARTER,7,2.2279779625051406,0,7.909412676835701,4.71830645976308,4.9411042560135945,0.0
1626073200,sandy,2021,0.36033475375577434,0.22279779625051407,7,3,SMARTER,7,0,2.2279779625051406,8.171899400888595,4.71830645976308,5.078641213518854,0.0
1626159600,sandy,2021,0.5121073464767159,0.22279779625051407,7,3,SMARTER,7,0,2.2279779625051406,7.307248568315713,4.71830645976308,5.230413806239796,49.2
1626246000,sandy,2021,-0.6332017073348567,0.22279779625051407,7,3,SMARTER,7,0,2.2279779625051406,3.7200181370317593,4.71830645976308,4.085309867183867,0.0
1626332400,sandy,2021,-0.5234007092512831,0.22279779625051407,7,3,SMARTER,7,0,2.2279779625051406,6.588938290136868,4.71830645976308,4.194905750511797,0.0
1626418800,sandy,2021,-0.3743745316808393,0.22279779625051407,7,3,SMARTER,7,0,2.2279779625051406,4.2070949143533625,4.71830645976308,4.343931928082241,10.8
1626505200,sandy,2021,-0.5434809530206007,0.22279779625051407,7,3,SMARTER,7,0,2.2279779625051406,1.7206288405645938,4.71830645976308,4.174825506742479,0.8
1626591600,sandy,2021,-0.512672770905288,0.22279779625051407,7,3,SMARTER,7,0,2.2279779625051406,2.3398193330169916,4.71830645976308,4.205633688857792,0.0
1626678000,sandy,2021,-0.29681194032485736,-0.512672770905288,7,3,SMARTER,7,0,0,5.542148180411579,4.71830645976308,4.421494519438223,0.0
1626764400,sandy,2021,-0.0711026668004276,-0.512672770905288,7,3,SMARTER,7,0,0,6.336708517861463,4.71830645976308,4.647203792962653,0.0
1626850800,sandy,2021,0.15778689880208008,-0.512672770905288,7,3,SMARTER,7,0,0,7.723088615724408,4.71830645976308,4.876093358565161,0.0
1626937200,sandy,2021,0.3203191741597901,-0.512672770905288,7,3,SMARTER,7,0,0,6.384988487195638,4.71830645976308,5.03862563392287,0.0
1627023600,sandy,2021,0.4681799557053757,-0.512672770905288,7,3,SMARTER,7,0,0,6.724001721462045,4.71830645976308,5.186486415468456,0.0
1627110000,sandy,2021,0.5930222396788615,-0.512672770905288,7,3,SMARTER,7,0,0,6.639604206034317,4.71830645976308,5.311328699441941,0.0
1627196400,sandy,2021,0.6941656735007308,-0.512672770905288,7,3,SMARTER,7,10.530366131344323,0,6.068344799075018,4.71830645976308,5.412472133263811,0.0
1627282800,sandy,2021,0.4179986961787006,0.6941656735007308,7,3,SMARTER,7,0,10.530366131344323,3.7441148307248353,4.71830645976308,5.1363051559417805,0.0
1627369200,sandy,2021,0.5242706146450046,0.6941656735007308,7,3,SMARTER,7,0,10.530366131344323,5.25782491390273,4.71830645976308,5.242577074408085,1.0
1627455600,sandy,2021,0.6020886764249896,0.6941656735007308,7,3,SMARTER,7,0,10.530366131344323,4.067188753317478,4.71830645976308,5.32039513618807,0.0
1627542000,sandy,2021,0.6993258009906023,0.6941656735007308,7,3,SMARTER,7,0,10.530366131344323,5.501441403272102,4.71830645976308,5.417632260753683,0.0
1627628400,sandy,2021,0.8055590886113702,0.6941656735007308,7,3,SMARTER,7,0,10.530366131344323,7.363960029273559,4.71830645976308,5.5238655483744505,0.0
1627714800,sandy,2021,0.8888966125889638,0.6941656735007308,7,3,SMARTER,7,0,10.530366131344323,8.127164249908118,4.71830645976308,5.607203072352044,0.0
1627801200,sandy,2021,0.941659261635918,0.6941656735007308,7,3,SMARTER,7,15.087799033198387,10.530366131344323,7.011084171391055,4.71830645976308,5.659965721398998,9.0
1627887600,sandy,2021,0.35759151529458055,0.941659261635918,7,3,SMARTER,7,0,15.087799033198387,7.304828236834061,4.71830645976308,5.075897975057661,0.0
1627974000,sandy,2021,0.46736325413469776,0.941659261635918,7,3,SMARTER,7,0,15.087799033198387,7.320018177389831,4.71830645976308,5.185669713897778,0.0
1628060400,sandy,2021,0.6077023539877169,0.941659261635918,7,3,SMARTER,7,0,15.087799033198387,8.239496207860649,4.71830645976308,5.326008813750797,0.0
1628146800,sandy,2021,0.6728886788074296,0.941659261635918,7,3,SMARTER,7,0,15.087799033198387,4.198759507591638,4.71830645976308,5.39119513857051,0.0
1628233200,sandy,2021,0.7849323357908734,0.941659261635918,7,3,SMARTER,7,0,15.087799033198387,8.25634687060054,4.71830645976308,5.503238795553954,0.0
1628319600,sandy,2021,0.8674795339179037,0.941659261635918,7,3,SMARTER,7,0,15.087799033198387,7.823891414052509,4.71830645976308,5.585785993680984,0.0
1628406000,sandy,2021,0.9245939190374141,0.941659261635918,7,3,SMARTER,7,17.7421233921211,15.087799033198387,6.8058425683475985,4.71830645976308,5.642900378800494,0.0
1628492400,sandy,2021,0.3742818975561744,0.9245939190374141,7,3,SMARTER,7,0,17.7421233921211,8.235329351972808,4.71830645976308,5.092588357319254,0.0
1625986800,sandy,2021,0.22279779625051407,0,7,3,ET0,2,7.91,0,7.909412676835701,4.71830645976308,4.9411042560135945,0.0
1626073200,sandy,2021,0.20033136835922746,0.22279779625051407,7,3,ET0,2,0,7.91,8.171899400888595,4.71830645976308,4.918637828122308,0.0
1626159600,sandy,2021,0.36868322615407406,0.22279779625051407,7,3,ET0,2,15.48,7.91,7.307248568315713,4.71830645976308,5.086989685917154,49.2
1626246000,sandy,2021,-1.250156623481068,0.36868322615407406,7,3,ET0,2,0,15.48,3.7200181370317593,4.71830645976308,3.5393676817872515,0.0
1626332400,sandy,2021,-1.0058021405710065,0.36868322615407406,7,3,ET0,2,10.31,15.48,6.588938290136868,4.71830645976308,3.7125043191920737,0.0
1626418800,sandy,2021,-1.0954528486093815,-1.0058021405710065,7,3,ET0,2,0,10.31,4.2070949143533625,4.71830645976308,3.6230904214205086,10.8
1626505200,sandy,2021,-1.2436994219695416,-1.0058021405710065,7,3,ET0,2,5.93,10.31,1.7206288405645938,4.71830645976308,3.4746070377935387,0.8
1626591600,sandy,2021,-1.2856986724811346,-1.2436994219695416,7,3,ET0,2,0,5.93,2.3398193330169916,4.71830645976308,3.432607787281946,0.0
1626678000,sandy,2021,-1.0258185521733212,-1.2436994219695416,7,3,ET0,2,7.88,5.93,5.542148180411579,4.71830645976308,3.692487907589759,0.0
1626764400,sandy,2021,-0.9401212860564958,-1.0258185521733212,7,3,ET0,2,0,7.88,6.336708517861463,4.71830645976308,3.7781851737065844,0.0
1626850800,sandy,2021,-0.6155207954833247,-1.0258185521733212,7,3,ET0,2,14.06,7.88,7.723088615724408,4.71830645976308,4.1027856642797556,0.0
1626937200,sandy,2021,-0.7584012700800484,-0.6155207954833247,7,3,ET0,2,0,14.06,6.384988487195638,4.71830645976308,3.959905189683032,0.0
1627023600,sandy,2021,-0.5038795828183713,-0.6155207954833247,7,3,ET0,2,13.11,14.06,6.724001721462045,4.71830645976308,4.214426876944709,0.0
1627110000,sandy,2021,-0.6341405234671865,-0.5038795828183713,7,3,ET0,2,0,13.11,6.639604206034317,4.71830645976308,4.084165936295894,0.0
1627196400,sandy,2021,-0.42249123964489743,-0.5038795828183713,7,3,ET0,2,12.71,13.11,6.068344799075018,4.71830645976308,4.2958152201181825,0.0
1627282800,sandy,2021,-0.6414580385364475,-0.42249123964489743,7,3,ET0,2,0,12.71,3.7441148307248353,4.71830645976308,4.076848421226633,0.0
1627369200,sandy,2021,-0.4510552421253567,-0.42249123964489743,7,3,ET0,2,9.0,12.71,5.25782491390273,4.71830645976308,4.267251217637724,1.0
1627455600,sandy,2021,-0.5586448867527738,-0.4510552421253567,7,3,ET0,2,0,9.0,4.067188753317478,4.71830645976308,4.159661573010307,0.0
1627542000,sandy,2021,-0.3558420228547591,-0.4510552421253567,7,3,ET0,2,9.57,9.0,5.501441403272102,4.71830645976308,4.362464436908321,0.0
1627628400,sandy,2021,-0.35601759729953936,-0.3558420228547591,7,3,ET0,2,0,9.57,7.363960029273559,4.71830645976308,4.362288862463541,0.0
1627714800,sandy,2021,-0.07181119462637893,-0.3558420228547591,7,3,ET0,2,15.49,9.57,8.127164249908118,4.71830645976308,4.646495265136702,0.0
1627801200,sandy,2021,-0.35324216584895723,-0.07181119462637893,7,3,ET0,2,0,15.49,7.011084171391055,4.71830645976308,4.369218842483679,9.0
1627887600,sandy,2021,-0.2240120598475963,-0.07181119462637893,7,3,ET0,2,14.32,15.49,7.304828236834061,4.71830645976308,4.494294399915484,0.0
1627974000,sandy,2021,-0.41714980192728507,-0.2240120598475963,7,3,ET0,2,0,14.32,7.320018177389831,4.71830645976308,4.301156657835795,0.0
1628060400,sandy,2021,-0.1340958667508737,-0.2240120598475963,7,3,ET0,2,15.56,14.32,8.239496207860649,4.71830645976308,4.584210593012206,0.0
1628146800,sandy,2021,-0.4492242550308776,-0.1340958667508737,7,3,ET0,2,0,15.56,4.198759507591638,4.71830645976308,4.269082204732203,0.0
1628233200,sandy,2021,-0.1457346811669373,-0.1340958667508737,7,3,ET0,2,12.46,15.56,8.25634687060054,4.71830645976308,4.572571778596143,0.0
1628319600,sandy,2021,-0.2445721305771305,-0.1457346811669373,7,3,ET0,2,0,12.46,7.823891414052509,4.71830645976308,4.47373432918595,0.0
1628406000,sandy,2021,-0.009983710698502967,-0.1457346811669373,7,3,ET0,2,14.63,12.46,6.8058425683475985,4.71830645976308,4.708322749064577,0.0
1628492400,sandy,2021,-0.17954802250465202,-0.009983710698502967,7,3,ET0,2,0,14.63,8.235329351972808,4.71830645976308,4.538758437258428,0.0
1625986800,sandy,2021,0.22279779625051407,0,7,3,ET0,1,7.91,0,7.909412676835701,4.71830645976308,4.9411042560135945,0.0
1626073200,sandy,2021,0.20033136835922746,0.22279779625051407,7,3,ET0,1,8.17,7.91,8.171899400888595,4.71830645976308,4.918637828122308,0.0
1626159600,sandy,2021,0.12209865133801794,0.20033136835922746,7,3,ET0,1,7.31,8.17,7.307248568315713,4.71830645976308,4.840405111101099,49.2
1626246000,sandy,2021,-1.2405305570698966,0.12209865133801794,7,3,ET0,1,3.72,7.31,3.7200181370317593,4.71830645976308,3.5397864537593193,0.0
1626332400,sandy,2021,-1.0911842753708416,-1.2405305570698966,7,3,ET0,1,6.59,3.72,6.588938290136868,4.71830645976308,3.6271221843922388,0.0
1626418800,sandy,2021,-1.080340969947894,-1.0911842753708416,7,3,ET0,1,4.21,6.59,4.2070949143533625,4.71830645976308,3.637965489815186,10.8
1626505200,sandy,2021,-1.333161283296075,-1.080340969947894,7,3,ET0,1,1.72,4.21,1.7206288405645938,4.71830645976308,3.389160999771583,0.8
1626591600,sandy,2021,-1.2597022888693716,-1.333161283296075,7,3,ET0,1,2.34,1.72,2.3398193330169916,4.71830645976308,3.4586041708937088,0.0
1626678000,sandy,2021,-1.0577903728794544,-1.2597022888693716,7,3,ET0,1,5.54,2.34,5.542148180411579,4.71830645976308,3.660516086883626,0.0
1626764400,sandy,2021,-0.9148875406911359,-1.0577903728794544,7,3,ET0,1,6.34,5.54,6.336708517861463,4.71830645976308,3.8034189190719445,0.0
1626850800,sandy,2021,-0.7638175152106876,-0.9148875406911359,7,3,ET0,1,7.72,6.34,7.723088615724408,4.71830645976308,3.9544889445523927,0.0
1626937200,sandy,2021,-0.7269203174937594,-0.7638175152106876,7,3,ET0,1,6.38,7.72,6.384988487195638,4.71830645976308,3.9913861422693206,0.0
1627023600,sandy,2021,-0.6481545462902736,-0.7269203174937594,7,3,ET0,1,6.72,6.38,6.724001721462045,4.71830645976308,4.070151913472807,0.0
1627110000,sandy,2021,-0.5953756582203037,-0.6481545462902736,7,3,ET0,1,6.64,6.72,6.639604206034317,4.71830645976308,4.122930801542776,0.0
1627196400,sandy,2021,-0.5682734776930799,-0.5953756582203037,7,3,ET0,1,6.07,6.64,6.068344799075018,4.71830645976308,4.15003298207,0.0
1627282800,sandy,2021,-0.6001637011215092,-0.5682734776930799,7,3,ET0,1,3.74,6.07,3.7441148307248353,4.71830645976308,4.118142758641571,0.0
1627369200,sandy,2021,-0.5094222352007204,-0.6001637011215092,7,3,ET0,1,5.26,3.74,5.25782491390273,4.71830645976308,4.20888422456236,1.0
1627455600,sandy,2021,-0.5157805627609022,-0.5094222352007204,7,3,ET0,1,4.07,5.26,4.067188753317478,4.71830645976308,4.202525897002178,0.0
1627542000,sandy,2021,-0.42682659344936646,-0.5157805627609022,7,3,ET0,1,5.5,4.07,5.501441403272102,4.71830645976308,4.291479866313714,0.0
1627628400,sandy,2021,-0.31058234344934427,-0.42682659344936646,7,3,ET0,1,7.36,5.5,7.363960029273559,4.71830645976308,4.407724116313736,0.0
1627714800,sandy,2021,-0.24181376581039923,-0.31058234344934427,7,3,ET0,1,8.13,7.36,8.127164249908118,4.71830645976308,4.4764926939526815,0.0
1627801200,sandy,2021,-0.27250536910649265,-0.24181376581039923,7,3,ET0,1,7.01,8.13,7.011084171391055,4.71830645976308,4.4458010906565875,9.0
1627887600,sandy,2021,-0.36394398852654153,-0.27250536910649265,7,3,ET0,1,7.3,7.01,7.304828236834061,4.71830645976308,4.354362471236539,0.0
1627974000,sandy,2021,-0.33948462079576386,-0.36394398852654153,7,3,ET0,1,7.32,7.3,7.320018177389831,4.71830645976308,4.378821838967316,0.0
1628060400,sandy,2021,-0.2699126543150521,-0.33948462079576386,7,3,ET0,1,8.24,7.32,8.239496207860649,4.71830645976308,4.4483938054480285,0.0
1628146800,sandy,2021,-0.36593191707003636,-0.2699126543150521,7,3,ET0,1,4.2,8.24,4.198759507591638,4.71830645976308,4.352374542693044,0.0
1628233200,sandy,2021,-0.1828418177994284,-0.36593191707003636,7,3,ET0,1,8.26,4.2,8.25634687060054,4.71830645976308,4.535464641963652,0.0
1628319600,sandy,2021,-0.15899672656687697,-0.1828418177994284,7,3,ET0,1,7.82,8.26,7.823891414052509,4.71830645976308,4.559309733196203,0.0
1628406000,sandy,2021,-0.16146880967772448,-0.15899672656687697,7,3,ET0,1,6.81,7.82,6.8058425683475985,4.71830645976308,4.556837650085356,0.0
1628492400,sandy,2021,-0.08379191956853334,-0.16146880967772448,7,3,ET0,1,8.24,6.81,8.235329351972808,4.71830645976308,4.634514540194547,0.0
1625986800,sandy,2021,0.22279779625051407,0,7,3,ET0,3,7.91,0,7.909412676835701,4.71830645976308,4.9411042560135945,0.0
1626073200,sandy,2021,0.20033136835922746,0.22279779625051407,7,3,ET0,3,0,7.91,8.171899400888595,4.71830645976308,4.918637828122308,0.0
1626159600,sandy,2021,0.36868322615407406,0.22279779625051407,7,3,ET0,3,0,7.91,7.307248568315713,4.71830645976308,5.086989685917154,49.2
1626246000,sandy,2021,-0.7865388106714165,0.22279779625051407,7,3,ET0,3,19.2,7.91,3.7200181370317593,4.71830645976308,3.936546081810397,0.0
1626332400,sandy,2021,-1.1746493224602161,-0.7865388106714165,7,3,ET0,3,0,19.2,6.588938290136868,4.71830645976308,3.5778877183563647,0.0
1626418800,sandy,2021,-0.9851110970868797,-0.7865388106714165,7,3,ET0,3,0,19.2,4.2070949143533625,4.71830645976308,3.7331953626762004,10.8
1626505200,sandy,2021,-1.1326099090849175,-0.7865388106714165,7,3,ET0,3,12.52,19.2,1.7206288405645938,4.71830645976308,3.5856965506781626,0.8
1626591600,sandy,2021,-1.353999710646857,-1.1326099090849175,7,3,ET0,3,0,12.52,2.3398193330169916,4.71830645976308,3.37754556375059,0.0
1626678000,sandy,2021,-1.0857765176994918,-1.1326099090849175,7,3,ET0,3,0,12.52,5.542148180411579,4.71830645976308,3.6325299420635884,0.0
1626764400,sandy,2021,-0.7877168500114065,-1.1326099090849175,7,3,ET0,3,14.22,12.52,6.336708517861463,4.71830645976308,3.930589609751674,0.0
1626850800,sandy,2021,-0.8454527851616644,-0.7877168500114065,7,3,ET0,3,0,14.22,7.723088615724408,4.71830645976308,3.8728536746014157,0.0
1626937200,sandy,2021,-0.592001816388345,-0.7877168500114065,7,3,ET0,3,0,14.22,6.384988487195638,4.71830645976308,4.126304643374735,0.0
1627023600,sandy,2021,-0.32916556260949903,-0.7877168500114065,7,3,ET0,3,20.83,14.22,6.724001721462045,4.71830645976308,4.389140897153581,0.0
1627110000,sandy,2021,-0.7119147178294835,-0.32916556260949903,7,3,ET0,3,0,20.83,6.639604206034317,4.71830645976308,4.007268202403176,0.0
1627196400,sandy,2021,-0.5000602570953385,-0.32916556260949903,7,3,ET0,3,0,20.83,6.068344799075018,4.71830645976308,4.218246202667742,0.0
1627282800,sandy,2021,-0.35257924061950335,-0.32916556260949903,7,3,ET0,3,16.45,20.83,3.7441148307248353,4.71830645976308,4.365727219143577,0.0
1627369200,sandy,2021,-0.6339031285082711,-0.35257924061950335,7,3,ET0,3,0,16.45,5.25782491390273,4.71830645976308,4.084403331254809,1.0
1627455600,sandy,2021,-0.4968935897409985,-0.35257924061950335,7,3,ET0,3,0,16.45,4.067188753317478,4.71830645976308,4.221412870022082,0.0
1627542000,sandy,2021,-0.28377775594951005,-0.35257924061950335,7,3,ET0,3,14.83,16.45,5.501441403272102,4.71830645976308,4.43452870381357,0.0
1627628400,sandy,2021,-0.4507547811227721,-0.28377775594951005,7,3,ET0,3,0,14.83,7.363960029273559,4.71830645976308,4.2675516786403085,0.0
1627714800,sandy,2021,-0.16133168911491794,-0.28377775594951005,7,3,ET0,3,0,14.83,8.127164249908118,4.71830645976308,4.5569747706481625,0.0
1627801200,sandy,2021,0.06145913563439402,-0.28377775594951005,7,3,ET0,3,22.5,14.83,7.011084171391055,4.71830645976308,4.779765595397475,9.0
1627887600,sandy,2021,-0.5430501905258562,0.06145913563439402,7,3,ET0,3,0,22.5,7.304828236834061,4.71830645976308,4.1781088813790115,0.0
1627974000,sandy,2021,-0.30410945340934226,0.06145913563439402,7,3,ET0,3,0,22.5,7.320018177389831,4.71830645976308,4.414197006353738,0.0
1628060400,sandy,2021,-0.0160259375219853,0.06145913563439402,7,3,ET0,3,22.86,22.5,8.239496207860649,4.71830645976308,4.702280522241095,0.0
1628146800,sandy,2021,-0.5717238194565689,-0.0160259375219853,7,3,ET0,3,0,22.86,4.198759507591638,4.71830645976308,4.1496500196459705,0.0
1628233200,sandy,2021,-0.2666992454001362,-0.0160259375219853,7,3,ET0,3,0,22.86,8.25634687060054,4.71830645976308,4.451607214362944,0.0
1628319600,sandy,2021,0.008195603060468517,-0.0160259375219853,7,3,ET0,3,20.28,22.86,7.823891414052509,4.71830645976308,4.726502062823549,0.0
1628406000,sandy,2021,-0.3927482362339022,0.008195603060468517,7,3,ET0,3,0,20.28,6.8058425683475985,4.71830645976308,4.325558223529178,0.0
1628492400,sandy,2021,-0.10394651881142068,0.008195603060468517,7,3,ET0,3,0,20.28,8.235329351972808,4.71830645976308,4.614359940951659,0.0
1625986800,sandy,2021,0.22279779625051407,0,7,3,ET0,7,7.91,0,7.909412676835701,4.71830645976308,4.9411042560135945,0.0
1626073200,sandy,2021,0.20033136835922746,0.22279779625051407,7,3,ET0,7,0,7.91,8.171899400888595,4.71830645976308,4.918637828122308,0.0
1626159600,sandy,2021,0.36868322615407406,0.22279779625051407,7,3,ET0,7,0,7.91,7.307248568315713,4.71830645976308,5.086989685917154,49.2
1626246000,sandy,2021,-0.7865388106714165,0.22279779625051407,7,3,ET0,7,0,7.91,3.7200181370317593,4.71830645976308,3.936546081810397,0.0
1626332400,sandy,2021,-0.6438663602024871,0.22279779625051407,7,3,ET0,7,0,7.91,6.588938290136868,4.71830645976308,4.074440099560593,0.0
1626418800,sandy,2021,-0.4808655485267342,0.22279779625051407,7,3,ET0,7,0,7.91,4.2070949143533625,4.71830645976308,4.237440911236346,10.8
1626505200,sandy,2021,-0.6456732135149164,0.22279779625051407,7,3,ET0,7,0,7.91,1.7206288405645938,4.71830645976308,4.072633246248164,0.8
1626591600,sandy,2021,-0.6068687428119777,0.22279779625051407,7,3,ET0,7,34.06,7.91,2.3398193330169916,4.71830645976308,4.1114377169511025,0.0
1626678000,sandy,2021,-1.3282873598425995,-0.6068687428119777,7,3,ET0,7,0,34.06,5.542148180411579,4.71830645976308,3.485872105199274,0.0
1626764400,sandy,2021,-1.0268199529354913,-0.6068687428119777,7,3,ET0,7,0,34.06,6.336708517861463,4.71830645976308,3.691486506827589,0.0
1626850800,sandy,2021,-0.670569580321529,-0.6068687428119777,7,3,ET0,7,0,34.06,7.723088615724408,4.71830645976308,4.047736879441551,0.0
1626937200,sandy,2021,-0.3898268546684347,-0.6068687428119777,7,3,ET0,7,0,34.06,6.384988487195638,4.71830645976308,4.328479605094645,0.0
1627023600,sandy,2021,-0.1516634040903072,-0.6068687428119777,7,3,ET0,7,0,34.06,6.724001721462045,4.71830645976308,4.566643055672773,0.0
1627110000,sandy,2021,0.03762576154557115,-0.6068687428119777,7,3,ET0,7,0,34.06,6.639604206034317,4.71830645976308,4.755932221308651,0.0
1627196400,sandy,2021,0.18447550873783886,-0.6068687428119777,7,3,ET0,7,45.42,34.06,6.068344799075018,4.71830645976308,4.9027819685009195,0.0
1627282800,sandy,2021,-1.0496278954018203,0.18447550873783886,7,3,ET0,7,0,45.42,3.7441148307248353,4.71830645976308,3.787516995513057,0.0
1627369200,sandy,2021,-0.855080200825961,0.18447550873783886,7,3,ET0,7,0,45.42,5.25782491390273,4.71830645976308,3.8632262589371194,1.0
1627455600,sandy,2021,-0.6980003280809185,0.18447550873783886,7,3,ET0,7,0,45.42,4.067188753317478,4.71830645976308,4.020306131682162,0.0
1627542000,sandy,2021,-0.46801847671672403,0.18447550873783886,7,3,ET0,7,0,45.42,5.501441403272102,4.71830645976308,4.2502879830463565,0.0
1627628400,sandy,2021,-0.18266296388248204,0.18447550873783886,7,3,ET0,7,0,45.42,7.363960029273559,4.71830645976308,4.535643495880598,0.0
1627714800,sandy,2021,0.061591318957062414,0.18447550873783886,7,3,ET0,7,0,45.42,8.127164249908118,4.71830645976308,4.779897778720143,0.0
1627801200,sandy,2021,0.23590317518445014,0.18447550873783886,7,3,ET0,7,41.07,45.42,7.011084171391055,4.71830645976308,4.954209634947531,9.0
1627887600,sandy,2021,-0.9549425930743701,0.23590317518445014,7,3,ET0,7,0,41.07,7.304828236834061,4.71830645976308,3.850247947371457,0.0
1627974000,sandy,2021,-0.7029148462860488,0.23590317518445014,7,3,ET0,7,0,41.07,7.320018177389831,4.71830645976308,4.015391613477031,0.0
1628060400,sandy,2021,-0.3803301046675915,0.23590317518445014,7,3,ET0,7,0,41.07,8.239496207860649,4.71830645976308,4.337976355095488,0.0
1628146800,sandy,2021,-0.21852008533453104,0.23590317518445014,7,3,ET0,7,0,41.07,4.198759507591638,4.71830645976308,4.499786374428549,0.0
1628233200,sandy,2021,0.04882481374484316,0.23590317518445014,7,3,ET0,7,0,41.07,8.25634687060054,4.71830645976308,4.767131273507923,0.0
1628319600,sandy,2021,0.2437601444637329,0.23590317518445014,7,3,ET0,7,0,41.07,7.823891414052509,4.71830645976308,4.962066604226814,0.0
1628406000,sandy,2021,0.38909336015716683,0.23590317518445014,7,3,ET0,7,49.95,41.07,6.8058425683475985,4.71830645976308,5.107399819920247,0.0
1628492400,sandy,2021,-0.9321179489136503,0.38909336015716683,7,3,ET0,7,0,49.95,8.235329351972808,4.71830645976308,3.921120269862065,0.0
1655967600,sandy,2022,-0.30341516520919526,0,7,3,SMARTER,2,0,0,5.915965904891959,4.71830645976308,4.414891294553885,0.0
1656054000,sandy,2022,-0.16819340711649616,-0.30341516520919526,7,3,SMARTER,2,0,0,5.717907755951627,4.71830645976308,4.5501130526465845,0.0
1656140400,sandy,2022,0.0408931381871842,-0.30341516520919526,7,3,SMARTER,2,2.5328375383362087,0,9.203948870710635,4.71830645976308,4.759199597950264,0.0
1656226800,sandy,2022,0.1646594835494614,0.0408931381871842,7,3,SMARTER,2,0,2.5328375383362087,9.569797117975432,4.71830645976308,4.882965943312541,0.0
1656313200,sandy,2022,0.29730813964669656,0.0408931381871842,7,3,SMARTER,2,5.219666967492884,2.5328375383362087,8.693094774412245,4.71830645976308,5.015614599409777,0.0
1656399600,sandy,2022,0.27932845778836535,0.29730813964669656,7,3,SMARTER,2,0,5.219666967492884,7.460713537351751,4.71830645976308,4.997634917551445,1.6
1656486000,sandy,2022,0.30199398404831757,0.29730813964669656,7,3,SMARTER,2,6.158449830449184,5.219666967492884,1.8323231735051733,4.71830645976308,5.020300443811398,0.0
1656572400,sandy,2022,0.2392921240715532,0.30199398404831757,7,3,SMARTER,2,0,6.158449830449184,6.425725286268609,4.71830645976308,4.957598583834633,0.0
1656658800,sandy,2022,0.3715847760444903,0.30199398404831757,7,3,SMARTER,2,7.760339702555864,6.158449830449184,8.481182130641368,4.71830645976308,5.0898912358075705,0.0
1656745200,sandy,2022,0.3161963970820545,0.3715847760444903,7,3,SMARTER,2,0,7.760339702555864,9.684100900879589,4.71830645976308,5.034502856845135,0.0
1656831600,sandy,2022,0.43640711166403917,0.3715847760444903,7,3,SMARTER,2,9.523317386884823,7.760339702555864,7.875822878948619,4.71830645976308,5.154713571427119,0.0
1656918000,sandy,2022,0.30820820997117315,0.43640711166403917,7,3,SMARTER,2,0,9.523317386884823,8.846129638751195,4.71830645976308,5.0265146697342535,0.0
1657004400,sandy,2022,0.4467023784868837,0.43640711166403917,7,3,SMARTER,2,10.935491390105385,9.523317386884823,8.353871892123982,4.71830645976308,5.165008838249964,0.0
1657090800,sandy,2022,0.2586005378277812,0.4467023784868837,7,3,SMARTER,2,0,10.935491390105385,8.10868026961472,4.71830645976308,4.976906997590861,0.0
1657177200,sandy,2022,0.35733047396344264,0.4467023784868837,7,3,SMARTER,2,11.381879480331625,10.935491390105385,5.27960920736311,4.71830645976308,5.075636933726523,11.6
1657263600,sandy,2022,0.02383536901588298,0.35733047396344264,7,3,SMARTER,2,0,11.381879480331625,7.275206390354677,4.71830645976308,4.742141828778963,0.0
1657350000,sandy,2022,0.13730517383891003,0.35733047396344264,7,3,SMARTER,2,10.253617900976627,11.381879480331625,7.121172904786319,4.71830645976308,4.85561163360199,0.0
1657436400,sandy,2022,0.008692439501411181,0.13730517383891003,7,3,SMARTER,2,0,10.253617900976627,7.612583271961939,4.71830645976308,4.726998899264491,0.0
1657522800,sandy,2022,0.2170686608934597,0.13730517383891003,7,3,SMARTER,2,11.463168293038853,10.253617900976627,8.472336750464112,4.71830645976308,4.93537512065654,0.0
1657609200,sandy,2022,0.04976551216982896,0.2170686608934597,7,3,SMARTER,2,0,11.463168293038853,7.4879930375083275,4.71830645976308,4.768071971932909,0.0
1657695600,sandy,2022,0.18559856418993434,0.2170686608934597,7,3,SMARTER,2,11.79967330868398,11.463168293038853,5.439558555641069,4.71830645976308,4.903905023953015,0.0
1657782000,sandy,2022,0.04128818624718066,0.18559856418993434,7,3,SMARTER,2,0,11.79967330868398,8.254676604732598,4.71830645976308,4.759594646010261,0.0
1657868400,sandy,2022,0.2808723229838279,0.18559856418993434,7,3,SMARTER,2,13.30920658919272,11.79967330868398,9.447916516172471,4.71830645976308,4.999178782746908,0.0
1657954800,sandy,2022,0.08294578562804483,0.2808723229838279,7,3,SMARTER,2,0,13.30920658919272,8.968687582898376,4.71830645976308,4.801252245391125,0.0
1658041200,sandy,2022,0.2727150613223859,0.2808723229838279,7,3,SMARTER,2,14.070250941529782,13.30920658919272,7.701644419417017,4.71830645976308,4.991021521085466,0.0
1658127600,sandy,2022,0.013244368098571208,0.2727150613223859,7,3,SMARTER,2,0,14.070250941529782,7.236620092977568,4.71830645976308,4.731550827861652,0.0
1658214000,sandy,2022,0.2204132461760155,0.2727150613223859,7,3,SMARTER,2,14.365377974033235,14.070250941529782,7.976539558735554,4.71830645976308,4.9387197059390955,0.0
1658300400,sandy,2022,0.011280123592944924,0.2204132461760155,7,3,SMARTER,2,0,14.365377974033235,9.031637030513592,4.71830645976308,4.729586583356025,0.0
1658386800,sandy,2022,0.23746795329268644,0.2204132461760155,7,3,SMARTER,2,15.19716478372799,14.365377974033235,8.523521442036436,4.71830645976308,4.955774413055766,0.0
1655967600,sandy,2022,-0.30341516520919526,0,7,3,SMARTER,1,0,0,5.915965904891959,4.71830645976308,4.414891294553885,0.0
1656054000,sandy,2022,-0.16819340711649616,-0.30341516520919526,7,3,SMARTER,1,0.4419720852994051,0,5.717907755951627,4.71830645976308,4.5501130526465845,0.0
1656140400,sandy,2022,0.03228698997254499,-0.16819340711649616,7,3,SMARTER,1,1.942195834840328,0.4419720852994051,9.203948870710635,4.71830645976308,4.750593449735625,0.0
1656226800,sandy,2022,0.1687697508326237,0.03228698997254499,7,3,SMARTER,1,3.40388441335875,1.942195834840328,9.569797117975432,4.71830645976308,4.887076210595704,0.0
1656313200,sandy,2022,0.23144607108724782,0.1687697508326237,7,3,SMARTER,1,4.5369568684028625,3.40388441335875,8.693094774412245,4.71830645976308,4.949752530850328,0.0
1656399600,sandy,2022,0.23158943238426563,0.23144607108724782,7,3,SMARTER,1,5.232728694634783,4.5369568684028625,7.460713537351751,4.71830645976308,4.949895892147346,1.6
1656486000,sandy,2022,0.10053158486684503,0.23158943238426563,7,3,SMARTER,1,4.616918516613374,5.232728694634783,1.8323231735051733,4.71830645976308,4.818838044629925,0.0
1656572400,sandy,2022,0.09334775309624964,0.10053158486684503,7,3,SMARTER,1,4.846674953507955,4.616918516613374,6.425725286268609,4.71830645976308,4.81165421285933,0.0
1656658800,sandy,2022,0.1261478366243476,0.09334775309624964,7,3,SMARTER,1,5.454719048077683,4.846674953507955,8.481182130641368,4.71830645976308,4.844454296387428,0.0
1656745200,sandy,2022,0.1681864333355293,0.1261478366243476,7,3,SMARTER,1,6.253548525062543,5.454719048077683,9.684100900879589,4.71830645976308,4.88649289309861,0.0
1656831600,sandy,2022,0.1490259481540874,0.1681864333355293,7,3,SMARTER,1,6.566502973254712,6.253548525062543,7.875822878948619,4.71830645976308,4.867332407917168,0.0
1656918000,sandy,2022,0.1426826453431753,0.1490259481540874,7,3,SMARTER,1,6.950147789607853,6.566502973254712,8.846129638751195,4.71830645976308,4.860989105106255,0.0
1657004400,sandy,2022,0.11944265740258878,0.1426826453431753,7,3,SMARTER,1,7.145795846231515,6.950147789607853,8.353871892123982,4.71830645976308,4.837749117165669,0.0
1657090800,sandy,2022,0.08317472450252773,0.11944265740258878,7,3,SMARTER,1,7.141444489438671,7.145795846231515,8.10868026961472,4.71830645976308,4.801481184265608,0.0
1657177200,sandy,2022,-0.006004887233542803,0.08317472450252773,7,3,SMARTER,1,6.499172545585549,7.141444489438671,5.27960920736311,4.71830645976308,4.712301572529538,11.6
1657263600,sandy,2022,-0.15838065553987243,-0.006004887233542803,7,3,SMARTER,1,4.957400200821624,6.499172545585549,7.275206390354677,4.71830645976308,4.559925804223208,0.0
1657350000,sandy,2022,-0.17726989588886158,-0.15838065553987243,7,3,SMARTER,1,4.293365830712115,4.957400200821624,7.121172904786319,4.71830645976308,4.5410365638742185,0.0
1657436400,sandy,2022,-0.09200686259295664,-0.17726989588886158,7,3,SMARTER,1,4.61418647600458,4.293365830712115,7.612583271961939,4.71830645976308,4.6262995971701235,0.0
1657522800,sandy,2022,0.01457416222247542,-0.09200686259295664,7,3,SMARTER,1,5.40397613638003,4.61418647600458,8.472336750464112,4.71830645976308,4.732880621985555,0.0
1657609200,sandy,2022,0.05927809912604058,0.01457416222247542,7,3,SMARTER,1,5.894737992083108,5.40397613638003,7.4879930375083275,4.71830645976308,4.777584558889121,0.0
1657695600,sandy,2022,0.035109085606825005,0.05927809912604058,7,3,SMARTER,1,5.830882154269074,5.894737992083108,5.439558555641069,4.71830645976308,4.753415545369905,0.0
1657782000,sandy,2022,0.08877984565784314,0.035109085606825005,7,3,SMARTER,1,6.47291701159973,5.830882154269074,8.254676604732598,4.71830645976308,4.807086305420923,0.0
1657868400,sandy,2022,0.14944474222906579,0.08877984565784314,7,3,SMARTER,1,7.345905514285485,6.47291701159973,9.447916516172471,4.71830645976308,4.867751201992146,0.0
1657954800,sandy,2022,0.15879842840627256,0.14944474222906579,7,3,SMARTER,1,7.887776602744751,7.345905514285485,8.968687582898376,4.71830645976308,4.877104888169352,0.0
1658041200,sandy,2022,0.11405694109277535,0.15879842840627256,7,3,SMARTER,1,7.916757014828596,7.887776602744751,7.701644419417017,4.71830645976308,4.832363400855856,0.0
1658127600,sandy,2022,0.06090232694503797,0.11405694109277535,7,3,SMARTER,1,7.727381696629548,7.916757014828596,7.236620092977568,4.71830645976308,4.779208786708118,0.0
1658214000,sandy,2022,0.042931469538743904,0.06090232694503797,7,3,SMARTER,1,7.730380103401721,7.727381696629548,7.976539558735554,4.71830645976308,4.761237929301824,0.0
1658300400,sandy,2022,0.06044233514903676,0.042931469538743904,7,3,SMARTER,1,8.034283168120881,7.730380103401721,9.031637030513592,4.71830645976308,4.778748794912117,0.0
1658386800,sandy,2022,0.05199511773780438,0.06044233514903676,7,3,SMARTER,1,8.131137999455667,8.034283168120881,8.523521442036436,4.71830645976308,4.770301577500884,0.0
1655967600,sandy,2022,-0.30341516520919526,0,7,3,SMARTER,3,0,0,5.915965904891959,4.71830645976308,4.414891294553885,0.0
1656054000,sandy,2022,-0.16819340711649616,-0.30341516520919526,7,3,SMARTER,3,0,0,5.717907755951627,4.71830645976308,4.5501130526465845,0.0
1656140400,sandy,2022,0.0408931381871842,-0.30341516520919526,7,3,SMARTER,3,0,0,9.203948870710635,4.71830645976308,4.759199597950264,0.0
1656226800,sandy,2022,0.2097526509868153,-0.30341516520919526,7,3,SMARTER,3,4.22143266633252,0,9.569797117975432,4.71830645976308,4.928059110749896,0.0
1656313200,sandy,2022,0.2543193327662108,0.2097526509868153,7,3,SMARTER,3,0,4.22143266633252,8.693094774412245,4.71830645976308,4.972625792529291,0.0
1656399600,sandy,2022,0.35690876462844784,0.2097526509868153,7,3,SMARTER,3,0,4.22143266633252,7.460713537351751,4.71830645976308,5.0752152243915285,1.6
1656486000,sandy,2022,0.3827650120256204,0.2097526509868153,7,3,SMARTER,3,6.5808142296810175,4.22143266633252,1.8323231735051733,4.71830645976308,5.101071471788701,0.0
1656572400,sandy,2022,0.30415228836239006,0.3827650120256204,7,3,SMARTER,3,0,6.5808142296810175,6.425725286268609,4.71830645976308,5.02245874812547,0.0
1656658800,sandy,2022,0.42508816387192255,0.3827650120256204,7,3,SMARTER,3,0,6.5808142296810175,8.481182130641368,4.71830645976308,5.143394623635003,0.0
1656745200,sandy,2022,0.5413901309825485,0.3827650120256204,7,3,SMARTER,3,9.31536045532716,6.5808142296810175,9.684100900879589,4.71830645976308,5.259696590745628,0.0
1656831600,sandy,2022,0.3942529630701216,0.5413901309825485,7,3,SMARTER,3,0,9.31536045532716,7.875822878948619,4.71830645976308,5.112559422833201,0.0
1656918000,sandy,2022,0.5190561429461639,0.5413901309825485,7,3,SMARTER,3,0,9.31536045532716,8.846129638751195,4.71830645976308,5.237362602709244,0.0
1657004400,sandy,2022,0.617285375354381,0.5413901309825485,7,3,SMARTER,3,11.69848329199313,9.31536045532716,8.353871892123982,4.71830645976308,5.335591835117461,0.0
1657090800,sandy,2022,0.38229124634102596,0.617285375354381,7,3,SMARTER,3,0,11.69848329199313,8.10868026961472,4.71830645976308,5.100597706104106,0.0
1657177200,sandy,2022,0.4696608337584677,0.617285375354381,7,3,SMARTER,3,0,11.69848329199313,5.27960920736311,4.71830645976308,5.187967293521548,11.6
1657263600,sandy,2022,0.5063040056560116,0.617285375354381,7,3,SMARTER,3,12.440525721072579,11.69848329199313,7.275206390354677,4.71830645976308,5.224610465419092,0.0
1657350000,sandy,2022,0.16151766634534215,0.5063040056560116,7,3,SMARTER,3,0,12.440525721072579,7.121172904786319,4.71830645976308,4.8798241261084225,0.0
1657436400,sandy,2022,0.3096330662759553,0.5063040056560116,7,3,SMARTER,3,0,12.440525721072579,7.612583271961939,4.71830645976308,5.027939526039035,0.0
1657522800,sandy,2022,0.46379050418616674,0.5063040056560116,7,3,SMARTER,3,13.534302723342165,12.440525721072579,8.472336750464112,4.71830645976308,5.182096963949247,0.0
1657609200,sandy,2022,0.17307622829571095,0.46379050418616674,7,3,SMARTER,3,0,13.534302723342165,7.4879930375083275,4.71830645976308,4.891382688058791,0.0
1657695600,sandy,2022,0.2855127309277233,0.46379050418616674,7,3,SMARTER,3,0,13.534302723342165,5.439558555641069,4.71830645976308,5.003819190690804,0.0
1657782000,sandy,2022,0.4505739190407778,0.46379050418616674,7,3,SMARTER,3,14.793508384446778,13.534302723342165,8.254676604732598,4.71830645976308,5.168880378803858,0.0
1657868400,sandy,2022,0.15813326027833363,0.4505739190407778,7,3,SMARTER,3,0,14.793508384446778,9.447916516172471,4.71830645976308,4.876439720041414,0.0
1657954800,sandy,2022,0.3506826077055735,0.4505739190407778,7,3,SMARTER,3,0,14.793508384446778,8.968687582898376,4.71830645976308,5.068989067468654,0.0
1658041200,sandy,2022,0.4970863879376512,0.4505739190407778,7,3,SMARTER,3,16.610354830537844,14.793508384446778,7.701644419417017,4.71830645976308,5.215392847700731,0.0
1658127600,sandy,2022,0.08731801423725509,0.4970863879376512,7,3,SMARTER,3,0,16.610354830537844,7.236620092977568,4.71830645976308,4.805624474000336,0.0
1658214000,sandy,2022,0.2637879514331334,0.4970863879376512,7,3,SMARTER,3,0,16.610354830537844,7.976539558735554,4.71830645976308,4.982094411196214,0.0
1658300400,sandy,2022,0.4575462344549223,0.4970863879376512,7,3,SMARTER,3,17.70621245952351,16.610354830537844,9.031637030513592,4.71830645976308,5.175852694218003,0.0
1658386800,sandy,2022,0.04302369782903823,0.4575462344549223,7,3,SMARTER,3,0,17.70621245952351,8.523521442036436,4.71830645976308,4.761330157592118,0.0
1655967600,sandy,2022,-0.30341516520919526,0,7,3,SMARTER,7,0,0,5.915965904891959,4.71830645976308,4.414891294553885,0.0
1656054000,sandy,2022,-0.16819340711649616,-0.30341516520919526,7,3,SMARTER,7,0,0,5.717907755951627,4.71830645976308,4.5501130526465845,0.0
1656140400,sandy,2022,0.0408931381871842,-0.30341516520919526,7,3,SMARTER,7,0,0,9.203948870710635,4.71830645976308,4.759199597950264,0.0
1656226800,sandy,2022,0.2097526509868153,-0.30341516520919526,7,3,SMARTER,7,0,0,9.569797117975432,4.71830645976308,4.928059110749896,0.0
1656313200,sandy,2022,0.33457422275818177,-0.30341516520919526,7,3,SMARTER,7,0,0,8.693094774412245,4.71830645976308,5.052880682521262,0.0
1656399600,sandy,2022,0.4245729920834158,-0.30341516520919526,7,3,SMARTER,7,0,0,7.460713537351751,4.71830645976308,5.142879451846496,1.6
1656486000,sandy,2022,0.44660968231158255,-0.30341516520919526,7,3,SMARTER,7,0,0,1.8323231735051733,4.71830645976308,5.164916142074663,0.0
1656572400,sandy,2022,0.5208146411712649,-0.30341516520919526,7,3,SMARTER,7,7.332052568177015,0,6.425725286268609,4.71830645976308,5.239121100934345,0.0
1656658800,sandy,2022,0.43538528167550794,0.5208146411712649,7,3,SMARTER,7,0,7.332052568177015,8.481182130641368,4.71830645976308,5.153691741438588,0.0
1656745200,sandy,2022,0.5503939076414726,0.5208146411712649,7,3,SMARTER,7,0,7.332052568177015,9.684100900879589,4.71830645976308,5.268700367404553,0.0
1656831600,sandy,2022,0.6306531106599135,0.5208146411712649,7,3,SMARTER,7,0,7.332052568177015,7.875822878948619,4.71830645976308,5.348959570422994,0.0
1656918000,sandy,2022,0.7099340706207437,0.5208146411712649,7,3,SMARTER,7,0,7.332052568177015,8.846129638751195,4.71830645976308,5.428240530383824,0.0
1657004400,sandy,2022,0.7746693074497328,0.5208146411712649,7,3,SMARTER,7,0,7.332052568177015,8.353871892123982,4.71830645976308,5.492975767212813,0.0
1657090800,sandy,2022,0.8274720870719134,0.5208146411712649,7,3,SMARTER,7,0,7.332052568177015,8.10868026961472,4.71830645976308,5.545778546834994,0.0
1657177200,sandy,2022,0.8577776923904499,0.5208146411712649,7,3,SMARTER,7,12.26412700388266,7.332052568177015,5.27960920736311,4.71830645976308,5.5760841521535305,11.6
1657263600,sandy,2022,0.4459662210464261,0.8577776923904499,7,3,SMARTER,7,0,12.26412700388266,7.275206390354677,4.71830645976308,5.164272680809506,0.0
1657350000,sandy,2022,0.5200188044621719,0.8577776923904499,7,3,SMARTER,7,0,12.26412700388266,7.121172904786319,4.71830645976308,5.238325264225252,0.0
1657436400,sandy,2022,0.6126860698315754,0.8577776923904499,7,3,SMARTER,7,0,12.26412700388266,7.612583271961939,4.71830645976308,5.330992529594655,0.0
1657522800,sandy,2022,0.7117138898948706,0.8577776923904499,7,3,SMARTER,7,0,12.26412700388266,8.472336750464112,4.71830645976308,5.43002034965795,0.0
1657609200,sandy,2022,0.7875135811579643,0.8577776923904499,7,3,SMARTER,7,0,12.26412700388266,7.4879930375083275,4.71830645976308,5.505820040921044,0.0
1657695600,sandy,2022,0.8385041465634493,0.8577776923904499,7,3,SMARTER,7,0,12.26412700388266,5.439558555641069,4.71830645976308,5.55681060632653,0.0
1657782000,sandy,2022,0.9020915827505732,0.8577776923904499,7,3,SMARTER,7,15.280598984655242,12.26412700388266,8.254676604732598,4.71830645976308,5.620398042513654,0.0
1657868400,sandy,2022,0.4799580223730081,0.9020915827505732,7,3,SMARTER,7,0,15.280598984655242,9.447916516172471,4.71830645976308,5.198264482136088,0.0
1657954800,sandy,2022,0.6122360814220756,0.9020915827505732,7,3,SMARTER,7,0,15.280598984655242,8.968687582898376,4.71830645976308,5.330542541185156,0.0
1658041200,sandy,2022,0.710720695531183,0.9020915827505732,7,3,SMARTER,7,0,15.280598984655242,7.701644419417017,4.71830645976308,5.429027155294263,0.0
1658127600,sandy,2022,0.7887812889064056,0.9020915827505732,7,3,SMARTER,7,0,15.280598984655242,7.236620092977568,4.71830645976308,5.507087748669486,0.0
1658214000,sandy,2022,0.8600825624100137,0.9020915827505732,7,3,SMARTER,7,0,15.280598984655242,7.976539558735554,4.71830645976308,5.578389022173094,0.0
1658300400,sandy,2022,0.9239790117867367,0.9020915827505732,7,3,SMARTER,7,0,15.280598984655242,9.031637030513592,4.71830645976308,5.642285471549817,0.0
1658386800,sandy,2022,0.9666057766683968,0.9020915827505732,7,3,SMARTER,7,18.6320156720852,15.280598984655242,8.523521442036436,4.71830645976308,5.684912236431477,0.0
1655967600,sandy,2022,-0.30341516520919526,0,7,3,ET0,2,5.92,0,5.915965904891959,4.71830645976308,4.414891294553885,0.0
1656054000,sandy,2022,-0.32240884838370165,-0.30341516520919526,7,3,ET0,2,0,5.92,5.717907755951627,4.71830645976308,4.395897611379379,0.0
1656140400,sandy,2022,-0.1038018345009445,-0.30341516520919526,7,3,ET0,2,14.92,5.92,9.203948870710635,4.71830645976308,4.614504625262136,0.0
1656226800,sandy,2022,-0.2990480473301561,-0.1038018345009445,7,3,ET0,2,0,14.92,9.569797117975432,4.71830645976308,4.419258412432924,0.0
1656313200,sandy,2022,-0.10666378114928206,-0.1038018345009445,7,3,ET0,2,18.26,14.92,8.693094774412245,4.71830645976308,4.611642678613798,0.0
1656399600,sandy,2022,-0.45308454332928616,-0.10666378114928206,7,3,ET0,2,0,18.26,7.460713537351751,4.71830645976308,4.265255335057238,1.6
1656486000,sandy,2022,-0.42548592186516787,-0.10666378114928206,7,3,ET0,2,9.29,18.26,1.8323231735051733,4.71830645976308,4.292820537897913,0.0
1656572400,sandy,2022,-0.5047703810443589,-0.42548592186516787,7,3,ET0,2,0,9.29,6.425725286268609,4.71830645976308,4.213536078718722,0.0
1656658800,sandy,2022,-0.28829307192910714,-0.42548592186516787,7,3,ET0,2,14.91,9.29,8.481182130641368,4.71830645976308,4.430013387833973,0.0
1656745200,sandy,2022,-0.44563329911399646,-0.28829307192910714,7,3,ET0,2,0,14.91,9.684100900879589,4.71830645976308,4.2726731606490835,0.0
1656831600,sandy,2022,-0.24190707645656062,-0.28829307192910714,7,3,ET0,2,17.56,14.91,7.875822878948619,4.71830645976308,4.47639938330652,0.0
1656918000,sandy,2022,-0.49641407432677936,-0.24190707645656062,7,3,ET0,2,0,17.56,8.846129638751195,4.71830645976308,4.221892385436301,0.0
1657004400,sandy,2022,-0.27010419432995697,-0.24190707645656062,7,3,ET0,2,17.2,17.56,8.353871892123982,4.71830645976308,4.448202265433124,0.0
1657090800,sandy,2022,-0.5288907475005801,-0.27010419432995697,7,3,ET0,2,0,17.2,8.10868026961472,4.71830645976308,4.1894157122625,0.0
1657177200,sandy,2022,-0.3797081314493858,-0.27010419432995697,7,3,ET0,2,13.39,17.2,5.27960920736311,4.71830645976308,4.338598328313695,11.6
1657263600,sandy,2022,-0.7051043970884806,-0.3797081314493858,7,3,ET0,2,0,13.39,7.275206390354677,4.71830645976308,4.025545845132407,0.0
1657350000,sandy,2022,-0.5443790067415941,-0.3797081314493858,7,3,ET0,2,14.4,13.39,7.121172904786319,4.71830645976308,4.173927453021486,0.0
1657436400,sandy,2022,-0.6956862503456503,-0.5443790067415941,7,3,ET0,2,0,14.4,7.612583271961939,4.71830645976308,4.02262020941743,0.0
1657522800,sandy,2022,-0.42638853211411304,-0.5443790067415941,7,3,ET0,2,16.08,14.4,8.472336750464112,4.71830645976308,4.291917927648967,0.0
1657609200,sandy,2022,-0.6337018611419211,-0.42638853211411304,7,3,ET0,2,0,16.08,7.4879930375083275,4.71830645976308,4.084604598621159,0.0
1657695600,sandy,2022,-0.4582041410696121,-0.42638853211411304,7,3,ET0,2,12.93,16.08,5.439558555641069,4.71830645976308,4.260102318693468,0.0
1657782000,sandy,2022,-0.5393901186536314,-0.4582041410696121,7,3,ET0,2,0,12.93,8.254676604732598,4.71830645976308,4.178916341109449,0.0
1657868400,sandy,2022,-0.2286480725037197,-0.4582041410696121,7,3,ET0,2,17.7,12.93,9.447916516172471,4.71830645976308,4.489658387259361,0.0
1657954800,sandy,2022,-0.45895304693451966,-0.2286480725037197,7,3,ET0,2,0,17.7,8.968687582898376,4.71830645976308,4.259353412828561,0.0
1658041200,sandy,2022,-0.21704692119297658,-0.2286480725037197,7,3,ET0,2,16.67,17.7,7.701644419417017,4.71830645976308,4.501259538570103,0.0
1658127600,sandy,2022,-0.46692346213635044,-0.21704692119297658,7,3,ET0,2,0,16.67,7.236620092977568,4.71830645976308,4.25138299762673,0.0
1658214000,sandy,2022,-0.20930681000941304,-0.21704692119297658,7,3,ET0,2,15.21,16.67,7.976539558735554,4.71830645976308,4.508999649753667,0.0
1658300400,sandy,2022,-0.3562730487872201,-0.20930681000941304,7,3,ET0,2,0,15.21,9.031637030513592,4.71830645976308,4.36203341097586,0.0
1658386800,sandy,2022,-0.08567047704052047,-0.20930681000941304,7,3,ET0,2,17.56,15.21,8.523521442036436,4.71830645976308,4.63263598272256,0.0
1655967600,sandy,2022,-0.30341516520919526,0,7,3,ET0,1,5.92,0,5.915965904891959,4.71830645976308,4.414891294553885,0.0
1656054000,sandy,2022,-0.32240884838370165,-0.30341516520919526,7,3,ET0,1,5.72,5.92,5.717907755951627,4.71830645976308,4.395897611379379,0.0
1656140400,sandy,2022,-0.2529687476700359,-0.32240884838370165,7,3,ET0,1,9.2,5.72,9.203948870710635,4.71830645976308,4.465337712093044,0.0
1656226800,sandy,2022,-0.28476713596227293,-0.2529687476700359,7,3,ET0,1,9.57,9.2,9.569797117975432,4.71830645976308,4.433539323800807,0.0
1656313200,sandy,2022,-0.3527818019273399,-0.28476713596227293,7,3,ET0,1,8.69,9.57,8.693094774412245,4.71830645976308,4.36552465783574,0.0
1656399600,sandy,2022,-0.42041122283309407,-0.3527818019273399,7,3,ET0,1,7.46,8.69,7.460713537351751,4.71830645976308,4.297895236929986,1.6
1656486000,sandy,2022,-0.5910540871744195,-0.42041122283309407,7,3,ET0,1,1.83,7.46,1.8323231735051733,4.71830645976308,4.127252372588661,0.0
1656572400,sandy,2022,-0.4715959899390301,-0.5910540871744195,7,3,ET0,1,6.43,1.83,6.425725286268609,4.71830645976308,4.24671046982405,0.0
1656658800,sandy,2022,-0.4184192408935404,-0.4715959899390301,7,3,ET0,1,8.48,6.43,8.481182130641368,4.71830645976308,4.29988721886954,0.0
1656745200,sandy,2022,-0.39662683693475287,-0.4184192408935404,7,3,ET0,1,9.68,8.48,9.684100900879589,4.71830645976308,4.321679622828327,0.0
1656831600,sandy,2022,-0.4554657321483138,-0.39662683693475287,7,3,ET0,1,7.88,9.68,7.875822878948619,4.71830645976308,4.262840727614766,0.0
1656918000,sandy,2022,-0.43285219536602504,-0.4554657321483138,7,3,ET0,1,8.85,7.88,8.846129638751195,4.71830645976308,4.285454264397055,0.0
1657004400,sandy,2022,-0.4445395081155178,-0.43285219536602504,7,3,ET0,1,8.35,8.85,8.353871892123982,4.71830645976308,4.273766951647563,0.0
1657090800,sandy,2022,-0.4538854808817222,-0.4445395081155178,7,3,ET0,1,8.11,8.35,8.10868026961472,4.71830645976308,4.264420978881358,0.0
1657177200,sandy,2022,-0.5229469590274427,-0.4538854808817222,7,3,ET0,1,5.28,8.11,5.27960920736311,4.71830645976308,4.195359500735638,11.6
1657263600,sandy,2022,-0.6160443240955038,-0.5229469590274427,7,3,ET0,1,7.28,5.28,7.275206390354677,4.71830645976308,4.102909918302148,0.0
1657350000,sandy,2022,-0.6596276162194028,-0.6160443240955038,7,3,ET0,1,7.12,7.28,7.121172904786319,4.71830645976308,4.058678843543677,0.0
1657436400,sandy,2022,-0.614811334687015,-0.6596276162194028,7,3,ET0,1,7.61,7.12,7.612583271961939,4.71830645976308,4.103495125076066,0.0
1657522800,sandy,2022,-0.550704735899806,-0.614811334687015,7,3,ET0,1,8.47,7.61,8.472336750464112,4.71830645976308,4.1676017238632745,0.0
1657609200,sandy,2022,-0.5491503280672925,-0.550704735899806,7,3,ET0,1,7.49,8.47,7.4879930375083275,4.71830645976308,4.169156131695788,0.0
1657695600,sandy,2022,-0.5764253071313382,-0.5491503280672925,7,3,ET0,1,5.44,7.49,5.439558555641069,4.71830645976308,4.1418811526317425,0.0
1657782000,sandy,2022,-0.45245338501389915,-0.5764253071313382,7,3,ET0,1,8.25,5.44,8.254676604732598,4.71830645976308,4.265853074749181,0.0
1657868400,sandy,2022,-0.3731791988244594,-0.45245338501389915,7,3,ET0,1,9.45,8.25,9.447916516172471,4.71830645976308,4.345127260938621,0.0
1657954800,sandy,2022,-0.35851961136257804,-0.3731791988244594,7,3,ET0,1,8.97,9.45,8.968687582898376,4.71830645976308,4.3597868484005025,0.0
1658041200,sandy,2022,-0.37328659616400106,-0.35851961136257804,7,3,ET0,1,7.7,8.97,7.701644419417017,4.71830645976308,4.345019863599079,0.0
1658127600,sandy,2022,-0.36342044351848934,-0.37328659616400106,7,3,ET0,1,7.24,7.7,7.236620092977568,4.71830645976308,4.354886016244591,0.0
1658214000,sandy,2022,-0.31139585892293853,-0.36342044351848934,7,3,ET0,1,7.98,7.24,7.976539558735554,4.71830645976308,4.406910600840142,0.0
1658300400,sandy,2022,-0.24819260527771103,-0.31139585892293853,7,3,ET0,1,9.03,7.98,9.031637030513592,4.71830645976308,4.470113854485369,0.0
1658386800,sandy,2022,-0.2426699870986378,-0.24819260527771103,7,3,ET0,1,8.52,9.03,8.523521442036436,4.71830645976308,4.475636472664442,0.0
1655967600,sandy,2022,-0.30341516520919526,0,7,3,ET0,3,5.92,0,5.915965904891959,4.71830645976308,4.414891294553885,0.0
1656054000,sandy,2022,-0.32240884838370165,-0.30341516520919526,7,3,ET0,3,0,5.92,5.717907755951627,4.71830645976308,4.395897611379379,0.0
1656140400,sandy,2022,-0.1038018345009445,-0.30341516520919526,7,3,ET0,3,0,5.92,9.203948870710635,4.71830645976308,4.614504625262136,0.0
1656226800,sandy,2022,0.09454508533271745,-0.30341516520919526,7,3,ET0,3,24.49,5.92,9.569797117975432,4.71830645976308,4.812851545095798,0.0
1656313200,sandy,2022,-0.4271582357236487,0.09454508533271745,7,3,ET0,3,0,24.49,8.693094774412245,4.71830645976308,4.293275146895235,0.0
1656399600,sandy,2022,-0.2627712271872138,0.09454508533271745,7,3,ET0,3,0,24.49,7.460713537351751,4.71830645976308,4.455535232575866,1.6
1656486000,sandy,2022,-0.2201571702218617,0.09454508533271745,7,3,ET0,3,17.99,24.49,1.8323231735051733,4.71830645976308,4.498149289541218,0.0
1656572400,sandy,2022,-0.559062293812955,-0.2201571702218617,7,3,ET0,3,0,17.99,6.425725286268609,4.71830645976308,4.159448761220235,0.0
1656658800,sandy,2022,-0.34287907426913317,-0.2201571702218617,7,3,ET0,3,0,17.99,8.481182130641368,4.71830645976308,4.375427385493947,0.0
1656745200,sandy,2022,-0.09341647829744883,-0.2201571702218617,7,3,ET0,3,24.59,17.99,9.684100900879589,4.71830645976308,4.624889981465631,0.0
1656831600,sandy,2022,-0.5878301265392888,-0.09341647829744883,7,3,ET0,3,0,24.59,7.875822878948619,4.71830645976308,4.135966200090724,0.0
1656918000,sandy,2022,-0.3517849327931829,-0.09341647829744883,7,3,ET0,3,0,24.59,8.846129638751195,4.71830645976308,4.366521526969898,0.0
1657004400,sandy,2022,-0.11906203240853751,-0.09341647829744883,7,3,ET0,3,25.08,24.59,8.353871892123982,4.71830645976308,4.5992444273545425,0.0
1657090800,sandy,2022,-0.6202831182838953,-0.11906203240853751,7,3,ET0,3,0,25.08,8.10868026961472,4.71830645976308,4.106661259143077,0.0
1657177200,sandy,2022,-0.4691967668994089,-0.11906203240853751,7,3,ET0,3,0,25.08,5.27960920736311,4.71830645976308,4.249109692863671,11.6
1657263600,sandy,2022,-0.3794346438301021,-0.11906203240853751,7,3,ET0,3,20.66,25.08,7.275206390354677,4.71830645976308,4.338871815932978,0.0
1657350000,sandy,2022,-0.8190331539867846,-0.3794346438301021,7,3,ET0,3,0,20.66,7.121172904786319,4.71830645976308,3.9110180047679006,0.0
1657436400,sandy,2022,-0.5888802579283309,-0.3794346438301021,7,3,ET0,3,0,20.66,7.612583271961939,4.71830645976308,4.129426201834749,0.0
1657522800,sandy,2022,-0.3081691040735639,-0.3794346438301021,7,3,ET0,3,23.21,20.66,8.472336750464112,4.71830645976308,4.410137355689517,0.0
1657609200,sandy,2022,-0.7293953045824516,-0.3081691040735639,7,3,ET0,3,0,23.21,7.4879930375083275,4.71830645976308,3.9960331265820064,0.0
1657695600,sandy,2022,-0.5528551277627156,-0.3081691040735639,7,3,ET0,3,0,23.21,5.439558555641069,4.71830645976308,4.165451332000365,0.0
1657782000,sandy,2022,-0.2694805667201658,-0.3081691040735639,7,3,ET0,3,21.18,23.21,8.254676604732598,4.71830645976308,4.4488258930429145,0.0
1657868400,sandy,2022,-0.572761483866519,-0.2694805667201658,7,3,ET0,3,0,21.18,9.447916516172471,4.71830645976308,4.14588456607886,0.0
1657954800,sandy,2022,-0.2825514333806725,-0.2694805667201658,7,3,ET0,3,0,21.18,8.968687582898376,4.71830645976308,4.435755026382408,0.0
1658041200,sandy,2022,-0.037816861273665,-0.2694805667201658,7,3,ET0,3,26.12,21.18,7.701644419417017,4.71830645976308,4.680489598489415,0.0
1658127600,sandy,2022,-0.5959287841439612,-0.037816861273665,7,3,ET0,3,0,26.12,7.236620092977568,4.71830645976308,4.131727680634226,0.0
1658214000,sandy,2022,-0.3370745951850832,-0.037816861273665,7,3,ET0,3,0,26.12,7.976539558735554,4.71830645976308,4.381231864577997,0.0
1658300400,sandy,2022,-0.03374847052739681,-0.037816861273665,7,3,ET0,3,24.24,26.12,9.031637030513592,4.71830645976308,4.6845579892356835,0.0
1658386800,sandy,2022,-0.5002609742857143,-0.03374847052739681,7,3,ET0,3,0,24.24,8.523521442036436,4.71830645976308,4.221732277859426,0.0
1655967600,sandy,2022,-0.30341516520919526,0,7,3,ET0,7,5.92,0,5.915965904891959,4.71830645976308,4.414891294553885,0.0
1656054000,sandy,2022,-0.32240884838370165,-0.30341516520919526,7,3,ET0,7,0,5.92,5.717907755951627,4.71830645976308,4.395897611379379,0.0
1656140400,sandy,2022,-0.1038018345009445,-0.30341516520919526,7,3,ET0,7,0,5.92,9.203948870710635,4.71830645976308,4.614504625262136,0.0
1656226800,sandy,2022,0.09454508533271745,-0.30341516520919526,7,3,ET0,7,0,5.92,9.569797117975432,4.71830645976308,4.812851545095798,0.0
1656313200,sandy,2022,0.23774908065806266,-0.30341516520919526,7,3,ET0,7,0,5.92,8.693094774412245,4.71830645976308,4.956055540421143,0.0
1656399600,sandy,2022,0.340223566076775,-0.30341516520919526,7,3,ET0,7,0,5.92,7.460713537351751,4.71830645976308,5.058530025839855,1.6
1656486000,sandy,2022,0.3663233295588519,-0.30341516520919526,7,3,ET0,7,0,5.92,1.8323231735051733,4.71830645976308,5.084629789321932,0.0
1656572400,sandy,2022,0.44939835089803676,-0.30341516520919526,7,3,ET0,7,48.9,5.92,6.425725286268609,4.71830645976308,5.167704810661117,0.0
1656658800,sandy,2022,-0.8435549045888623,0.44939835089803676,7,3,ET0,7,0,48.9,8.481182130641368,4.71830645976308,3.995399934952954,0.0
1656745200,sandy,2022,-0.5858720794792419,0.44939835089803676,7,3,ET0,7,0,48.9,9.684100900879589,4.71830645976308,4.132434380283838,0.0
1656831600,sandy,2022,-0.3682306763520609,0.44939835089803676,7,3,ET0,7,0,48.9,7.875822878948619,4.71830645976308,4.350075783411019,0.0
1656918000,sandy,2022,-0.1272702030364401,0.44939835089803676,7,3,ET0,7,0,48.9,8.846129638751195,4.71830645976308,4.59103625672664,0.0
1657004400,sandy,2022,0.06479159597385596,0.44939835089803676,7,3,ET0,7,0,48.9,8.353871892123982,4.71830645976308,4.783098055736936,0.0
1657090800,sandy,2022,0.21862368824190426,0.44939835089803676,7,3,ET0,7,0,48.9,8.10868026961472,4.71830645976308,4.9369301480049845,0.0
1657177200,sandy,2022,0.31136226202519385,0.44939835089803676,7,3,ET0,7,56.63,48.9,5.27960920736311,4.71830645976308,5.0296687217882745,11.6
1657263600,sandy,2022,-1.3075322319830227,0.31136226202519385,7,3,ET0,7,0,56.63,7.275206390354677,4.71830645976308,3.6929268538003868,0.0
1657350000,sandy,2022,-1.1276003107446935,0.31136226202519385,7,3,ET0,7,0,56.63,7.121172904786319,4.71830645976308,3.590706149018387,0.0
1657436400,sandy,2022,-0.8655082265413039,0.31136226202519385,7,3,ET0,7,0,56.63,7.612583271961939,4.71830645976308,3.8527982332217765,0.0
1657522800,sandy,2022,-0.5560898264448655,0.31136226202519385,7,3,ET0,7,0,56.63,8.472336750464112,4.71830645976308,4.162216633318215,0.0
1657609200,sandy,2022,-0.2947597787510533,0.31136226202519385,7,3,ET0,7,0,56.63,7.4879930375083275,4.71830645976308,4.423546681012027,0.0
1657695600,sandy,2022,-0.13053684682119143,0.31136226202519385,7,3,ET0,7,0,56.63,5.439558555641069,4.71830645976308,4.587769612941889,0.0
1657782000,sandy,2022,0.07916700030973965,0.31136226202519385,7,3,ET0,7,51.66,56.63,8.254676604732598,4.71830645976308,4.79747346007282,0.0
1657868400,sandy,2022,-1.1252158575654692,0.07916700030973965,7,3,ET0,7,0,51.66,9.447916516172471,4.71830645976308,3.761210175061279,0.0
1657954800,sandy,2022,-0.8262743324499711,0.07916700030973965,7,3,ET0,7,0,51.66,8.968687582898376,4.71830645976308,3.8920321273131093,0.0
1658041200,sandy,2022,-0.5549191958020449,0.07916700030973965,7,3,ET0,7,0,51.66,7.701644419417017,4.71830645976308,4.163387263961035,0.0
1658127600,sandy,2022,-0.29378831110495623,0.07916700030973965,7,3,ET0,7,0,51.66,7.236620092977568,4.71830645976308,4.424518148658124,0.0
1658214000,sandy,2022,-0.04719106128715307,0.07916700030973965,7,3,ET0,7,0,51.66,7.976539558735554,4.71830645976308,4.671115398475927,0.0
1658300400,sandy,2022,0.17866994284150267,0.07916700030973965,7,3,ET0,7,0,51.66,9.031637030513592,4.71830645976308,4.896976402604583,0.0
1658386800,sandy,2022,0.35315995968684827,0.07916700030973965,7,3,ET0,7,58.89,51.66,8.523521442036436,4.71830645976308,5.071466419449928,0.0
1687503600,sandy,2023,-0.5182796207433059,0,7,3,SMARTER,2,0,0,6.420277994663035,4.71830645976308,4.200026839019774,0.0
1687590000,sandy,2023,-0.37625234803521074,-0.5182796207433059,7,3,SMARTER,2,0,0,6.3387606045021405,4.71830645976308,4.34205411172787,0.0
1687676400,sandy,2023,-0.20659089532620162,-0.5182796207433059,7,3,SMARTER,2,1.5620483919411252,0,7.077332335884068,4.71830645976308,4.511715564436878,0.0
1687762800,sandy,2023,-0.10269289943616965,-0.20659089532620162,7,3,SMARTER,2,0,1.5620483919411252,6.229180911248416,4.71830645976308,4.615613560326911,0.0
1687849200,sandy,2023,0.041418998098183155,-0.20659089532620162,7,3,SMARTER,2,3.422374640206368,1.5620483919411252,7.717627618312005,4.71830645976308,4.759725457861263,0.0
1687935600,sandy,2023,0.10624996155546539,0.041418998098183155,7,3,SMARTER,2,0,3.422374640206368,8.190146658736474,4.71830645976308,4.824556421318546,0.0
1688022000,sandy,2023,0.14656261647583468,0.041418998098183155,7,3,SMARTER,2,4.598067818277432,3.422374640206368,2.6534944981591777,4.71830645976308,4.864869076238915,0.0
1688108400,sandy,2023,0.16274443684863427,0.14656261647583468,7,3,SMARTER,2,0,4.598067818277432,7.8119211404442055,4.71830645976308,4.881050896611715,0.0
1688194800,sandy,2023,0.20736182171085185,0.14656261647583468,7,3,SMARTER,2,5.645747720055108,4.598067818277432,2.989408376370308,4.71830645976308,4.925668281473932,0.0
1688281200,sandy,2023,0.11527858824482079,0.20736182171085185,7,3,SMARTER,2,0,5.645747720055108,3.6286065346203205,4.71830645976308,4.833585048007901,0.0
1688367600,sandy,2023,0.22407407884356584,0.20736182171085185,7,3,SMARTER,2,6.434955756514804,5.645747720055108,5.9091258835011,4.71830645976308,4.942380538606646,0.0
1688454000,sandy,2023,0.17156469201994298,0.22407407884356584,7,3,SMARTER,2,0,6.434955756514804,6.621532339824514,4.71830645976308,4.889871151783023,0.0
1688540400,sandy,2023,0.2879178452856279,0.22407407884356584,7,3,SMARTER,2,7.745615657466123,6.434955756514804,6.395412175418061,4.71830645976308,5.0062243050487085,0.0
1688626800,sandy,2023,0.2110862766972132,0.2879178452856279,7,3,SMARTER,2,0,7.745615657466123,7.492344925936937,4.71830645976308,4.929392736460294,5.0
1688713200,sandy,2023,0.24208144444740415,0.2879178452856279,7,3,SMARTER,2,8.15100518494077,7.745615657466123,3.3788724562330463,4.71830645976308,4.960387904210484,0.0
1688799600,sandy,2023,0.11676102603110233,0.24208144444740415,7,3,SMARTER,2,0,8.15100518494077,6.518921569415171,4.71830645976308,4.835067485794182,0.0
1688886000,sandy,2023,0.2673689532640573,0.24208144444740415,7,3,SMARTER,2,9.130124606449513,8.15100518494077,7.0675670514600375,4.71830645976308,4.9856754130271375,0.0
1688972400,sandy,2023,0.14732882541289694,0.2673689532640573,7,3,SMARTER,2,0,9.130124606449513,6.961944041187434,4.71830645976308,4.865635285175977,0.0
1689058800,sandy,2023,0.312625064811779,0.2673689532640573,7,3,SMARTER,2,10.384792581718902,9.130124606449513,7.523781176422247,4.71830645976308,5.030931524574859,0.0
1689145200,sandy,2023,0.17081888557030778,0.312625064811779,7,3,SMARTER,2,0,10.384792581718902,7.806608352298979,4.71830645976308,4.889125345333388,0.0
1689231600,sandy,2023,0.3371729667549881,0.312625064811779,7,3,SMARTER,2,11.56814679558633,10.384792581718902,7.714035948667738,4.71830645976308,5.055479426518068,22.8
1689318000,sandy,2023,-0.4815747100570633,0.3371729667549881,7,3,SMARTER,2,0,11.56814679558633,2.9961159428327533,4.71830645976308,4.236920010383869,0.0
1689404400,sandy,2023,-0.3609644247214974,0.3371729667549881,7,3,SMARTER,2,5.59829178108644,11.56814679558633,5.390782029334142,4.71830645976308,4.357342035041583,0.0
1689490800,sandy,2023,-0.2789837751758208,-0.3609644247214974,7,3,SMARTER,2,0,5.59829178108644,7.1090569971804145,4.71830645976308,4.4393226845872595,0.0
1689577200,sandy,2023,-0.06254671432106014,-0.3609644247214974,7,3,SMARTER,2,7.499575610926319,5.59829178108644,6.608581357186508,4.71830645976308,4.65575974544202,0.0
1689663600,sandy,2023,-0.042752080455914505,-0.06254671432106014,7,3,SMARTER,2,0,7.499575610926319,7.5003116982488045,4.71830645976308,4.675554379307166,0.0
1689750000,sandy,2023,0.1609942873396462,-0.06254671432106014,7,3,SMARTER,2,9.547345484570203,7.499575610926319,7.063404491828016,4.71830645976308,4.879300747102726,0.0
1689836400,sandy,2023,0.098178797147575,0.1609942873396462,7,3,SMARTER,2,0,9.547345484570203,7.949048805371062,4.71830645976308,4.8164852569106555,0.0
1689922800,sandy,2023,0.26187459520211775,0.1609942873396462,7,3,SMARTER,2,11.039131425213856,9.547345484570203,6.202164075023188,4.71830645976308,4.980181054965198,0.0
1687503600,sandy,2023,-0.5182796207433059,0,7,3,SMARTER,1,0,0,6.420277994663035,4.71830645976308,4.200026839019774,0.0
1687590000,sandy,2023,-0.37625234803521074,-0.5182796207433059,7,3,SMARTER,1,0,0,6.3387606045021405,4.71830645976308,4.34205411172787,0.0
1687676400,sandy,2023,-0.20659089532620162,-0.37625234803521074,7,3,SMARTER,1,0.5678574829844591,0,7.077332335884068,4.71830645976308,4.511715564436878,0.0
1687762800,sandy,2023,-0.08227915055572903,-0.20659089532620162,7,3,SMARTER,1,1.1912022447105803,0.5678574829844591,6.229180911248416,4.71830645976308,4.636027309207352,0.0
1687849200,sandy,2023,0.03815526209663142,-0.08227915055572903,7,3,SMARTER,1,2.1487089195669977,1.1912022447105803,7.717627618312005,4.71830645976308,4.756461721859711,0.0
1687935600,sandy,2023,0.12962685701856005,0.03815526209663142,7,3,SMARTER,1,3.1778906550761787,2.1487089195669977,8.190146658736474,4.71830645976308,4.84793331678164,0.0
1688022000,sandy,2023,0.09040011876980518,0.12962685701856005,7,3,SMARTER,1,3.17450384364431,3.1778906550761787,2.6534944981591777,4.71830645976308,4.8087065785328855,0.0
1688108400,sandy,2023,0.1477146587129531,0.09040011876980518,7,3,SMARTER,1,4.018849599385205,3.17450384364431,7.8119211404442055,4.71830645976308,4.866021118476033,0.0
1688194800,sandy,2023,0.08717184522347524,0.1477146587129531,7,3,SMARTER,1,3.8565654406292857,4.018849599385205,2.989408376370308,4.71830645976308,4.805478304986555,0.0
1688281200,sandy,2023,0.04681272310463173,0.08717184522347524,7,3,SMARTER,1,3.714489755111276,3.8565654406292857,3.6286065346203205,4.71830645976308,4.765119182867712,0.0
1688367600,sandy,2023,0.0674358474113101,0.04681272310463173,7,3,SMARTER,1,4.061159167491955,3.714489755111276,5.9091258835011,4.71830645976308,4.785742307174391,0.0
1688454000,sandy,2023,0.09680967725337399,0.0674358474113101,7,3,SMARTER,1,4.557205008146525,4.061159167491955,6.621532339824514,4.71830645976308,4.815116137016454,0.0
1688540400,sandy,2023,0.10474953581191752,0.09680967725337399,7,3,SMARTER,1,4.927032625492082,4.557205008146525,6.395412175418061,4.71830645976308,4.823055995574998,0.0
1688626800,sandy,2023,0.12924360512924007,0.10474953581191752,7,3,SMARTER,1,5.48622192610106,4.927032625492082,7.492344925936937,4.71830645976308,4.84755006489232,5.0
1688713200,sandy,2023,-0.013730732872361692,0.12924360512924007,7,3,SMARTER,1,4.444209361472763,5.48622192610106,3.3788724562330463,4.71830645976308,4.7045757268907185,0.0
1688799600,sandy,2023,-0.0019806943357245613,-0.013730732872361692,7,3,SMARTER,1,4.520517548222049,4.444209361472763,6.518921569415171,4.71830645976308,4.716325765427356,0.0
1688886000,sandy,2023,0.044704785929227234,-0.0019806943357245613,7,3,SMARTER,1,4.981430267864393,4.520517548222049,7.0675670514600375,4.71830645976308,4.763011245692307,0.0
1688972400,sandy,2023,0.07535198589206674,0.044704785929227234,7,3,SMARTER,1,5.42201662528047,4.981430267864393,6.961944041187434,4.71830645976308,4.793658445655147,0.0
1689058800,sandy,2023,0.10725355223734971,0.07535198589206674,7,3,SMARTER,1,5.9670882464095,5.42201662528047,7.523781176422247,4.71830645976308,4.82556001200043,0.0
1689145200,sandy,2023,0.12505240157447606,0.10725355223734971,7,3,SMARTER,1,6.466837396492813,5.9670882464095,7.806608352298979,4.71830645976308,4.843358861337556,0.0
1689231600,sandy,2023,0.11962897021236912,0.12505240157447606,7,3,SMARTER,1,6.787760287595171,6.466837396492813,7.714035948667738,4.71830645976308,4.83793542997545,22.8
1689318000,sandy,2023,-0.5469894648255315,0.11962897021236912,7,3,SMARTER,1,0.4804628478532731,6.787760287595171,2.9961159428327533,4.71830645976308,4.171316994937549,0.0
1689404400,sandy,2023,-0.4237037826309478,-0.5469894648255315,7,3,SMARTER,1,0,0.4804628478532731,5.390782029334142,4.71830645976308,4.294602677132133,0.0
1689490800,sandy,2023,-0.17555002212431603,-0.4237037826309478,7,3,SMARTER,1,1.2104262571734745,0,7.1090569971804145,4.71830645976308,4.542756437638764,0.0
1689577200,sandy,2023,0.0003789796248935629,-0.17555002212431603,7,3,SMARTER,1,2.4430662082926218,1.2104262571734745,6.608581357186508,4.71830645976308,4.718685439387974,0.0
1689663600,sandy,2023,0.14717020618134807,0.0003789796248935629,7,3,SMARTER,1,3.9121154127318474,2.4430662082926218,7.5003116982488045,4.71830645976308,4.865476665944429,0.0
1689750000,sandy,2023,0.22095913883333335,0.14717020618134807,7,3,SMARTER,1,5.091515357795744,3.9121154127318474,7.063404491828016,4.71830645976308,4.939265598596414,0.0
1689836400,sandy,2023,0.2789931488824948,0.22095913883333335,7,3,SMARTER,1,6.33473287478736,5.091515357795744,7.949048805371062,4.71830645976308,4.997299608645575,0.0
1689922800,sandy,2023,0.24396758246602956,0.2789931488824948,7,3,SMARTER,1,6.821456657270192,6.33473287478736,6.202164075023188,4.71830645976308,4.96227404222911,0.0
1687503600,sandy,2023,-0.5182796207433059,0,7,3,SMARTER,3,0,0,6.420277994663035,4.71830645976308,4.200026839019774,0.0
1687590000,sandy,2023,-0.37625234803521074,-0.5182796207433059,7,3,SMARTER,3,0,0,6.3387606045021405,4.71830645976308,4.34205411172787,0.0
1687676400,sandy,2023,-0.20659089532620162,-0.5182796207433059,7,3,SMARTER,3,0,0,7.077332335884068,4.71830645976308,4.511715564436878,0.0
1687762800,sandy,2023,-0.07252202383654753,-0.5182796207433059,7,3,SMARTER,3,2.902737106837666,0,6.229180911248416,4.71830645976308,4.645784435926533,0.0
1687849200,sandy,2023,0.012549430115064764,-0.07252202383654753,7,3,SMARTER,3,0,2.902737106837666,7.717627618312005,4.71830645976308,4.730855889878145,0.0
1687935600,sandy,2023,0.14778664448937076,-0.07252202383654753,7,3,SMARTER,3,0,2.902737106837666,8.190146658736474,4.71830645976308,4.866093104252451,0.0
1688022000,sandy,2023,0.1878016078426158,-0.07252202383654753,7,3,SMARTER,3,5.288407352119656,2.902737106837666,2.6534944981591777,4.71830645976308,4.906108067605696,0.0
1688108400,sandy,2023,0.1851942685280127,0.1878016078426158,7,3,SMARTER,3,0,5.288407352119656,7.8119211404442055,4.71830645976308,4.9035007282910925,0.0
1688194800,sandy,2023,0.2286384567012108,0.1878016078426158,7,3,SMARTER,3,0,5.288407352119656,2.989408376370308,4.71830645976308,4.946944916464291,0.0
1688281200,sandy,2023,0.28357057475062236,0.1878016078426158,7,3,SMARTER,3,6.80950184472757,5.288407352119656,3.6286065346203205,4.71830645976308,5.0018770345137025,0.0
1688367600,sandy,2023,0.19835995204634743,0.28357057475062236,7,3,SMARTER,3,0,6.80950184472757,5.9091258835011,4.71830645976308,4.916666411809428,0.0
1688454000,sandy,2023,0.31288259376599137,0.28357057475062236,7,3,SMARTER,3,0,6.80950184472757,6.621532339824514,4.71830645976308,5.031189053529071,0.0
1688540400,sandy,2023,0.4089710144676925,0.28357057475062236,7,3,SMARTER,3,8.914217966150138,6.80950184472757,6.395412175418061,4.71830645976308,5.127277474230773,0.0
1688626800,sandy,2023,0.2845689459350691,0.4089710144676925,7,3,SMARTER,3,0,8.914217966150138,7.492344925936937,4.71830645976308,5.002875405698149,5.0
1688713200,sandy,2023,0.31284959190695294,0.4089710144676925,7,3,SMARTER,3,0,8.914217966150138,3.3788724562330463,4.71830645976308,5.031156051670033,0.0
1688799600,sandy,2023,0.40781171588796405,0.4089710144676925,7,3,SMARTER,3,10.12953802375593,8.914217966150138,6.518921569415171,4.71830645976308,5.126118175651044,0.0
1688886000,sandy,2023,0.2317104344777796,0.40781171588796405,7,3,SMARTER,3,0,10.12953802375593,7.0675670514600375,4.71830645976308,4.95001689424086,0.0
1688972400,sandy,2023,0.3675399751844849,0.40781171588796405,7,3,SMARTER,3,0,10.12953802375593,6.961944041187434,4.71830645976308,5.085846434947565,0.0
1689058800,sandy,2023,0.4922935908664738,0.40781171588796405,7,3,SMARTER,3,12.19779192120492,10.12953802375593,7.523781176422247,4.71830645976308,5.210600050629554,0.0
1689145200,sandy,2023,0.26167911423548407,0.4922935908664738,7,3,SMARTER,3,0,12.19779192120492,7.806608352298979,4.71830645976308,4.979985573998564,0.0
1689231600,sandy,2023,0.4134868274965294,0.4922935908664738,7,3,SMARTER,3,0,12.19779192120492,7.714035948667738,4.71830645976308,5.13179328725961,22.8
1689318000,sandy,2023,0.030544506068384658,0.4922935908664738,7,3,SMARTER,3,9.05718184582345,12.19779192120492,2.9961159428327533,4.71830645976308,4.748850965831465,0.0
1689404400,sandy,2023,-0.17596724843246944,0.030544506068384658,7,3,SMARTER,3,0,9.05718184582345,5.390782029334142,4.71830645976308,4.542339211330611,0.0
1689490800,sandy,2023,0.00854397679442337,0.030544506068384658,7,3,SMARTER,3,0,9.05718184582345,7.1090569971804145,4.71830645976308,4.726850436557504,0.0
1689577200,sandy,2023,0.18064299315865406,0.030544506068384658,7,3,SMARTER,3,10.649800234931298,9.05718184582345,6.608581357186508,4.71830645976308,4.898949452921734,0.0
1689663600,sandy,2023,0.051733135204119235,0.18064299315865406,7,3,SMARTER,3,0,10.649800234931298,7.5003116982488045,4.71830645976308,4.7700395949672,0.0
1689750000,sandy,2023,0.23971829371192932,0.18064299315865406,7,3,SMARTER,3,0,10.649800234931298,7.063404491828016,4.71830645976308,4.9580247534750095,0.0
1689836400,sandy,2023,0.4212025663892259,0.18064299315865406,7,3,SMARTER,3,13.597324946712979,10.649800234931298,7.949048805371062,4.71830645976308,5.139509026152306,0.0
1689922800,sandy,2023,0.12866346944843082,0.4212025663892259,7,3,SMARTER,3,0,13.597324946712979,6.202164075023188,4.71830645976308,4.846969929211511,0.0
1687503600,sandy,2023,-0.5182796207433059,0,7,3,SMARTER,7,0,0,6.420277994663035,4.71830645976308,4.200026839019774,0.0
1687590000,sandy,2023,-0.37625234803521074,-0.5182796207433059,7,3,SMARTER,7,0,0,6.3387606045021405,4.71830645976308,4.34205411172787,0.0
1687676400,sandy,2023,-0.20659089532620162,-0.5182796207433059,7,3,SMARTER,7,0,0,7.077332335884068,4.71830645976308,4.511715564436878,0.0
1687762800,sandy,2023,-0.07252202383654753,-0.5182796207433059,7,3,SMARTER,7,0,0,6.229180911248416,4.71830645976308,4.645784435926533,0.0
1687849200,sandy,2023,0.06710905766660423,-0.5182796207433059,7,3,SMARTER,7,0,0,7.717627618312005,4.71830645976308,4.785415517429684,0.0
1687935600,sandy,2023,0.19332770877772298,-0.5182796207433059,7,3,SMARTER,7,0,0,8.190146658736474,4.71830645976308,4.911634168540803,0.0
1688022000,sandy,2023,0.22915848335995273,-0.5182796207433059,7,3,SMARTER,7,0,0,2.6534944981591777,4.71830645976308,4.947464943123033,0.0
1688108400,sandy,2023,0.3335085529666218,-0.5182796207433059,7,3,SMARTER,7,6.963042874869361,0,7.8119211404442055,4.71830645976308,5.051815012729702,0.0
1688194800,sandy,2023,0.19147731037004365,0.3335085529666218,7,3,SMARTER,7,0,6.963042874869361,2.989408376370308,4.71830645976308,4.9097837701331235,0.0
1688281200,sandy,2023,0.24782136095092092,0.3335085529666218,7,3,SMARTER,7,0,6.963042874869361,3.6286065346203205,4.71830645976308,4.966127820714001,0.0
1688367600,sandy,2023,0.3393909837274618,0.3335085529666218,7,3,SMARTER,7,0,6.963042874869361,5.9091258835011,4.71830645976308,5.057697443490542,0.0
1688454000,sandy,2023,0.4334146763566221,0.3335085529666218,7,3,SMARTER,7,0,6.963042874869361,6.621532339824514,4.71830645976308,5.151721136119702,0.0
1688540400,sandy,2023,0.5141474606574319,0.3335085529666218,7,3,SMARTER,7,0,6.963042874869361,6.395412175418061,4.71830645976308,5.232453920420512,0.0
1688626800,sandy,2023,0.5985367374051728,0.3335085529666218,7,3,SMARTER,7,0,6.963042874869361,7.492344925936937,4.71830645976308,5.316843197168253,5.0
1688713200,sandy,2023,0.631641683582551,0.3335085529666218,7,3,SMARTER,7,10.944899839928517,6.963042874869361,3.3788724562330463,4.71830645976308,5.349948143345632,0.0
1688799600,sandy,2023,0.3516758967801268,0.631641683582551,7,3,SMARTER,7,0,10.944899839928517,6.518921569415171,4.71830645976308,5.069982356543207,0.0
1688886000,sandy,2023,0.46795423574596773,0.631641683582551,7,3,SMARTER,7,0,10.944899839928517,7.0675670514600375,4.71830645976308,5.186260695509048,0.0
1688972400,sandy,2023,0.5647176265931814,0.631641683582551,7,3,SMARTER,7,0,10.944899839928517,6.961944041187434,4.71830645976308,5.283024086356262,0.0
1689058800,sandy,2023,0.6579346400595713,0.631641683582551,7,3,SMARTER,7,0,10.944899839928517,7.523781176422247,4.71830645976308,5.376241099822652,0.0
1689145200,sandy,2023,0.7396791357566652,0.631641683582551,7,3,SMARTER,7,0,10.944899839928517,7.806608352298979,4.71830645976308,5.457985595519745,0.0
1689231600,sandy,2023,0.8081969393686039,0.631641683582551,7,3,SMARTER,7,0,10.944899839928517,7.714035948667738,4.71830645976308,5.526503399131684,22.8
1689318000,sandy,2023,0.47017822240833607,0.631641683582551,7,3,SMARTER,7,11.22519027893402,10.944899839928517,2.9961159428327533,4.71830645976308,5.188484682171416,0.0
1689404400,sandy,2023,0.08187335995235016,0.47017822240833607,7,3,SMARTER,7,0,11.22519027893402,5.390782029334142,4.71830645976308,4.800179819715431,0.0
1689490800,sandy,2023,0.21568691386274916,0.47017822240833607,7,3,SMARTER,7,0,11.22519027893402,7.1090569971804145,4.71830645976308,4.933993373625829,0.0
1689577200,sandy,2023,0.3532583149778049,0.47017822240833607,7,3,SMARTER,7,0,11.22519027893402,6.608581357186508,4.71830645976308,5.071564774740885,0.0
1689663600,sandy,2023,0.4988392466047143,0.47017822240833607,7,3,SMARTER,7,0,11.22519027893402,7.5003116982488045,4.71830645976308,5.217145706367795,0.0
1689750000,sandy,2023,0.6187182052107628,0.47017822240833607,7,3,SMARTER,7,0,11.22519027893402,7.063404491828016,4.71830645976308,5.3370246649738435,0.0
1689836400,sandy,2023,0.7373413037396072,0.47017822240833607,7,3,SMARTER,7,0,11.22519027893402,7.949048805371062,4.71830645976308,5.455647763502688,0.0
1689922800,sandy,2023,0.8158020736994285,0.47017822240833607,7,3,SMARTER,7,16.09196345906995,11.22519027893402,6.202164075023188,4.71830645976308,5.534108533462509,0.0
1687503600,sandy,2023,-0.5182796207433059,0,7,3,ET0,2,6.42,0,6.420277994663035,4.71830645976308,4.200026839019774,0.0
1687590000,sandy,2023,-0.5439491935832576,-0.5182796207433059,7,3,ET0,2,0,6.42,6.3387606045021405,4.71830645976308,4.174357266179823,0.0
1687676400,sandy,2023,-0.37105898760334766,-0.5182796207433059,7,3,ET0,2,13.42,6.42,7.077332335884068,4.71830645976308,4.347247472159733,0.0
1687762800,sandy,2023,-0.5753912673083525,-0.37105898760334766,7,3,ET0,2,0,13.42,6.229180911248416,4.71830645976308,4.142915192454728,0.0
1687849200,sandy,2023,-0.38451444188222866,-0.37105898760334766,7,3,ET0,2,13.95,13.42,7.717627618312005,4.71830645976308,4.333792017880851,0.0
1687935600,sandy,2023,-0.560129587388129,-0.38451444188222866,7,3,ET0,2,0,13.95,8.190146658736474,4.71830645976308,4.158176872374951,0.0
1688022000,sandy,2023,-0.4944371014691686,-0.38451444188222866,7,3,ET0,2,10.84,13.95,2.6534944981591777,4.71830645976308,4.2238693582939115,0.0
1688108400,sandy,2023,-0.5804273233495515,-0.4944371014691686,7,3,ET0,2,0,10.84,7.8119211404442055,4.71830645976308,4.137879136413528,0.0
1688194800,sandy,2023,-0.5034133729623891,-0.4944371014691686,7,3,ET0,2,10.8,10.84,2.989408376370308,4.71830645976308,4.214893086800691,0.0
1688281200,sandy,2023,-0.6859663131581831,-0.5034133729623891,7,3,ET0,2,0,10.8,3.6286065346203205,4.71830645976308,4.032340146604897,0.0
1688367600,sandy,2023,-0.5169708644116201,-0.5034133729623891,7,3,ET0,2,9.54,10.8,5.9091258835011,4.71830645976308,4.20133559535146,0.0
1688454000,sandy,2023,-0.5725777059083457,-0.5169708644116201,7,3,ET0,2,0,9.54,6.621532339824514,4.71830645976308,4.145728753854734,0.0
1688540400,sandy,2023,-0.38958669665473555,-0.5169708644116201,7,3,ET0,2,13.02,9.54,6.395412175418061,4.71830645976308,4.328719763108345,0.0
1688626800,sandy,2023,-0.5306302901243317,-0.38958669665473555,7,3,ET0,2,0,13.02,7.492344925936937,4.71830645976308,4.187676169638748,5.0
1688713200,sandy,2023,-0.4920716392383798,-0.38958669665473555,7,3,ET0,2,10.87,13.02,3.3788724562330463,4.71830645976308,4.2262348205247005,0.0
1688799600,sandy,2023,-0.6154411033014353,-0.4920716392383798,7,3,ET0,2,0,10.87,6.518921569415171,4.71830645976308,4.102865356461645,0.0
1688886000,sandy,2023,-0.40013547255059634,-0.4920716392383798,7,3,ET0,2,13.59,10.87,7.0675670514600375,4.71830645976308,4.318170987212484,0.0
1688972400,sandy,2023,-0.5617412453968552,-0.40013547255059634,7,3,ET0,2,0,13.59,6.961944041187434,4.71830645976308,4.156565214366225,0.0
1689058800,sandy,2023,-0.32852592609825676,-0.40013547255059634,7,3,ET0,2,14.49,13.59,7.523781176422247,4.71830645976308,4.3897805336648235,0.0
1689145200,sandy,2023,-0.49706669821079025,-0.32852592609825676,7,3,ET0,2,0,14.49,7.806608352298979,4.71830645976308,4.22123976155229,0.0
1689231600,sandy,2023,-0.2643986365731844,-0.32852592609825676,7,3,ET0,2,15.52,14.49,7.714035948667738,4.71830645976308,4.453907823189896,22.8
1689318000,sandy,2023,-1.117899487756694,-0.2643986365731844,7,3,ET0,2,0,15.52,2.9961159428327533,4.71830645976308,3.6311593874050407,0.0
1689404400,sandy,2023,-0.9359392611234643,-0.2643986365731844,7,3,ET0,2,8.39,15.52,5.390782029334142,4.71830645976308,3.782367198639616,0.0
1689490800,sandy,2023,-0.8738927478380635,-0.9359392611234643,7,3,ET0,2,0,8.39,7.1090569971804145,4.71830645976308,3.8444137119250166,0.0
1689577200,sandy,2023,-0.6244137377075687,-0.9359392611234643,7,3,ET0,2,13.72,8.39,6.608581357186508,4.71830645976308,4.093892722055512,0.0
1689663600,sandy,2023,-0.7193644952585412,-0.6244137377075687,7,3,ET0,2,0,13.72,7.5003116982488045,4.71830645976308,3.998941964504539,0.0
1689750000,sandy,2023,-0.4679963808865578,-0.6244137377075687,7,3,ET0,2,14.56,13.72,7.063404491828016,4.71830645976308,4.250310078876522,0.0
1689836400,sandy,2023,-0.5977791654947014,-0.4679963808865578,7,3,ET0,2,0,14.56,7.949048805371062,4.71830645976308,4.120527294268379,0.0
1689922800,sandy,2023,-0.3867252554169833,-0.4679963808865578,7,3,ET0,2,14.15,14.56,6.202164075023188,4.71830645976308,4.331581204346097,0.0
1687503600,sandy,2023,-0.5182796207433059,0,7,3,ET0,1,6.42,0,6.420277994663035,4.71830645976308,4.200026839019774,0.0
1687590000,sandy,2023,-0.5439491935832576,-0.5182796207433059,7,3,ET0,1,6.34,6.42,6.3387606045021405,4.71830645976308,4.174357266179823,0.0
1687676400,sandy,2023,-0.5362409741203457,-0.5439491935832576,7,3,ET0,1,7.08,6.34,7.077332335884068,4.71830645976308,4.182065485642735,0.0
1687762800,sandy,2023,-0.5664072426897164,-0.5362409741203457,7,3,ET0,1,6.23,7.08,6.229180911248416,4.71830645976308,4.151899217073364,0.0
1687849200,sandy,2023,-0.5365971515034111,-0.5664072426897164,7,3,ET0,1,7.72,6.23,7.717627618312005,4.71830645976308,4.181709308259669,0.0
1687935600,sandy,2023,-0.5377314952637147,-0.5365971515034111,7,3,ET0,1,8.19,7.72,8.190146658736474,4.71830645976308,4.180574964499366,0.0
1688022000,sandy,2023,-0.687334457822581,-0.5377314952637147,7,3,ET0,1,2.65,8.19,2.6534944981591777,4.71830645976308,4.0309720019404995,0.0
1688108400,sandy,2023,-0.55039759163483,-0.687334457822581,7,3,ET0,1,7.81,2.65,7.8119211404442055,4.71830645976308,4.16790886812825,0.0
1688194800,sandy,2023,-0.6729626856453038,-0.55039759163483,7,3,ET0,1,2.99,7.81,2.989408376370308,4.71830645976308,4.045343774117776,0.0
1688281200,sandy,2023,-0.647154784392474,-0.6729626856453038,7,3,ET0,1,3.63,2.99,3.6286065346203205,4.71830645976308,4.071151675370606,0.0
1688367600,sandy,2023,-0.566228088723061,-0.647154784392474,7,3,ET0,1,5.91,3.63,5.9091258835011,4.71830645976308,4.1520783710400195,0.0
1688454000,sandy,2023,-0.5272190276177758,-0.566228088723061,7,3,ET0,1,6.62,5.91,6.621532339824514,4.71830645976308,4.191087432145304,0.0
1688540400,sandy,2023,-0.5224250807845441,-0.5272190276177758,7,3,ET0,1,6.4,6.62,6.395412175418061,4.71830645976308,4.1958813789785365,0.0
1688626800,sandy,2023,-0.47971042393485375,-0.5224250807845441,7,3,ET0,1,7.49,6.4,7.492344925936937,4.71830645976308,4.238596035828227,5.0
1688713200,sandy,2023,-0.6548023837174428,-0.47971042393485375,7,3,ET0,1,3.38,7.49,3.3788724562330463,4.71830645976308,4.063504076045637,0.0
1688799600,sandy,2023,-0.5635616083330961,-0.6548023837174428,7,3,ET0,1,6.52,3.38,6.518921569415171,4.71830645976308,4.154744851429984,0.0
1688886000,sandy,2023,-0.519228665892936,-0.5635616083330961,7,3,ET0,1,7.07,6.52,7.0675670514600375,4.71830645976308,4.199077793870144,0.0
1688972400,sandy,2023,-0.49912823508214627,-0.519228665892936,7,3,ET0,1,6.96,7.07,6.961944041187434,4.71830645976308,4.219178224680934,0.0
1689058800,sandy,2023,-0.45749972684409085,-0.49912823508214627,7,3,ET0,1,7.52,6.96,7.523781176422247,4.71830645976308,4.260806732918989,0.0
1689145200,sandy,2023,-0.42725519740930135,-0.45749972684409085,7,3,ET0,1,7.81,7.52,7.806608352298979,4.71830645976308,4.291051262353779,0.0
1689231600,sandy,2023,-0.41289418248717835,-0.42725519740930135,7,3,ET0,1,7.71,7.81,7.714035948667738,4.71830645976308,4.305412277275902,22.8
1689318000,sandy,2023,-1.0547545760157278,-0.41289418248717835,7,3,ET0,1,3.0,7.71,2.9961159428327533,4.71830645976308,3.674694244630665,0.0
1689404400,sandy,2023,-0.9497118216242318,-1.0547545760157278,7,3,ET0,1,5.39,3.0,5.390782029334142,4.71830645976308,3.768594638138848,0.0
1689490800,sandy,2023,-0.8125109557112223,-0.9497118216242318,7,3,ET0,1,7.11,5.39,7.1090569971804145,4.71830645976308,3.905795504051858,0.0
1689577200,sandy,2023,-0.7531552939615959,-0.8125109557112223,7,3,ET0,1,6.61,7.11,6.608581357186508,4.71830645976308,3.965151165801484,0.0
1689663600,sandy,2023,-0.6544247568207063,-0.7531552939615959,7,3,ET0,1,7.5,6.61,7.5003116982488045,4.71830645976308,4.063881702942374,0.0
1689750000,sandy,2023,-0.6090640922634339,-0.6544247568207063,7,3,ET0,1,7.06,7.5,7.063404491828016,4.71830645976308,4.109242367499646,0.0
1689836400,sandy,2023,-0.5246296480139007,-0.6090640922634339,7,3,ET0,1,7.95,7.06,7.949048805371062,4.71830645976308,4.19367681174918,0.0
1689922800,sandy,2023,-0.5352083579382328,-0.5246296480139007,7,3,ET0,1,6.2,7.95,6.202164075023188,4.71830645976308,4.183098101824847,0.0
1687503600,sandy,2023,-0.5182796207433059,0,7,3,ET0,3,6.42,0,6.420277994663035,4.71830645976308,4.200026839019774,0.0
1687590000,sandy,2023,-0.5439491935832576,-0.5182796207433059,7,3,ET0,3,0,6.42,6.3387606045021405,4.71830645976308,4.174357266179823,0.0
1687676400,sandy,2023,-0.37105898760334766,-0.5182796207433059,7,3,ET0,3,0,6.42,7.077332335884068,4.71830645976308,4.347247472159733,0.0
1687762800,sandy,2023,-0.21582968426057267,-0.5182796207433059,7,3,ET0,3,19.65,6.42,6.229180911248416,4.71830645976308,4.502476775502507,0.0
1687849200,sandy,2023,-0.5826601013287667,-0.21582968426057267,7,3,ET0,3,0,19.65,7.717627618312005,4.71830645976308,4.135646358434314,0.0
1687935600,sandy,2023,-0.382252044110199,-0.21582968426057267,7,3,ET0,3,0,19.65,8.190146658736474,4.71830645976308,4.336054415652881,0.0
1688022000,sandy,2023,-0.30842006004751316,-0.21582968426057267,7,3,ET0,3,18.56,19.65,2.6534944981591777,4.71830645976308,4.4098863997155675,0.0
1688108400,sandy,2023,-0.625926820690349,-0.30842006004751316,7,3,ET0,3,0,18.56,7.8119211404442055,4.71830645976308,4.0923835618183,0.0
1688194800,sandy,2023,-0.548674446159027,-0.30842006004751316,7,3,ET0,3,0,18.56,2.989408376370308,4.71830645976308,4.169632013604053,0.0
1688281200,sandy,2023,-0.442941300605441,-0.30842006004751316,7,3,ET0,3,14.43,18.56,3.6286065346203205,4.71830645976308,4.275365159157639,0.0
1688367600,sandy,2023,-0.6613243402735932,-0.442941300605441,7,3,ET0,3,0,14.43,5.9091258835011,4.71830645976308,4.056982119489487,0.0
1688454000,sandy,2023,-0.47065506257219397,-0.442941300605441,7,3,ET0,3,0,14.43,6.621532339824514,4.71830645976308,4.247651397190887,0.0
1688540400,sandy,2023,-0.2818700926892798,-0.442941300605441,7,3,ET0,3,18.93,14.43,6.395412175418061,4.71830645976308,4.4364363670738,0.0
1688626800,sandy,2023,-0.6006222111259166,-0.2818700926892798,7,3,ET0,3,0,18.93,7.492344925936937,4.71830645976308,4.117684248637164,5.0
1688713200,sandy,2023,-0.5645310957719024,-0.2818700926892798,7,3,ET0,3,0,18.93,3.3788724562330463,4.71830645976308,4.153775363991178,0.0
1688799600,sandy,2023,-0.380354952306033,-0.2818700926892798,7,3,ET0,3,17.39,18.93,6.518921569415171,4.71830645976308,4.337951507457047,0.0
1688886000,sandy,2023,-0.650426761400663,-0.380354952306033,7,3,ET0,3,0,17.39,7.0675670514600375,4.71830645976308,4.067879698362417,0.0
1688972400,sandy,2023,-0.4370883711986341,-0.380354952306033,7,3,ET0,3,0,17.39,6.961944041187434,4.71830645976308,4.281218088564446,0.0
1689058800,sandy,2023,-0.1962125205165282,-0.380354952306033,7,3,ET0,3,21.55,17.39,7.523781176422247,4.71830645976308,4.5220939392465525,0.0
1689145200,sandy,2023,-0.5881423906685496,-0.1962125205165282,7,3,ET0,3,0,21.55,7.806608352298979,4.71830645976308,4.130969856304477,0.0
1689231600,sandy,2023,-0.3536401642959562,-0.1962125205165282,7,3,ET0,3,0,21.55,7.714035948667738,4.71830645976308,4.364666295467124,22.8
1689318000,sandy,2023,-0.7444047548113486,-0.1962125205165282,7,3,ET0,3,18.52,21.55,2.9961159428327533,4.71830645976308,3.973901704951732,0.0
1689404400,sandy,2023,-1.0876861798221849,-0.7444047548113486,7,3,ET0,3,0,18.52,5.390782029334142,4.71830645976308,3.6525764498309057,0.0
1689490800,sandy,2023,-0.8227968554370064,-0.7444047548113486,7,3,ET0,3,0,18.52,7.1090569971804145,4.71830645976308,3.8955096043260737,0.0
1689577200,sandy,2023,-0.5636571399316928,-0.7444047548113486,7,3,ET0,3,19.11,18.52,6.608581357186508,4.71830645976308,4.154649319831387,0.0
1689663600,sandy,2023,-0.8119012566234082,-0.5636571399316928,7,3,ET0,3,0,19.11,7.5003116982488045,4.71830645976308,3.907064057676912,0.0
1689750000,sandy,2023,-0.5590091601214251,-0.5636571399316928,7,3,ET0,3,0,19.11,7.063404491828016,4.71830645976308,4.159297299641655,0.0
1689836400,sandy,2023,-0.2669413217687285,-0.5636571399316928,7,3,ET0,3,22.51,19.11,7.949048805371062,4.71830645976308,4.451365137994352,0.0
1689922800,sandy,2023,-0.7109587338905723,-0.2669413217687285,7,3,ET0,3,0,22.51,6.202164075023188,4.71830645976308,4.010528844345672,0.0
1687503600,sandy,2023,-0.5182796207433059,0,7,3,ET0,7,6.42,0,6.420277994663035,4.71830645976308,4.200026839019774,0.0
1687590000,sandy,2023,-0.5439491935832576,-0.5182796207433059,7,3,ET0,7,0,6.42,6.3387606045021405,4.71830645976308,4.174357266179823,0.0
1687676400,sandy,2023,-0.37105898760334766,-0.5182796207433059,7,3,ET0,7,0,6.42,7.077332335884068,4.71830645976308,4.347247472159733,0.0
1687762800,sandy,2023,-0.21582968426057267,-0.5182796207433059,7,3,ET0,7,0,6.42,6.229180911248416,4.71830645976308,4.502476775502507,0.0
1687849200,sandy,2023,-0.05493053749477931,-0.5182796207433059,7,3,ET0,7,0,6.42,7.717627618312005,4.71830645976308,4.663375922268301,0.0
1687935600,sandy,2023,0.08864585272366853,-0.5182796207433059,7,3,ET0,7,0,6.42,8.190146658736474,4.71830645976308,4.806952312486748,0.0
1688022000,sandy,2023,0.1311021028385921,-0.5182796207433059,7,3,ET0,7,0,6.42,2.6534944981591777,4.71830645976308,4.849408562601672,0.0
1688108400,sandy,2023,0.24869128284168154,-0.5182796207433059,7,3,ET0,7,46.02,6.42,7.8119211404442055,4.71830645976308,4.966997742604762,0.0
1688194800,sandy,2023,-1.002630377052859,0.24869128284168154,7,3,ET0,7,0,46.02,2.989408376370308,4.71830645976308,3.8311072459731936,0.0
1688281200,sandy,2023,-0.8958676867220177,0.24869128284168154,7,3,ET0,7,0,46.02,3.6286065346203205,4.71830645976308,3.8224387730410627,0.0
1688367600,sandy,2023,-0.7165698486926714,0.24869128284168154,7,3,ET0,7,0,46.02,5.9091258835011,4.71830645976308,4.001736611070409,0.0
1688454000,sandy,2023,-0.5049083328786174,0.24869128284168154,7,3,ET0,7,0,46.02,6.621532339824514,4.71830645976308,4.213398126884463,0.0
1688540400,sandy,2023,-0.30722568482379664,0.24869128284168154,7,3,ET0,7,0,46.02,6.395412175418061,4.71830645976308,4.4110807749392835,0.0
1688626800,sandy,2023,-0.11281459878600684,0.24869128284168154,7,3,ET0,7,0,46.02,7.492344925936937,4.71830645976308,4.605491860977073,5.0
1688713200,sandy,2023,-0.04533589545260357,0.24869128284168154,7,3,ET0,7,36.42,46.02,3.3788724562330463,4.71830645976308,4.672970564310477,0.0
1688799600,sandy,2023,-0.9615993389190356,-0.04533589545260357,7,3,ET0,7,0,36.42,6.518921569415171,4.71830645976308,3.8184826395965863,0.0
1688886000,sandy,2023,-0.7403227731789465,-0.04533589545260357,7,3,ET0,7,0,36.42,7.0675670514600375,4.71830645976308,3.9779836865841336,0.0
1688972400,sandy,2023,-0.5094522943144562,-0.04533589545260357,7,3,ET0,7,0,36.42,6.961944041187434,4.71830645976308,4.208854165448624,0.0
1689058800,sandy,2023,-0.25999270370827204,-0.04533589545260357,7,3,ET0,7,0,36.42,7.523781176422247,4.71830645976308,4.4583137560548085,0.0
1689145200,sandy,2023,-0.047061206501176296,-0.04533589545260357,7,3,ET0,7,0,36.42,7.806608352298979,4.71830645976308,4.671245253261904,0.0
1689231600,sandy,2023,0.12760613736114645,-0.04533589545260357,7,3,ET0,7,0,36.42,7.714035948667738,4.71830645976308,4.845912597124227,22.8
1689318000,sandy,2023,-0.19949226333909753,-0.04533589545260357,7,3,ET0,7,46.59,36.42,2.9961159428327533,4.71830645976308,4.518814196423983,0.0
1689404400,sandy,2023,-1.3958407735611065,-0.19949226333909753,7,3,ET0,7,0,46.59,5.390782029334142,4.71830645976308,3.5257781449587497,0.0
1689490800,sandy,2023,-1.140391627465076,-0.19949226333909753,7,3,ET0,7,0,46.59,7.1090569971804145,4.71830645976308,3.577914832298004,0.0
1689577200,sandy,2023,-0.8808900277751218,-0.19949226333909753,7,3,ET0,7,0,46.59,6.608581357186508,4.71830645976308,3.8374164319879585,0.0
1689663600,sandy,2023,-0.5764101296539934,-0.19949226333909753,7,3,ET0,7,0,46.59,7.5003116982488045,4.71830645976308,4.141896330109087,0.0
1689750000,sandy,2023,-0.31054248862389977,-0.19949226333909753,7,3,ET0,7,0,46.59,7.063404491828016,4.71830645976308,4.407763971139181,0.0
1689836400,sandy,2023,-0.07190083334817156,-0.19949226333909753,7,3,ET0,7,0,46.59,7.949048805371062,4.71830645976308,4.646405626414909,0.0
1689922800,sandy,2023,0.08033202241565494,-0.19949226333909753,7,3,ET0,7,47.82,46.59,6.202164075023188,4.71830645976308,4.798638482178736,0.0
1719126000,sandy,2024,-0.6661195040992536,0,7,3,SMARTER,2,0,0,1.6632265501860408,4.71830645976308,4.052186955663827,1.7999999999999998
1719212400,sandy,2024,-0.7534247343760541,-0.6661195040992536,7,3,SMARTER,2,0,0,1.5856569477409397,4.71830645976308,3.964881725387026,5.8
1719298800,sandy,2024,-0.8197174026101838,-0.6661195040992536,7,3,SMARTER,2,0,0,1.6430199437714739,4.71830645976308,3.8985890571528965,12.6
1719385200,sandy,2024,-0.9340528238009618,-0.8197174026101838,7,3,SMARTER,2,0,0,3.7360647761286776,4.71830645976308,3.7842536359621186,1.0
1719471600,sandy,2024,-0.910323674887486,-0.8197174026101838,7,3,SMARTER,2,0,0,3.2830581050375076,4.71830645976308,3.8079827848755943,0.0
1719558000,sandy,2024,-0.6595301110247399,-0.910323674887486,7,3,SMARTER,2,0,0,8.105450401178516,4.71830645976308,4.05877634873834,0.0
1719644400,sandy,2024,-0.452282082029348,-0.910323674887486,7,3,SMARTER,2,0,0,6.855392222915658,4.71830645976308,4.266024377733732,0.0
1719730800,sandy,2024,-0.2852475080969843,-0.452282082029348,7,3,SMARTER,2,0,0,6.275478723242181,4.71830645976308,4.433058951666096,0.0
1719817200,sandy,2024,-0.0877885670606165,-0.452282082029348,7,3,SMARTER,2,2.288088903599271,0,9.008052630760128,4.71830645976308,4.630517892702464,0.0
1719903600,sandy,2024,-0.0056563189739450995,-0.0877885670606165,7,3,SMARTER,2,0,2.288088903599271,6.40343719338403,4.71830645976308,4.712650140789135,0.0
1719990000,sandy,2024,0.11113976933275552,-0.0877885670606165,7,3,SMARTER,2,4.014006566351142,2.288088903599271,6.828302846826217,4.71830645976308,4.8294462290958355,0.0
1720076400,sandy,2024,0.07205458240509396,0.11113976933275552,7,3,SMARTER,2,0,4.014006566351142,3.501203041998366,4.71830645976308,4.790361042168175,0.0
1720162800,sandy,2024,0.1498290773147903,0.11113976933275552,7,3,SMARTER,2,4.734318954169757,4.014006566351142,4.1107559323561444,4.71830645976308,4.868135537077871,0.0
1720249200,sandy,2024,0.176431376868694,0.1498290773147903,7,3,SMARTER,2,0,4.734318954169757,7.570021332731803,4.71830645976308,4.894737836631775,0.0
1720335600,sandy,2024,0.3183839918047416,0.1498290773147903,7,3,SMARTER,2,6.86935533101364,4.734318954169757,8.236770338981968,4.71830645976308,5.0366904515678215,0.0
1720422000,sandy,2024,0.18578073062594033,0.3183839918047416,7,3,SMARTER,2,0,6.86935533101364,3.5751601774979624,4.71830645976308,4.904087190389021,0.0
1720508400,sandy,2024,0.3041719973088797,0.3183839918047416,7,3,SMARTER,2,7.682387361469247,6.86935533101364,6.021523561190189,4.71830645976308,5.02247845707196,1.0
1720594800,sandy,2024,0.2009779548508172,0.3041719973088797,7,3,SMARTER,2,0,7.682387361469247,6.408995121084742,4.71830645976308,4.919284414613897,0.0
1720681200,sandy,2024,0.3454006195698615,0.3041719973088797,7,3,SMARTER,2,9.007189576005704,7.682387361469247,7.100145056634385,4.71830645976308,5.063707079332942,0.0
1720767600,sandy,2024,0.2554534336051637,0.3454006195698615,7,3,SMARTER,2,0,9.007189576005704,8.417233027045325,4.71830645976308,4.973759893368244,0.0
1720854000,sandy,2024,0.4421407534290256,0.3454006195698615,7,3,SMARTER,2,11.010792773306928,9.007189576005704,9.478835789843245,4.71830645976308,5.160447213192106,0.0
1720940400,sandy,2024,0.27409884278097363,0.4421407534290256,7,3,SMARTER,2,0,11.010792773306928,8.65408688020589,4.71830645976308,4.992405302544054,0.0
1721026800,sandy,2024,0.4362347578650607,0.4421407534290256,7,3,SMARTER,2,12.278155077954356,11.010792773306928,8.038553013013921,4.71830645976308,5.154541217628141,0.0
1721113200,sandy,2024,0.21564686676598127,0.4362347578650607,7,3,SMARTER,2,0,12.278155077954356,8.079175888672749,4.71830645976308,4.933953326529061,0.0
1721199600,sandy,2024,0.42990915836345067,0.4362347578650607,7,3,SMARTER,2,13.523603356533437,12.278155077954356,9.89638188136864,4.71830645976308,5.148215618126531,0.0
1721286000,sandy,2024,0.16981851443099913,0.42990915836345067,7,3,SMARTER,2,0,13.523603356533437,8.856197692783795,4.71830645976308,4.8881249741940795,0.0
1721372400,sandy,2024,0.3532083265734952,0.42990915836345067,7,3,SMARTER,2,14.046322513724235,13.523603356533437,8.59349226880255,4.71830645976308,5.071514786336575,0.0
1721458800,sandy,2024,0.032177690803110934,0.3532083265734952,7,3,SMARTER,2,0,14.046322513724235,6.5994601364997925,4.71830645976308,4.750484150566191,0.0
1721545200,sandy,2024,0.17609743369603884,0.3532083265734952,7,3,SMARTER,2,13.334838564670157,14.046322513724235,6.35886520949269,4.71830645976308,4.894403893459119,0.0
1719126000,sandy,2024,-0.6661195040992536,0,7,3,SMARTER,1,0,0,1.6632265501860408,4.71830645976308,4.052186955663827,1.7999999999999998
1719212400,sandy,2024,-0.7534247343760541,-0.6661195040992536,7,3,SMARTER,1,0,0,1.5856569477409397,4.71830645976308,3.964881725387026,5.8
1719298800,sandy,2024,-0.8197174026101838,-0.7534247343760541,7,3,SMARTER,1,0,0,1.6430199437714739,4.71830645976308,3.8985890571528965,12.6
1719385200,sandy,2024,-0.9340528238009618,-0.8197174026101838,7,3,SMARTER,1,0,0,3.7360647761286776,4.71830645976308,3.7842536359621186,1.0
1719471600,sandy,2024,-0.910323674887486,-0.9340528238009618,7,3,SMARTER,1,0,0,3.2830581050375076,4.71830645976308,3.8079827848755943,0.0
1719558000,sandy,2024,-0.6595301110247399,-0.910323674887486,7,3,SMARTER,1,0,0,8.105450401178516,4.71830645976308,4.05877634873834,0.0
1719644400,sandy,2024,-0.452282082029348,-0.6595301110247399,7,3,SMARTER,1,0,0,6.855392222915658,4.71830645976308,4.266024377733732,0.0
1719730800,sandy,2024,-0.2852475080969843,-0.452282082029348,7,3,SMARTER,1,0,0,6.275478723242181,4.71830645976308,4.433058951666096,0.0
1719817200,sandy,2024,-0.0877885670606165,-0.2852475080969843,7,3,SMARTER,1,1.118846886072725,0,9.008052630760128,4.71830645976308,4.630517892702464,0.0
1719903600,sandy,2024,0.017386379494935992,-0.0877885670606165,7,3,SMARTER,1,1.9072306504464003,1.118846886072725,6.40343719338403,4.71830645976308,4.735692839258016,0.0
1719990000,sandy,2024,0.09546808757834556,0.017386379494935992,7,3,SMARTER,1,2.740206869765304,1.9072306504464003,6.828302846826217,4.71830645976308,4.813774547341426,0.0
1720076400,sandy,2024,0.08574169983423205,0.09546808757834556,7,3,SMARTER,1,2.9293472550592057,2.740206869765304,3.501203041998366,4.71830645976308,4.804048159597312,0.0
1720162800,sandy,2024,0.09274170525762378,0.08574169983423205,7,3,SMARTER,1,3.256572408795819,2.9293472550592057,4.1107559323561444,4.71830645976308,4.811048165020704,0.0
1720249200,sandy,2024,0.16322256272741342,0.09274170525762378,7,3,SMARTER,1,4.239606099266587,3.256572408795819,7.570021332731803,4.71830645976308,4.8815290224904935,0.0
1720335600,sandy,2024,0.21095153057592178,0.16322256272741342,7,3,SMARTER,1,5.206563465933911,4.239606099266587,8.236770338981968,4.71830645976308,4.929257990339002,0.0
1720422000,sandy,2024,0.12971993004822235,0.21095153057592178,7,3,SMARTER,1,5.0271020523846826,5.206563465933911,3.5751601774979624,4.71830645976308,4.848026389811302,0.0
1720508400,sandy,2024,0.1199888440601348,0.12971993004822235,7,3,SMARTER,1,5.318950982648475,5.0271020523846826,6.021523561190189,4.71830645976308,4.838295303823215,1.0
1720594800,sandy,2024,0.10729088471587954,0.1199888440601348,7,3,SMARTER,1,5.551937921386326,5.318950982648475,6.408995121084742,4.71830645976308,4.82559734447896,0.0
1720681200,sandy,2024,0.11672793885908982,0.10729088471587954,7,3,SMARTER,1,5.9681811169660675,5.551937921386326,7.100145056634385,4.71830645976308,4.83503439862217,0.0
1720767600,sandy,2024,0.14912821807523424,0.11672793885908982,7,3,SMARTER,1,6.642367725704781,5.9681811169660675,8.417233027045325,4.71830645976308,4.867434677838315,0.0
1720854000,sandy,2024,0.18530468728036079,0.14912821807523424,7,3,SMARTER,1,7.4515170719817485,6.642367725704781,9.478835789843245,4.71830645976308,4.903611147043441,0.0
1720940400,sandy,2024,0.17043987698331373,0.18530468728036079,7,3,SMARTER,1,7.8587830308523605,7.4515170719817485,8.65408688020589,4.71830645976308,4.888746336746394,0.0
1721026800,sandy,2024,0.12922971496224397,0.17043987698331373,7,3,SMARTER,1,7.958001041591604,7.8587830308523605,8.038553013013921,4.71830645976308,4.847536174725324,0.0
1721113200,sandy,2024,0.09195267897894933,0.12922971496224397,7,3,SMARTER,1,7.97291982664539,7.958001041591604,8.079175888672749,4.71830645976308,4.81025913874203,0.0
1721199600,sandy,2024,0.11221851642996664,0.09195267897894933,7,3,SMARTER,1,8.45143623809241,7.97291982664539,9.89638188136864,4.71830645976308,4.830524976193047,0.0
1721286000,sandy,2024,0.08651270328754238,0.11221851642996664,7,3,SMARTER,1,8.531033655958067,8.45143623809241,8.856197692783795,4.71830645976308,4.804819163050623,0.0
1721372400,sandy,2024,0.04896545162817349,0.08651270328754238,7,3,SMARTER,1,8.415099249227005,8.531033655958067,8.59349226880255,4.71830645976308,4.767271911391254,0.0
1721458800,sandy,2024,-0.034998742051321995,0.04896545162817349,7,3,SMARTER,1,7.722353667316571,8.415099249227005,6.5994601364997925,4.71830645976308,4.683307717711759,0.0
1721545200,sandy,2024,-0.09534966537224955,-0.034998742051321995,7,3,SMARTER,1,7.0138482079533295,7.722353667316571,6.35886520949269,4.71830645976308,4.622956794390831,0.0
1719126000,sandy,2024,-0.6661195040992536,0,7,3,SMARTER,3,0,0,1.6632265501860408,4.71830645976308,4.052186955663827,1.7999999999999998
1719212400,sandy,2024,-0.7534247343760541,-0.6661195040992536,7,3,SMARTER,3,0,0,1.5856569477409397,4.71830645976308,3.964881725387026,5.8
1719298800,sandy,2024,-0.8197174026101838,-0.6661195040992536,7,3,SMARTER,3,0,0,1.6430199437714739,4.71830645976308,3.8985890571528965,12.6
1719385200,sandy,2024,-0.9340528238009618,-0.6661195040992536,7,3,SMARTER,3,0,0,3.7360647761286776,4.71830645976308,3.7842536359621186,1.0
1719471600,sandy,2024,-0.910323674887486,-0.9340528238009618,7,3,SMARTER,3,0,0,3.2830581050375076,4.71830645976308,3.8079827848755943,0.0
1719558000,sandy,2024,-0.6595301110247399,-0.9340528238009618,7,3,SMARTER,3,0,0,8.105450401178516,4.71830645976308,4.05877634873834,0.0
1719644400,sandy,2024,-0.452282082029348,-0.9340528238009618,7,3,SMARTER,3,0,0,6.855392222915658,4.71830645976308,4.266024377733732,0.0
1719730800,sandy,2024,-0.2852475080969843,-0.452282082029348,7,3,SMARTER,3,0,0,6.275478723242181,4.71830645976308,4.433058951666096,0.0
1719817200,sandy,2024,-0.0877885670606165,-0.452282082029348,7,3,SMARTER,3,0,0,9.008052630760128,4.71830645976308,4.630517892702464,0.0
1719903600,sandy,2024,0.0319915229283233,-0.452282082029348,7,3,SMARTER,3,3.4858898034886687,0,6.40343719338403,4.71830645976308,4.750297982691404,0.0
1719990000,sandy,2024,0.07945414671041853,0.0319915229283233,7,3,SMARTER,3,0,3.4858898034886687,6.828302846826217,4.71830645976308,4.797760606473499,0.0
1720076400,sandy,2024,0.1372741688740091,0.0319915229283233,7,3,SMARTER,3,0,3.4858898034886687,3.501203041998366,4.71830645976308,4.85558062863709,0.0
1720162800,sandy,2024,0.21001951488106177,0.0319915229283233,7,3,SMARTER,3,5.362144291801023,3.4858898034886687,4.1107559323561444,4.71830645976308,4.928325974644142,0.0
1720249200,sandy,2024,0.2133663117322918,0.21001951488106177,7,3,SMARTER,3,0,5.362144291801023,7.570021332731803,4.71830645976308,4.931672771495372,0.0
1720335600,sandy,2024,0.34871566564479706,0.21001951488106177,7,3,SMARTER,3,0,5.362144291801023,8.236770338981968,4.71830645976308,5.0670221254078776,0.0
1720422000,sandy,2024,0.4021992454901235,0.21001951488106177,7,3,SMARTER,3,7.914000142534825,5.362144291801023,3.5751601774979624,4.71830645976308,5.120505705253204,0.0
1720508400,sandy,2024,0.2820362455833978,0.4021992454901235,7,3,SMARTER,3,0,7.914000142534825,6.021523561190189,4.71830645976308,5.000342705346478,1.0
1720594800,sandy,2024,0.3942477810911266,0.4021992454901235,7,3,SMARTER,3,0,7.914000142534825,6.408995121084742,4.71830645976308,5.112554240854207,0.0
1720681200,sandy,2024,0.5039013189152257,0.4021992454901235,7,3,SMARTER,3,10.137618613256219,7.914000142534825,7.100145056634385,4.71830645976308,5.222207778678306,0.0
1720767600,sandy,2024,0.3500113813098066,0.5039013189152257,7,3,SMARTER,3,0,10.137618613256219,8.417233027045325,4.71830645976308,5.068317841072886,0.0
1720854000,sandy,2024,0.5170162670673715,0.5039013189152257,7,3,SMARTER,3,0,10.137618613256219,9.478835789843245,4.71830645976308,5.235322726830452,0.0
1720940400,sandy,2024,0.6346824921838494,0.5039013189152257,7,3,SMARTER,3,12.957134302688134,10.137618613256219,8.65408688020589,4.71830645976308,5.35298895194693,0.0
1721026800,sandy,2024,0.35368367393959016,0.6346824921838494,7,3,SMARTER,3,0,12.957134302688134,8.038553013013921,4.71830645976308,5.071990133702671,0.0
1721113200,sandy,2024,0.5038564911880221,0.6346824921838494,7,3,SMARTER,3,0,12.957134302688134,8.079175888672749,4.71830645976308,5.222162950951103,0.0
1721199600,sandy,2024,0.6489146933885918,0.6346824921838494,7,3,SMARTER,3,15.003503791287105,12.957134302688134,9.89638188136864,4.71830645976308,5.367221153151672,0.0
1721286000,sandy,2024,0.28161082609513516,0.6489146933885918,7,3,SMARTER,3,0,15.003503791287105,8.856197692783795,4.71830645976308,4.999917285858215,0.0
1721372400,sandy,2024,0.43910412105129476,0.6489146933885918,7,3,SMARTER,3,0,15.003503791287105,8.59349226880255,4.71830645976308,5.157410580814375,0.0
1721458800,sandy,2024,0.5537512158263993,0.6489146933885918,7,3,SMARTER,3,15.998613095830956,15.003503791287105,6.5994601364997925,4.71830645976308,5.27205767558948,0.0
1721545200,sandy,2024,0.13364474589599495,0.5537512158263993,7,3,SMARTER,3,0,15.998613095830956,6.35886520949269,4.71830645976308,4.851951205659075,0.0
1719126000,sandy,2024,-0.6661195040992536,0,7,3,SMARTER,7,0,0,1.6632265501860408,4.71830645976308,4.052186955663827,1.7999999999999998
1719212400,sandy,2024,-0.7534247343760541,-0.6661195040992536,7,3,SMARTER,7,0,0,1.5856569477409397,4.71830645976308,3.964881725387026,5.8
1719298800,sandy,2024,-0.8197174026101838,-0.6661195040992536,7,3,SMARTER,7,0,0,1.6430199437714739,4.71830645976308,3.8985890571528965,12.6
1719385200,sandy,2024,-0.9340528238009618,-0.6661195040992536,7,3,SMARTER,7,0,0,3.7360647761286776,4.71830645976308,3.7842536359621186,1.0
1719471600,sandy,2024,-0.910323674887486,-0.6661195040992536,7,3,SMARTER,7,0,0,3.2830581050375076,4.71830645976308,3.8079827848755943,0.0
1719558000,sandy,2024,-0.6595301110247399,-0.6661195040992536,7,3,SMARTER,7,0,0,8.105450401178516,4.71830645976308,4.05877634873834,0.0
1719644400,sandy,2024,-0.452282082029348,-0.6661195040992536,7,3,SMARTER,7,0,0,6.855392222915658,4.71830645976308,4.266024377733732,0.0
1719730800,sandy,2024,-0.2852475080969843,-0.6661195040992536,7,3,SMARTER,7,0,0,6.275478723242181,4.71830645976308,4.433058951666096,0.0
1719817200,sandy,2024,-0.0877885670606165,-0.2852475080969843,7,3,SMARTER,7,0,0,9.008052630760128,4.71830645976308,4.630517892702464,0.0
1719903600,sandy,2024,0.0319915229283233,-0.2852475080969843,7,3,SMARTER,7,0,0,6.40343719338403,4.71830645976308,4.750297982691404,0.0
1719990000,sandy,2024,0.14416992323109115,-0.2852475080969843,7,3,SMARTER,7,0,0,6.828302846826217,4.71830645976308,4.8624763829941715,0.0
1720076400,sandy,2024,0.19780336309144353,-0.2852475080969843,7,3,SMARTER,7,0,0,3.501203041998366,4.71830645976308,4.916109822854524,0.0
1720162800,sandy,2024,0.26428972691429764,-0.2852475080969843,7,3,SMARTER,7,0,0,4.1107559323561444,4.71830645976308,4.982596186677378,0.0
1720249200,sandy,2024,0.37793463750097067,-0.2852475080969843,7,3,SMARTER,7,0,0,7.570021332731803,4.71830645976308,5.096241097264051,0.0
1720335600,sandy,2024,0.4868384612295356,-0.2852475080969843,7,3,SMARTER,7,6.865117168974246,0,8.236770338981968,4.71830645976308,5.205144920992616,0.0
1720422000,sandy,2024,0.3455755219356698,0.4868384612295356,7,3,SMARTER,7,0,6.865117168974246,3.5751601774979624,4.71830645976308,5.06388198169875,0.0
1720508400,sandy,2024,0.43933791885010565,0.4868384612295356,7,3,SMARTER,7,0,6.865117168974246,6.021523561190189,4.71830645976308,5.157644378613186,1.0
1720594800,sandy,2024,0.5300655112719278,0.4868384612295356,7,3,SMARTER,7,0,6.865117168974246,6.408995121084742,4.71830645976308,5.2483719710350085,0.0
1720681200,sandy,2024,0.6183507989119071,0.4868384612295356,7,3,SMARTER,7,0,6.865117168974246,7.100145056634385,4.71830645976308,5.336657258674987,0.0
1720767600,sandy,2024,0.7084948870137294,0.4868384612295356,7,3,SMARTER,7,0,6.865117168974246,8.417233027045325,4.71830645976308,5.426801346776809,0.0
1720854000,sandy,2024,0.7938802401567588,0.4868384612295356,7,3,SMARTER,7,0,6.865117168974246,9.478835789843245,4.71830645976308,5.512186699919839,0.0
1720940400,sandy,2024,0.8516270306216421,0.4868384612295356,7,3,SMARTER,7,11.973518246583918,6.865117168974246,8.65408688020589,4.71830645976308,5.569933490384722,0.0
1721026800,sandy,2024,0.5591864360698174,0.8516270306216421,7,3,SMARTER,7,0,11.973518246583918,8.038553013013921,4.71830645976308,5.277492895832897,0.0
1721113200,sandy,2024,0.6674718245735336,0.8516270306216421,7,3,SMARTER,7,0,11.973518246583918,8.079175888672749,4.71830645976308,5.385778284336614,0.0
1721199600,sandy,2024,0.7745636248815634,0.8516270306216421,7,3,SMARTER,7,0,11.973518246583918,9.89638188136864,4.71830645976308,5.492870084644643,0.0
1721286000,sandy,2024,0.8496871059805193,0.8516270306216421,7,3,SMARTER,7,0,11.973518246583918,8.856197692783795,4.71830645976308,5.5679935657436,0.0
1721372400,sandy,2024,0.9079331584209387,0.8516270306216421,7,3,SMARTER,7,0,11.973518246583918,8.59349226880255,4.71830645976308,5.626239618184019,0.0
1721458800,sandy,2024,0.94169141138108,0.8516270306216421,7,3,SMARTER,7,0,11.973518246583918,6.5994601364997925,4.71830645976308,5.65999787114416,0.0
1721545200,sandy,2024,0.9637989481401069,0.8516270306216421,7,3,SMARTER,7,15.650118513633492,11.973518246583918,6.35886520949269,4.71830645976308,5.682105407903187,0.0
1719126000,sandy,2024,-0.6661195040992536,0,7,3,ET0,2,1.66,0,1.6632265501860408,4.71830645976308,4.052186955663827,1.7999999999999998
1719212400,sandy,2024,-0.7989613815910367,-0.6661195040992536,7,3,ET0,2,0,1.66,1.5856569477409397,4.71830645976308,3.9193450781720434,5.8
1719298800,sandy,2024,-0.8649911004990017,-0.6661195040992536,7,3,ET0,2,3.23,1.66,1.6430199437714739,4.71830645976308,3.8533153592640783,12.6
1719385200,sandy,2024,-1.0737413611101636,-0.8649911004990017,7,3,ET0,2,0,3.23,3.7360647761286776,4.71830645976308,3.645329888630851,1.0
1719471600,sandy,2024,-1.0388015983926147,-0.8649911004990017,7,3,ET0,2,7.02,3.23,3.2830581050375076,4.71830645976308,3.6795048613704657,0.0
1719558000,sandy,2024,-0.9589625753684141,-1.0388015983926147,7,3,ET0,2,0,7.02,8.105450401178516,4.71830645976308,3.7593438843946663,0.0
1719644400,sandy,2024,-0.7467588916203238,-1.0388015983926147,7,3,ET0,2,14.96,7.02,6.855392222915658,4.71830645976308,3.9715475681427566,0.0
1719730800,sandy,2024,-0.9358560918132056,-0.7467588916203238,7,3,ET0,2,0,14.96,6.275478723242181,4.71830645976308,3.7824503679498744,0.0
1719817200,sandy,2024,-0.6671127246941158,-0.7467588916203238,7,3,ET0,2,15.28,14.96,9.008052630760128,4.71830645976308,4.051193735068964,0.0
1719903600,sandy,2024,-0.8745036936433703,-0.6671127246941158,7,3,ET0,2,0,15.28,6.40343719338403,4.71830645976308,3.84380276611971,0.0
1719990000,sandy,2024,-0.6788889727582423,-0.6671127246941158,7,3,ET0,2,13.23,15.28,6.828302846826217,4.71830645976308,4.039417487004838,0.0
1720076400,sandy,2024,-0.9098092092744476,-0.6788889727582423,7,3,ET0,2,0,13.23,3.501203041998366,4.71830645976308,3.8085129556168438,0.0
1720162800,sandy,2024,-0.7738506396269456,-0.6788889727582423,7,3,ET0,2,7.61,13.23,4.1107559323561444,4.71830645976308,3.9444558201361346,0.0
1720249200,sandy,2024,-0.7232522937821063,-0.7738506396269456,7,3,ET0,2,0,7.61,7.570021332731803,4.71830645976308,3.995054165980974,0.0
1720335600,sandy,2024,-0.47162559925514397,-0.7738506396269456,7,3,ET0,2,15.81,7.61,8.236770338981968,4.71830645976308,4.2466808605079365,0.0
1720422000,sandy,2024,-0.7872676840040654,-0.47162559925514397,7,3,ET0,2,0,15.81,3.5751601774979624,4.71830645976308,3.931038775759015,0.0
1720508400,sandy,2024,-0.5928482834126015,-0.47162559925514397,7,3,ET0,2,9.6,15.81,6.021523561190189,4.71830645976308,4.125458176350479,1.0
1720594800,sandy,2024,-0.6489158963402233,-0.5928482834126015,7,3,ET0,2,0,9.6,6.408995121084742,4.71830645976308,4.069390563422857,0.0
1720681200,sandy,2024,-0.41810965785014936,-0.5928482834126015,7,3,ET0,2,13.51,9.6,7.100145056634385,4.71830645976308,4.300196801912931,0.0
1720767600,sandy,2024,-0.5258673332610335,-0.41810965785014936,7,3,ET0,2,0,13.51,8.417233027045325,4.71830645976308,4.192439126502046,0.0
1720854000,sandy,2024,-0.22527785551144963,-0.41810965785014936,7,3,ET0,2,17.9,13.51,9.478835789843245,4.71830645976308,4.493028604251631,0.0
1720940400,sandy,2024,-0.4845463076407964,-0.22527785551144963,7,3,ET0,2,0,17.9,8.65408688020589,4.71830645976308,4.233760152122284,0.0
1721026800,sandy,2024,-0.2347040555103838,-0.22527785551144963,7,3,ET0,2,16.69,17.9,8.038553013013921,4.71830645976308,4.4836024042526965,0.0
1721113200,sandy,2024,-0.4642280429708291,-0.2347040555103838,7,3,ET0,2,0,16.69,8.079175888672749,4.71830645976308,4.254078416792251,0.0
1721199600,sandy,2024,-0.1464796615100226,-0.2347040555103838,7,3,ET0,2,17.98,16.69,9.89638188136864,4.71830645976308,4.571826798253058,0.0
1721286000,sandy,2024,-0.40089206363127045,-0.1464796615100226,7,3,ET0,2,0,17.98,8.856197692783795,4.71830645976308,4.317414396131809,0.0
1721372400,sandy,2024,-0.13435413096934212,-0.1464796615100226,7,3,ET0,2,17.45,17.98,8.59349226880255,4.71830645976308,4.583952328793738,0.0
1721458800,sandy,2024,-0.4427917169881643,-0.13435413096934212,7,3,ET0,2,0,17.45,6.5994601364997925,4.71830645976308,4.275514742774916,0.0
1721545200,sandy,2024,-0.24361275683571815,-0.13435413096934212,7,3,ET0,2,12.96,17.45,6.35886520949269,4.71830645976308,4.474693702927362,0.0
1719126000,sandy,2024,-0.6661195040992536,0,7,3,ET0,1,1.66,0,1.6632265501860408,4.71830645976308,4.052186955663827,1.7999999999999998
1719212400,sandy,2024,-0.7989613815910367,-0.6661195040992536,7,3,ET0,1,1.59,1.66,1.5856569477409397,4.71830645976308,3.9193450781720434,5.8
1719298800,sandy,2024,-0.9048760421430118,-0.7989613815910367,7,3,ET0,1,1.64,1.59,1.6430199437714739,4.71830645976308,3.8134304176200686,12.6
1719385200,sandy,2024,-1.0738504365213848,-0.9048760421430118,7,3,ET0,1,3.74,1.64,3.7360647761286776,4.71830645976308,3.6445658373184813,1.0
1719471600,sandy,2024,-1.1328436912117308,-1.0738504365213848,7,3,ET0,1,3.28,3.74,3.2830581050375076,4.71830645976308,3.5854627685513494,0.0
1719558000,sandy,2024,-0.956799341571549,-1.1328436912117308,7,3,ET0,1,8.11,3.28,8.105450401178516,4.71830645976308,3.761507118191531,0.0
1719644400,sandy,2024,-0.944815378879182,-0.956799341571549,7,3,ET0,1,6.86,8.11,6.855392222915658,4.71830645976308,3.773491080883898,0.0
1719730800,sandy,2024,-0.9199041051697112,-0.944815378879182,7,3,ET0,1,6.28,6.86,6.275478723242181,4.71830645976308,3.798402354593369,0.0
1719817200,sandy,2024,-0.8070209444037344,-0.9199041051697112,7,3,ET0,1,9.01,6.28,9.008052630760128,4.71830645976308,3.9112855153593458,0.0
1719903600,sandy,2024,-0.8482933594183716,-0.8070209444037344,7,3,ET0,1,6.4,9.01,6.40343719338403,4.71830645976308,3.8700131003447087,0.0
1719990000,sandy,2024,-0.8148162745014765,-0.8482933594183716,7,3,ET0,1,6.83,6.4,6.828302846826217,4.71830645976308,3.903490185261604,0.0
1720076400,sandy,2024,-0.8800922527176498,-0.8148162745014765,7,3,ET0,1,3.5,6.83,3.501203041998366,4.71830645976308,3.8382142070454304,0.0
1720162800,sandy,2024,-0.8302055963351772,-0.8800922527176498,7,3,ET0,1,4.11,3.5,4.1107559323561444,4.71830645976308,3.888100863427903,0.0
1720249200,sandy,2024,-0.6905970273359551,-0.8302055963351772,7,3,ET0,1,7.57,4.11,7.570021332731803,4.71830645976308,4.027709432427125,0.0
1720335600,sandy,2024,-0.6387860028297556,-0.6905970273359551,7,3,ET0,1,8.24,7.57,8.236770338981968,4.71830645976308,4.0795204569333245,0.0
1720422000,sandy,2024,-0.7474433819239167,-0.6387860028297556,7,3,ET0,1,3.58,8.24,3.5751601774979624,4.71830645976308,3.9708630778391636,0.0
1720508400,sandy,2024,-0.644941273210987,-0.7474433819239167,7,3,ET0,1,6.02,3.58,6.021523561190189,4.71830645976308,4.073365186552094,1.0
1720594800,sandy,2024,-0.6073213480038028,-0.644941273210987,7,3,ET0,1,6.41,6.02,6.408995121084742,4.71830645976308,4.110985111759278,0.0
1720681200,sandy,2024,-0.5516157889902252,-0.6073213480038028,7,3,ET0,1,7.1,6.41,7.100145056634385,4.71830645976308,4.166690670772855,0.0
1720767600,sandy,2024,-0.4768414838535566,-0.5516157889902252,7,3,ET0,1,8.42,7.1,8.417233027045325,4.71830645976308,4.2414649759095235,0.0
1720854000,sandy,2024,-0.41273625778769046,-0.4768414838535566,7,3,ET0,1,9.48,8.42,9.478835789843245,4.71830645976308,4.30557020197539,0.0
1720940400,sandy,2024,-0.41446371459665865,-0.41273625778769046,7,3,ET0,1,8.65,9.48,8.65408688020589,4.71830645976308,4.303842745166421,0.0
1721026800,sandy,2024,-0.40953827030997236,-0.41446371459665865,7,3,ET0,1,8.04,8.65,8.038553013013921,4.71830645976308,4.308768189453108,0.0
1721113200,sandy,2024,-0.38192431088634804,-0.40953827030997236,7,3,ET0,1,8.08,8.04,8.079175888672749,4.71830645976308,4.336382148876732,0.0
1721199600,sandy,2024,-0.29369792788470617,-0.38192431088634804,7,3,ET0,1,9.9,8.08,9.89638188136864,4.71830645976308,4.424608531878374,0.0
1721286000,sandy,2024,-0.30285682765526667,-0.29369792788470617,7,3,ET0,1,8.86,9.9,8.856197692783795,4.71830645976308,4.415449632107814,0.0
1721372400,sandy,2024,-0.2944098251775893,-0.30285682765526667,7,3,ET0,1,8.59,8.86,8.59349226880255,4.71830645976308,4.423896634585491,0.0
1721458800,sandy,2024,-0.3381685084561625,-0.2944098251775893,7,3,ET0,1,6.6,8.59,6.5994601364997925,4.71830645976308,4.380137951306918,0.0
1721545200,sandy,2024,-0.327129628384815,-0.3381685084561625,7,3,ET0,1,6.36,6.6,6.35886520949269,4.71830645976308,4.3911768313782655,0.0
1719126000,sandy,2024,-0.6661195040992536,0,7,3,ET0,3,1.66,0,1.6632265501860408,4.71830645976308,4.052186955663827,1.7999999999999998
1719212400,sandy,2024,-0.7989613815910367,-0.6661195040992536,7,3,ET0,3,0,1.66,1.5856569477409397,4.71830645976308,3.9193450781720434,5.8
1719298800,sandy,2024,-0.8649911004990017,-0.6661195040992536,7,3,ET0,3,0,1.66,1.6430199437714739,4.71830645976308,3.8533153592640783,12.6
1719385200,sandy,2024,-0.980648666367316,-0.6661195040992536,7,3,ET0,3,6.96,1.66,3.7360647761286776,4.71830645976308,3.737657793395764,1.0
1719471600,sandy,2024,-1.1334010614607368,-0.980648666367316,7,3,ET0,3,0,6.96,3.2830581050375076,4.71830645976308,3.584905398302343,0.0
1719558000,sandy,2024,-0.8801859240886623,-0.980648666367316,7,3,ET0,3,0,6.96,8.105450401178516,4.71830645976308,3.838120535674418,0.0
1719644400,sandy,2024,-0.6601302411319843,-0.980648666367316,7,3,ET0,3,18.24,6.96,6.855392222915658,4.71830645976308,4.058176218631096,0.0
1719730800,sandy,2024,-0.9404852991344448,-0.6601302411319843,7,3,ET0,3,0,18.24,6.275478723242181,4.71830645976308,3.778149488509467,0.0
1719817200,sandy,2024,-0.6718789746033349,-0.6601302411319843,7,3,ET0,3,0,18.24,9.008052630760128,4.71830645976308,4.046427485159746,0.0
1719903600,sandy,2024,-0.47746359586923875,-0.6601302411319843,7,3,ET0,3,21.69,18.24,6.40343719338403,4.71830645976308,4.240842863893842,0.0
1719990000,sandy,2024,-0.87223656139505,-0.47746359586923875,7,3,ET0,3,0,21.69,6.828302846826217,4.71830645976308,3.8506805147285563,0.0
1720076400,sandy,2024,-0.7635939428031059,-0.47746359586923875,7,3,ET0,3,0,21.69,3.501203041998366,4.71830645976308,3.954712516959974,0.0
1720162800,sandy,2024,-0.6222483406667199,-0.47746359586923875,7,3,ET0,3,14.44,21.69,4.1107559323561444,4.71830645976308,4.0960581190963605,0.0
1720249200,sandy,2024,-0.7664146341421167,-0.6222483406667199,7,3,ET0,3,0,14.44,7.570021332731803,4.71830645976308,3.9518918256209634,0.0
1720335600,sandy,2024,-0.5177240172068049,-0.6222483406667199,7,3,ET0,3,0,14.44,8.236770338981968,4.71830645976308,4.200582442556275,0.0
1720422000,sandy,2024,-0.3999558277744859,-0.6222483406667199,7,3,ET0,3,19.38,14.44,3.5751601774979624,4.71830645976308,4.3183506319885945,0.0
1720508400,sandy,2024,-0.7479399028431591,-0.3999558277744859,7,3,ET0,3,0,19.38,6.021523561190189,4.71830645976308,3.9708546974407737,1.0
1720594800,sandy,2024,-0.5526603728604833,-0.3999558277744859,7,3,ET0,3,0,19.38,6.408995121084742,4.71830645976308,4.165646086902597,0.0
1720681200,sandy,2024,-0.31561694726912054,-0.3999558277744859,7,3,ET0,3,19.53,19.38,7.100145056634385,4.71830645976308,4.40268951249396,0.0
1720767600,sandy,2024,-0.6093978789824178,-0.31561694726912054,7,3,ET0,3,0,19.53,8.417233027045325,4.71830645976308,4.108908580780662,0.0
1720854000,sandy,2024,-0.3064049256077037,-0.31561694726912054,7,3,ET0,3,0,19.53,9.478835789843245,4.71830645976308,4.411901534155376,0.0
1720940400,sandy,2024,-0.04441381419701086,-0.31561694726912054,7,3,ET0,3,26.55,19.53,8.65408688020589,4.71830645976308,4.673892645566069,0.0
1721026800,sandy,2024,-0.6024699905753919,-0.04441381419701086,7,3,ET0,3,0,26.55,8.038553013013921,4.71830645976308,4.122731684703584,0.0
1721113200,sandy,2024,-0.3456705347603116,-0.04441381419701086,7,3,ET0,3,0,26.55,8.079175888672749,4.71830645976308,4.372635925002768,0.0
1721199600,sandy,2024,-0.025459818335189347,-0.04441381419701086,7,3,ET0,3,26.01,26.55,9.89638188136864,4.71830645976308,4.692846641427891,0.0
1721286000,sandy,2024,-0.5410337029066302,-0.025459818335189347,7,3,ET0,3,0,26.01,8.856197692783795,4.71830645976308,4.182613357328778,0.0
1721372400,sandy,2024,-0.26961787907510903,-0.025459818335189347,7,3,ET0,3,0,26.01,8.59349226880255,4.71830645976308,4.448688580687971,0.0
1721458800,sandy,2024,-0.054131123486502175,-0.025459818335189347,7,3,ET0,3,24.05,26.01,6.5994601364997925,4.71830645976308,4.664175336276578,0.0
1721545200,sandy,2024,-0.570316481982547,-0.054131123486502175,7,3,ET0,3,0,24.05,6.35886520949269,4.71830645976308,4.154031794734495,0.0
1719126000,sandy,2024,-0.6661195040992536,0,7,3,ET0,7,1.66,0,1.6632265501860408,4.71830645976308,4.052186955663827,1.7999999999999998
1719212400,sandy,2024,-0.7989613815910367,-0.6661195040992536,7,3,ET0,7,0,1.66,1.5856569477409397,4.71830645976308,3.9193450781720434,5.8
1719298800,sandy,2024,-0.8649911004990017,-0.6661195040992536,7,3,ET0,7,0,1.66,1.6430199437714739,4.71830645976308,3.8533153592640783,12.6
1719385200,sandy,2024,-0.980648666367316,-0.6661195040992536,7,3,ET0,7,0,1.66,3.7360647761286776,4.71830645976308,3.737657793395764,1.0
1719471600,sandy,2024,-0.9527146087757212,-0.6661195040992536,7,3,ET0,7,0,1.66,3.2830581050375076,4.71830645976308,3.765591850987359,0.0
1719558000,sandy,2024,-0.6993054878777293,-0.6661195040992536,7,3,ET0,7,0,1.66,8.105450401178516,4.71830645976308,4.019000971885351,0.0
1719644400,sandy,2024,-0.4873557487563966,-0.6661195040992536,7,3,ET0,7,0,1.66,6.855392222915658,4.71830645976308,4.230950711006684,0.0
1719730800,sandy,2024,-0.3150122992728207,-0.6661195040992536,7,3,ET0,7,31.48,1.66,6.275478723242181,4.71830645976308,4.403294160490259,0.0
1719817200,sandy,2024,-0.943651244198427,-0.3150122992728207,7,3,ET0,7,0,31.48,9.008052630760128,4.71830645976308,3.7979792491061883,0.0
1719903600,sandy,2024,-0.7498151665444681,-0.3150122992728207,7,3,ET0,7,0,31.48,6.40343719338403,4.71830645976308,3.9684912932186123,0.0
1719990000,sandy,2024,-0.5463678039393164,-0.3150122992728207,7,3,ET0,7,0,31.48,6.828302846826217,4.71830645976308,4.171938655823764,0.0
1720076400,sandy,2024,-0.43420664252750696,-0.3150122992728207,7,3,ET0,7,0,31.48,3.501203041998366,4.71830645976308,4.284099817235573,0.0
1720162800,sandy,2024,-0.3055087097233817,-0.3150122992728207,7,3,ET0,7,0,31.48,4.1107559323561444,4.71830645976308,4.412797750039698,0.0
1720249200,sandy,2024,-0.11135771490486487,-0.3150122992728207,7,3,ET0,7,0,31.48,7.570021332731803,4.71830645976308,4.606948744858215,0.0
1720335600,sandy,2024,0.0639121781973142,-0.3150122992728207,7,3,ET0,7,45.66,31.48,8.236770338981968,4.71830645976308,4.782218637960394,0.0
1720422000,sandy,2024,-1.113815133002613,0.0639121781973142,7,3,ET0,7,0,45.66,3.5751601774979624,4.71830645976308,3.7298094522962844,0.0
1720508400,sandy,2024,-0.9149221705053758,0.0639121781973142,7,3,ET0,7,0,45.66,6.021523561190189,4.71830645976308,3.8033842892577043,1.0
1720594800,sandy,2024,-0.7056195325902843,0.0639121781973142,7,3,ET0,7,0,45.66,6.408995121084742,4.71830645976308,4.012686927172796,0.0
1720681200,sandy,2024,-0.4539816029469208,0.0639121781973142,7,3,ET0,7,0,45.66,7.100145056634385,4.71830645976308,4.26432485681616,0.0
1720767600,sandy,2024,-0.1823584299832375,0.0639121781973142,7,3,ET0,7,0,45.66,8.417233027045325,4.71830645976308,4.535948029779843,0.0
1720854000,sandy,2024,0.059381478039019574,0.0639121781973142,7,3,ET0,7,0,45.66,9.478835789843245,4.71830645976308,4.7776879378021,0.0
1720940400,sandy,2024,0.2393782160201357,0.0639121781973142,7,3,ET0,7,49.66,45.66,8.65408688020589,4.71830645976308,4.957684675783216,0.0
1721026800,sandy,2024,-1.010710892088254,0.2393782160201357,7,3,ET0,7,0,49.66,8.038553013013921,4.71830645976308,3.8422994061229265,0.0
1721113200,sandy,2024,-0.7434554094867811,0.2393782160201357,7,3,ET0,7,0,49.66,8.079175888672749,4.71830645976308,3.9748510502762993,0.0
1721199600,sandy,2024,-0.39314492313144744,0.2393782160201357,7,3,ET0,7,0,49.66,9.89638188136864,4.71830645976308,4.325161536631633,0.0
1721286000,sandy,2024,-0.10001352510433595,0.2393782160201357,7,3,ET0,7,0,49.66,8.856197692783795,4.71830645976308,4.6182929346587445,0.0
1721372400,sandy,2024,0.12023727150949667,0.2393782160201357,7,3,ET0,7,0,49.66,8.59349226880255,4.71830645976308,4.838543731272577,0.0
1721458800,sandy,2024,0.2607960615517122,0.2393782160201357,7,3,ET0,7,0,49.66,6.5994601364997925,4.71830645976308,4.979102521314792,0.0
1721545200,sandy,2024,0.3796442563824785,0.2393782160201357,7,3,ET0,7,56.42,49.66,6.35886520949269,4.71830645976308,5.097950716145559,0.0
1625986800,cloamy,2021,0.1540847297511718,0,12,3,SMARTER,2,2.3112709462675767,0,7.909412676835701,4.71830645976308,4.872391189514252,0.0
1626073200,cloamy,2021,0.2500336174229884,0.1540847297511718,12,3,SMARTER,2,0,2.3112709462675767,8.171899400888595,4.71830645976308,4.968340077186069,0.0
1626159600,cloamy,2021,0.36250093907460346,0.1540847297511718,12,3,SMARTER,2,5.899768275372566,2.3112709462675767,7.307248568315713,4.71830645976308,5.080807398837684,49.2
1626246000,cloamy,2021,-0.21737428258985164,0.36250093907460346,12,3,SMARTER,2,0,5.899768275372566,3.7200181370317593,4.71830645976308,4.551741391836469,0.0
1626332400,cloamy,2021,-0.2568669696962781,0.36250093907460346,12,3,SMARTER,2,0,5.899768275372566,6.588938290136868,4.71830645976308,4.469251513317961,0.0
1626418800,cloamy,2021,-0.24097411647255124,-0.2568669696962781,12,3,SMARTER,2,0,0,4.2070949143533625,4.71830645976308,4.477332343290529,10.8
1626505200,cloamy,2021,-0.33167949463433083,-0.2568669696962781,12,3,SMARTER,2,0,0,1.7206288405645938,4.71830645976308,4.388289760239839,0.8
1626591600,cloamy,2021,-0.3545762806833896,-0.33167949463433083,12,3,SMARTER,2,0,0,2.3398193330169916,4.71830645976308,4.363730179079691,0.0
1626678000,cloamy,2021,-0.2704383728458216,-0.33167949463433083,12,3,SMARTER,2,0,0,5.542148180411579,4.71830645976308,4.447868086917259,0.0
1626764400,cloamy,2021,-0.13558960136721676,-0.2704383728458216,12,3,SMARTER,2,0,0,6.336708517861463,4.71830645976308,4.582716858395863,0.0
1626850800,cloamy,2021,0.0662057901183804,-0.2704383728458216,12,3,SMARTER,2,4.238347325925565,0,7.723088615724408,4.71830645976308,4.784512249881461,0.0
1626937200,cloamy,2021,0.17237775528154745,0.0662057901183804,12,3,SMARTER,2,0,4.238347325925565,6.384988487195638,4.71830645976308,4.890684215044628,0.0
1627023600,cloamy,2021,0.3339048863909131,0.0662057901183804,12,3,SMARTER,2,8.452451140368696,4.238347325925565,6.724001721462045,4.71830645976308,5.052211346153993,0.0
1627110000,cloamy,2021,0.320860992267723,0.3339048863909131,12,3,SMARTER,2,0,8.452451140368696,6.639604206034317,4.71830645976308,5.044336042298799,0.0
1627196400,cloamy,2021,0.4079011782397937,0.3339048863909131,12,3,SMARTER,2,10.564110177274646,8.452451140368696,6.068344799075018,4.71830645976308,5.126207638002874,0.0
1627282800,cloamy,2021,0.2817016126563069,0.4079011782397937,12,3,SMARTER,2,0,10.564110177274646,3.7441148307248353,4.71830645976308,5.0233112165581355,0.0
1627369200,cloamy,2021,0.3245000618685086,0.4079011782397937,12,3,SMARTER,2,10.53679696642475,10.564110177274646,5.25782491390273,4.71830645976308,5.042806521631589,1.0
1627455600,cloamy,2021,0.19912331320104887,0.3245000618685086,12,3,SMARTER,2,0,10.53679696642475,4.067188753317478,4.71830645976308,4.952937578741882,0.0
1627542000,cloamy,2021,0.2313786461885388,0.3245000618685086,12,3,SMARTER,2,10.113475916830728,10.53679696642475,5.501441403272102,4.71830645976308,4.9509283617676765,0.0
1627628400,cloamy,2021,0.16283654915700502,0.2313786461885388,12,3,SMARTER,2,0,10.113475916830728,7.363960029273559,4.71830645976308,4.916301129452093,0.0
1627714800,cloamy,2021,0.23091321986455768,0.2313786461885388,12,3,SMARTER,2,10.800630460536627,10.113475916830728,8.127164249908118,4.71830645976308,4.949647474949969,0.0
1627801200,cloamy,2021,0.1418591738816181,0.23091321986455768,12,3,SMARTER,2,0,10.800630460536627,7.011084171391055,4.71830645976308,4.904950055849323,9.0
1627887600,cloamy,2021,0.13953598454685084,0.23091321986455768,12,3,SMARTER,2,10.122711590364698,10.800630460536627,7.304828236834061,4.71830645976308,4.867412824267519,0.0
1627974000,cloamy,2021,0.041419010098700644,0.13953598454685084,12,3,SMARTER,2,0,10.122711590364698,7.320018177389831,4.71830645976308,4.808241293629759,0.0
1628060400,cloamy,2021,0.09767750570534929,0.13953598454685084,12,3,SMARTER,2,9.913442361382728,10.122711590364698,8.239496207860649,4.71830645976308,4.8193461559669455,0.0
1628146800,cloamy,2021,-0.01383918116397678,0.09767750570534929,12,3,SMARTER,2,0,9.913442361382728,4.198759507591638,4.71830645976308,4.750131782030422,0.0
1628233200,cloamy,2021,0.06716223508182424,0.09767750570534929,12,3,SMARTER,2,9.748745819145899,9.913442361382728,8.25634687060054,4.71830645976308,4.787580592552807,0.0
1628319600,cloamy,2021,0.02492050492045352,0.06716223508182424,12,3,SMARTER,2,0,9.748745819145899,7.823891414052509,4.71830645976308,4.78062486354024,0.0
1628406000,cloamy,2021,0.09355996557291033,0.06716223508182424,12,3,SMARTER,2,10.346198481757662,9.748745819145899,6.8058425683475985,4.71830645976308,4.8131767967850205,0.0
1628492400,cloamy,2021,0.053812177323885726,0.09355996557291033,12,3,SMARTER,2,0,10.346198481757662,8.235329351972808,4.71830645976308,4.810256308328423,0.0
1625986800,cloamy,2021,0.1540847297511718,0,12,3,SMARTER,1,2.3112709462675767,0,7.909412676835701,4.71830645976308,4.872391189514252,0.0
1626073200,cloamy,2021,0.2500336174229884,0.1540847297511718,12,3,SMARTER,1,4.212758450598341,2.3112709462675767,8.171899400888595,4.71830645976308,4.968340077186069,0.0
1626159600,cloamy,2021,0.2977716748302847,0.2500336174229884,12,3,SMARTER,1,5.678930163976751,4.212758450598341,7.307248568315713,4.71830645976308,5.016078134593365,49.2
1626246000,cloamy,2021,-0.310227362417761,0.2977716748302847,12,3,SMARTER,1,0,5.678930163976751,3.7200181370317593,4.71830645976308,4.480987893596286,0.0
1626332400,cloamy,2021,-0.3590678626393762,-0.310227362417761,12,3,SMARTER,1,0,0,6.588938290136868,4.71830645976308,4.3766198842679875,0.0
1626418800,cloamy,2021,-0.3469705142164148,-0.3590678626393762,12,3,SMARTER,1,0,0,4.2070949143533625,4.71830645976308,4.371467852166744,10.8
1626505200,cloamy,2021,-0.44249358698429636,-0.3469705142164148,12,3,SMARTER,1,0,0,1.7206288405645938,4.71830645976308,4.28145084478875,0.8
1626591600,cloamy,2021,-0.4659194319975084,-0.44249358698429636,12,3,SMARTER,1,0,0,2.3398193330169916,4.71830645976308,4.252387027765572,0.0
1626678000,cloamy,2021,-0.38272127598324707,-0.4659194319975084,12,3,SMARTER,1,0,0,5.542148180411579,4.71830645976308,4.335585183779833,0.0
1626764400,cloamy,2021,-0.24403448693496485,-0.38272127598324707,12,3,SMARTER,1,0.932138007774492,0,6.336708517861463,4.71830645976308,4.474271972828116,0.0
1626850800,cloamy,2021,-0.05265019221176769,-0.24403448693496485,12,3,SMARTER,1,3.0707989678175545,0.932138007774492,7.723088615724408,4.71830645976308,4.665656267551313,0.0
1626937200,cloamy,2021,0.07807771035839554,-0.05265019221176769,12,3,SMARTER,1,4.873766929734701,3.0707989678175545,6.384988487195638,4.71830645976308,4.796384170121476,0.0
1627023600,cloamy,2021,0.1689246576437524,0.07807771035839554,12,3,SMARTER,1,6.47070427009024,4.873766929734701,6.724001721462045,4.71830645976308,4.887616289763915,0.0
1627110000,cloamy,2021,0.19139757871314828,0.1689246576437524,12,3,SMARTER,1,7.314572059062436,6.47070427009024,6.639604206034317,4.71830645976308,4.917280798155215,0.0
1627196400,cloamy,2021,0.15915292103667103,0.19139757871314828,12,3,SMARTER,1,7.405094930054722,7.314572059062436,6.068344799075018,4.71830645976308,4.896288998047778,0.0
1627282800,cloamy,2021,0.06835102329842709,0.15915292103667103,12,3,SMARTER,1,6.520525227091076,7.405094930054722,3.7441148307248353,4.71830645976308,4.81735184964032,0.0
1627369200,cloamy,2021,0.011636997146415896,0.06835102329842709,12,3,SMARTER,1,5.87486790470619,6.520525227091076,5.25782491390273,4.71830645976308,4.764413624867612,1.0
1627455600,cloamy,2021,-0.06190462145486176,0.011636997146415896,12,3,SMARTER,1,4.806654617126274,5.87486790470619,4.067188753317478,4.71830645976308,4.694614324512553,0.0
1627542000,cloamy,2021,-0.09086943882173988,-0.06190462145486176,12,3,SMARTER,1,4.186468492258517,4.806654617126274,5.501441403272102,4.71830645976308,4.6589342256591495,0.0
1627628400,cloamy,2021,-0.06999908149717005,-0.09086943882173988,12,3,SMARTER,1,4.226915535661845,4.186468492258517,7.363960029273559,4.71830645976308,4.669621094091449,0.0
1627714800,cloamy,2021,-0.027102757722766414,-0.06999908149717005,12,3,SMARTER,1,4.660363147786389,4.226915535661845,8.127164249908118,4.71830645976308,4.707014322407699,0.0
1627801200,cloamy,2021,-0.0026126153834608347,-0.027102757722766414,12,3,SMARTER,1,4.9464070097076736,4.660363147786389,7.011084171391055,4.71830645976308,4.733883421650371,9.0
1627887600,cloamy,2021,-0.04138447267330829,-0.0026126153834608347,12,3,SMARTER,1,4.356991304209579,4.9464070097076736,7.304828236834061,4.71830645976308,4.706066262792434,0.0
1627974000,cloamy,2021,-0.04158164886535085,-0.04138447267330829,12,3,SMARTER,1,4.229880243309015,4.356991304209579,7.320018177389831,4.71830645976308,4.698847254074457,0.0
1628060400,cloamy,2021,-0.008515939604072834,-0.04158164886535085,12,3,SMARTER,1,4.6011209356321325,4.229880243309015,8.239496207860649,4.71830645976308,4.72617277659328,0.0
1628146800,cloamy,2021,-0.034803866419582705,-0.008515939604072834,12,3,SMARTER,1,4.181254214587266,4.6011209356321325,4.198759507591638,4.71830645976308,4.701992553487062,0.0
1628233200,cloamy,2021,0.01672389693668806,-0.034803866419582705,12,3,SMARTER,1,4.849759065672579,4.181254214587266,8.25634687060054,4.71830645976308,4.747873423266554,0.0
1628319600,cloamy,2021,0.051810256219526236,0.01672389693668806,12,3,SMARTER,1,5.426226145725216,4.849759065672579,7.823891414052509,4.71830645976308,4.784151165907692,0.0
1628406000,cloamy,2021,0.0601107601170386,0.051810256219526236,12,3,SMARTER,1,5.7061644728464795,5.426226145725216,6.8058425683475985,4.71830645976308,4.796327843109866,0.0
1628492400,cloamy,2021,0.07836392021752167,0.0601107601170386,12,3,SMARTER,1,6.160294154704841,5.7061644728464795,8.235329351972808,4.71830645976308,4.816461610668004,0.0
1625986800,cloamy,2021,0.1540847297511718,0,12,3,SMARTER,3,2.3112709462675767,0,7.909412676835701,4.71830645976308,4.872391189514252,0.0
1626073200,cloamy,2021,0.2500336174229884,0.1540847297511718,12,3,SMARTER,3,0,2.3112709462675767,8.171899400888595,4.71830645976308,4.968340077186069,0.0
1626159600,cloamy,2021,0.36250093907460346,0.1540847297511718,12,3,SMARTER,3,0,2.3112709462675767,7.307248568315713,4.71830645976308,5.080807398837684,49.2
1626246000,cloamy,2021,-0.08725922164816488,0.1540847297511718,12,3,SMARTER,3,0,2.3112709462675767,3.7200181370317593,4.71830645976308,4.645912021871722,0.0
1626332400,cloamy,2021,-0.10650859146037041,-0.08725922164816488,12,3,SMARTER,3,0,0,6.588938290136868,4.71830645976308,4.61179786830271,0.0
1626418800,cloamy,2021,-0.07881366094607638,-0.08725922164816488,12,3,SMARTER,3,0,0,4.2070949143533625,4.71830645976308,4.639492798817004,10.8
1626505200,cloamy,2021,-0.16159480796571693,-0.08725922164816488,12,3,SMARTER,3,0,0,1.7206288405645938,4.71830645976308,4.556711651797364,0.8
1626591600,cloamy,2021,-0.17852473129407814,-0.16159480796571693,12,3,SMARTER,3,0,0,2.3398193330169916,4.71830645976308,4.539781728469002,0.0
1626678000,cloamy,2021,-0.09393196018221828,-0.16159480796571693,12,3,SMARTER,3,0,0,5.542148180411579,4.71830645976308,4.6243744995808616,0.0
1626764400,cloamy,2021,0.04000215351802338,-0.16159480796571693,12,3,SMARTER,3,2.539169998358954,0,6.336708517861463,4.71830645976308,4.758308613281104,0.0
1626850800,cloamy,2021,0.19269501280050488,0.04000215351802338,12,3,SMARTER,3,0,2.539169998358954,7.723088615724408,4.71830645976308,4.911001472563585,0.0
1626937200,cloamy,2021,0.3461378614614575,0.04000215351802338,12,3,SMARTER,3,0,2.539169998358954,6.384988487195638,4.71830645976308,5.064444321224538,0.0
1627023600,cloamy,2021,0.49866734425982717,0.04000215351802338,12,3,SMARTER,3,9.539154320040081,2.539169998358954,6.724001721462045,4.71830645976308,5.216973804022907,0.0
1627110000,cloamy,2021,0.440026058753429,0.49866734425982717,12,3,SMARTER,3,0,9.539154320040081,6.639604206034317,4.71830645976308,5.162881139033632,0.0
1627196400,cloamy,2021,0.510774920137471,0.49866734425982717,12,3,SMARTER,3,0,9.539154320040081,6.068344799075018,4.71830645976308,5.229081379900551,0.0
1627282800,cloamy,2021,0.5635194382340086,0.49866734425982717,12,3,SMARTER,3,12.007937762432285,9.539154320040081,3.7441148307248353,4.71830645976308,5.281825897997089,0.0
1627369200,cloamy,2021,0.42845160911989066,0.5635194382340086,12,3,SMARTER,3,0,12.007937762432285,5.25782491390273,4.71830645976308,5.169303999488698,1.0
1627455600,cloamy,2021,0.43408773815468926,0.5635194382340086,12,3,SMARTER,3,0,12.007937762432285,4.067188753317478,4.71830645976308,5.152394197917769,0.0
1627542000,cloamy,2021,0.49311459428821525,0.5635194382340086,12,3,SMARTER,3,12.642423417947409,12.007937762432285,5.501441403272102,4.71830645976308,5.2114210540512955,0.0
1627628400,cloamy,2021,0.3682901974217201,0.49311459428821525,12,3,SMARTER,3,0,12.642423417947409,7.363960029273559,4.71830645976308,5.117900040497861,0.0
1627714800,cloamy,2021,0.40997637916984386,0.49311459428821525,12,3,SMARTER,3,0,12.642423417947409,8.127164249908118,4.71830645976308,5.1282828389329245,0.0
1627801200,cloamy,2021,0.48592526468560737,0.49311459428821525,12,3,SMARTER,3,14.013927256772936,12.642423417947409,7.011084171391055,4.71830645976308,5.204231724448688,9.0
1627887600,cloamy,2021,0.2793269904282728,0.48592526468560737,12,3,SMARTER,3,0,14.013927256772936,7.304828236834061,4.71830645976308,5.048064474451733,0.0
1627974000,cloamy,2021,0.279705095738021,0.48592526468560737,12,3,SMARTER,3,0,14.013927256772936,7.320018177389831,4.71830645976308,5.001794953703558,0.0
1628060400,cloamy,2021,0.3630304086650098,0.48592526468560737,12,3,SMARTER,3,13.628280210520794,14.013927256772936,8.239496207860649,4.71830645976308,5.08133686842809,0.0
1628146800,cloamy,2021,0.19298384831096424,0.3630304086650098,12,3,SMARTER,3,0,13.628280210520794,4.198759507591638,4.71830645976308,4.959696630582514,0.0
1628233200,cloamy,2021,0.24423987365980404,0.3630304086650098,12,3,SMARTER,3,0,13.628280210520794,8.25634687060054,4.71830645976308,4.964524821466469,0.0
1628319600,cloamy,2021,0.33869634354512745,0.3630304086650098,12,3,SMARTER,3,14.352360459717588,13.628280210520794,7.823891414052509,4.71830645976308,5.057002803308207,0.0
1628406000,cloamy,2021,0.2026185343079965,0.33869634354512745,12,3,SMARTER,3,0,14.352360459717588,6.8058425683475985,4.71830645976308,4.969252254456586,0.0
1628492400,cloamy,2021,0.25618091646395047,0.33869634354512745,12,3,SMARTER,3,0,14.352360459717588,8.235329351972808,4.71830645976308,4.976558490891662,0.0
1625986800,cloamy,2021,0.1540847297511718,0,12,3,SMARTER,7,2.3112709462675767,0,7.909412676835701,4.71830645976308,4.872391189514252,0.0
1626073200,cloamy,2021,0.2500336174229884,0.1540847297511718,12,3,SMARTER,7,0,2.3112709462675767,8.171899400888595,4.71830645976308,4.968340077186069,0.0
1626159600,cloamy,2021,0.36250093907460346,0.1540847297511718,12,3,SMARTER,7,0,2.3112709462675767,7.307248568315713,4.71830645976308,5.080807398837684,49.2
1626246000,cloamy,2021,-0.08725922164816488,0.1540847297511718,12,3,SMARTER,7,0,2.3112709462675767,3.7200181370317593,4.71830645976308,4.645912021871722,0.0
1626332400,cloamy,2021,-0.10650859146037041,0.1540847297511718,12,3,SMARTER,7,0,2.3112709462675767,6.588938290136868,4.71830645976308,4.61179786830271,0.0
1626418800,cloamy,2021,-0.07881366094607638,0.1540847297511718,12,3,SMARTER,7,0,2.3112709462675767,4.2070949143533625,4.71830645976308,4.639492798817004,10.8
1626505200,cloamy,2021,-0.16159480796571693,0.1540847297511718,12,3,SMARTER,7,0,2.3112709462675767,1.7206288405645938,4.71830645976308,4.556711651797364,0.8
1626591600,cloamy,2021,-0.17852473129407814,0.1540847297511718,12,3,SMARTER,7,0,2.3112709462675767,2.3398193330169916,4.71830645976308,4.539781728469002,0.0
1626678000,cloamy,2021,-0.09393196018221828,-0.17852473129407814,12,3,SMARTER,7,0,0,5.542148180411579,4.71830645976308,4.6243744995808616,0.0
1626764400,cloamy,2021,0.04000215351802338,-0.17852473129407814,12,3,SMARTER,7,0,0,6.336708517861463,4.71830645976308,4.758308613281104,0.0
1626850800,cloamy,2021,0.2363741588635342,-0.17852473129407814,12,3,SMARTER,7,0,0,7.723088615724408,4.71830645976308,4.954680618626615,0.0
1626937200,cloamy,2021,0.40198902340580456,-0.17852473129407814,12,3,SMARTER,7,0,0,6.384988487195638,4.71830645976308,5.120295483168885,0.0
1627023600,cloamy,2021,0.5541801301906111,-0.17852473129407814,12,3,SMARTER,7,0,0,6.724001721462045,4.71830645976308,5.272486589953691,0.0
1627110000,cloamy,2021,0.6754321645611755,-0.17852473129407814,12,3,SMARTER,7,0,0,6.639604206034317,4.71830645976308,5.393738624324255,0.0
1627196400,cloamy,2021,0.7659476424275022,-0.17852473129407814,12,3,SMARTER,7,13.63151141194147,0,6.068344799075018,4.71830645976308,5.484254102190582,0.0
1627282800,cloamy,2021,0.533428690882669,0.7659476424275022,12,3,SMARTER,7,0,13.63151141194147,3.7441148307248353,4.71830645976308,5.2646992726167685,0.0
1627369200,cloamy,2021,0.566442627038711,0.7659476424275022,12,3,SMARTER,7,0,13.63151141194147,5.25782491390273,4.71830645976308,5.284749086801791,1.0
1627455600,cloamy,2021,0.6117331146388445,0.7659476424275022,12,3,SMARTER,7,0,13.63151141194147,4.067188753317478,4.71830645976308,5.330039574401924,0.0
1627542000,cloamy,2021,0.6821644659353655,0.7659476424275022,12,3,SMARTER,7,0,13.63151141194147,5.501441403272102,4.71830645976308,5.400470925698445,0.0
1627628400,cloamy,2021,0.772681417754812,0.7659476424275022,12,3,SMARTER,7,0,13.63151141194147,7.363960029273559,4.71830645976308,5.490987877517893,0.0
1627714800,cloamy,2021,0.852883151011078,0.7659476424275022,12,3,SMARTER,7,0,13.63151141194147,8.127164249908118,4.71830645976308,5.571189610774158,0.0
1627801200,cloamy,2021,0.9062799679764072,0.7659476424275022,12,3,SMARTER,7,18.03433922245755,13.63151141194147,7.011084171391055,4.71830645976308,5.624586427739487,9.0
1627887600,cloamy,2021,0.5185756438773573,0.9062799679764072,12,3,SMARTER,7,0,18.03433922245755,7.304828236834061,4.71830645976308,5.27854236551254,0.0
1627974000,cloamy,2021,0.4972026778458835,0.9062799679764072,12,3,SMARTER,7,0,18.03433922245755,7.320018177389831,4.71830645976308,5.215956648062331,0.0
1628060400,cloamy,2021,0.5646625154066371,0.9062799679764072,12,3,SMARTER,7,0,18.03433922245755,8.239496207860649,4.71830645976308,5.282968975169718,0.0
1628146800,cloamy,2021,0.6070836561392524,0.9062799679764072,12,3,SMARTER,7,0,18.03433922245755,4.198759507591638,4.71830645976308,5.325390115902333,0.0
1628233200,cloamy,2021,0.7130867709059373,0.9062799679764072,12,3,SMARTER,7,0,18.03433922245755,8.25634687060054,4.71830645976308,5.431393230669017,0.0
1628319600,cloamy,2021,0.8039741532864841,0.9062799679764072,12,3,SMARTER,7,0,18.03433922245755,7.823891414052509,4.71830645976308,5.522280613049564,0.0
1628406000,cloamy,2021,0.8675490194044062,0.9062799679764072,12,3,SMARTER,7,20.172214897806757,18.03433922245755,6.8058425683475985,4.71830645976308,5.585855479167487,0.0
1628492400,cloamy,2021,0.5041726185410882,0.8675490194044062,12,3,SMARTER,7,0,20.172214897806757,8.235329351972808,4.71830645976308,5.269149970841871,0.0
1625986800,cloamy,2021,0.1540847297511718,0,12,3,ET0,2,7.91,0,7.909412676835701,4.71830645976308,4.872391189514252,0.0
1626073200,cloamy,2021,0.1632299162079175,0.1540847297511718,12,3,ET0,2,0,7.91,8.171899400888595,4.71830645976308,4.888490697919358,0.0
1626159600,cloamy,2021,0.2583073521861568,0.1540847297511718,12,3,ET0,2,15.48,7.91,7.307248568315713,4.71830645976308,4.976613811949237,49.2
1626246000,cloamy,2021,-0.5266381479799017,0.2583073521861568,12,3,ET0,2,0,15.48,3.7200181370317593,4.71830645976308,4.359565570371304,0.0
1626332400,cloamy,2021,-0.6219986765964148,0.2583073521861568,12,3,ET0,2,10.31,15.48,6.588938290136868,4.71830645976308,4.164123487026854,0.0
1626418800,cloamy,2021,-0.768169297030247,-0.6219986765964148,12,3,ET0,2,0,10.31,4.2070949143533625,4.71830645976308,4.072527449547529,10.8
1626505200,cloamy,2021,-0.9186046292077593,-0.6219986765964148,12,3,ET0,2,5.93,10.31,1.7206288405645938,4.71830645976308,3.9092554139912314,0.8
1626591600,cloamy,2021,-1.0338766822438845,-0.9186046292077593,12,3,ET0,2,0,5.93,2.3398193330169916,4.71830645976308,3.8074892385620225,0.0
1626678000,cloamy,2021,-0.9756465863435165,-0.9186046292077593,12,3,ET0,2,7.88,5.93,5.542148180411579,4.71830645976308,3.7897814270424925,0.0
1626764400,cloamy,2021,-0.9746481340780334,-0.9756465863435165,12,3,ET0,2,0,7.88,6.336708517861463,4.71830645976308,3.819304673759938,0.0
1626850800,cloamy,2021,-0.8278369120929381,-0.9756465863435165,12,3,ET0,2,14.06,7.88,7.723088615724408,4.71830645976308,3.9050281057994027,0.0
1626937200,cloamy,2021,-0.8761588772770593,-0.8278369120929381,12,3,ET0,2,0,14.06,6.384988487195638,4.71830645976308,3.951344729770352,0.0
1627023600,cloamy,2021,-0.7440551330944359,-0.8278369120929381,12,3,ET0,2,13.11,14.06,6.724001721462045,4.71830645976308,4.006980491437853,0.0
1627110000,cloamy,2021,-0.7743024692212981,-0.7440551330944359,12,3,ET0,2,0,13.11,6.639604206034317,4.71830645976308,4.055271848486855,0.0
1627196400,cloamy,2021,-0.6672884217319133,-0.7440551330944359,12,3,ET0,2,12.71,13.11,6.068344799075018,4.71830645976308,4.0862290280429105,0.0
1627282800,cloamy,2021,-0.7668699516747003,-0.6672884217319133,12,3,ET0,2,0,12.71,3.7441148307248353,4.71830645976308,4.070959228109202,0.0
1627369200,cloamy,2021,-0.6814126578196257,-0.6672884217319133,12,3,ET0,2,9.0,12.71,5.25782491390273,4.71830645976308,4.079159450106932,1.0
1627455600,cloamy,2021,-0.7271683876498203,-0.6814126578196257,12,3,ET0,2,0,9.0,4.067188753317478,4.71830645976308,4.0795369731488185,0.0
1627542000,cloamy,2021,-0.6213548706594109,-0.6814126578196257,12,3,ET0,2,9.57,9.0,5.501441403272102,4.71830645976308,4.121232030592542,0.0
1627628400,cloamy,2021,-0.5808716145920665,-0.6213548706594109,12,3,ET0,2,0,9.57,7.363960029273559,4.71830645976308,4.201807905472829,0.0
1627714800,cloamy,2021,-0.40361166401372556,-0.6213548706594109,12,3,ET0,2,15.49,9.57,8.127164249908118,4.71830645976308,4.323226062617178,0.0
1627801200,cloamy,2021,-0.47698639078507454,-0.40361166401372556,12,3,ET0,2,0,15.49,7.011084171391055,4.71830645976308,4.3526668039686465,9.0
1627887600,cloamy,2021,-0.40458931277865273,-0.40361166401372556,12,3,ET0,2,14.32,15.49,7.304828236834061,4.71830645976308,4.35671569237171,0.0
1627974000,cloamy,2021,-0.49432978773918257,-0.40458931277865273,12,3,ET0,2,0,14.32,7.320018177389831,4.71830645976308,4.34543357489035,0.0
1628060400,cloamy,2021,-0.376022359855625,-0.40458931277865273,12,3,ET0,2,15.56,14.32,8.239496207860649,4.71830645976308,4.373565338105523,0.0
1628146800,cloamy,2021,-0.5395879463135927,-0.376022359855625,12,3,ET0,2,0,15.56,4.198759507591638,4.71830645976308,4.314087906787903,0.0
1628233200,cloamy,2021,-0.4088081049234482,-0.376022359855625,12,3,ET0,2,12.46,15.56,8.25634687060054,4.71830645976308,4.345890679410893,0.0
1628319600,cloamy,2021,-0.43859393257521667,-0.4088081049234482,12,3,ET0,2,0,12.46,7.823891414052509,4.71830645976308,4.375046759876111,0.0
1628406000,cloamy,2021,-0.327098614985941,-0.4088081049234482,12,3,ET0,2,14.63,12.46,6.8058425683475985,4.71830645976308,4.412957626254908,0.0
1628492400,cloamy,2021,-0.37304872760531577,-0.327098614985941,12,3,ET0,2,0,14.63,8.235329351972808,4.71830645976308,4.445069323546054,0.0
1625986800,cloamy,2021,0.1540847297511718,0,12,3,ET0,1,7.91,0,7.909412676835701,4.71830645976308,4.872391189514252,0.0
1626073200,cloamy,2021,0.1632299162079175,0.1540847297511718,12,3,ET0,1,8.17,7.91,8.171899400888595,4.71830645976308,4.888490697919358,0.0
1626159600,cloamy,2021,0.1276576978170304,0.1632299162079175,12,3,ET0,1,7.31,8.17,7.307248568315713,4.71830645976308,4.865777024080197,49.2
1626246000,cloamy,2021,-0.5507680483622136,0.1276576978170304,12,3,ET0,1,3.72,7.31,3.7200181370317593,4.71830645976308,4.315059102677043,0.0
1626332400,cloamy,2021,-0.6893395694603732,-0.5507680483622136,12,3,ET0,1,6.59,3.72,6.588938290136868,4.71830645976308,4.123371149901831,0.0
1626418800,cloamy,2021,-0.7845880206714374,-0.6893395694603732,12,3,ET0,1,4.21,6.59,4.2070949143533625,4.71830645976308,4.035100959643223,10.8
1626505200,cloamy,2021,-0.9884826136453682,-0.7845880206714374,12,3,ET0,1,1.72,4.21,1.7206288405645938,4.71830645976308,3.874453003978212,0.8
1626591600,cloamy,2021,-1.046484086436365,-0.9884826136453682,12,3,ET0,1,2.34,1.72,2.3398193330169916,4.71830645976308,3.7718001280860523,0.0
1626678000,cloamy,2021,-1.010814844210741,-1.046484086436365,12,3,ET0,1,5.54,2.34,5.542148180411579,4.71830645976308,3.7628351119236325,0.0
1626764400,cloamy,2021,-0.9775977652793707,-1.010814844210741,12,3,ET0,1,6.34,5.54,6.336708517861463,4.71830645976308,3.7989709903270685,0.0
1626850800,cloamy,2021,-0.9122204864884743,-0.9775977652793707,12,3,ET0,1,7.72,6.34,7.723088615724408,4.71830645976308,3.86886802505046,0.0
1626937200,cloamy,2021,-0.8828515654222636,-0.9122204864884743,12,3,ET0,1,6.38,7.72,6.384988487195638,4.71830645976308,3.9164761944156683,0.0
1627023600,cloamy,2021,-0.8275433936385411,-0.8828515654222636,12,3,ET0,1,6.72,6.38,6.724001721462045,4.71830645976308,3.9682860354426595,0.0
1627110000,cloamy,2021,-0.7821339817785442,-0.8275433936385411,12,3,ET0,1,6.64,6.72,6.639604206034317,4.71830645976308,4.014610614430862,0.0
1627196400,cloamy,2021,-0.755673858119888,-0.7821339817785442,12,3,ET0,1,6.07,6.64,6.068344799075018,4.71830645976308,4.042369215621674,0.0
1627282800,cloamy,2021,-0.7745125603629064,-0.755673858119888,12,3,ET0,1,3.74,6.07,3.7441148307248353,4.71830645976308,4.025667674418517,0.0
1627369200,cloamy,2021,-0.7223245521050511,-0.7745125603629064,12,3,ET0,1,5.26,3.74,5.25782491390273,4.71830645976308,4.051861292943252,1.0
1627455600,cloamy,2021,-0.7171448029180773,-0.7223245521050511,12,3,ET0,1,4.07,5.26,4.067188753317478,4.71830645976308,4.061295045096054,0.0
1627542000,cloamy,2021,-0.6567544743766026,-0.7171448029180773,12,3,ET0,1,5.5,4.07,5.501441403272102,4.71830645976308,4.105803720387551,0.0
1627628400,cloamy,2021,-0.5621836039994045,-0.6567544743766026,12,3,ET0,1,7.36,5.5,7.363960029273559,4.71830645976308,4.197336077565812,0.0
1627714800,cloamy,2021,-0.4773086697909579,-0.5621836039994045,12,3,ET0,1,8.13,7.36,8.127164249908118,4.71830645976308,4.291848472846861,0.0
1627801200,cloamy,2021,-0.4496442324956961,-0.4773086697909579,12,3,ET0,1,7.01,8.13,7.011084171391055,4.71830645976308,4.339844074304254,9.0
1627887600,cloamy,2021,-0.4762409386995606,-0.4496442324956961,12,3,ET0,1,7.3,7.01,7.304828236834061,4.71830645976308,4.328735495230253,0.0
1627974000,cloamy,2021,-0.47950056363493015,-0.4762409386995606,12,3,ET0,1,7.32,7.3,7.320018177389831,4.71830645976308,4.319789583107425,0.0
1628060400,cloamy,2021,-0.45209579653623405,-0.47950056363493015,12,3,ET0,1,8.24,7.32,8.239496207860649,4.71830645976308,4.340580167854742,0.0
1628146800,cloamy,2021,-0.5237385602908163,-0.45209579653623405,12,3,ET0,1,4.2,8.24,4.198759507591638,4.71830645976308,4.285512143700623,0.0
1628233200,cloamy,2021,-0.4321872701741256,-0.5237385602908163,12,3,ET0,1,8.26,4.2,8.25634687060054,4.71830645976308,4.336234697776765,0.0
1628319600,cloamy,2021,-0.3989875346379026,-0.4321872701741256,12,3,ET0,1,7.82,8.26,7.823891414052509,4.71830645976308,4.38369464431496,0.0
1628406000,cloamy,2021,-0.38710590681213236,-0.3989875346379026,12,3,ET0,1,6.81,7.82,6.8058425683475985,4.71830645976308,4.400676955541274,0.0
1628492400,cloamy,2021,-0.333683281959002,-0.38710590681213236,12,3,ET0,1,8.24,6.81,8.235329351972808,4.71830645976308,4.443764254013832,0.0
1625986800,cloamy,2021,0.1540847297511718,0,12,3,ET0,3,7.91,0,7.909412676835701,4.71830645976308,4.872391189514252,0.0
1626073200,cloamy,2021,0.1632299162079175,0.1540847297511718,12,3,ET0,3,0,7.91,8.171899400888595,4.71830645976308,4.888490697919358,0.0
1626159600,cloamy,2021,0.2583073521861568,0.1540847297511718,12,3,ET0,3,0,7.91,7.307248568315713,4.71830645976308,4.976613811949237,49.2
1626246000,cloamy,2021,-0.21284544780778622,0.1540847297511718,12,3,ET0,3,19.2,7.91,3.7200181370317593,4.71830645976308,4.544961423398723,0.0
1626332400,cloamy,2021,-0.5631678276957686,-0.21284544780778622,12,3,ET0,3,0,19.2,6.588938290136868,4.71830645976308,4.324731525979253,0.0
1626418800,cloamy,2021,-0.6370572038016348,-0.21284544780778622,12,3,ET0,3,0,19.2,4.2070949143533625,4.71830645976308,4.156481001060862,10.8
1626505200,cloamy,2021,-0.7737425946968719,-0.21284544780778622,12,3,ET0,3,12.52,19.2,1.7206288405645938,4.71830645976308,4.0151925084182345,0.8
1626591600,cloamy,2021,-0.9959929398104544,-0.7737425946968719,12,3,ET0,3,0,12.52,2.3398193330169916,4.71830645976308,3.8929112734985143,0.0
1626678000,cloamy,2021,-0.9675252165861505,-0.7737425946968719,12,3,ET0,3,0,12.52,5.542148180411579,4.71830645976308,3.8303802958493636,0.0
1626764400,cloamy,2021,-0.8653085020973905,-0.7737425946968719,12,3,ET0,3,14.22,12.52,6.336708517861463,4.71830645976308,3.8681698456800095,0.0
1626850800,cloamy,2021,-0.8991082210782649,-0.8653085020973905,12,3,ET0,3,0,14.22,7.723088615724408,4.71830645976308,3.929941138718006,0.0
1626937200,cloamy,2021,-0.7911259900242227,-0.8653085020973905,12,3,ET0,3,0,14.22,6.384988487195638,4.71830645976308,3.964134240448281,0.0
1627023600,cloamy,2021,-0.6423277070014954,-0.8653085020973905,12,3,ET0,3,20.83,14.22,6.724001721462045,4.71830645976308,4.077110866395354,0.0
1627110000,cloamy,2021,-0.7722365301495093,-0.6423277070014954,12,3,ET0,3,0,20.83,6.639604206034317,4.71830645976308,4.098083386991044,0.0
1627196400,cloamy,2021,-0.6879428062150554,-0.6423277070014954,12,3,ET0,3,0,20.83,6.068344799075018,4.71830645976308,4.090088501757766,0.0
1627282800,cloamy,2021,-0.6197815541978104,-0.6423277070014954,12,3,ET0,3,16.45,20.83,3.7441148307248353,4.71830645976308,4.110936658918299,0.0
1627369200,cloamy,2021,-0.7311096932554595,-0.6197815541978104,12,3,ET0,3,0,16.45,5.25782491390273,4.71830645976308,4.120658236600267,1.0
1627455600,cloamy,2021,-0.6832474169981438,-0.6197815541978104,12,3,ET0,3,0,16.45,4.067188753317478,4.71830645976308,4.091622781339468,0.0
1627542000,cloamy,2021,-0.5759059852710992,-0.6197815541978104,12,3,ET0,3,14.83,16.45,5.501441403272102,4.71830645976308,4.150666731702526,0.0
1627628400,cloamy,2021,-0.6080023620949305,-0.5759059852710992,12,3,ET0,3,0,14.83,7.363960029273559,4.71830645976308,4.211397621964862,0.0
1627714800,cloamy,2021,-0.4452058879360459,-0.5759059852710992,12,3,ET0,3,0,14.83,8.127164249908118,4.71830645976308,4.296081831487514,0.0
1627801200,cloamy,2021,-0.29343073014400545,-0.5759059852710992,12,3,ET0,3,22.5,14.83,7.011084171391055,4.71830645976308,4.424875729619075,9.0
1627887600,cloamy,2021,-0.5229984396617763,-0.29343073014400545,12,3,ET0,3,0,22.5,7.304828236834061,4.71830645976308,4.3640814124463345,0.0
1627974000,cloamy,2021,-0.45162736844155976,-0.29343073014400545,12,3,ET0,3,0,22.5,7.320018177389831,4.71830645976308,4.3255716639007336,0.0
1628060400,cloamy,2021,-0.3164434134877738,-0.29343073014400545,12,3,ET0,3,22.86,22.5,8.239496207860649,4.71830645976308,4.40675453408531,0.0
1628146800,cloamy,2021,-0.5748771016745641,-0.3164434134877738,12,3,ET0,3,0,22.86,4.198759507591638,4.71830645976308,4.323435138796063,0.0
1628233200,cloamy,2021,-0.46054646494341883,-0.3164434134877738,12,3,ET0,3,0,22.86,8.25634687060054,4.71830645976308,4.317079494920878,0.0
1628319600,cloamy,2021,-0.3234403228563274,-0.3164434134877738,12,3,ET0,3,20.28,22.86,7.823891414052509,4.71830645976308,4.400005161179216,0.0
1628406000,cloamy,2021,-0.4765317559013154,-0.3234403228563274,12,3,ET0,3,0,20.28,6.8058425683475985,4.71830645976308,4.385313328923391,0.0
1628492400,cloamy,2021,-0.34811596789205485,-0.3234403228563274,12,3,ET0,3,0,20.28,8.235329351972808,4.71830645976308,4.40987690256144,0.0
1625986800,cloamy,2021,0.1540847297511718,0,12,3,ET0,7,7.91,0,7.909412676835701,4.71830645976308,4.872391189514252,0.0
1626073200,cloamy,2021,0.1632299162079175,0.1540847297511718,12,3,ET0,7,0,7.91,8.171899400888595,4.71830645976308,4.888490697919358,0.0
1626159600,cloamy,2021,0.2583073521861568,0.1540847297511718,12,3,ET0,7,0,7.91,7.307248568315713,4.71830645976308,4.976613811949237,49.2
1626246000,cloamy,2021,-0.21284544780778622,0.1540847297511718,12,3,ET0,7,0,7.91,3.7200181370317593,4.71830645976308,4.544961423398723,0.0
1626332400,cloamy,2021,-0.24548154700440064,0.1540847297511718,12,3,ET0,7,0,7.91,6.588938290136868,4.71830645976308,4.476800854905806,0.0
1626418800,cloamy,2021,-0.2260810998698033,0.1540847297511718,12,3,ET0,7,0,7.91,4.2070949143533625,4.71830645976308,4.492225359893277,10.8
1626505200,cloamy,2021,-0.31408000222122606,0.1540847297511718,12,3,ET0,7,0,7.91,1.7206288405645938,4.71830645976308,4.405019448022623,0.8
1626591600,cloamy,2021,-0.3355145121398729,0.1540847297511718,12,3,ET0,7,34.06,7.91,2.3398193330169916,4.71830645976308,4.382791947623208,0.0
1626678000,cloamy,2021,-0.7621977942678522,-0.3355145121398729,12,3,ET0,7,0,34.06,5.542148180411579,4.71830645976308,4.204501598688163,0.0
1626764400,cloamy,2021,-0.8171183214987342,-0.3355145121398729,12,3,ET0,7,0,34.06,6.336708517861463,4.71830645976308,4.027567393243252,0.0
1626850800,cloamy,2021,-0.7299517262358325,-0.3355145121398729,12,3,ET0,7,0,34.06,7.723088615724408,4.71830645976308,4.023900267319966,0.0
1626937200,cloamy,2021,-0.6085610226275047,-0.3355145121398729,12,3,ET0,7,0,34.06,6.384988487195638,4.71830645976308,4.110212279010619,0.0
1627023600,cloamy,2021,-0.4485590433617039,-0.3355145121398729,12,3,ET0,7,0,34.06,6.724001721462045,4.71830645976308,4.269747416401376,0.0
1627110000,cloamy,2021,-0.277568240259758,-0.3355145121398729,12,3,ET0,7,0,34.06,6.639604206034317,4.71830645976308,4.440738219503322,0.0
1627196400,cloamy,2021,-0.11251022960367009,-0.3355145121398729,12,3,ET0,7,45.42,34.06,6.068344799075018,4.71830645976308,4.60579623015941,0.0
1627282800,cloamy,2021,-0.6617547482477009,-0.11251022960367009,12,3,ET0,7,0,45.42,3.7441148307248353,4.71830645976308,4.323998560848257,0.0
1627369200,cloamy,2021,-0.7400447638069976,-0.11251022960367009,12,3,ET0,7,0,45.42,5.25782491390273,4.71830645976308,4.130537213646694,1.0
1627455600,cloamy,2021,-0.7091044776095998,-0.11251022960367009,12,3,ET0,7,0,45.42,4.067188753317478,4.71830645976308,4.074849962416382,0.0
1627542000,cloamy,2021,-0.6161147980377545,-0.11251022960367009,12,3,ET0,7,0,45.42,5.501441403272102,4.71830645976308,4.112521765784119,0.0
1627628400,cloamy,2021,-0.45124009428256584,-0.11251022960367009,12,3,ET0,7,0,45.42,7.363960029273559,4.71830645976308,4.267066365480514,0.0
1627714800,cloamy,2021,-0.24824093011107015,-0.11251022960367009,12,3,ET0,7,0,45.42,8.127164249908118,4.71830645976308,4.47006552965201,0.0
1627801200,cloamy,2021,-0.05652959429382088,-0.11251022960367009,12,3,ET0,7,41.07,45.42,7.011084171391055,4.71830645976308,4.6617768654692595,9.0
1627887600,cloamy,2021,-0.5504676025071413,-0.05652959429382088,12,3,ET0,7,0,41.07,7.304828236834061,4.71830645976308,4.410527818180065,0.0
1627974000,cloamy,2021,-0.5826213732359933,-0.05652959429382088,12,3,ET0,7,0,41.07,7.320018177389831,4.71830645976308,4.255124681889975,0.0
1628060400,cloamy,2021,-0.47320256314132464,-0.05652959429382088,12,3,ET0,7,0,41.07,8.239496207860649,4.71830645976308,4.272832625551918,0.0
1628146800,cloamy,2021,-0.4080525159001529,-0.05652959429382088,12,3,ET0,7,0,41.07,4.198759507591638,4.71830645976308,4.310956658830864,0.0
1628233200,cloamy,2021,-0.22198303840974754,-0.05652959429382088,12,3,ET0,7,0,41.07,8.25634687060054,4.71830645976308,4.496323421353333,0.0
1628319600,cloamy,2021,-0.027716377275436868,-0.05652959429382088,12,3,ET0,7,0,41.07,7.823891414052509,4.71830645976308,4.690590082487644,0.0
1628406000,cloamy,2021,0.16024839349596043,-0.05652959429382088,12,3,ET0,7,49.95,41.07,6.8058425683475985,4.71830645976308,4.878554853259041,0.0
1628492400,cloamy,2021,-0.3999669118399094,0.16024839349596043,12,3,ET0,7,0,49.95,8.235329351972808,4.71830645976308,4.571053086078084,0.0
1655967600,cloamy,2022,-0.33161566858612057,0,12,3,SMARTER,2,0,0,5.915965904891959,4.71830645976308,4.386690791176959,0.0
1656054000,cloamy,2022,-0.2564229202880146,-0.33161566858612057,12,3,SMARTER,2,0,0,5.717907755951627,4.71830645976308,4.461883539475066,0.0
1656140400,cloamy,2022,-0.11878611099465455,-0.33161566858612057,12,3,SMARTER,2,2.1975963581136284,0,9.203948870710635,4.71830645976308,4.599520348768426,0.0
1656226800,cloamy,2022,0.006552751432602106,-0.11878611099465455,12,3,SMARTER,2,0,2.1975963581136284,9.569797117975432,4.71830645976308,4.724859211195683,0.0
1656313200,cloamy,2022,0.1436572289168558,-0.11878611099465455,12,3,SMARTER,2,5.77788812380232,2.1975963581136284,8.693094774412245,4.71830645976308,4.8619636886799364,0.0
1656399600,cloamy,2022,0.1744887072506771,0.1436572289168558,12,3,SMARTER,2,0,5.77788812380232,7.460713537351751,4.71830645976308,4.892795167013757,1.6
1656486000,cloamy,2022,0.19576502170986368,0.1436572289168558,12,3,SMARTER,2,6.990476702448006,5.77788812380232,1.8323231735051733,4.71830645976308,4.914071481472944,0.0
1656572400,cloamy,2022,0.18510472849825332,0.19576502170986368,12,3,SMARTER,2,0,6.990476702448006,6.425725286268609,4.71830645976308,4.906321289984797,0.0
1656658800,cloamy,2022,0.29396867156154777,0.19576502170986368,12,3,SMARTER,2,9.050826515352858,6.990476702448006,8.481182130641368,4.71830645976308,5.012275131324628,0.0
1656745200,cloamy,2022,0.28492497285439516,0.29396867156154777,12,3,SMARTER,2,0,9.050826515352858,9.684100900879589,4.71830645976308,5.011207768719648,0.0
1656831600,cloamy,2022,0.3744321465695157,0.29396867156154777,12,3,SMARTER,2,11.13968465515702,9.050826515352858,7.875822878948619,4.71830645976308,5.092738606332596,0.0
1656918000,cloamy,2022,0.30901186872791725,0.3744321465695157,12,3,SMARTER,2,0,11.13968465515702,8.846129638751195,4.71830645976308,5.0460495945836685,0.0
1657004400,cloamy,2022,0.4006808020693265,0.3744321465695157,12,3,SMARTER,2,12.65671092736273,11.13968465515702,8.353871892123982,4.71830645976308,5.118987261832407,0.0
1657090800,cloamy,2022,0.29267386971640674,0.4006808020693265,12,3,SMARTER,2,0,12.65671092736273,8.10868026961472,4.71830645976308,5.0411011397189585,0.0
1657177200,cloamy,2022,0.3308930740284078,0.4006808020693265,12,3,SMARTER,2,12.811937412956928,12.65671092736273,5.27960920736311,4.71830645976308,5.049199533791488,11.6
1657263600,cloamy,2022,0.169412534490791,0.3308930740284078,12,3,SMARTER,2,0,12.811937412956928,7.275206390354677,4.71830645976308,4.945242392721473,0.0
1657350000,cloamy,2022,0.2163732329959162,0.3308930740284078,12,3,SMARTER,2,12.086819019554778,12.811937412956928,7.121172904786319,4.71830645976308,4.939520511068696,0.0
1657436400,cloamy,2022,0.12621743617573322,0.2163732329959162,12,3,SMARTER,2,0,12.086819019554778,7.612583271961939,4.71830645976308,4.894358477289211,0.0
1657522800,cloamy,2022,0.2238415047825782,0.2163732329959162,12,3,SMARTER,2,12.847962795342456,12.086819019554778,8.472336750464112,4.71830645976308,4.944146019982255,0.0
1657609200,cloamy,2022,0.12610370984115682,0.2238415047825782,12,3,SMARTER,2,0,12.847962795342456,7.4879930375083275,4.71830645976308,4.895649425782851,0.0
1657695600,cloamy,2022,0.17461482514663731,0.2238415047825782,12,3,SMARTER,2,12.781087115151077,12.847962795342456,5.439558555641069,4.71830645976308,4.897325698121716,0.0
1657782000,cloamy,2022,0.1032777645591779,0.17461482514663731,12,3,SMARTER,2,0,12.781087115151077,8.254676604732598,4.71830645976308,4.875333746408114,0.0
1657868400,cloamy,2022,0.23287515455077612,0.17461482514663731,12,3,SMARTER,2,14.178836531653072,12.781087115151077,9.447916516172471,4.71830645976308,4.953159086699233,0.0
1657954800,cloamy,2022,0.14885469217077354,0.23287515455077612,12,3,SMARTER,2,0,14.178836531653072,8.968687582898376,4.71830645976308,4.923690386722393,0.0
1658041200,cloamy,2022,0.24092581966245735,0.23287515455077612,12,3,SMARTER,2,14.998221971980618,14.178836531653072,7.701644419417017,4.71830645976308,4.962884698089918,0.0
1658127600,cloamy,2022,0.11107106836060901,0.24092581966245735,12,3,SMARTER,2,0,14.998221971980618,7.236620092977568,4.71830645976308,4.897044493577285,0.0
1658214000,cloamy,2022,0.20677330174883515,0.24092581966245735,12,3,SMARTER,2,15.208711662263656,14.998221971980618,7.976539558735554,4.71830645976308,4.9315864605686235,0.0
1658300400,cloamy,2022,0.11114592874340941,0.20677330174883515,12,3,SMARTER,2,0,15.208711662263656,9.031637030513592,4.71830645976308,4.89889117938805,0.0
1658386800,cloamy,2022,0.2142231904407093,0.20677330174883515,12,3,SMARTER,2,15.940779897888273,15.208711662263656,8.523521442036436,4.71830645976308,4.939005382123238,0.0
1655967600,cloamy,2022,-0.33161566858612057,0,12,3,SMARTER,1,0,0,5.915965904891959,4.71830645976308,4.386690791176959,0.0
1656054000,cloamy,2022,-0.2564229202880146,-0.33161566858612057,12,3,SMARTER,1,0.1330442187132277,0,5.717907755951627,4.71830645976308,4.461883539475066,0.0
1656140400,cloamy,2022,-0.11981676348585538,-0.2564229202880146,12,3,SMARTER,1,1.4128678098815723,0.1330442187132277,9.203948870710635,4.71830645976308,4.598489696277225,0.0
1656226800,cloamy,2022,0.014964267058655572,-0.11981676348585538,12,3,SMARTER,1,3.0751329775916707,1.4128678098815723,9.569797117975432,4.71830645976308,4.733270726821736,0.0
1656313200,cloamy,2022,0.111383911358689,0.014964267058655572,12,3,SMARTER,1,4.566320443268139,3.0751329775916707,8.693094774412245,4.71830645976308,4.829690371121769,0.0
1656399600,cloamy,2022,0.15388485904587548,0.111383911358689,12,3,SMARTER,1,5.537986392652003,4.566320443268139,7.460713537351751,4.71830645976308,4.872191318808956,1.6
1656486000,cloamy,2022,0.0860681594711693,0.15388485904587548,12,3,SMARTER,1,4.982390476169037,5.537986392652003,1.8323231735051733,4.71830645976308,4.808849143650865,0.0
1656572400,cloamy,2022,0.09539855998866914,0.0860681594711693,12,3,SMARTER,1,5.380550962345042,4.982390476169037,6.425725286268609,4.71830645976308,4.819595780382322,0.0
1656658800,cloamy,2022,0.1239318840541937,0.09539855998866914,12,3,SMARTER,1,6.094746503293918,5.380550962345042,8.481182130641368,4.71830645976308,4.849669392904793,0.0
1656745200,cloamy,2022,0.15619302422477033,0.1239318840541937,12,3,SMARTER,1,6.950459258015149,6.094746503293918,9.684100900879589,4.71830645976308,4.884885344421423,0.0
1656831600,cloamy,2022,0.14256648633312502,0.15619302422477033,12,3,SMARTER,1,7.214640262314781,6.950459258015149,7.875822878948619,4.71830645976308,4.877807685988017,0.0
1656918000,cloamy,2022,0.1365657326190739,0.14256648633312502,12,3,SMARTER,1,7.552328415603389,7.214640262314781,8.846129638751195,4.71830645976308,4.876343470301594,0.0
1657004400,cloamy,2022,0.11820974055516095,0.1365657326190739,12,3,SMARTER,1,7.686685732501917,7.552328415603389,8.353871892123982,4.71830645976308,4.862482828924496,0.0
1657090800,cloamy,2022,0.09062176674374259,0.11820974055516095,12,3,SMARTER,1,7.627495346996124,7.686685732501917,8.10868026961472,4.71830645976308,4.8403696074644715,0.0
1657177200,cloamy,2022,0.022186642300097127,0.09062176674374259,12,3,SMARTER,1,6.87283378057267,7.627495346996124,5.27960920736311,4.71830645976308,4.78004771546162,11.6
1657263600,cloamy,2022,-0.05005820385302577,0.022186642300097127,12,3,SMARTER,1,5.855721015176118,6.87283378057267,7.275206390354677,4.71830645976308,4.731047156101654,0.0
1657350000,cloamy,2022,-0.08878733819870784,-0.05005820385302577,12,3,SMARTER,1,5.12460938843181,5.855721015176118,7.121172904786319,4.71830645976308,4.677466826115882,0.0
1657436400,cloamy,2022,-0.07167010941164614,-0.08878733819870784,12,3,SMARTER,1,5.115005805641612,5.12460938843181,7.612583271961939,4.71830645976308,4.680079559781229,0.0
1657522800,cloamy,2022,-0.026273618918527458,-0.07167010941164614,12,3,SMARTER,1,5.580942834803454,5.115005805641612,8.472336750464112,4.71830645976308,4.716739150713452,0.0
1657609200,cloamy,2022,-0.0017648825670577455,-0.026273618918527458,12,3,SMARTER,1,5.869753023319918,5.580942834803454,7.4879930375083275,4.71830645976308,4.740550524862307,0.0
1657695600,cloamy,2022,-0.016183186827344456,-0.0017648825670577455,12,3,SMARTER,1,5.648183811714444,5.869753023319918,5.439558555641069,4.71830645976308,4.729345613850233,0.0
1657782000,cloamy,2022,0.027524864897430553,-0.016183186827344456,12,3,SMARTER,1,6.2552550271040355,5.648183811714444,8.254676604732598,4.71830645976308,4.769325988843134,0.0
1657868400,cloamy,2022,0.08884588731888216,0.027524864897430553,12,3,SMARTER,1,7.257644958118101,6.2552550271040355,9.447916516172471,4.71830645976308,4.8297510209297485,0.0
1657954800,cloamy,2022,0.11909152436791763,0.08884588731888216,12,3,SMARTER,1,7.97786717581028,7.257644958118101,8.968687582898376,4.71830645976308,4.8644301090725985,0.0
1658041200,cloamy,2022,0.10586244368917104,0.11909152436791763,12,3,SMARTER,1,8.136705538732834,7.97786717581028,7.701644419417017,4.71830645976308,4.858509518036861,0.0
1658127600,cloamy,2022,0.076594096180497,0.10586244368917104,12,3,SMARTER,1,8.015267657170236,8.136705538732834,7.236620092977568,4.71830645976308,4.835812066982128,0.0
1658214000,cloamy,2022,0.06413283963718093,0.076594096180497,12,3,SMARTER,1,8.058131097561986,8.015267657170236,7.976539558735554,4.71830645976308,4.8252719197094125,0.0
1658300400,cloamy,2022,0.07437080109047173,0.06413283963718093,12,3,SMARTER,1,8.404099038272891,8.058131097561986,9.031637030513592,4.71830645976308,4.835387927081181,0.0
1658386800,cloamy,2022,0.06686362927813765,0.07437080109047173,12,3,SMARTER,1,8.514603864359295,8.404099038272891,8.523521442036436,4.71830645976308,4.830973314961832,0.0
1655967600,cloamy,2022,-0.33161566858612057,0,12,3,SMARTER,3,0,0,5.915965904891959,4.71830645976308,4.386690791176959,0.0
1656054000,cloamy,2022,-0.2564229202880146,-0.33161566858612057,12,3,SMARTER,3,0,0,5.717907755951627,4.71830645976308,4.461883539475066,0.0
1656140400,cloamy,2022,-0.11878611099465455,-0.33161566858612057,12,3,SMARTER,3,0,0,9.203948870710635,4.71830645976308,4.599520348768426,0.0
1656226800,cloamy,2022,0.03226908248887721,-0.33161566858612057,12,3,SMARTER,3,4.463424260366605,0,9.569797117975432,4.71830645976308,4.7505755422519576,0.0
1656313200,cloamy,2022,0.11489345545554408,0.03226908248887721,12,3,SMARTER,3,0,4.463424260366605,8.693094774412245,4.71830645976308,4.833199915218624,0.0
1656399600,cloamy,2022,0.224755690914591,0.03226908248887721,12,3,SMARTER,3,0,4.463424260366605,7.460713537351751,4.71830645976308,4.9430621506776715,1.6
1656486000,cloamy,2022,0.2557059308818247,0.03226908248887721,12,3,SMARTER,3,7.911784233727449,4.463424260366605,1.8323231735051733,4.71830645976308,4.974012390644905,0.0
1656572400,cloamy,2022,0.23155505779434132,0.2557059308818247,12,3,SMARTER,3,0,7.911784233727449,6.425725286268609,4.71830645976308,4.951666740945157,0.0
1656658800,cloamy,2022,0.3403478261858787,0.2557059308818247,12,3,SMARTER,3,0,7.911784233727449,8.481182130641368,4.71830645976308,5.058654285948959,0.0
1656745200,cloamy,2022,0.472435826034082,0.2557059308818247,12,3,SMARTER,3,11.929850453656783,7.911784233727449,9.684100900879589,4.71830645976308,5.190742285797162,0.0
1656831600,cloamy,2022,0.3747581798320929,0.472435826034082,12,3,SMARTER,3,0,11.929850453656783,7.875822878948619,4.71830645976308,5.104055379658024,0.0
1656918000,cloamy,2022,0.4698608713050329,0.472435826034082,12,3,SMARTER,3,0,11.929850453656783,8.846129638751195,4.71830645976308,5.188167331068113,0.0
1657004400,cloamy,2022,0.5752368051847498,0.472435826034082,12,3,SMARTER,3,14.889172619019048,11.929850453656783,8.353871892123982,4.71830645976308,5.2935432649478305,0.0
1657090800,cloamy,2022,0.4145156214024518,0.5752368051847498,12,3,SMARTER,3,0,14.889172619019048,8.10868026961472,4.71830645976308,5.158906066063769,0.0
1657177200,cloamy,2022,0.45184182832060865,0.5752368051847498,12,3,SMARTER,3,0,14.889172619019048,5.27960920736311,4.71830645976308,5.170148288083689,11.6
1657263600,cloamy,2022,0.5282736458207204,0.5752368051847498,12,3,SMARTER,3,15.910435644112857,14.889172619019048,7.275206390354677,4.71830645976308,5.246580105583801,0.0
1657350000,cloamy,2022,0.30911736082979835,0.5282736458207204,12,3,SMARTER,3,0,15.910435644112857,7.121172904786319,4.71830645976308,5.076038474289227,0.0
1657436400,cloamy,2022,0.37032635470556075,0.5282736458207204,12,3,SMARTER,3,0,15.910435644112857,7.612583271961939,4.71830645976308,5.089673589629937,0.0
1657522800,cloamy,2022,0.48007338316183273,0.5282736458207204,12,3,SMARTER,3,16.772252641691704,15.910435644112857,8.472336750464112,4.71830645976308,5.198379842924913,0.0
1657609200,cloamy,2022,0.30189839284798076,0.48007338316183273,12,3,SMARTER,3,0,16.772252641691704,7.4879930375083275,4.71830645976308,5.070130195365973,0.0
1657695600,cloamy,2022,0.3401622444029556,0.48007338316183273,12,3,SMARTER,3,0,16.772252641691704,5.439558555641069,4.71830645976308,5.0606550667005745,0.0
1657782000,cloamy,2022,0.45431356450491184,0.48007338316183273,12,3,SMARTER,3,17.82607551132339,16.772252641691704,8.254676604732598,4.71830645976308,5.172620024267992,0.0
1657868400,cloamy,2022,0.3031946265247983,0.45431356450491184,12,3,SMARTER,3,0,17.82607551132339,9.447916516172471,4.71830645976308,5.076659817517308,0.0
1657954800,cloamy,2022,0.40299741176395293,0.45431356450491184,12,3,SMARTER,3,0,17.82607551132339,8.968687582898376,4.71830645976308,5.122571534998402,0.0
1658041200,cloamy,2022,0.5103633642501914,0.45431356450491184,12,3,SMARTER,3,20.029763201017317,17.82607551132339,7.701644419417017,4.71830645976308,5.228669824013272,0.0
1658127600,cloamy,2022,0.2769474497480861,0.5103633642501914,12,3,SMARTER,3,0,20.029763201017317,7.236620092977568,4.71830645976308,5.06539298678651,0.0
1658214000,cloamy,2022,0.35357008294376385,0.5103633642501914,12,3,SMARTER,3,0,20.029763201017317,7.976539558735554,4.71830645976308,5.076641286465937,0.0
1658300400,cloamy,2022,0.48771410565572554,0.5103633642501914,12,3,SMARTER,3,21.221114414850902,20.029763201017317,9.031637030513592,4.71830645976308,5.206020565418806,0.0
1658386800,cloamy,2022,0.25619150670427127,0.48771410565572554,12,3,SMARTER,3,0,21.221114414850902,8.523521442036436,4.71830645976308,5.053068048633822,0.0
1655967600,cloamy,2022,-0.33161566858612057,0,12,3,SMARTER,7,0,0,5.915965904891959,4.71830645976308,4.386690791176959,0.0
1656054000,cloamy,2022,-0.2564229202880146,-0.33161566858612057,12,3,SMARTER,7,0,0,5.717907755951627,4.71830645976308,4.461883539475066,0.0
1656140400,cloamy,2022,-0.11878611099465455,-0.33161566858612057,12,3,SMARTER,7,0,0,9.203948870710635,4.71830645976308,4.599520348768426,0.0
1656226800,cloamy,2022,0.03226908248887721,-0.33161566858612057,12,3,SMARTER,7,0,0,9.569797117975432,4.71830645976308,4.7505755422519576,0.0
1656313200,cloamy,2022,0.1764480060681121,-0.33161566858612057,12,3,SMARTER,7,0,0,8.693094774412245,4.71830645976308,4.894754465831192,0.0
1656399600,cloamy,2022,0.2996261133460985,-0.33161566858612057,12,3,SMARTER,7,0,0,7.460713537351751,4.71830645976308,5.017932573109179,1.6
1656486000,cloamy,2022,0.3348868532143851,-0.33161566858612057,12,3,SMARTER,7,0,0,1.8323231735051733,4.71830645976308,5.0531933129774655,0.0
1656572400,cloamy,2022,0.43670429470904404,-0.33161566858612057,12,3,SMARTER,7,10.529952443669108,0,6.425725286268609,4.71830645976308,5.155010754472125,0.0
1656658800,cloamy,2022,0.37013209071011244,0.43670429470904404,12,3,SMARTER,7,0,10.529952443669108,8.481182130641368,4.71830645976308,5.09009246753968,0.0
1656745200,cloamy,2022,0.4871317556386782,0.43670429470904404,12,3,SMARTER,7,0,10.529952443669108,9.684100900879589,4.71830645976308,5.205438215401759,0.0
1656831600,cloamy,2022,0.585837166472729,0.43670429470904404,12,3,SMARTER,7,0,10.529952443669108,7.875822878948619,4.71830645976308,5.304143626235809,0.0
1656918000,cloamy,2022,0.684507690436146,0.43670429470904404,12,3,SMARTER,7,0,10.529952443669108,8.846129638751195,4.71830645976308,5.402814150199227,0.0
1657004400,cloamy,2022,0.7590112335102217,0.43670429470904404,12,3,SMARTER,7,0,10.529952443669108,8.353871892123982,4.71830645976308,5.477317693273302,0.0
1657090800,cloamy,2022,0.8169406569525007,0.43670429470904404,12,3,SMARTER,7,0,10.529952443669108,8.10868026961472,4.71830645976308,5.535247116715581,0.0
1657177200,cloamy,2022,0.8509387984770798,0.43670429470904404,12,3,SMARTER,7,18.053582884316775,10.529952443669108,5.27960920736311,4.71830645976308,5.56924525824016,11.6
1657263600,cloamy,2022,0.5136133201247122,0.8509387984770798,12,3,SMARTER,7,0,18.053582884316775,7.275206390354677,4.71830645976308,5.264997495976574,0.0
1657350000,cloamy,2022,0.5549201200890892,0.8509387984770798,12,3,SMARTER,7,0,18.053582884316775,7.121172904786319,4.71830645976308,5.273226579852169,0.0
1657436400,cloamy,2022,0.638875221173992,0.8509387984770798,12,3,SMARTER,7,0,18.053582884316775,7.612583271961939,4.71830645976308,5.357181680937073,0.0
1657522800,cloamy,2022,0.7424752804396189,0.8509387984770798,12,3,SMARTER,7,0,18.053582884316775,8.472336750464112,4.71830645976308,5.460781740202699,0.0
1657609200,cloamy,2022,0.8153546357005901,0.8509387984770798,12,3,SMARTER,7,0,18.053582884316775,7.4879930375083275,4.71830645976308,5.53366109546367,0.0
1657695600,cloamy,2022,0.8581589872510496,0.8509387984770798,12,3,SMARTER,7,0,18.053582884316775,5.439558555641069,4.71830645976308,5.5764654470141295,0.0
1657782000,cloamy,2022,0.9083983736535645,0.8509387984770798,12,3,SMARTER,7,21.468292907395288,18.053582884316775,8.254676604732598,4.71830645976308,5.626704833416645,0.0
1657868400,cloamy,2022,0.5519101201184357,0.9083983736535645,12,3,SMARTER,7,0,21.468292907395288,9.447916516172471,4.71830645976308,5.313111499088794,0.0
1657954800,cloamy,2022,0.6269985477716372,0.9083983736535645,12,3,SMARTER,7,0,21.468292907395288,8.968687582898376,4.71830645976308,5.3453050075347175,0.0
1658041200,cloamy,2022,0.7158745948741663,0.9083983736535645,12,3,SMARTER,7,0,21.468292907395288,7.701644419417017,4.71830645976308,5.434181054637246,0.0
1658127600,cloamy,2022,0.8024069052130021,0.9083983736535645,12,3,SMARTER,7,0,21.468292907395288,7.236620092977568,4.71830645976308,5.520713364976082,0.0
1658214000,cloamy,2022,0.8713851038740079,0.9083983736535645,12,3,SMARTER,7,0,21.468292907395288,7.976539558735554,4.71830645976308,5.589691563637088,0.0
1658300400,cloamy,2022,0.9244866676992554,0.9083983736535645,12,3,SMARTER,7,0,21.468292907395288,9.031637030513592,4.71830645976308,5.642793127462336,0.0
1658386800,cloamy,2022,0.9603270471932326,0.9083983736535645,12,3,SMARTER,7,24.972418131451,21.468292907395288,8.523521442036436,4.71830645976308,5.678633506956313,0.0
1655967600,cloamy,2022,-0.33161566858612057,0,12,3,ET0,2,5.92,0,5.915965904891959,4.71830645976308,4.386690791176959,0.0
1656054000,cloamy,2022,-0.33135129305839034,-0.33161566858612057,12,3,ET0,2,0,5.92,5.717907755951627,4.71830645976308,4.400606690575314,0.0
1656140400,cloamy,2022,-0.20615893201084295,-0.33161566858612057,12,3,ET0,2,14.92,5.92,9.203948870710635,4.71830645976308,4.512147527752237,0.0
1656226800,cloamy,2022,-0.27627524463755654,-0.20615893201084295,12,3,ET0,2,0,14.92,9.569797117975432,4.71830645976308,4.498819497708527,0.0
1656313200,cloamy,2022,-0.17654561463530896,-0.20615893201084295,12,3,ET0,2,18.26,14.92,8.693094774412245,4.71830645976308,4.546142516384985,0.0
1656399600,cloamy,2022,-0.3460129408080249,-0.17654561463530896,12,3,ET0,2,0,18.26,7.460713537351751,4.71830645976308,4.480685655206678,1.6
1656486000,cloamy,2022,-0.37491428552708644,-0.17654561463530896,12,3,ET0,2,9.29,18.26,1.8323231735051733,4.71830645976308,4.381339588233825,0.0
1656572400,cloamy,2022,-0.4277961054630501,-0.37491428552708644,12,3,ET0,2,0,9.29,6.425725286268609,4.71830645976308,4.3624376045702355,0.0
1656658800,cloamy,2022,-0.3298159133393808,-0.37491428552708644,12,3,ET0,2,14.91,9.29,8.481182130641368,4.71830645976308,4.398867246642241,0.0
1656745200,cloamy,2022,-0.398404515029347,-0.3298159133393808,12,3,ET0,2,0,14.91,9.684100900879589,4.71830645976308,4.4108019724068654,0.0
1656831600,cloamy,2022,-0.30944374920183904,-0.3298159133393808,12,3,ET0,2,17.56,14.91,7.875822878948619,4.71830645976308,4.426532095426439,0.0
1656918000,cloamy,2022,-0.4298670787541063,-0.30944374920183904,12,3,ET0,2,0,17.56,8.846129638751195,4.71830645976308,4.413293740924901,0.0
1657004400,cloamy,2022,-0.33724610376082886,-0.30944374920183904,12,3,ET0,2,17.2,17.56,8.353871892123982,4.71830645976308,4.412474193388122,0.0
1657090800,cloamy,2022,-0.4681188118219494,-0.33724610376082886,12,3,ET0,2,0,17.2,8.10868026961472,4.71830645976308,4.388259314152337,0.0
1657177200,cloamy,2022,-0.42936326359196203,-0.33724610376082886,12,3,ET0,2,13.39,17.2,5.27960920736311,4.71830645976308,4.33501261208397,11.6
1657263600,cloamy,2022,-0.5728719120269407,-0.42936326359196203,12,3,ET0,2,0,13.39,7.275206390354677,4.71830645976308,4.303133739912004,0.0
1657350000,cloamy,2022,-0.5132977846774512,-0.42936326359196203,12,3,ET0,2,14.4,13.39,7.121172904786319,4.71830645976308,4.263737206073926,0.0
1657436400,cloamy,2022,-0.597192199978488,-0.5132977846774512,12,3,ET0,2,0,14.4,7.612583271961939,4.71830645976308,4.260952405821688,0.0
1657522800,cloamy,2022,-0.4806683867223175,-0.5132977846774512,12,3,ET0,2,16.08,14.4,8.472336750464112,4.71830645976308,4.279429566712491,0.0
1657609200,cloamy,2022,-0.5851470973188023,-0.4806683867223175,12,3,ET0,2,0,16.08,7.4879930375083275,4.71830645976308,4.277398024334888,0.0
1657695600,cloamy,2022,-0.5230348082770336,-0.4806683867223175,12,3,ET0,2,12.93,16.08,5.439558555641069,4.71830645976308,4.247685560694093,0.0
1657782000,cloamy,2022,-0.5582124904000927,-0.5230348082770336,12,3,ET0,2,0,12.93,8.254676604732598,4.71830645976308,4.275660350619245,0.0
1657868400,cloamy,2022,-0.40023225099795184,-0.5230348082770336,12,3,ET0,2,17.7,12.93,9.447916516172471,4.71830645976308,4.343756092217469,0.0
1657954800,cloamy,2022,-0.48295826640542766,-0.40023225099795184,12,3,ET0,2,0,17.7,8.968687582898376,4.71830645976308,4.370651929635551,0.0
1658041200,cloamy,2022,-0.37336721899876074,-0.40023225099795184,12,3,ET0,2,16.67,17.7,7.701644419417017,4.71830645976308,4.383153414377222,0.0
1658127600,cloamy,2022,-0.48702006309565177,-0.37336721899876074,12,3,ET0,2,0,16.67,7.236620092977568,4.71830645976308,4.372438049379367,0.0
1658214000,cloamy,2022,-0.37120861193738036,-0.37336721899876074,12,3,ET0,2,15.21,16.67,7.976539558735554,4.71830645976308,4.386479919481287,0.0
1658300400,cloamy,2022,-0.42009804214608554,-0.37120861193738036,12,3,ET0,2,0,15.21,9.031637030513592,4.71830645976308,4.418623014789213,0.0
1658386800,cloamy,2022,-0.2888271844245054,-0.37120861193738036,12,3,ET0,2,17.56,15.21,8.523521442036436,4.71830645976308,4.457240921226862,0.0
1655967600,cloamy,2022,-0.33161566858612057,0,12,3,ET0,1,5.92,0,5.915965904891959,4.71830645976308,4.386690791176959,0.0
1656054000,cloamy,2022,-0.33135129305839034,-0.33161566858612057,12,3,ET0,1,5.72,5.92,5.717907755951627,4.71830645976308,4.400606690575314,0.0
1656140400,cloamy,2022,-0.28175216040378354,-0.33135129305839034,12,3,ET0,1,9.2,5.72,9.203948870710635,4.71830645976308,4.4534360828158945,0.0
1656226800,cloamy,2022,-0.2835655755985731,-0.28175216040378354,12,3,ET0,1,9.57,9.2,9.569797117975432,4.71830645976308,4.474908172322545,0.0
1656313200,cloamy,2022,-0.31748659142487884,-0.2835655755985731,12,3,ET0,1,8.69,9.57,8.693094774412245,4.71830645976308,4.460631687158515,0.0
1656399600,cloamy,2022,-0.3685422429921335,-0.31748659142487884,12,3,ET0,1,7.46,8.69,7.460713537351751,4.71830645976308,4.420053382967084,1.6
1656486000,cloamy,2022,-0.4918684262009908,-0.3685422429921335,12,3,ET0,1,1.83,7.46,1.8323231735051733,4.71830645976308,4.315226756431038,0.0
1656572400,cloamy,2022,-0.4545739237939775,-0.4918684262009908,12,3,ET0,1,6.43,1.83,6.425725286268609,4.71830645976308,4.298592778852018,0.0
1656658800,cloamy,2022,-0.4275083720259747,-0.4545739237939775,12,3,ET0,1,8.48,6.43,8.481182130641368,4.71830645976308,4.332071249257426,0.0
1656745200,cloamy,2022,-0.4077821152548558,-0.4275083720259747,12,3,ET0,1,9.68,8.48,9.684100900879589,4.71830645976308,4.366957567373935,0.0
1656831600,cloamy,2022,-0.44054172755189264,-0.4077821152548558,12,3,ET0,1,7.88,9.68,7.875822878948619,4.71830645976308,4.35816702979321,0.0
1656918000,cloamy,2022,-0.43633565189163726,-0.44054172755189264,12,3,ET0,1,8.85,7.88,8.846129638751195,4.71830645976308,4.358461518787473,0.0
1657004400,cloamy,2022,-0.45133164093775485,-0.43633565189163726,12,3,ET0,1,8.35,8.85,8.353871892123982,4.71830645976308,4.352257473153417,0.0
1657090800,cloamy,2022,-0.4682771233500071,-0.45133164093775485,12,3,ET0,1,8.11,8.35,8.10868026961472,4.71830645976308,4.337624258943261,0.0
1657177200,cloamy,2022,-0.5254802922009757,-0.4682771233500071,12,3,ET0,1,5.28,8.11,5.27960920736311,4.71830645976308,4.288969771521924,11.6
1657263600,cloamy,2022,-0.5561349189250155,-0.5254802922009757,12,3,ET0,1,7.28,5.28,7.275206390354677,4.71830645976308,4.268749699318347,0.0
1657350000,cloamy,2022,-0.5857777688379637,-0.5561349189250155,12,3,ET0,1,7.12,7.28,7.121172904786319,4.71830645976308,4.237916776460066,0.0
1657436400,cloamy,2022,-0.579704111216747,-0.5857777688379637,12,3,ET0,1,7.61,7.12,7.612583271961939,4.71830645976308,4.233379061317093,0.0
1657522800,cloamy,2022,-0.5552460451318815,-0.579704111216747,12,3,ET0,1,8.47,7.61,8.472336750464112,4.71830645976308,4.252279192020871,0.0
1657609200,cloamy,2022,-0.56221929214934,-0.5552460451318815,12,3,ET0,1,7.49,8.47,7.4879930375083275,4.71830645976308,4.253177674855175,0.0
1657695600,cloamy,2022,-0.5923049619922668,-0.56221929214934,12,3,ET0,1,5.44,7.49,5.439558555641069,4.71830645976308,4.224270212287383,0.0
1657782000,cloamy,2022,-0.531842882049708,-0.5923049619922668,12,3,ET0,1,8.25,5.44,8.254676604732598,4.71830645976308,4.256005799385585,0.0
1657868400,cloamy,2022,-0.47427501387400733,-0.531842882049708,12,3,ET0,1,9.45,8.25,9.447916516172471,4.71830645976308,4.318251634010976,0.0
1657954800,cloamy,2022,-0.45011103385730167,-0.47427501387400733,12,3,ET0,1,8.97,9.45,8.968687582898376,4.71830645976308,4.356121854553903,0.0
1658041200,cloamy,2022,-0.45520978064341827,-0.45011103385730167,12,3,ET0,1,7.7,8.97,7.701644419417017,4.71830645976308,4.357162734560155,0.0
1658127600,cloamy,2022,-0.45410629755384596,-0.45520978064341827,12,3,ET0,1,7.24,7.7,7.236620092977568,4.71830645976308,4.351748395396112,0.0
1658214000,cloamy,2022,-0.42475309350556184,-0.45410629755384596,12,3,ET0,1,7.98,7.24,7.976539558735554,4.71830645976308,4.370855320887987,0.0
1658300400,cloamy,2022,-0.3773194229116944,-0.42475309350556184,12,3,ET0,1,9.03,7.98,9.031637030513592,4.71830645976308,4.414224323274768,0.0
1658386800,cloamy,2022,-0.361003791307274,-0.3773194229116944,12,3,ET0,1,8.52,9.03,8.523521442036436,4.71830645976308,4.438689814152427,0.0
1655967600,cloamy,2022,-0.33161566858612057,0,12,3,ET0,3,5.92,0,5.915965904891959,4.71830645976308,4.386690791176959,0.0
1656054000,cloamy,2022,-0.33135129305839034,-0.33161566858612057,12,3,ET0,3,0,5.92,5.717907755951627,4.71830645976308,4.400606690575314,0.0
1656140400,cloamy,2022,-0.20615893201084295,-0.33161566858612057,12,3,ET0,3,0,5.92,9.203948870710635,4.71830645976308,4.512147527752237,0.0
1656226800,cloamy,2022,-0.06693668505863005,-0.33161566858612057,12,3,ET0,3,24.49,5.92,9.569797117975432,4.71830645976308,4.65136977470445,0.0
1656313200,cloamy,2022,-0.2908114341844072,-0.06693668505863005,12,3,ET0,3,0,24.49,8.693094774412245,4.71830645976308,4.536952458421407,0.0
1656399600,cloamy,2022,-0.23507191649216527,-0.06693668505863005,12,3,ET0,3,0,24.49,7.460713537351751,4.71830645976308,4.505662055353052,1.6
1656486000,cloamy,2022,-0.23438580401399284,-0.06693668505863005,12,3,ET0,3,17.99,24.49,1.8323231735051733,4.71830645976308,4.486317309566932,0.0
1656572400,cloamy,2022,-0.4034595112442569,-0.23438580401399284,12,3,ET0,3,0,17.99,6.425725286268609,4.71830645976308,4.429826758336451,0.0
1656658800,cloamy,2022,-0.3197501339568271,-0.23438580401399284,12,3,ET0,3,0,17.99,8.481182130641368,4.71830645976308,4.425862676534283,0.0
1656745200,cloamy,2022,-0.19495193533404775,-0.23438580401399284,12,3,ET0,3,24.59,17.99,9.684100900879589,4.71830645976308,4.523354524429032,0.0
1656831600,cloamy,2022,-0.42667537411540013,-0.19495193533404775,12,3,ET0,3,0,24.59,7.875822878948619,4.71830645976308,4.44758225889665,0.0
1656918000,cloamy,2022,-0.3430651568231957,-0.19495193533404775,12,3,ET0,3,0,24.59,8.846129638751195,4.71830645976308,4.419467212792732,0.0
1657004400,cloamy,2022,-0.23197567562771448,-0.19495193533404775,12,3,ET0,3,25.08,24.59,8.353871892123982,4.71830645976308,4.487703079921859,0.0
1657090800,cloamy,2022,-0.4684019096655199,-0.23197567562771448,12,3,ET0,3,0,25.08,8.10868026961472,4.71830645976308,4.42607855551369,0.0
1657177200,cloamy,2022,-0.44390539774583415,-0.23197567562771448,12,3,ET0,3,0,25.08,5.27960920736311,4.71830645976308,4.339574496575309,11.6
1657263600,cloamy,2022,-0.38419490821821317,-0.23197567562771448,12,3,ET0,3,20.66,25.08,7.275206390354677,4.71830645976308,4.363667880917801,0.0
1657350000,cloamy,2022,-0.6044536618941466,-0.38419490821821317,12,3,ET0,3,0,20.66,7.121172904786319,4.71830645976308,4.307101591030529,0.0
1657436400,cloamy,2022,-0.530061111903433,-0.38419490821821317,12,3,ET0,3,0,20.66,7.612583271961939,4.71830645976308,4.2613558245510506,0.0
1657522800,cloamy,2022,-0.3997478405567281,-0.38419490821821317,12,3,ET0,3,23.21,20.66,8.472336750464112,4.71830645976308,4.3264066520251925,0.0
1657609200,cloamy,2022,-0.5958218774697002,-0.3997478405567281,12,3,ET0,3,0,23.21,7.4879930375083275,4.71830645976308,4.305715836685889,0.0
1657695600,cloamy,2022,-0.5464633132266098,-0.3997478405567281,12,3,ET0,3,0,23.21,5.439558555641069,4.71830645976308,4.246070072728984,0.0
1657782000,cloamy,2022,-0.4110840422633779,-0.3997478405567281,12,3,ET0,3,21.18,23.21,8.254676604732598,4.71830645976308,4.3155680199553,0.0
1657868400,cloamy,2022,-0.5244136616856059,-0.4110840422633779,12,3,ET0,3,0,21.18,9.447916516172471,4.71830645976308,4.346921441764799,0.0
1657954800,cloamy,2022,-0.3895967770502118,-0.4110840422633779,12,3,ET0,3,0,21.18,8.968687582898376,4.71830645976308,4.373386491568071,0.0
1658041200,cloamy,2022,-0.25951749943644625,-0.4110840422633779,12,3,ET0,3,26.12,21.18,7.701644419417017,4.71830645976308,4.460717134806209,0.0
1658127600,cloamy,2022,-0.49763336647094936,-0.25951749943644625,12,3,ET0,3,0,26.12,7.236620092977568,4.71830645976308,4.408213015096384,0.0
1658214000,cloamy,2022,-0.4045474020186109,-0.25951749943644625,12,3,ET0,3,0,26.12,7.976539558735554,4.71830645976308,4.378183504391274,0.0
1658300400,cloamy,2022,-0.2479568636367854,-0.25951749943644625,12,3,ET0,3,24.24,26.12,9.031637030513592,4.71830645976308,4.475084712021107,0.0
1658386800,cloamy,2022,-0.43632671682272606,-0.2479568636367854,12,3,ET0,3,0,24.24,8.523521442036436,4.71830645976308,4.4518272992458465,0.0
1655967600,cloamy,2022,-0.33161566858612057,0,12,3,ET0,7,5.92,0,5.915965904891959,4.71830645976308,4.386690791176959,0.0
1656054000,cloamy,2022,-0.33135129305839034,-0.33161566858612057,12,3,ET0,7,0,5.92,5.717907755951627,4.71830645976308,4.400606690575314,0.0
1656140400,cloamy,2022,-0.20615893201084295,-0.33161566858612057,12,3,ET0,7,0,5.92,9.203948870710635,4.71830645976308,4.512147527752237,0.0
1656226800,cloamy,2022,-0.06693668505863005,-0.33161566858612057,12,3,ET0,7,0,5.92,9.569797117975432,4.71830645976308,4.65136977470445,0.0
1656313200,cloamy,2022,0.06669464110572426,-0.33161566858612057,12,3,ET0,7,0,5.92,8.693094774412245,4.71830645976308,4.785001100868804,0.0
1656399600,cloamy,2022,0.18450562238385704,-0.33161566858612057,12,3,ET0,7,0,5.92,7.460713537351751,4.71830645976308,4.902812082146937,1.6
1656486000,cloamy,2022,0.21940182978470846,-0.33161566858612057,12,3,ET0,7,0,5.92,1.8323231735051733,4.71830645976308,4.937708289547789,0.0
1656572400,cloamy,2022,0.3304091545255211,-0.33161566858612057,12,3,ET0,7,48.9,5.92,6.425725286268609,4.71830645976308,5.048715614288601,0.0
1656658800,cloamy,2022,-0.28174568240405223,0.3304091545255211,12,3,ET0,7,0,48.9,8.481182130641368,4.71830645976308,4.641367667108681,0.0
1656745200,cloamy,2022,-0.31528511921124686,0.3304091545255211,12,3,ET0,7,0,48.9,9.684100900879589,4.71830645976308,4.482030109989178,0.0
1656831600,cloamy,2022,-0.23151994587101038,0.3304091545255211,12,3,ET0,7,0,48.9,7.875822878948619,4.71830645976308,4.497631592667246,0.0
1656918000,cloamy,2022,-0.11046251911355794,0.3304091545255211,12,3,ET0,7,0,48.9,8.846129638751195,4.71830645976308,4.607843940649523,0.0
1657004400,cloamy,2022,0.020960335001847314,0.3304091545255211,12,3,ET0,7,0,48.9,8.353871892123982,4.71830645976308,4.739266794764927,0.0
1657090800,cloamy,2022,0.1589394828087176,0.3304091545255211,12,3,ET0,7,0,48.9,8.10868026961472,4.71830645976308,4.877245942571798,0.0
1657177200,cloamy,2022,0.2605935221978581,0.3304091545255211,12,3,ET0,7,56.63,48.9,5.27960920736311,4.71830645976308,4.9788999819609385,11.6
1657263600,cloamy,2022,-0.49252016704203155,0.2605935221978581,12,3,ET0,7,0,56.63,7.275206390354677,4.71830645976308,4.561601554363339,0.0
1657350000,cloamy,2022,-0.6425044012647013,0.2605935221978581,12,3,ET0,7,0,56.63,7.121172904786319,4.71830645976308,4.257330625433468,0.0
1657436400,cloamy,2022,-0.5544823987181489,0.2605935221978581,12,3,ET0,7,0,56.63,7.612583271961939,4.71830645976308,4.226494054725836,0.0
1657522800,cloamy,2022,-0.41751508007017213,0.2605935221978581,12,3,ET0,7,0,56.63,8.472336750464112,4.71830645976308,4.3045551888579014,0.0
1657609200,cloamy,2022,-0.2827391977573874,0.2605935221978581,12,3,ET0,7,0,56.63,7.4879930375083275,4.71830645976308,4.4355672620056925,0.0
1657695600,cloamy,2022,-0.1691776942285641,0.2605935221978581,12,3,ET0,7,0,56.63,5.439558555641069,4.71830645976308,4.549128765534516,0.0
1657782000,cloamy,2022,0.012116139546415964,0.2605935221978581,12,3,ET0,7,51.66,56.63,8.254676604732598,4.71830645976308,4.730422599309496,0.0
1657868400,cloamy,2022,-0.5163153751743579,0.012116139546415964,12,3,ET0,7,0,51.66,9.447916516172471,4.71830645976308,4.488570404338947,0.0
1657954800,cloamy,2022,-0.5420948312841685,0.012116139546415964,12,3,ET0,7,0,51.66,8.968687582898376,4.71830645976308,4.314787097684077,0.0
1658041200,cloamy,2022,-0.43721994099009,0.012116139546415964,12,3,ET0,7,0,51.66,7.701644419417017,4.71830645976308,4.317706101876603,0.0
1658127600,cloamy,2022,-0.31071280041059046,0.012116139546415964,12,3,ET0,7,0,51.66,7.236620092977568,4.71830645976308,4.407888048226472,0.0
1658214000,cloamy,2022,-0.1475839693197676,0.012116139546415964,12,3,ET0,7,0,51.66,7.976539558735554,4.71830645976308,4.570722490443313,0.0
1658300400,cloamy,2022,0.05253131874067079,0.012116139546415964,12,3,ET0,7,0,51.66,9.031637030513592,4.71830645976308,4.7708377785037515,0.0
1658386800,cloamy,2022,0.2551668409845432,0.012116139546415964,12,3,ET0,7,58.89,51.66,8.523521442036436,4.71830645976308,4.9734733007476235,0.0
1687503600,cloamy,2023,-0.5785463241166519,0,12,3,SMARTER,2,0,0,6.420277994663035,4.71830645976308,4.139760135646428,0.0
1687590000,cloamy,2023,-0.46209314101980364,-0.5785463241166519,12,3,SMARTER,2,0,0,6.3387606045021405,4.71830645976308,4.256213318743277,0.0
1687676400,cloamy,2023,-0.3297361024204429,-0.5785463241166519,12,3,SMARTER,2,1.9965143530931793,0,7.077332335884068,4.71830645976308,4.388570357342638,0.0
1687762800,cloamy,2023,-0.23567683254127522,-0.3297361024204429,12,3,SMARTER,2,0,1.9965143530931793,6.229180911248416,4.71830645976308,4.482629627221805,0.0
1687849200,cloamy,2023,-0.09911913274238757,-0.3297361024204429,12,3,SMARTER,2,4.466560591002681,1.9965143530931793,7.717627618312005,4.71830645976308,4.6191873270206925,0.0
1687935600,cloamy,2023,-0.016102156150156217,-0.09911913274238757,12,3,SMARTER,2,0,4.466560591002681,8.190146658736474,4.71830645976308,4.702204303612924,0.0
1688022000,cloamy,2023,0.022064963453302926,-0.09911913274238757,12,3,SMARTER,2,5.9869646357108754,4.466560591002681,2.6534944981591777,4.71830645976308,4.740371423216383,0.0
1688108400,cloamy,2023,0.061220598518473085,0.022064963453302926,12,3,SMARTER,2,0,5.9869646357108754,7.8119211404442055,4.71830645976308,4.779856119552382,0.0
1688194800,cloamy,2023,0.0953992355265158,0.022064963453302926,12,3,SMARTER,2,7.153173607168977,5.9869646357108754,2.989408376370308,4.71830645976308,4.813705695289596,0.0
1688281200,cloamy,2023,0.03973416084168325,0.0953992355265158,12,3,SMARTER,2,0,7.153173607168977,3.6286065346203205,4.71830645976308,4.763720505793711,0.0
1688367600,cloamy,2023,0.11870450688845445,0.0953992355265158,12,3,SMARTER,2,7.788950384177604,7.153173607168977,5.9091258835011,4.71830645976308,4.837010966651535,0.0
1688454000,cloamy,2023,0.10279490238602074,0.11870450688845445,12,3,SMARTER,2,0,7.788950384177604,6.621532339824514,4.71830645976308,4.830033607214137,0.0
1688540400,cloamy,2023,0.1841348009525557,0.11870450688845445,12,3,SMARTER,2,9.126518315804486,7.788950384177604,6.395412175418061,4.71830645976308,4.902441260715636,0.0
1688626800,cloamy,2023,0.15511727752953103,0.1841348009525557,12,3,SMARTER,2,0,9.126518315804486,7.492344925936937,4.71830645976308,4.888875639280476,5.0
1688713200,cloamy,2023,0.16911912827669906,0.1841348009525557,12,3,SMARTER,2,9.453687628524303,9.126518315804486,3.3788724562330463,4.71830645976308,4.8875449724110664,0.0
1688799600,cloamy,2023,0.10719210063992131,0.16911912827669906,12,3,SMARTER,2,0,9.453687628524303,6.518921569415171,4.71830645976308,4.851482992059965,0.0
1688886000,cloamy,2023,0.19407781397579157,0.16911912827669906,12,3,SMARTER,2,10.33542529884079,9.453687628524303,7.0675670514600375,4.71830645976308,4.912384273738872,0.0
1688972400,cloamy,2023,0.13620937659578095,0.19407781397579157,12,3,SMARTER,2,0,10.33542529884079,6.961944041187434,4.71830645976308,4.883234265371466,0.0
1689058800,cloamy,2023,0.23072628109230162,0.19407781397579157,12,3,SMARTER,2,11.467385747515815,10.33542529884079,7.523781176422247,4.71830645976308,4.949032740855382,0.0
1689145200,cloamy,2023,0.16785892421159765,0.23072628109230162,12,3,SMARTER,2,0,11.467385747515815,7.806608352298979,4.71830645976308,4.919692239422066,0.0
1689231600,cloamy,2023,0.2603806944517659,0.23072628109230162,12,3,SMARTER,2,12.604380791184685,11.467385747515815,7.714035948667738,4.71830645976308,4.97875053240425,22.8
1689318000,cloamy,2023,-0.07189837112466989,0.2603806944517659,12,3,SMARTER,2,0,12.604380791184685,2.9961159428327533,4.71830645976308,4.738348267013376,0.0
1689404400,cloamy,2023,-0.05972824966988909,0.2603806944517659,12,3,SMARTER,2,8.583888712715156,12.604380791184685,5.390782029334142,4.71830645976308,4.679015107066343,0.0
1689490800,cloamy,2023,-0.07767387284688891,-0.05972824966988909,12,3,SMARTER,2,0,8.583888712715156,7.1090569971804145,4.71830645976308,4.686172596529005,0.0
1689577200,cloamy,2023,0.016793220024812244,-0.05972824966988909,12,3,SMARTER,2,9.552526009126009,8.583888712715156,6.608581357186508,4.71830645976308,4.738656176078267,0.0
1689663600,cloamy,2023,0.008103024503710426,0.016793220024812244,12,3,SMARTER,2,0,9.552526009126009,7.5003116982488045,4.71830645976308,4.762423195111134,0.0
1689750000,cloamy,2023,0.11771210646946142,0.016793220024812244,12,3,SMARTER,2,11.116688965870182,9.552526009126009,7.063404491828016,4.71830645976308,4.8368113376542095,0.0
1689836400,cloamy,2023,0.092618621766754,0.11771210646946142,12,3,SMARTER,2,0,11.116688965870182,7.949048805371062,4.71830645976308,4.849030780571981,0.0
1689922800,cloamy,2023,0.17833792566156612,0.11771210646946142,12,3,SMARTER,2,12.379212573160137,11.116688965870182,6.202164075023188,4.71830645976308,4.897727635996778,0.0
1687503600,cloamy,2023,-0.5785463241166519,0,12,3,SMARTER,1,0,0,6.420277994663035,4.71830645976308,4.139760135646428,0.0
1687590000,cloamy,2023,-0.46209314101980364,-0.5785463241166519,12,3,SMARTER,1,0,0,6.3387606045021405,4.71830645976308,4.256213318743277,0.0
1687676400,cloamy,2023,-0.3297361024204429,-0.46209314101980364,12,3,SMARTER,1,0.5990761559310005,0,7.077332335884068,4.71830645976308,4.388570357342638,0.0
1687762800,cloamy,2023,-0.2177447844327719,-0.3297361024204429,12,3,SMARTER,1,1.2897376184847364,0.5990761559310005,6.229180911248416,4.71830645976308,4.500561675330308,0.0
1687849200,cloamy,2023,-0.09290505534609203,-0.2177447844327719,12,3,SMARTER,1,2.509099201486619,1.2897376184847364,7.717627618312005,4.71830645976308,4.625401404416988,0.0
1687935600,cloamy,2023,0.017363400286290343,-0.09290505534609203,12,3,SMARTER,1,3.8844108699340785,2.509099201486619,8.190146658736474,4.71830645976308,4.735669860049371,0.0
1688022000,cloamy,2023,0.0008306626489455463,0.017363400286290343,12,3,SMARTER,1,3.688510006232778,3.8844108699340785,2.6534944981591777,4.71830645976308,4.719137122412026,0.0
1688108400,cloamy,2023,0.06795371216249521,0.0008306626489455463,12,3,SMARTER,1,4.69784773688286,3.688510006232778,7.8119211404442055,4.71830645976308,4.7862601719255755,0.0
1688194800,cloamy,2023,0.0321988231086789,0.06795371216249521,12,3,SMARTER,1,4.3653855375631005,4.69784773688286,2.989408376370308,4.71830645976308,4.752316756263174,0.0
1688281200,cloamy,2023,0.008715061529859963,0.0321988231086789,12,3,SMARTER,1,4.109725583206853,4.3653855375631005,3.6286065346203205,4.71830645976308,4.730646658283944,0.0
1688367600,cloamy,2023,0.02885684966155114,0.008715061529859963,12,3,SMARTER,1,4.4379975897718005,4.109725583206853,5.9091258835011,4.71830645976308,4.750921615327565,0.0
1688454000,cloamy,2023,0.055673986361382474,0.02885684966155114,12,3,SMARTER,1,4.926825189253924,4.4379975897718005,6.621532339824514,4.71830645976308,4.778623980777379,0.0
1688540400,cloamy,2023,0.06831274942099787,0.055673986361382474,12,3,SMARTER,1,5.283428594232302,4.926825189253924,6.395412175418061,4.71830645976308,4.793854677839518,0.0
1688626800,cloamy,2023,0.09303527047037567,0.06831274942099787,12,3,SMARTER,1,5.859204658235963,5.283428594232302,7.492344925936937,4.71830645976308,4.8205800604407,5.0
1688713200,cloamy,2023,0.016306562749350537,0.09303527047037567,12,3,SMARTER,1,4.987379853831714,5.859204658235963,3.3788724562330463,4.71830645976308,4.756906774017079,0.0
1688799600,cloamy,2023,0.019041436313386666,0.016306562749350537,12,3,SMARTER,1,5.077322645540307,4.987379853831714,6.518921569415171,4.71830645976308,4.755559718279283,0.0
1688886000,cloamy,2023,0.039912286950939346,0.019041436313386666,12,3,SMARTER,1,5.447509714043758,5.077322645540307,7.0675670514600375,4.71830645976308,4.774460571325691,0.0
1688972400,cloamy,2023,0.05391371052919682,0.039912286950939346,12,3,SMARTER,1,5.7772679285704385,5.447509714043758,6.961944041187434,4.71830645976308,4.789477051622981,0.0
1689058800,cloamy,2023,0.07468656693459857,0.05391371052919682,12,3,SMARTER,1,6.250601906239055,5.7772679285704385,7.523781176422247,4.71830645976308,4.811433041599557,0.0
1689145200,cloamy,2023,0.0903986557558036,0.07468656693459857,12,3,SMARTER,1,6.710342939360926,6.250601906239055,7.806608352298979,4.71830645976308,4.829600059864993,0.0
1689231600,cloamy,2023,0.09378295294624067,0.0903986557558036,12,3,SMARTER,1,7.032303364484893,6.710342939360926,7.714035948667738,4.71830645976308,4.836486352073841,22.8
1689318000,cloamy,2023,-0.17561524194820954,0.09378295294624067,12,3,SMARTER,1,3.2726792999068612,7.032303364484893,2.9961159428327533,4.71830645976308,4.625579737469708,0.0
1689404400,cloamy,2023,-0.1924680362872352,-0.17561524194820954,12,3,SMARTER,1,2.493041658976848,3.2726792999068612,5.390782029334142,4.71830645976308,4.569512564450418,0.0
1689490800,cloamy,2023,-0.12193007382176697,-0.1924680362872352,12,3,SMARTER,1,2.9737069870971657,2.493041658976848,7.1090569971804145,4.71830645976308,4.613280581379943,0.0
1689577200,cloamy,2023,-0.05127403180389054,-0.12193007382176697,12,3,SMARTER,1,3.667757395900011,2.9737069870971657,6.608581357186508,4.71830645976308,4.675958366026363,0.0
1689663600,cloamy,2023,0.03373694475084542,-0.05127403180389054,12,3,SMARTER,1,4.789099948809379,3.667757395900011,7.5003116982488045,4.71830645976308,4.758119296241352,0.0
1689750000,cloamy,2023,0.09393378896541472,0.03373694475084542,12,3,SMARTER,1,5.793263446280454,4.789099948809379,7.063404491828016,4.71830645976308,4.821273390869729,0.0
1689836400,cloamy,2023,0.15355379801489127,0.09393378896541472,12,3,SMARTER,1,6.969364948918846,5.793263446280454,7.949048805371062,4.71830645976308,4.885209554560364,0.0
1689922800,cloamy,2023,0.14430931434921448,0.15355379801489127,12,3,SMARTER,1,7.2913590879783685,6.969364948918846,6.202164075023188,4.71830645976308,4.8846076209665625,0.0
1687503600,cloamy,2023,-0.5785463241166519,0,12,3,SMARTER,3,0,0,6.420277994663035,4.71830645976308,4.139760135646428,0.0
1687590000,cloamy,2023,-0.46209314101980364,-0.5785463241166519,12,3,SMARTER,3,0,0,6.3387606045021405,4.71830645976308,4.256213318743277,0.0
1687676400,cloamy,2023,-0.3297361024204429,-0.5785463241166519,12,3,SMARTER,3,0,0,7.077332335884068,4.71830645976308,4.388570357342638,0.0
1687762800,cloamy,2023,-0.21246545257668678,-0.5785463241166519,12,3,SMARTER,3,3.75557410074952,0,6.229180911248416,4.71830645976308,4.505841007186394,0.0
1687849200,cloamy,2023,-0.11952322670244428,-0.21246545257668678,12,3,SMARTER,3,0,3.75557410074952,7.717627618312005,4.71830645976308,4.598783233060636,0.0
1687935600,cloamy,2023,0.020867297032556017,-0.21246545257668678,12,3,SMARTER,3,0,3.75557410074952,8.190146658736474,4.71830645976308,4.739173756795636,0.0
1688022000,cloamy,2023,0.0660664513539592,-0.21246545257668678,12,3,SMARTER,3,7.296156301979149,3.75557410074952,2.6534944981591777,4.71830645976308,4.784372911117039,0.0
1688108400,cloamy,2023,0.08701506038463123,0.0660664513539592,12,3,SMARTER,3,0,7.296156301979149,7.8119211404442055,4.71830645976308,4.805738462194037,0.0
1688194800,cloamy,2023,0.1209018926126429,0.0660664513539592,12,3,SMARTER,3,0,7.296156301979149,2.989408376370308,4.71830645976308,4.839208352375723,0.0
1688281200,cloamy,2023,0.1745684891165986,0.0660664513539592,12,3,SMARTER,3,9.121886222480619,7.296156301979149,3.6286065346203205,4.71830645976308,4.892874948879679,0.0
1688367600,cloamy,2023,0.1262569116301396,0.1745684891165986,12,3,SMARTER,3,0,9.121886222480619,5.9091258835011,4.71830645976308,4.8516068991651595,0.0
1688454000,cloamy,2023,0.2138272743431811,0.1745684891165986,12,3,SMARTER,3,0,9.121886222480619,6.621532339824514,4.71830645976308,4.932133734106261,0.0
1688540400,cloamy,2023,0.30838666300366374,0.1745684891165986,12,3,SMARTER,3,11.652864298136391,9.121886222480619,6.395412175418061,4.71830645976308,5.026693122766744,0.0
1688626800,cloamy,2023,0.23567635696073003,0.30838666300366374,12,3,SMARTER,3,0,11.652864298136391,7.492344925936937,4.71830645976308,4.971049477862866,5.0
1688713200,cloamy,2023,0.24660439824954253,0.30838666300366374,12,3,SMARTER,3,0,11.652864298136391,3.3788724562330463,4.71830645976308,4.964910858012622,0.0
1688799600,cloamy,2023,0.3331542049905284,0.30838666300366374,12,3,SMARTER,3,12.949537416950353,11.652864298136391,6.518921569415171,4.71830645976308,5.051460664753608,0.0
1688886000,cloamy,2023,0.22864064007679935,0.3331542049905284,12,3,SMARTER,3,0,12.949537416950353,7.0675670514600375,4.71830645976308,4.976445530541459,0.0
1688972400,cloamy,2023,0.30455322986855726,0.3331542049905284,12,3,SMARTER,3,0,12.949537416950353,6.961944041187434,4.71830645976308,5.0228596896316375,0.0
1689058800,cloamy,2023,0.41394855469695974,0.3331542049905284,12,3,SMARTER,3,15.16091527751841,12.949537416950353,7.523781176422247,4.71830645976308,5.13225501446004,0.0
1689145200,cloamy,2023,0.27933276733357215,0.41394855469695974,12,3,SMARTER,3,0,15.16091527751841,7.806608352298979,4.71830645976308,5.035423228920053,0.0
1689231600,cloamy,2023,0.3615228544924908,0.41394855469695974,12,3,SMARTER,3,0,15.16091527751841,7.714035948667738,4.71830645976308,5.079829641061127,22.8
1689318000,cloamy,2023,0.2787719097727898,0.41394855469695974,12,3,SMARTER,3,14.37511126774674,15.16091527751841,2.9961159428327533,4.71830645976308,5.002896512255863,0.0
1689404400,cloamy,2023,0.08120009321763817,0.2787719097727898,12,3,SMARTER,3,0,14.37511126774674,5.390782029334142,4.71830645976308,4.870662877468961,0.0
1689490800,cloamy,2023,0.14821170920578133,0.2787719097727898,12,3,SMARTER,3,0,14.37511126774674,7.1090569971804145,4.71830645976308,4.87542623666509,0.0
1689577200,cloamy,2023,0.2446075270630754,0.2787719097727898,12,3,SMARTER,3,14.698961256419395,14.37511126774674,6.608581357186508,4.71830645976308,4.962913986826155,0.0
1689663600,cloamy,2023,0.14606599224993,0.2446075270630754,12,3,SMARTER,3,0,14.698961256419395,7.5003116982488045,4.71830645976308,4.917018781671166,0.0
1689750000,cloamy,2023,0.23528148047729391,0.2446075270630754,12,3,SMARTER,3,0,14.698961256419395,7.063404491828016,4.71830645976308,4.956644415656463,0.0
1689836400,cloamy,2023,0.3648133410284015,0.2446075270630754,12,3,SMARTER,3,17.235871047088512,14.698961256419395,7.949048805371062,4.71830645976308,5.083119800791482,0.0
1689922800,cloamy,2023,0.19270263243956534,0.3648133410284015,12,3,SMARTER,3,0,17.235871047088512,6.202164075023188,4.71830645976308,4.973039301233399,0.0
1687503600,cloamy,2023,-0.5785463241166519,0,12,3,SMARTER,7,0,0,6.420277994663035,4.71830645976308,4.139760135646428,0.0
1687590000,cloamy,2023,-0.46209314101980364,-0.5785463241166519,12,3,SMARTER,7,0,0,6.3387606045021405,4.71830645976308,4.256213318743277,0.0
1687676400,cloamy,2023,-0.3297361024204429,-0.5785463241166519,12,3,SMARTER,7,0,0,7.077332335884068,4.71830645976308,4.388570357342638,0.0
1687762800,cloamy,2023,-0.21246545257668678,-0.5785463241166519,12,3,SMARTER,7,0,0,6.229180911248416,4.71830645976308,4.505841007186394,0.0
1687849200,cloamy,2023,-0.07009145299694593,-0.5785463241166519,12,3,SMARTER,7,0,0,7.717627618312005,4.71830645976308,4.648215006766135,0.0
1687935600,cloamy,2023,0.08171173890429247,-0.5785463241166519,12,3,SMARTER,7,0,0,8.190146658736474,4.71830645976308,4.800018198667373,0.0
1688022000,cloamy,2023,0.13139688524617774,-0.5785463241166519,12,3,SMARTER,7,0,0,2.6534944981591777,4.71830645976308,4.849703345009258,0.0
1688108400,cloamy,2023,0.27148295922235594,-0.5785463241166519,12,3,SMARTER,7,11.014800277735162,0,7.8119211404442055,4.71830645976308,4.989789418985437,0.0
1688194800,cloamy,2023,0.139422863424538,0.27148295922235594,12,3,SMARTER,7,0,11.014800277735162,2.989408376370308,4.71830645976308,4.861504676012062,0.0
1688281200,cloamy,2023,0.1790396098011735,0.27148295922235594,12,3,SMARTER,7,0,11.014800277735162,3.6286065346203205,4.71830645976308,4.897346069564254,0.0
1688367600,cloamy,2023,0.2699245287943037,0.27148295922235594,12,3,SMARTER,7,0,11.014800277735162,5.9091258835011,4.71830645976308,4.988230988557384,0.0
1688454000,cloamy,2023,0.37647258465052535,0.27148295922235594,12,3,SMARTER,7,0,11.014800277735162,6.621532339824514,4.71830645976308,5.094779044413605,0.0
1688540400,cloamy,2023,0.4741340865769455,0.27148295922235594,12,3,SMARTER,7,0,11.014800277735162,6.395412175418061,4.71830645976308,5.192440546340026,0.0
1688626800,cloamy,2023,0.5728107631183359,0.27148295922235594,12,3,SMARTER,7,0,11.014800277735162,7.492344925936937,4.71830645976308,5.291117222881416,5.0
1688713200,cloamy,2023,0.6126704750248068,0.27148295922235594,12,3,SMARTER,7,16.94706189243899,11.014800277735162,3.3788724562330463,4.71830645976308,5.330976934787887,0.0
1688799600,cloamy,2023,0.3600076290582179,0.6126704750248068,12,3,SMARTER,7,0,16.94706189243899,6.518921569415171,4.71830645976308,5.106191104082255,0.0
1688886000,cloamy,2023,0.4307168856854449,0.6126704750248068,12,3,SMARTER,7,0,16.94706189243899,7.0675670514600375,4.71830645976308,5.1490233454485255,0.0
1688972400,cloamy,2023,0.5229585478733279,0.6126704750248068,12,3,SMARTER,7,0,16.94706189243899,6.961944041187434,4.71830645976308,5.241265007636408,0.0
1689058800,cloamy,2023,0.6299006668342055,0.6126704750248068,12,3,SMARTER,7,0,16.94706189243899,7.523781176422247,4.71830645976308,5.348207126597286,0.0
1689145200,cloamy,2023,0.7253388168758944,0.6126704750248068,12,3,SMARTER,7,0,16.94706189243899,7.806608352298979,4.71830645976308,5.443645276638975,0.0
1689231600,cloamy,2023,0.7966399920857805,0.6126704750248068,12,3,SMARTER,7,0,16.94706189243899,7.714035948667738,4.71830645976308,5.514946451848861,22.8
1689318000,cloamy,2023,0.7963001920134297,0.6126704750248068,12,3,SMARTER,7,21.539519072342756,16.94706189243899,2.9961159428327533,4.71830645976308,5.51460665177651,0.0
1689404400,cloamy,2023,0.3608394361671818,0.7963001920134297,12,3,SMARTER,7,0,21.539519072342756,5.390782029334142,4.71830645976308,5.141658276488564,0.0
1689490800,cloamy,2023,0.40584680353741953,0.7963001920134297,12,3,SMARTER,7,0,21.539519072342756,7.1090569971804145,4.71830645976308,5.126914445453304,0.0
1689577200,cloamy,2023,0.49090278051403924,0.7963001920134297,12,3,SMARTER,7,0,21.539519072342756,6.608581357186508,4.71830645976308,5.2092092402771195,0.0
1689663600,cloamy,2023,0.6072806176854386,0.7963001920134297,12,3,SMARTER,7,0,21.539519072342756,7.5003116982488045,4.71830645976308,5.325587077448519,0.0
1689750000,cloamy,2023,0.7157061786882821,0.7963001920134297,12,3,SMARTER,7,0,21.539519072342756,7.063404491828016,4.71830645976308,5.434012638451362,0.0
1689836400,cloamy,2023,0.8093319797508605,0.7963001920134297,12,3,SMARTER,7,0,21.539519072342756,7.949048805371062,4.71830645976308,5.52763843951394,0.0
1689922800,cloamy,2023,0.8643260935874089,0.7963001920134297,12,3,SMARTER,7,24.94880817199273,21.539519072342756,6.202164075023188,4.71830645976308,5.582632553350489,0.0
1687503600,cloamy,2023,-0.5785463241166519,0,12,3,ET0,2,6.42,0,6.420277994663035,4.71830645976308,4.139760135646428,0.0
1687590000,cloamy,2023,-0.5449160352030861,-0.5785463241166519,12,3,ET0,2,0,6.42,6.3387606045021405,4.71830645976308,4.187929692895215,0.0
1687676400,cloamy,2023,-0.4256816860136958,-0.5785463241166519,12,3,ET0,2,13.42,6.42,7.077332335884068,4.71830645976308,4.292624773749385,0.0
1687762800,cloamy,2023,-0.5059959001389491,-0.4256816860136958,12,3,ET0,2,0,13.42,6.229180911248416,4.71830645976308,4.267221700275093,0.0
1687849200,cloamy,2023,-0.4030594674305185,-0.4256816860136958,12,3,ET0,2,13.95,13.42,7.717627618312005,4.71830645976308,4.3204506065403985,0.0
1687935600,cloamy,2023,-0.47659792844827076,-0.4030594674305185,12,3,ET0,2,0,13.95,8.190146658736474,4.71830645976308,4.314821911567349,0.0
1688022000,cloamy,2023,-0.47121672071012016,-0.4030594674305185,12,3,ET0,2,10.84,13.95,2.6534944981591777,4.71830645976308,4.264915386783314,0.0
1688108400,cloamy,2023,-0.5117188075037443,-0.47121672071012016,12,3,ET0,2,0,10.84,7.8119211404442055,4.71830645976308,4.272469818312522,0.0
1688194800,cloamy,2023,-0.49423769823802327,-0.47121672071012016,12,3,ET0,2,10.8,10.84,2.989408376370308,4.71830645976308,4.2403433727981215,0.0
1688281200,cloamy,2023,-0.5977832150737795,-0.49423769823802327,12,3,ET0,2,0,10.8,3.6286065346203205,4.71830645976308,4.19825280962953,0.0
1688367600,cloamy,2023,-0.5254720566362049,-0.49423769823802327,12,3,ET0,2,9.54,10.8,5.9091258835011,4.71830645976308,4.210141647066281,0.0
1688454000,cloamy,2023,-0.5495169446694596,-0.5254720566362049,12,3,ET0,2,0,9.54,6.621532339824514,4.71830645976308,4.228078933189059,0.0
1688540400,cloamy,2023,-0.4593078149698457,-0.5254720566362049,12,3,ET0,2,13.02,9.54,6.395412175418061,4.71830645976308,4.2681546385438915,0.0
1688626800,cloamy,2023,-0.5121959232518175,-0.4593078149698457,12,3,ET0,2,0,13.02,7.492344925936937,4.71830645976308,4.285028726804824,5.0
1688713200,cloamy,2023,-0.5022765563265807,-0.4593078149698457,12,3,ET0,2,10.87,13.02,3.3788724562330463,4.71830645976308,4.2491776957458525,0.0
1688799600,cloamy,2023,-0.5617370705621914,-0.5022765563265807,12,3,ET0,2,0,10.87,6.518921569415171,4.71830645976308,4.2447172937166195,0.0
1688886000,cloamy,2023,-0.4645340544799109,-0.5022765563265807,12,3,ET0,2,13.59,10.87,7.0675670514600375,4.71830645976308,4.273381786714189,0.0
1688972400,cloamy,2023,-0.5367597178590069,-0.4645340544799109,12,3,ET0,2,0,13.59,6.961944041187434,4.71830645976308,4.280679668456658,0.0
1689058800,cloamy,2023,-0.4274795108472382,-0.4645340544799109,12,3,ET0,2,14.49,13.59,7.523781176422247,4.71830645976308,4.314264101185089,0.0
1689145200,cloamy,2023,-0.4966374536414398,-0.4274795108472382,12,3,ET0,2,0,14.49,7.806608352298979,4.71830645976308,4.328846847623985,0.0
1689231600,cloamy,2023,-0.38730434439215267,-0.4274795108472382,12,3,ET0,2,15.52,14.49,7.714035948667738,4.71830645976308,4.357154419216236,22.8
1689318000,cloamy,2023,-0.765839233367456,-0.38730434439215267,12,3,ET0,2,0,15.52,2.9961159428327533,4.71830645976308,4.172430974212208,0.0
1689404400,cloamy,2023,-0.7464645388286427,-0.38730434439215267,12,3,ET0,2,8.39,15.52,5.390782029334142,4.71830645976308,4.074268134119312,0.0
1689490800,cloamy,2023,-0.746008277615613,-0.7464645388286427,12,3,ET0,2,0,8.39,7.1090569971804145,4.71830645976308,4.082544076933138,0.0
1689577200,cloamy,2023,-0.635430244507511,-0.7464645388286427,12,3,ET0,2,13.72,8.39,6.608581357186508,4.71830645976308,4.115627435446831,0.0
1689663600,cloamy,2023,-0.6686771185272451,-0.635430244507511,12,3,ET0,2,0,13.72,7.5003116982488045,4.71830645976308,4.1648846010554506,0.0
1689750000,cloamy,2023,-0.5425317790387825,-0.635430244507511,12,3,ET0,2,14.56,13.72,7.063404491828016,4.71830645976308,4.20895542721548,0.0
1689836400,cloamy,2023,-0.5808113469128011,-0.5425317790387825,12,3,ET0,2,0,14.56,7.949048805371062,4.71830645976308,4.255223373293718,0.0
1689922800,cloamy,2023,-0.48315618135624105,-0.5425317790387825,12,3,ET0,2,14.15,14.56,6.202164075023188,4.71830645976308,4.269897263661996,0.0
1687503600,cloamy,2023,-0.5785463241166519,0,12,3,ET0,1,6.42,0,6.420277994663035,4.71830645976308,4.139760135646428,0.0
1687590000,cloamy,2023,-0.5449160352030861,-0.5785463241166519,12,3,ET0,1,6.34,6.42,6.3387606045021405,4.71830645976308,4.187929692895215,0.0
1687676400,cloamy,2023,-0.5119676850669284,-0.5449160352030861,12,3,ET0,1,7.08,6.34,7.077332335884068,4.71830645976308,4.229381279463448,0.0
1687762800,cloamy,2023,-0.5175209610545235,-0.5119676850669284,12,3,ET0,1,6.23,7.08,6.229180911248416,4.71830645976308,4.2358349491311404,0.0
1687849200,cloamy,2023,-0.4974296921494914,-0.5175209610545235,12,3,ET0,1,7.72,6.23,7.717627618312005,4.71830645976308,4.2566851302629,0.0
1687935600,cloamy,2023,-0.4936772081393637,-0.4974296921494914,12,3,ET0,1,8.19,7.72,8.190146658736474,4.71830645976308,4.272697334238113,0.0
1688022000,cloamy,2023,-0.5936934663122255,-0.4936772081393637,12,3,ET0,1,2.65,8.19,2.6534944981591777,4.71830645976308,4.197302306364101,0.0
1688108400,cloamy,2023,-0.5329412189224596,-0.5936934663122255,12,3,ET0,1,7.81,2.65,7.8119211404442055,4.71830645976308,4.217274069785165,0.0
1688194800,cloamy,2023,-0.6118659846841311,-0.5329412189224596,12,3,ET0,1,2.99,7.81,2.989408376370308,4.71830645976308,4.169371137237222,0.0
1688281200,cloamy,2023,-0.6172768375229934,-0.6118659846841311,12,3,ET0,1,3.63,2.99,3.6286065346203205,4.71830645976308,4.140041797123978,0.0
1688367600,cloamy,2023,-0.5784978431554942,-0.6172768375229934,12,3,ET0,1,5.91,3.63,5.9091258835011,4.71830645976308,4.16704482633292,0.0
1688454000,cloamy,2023,-0.5505289507235186,-0.5784978431554942,12,3,ET0,1,6.62,5.91,6.621532339824514,4.71830645976308,4.203338912782212,0.0
1688540400,cloamy,2023,-0.5407685652561928,-0.5505289507235186,12,3,ET0,1,6.4,6.62,6.395412175418061,4.71830645976308,4.222873594729545,0.0
1688626800,cloamy,2023,-0.5114272934529909,-0.5407685652561928,12,3,ET0,1,7.49,6.4,7.492344925936937,4.71830645976308,4.25402535532048,5.0
1688713200,cloamy,2023,-0.6014465822683484,-0.5114272934529909,12,3,ET0,1,3.38,7.49,3.3788724562330463,4.71830645976308,4.199607527261185,0.0
1688799600,cloamy,2023,-0.5657219760691228,-0.6014465822683484,12,3,ET0,1,6.52,3.38,6.518921569415171,4.71830645976308,4.200794785083502,0.0
1688886000,cloamy,2023,-0.5427413878365203,-0.5657219760691228,12,3,ET0,1,7.07,6.52,7.0675670514600375,4.71830645976308,4.229034800571775,0.0
1688972400,cloamy,2023,-0.5307437109884297,-0.5427413878365203,12,3,ET0,1,6.96,7.07,6.961944041187434,4.71830645976308,4.248533252648833,0.0
1689058800,cloamy,2023,-0.5056967575839089,-0.5307437109884297,12,3,ET0,1,7.52,6.96,7.523781176422247,4.71830645976308,4.2747369493178935,0.0
1689145200,cloamy,2023,-0.48578309535978154,-0.5056967575839089,12,3,ET0,1,7.81,7.52,7.806608352298979,4.71830645976308,4.299335859465574,0.0
1689231600,cloamy,2023,-0.47346349735054255,-0.48578309535978154,12,3,ET0,1,7.71,7.81,7.714035948667738,4.71830645976308,4.317327691801105,22.8
1689318000,cloamy,2023,-0.7548465835883902,-0.47346349735054255,12,3,ET0,1,3.0,7.71,2.9961159428327533,4.71830645976308,4.1378064347473185,0.0
1689404400,cloamy,2023,-0.765857819681669,-0.7548465835883902,12,3,ET0,1,5.39,3.0,5.390782029334142,4.71830645976308,4.059380354909387,0.0
1689490800,cloamy,2023,-0.7216428387670525,-0.765857819681669,12,3,ET0,1,7.11,5.39,7.1090569971804145,4.71830645976308,4.078420331611059,0.0
1689577200,cloamy,2023,-0.6997808589514444,-0.7216428387670525,12,3,ET0,1,6.61,7.11,6.608581357186508,4.71830645976308,4.104264329742837,0.0
1689663600,cloamy,2023,-0.6471996905445371,-0.6997808589514444,12,3,ET0,1,7.5,6.61,7.5003116982488045,4.71830645976308,4.14951867789846,0.0
1689750000,cloamy,2023,-0.615591042560974,-0.6471996905445371,12,3,ET0,1,7.06,7.5,7.063404491828016,4.71830645976308,4.1851526000647,0.0
1689836400,cloamy,2023,-0.557938749353064,-0.615591042560974,12,3,ET0,1,7.95,7.06,7.949048805371062,4.71830645976308,4.236922412601014,0.0
1689922800,cloamy,2023,-0.5606119371285855,-0.557938749353064,12,3,ET0,1,6.2,7.95,6.202164075023188,4.71830645976308,4.243622767456581,0.0
1687503600,cloamy,2023,-0.5785463241166519,0,12,3,ET0,3,6.42,0,6.420277994663035,4.71830645976308,4.139760135646428,0.0
1687590000,cloamy,2023,-0.5449160352030861,-0.5785463241166519,12,3,ET0,3,0,6.42,6.3387606045021405,4.71830645976308,4.187929692895215,0.0
1687676400,cloamy,2023,-0.4256816860136958,-0.5785463241166519,12,3,ET0,3,0,6.42,7.077332335884068,4.71830645976308,4.292624773749385,0.0
1687762800,cloamy,2023,-0.3179875967226657,-0.5785463241166519,12,3,ET0,3,19.65,6.42,6.229180911248416,4.71830645976308,4.400318863040415,0.0
1687849200,cloamy,2023,-0.4660529239238816,-0.3179875967226657,12,3,ET0,3,0,19.65,7.717627618312005,4.71830645976308,4.3363445907281175,0.0
1687935600,cloamy,2023,-0.3693632100794032,-0.3179875967226657,12,3,ET0,3,0,19.65,8.190146658736474,4.71830645976308,4.361679991032896,0.0
1688022000,cloamy,2023,-0.34599388846295753,-0.3179875967226657,12,3,ET0,3,18.56,19.65,2.6534944981591777,4.71830645976308,4.372312571300123,0.0
1688108400,cloamy,2023,-0.49026926814255944,-0.34599388846295753,12,3,ET0,3,0,18.56,7.8119211404442055,4.71830645976308,4.331654103938524,0.0
1688194800,cloamy,2023,-0.48949065594040175,-0.34599388846295753,12,3,ET0,3,0,18.56,2.989408376370308,4.71830645976308,4.26096973015147,0.0
1688281200,cloamy,2023,-0.4506586032388779,-0.34599388846295753,12,3,ET0,3,14.43,18.56,3.6286065346203205,4.71830645976308,4.270739143185295,0.0
1688367600,cloamy,2023,-0.5543300665521079,-0.4506586032388779,12,3,ET0,3,0,14.43,5.9091258835011,4.71830645976308,4.252966885188484,0.0
1688454000,cloamy,2023,-0.4710092280663335,-0.4506586032388779,12,3,ET0,3,0,14.43,6.621532339824514,4.71830645976308,4.267770153450002,0.0
1688540400,cloamy,2023,-0.3737852302541408,-0.4506586032388779,12,3,ET0,3,18.93,14.43,6.395412175418061,4.71830645976308,4.344521229508939,0.0
1688626800,cloamy,2023,-0.508866976193567,-0.3737852302541408,12,3,ET0,3,0,18.93,7.492344925936937,4.71830645976308,4.323137083094504,5.0
1688713200,cloamy,2023,-0.5135690021755395,-0.3737852302541408,12,3,ET0,3,0,18.93,3.3788724562330463,4.71830645976308,4.255187843211809,0.0
1688799600,cloamy,2023,-0.4276796496627035,-0.3737852302541408,12,3,ET0,3,17.39,18.93,6.518921569415171,4.71830645976308,4.297055551832296,0.0
1688886000,cloamy,2023,-0.5474676692732336,-0.4276796496627035,12,3,ET0,3,0,17.39,7.0675670514600375,4.71830645976308,4.292248432521394,0.0
1688972400,cloamy,2023,-0.4620942729751613,-0.4276796496627035,12,3,ET0,3,0,17.39,6.961944041187434,4.71830645976308,4.291223256055842,0.0
1689058800,cloamy,2023,-0.338612817174353,-0.4276796496627035,12,3,ET0,3,21.55,17.39,7.523781176422247,4.71830645976308,4.380133907844617,0.0
1689145200,cloamy,2023,-0.49981387274606465,-0.338612817174353,12,3,ET0,3,0,21.55,7.806608352298979,4.71830645976308,4.361505724920037,0.0
1689231600,cloamy,2023,-0.4046933189191947,-0.338612817174353,12,3,ET0,3,0,21.55,7.714035948667738,4.71830645976308,4.356023549913698,22.8
1689318000,cloamy,2023,-0.5368329053496207,-0.338612817174353,12,3,ET0,3,18.52,21.55,2.9961159428327533,4.71830645976308,4.252210248263532,0.0
1689404400,cloamy,2023,-0.7540834122293715,-0.5368329053496207,12,3,ET0,3,0,18.52,5.390782029334142,4.71830645976308,4.174458363109563,0.0
1689490800,cloamy,2023,-0.6729488034388469,-0.5368329053496207,12,3,ET0,3,0,18.52,7.1090569971804145,4.71830645976308,4.134304424637128,0.0
1689577200,cloamy,2023,-0.5658792588889083,-0.5368329053496207,12,3,ET0,3,19.11,18.52,6.608581357186508,4.71830645976308,4.1703814745026575,0.0
1689663600,cloamy,2023,-0.6761023050357374,-0.5658792588889083,12,3,ET0,3,0,19.11,7.5003116982488045,4.71830645976308,4.200460820870277,0.0
1689750000,cloamy,2023,-0.565383530135572,-0.5658792588889083,12,3,ET0,3,0,19.11,7.063404491828016,4.71830645976308,4.209871684273854,0.0
1689836400,cloamy,2023,-0.41174460988349504,-0.5658792588889083,12,3,ET0,3,22.51,19.11,7.949048805371062,4.71830645976308,4.3109306762036015,0.0
1689922800,cloamy,2023,-0.6014429993107826,-0.41174460988349504,12,3,ET0,3,0,22.51,6.202164075023188,4.71830645976308,4.288112209947845,0.0
1687503600,cloamy,2023,-0.5785463241166519,0,12,3,ET0,7,6.42,0,6.420277994663035,4.71830645976308,4.139760135646428,0.0
1687590000,cloamy,2023,-0.5449160352030861,-0.5785463241166519,12,3,ET0,7,0,6.42,6.3387606045021405,4.71830645976308,4.187929692895215,0.0
1687676400,cloamy,2023,-0.4256816860136958,-0.5785463241166519,12,3,ET0,7,0,6.42,7.077332335884068,4.71830645976308,4.292624773749385,0.0
1687762800,cloamy,2023,-0.3179875967226657,-0.5785463241166519,12,3,ET0,7,0,6.42,6.229180911248416,4.71830645976308,4.400318863040415,0.0
1687849200,cloamy,2023,-0.18460832178730066,-0.5785463241166519,12,3,ET0,7,0,6.42,7.717627618312005,4.71830645976308,4.5336981379757795,0.0
1687935600,cloamy,2023,-0.04029998841062593,-0.5785463241166519,12,3,ET0,7,0,6.42,8.190146658736474,4.71830645976308,4.678006471352455,0.0
1688022000,cloamy,2023,0.008186308546001456,-0.5785463241166519,12,3,ET0,7,0,6.42,2.6534944981591777,4.71830645976308,4.726492768309082,0.0
1688108400,cloamy,2023,0.14864137900828167,-0.5785463241166519,12,3,ET0,7,46.02,6.42,7.8119211404442055,4.71830645976308,4.866947838771362,0.0
1688194800,cloamy,2023,-0.4752859339495674,0.14864137900828167,12,3,ET0,7,0,46.02,2.989408376370308,4.71830645976308,4.445703076308085,0.0
1688281200,cloamy,2023,-0.5831376231368451,0.14864137900828167,12,3,ET0,7,0,46.02,3.6286065346203205,4.71830645976308,4.233702092981675,0.0
1688367600,cloamy,2023,-0.5204286846365221,0.14864137900828167,12,3,ET0,7,0,46.02,5.9091258835011,4.71830645976308,4.22143854851287,0.0
1688454000,cloamy,2023,-0.4193698444664082,0.14864137900828167,12,3,ET0,7,0,46.02,6.621532339824514,4.71830645976308,4.298936615296672,0.0
1688540400,cloamy,2023,-0.3076027365217068,0.14864137900828167,12,3,ET0,7,0,46.02,6.395412175418061,4.71830645976308,4.410703723241373,0.0
1688626800,cloamy,2023,-0.16782001584749298,0.14864137900828167,12,3,ET0,7,0,46.02,7.492344925936937,4.71830645976308,4.550486443915587,5.0
1688713200,cloamy,2023,-0.1019558117356039,0.14864137900828167,12,3,ET0,7,36.42,46.02,3.3788724562330463,4.71830645976308,4.616350648027477,0.0
1688799600,cloamy,2023,-0.5195701355491033,-0.1019558117356039,12,3,ET0,7,0,36.42,6.518921569415171,4.71830645976308,4.397689103597583,0.0
1688886000,cloamy,2023,-0.5039580231257847,-0.1019558117356039,12,3,ET0,7,0,36.42,7.0675670514600375,4.71830645976308,4.297145465142194,0.0
1688972400,cloamy,2023,-0.41056339059769276,-0.1019558117356039,12,3,ET0,7,0,36.42,6.961944041187434,4.71830645976308,4.322076329443152,0.0
1689058800,cloamy,2023,-0.2806626749661443,-0.1019558117356039,12,3,ET0,7,0,36.42,7.523781176422247,4.71830645976308,4.437643784796936,0.0
1689145200,cloamy,2023,-0.13370601819558475,-0.1019558117356039,12,3,ET0,7,0,36.42,7.806608352298979,4.71830645976308,4.5846004415674955,0.0
1689231600,cloamy,2023,0.021379968170820177,-0.1019558117356039,12,3,ET0,7,0,36.42,7.714035948667738,4.71830645976308,4.739686427933901,22.8
1689318000,cloamy,2023,-0.01802198172819625,-0.1019558117356039,12,3,ET0,7,46.59,36.42,2.9961159428327533,4.71830645976308,4.700284478034884,0.0
1689404400,cloamy,2023,-0.6598545288721254,-0.01802198172819625,12,3,ET0,7,0,46.59,5.390782029334142,4.71830645976308,4.379266112067878,0.0
1689490800,cloamy,2023,-0.7111498017786531,-0.01802198172819625,12,3,ET0,7,0,46.59,7.1090569971804145,4.71830645976308,4.173775956261139,0.0
1689577200,cloamy,2023,-0.6264812092158752,-0.01802198172819625,12,3,ET0,7,0,46.59,6.608581357186508,4.71830645976308,4.151713030569205,0.0
1689663600,cloamy,2023,-0.4881461100559871,-0.01802198172819625,12,3,ET0,7,0,46.59,7.5003116982488045,4.71830645976308,4.234105255679828,0.0
1689750000,cloamy,2023,-0.33981354447171574,-0.01802198172819625,12,3,ET0,7,0,46.59,7.063404491828016,4.71830645976308,4.378492915291364,0.0
1689836400,cloamy,2023,-0.1557697242053053,-0.01802198172819625,12,3,ET0,7,0,46.59,7.949048805371062,4.71830645976308,4.562536735557775,0.0
1689922800,cloamy,2023,-0.005791230013269118,-0.01802198172819625,12,3,ET0,7,47.82,46.59,6.202164075023188,4.71830645976308,4.712515229749811,0.0
1719126000,cloamy,2024,-0.6176911353959775,0,12,3,SMARTER,2,0,0,1.6632265501860408,4.71830645976308,4.100615324367102,1.7999999999999998
1719212400,cloamy,2024,-0.636353238207011,-0.6176911353959775,12,3,SMARTER,2,0,0,1.5856569477409397,4.71830645976308,4.081953221556069,5.8
1719298800,cloamy,2024,-0.6603845557583246,-0.6176911353959775,12,3,SMARTER,2,0,0,1.6430199437714739,4.71830645976308,4.057921904004756,12.6
1719385200,cloamy,2024,-0.6583217722312485,-0.6603845557583246,12,3,SMARTER,2,0,0,3.7360647761286776,4.71830645976308,4.0599846875318315,1.0
1719471600,cloamy,2024,-0.6784190088955133,-0.6603845557583246,12,3,SMARTER,2,0,0,3.2830581050375076,4.71830645976308,4.039887450867567,0.0
1719558000,cloamy,2024,-0.5612707002741859,-0.6784190088955133,12,3,SMARTER,2,0,0,8.105450401178516,4.71830645976308,4.1570357594888945,0.0
1719644400,cloamy,2024,-0.4476572934762048,-0.6784190088955133,12,3,SMARTER,2,0,0,6.855392222915658,4.71830645976308,4.2706491662868755,0.0
1719730800,cloamy,2024,-0.329465435674857,-0.4476572934762048,12,3,SMARTER,2,0,0,6.275478723242181,4.71830645976308,4.388841024088223,0.0
1719817200,cloamy,2024,-0.1456955131214625,-0.4476572934762048,12,3,SMARTER,2,3.18645482489252,0,9.008052630760128,4.71830645976308,4.572610946641618,0.0
1719903600,cloamy,2024,-0.054166004246458,-0.1456955131214625,12,3,SMARTER,2,0,3.18645482489252,6.40343719338403,4.71830645976308,4.664140455516622,0.0
1719990000,cloamy,2024,0.0780501616035815,-0.1456955131214625,12,3,SMARTER,2,6.105553406403792,3.18645482489252,6.828302846826217,4.71830645976308,4.7963566213666615,0.0
1720076400,cloamy,2024,0.04828533854308854,0.0780501616035815,12,3,SMARTER,2,0,6.105553406403792,3.501203041998366,4.71830645976308,4.766591798306169,0.0
1720162800,cloamy,2024,0.11851833024789625,0.0780501616035815,12,3,SMARTER,2,6.946726420879258,6.105553406403792,4.1107559323561444,4.71830645976308,4.836824790010977,0.0
1720249200,cloamy,2024,0.1467646053573851,0.11851833024789625,12,3,SMARTER,2,0,6.946726420879258,7.570021332731803,4.71830645976308,4.866774990804065,0.0
1720335600,cloamy,2024,0.27292327576899206,0.11851833024789625,12,3,SMARTER,2,9.618355594439384,6.946726420879258,8.236770338981968,4.71830645976308,4.991229735532072,0.0
1720422000,cloamy,2024,0.17110464063463843,0.27292327576899206,12,3,SMARTER,2,0,9.618355594439384,3.5751601774979624,4.71830645976308,4.902414749062012,0.0
1720508400,cloamy,2024,0.24888733387519113,0.27292327576899206,12,3,SMARTER,2,10.076586293339346,9.618355594439384,6.021523561190189,4.71830645976308,4.9671937936382715,1.0
1720594800,cloamy,2024,0.18115557509626715,0.24888733387519113,12,3,SMARTER,2,0,10.076586293339346,6.408995121084742,4.71830645976308,4.919815380073877,0.0
1720681200,cloamy,2024,0.2722655339931984,0.24888733387519113,12,3,SMARTER,2,11.17392129673503,10.076586293339346,7.100145056634385,4.71830645976308,4.990571993756278,0.0
1720767600,cloamy,2024,0.22307227249959624,0.2722655339931984,12,3,SMARTER,2,0,11.17392129673503,8.417233027045325,4.71830645976308,4.967089239406699,0.0
1720854000,cloamy,2024,0.35396172606701143,0.2722655339931984,12,3,SMARTER,2,13.21616077982182,11.17392129673503,9.478835789843245,4.71830645976308,5.072268185830092,0.0
1720940400,cloamy,2024,0.26591885255961917,0.35396172606701143,12,3,SMARTER,2,0,13.21616077982182,8.65408688020589,4.71830645976308,5.019428300587819,0.0
1721026800,cloamy,2024,0.3618088647797343,0.35396172606701143,12,3,SMARTER,2,14.395753038713696,13.21616077982182,8.038553013013921,4.71830645976308,5.080115324542814,0.0
1721113200,cloamy,2024,0.24407797175414117,0.3618088647797343,12,3,SMARTER,2,0,14.395753038713696,8.079175888672749,4.71830645976308,5.00884146925093,0.0
1721199600,cloamy,2024,0.37335086603547146,0.3618088647797343,12,3,SMARTER,2,15.654309651888958,14.395753038713696,9.89638188136864,4.71830645976308,5.091831857712503,0.0
1721286000,cloamy,2024,0.2487620520095355,0.37335086603547146,12,3,SMARTER,2,0,15.654309651888958,8.856197692783795,4.71830645976308,5.022436252350698,0.0
1721372400,cloamy,2024,0.35003520757314305,0.37335086603547146,12,3,SMARTER,2,16.424627373060446,15.654309651888958,8.59349226880255,4.71830645976308,5.070097164156388,0.0
1721458800,cloamy,2024,0.17220334430702147,0.35003520757314305,12,3,SMARTER,2,0,16.424627373060446,6.5994601364997925,4.71830645976308,4.9611956703056785,0.0
1721545200,cloamy,2024,0.2305470210069203,0.35003520757314305,12,3,SMARTER,2,15.682410197286533,16.424627373060446,6.35886520949269,4.71830645976308,4.957172483054539,0.0
1719126000,cloamy,2024,-0.6176911353959775,0,12,3,SMARTER,1,0,0,1.6632265501860408,4.71830645976308,4.100615324367102,1.7999999999999998
1719212400,cloamy,2024,-0.636353238207011,-0.6176911353959775,12,3,SMARTER,1,0,0,1.5856569477409397,4.71830645976308,4.081953221556069,5.8
1719298800,cloamy,2024,-0.6603845557583246,-0.636353238207011,12,3,SMARTER,1,0,0,1.6430199437714739,4.71830645976308,4.057921904004756,12.6
1719385200,cloamy,2024,-0.6583217722312485,-0.6603845557583246,12,3,SMARTER,1,0,0,3.7360647761286776,4.71830645976308,4.0599846875318315,1.0
1719471600,cloamy,2024,-0.6784190088955133,-0.6583217722312485,12,3,SMARTER,1,0,0,3.2830581050375076,4.71830645976308,4.039887450867567,0.0
1719558000,cloamy,2024,-0.5612707002741859,-0.6784190088955133,12,3,SMARTER,1,0,0,8.105450401178516,4.71830645976308,4.1570357594888945,0.0
1719644400,cloamy,2024,-0.4476572934762048,-0.5612707002741859,12,3,SMARTER,1,0,0,6.855392222915658,4.71830645976308,4.2706491662868755,0.0
1719730800,cloamy,2024,-0.329465435674857,-0.4476572934762048,12,3,SMARTER,1,0.42990598659160306,0,6.275478723242181,4.71830645976308,4.388841024088223,0.0
1719817200,cloamy,2024,-0.1485807770571448,-0.329465435674857,12,3,SMARTER,1,2.1547795588327148,0.42990598659160306,9.008052630760128,4.71830645976308,4.569725682705935,0.0
1719903600,cloamy,2024,-0.044233927891220354,-0.1485807770571448,12,3,SMARTER,1,3.274239965150147,2.1547795588327148,6.40343719338403,4.71830645976308,4.67407253187186,0.0
1719990000,cloamy,2024,0.03746237932701673,-0.044233927891220354,12,3,SMARTER,1,4.366982789750042,3.274239965150147,6.828302846826217,4.71830645976308,4.755768839090097,0.0
1720076400,cloamy,2024,0.03040550359259796,0.03746237932701673,12,3,SMARTER,1,4.373516791714811,4.366982789750042,3.501203041998366,4.71830645976308,4.748711963355678,0.0
1720162800,cloamy,2024,0.031518014553777715,0.03040550359259796,12,3,SMARTER,1,4.4814209669103,4.373516791714811,4.1107559323561444,4.71830645976308,4.75040308279241,0.0
1720249200,cloamy,2024,0.09092644228265744,0.031518014553777715,12,3,SMARTER,1,5.467101426504829,4.4814209669103,7.570021332731803,4.71830645976308,4.810517419735243,0.0
1720335600,cloamy,2024,0.1340306766944567,0.09092644228265744,12,3,SMARTER,1,6.3864442695297905,5.467101426504829,8.236770338981968,4.71830645976308,4.856375786160185,0.0
1720422000,cloamy,2024,0.07327698528371229,0.1340306766944567,12,3,SMARTER,1,5.877230928451994,6.3864442695297905,3.5751601774979624,4.71830645976308,4.804767355062581,0.0
1720508400,cloamy,2024,0.06129509198284064,0.07327698528371229,12,3,SMARTER,1,5.917333484790056,5.877230928451994,6.021523561190189,4.71830645976308,4.794724131720009,1.0
1720594800,cloamy,2024,0.05339149313383851,0.06129509198284064,12,3,SMARTER,1,5.982664778003546,5.917333484790056,6.408995121084742,4.71830645976308,4.789456993294843,0.0
1720681200,cloamy,2024,0.06214782754778082,0.05339149313383851,12,3,SMARTER,1,6.274184273614196,5.982664778003546,7.100145056634385,4.71830645976308,4.7991651130783275,0.0
1720767600,cloamy,2024,0.09190549431281897,0.06214782754778082,12,3,SMARTER,1,6.906992757733112,6.274184273614196,8.417233027045325,4.71830645976308,4.829728892405835,0.0
1720854000,cloamy,2024,0.1293816638630945,0.09190549431281897,12,3,SMARTER,1,7.744851783925701,6.906992757733112,9.478835789843245,4.71830645976308,4.8692685247609715,0.0
1720940400,cloamy,2024,0.13205164264544242,0.1293816638630945,12,3,SMARTER,1,8.173046457250203,7.744851783925701,8.65408688020589,4.71830645976308,4.877232173011904,0.0
1721026800,cloamy,2024,0.114769514287955,0.13205164264544242,12,3,SMARTER,1,8.30996945982422,8.173046457250203,8.038553013013921,4.71830645976308,4.866628439301834,0.0
1721113200,cloamy,2024,0.09472529781400903,0.114769514287955,12,3,SMARTER,1,8.353614755578896,8.30996945982422,8.079175888672749,4.71830645976308,4.85175721998785,0.0
1721199600,cloamy,2024,0.11338815020637046,0.09472529781400903,12,3,SMARTER,1,8.917733434906344,8.353614755578896,9.89638188136864,4.71830645976308,4.870422838676094,0.0
1721286000,cloamy,2024,0.0994797668502211,0.11338815020637046,12,3,SMARTER,1,9.049272135183216,8.917733434906344,8.856197692783795,4.71830645976308,4.862045550773885,0.0
1721372400,cloamy,2024,0.07455601687566732,0.0994797668502211,12,3,SMARTER,1,8.973855186115571,9.049272135183216,8.59349226880255,4.71830645976308,4.8418275621758875,0.0
1721458800,cloamy,2024,0.010969610109755314,0.07455601687566732,12,3,SMARTER,1,8.243727135253893,8.973855186115571,6.5994601364997925,4.71830645976308,4.786760679274463,0.0
1721545200,cloamy,2024,-0.046327827601342034,0.010969610109755314,12,3,SMARTER,1,7.417174399916699,8.243727135253893,6.35886520949269,4.71830645976308,4.73219211101403,0.0
1719126000,cloamy,2024,-0.6176911353959775,0,12,3,SMARTER,3,0,0,1.6632265501860408,4.71830645976308,4.100615324367102,1.7999999999999998
1719212400,cloamy,2024,-0.636353238207011,-0.6176911353959775,12,3,SMARTER,3,0,0,1.5856569477409397,4.71830645976308,4.081953221556069,5.8
1719298800,cloamy,2024,-0.6603845557583246,-0.6176911353959775,12,3,SMARTER,3,0,0,1.6430199437714739,4.71830645976308,4.057921904004756,12.6
1719385200,cloamy,2024,-0.6583217722312485,-0.6176911353959775,12,3,SMARTER,3,0,0,3.7360647761286776,4.71830645976308,4.0599846875318315,1.0
1719471600,cloamy,2024,-0.6784190088955133,-0.6583217722312485,12,3,SMARTER,3,0,0,3.2830581050375076,4.71830645976308,4.039887450867567,0.0
1719558000,cloamy,2024,-0.5612707002741859,-0.6583217722312485,12,3,SMARTER,3,0,0,8.105450401178516,4.71830645976308,4.1570357594888945,0.0
1719644400,cloamy,2024,-0.4476572934762048,-0.6583217722312485,12,3,SMARTER,3,0,0,6.855392222915658,4.71830645976308,4.2706491662868755,0.0
1719730800,cloamy,2024,-0.329465435674857,-0.4476572934762048,12,3,SMARTER,3,0,0,6.275478723242181,4.71830645976308,4.388841024088223,0.0
1719817200,cloamy,2024,-0.1456955131214625,-0.4476572934762048,12,3,SMARTER,3,0,0,9.008052630760128,4.71830645976308,4.572610946641618,0.0
1719903600,cloamy,2024,-0.008655670749599597,-0.4476572934762048,12,3,SMARTER,3,5.242052460470464,0,6.40343719338403,4.71830645976308,4.70965078901348,0.0
1719990000,cloamy,2024,0.050240584131162974,-0.008655670749599597,12,3,SMARTER,3,0,5.242052460470464,6.828302846826217,4.71830645976308,4.768547043894244,0.0
1720076400,cloamy,2024,0.11294735570232736,-0.008655670749599597,12,3,SMARTER,3,0,5.242052460470464,3.501203041998366,4.71830645976308,4.831253815465407,0.0
1720162800,cloamy,2024,0.19563927517645963,-0.008655670749599597,12,3,SMARTER,3,8.280509637112553,5.242052460470464,4.1107559323561444,4.71830645976308,4.9139457349395395,0.0
1720249200,cloamy,2024,0.1985433764012624,0.19563927517645963,12,3,SMARTER,3,0,8.280509637112553,7.570021332731803,4.71830645976308,4.918138012209856,0.0
1720335600,cloamy,2024,0.3232750427155164,0.19563927517645963,12,3,SMARTER,3,0,8.280509637112553,8.236770338981968,4.71830645976308,5.041581502478596,0.0
1720422000,cloamy,2024,0.3803878701166074,0.19563927517645963,12,3,SMARTER,3,11.63865638674415,8.280509637112553,3.5751601774979624,4.71830645976308,5.098694329879688,0.0
1720508400,cloamy,2024,0.2782639538632257,0.3803878701166074,12,3,SMARTER,3,0,11.63865638674415,6.021523561190189,4.71830645976308,5.009325467289774,1.0
1720594800,cloamy,2024,0.35548683395660907,0.3803878701166074,12,3,SMARTER,3,0,11.63865638674415,6.408995121084742,4.71830645976308,5.07379329371969,0.0
1720681200,cloamy,2024,0.46345096771039773,0.3803878701166074,12,3,SMARTER,3,14.025766461000828,11.63865638674415,7.100145056634385,4.71830645976308,5.181757427473478,0.0
1720767600,cloamy,2024,0.34897250748016134,0.46345096771039773,12,3,SMARTER,3,0,14.025766461000828,8.417233027045325,4.71830645976308,5.091696069470601,0.0
1720854000,cloamy,2024,0.47108785965978744,0.46345096771039773,12,3,SMARTER,3,0,14.025766461000828,9.478835789843245,4.71830645976308,5.189394319422868,0.0
1720940400,cloamy,2024,0.5939622071296841,0.46345096771039773,12,3,SMARTER,3,17.373787955421314,14.025766461000828,8.65408688020589,4.71830645976308,5.312268666892765,0.0
1721026800,cloamy,2024,0.39539018597507886,0.5939622071296841,12,3,SMARTER,3,0,17.373787955421314,8.038553013013921,4.71830645976308,5.153505772055699,0.0
1721113200,cloamy,2024,0.4791191801288578,0.5939622071296841,12,3,SMARTER,3,0,17.373787955421314,8.079175888672749,4.71830645976308,5.197425639891938,0.0
1721199600,cloamy,2024,0.6205130607650748,0.5939622071296841,12,3,SMARTER,3,19.55393738134123,17.373787955421314,9.89638188136864,4.71830645976308,5.338819520528155,0.0
1721286000,cloamy,2024,0.39517012238308974,0.6205130607650748,12,3,SMARTER,3,0,19.55393738134123,8.856197692783795,4.71830645976308,5.165143199649644,0.0
1721372400,cloamy,2024,0.4829126596273661,0.6205130607650748,12,3,SMARTER,3,0,19.55393738134123,8.59349226880255,4.71830645976308,5.201588116894175,0.0
1721458800,cloamy,2024,0.5728107985471242,0.6205130607650748,12,3,SMARTER,3,20.699942630367193,19.55393738134123,6.5994601364997925,4.71830645976308,5.291117258310204,0.0
1721545200,cloamy,2024,0.30264596742731664,0.5728107985471242,12,3,SMARTER,3,0,20.699942630367193,6.35886520949269,4.71830645976308,5.092783018731582,0.0
1719126000,cloamy,2024,-0.6176911353959775,0,12,3,SMARTER,7,0,0,1.6632265501860408,4.71830645976308,4.100615324367102,1.7999999999999998
1719212400,cloamy,2024,-0.636353238207011,-0.6176911353959775,12,3,SMARTER,7,0,0,1.5856569477409397,4.71830645976308,4.081953221556069,5.8
1719298800,cloamy,2024,-0.6603845557583246,-0.6176911353959775,12,3,SMARTER,7,0,0,1.6430199437714739,4.71830645976308,4.057921904004756,12.6
1719385200,cloamy,2024,-0.6583217722312485,-0.6176911353959775,12,3,SMARTER,7,0,0,3.7360647761286776,4.71830645976308,4.0599846875318315,1.0
1719471600,cloamy,2024,-0.6784190088955133,-0.6176911353959775,12,3,SMARTER,7,0,0,3.2830581050375076,4.71830645976308,4.039887450867567,0.0
1719558000,cloamy,2024,-0.5612707002741859,-0.6176911353959775,12,3,SMARTER,7,0,0,8.105450401178516,4.71830645976308,4.1570357594888945,0.0
1719644400,cloamy,2024,-0.4476572934762048,-0.6176911353959775,12,3,SMARTER,7,0,0,6.855392222915658,4.71830645976308,4.2706491662868755,0.0
1719730800,cloamy,2024,-0.329465435674857,-0.6176911353959775,12,3,SMARTER,7,2.4703120896288757,0,6.275478723242181,4.71830645976308,4.388841024088223,0.0
1719817200,cloamy,2024,-0.17830688516105972,-0.329465435674857,12,3,SMARTER,7,0,2.4703120896288757,9.008052630760128,4.71830645976308,4.53999957460202,0.0
1719903600,cloamy,2024,-0.049318040296197206,-0.329465435674857,12,3,SMARTER,7,0,2.4703120896288757,6.40343719338403,4.71830645976308,4.668988419466883,0.0
1719990000,cloamy,2024,0.08782297466888278,-0.329465435674857,12,3,SMARTER,7,0,2.4703120896288757,6.828302846826217,4.71830645976308,4.806129434431963,0.0
1720076400,cloamy,2024,0.16032983141395513,-0.329465435674857,12,3,SMARTER,7,0,2.4703120896288757,3.501203041998366,4.71830645976308,4.878636291177036,0.0
1720162800,cloamy,2024,0.248794816354096,-0.329465435674857,12,3,SMARTER,7,0,2.4703120896288757,4.1107559323561444,4.71830645976308,4.967101276117177,0.0
1720249200,cloamy,2024,0.392608194324986,-0.329465435674857,12,3,SMARTER,7,0,2.4703120896288757,7.570021332731803,4.71830645976308,5.1109146540880666,0.0
1720335600,cloamy,2024,0.5140374724453647,-0.329465435674857,12,3,SMARTER,7,14.13445940440763,2.4703120896288757,8.236770338981968,4.71830645976308,5.232343932208445,0.0
1720422000,cloamy,2024,0.3098373080292617,0.5140374724453647,12,3,SMARTER,7,0,14.13445940440763,3.5751601774979624,4.71830645976308,5.040268786163087,0.0
1720508400,cloamy,2024,0.38506394851232056,0.5140374724453647,12,3,SMARTER,7,0,14.13445940440763,6.021523561190189,4.71830645976308,5.103370408275401,1.0
1720594800,cloamy,2024,0.48406753186848767,0.5140374724453647,12,3,SMARTER,7,0,14.13445940440763,6.408995121084742,4.71830645976308,5.202373991631568,0.0
1720681200,cloamy,2024,0.5938779185977197,0.5140374724453647,12,3,SMARTER,7,0,14.13445940440763,7.100145056634385,4.71830645976308,5.3121843783608,0.0
1720767600,cloamy,2024,0.7002952782994245,0.5140374724453647,12,3,SMARTER,7,0,14.13445940440763,8.417233027045325,4.71830645976308,5.418601738062505,0.0
1720854000,cloamy,2024,0.7917992789410938,0.5140374724453647,12,3,SMARTER,7,0,14.13445940440763,9.478835789843245,4.71830645976308,5.510105738704174,0.0
1720940400,cloamy,2024,0.8552230401709089,0.5140374724453647,12,3,SMARTER,7,20.794355337626886,14.13445940440763,8.65408688020589,4.71830645976308,5.573529499933989,0.0
1721026800,cloamy,2024,0.5133395037648003,0.8552230401709089,12,3,SMARTER,7,0,20.794355337626886,8.038553013013921,4.71830645976308,5.270058768316238,0.0
1721113200,cloamy,2024,0.5871988897844542,0.8552230401709089,12,3,SMARTER,7,0,20.794355337626886,8.079175888672749,4.71830645976308,5.305505349547534,0.0
1721199600,cloamy,2024,0.7145156349065441,0.8552230401709089,12,3,SMARTER,7,0,20.794355337626886,9.89638188136864,4.71830645976308,5.432822094669625,0.0
1721286000,cloamy,2024,0.8176887206833026,0.8552230401709089,12,3,SMARTER,7,0,20.794355337626886,8.856197692783795,4.71830645976308,5.535995180446383,0.0
1721372400,cloamy,2024,0.8837334718294222,0.8552230401709089,12,3,SMARTER,7,0,20.794355337626886,8.59349226880255,4.71830645976308,5.602039931592502,0.0
1721458800,cloamy,2024,0.9230527024019899,0.8552230401709089,12,3,SMARTER,7,0,20.794355337626886,6.5994601364997925,4.71830645976308,5.64135916216507,0.0
1721545200,cloamy,2024,0.9515028443092352,0.8552230401709089,12,3,SMARTER,7,24.804221520214508,20.794355337626886,6.35886520949269,4.71830645976308,5.669809304072316,0.0
1719126000,cloamy,2024,-0.6176911353959775,0,12,3,ET0,2,1.66,0,1.6632265501860408,4.71830645976308,4.100615324367102,1.7999999999999998
1719212400,cloamy,2024,-0.6606995946691682,-0.6176911353959775,12,3,ET0,2,0,1.66,1.5856569477409397,4.71830645976308,4.057722589454166,5.8
1719298800,cloamy,2024,-0.6875374677363125,-0.6176911353959775,12,3,ET0,2,3.23,1.66,1.6430199437714739,4.71830645976308,4.0307689920267675,12.6
1719385200,cloamy,2024,-0.7435119179694191,-0.6875374677363125,12,3,ET0,2,0,3.23,3.7360647761286776,4.71830645976308,3.994701220122829,1.0
1719471600,cloamy,2024,-0.7668507176364496,-0.6875374677363125,12,3,ET0,2,7.02,3.23,3.2830581050375076,4.71830645976308,3.9552288742172492,0.0
1719558000,cloamy,2024,-0.7487428890926067,-0.7668507176364496,12,3,ET0,2,0,7.02,8.105450401178516,4.71830645976308,3.997721450041541,0.0
1719644400,cloamy,2024,-0.6523780027546601,-0.7668507176364496,12,3,ET0,2,14.96,7.02,6.855392222915658,4.71830645976308,4.066295031843422,0.0
1719730800,cloamy,2024,-0.7557699054860483,-0.6523780027546601,12,3,ET0,2,0,14.96,6.275478723242181,4.71830645976308,4.048340877849565,0.0
1719817200,cloamy,2024,-0.6243174583305798,-0.6523780027546601,12,3,ET0,2,15.28,14.96,9.008052630760128,4.71830645976308,4.109479401681834,0.0
1719903600,cloamy,2024,-0.734272403287779,-0.6243174583305798,12,3,ET0,2,0,15.28,6.40343719338403,4.71830645976308,4.096578982356874,0.0
1719990000,cloamy,2024,-0.6553282327837935,-0.6243174583305798,12,3,ET0,2,13.23,15.28,6.828302846826217,4.71830645976308,4.096096229648726,0.0
1720076400,cloamy,2024,-0.7897285164022998,-0.6553282327837935,12,3,ET0,2,0,13.23,3.501203041998366,4.71830645976308,4.052043090343086,0.0
1720162800,cloamy,2024,-0.7454606924572169,-0.6553282327837935,12,3,ET0,2,7.61,13.23,4.1107559323561444,4.71830645976308,4.020990900605387,0.0
1720249200,cloamy,2024,-0.7221653520543505,-0.7454606924572169,12,3,ET0,2,0,7.61,7.570021332731803,4.71830645976308,4.061048613903153,0.0
1720335600,cloamy,2024,-0.5938164752992359,-0.7454606924572169,12,3,ET0,2,15.81,7.61,8.236770338981968,4.71830645976308,4.133477271292834,0.0
1720422000,cloamy,2024,-0.7479164758211445,-0.5938164752992359,12,3,ET0,2,0,15.81,3.5751601774979624,4.71830645976308,4.095659945628089,0.0
1720508400,cloamy,2024,-0.6677339839627039,-0.5938164752992359,12,3,ET0,2,9.6,15.81,6.021523561190189,4.71830645976308,4.092972615571396,1.0
1720594800,cloamy,2024,-0.6933571810326233,-0.6677339839627039,12,3,ET0,2,0,9.6,6.408995121084742,4.71830645976308,4.111161021217624,0.0
1720681200,cloamy,2024,-0.580601971680644,-0.6677339839627039,12,3,ET0,2,13.51,9.6,7.100145056634385,4.71830645976308,4.156722714012624,0.0
1720767600,cloamy,2024,-0.6095327720914603,-0.580601971680644,12,3,ET0,2,0,13.51,8.417233027045325,4.71830645976308,4.203982688396858,0.0
1720854000,cloamy,2024,-0.45312514874061727,-0.580601971680644,12,3,ET0,2,17.9,13.51,9.478835789843245,4.71830645976308,4.282737549876831,0.0
1720940400,cloamy,2024,-0.5474284238931336,-0.45312514874061727,12,3,ET0,2,0,17.9,8.65408688020589,4.71830645976308,4.302034800156734,0.0
1721026800,cloamy,2024,-0.4346739119652848,-0.45312514874061727,12,3,ET0,2,16.69,17.9,8.038553013013921,4.71830645976308,4.319420438962973,0.0
1721113200,cloamy,2024,-0.5291204089424602,-0.4346739119652848,12,3,ET0,2,0,16.69,8.079175888672749,4.71830645976308,4.327110813536485,0.0
1721199600,cloamy,2024,-0.3711087474751369,-0.4346739119652848,12,3,ET0,2,17.98,16.69,9.89638188136864,4.71830645976308,4.380142687869576,0.0
1721286000,cloamy,2024,-0.4667363024664665,-0.3711087474751369,12,3,ET0,2,0,17.98,8.856197692783795,4.71830645976308,4.393776487594631,0.0
1721372400,cloamy,2024,-0.3436289134706823,-0.3711087474751369,12,3,ET0,2,17.45,17.98,8.59349226880255,4.71830645976308,4.412353943646824,0.0
1721458800,cloamy,2024,-0.4865208646021455,-0.3436289134706823,12,3,ET0,2,0,17.45,6.5994601364997925,4.71830645976308,4.380358981723378,0.0
1721545200,cloamy,2024,-0.4153264599267368,-0.3436289134706823,12,3,ET0,2,12.96,17.45,6.35886520949269,4.71830645976308,4.351653675920106,0.0
1719126000,cloamy,2024,-0.6176911353959775,0,12,3,ET0,1,1.66,0,1.6632265501860408,4.71830645976308,4.100615324367102,1.7999999999999998
1719212400,cloamy,2024,-0.6606995946691682,-0.6176911353959775,12,3,ET0,1,1.59,1.66,1.5856569477409397,4.71830645976308,4.057722589454166,5.8
1719298800,cloamy,2024,-0.7099197025556935,-0.6606995946691682,12,3,ET0,1,1.64,1.59,1.6430199437714739,4.71830645976308,4.010587578031339,12.6
1719385200,cloamy,2024,-0.7447100399657732,-0.7099197025556935,12,3,ET0,1,3.74,1.64,3.7360647761286776,4.71830645976308,3.9894312765394693,1.0
1719471600,cloamy,2024,-0.822132765369041,-0.7447100399657732,12,3,ET0,1,3.28,3.74,3.2830581050375076,4.71830645976308,3.9239864797051855,0.0
1719558000,cloamy,2024,-0.7587609299740465,-0.822132765369041,12,3,ET0,1,8.11,3.28,8.105450401178516,4.71830645976308,3.9768674771960066,0.0
1719644400,cloamy,2024,-0.7698692123657336,-0.7587609299740465,12,3,ET0,1,6.86,8.11,6.855392222915658,4.71830645976308,3.9954308607140128,0.0
1719730800,cloamy,2024,-0.7742441867233002,-0.7698692123657336,12,3,ET0,1,6.28,6.86,6.275478723242181,4.71830645976308,4.000587790597944,0.0
1719817200,cloamy,2024,-0.7218552672465133,-0.7742441867233002,12,3,ET0,1,9.01,6.28,9.008052630760128,4.71830645976308,4.048352792354936,0.0
1719903600,cloamy,2024,-0.7533357923524342,-0.7218552672465133,12,3,ET0,1,6.4,9.01,6.40343719338403,4.71830645976308,4.047015291540053,0.0
1719990000,cloamy,2024,-0.7518108637355401,-0.7533357923524342,12,3,ET0,1,6.83,6.4,6.828302846826217,4.71830645976308,4.043165829972266,0.0
1720076400,cloamy,2024,-0.8052153683300359,-0.7518108637355401,12,3,ET0,1,3.5,6.83,3.501203041998366,4.71830645976308,4.002578837696415,0.0
1720162800,cloamy,2024,-0.7973240501718545,-0.8052153683300359,12,3,ET0,1,4.11,3.5,4.1107559323561444,4.71830645976308,3.9839822450639137,0.0
1720249200,cloamy,2024,-0.7291731724369647,-0.7973240501718545,12,3,ET0,1,7.57,4.11,7.570021332731803,4.71830645976308,4.030893925021547,0.0
1720335600,cloamy,2024,-0.693608608793545,-0.7291731724369647,12,3,ET0,1,8.24,7.57,8.236770338981968,4.71830645976308,4.08314146323133,0.0
1720422000,cloamy,2024,-0.7555452657162172,-0.693608608793545,12,3,ET0,1,3.58,8.24,3.5751601774979624,4.71830645976308,4.051568465383669,0.0
1720508400,cloamy,2024,-0.7128483894965635,-0.7555452657162172,12,3,ET0,1,6.02,3.58,6.021523561190189,4.71830645976308,4.060725985076289,1.0
1720594800,cloamy,2024,-0.6899384442708364,-0.7128483894965635,12,3,ET0,1,6.41,6.02,6.408995121084742,4.71830645976308,4.087850414872371,0.0
1720681200,cloamy,2024,-0.6557677284783024,-0.6899384442708364,12,3,ET0,1,7.1,6.41,7.100145056634385,4.71830645976308,4.123253438064356,0.0
1720767600,cloamy,2024,-0.6059715072515601,-0.6557677284783024,12,3,ET0,1,8.42,7.1,8.417233027045325,4.71830645976308,4.174867985013415,0.0
1720854000,cloamy,2024,-0.5553786665856436,-0.6059715072515601,12,3,ET0,1,9.48,8.42,9.478835789843245,4.71830645976308,4.234546497222386,0.0
1720940400,cloamy,2024,-0.5450330589311312,-0.5553786665856436,12,3,ET0,1,8.65,9.48,8.65408688020589,4.71830645976308,4.2624564896251576,0.0
1721026800,cloamy,2024,-0.5392210041822023,-0.5450330589311312,12,3,ET0,1,8.04,8.65,8.038553013013921,4.71830645976308,4.272185598234972,0.0
1721113200,cloamy,2024,-0.5236031163289487,-0.5392210041822023,12,3,ET0,1,8.08,8.04,8.079175888672749,4.71830645976308,4.283979517197431,0.0
1721199600,cloamy,2024,-0.46303337124296295,-0.5236031163289487,12,3,ET0,1,9.9,8.08,9.89638188136864,4.71830645976308,4.336149892196226,0.0
1721286000,cloamy,2024,-0.45272468980883096,-0.46303337124296295,12,3,ET0,1,8.86,9.9,8.856197692783795,4.71830645976308,4.3605113355373595,0.0
1721372400,cloamy,2024,-0.44054152404821945,-0.45272468980883096,12,3,ET0,1,8.59,8.86,8.59349226880255,4.71830645976308,4.370940699209198,0.0
1721458800,cloamy,2024,-0.46843787823365063,-0.44054152404821945,12,3,ET0,1,6.6,8.59,6.5994601364997925,4.71830645976308,4.3465729762638015,0.0
1721545200,cloamy,2024,-0.4713306356260151,-0.46843787823365063,12,3,ET0,1,6.36,6.6,6.35886520949269,4.71830645976308,4.3289528587255575,0.0
1719126000,cloamy,2024,-0.6176911353959775,0,12,3,ET0,3,1.66,0,1.6632265501860408,4.71830645976308,4.100615324367102,1.7999999999999998
1719212400,cloamy,2024,-0.6606995946691682,-0.6176911353959775,12,3,ET0,3,0,1.66,1.5856569477409397,4.71830645976308,4.057722589454166,5.8
1719298800,cloamy,2024,-0.6875374677363125,-0.6176911353959775,12,3,ET0,3,0,1.66,1.6430199437714739,4.71830645976308,4.0307689920267675,12.6
1719385200,cloamy,2024,-0.68968989462014,-0.6176911353959775,12,3,ET0,3,6.96,1.66,3.7360647761286776,4.71830645976308,4.029385376148843,1.0
1719471600,cloamy,2024,-0.8126949258567998,-0.68968989462014,12,3,ET0,3,0,6.96,3.2830581050375076,4.71830645976308,3.9432618861193194,0.0
1719558000,cloamy,2024,-0.7082427100978241,-0.68968989462014,12,3,ET0,3,0,6.96,8.105450401178516,4.71830645976308,4.011957144583213,0.0
1719644400,cloamy,2024,-0.6049305670608425,-0.68968989462014,12,3,ET0,3,18.24,6.96,6.855392222915658,4.71830645976308,4.113375892702238,0.0
1719730800,cloamy,2024,-0.7494269377847337,-0.6049305670608425,12,3,ET0,3,0,18.24,6.275478723242181,4.71830645976308,4.066242380426372,0.0
1719817200,cloamy,2024,-0.6194388010739743,-0.6049305670608425,12,3,ET0,3,0,18.24,9.008052630760128,4.71830645976308,4.1182767198542765,0.0
1719903600,cloamy,2024,-0.5203752703197934,-0.6049305670608425,12,3,ET0,3,21.69,18.24,6.40343719338403,4.71830645976308,4.1979311894432865,0.0
1719990000,cloamy,2024,-0.7080399273914207,-0.5203752703197934,12,3,ET0,3,0,21.69,6.828302846826217,4.71830645976308,4.152949038875999,0.0
1720076400,cloamy,2024,-0.692953262433535,-0.5203752703197934,12,3,ET0,3,0,21.69,3.501203041998366,4.71830645976308,4.082481006278002,0.0
1720162800,cloamy,2024,-0.6366695117099602,-0.5203752703197934,12,3,ET0,3,14.44,21.69,4.1107559323561444,4.71830645976308,4.092543221046667,0.0
1720249200,cloamy,2024,-0.7005286432808969,-0.6366695117099602,12,3,ET0,3,0,14.44,7.570021332731803,4.71830645976308,4.119999120923205,0.0
1720335600,cloamy,2024,-0.5844303323026788,-0.6366695117099602,12,3,ET0,3,0,14.44,8.236770338981968,4.71830645976308,4.159337832576498,0.0
1720422000,cloamy,2024,-0.5298725837600142,-0.6366695117099602,12,3,ET0,3,19.38,14.44,3.5751601774979624,4.71830645976308,4.1895544428472515,0.0
1720508400,cloamy,2024,-0.686310968400082,-0.5298725837600142,12,3,ET0,3,0,19.38,6.021523561190189,4.71830645976308,4.169050539940933,1.0
1720594800,cloamy,2024,-0.6114630974190137,-0.5298725837600142,12,3,ET0,3,0,19.38,6.408995121084742,4.71830645976308,4.155899579713176,0.0
1720681200,cloamy,2024,-0.49508449852545516,-0.5298725837600142,12,3,ET0,3,19.53,19.38,7.100145056634385,4.71830645976308,4.226848709617647,0.0
1720767600,cloamy,2024,-0.6074345880540309,-0.49508449852545516,12,3,ET0,3,0,19.53,8.417233027045325,4.71830645976308,4.244824374590878,0.0
1720854000,cloamy,2024,-0.46929703493415587,-0.49508449852545516,12,3,ET0,3,0,19.53,9.478835789843245,4.71830645976308,4.284362284184018,0.0
1720940400,cloamy,2024,-0.3203811725898635,-0.49508449852545516,12,3,ET0,3,26.55,19.53,8.65408688020589,4.71830645976308,4.3979909756428475,0.0
1721026800,cloamy,2024,-0.5457528602184895,-0.3203811725898635,12,3,ET0,3,0,26.55,8.038553013013921,4.71830645976308,4.354771243039339,0.0
1721113200,cloamy,2024,-0.451199510370765,-0.3203811725898635,12,3,ET0,3,0,26.55,8.079175888672749,4.71830645976308,4.329338087006931,0.0
1721199600,cloamy,2024,-0.2772524224613,-0.3203811725898635,12,3,ET0,3,26.01,26.55,9.89638188136864,4.71830645976308,4.444172368818195,0.0
1721286000,cloamy,2024,-0.4814496946854113,-0.2772524224613,12,3,ET0,3,0,26.01,8.856197692783795,4.71830645976308,4.420390476451051,0.0
1721372400,cloamy,2024,-0.37689138673484207,-0.2772524224613,12,3,ET0,3,0,26.01,8.59349226880255,4.71830645976308,4.399406536330813,0.0
1721458800,cloamy,2024,-0.2756183944802079,-0.2772524224613,12,3,ET0,3,24.05,26.01,6.5994601364997925,4.71830645976308,4.449256028156755,0.0
1721545200,cloamy,2024,-0.5054592790226685,-0.2756183944802079,12,3,ET0,3,0,24.05,6.35886520949269,4.71830645976308,4.395651890811325,0.0
1719126000,cloamy,2024,-0.6176911353959775,0,12,3,ET0,7,1.66,0,1.6632265501860408,4.71830645976308,4.100615324367102,1.7999999999999998
1719212400,cloamy,2024,-0.6606995946691682,-0.6176911353959775,12,3,ET0,7,0,1.66,1.5856569477409397,4.71830645976308,4.057722589454166,5.8
1719298800,cloamy,2024,-0.6875374677363125,-0.6176911353959775,12,3,ET0,7,0,1.66,1.6430199437714739,4.71830645976308,4.0307689920267675,12.6
1719385200,cloamy,2024,-0.68968989462014,-0.6176911353959775,12,3,ET0,7,0,1.66,3.7360647761286776,4.71830645976308,4.029385376148843,1.0
1719471600,cloamy,2024,-0.7104163482762802,-0.6176911353959775,12,3,ET0,7,0,1.66,3.2830581050375076,4.71830645976308,4.0078901114868,0.0
1719558000,cloamy,2024,-0.594446487639717,-0.6176911353959775,12,3,ET0,7,0,1.66,8.105450401178516,4.71830645976308,4.1238599721233635,0.0
1719644400,cloamy,2024,-0.4822385648446316,-0.6176911353959775,12,3,ET0,7,0,1.66,6.855392222915658,4.71830645976308,4.236067894918449,0.0
1719730800,cloamy,2024,-0.3653092311794138,-0.6176911353959775,12,3,ET0,7,31.48,1.66,6.275478723242181,4.71830645976308,4.352997228583667,0.0
1719817200,cloamy,2024,-0.6383040225338448,-0.3653092311794138,12,3,ET0,7,0,31.48,9.008052630760128,4.71830645976308,4.223709300862951,0.0
1719903600,cloamy,2024,-0.5950458217407069,-0.3653092311794138,12,3,ET0,7,0,31.48,6.40343719338403,4.71830645976308,4.170948702176725,0.0
1719990000,cloamy,2024,-0.504433655268674,-0.3653092311794138,12,3,ET0,7,0,31.48,6.828302846826217,4.71830645976308,4.2185537057136715,0.0
1720076400,cloamy,2024,-0.45285148166941275,-0.3653092311794138,12,3,ET0,7,0,31.48,3.501203041998366,4.71830645976308,4.2654549780936675,0.0
1720162800,cloamy,2024,-0.3788031551953387,-0.3653092311794138,12,3,ET0,7,0,31.48,4.1107559323561444,4.71830645976308,4.339503304567741,0.0
1720249200,cloamy,2024,-0.23286489638646843,-0.3653092311794138,12,3,ET0,7,0,31.48,7.570021332731803,4.71830645976308,4.485441563376612,0.0
1720335600,cloamy,2024,-0.0705799734998927,-0.3653092311794138,12,3,ET0,7,45.66,31.48,8.236770338981968,4.71830645976308,4.6477264862631875,0.0
1720422000,cloamy,2024,-0.6385576085706279,-0.0705799734998927,12,3,ET0,7,0,45.66,3.5751601774979624,4.71830645976308,4.3295393267514095,0.0
1720508400,cloamy,2024,-0.6861853651327481,-0.0705799734998927,12,3,ET0,7,0,45.66,6.021523561190189,4.71830645976308,4.161077730795032,1.0
1720594800,cloamy,2024,-0.611137080619931,-0.0705799734998927,12,3,ET0,7,0,45.66,6.408995121084742,4.71830645976308,4.1480503678562775,0.0
1720681200,cloamy,2024,-0.4909334443394628,-0.0705799734998927,12,3,ET0,7,0,45.66,7.100145056634385,4.71830645976308,4.228117288393929,0.0
1720767600,cloamy,2024,-0.3281928414004036,-0.0705799734998927,12,3,ET0,7,0,45.66,8.417233027045325,4.71830645976308,4.390113618362677,0.0
1720854000,cloamy,2024,-0.12770569790479258,-0.0705799734998927,12,3,ET0,7,0,45.66,9.478835789843245,4.71830645976308,4.590600761858288,0.0
1720940400,cloamy,2024,0.06621379370166433,-0.0705799734998927,12,3,ET0,7,49.66,45.66,8.65408688020589,4.71830645976308,4.784520253464745,0.0
1721026800,cloamy,2024,-0.4838425103358976,0.06621379370166433,12,3,ET0,7,0,49.66,8.038553013013921,4.71830645976308,4.485544813362658,0.0
1721113200,cloamy,2024,-0.5167014596903472,0.06621379370166433,12,3,ET0,7,0,49.66,8.079175888672749,4.71830645976308,4.322081367912684,0.0
1721199600,cloamy,2024,-0.36007881080417004,0.06621379370166433,12,3,ET0,7,0,49.66,9.89638188136864,4.71830645976308,4.380090309261715,0.0
1721286000,cloamy,2024,-0.19627540092658505,0.06621379370166433,12,3,ET0,7,0,49.66,8.856197692783795,4.71830645976308,4.522031058836495,0.0
1721372400,cloamy,2024,-0.025417053624982287,0.06621379370166433,12,3,ET0,7,0,49.66,8.59349226880255,4.71830645976308,4.692889406138098,0.0
1721458800,cloamy,2024,0.1195849891742727,0.06621379370166433,12,3,ET0,7,0,49.66,6.5994601364997925,4.71830645976308,4.837891448937353,0.0
1721545200,cloamy,2024,0.26558762593821356,0.06621379370166433,12,3,ET0,7,56.42,49.66,6.35886520949269,4.71830645976308,4.983894085701293,0.0
1625986800,silty,2021,0.26006297399719985,0,5.0,1.5,ET0,1,7.91,0,7.909412676835701,4.71830645976308,4.97836943376028,0.0
1626073200,silty,2021,0.2856971939961295,0.26006297399719985,5.0,1.5,ET0,1,8.17,7.91,8.171899400888595,4.71830645976308,5.004003653759209,0.0
1626159600,silty,2021,0.2421016581405418,0.2856971939961295,5.0,1.5,ET0,1,7.31,8.17,7.307248568315713,4.71830645976308,4.962442885743565,49.2
1626246000,silty,2021,-0.8706895032584264,0.2421016581405418,5.0,1.5,ET0,1,3.72,7.31,3.7200181370317593,4.71830645976308,3.957224587252336,0.0
1626332400,silty,2021,-0.7554825095165254,-0.8706895032584264,5.0,1.5,ET0,1,6.59,3.72,6.588938290136868,4.71830645976308,3.966388816386446,0.0
1626418800,silty,2021,-0.7592481701870201,-0.7554825095165254,5.0,1.5,ET0,1,4.21,6.59,4.2070949143533625,4.71830645976308,3.9717957730213582,10.8
1626505200,silty,2021,-1.0218444961237225,-0.7592481701870201,5.0,1.5,ET0,1,1.72,4.21,1.7206288405645938,4.71830645976308,3.722747699399193,0.8
1626591600,silty,2021,-0.9710772277287422,-1.0218444961237225,5.0,1.5,ET0,1,2.34,1.72,2.3398193330169916,4.71830645976308,3.7472292320343383,0.0
1626678000,silty,2021,-0.78123794849305,-0.9710772277287422,5.0,1.5,ET0,1,5.54,2.34,5.542148180411579,4.71830645976308,3.9370685112700303,0.0
1626764400,silty,2021,-0.6412904038263533,-0.78123794849305,5.0,1.5,ET0,1,6.34,5.54,6.336708517861463,4.71830645976308,4.077016055936727,0.0
1626850800,silty,2021,-0.48388705744882354,-0.6412904038263533,5.0,1.5,ET0,1,7.72,6.34,7.723088615724408,4.71830645976308,4.2344194023142565,0.0
1626937200,silty,2021,-0.43154310557725367,-0.48388705744882354,5.0,1.5,ET0,1,6.38,7.72,6.384988487195638,4.71830645976308,4.291352690936844,0.0
1627023600,silty,2021,-0.3509786999736757,-0.43154310557725367,5.0,1.5,ET0,1,6.72,6.38,6.724001721462045,4.71830645976308,4.368030639076114,0.0
1627110000,silty,2021,-0.29282883840754786,-0.3509786999736757,5.0,1.5,ET0,1,6.64,6.72,6.639604206034317,4.71830645976308,4.426511233840518,0.0
1627196400,silty,2021,-0.2613145359354378,-0.29282883840754786,5.0,1.5,ET0,1,6.07,6.64,6.068344799075018,4.71830645976308,4.45811826926603,0.0
1627282800,silty,2021,-0.288804236307016,-0.2613145359354378,5.0,1.5,ET0,1,3.74,6.07,3.7441148307248353,4.71830645976308,4.430150725014177,0.0
1627369200,silty,2021,-0.20559911279099014,-0.288804236307016,5.0,1.5,ET0,1,5.26,3.74,5.25782491390273,4.71830645976308,4.51270734697209,1.0
1627455600,silty,2021,-0.20269093538838656,-0.20559911279099014,5.0,1.5,ET0,1,4.07,5.26,4.067188753317478,4.71830645976308,4.515615524374693,0.0
1627542000,silty,2021,-0.11746688127590393,-0.20269093538838656,5.0,1.5,ET0,1,5.5,4.07,5.501441403272102,4.71830645976308,4.600839578487176,0.0
1627628400,silty,2021,-0.0023408121272553233,-0.11746688127590393,5.0,1.5,ET0,1,7.36,5.5,7.363960029273559,4.71830645976308,4.715965647635825,0.0
1627714800,silty,2021,0.06984898800236031,-0.0023408121272553233,5.0,1.5,ET0,1,8.13,7.36,8.127164249908118,4.71830645976308,4.788240641113614,0.0
1627801200,silty,2021,0.02910405903130912,0.06984898800236031,5.0,1.5,ET0,1,7.01,8.13,7.011084171391055,4.71830645976308,4.767674062053429,9.0
1627887600,silty,2021,-0.03706389559868641,0.02910405903130912,5.0,1.5,ET0,1,7.3,7.01,7.304828236834061,4.71830645976308,4.684897736238452,0.0
1627974000,silty,2021,-0.03018504388056323,-0.03706389559868641,5.0,1.5,ET0,1,7.32,7.3,7.320018177389831,4.71830645976308,4.690699689621609,0.0
1628060400,silty,2021,0.015073996680659616,-0.03018504388056323,5.0,1.5,ET0,1,8.24,7.32,8.239496207860649,4.71830645976308,4.735050653434443,0.0
1628146800,silty,2021,-0.07382300041771915,0.015073996680659616,5.0,1.5,ET0,1,4.2,8.24,4.198759507591638,4.71830645976308,4.653383453887364,0.0
1628233200,silty,2021,0.06462352359080215,-0.07382300041771915,5.0,1.5,ET0,1,8.26,4.2,8.25634687060054,4.71830645976308,4.782929983353882,0.0
1628319600,silty,2021,0.08733504465388961,0.06462352359080215,5.0,1.5,ET0,1,7.82,8.26,7.823891414052509,4.71830645976308,4.808033191895975,0.0
1628406000,silty,2021,0.07553115849166608,0.08733504465388961,5.0,1.5,ET0,1,6.81,7.82,6.8058425683475985,4.71830645976308,4.796404099480262,0.0
1628492400,silty,2021,0.12743661201391504,0.07553115849166608,5.0,1.5,ET0,1,8.24,6.81,8.235329351972808,4.71830645976308,4.84576697162996,0.0
1625986800,silty,2021,0.26006297399719985,0,5.0,1.5,SMARTER_PIDenhanced,1,1.6904093309817991,0,7.909412676835701,4.71830645976308,4.97836943376028,0.0
1626073200,silty,2021,0.42796948993336137,0.26006297399719985,5.0,1.5,SMARTER_PIDenhanced,1,3.1718961455626484,1.6904093309817991,8.171899400888595,4.71830645976308,5.146275949696442,0.0
1626159600,silty,2021,0.5173526536114856,0.42796948993336137,5.0,1.5,SMARTER_PIDenhanced,1,4.3948409443704985,3.1718961455626484,7.307248568315713,4.71830645976308,5.235659113374566,49.2
1626246000,silty,2021,-0.44344775633706246,0.5173526536114856,5.0,1.5,SMARTER_PIDenhanced,1,0,4.3948409443704985,3.7200181370317593,4.71830645976308,4.29696672185822,0.0
1626332400,silty,2021,-0.31571719802049036,-0.44344775633706246,5.0,1.5,SMARTER_PIDenhanced,1,0.16507699455212493,0,6.588938290136868,4.71830645976308,4.40258926174259,0.0
1626418800,silty,2021,-0.19325022643821907,-0.31571719802049036,5.0,1.5,SMARTER_PIDenhanced,1,0.48753651280615284,0.16507699455212493,4.2070949143533625,4.71830645976308,4.525056233324861,10.8
1626505200,silty,2021,-0.3391859377505268,-0.19325022643821907,5.0,1.5,SMARTER_PIDenhanced,1,0,0.48753651280615284,1.7206288405645938,4.71830645976308,4.3791205220125535,0.8
1626591600,silty,2021,-0.30992492893546186,-0.3391859377505268,5.0,1.5,SMARTER_PIDenhanced,1,0,0,2.3398193330169916,4.71830645976308,4.408381530827619,0.0
1626678000,silty,2021,-0.10664433099335636,-0.30992492893546186,5.0,1.5,SMARTER_PIDenhanced,1,0.856436493220493,0,5.542148180411579,4.71830645976308,4.611662128769724,0.0
1626764400,silty,2021,0.11159310229374272,-0.10664433099335636,5.0,1.5,SMARTER_PIDenhanced,1,2.1150133130966027,0.856436493220493,6.336708517861463,4.71830645976308,4.829899562056823,0.0
1626850800,silty,2021,0.3060812112431368,0.11159310229374272,5.0,1.5,SMARTER_PIDenhanced,1,3.5465756747082784,2.1150133130966027,7.723088615724408,4.71830645976308,5.024387671006217,0.0
1626937200,silty,2021,0.3915638343487981,0.3060812112431368,5.0,1.5,SMARTER_PIDenhanced,1,4.561334541759782,3.5465756747082784,6.384988487195638,4.71830645976308,5.109870294111879,0.0
1627023600,silty,2021,0.44079574526500004,0.3915638343487981,5.0,1.5,SMARTER_PIDenhanced,1,5.468687714238293,4.561334541759782,6.724001721462045,4.71830645976308,5.159102205028081,0.0
1627110000,silty,2021,0.4471243373427759,0.44079574526500004,5.0,1.5,SMARTER_PIDenhanced,1,6.171017180641336,5.468687714238293,6.639604206034317,4.71830645976308,5.165430797105856,0.0
1627196400,silty,2021,0.41208596038234757,0.4471243373427759,5.0,1.5,SMARTER_PIDenhanced,1,6.613954236412715,6.171017180641336,6.068344799075018,4.71830645976308,5.130392420145427,0.0
1627282800,silty,2021,0.3093128497061241,0.41208596038234757,5.0,1.5,SMARTER_PIDenhanced,1,6.564057957590784,6.613954236412715,3.7441148307248353,4.71830645976308,5.0276193094692045,0.0
1627369200,silty,2021,0.2399771461911705,0.3093128497061241,5.0,1.5,SMARTER_PIDenhanced,1,6.577345159302771,6.564057957590784,5.25782491390273,4.71830645976308,4.958325899360331,1.0
1627455600,silty,2021,0.1375760728674731,0.2399771461911705,5.0,1.5,SMARTER_PIDenhanced,1,6.271703901985494,6.577345159302771,4.067188753317478,4.71830645976308,4.856582937829375,0.0
1627542000,silty,2021,0.09715447192333228,0.1375760728674731,5.0,1.5,SMARTER_PIDenhanced,1,6.215327605149788,6.271703901985494,5.501441403272102,4.71830645976308,4.815557723291993,0.0
1627628400,silty,2021,0.11827355967656299,0.09715447192333228,5.0,1.5,SMARTER_PIDenhanced,1,6.498333383430786,6.215327605149788,7.363960029273559,4.71830645976308,4.836580019439643,0.0
1627714800,silty,2021,0.1531758174351291,0.11827355967656299,5.0,1.5,SMARTER_PIDenhanced,1,6.9026083983763105,6.498333383430786,8.127164249908118,4.71830645976308,4.87148227719821,0.0
1627801200,silty,2021,0.11629216243349134,0.1531758174351291,5.0,1.5,SMARTER_PIDenhanced,1,6.892628367018359,6.9026083983763105,7.011084171391055,4.71830645976308,4.845739082859892,9.0
1627887600,silty,2021,0.011523754742954417,0.11629216243349134,5.0,1.5,SMARTER_PIDenhanced,1,6.3860719606801055,6.892628367018359,7.304828236834061,4.71830645976308,4.733312598414688,0.0
1627974000,silty,2021,0.01351277105490329,0.011523754742954417,5.0,1.5,SMARTER_PIDenhanced,1,6.416286198822204,6.3860719606801055,7.320018177389831,4.71830645976308,4.732388763586723,0.0
1628060400,silty,2021,0.061903697332260865,0.01351277105490329,5.0,1.5,SMARTER_PIDenhanced,1,6.751096376207384,6.416286198822204,8.239496207860649,4.71830645976308,4.7802101570953415,0.0
1628146800,silty,2021,0.002170465663697356,0.061903697332260865,5.0,1.5,SMARTER_PIDenhanced,1,6.455685916360112,6.751096376207384,4.198759507591638,4.71830645976308,4.721143002415424,0.0
1628233200,silty,2021,0.07224819809717876,0.002170465663697356,5.0,1.5,SMARTER_PIDenhanced,1,6.9144468756732875,6.455685916360112,8.25634687060054,4.71830645976308,4.790554657860259,0.0
1628319600,silty,2021,0.1068219236845407,0.07224819809717876,5.0,1.5,SMARTER_PIDenhanced,1,7.247548389136908,6.9144468756732875,7.823891414052509,4.71830645976308,4.82520828158241,0.0
1628406000,silty,2021,0.10204283455075057,0.1068219236845407,5.0,1.5,SMARTER_PIDenhanced,1,7.376717195294082,7.247548389136908,6.8058425683475985,4.71830645976308,4.821340269702414,0.0
1628492400,silty,2021,0.12698583083715934,0.10204283455075057,5.0,1.5,SMARTER_PIDenhanced,1,7.691910922981865,7.376717195294082,8.235329351972808,4.71830645976308,4.846097242490856,0.0
1655967600,silty,2022,-0.28419365969528876,0,5.0,1.5,ET0,1,5.92,0,5.915965904891959,4.71830645976308,4.434112800067791,0.0
1656054000,silty,2022,-0.2772143429074716,-0.28419365969528876,5.0,1.5,ET0,1,5.72,5.92,5.717907755951627,4.71830645976308,4.441092116855609,0.0
1656140400,silty,2022,-0.20108311260028042,-0.2772143429074716,5.0,1.5,ET0,1,9.2,5.72,9.203948870710635,4.71830645976308,4.517223347162799,0.0
1656226800,silty,2022,-0.21102894775984354,-0.20108311260028042,5.0,1.5,ET0,1,9.57,9.2,9.569797117975432,4.71830645976308,4.5186174475786585,0.0
1656313200,silty,2022,-0.2635186443070537,-0.21102894775984354,5.0,1.5,ET0,1,8.69,9.57,8.693094774412245,4.71830645976308,4.476104804203854,0.0
1656399600,silty,2022,-0.3250106619497284,-0.2635186443070537,5.0,1.5,ET0,1,7.46,8.69,7.460713537351751,4.71830645976308,4.412619532427376,1.6
1656486000,silty,2022,-0.47946418494322657,-0.3250106619497284,5.0,1.5,ET0,1,1.83,7.46,1.8323231735051733,4.71830645976308,4.2610446267909685,0.0
1656572400,silty,2022,-0.3641951671352221,-0.47946418494322657,5.0,1.5,ET0,1,6.43,1.83,6.425725286268609,4.71830645976308,4.3541112926278585,0.0
1656658800,silty,2022,-0.2979484748234253,-0.3641951671352221,5.0,1.5,ET0,1,8.48,6.43,8.481182130641368,4.71830645976308,4.420357984939655,0.0
1656745200,silty,2022,-0.26507822893030347,-0.2979484748234253,5.0,1.5,ET0,1,9.68,8.48,9.684100900879589,4.71830645976308,4.459597777278718,0.0
1656831600,silty,2022,-0.3145519780512077,-0.26507822893030347,5.0,1.5,ET0,1,7.88,9.68,7.875822878948619,4.71830645976308,4.4265333039672115,0.0
1656918000,silty,2022,-0.300834875873475,-0.3145519780512077,5.0,1.5,ET0,1,8.85,7.88,8.846129638751195,4.71830645976308,4.427512252801773,0.0
1657004400,silty,2022,-0.3103748323316068,-0.300834875873475,5.0,1.5,ET0,1,8.35,8.85,8.353871892123982,4.71830645976308,4.424618208471633,0.0
1657090800,silty,2022,-0.3205936268771175,-0.3103748323316068,5.0,1.5,ET0,1,8.11,8.35,8.10868026961472,4.71830645976308,4.412123909177526,0.0
1657177200,silty,2022,-0.38218575353869316,-0.3205936268771175,5.0,1.5,ET0,1,5.28,8.11,5.27960920736311,4.71830645976308,4.35227014899964,11.6
1657263600,silty,2022,-0.45377047702701917,-0.38218575353869316,5.0,1.5,ET0,1,7.28,5.28,7.275206390354677,4.71830645976308,4.282974877319477,0.0
1657350000,silty,2022,-0.4691694255910176,-0.45377047702701917,5.0,1.5,ET0,1,7.12,7.28,7.121172904786319,4.71830645976308,4.26131595046771,0.0
1657436400,silty,2022,-0.42813252982629507,-0.4691694255910176,5.0,1.5,ET0,1,7.61,7.12,7.612583271961939,4.71830645976308,4.297867309021978,0.0
1657522800,silty,2022,-0.36950060254747774,-0.42813252982629507,5.0,1.5,ET0,1,8.47,7.61,8.472336750464112,4.71830645976308,4.356323278944725,0.0
1657609200,silty,2022,-0.3675138320648026,-0.36950060254747774,5.0,1.5,ET0,1,7.49,8.47,7.4879930375083275,4.71830645976308,4.366082080904236,0.0
1657695600,silty,2022,-0.3960066399639217,-0.3675138320648026,5.0,1.5,ET0,1,5.44,7.49,5.439558555641069,4.71830645976308,4.333658283395548,0.0
1657782000,silty,2022,-0.2872275596286515,-0.3960066399639217,5.0,1.5,ET0,1,8.25,5.44,8.254676604732598,4.71830645976308,4.431078900134429,0.0
1657868400,silty,2022,-0.20998724672795957,-0.2872275596286515,5.0,1.5,ET0,1,9.45,8.25,9.447916516172471,4.71830645976308,4.514049810113838,0.0
1657954800,silty,2022,-0.19503415109865527,-0.20998724672795957,5.0,1.5,ET0,1,8.97,9.45,8.968687582898376,4.71830645976308,4.541184636163401,0.0
1658041200,silty,2022,-0.21632313936239161,-0.19503415109865527,5.0,1.5,ET0,1,7.7,8.97,7.701644419417017,4.71830645976308,4.519940347212255,0.0
1658127600,silty,2022,-0.2154318421268132,-0.21632313936239161,5.0,1.5,ET0,1,7.24,7.7,7.236620092977568,4.71830645976308,4.512320152291907,0.0
1658214000,silty,2022,-0.1725914882802586,-0.2154318421268132,5.0,1.5,ET0,1,7.98,7.24,7.976539558735554,4.71830645976308,4.549821906596962,0.0
1658300400,silty,2022,-0.11648056327776347,-0.1725914882802586,5.0,1.5,ET0,1,9.03,7.98,9.031637030513592,4.71830645976308,4.607035827598465,0.0
1658386800,silty,2022,-0.10941274330210013,-0.11648056327776347,5.0,1.5,ET0,1,8.52,9.03,8.523521442036436,4.71830645976308,4.622434198690802,0.0
1655967600,silty,2022,-0.28419365969528876,0,5.0,1.5,SMARTER_PIDenhanced,1,0,0,5.915965904891959,4.71830645976308,4.434112800067791,0.0
1656054000,silty,2022,-0.1451497080834284,-0.28419365969528876,5.0,1.5,SMARTER_PIDenhanced,1,0.47749519593415923,0,5.717907755951627,4.71830645976308,4.573156751679652,0.0
1656140400,silty,2022,0.055093190713994544,-0.1451497080834284,5.0,1.5,SMARTER_PIDenhanced,1,1.5613494759922655,0.47749519593415923,9.203948870710635,4.71830645976308,4.773399650477074,0.0
1656226800,silty,2022,0.22226900790463913,0.055093190713994544,5.0,1.5,SMARTER_PIDenhanced,1,2.730632073802447,1.5613494759922655,9.569797117975432,4.71830645976308,4.94057546766772,0.0
1656313200,silty,2022,0.32217464885329,0.22226900790463913,5.0,1.5,SMARTER_PIDenhanced,1,3.713422251825637,2.730632073802447,8.693094774412245,4.71830645976308,5.04048110861637,0.0
1656399600,silty,2022,0.3610294021463828,0.32217464885329,5.0,1.5,SMARTER_PIDenhanced,1,4.449240121510675,3.713422251825637,7.460713537351751,4.71830645976308,5.079335861909463,1.6
1656486000,silty,2022,0.2794852773560078,0.3610294021463828,5.0,1.5,SMARTER_PIDenhanced,1,4.460747413592812,4.449240121510675,1.8323231735051733,4.71830645976308,4.997791737119088,0.0
1656572400,silty,2022,0.287274537764482,0.2794852773560078,5.0,1.5,SMARTER_PIDenhanced,1,4.930605522281906,4.460747413592812,6.425725286268609,4.71830645976308,5.005580997527562,0.0
1656658800,silty,2022,0.3179613737239423,0.287274537764482,5.0,1.5,SMARTER_PIDenhanced,1,5.56098176266512,4.930605522281906,8.481182130641368,4.71830645976308,5.036267833487022,0.0
1656745200,silty,2022,0.3534321169491047,0.3179613737239423,5.0,1.5,SMARTER_PIDenhanced,1,6.26848365421459,5.56098176266512,9.684100900879589,4.71830645976308,5.0717385767121845,0.0
1656831600,silty,2022,0.33739260771297885,0.3534321169491047,5.0,1.5,SMARTER_PIDenhanced,1,6.694375019603428,6.26848365421459,7.875822878948619,4.71830645976308,5.055699067476059,0.0
1656918000,silty,2022,0.32829222477028686,0.33739260771297885,5.0,1.5,SMARTER_PIDenhanced,1,7.1413114420453985,6.694375019603428,8.846129638751195,4.71830645976308,5.046598684533367,0.0
1657004400,silty,2022,0.3016517071893658,0.32829222477028686,5.0,1.5,SMARTER_PIDenhanced,1,7.460586414924841,7.1413114420453985,8.353871892123982,4.71830645976308,5.0199581669524465,0.0
1657090800,silty,2022,0.25938241714816496,0.3016517071893658,5.0,1.5,SMARTER_PIDenhanced,1,7.638313590441085,7.460586414924841,8.10868026961472,4.71830645976308,4.977729525929637,0.0
1657177200,silty,2022,0.1657610530937763,0.25938241714816496,5.0,1.5,SMARTER_PIDenhanced,1,7.418848349809806,7.638313590441085,5.27960920736311,4.71830645976308,4.885473679388662,11.6
1657263600,silty,2022,0.007324335130437174,0.1657610530937763,5.0,1.5,SMARTER_PIDenhanced,1,6.637651262688766,7.418848349809806,7.275206390354677,4.71830645976308,4.740594885615195,0.0
1657350000,silty,2022,-0.032096774081560676,0.007324335130437174,5.0,1.5,SMARTER_PIDenhanced,1,6.392400555506436,6.637651262688766,7.121172904786319,4.71830645976308,4.688360345110349,0.0
1657436400,silty,2022,-0.011091231289532133,-0.032096774081560676,5.0,1.5,SMARTER_PIDenhanced,1,6.48079142253228,6.392400555506436,7.612583271961939,4.71830645976308,4.707429468202179,0.0
1657522800,silty,2022,0.03769170715637674,-0.011091231289532133,5.0,1.5,SMARTER_PIDenhanced,1,6.781243675496389,6.48079142253228,8.472336750464112,4.71830645976308,4.755998166919457,0.0
1657609200,silty,2022,0.05093376257747988,0.03769170715637674,5.0,1.5,SMARTER_PIDenhanced,1,6.923854596468124,6.781243675496389,7.4879930375083275,4.71830645976308,4.7693759353428655,0.0
1657695600,silty,2022,0.013553590214795358,0.05093376257747988,5.0,1.5,SMARTER_PIDenhanced,1,6.7572841199768945,6.923854596468124,5.439558555641069,4.71830645976308,4.732918224193904,0.0
1657782000,silty,2022,0.05157720356308778,0.013553590214795358,5.0,1.5,SMARTER_PIDenhanced,1,7.024767992062988,6.7572841199768945,8.254676604732598,4.71830645976308,4.7699470415155725,0.0
1657868400,silty,2022,0.11381207415341854,0.05157720356308778,5.0,1.5,SMARTER_PIDenhanced,1,7.50666045624477,7.024767992062988,9.447916516172471,4.71830645976308,4.832118533916499,0.0
1657954800,silty,2022,0.1437916056783571,0.11381207415341854,5.0,1.5,SMARTER_PIDenhanced,1,7.872245522386998,7.50666045624477,8.968687582898376,4.71830645976308,4.8625401247763245,0.0
1658041200,silty,2022,0.12699525271718784,0.1437916056783571,5.0,1.5,SMARTER_PIDenhanced,1,7.978756636656933,7.872245522386998,7.701644419417017,4.71830645976308,4.8472618531089,0.0
1658127600,silty,2022,0.09567287610315829,0.12699525271718784,5.0,1.5,SMARTER_PIDenhanced,1,7.965654067741523,7.978756636656933,7.236620092977568,4.71830645976308,4.817686696183762,0.0
1658214000,silty,2022,0.08893527521462742,0.09567287610315829,5.0,1.5,SMARTER_PIDenhanced,1,8.06536897612081,7.965654067741523,7.976539558735554,4.71830645976308,4.81085637216235,0.0
1658300400,silty,2022,0.10914775965399494,0.08893527521462742,5.0,1.5,SMARTER_PIDenhanced,1,8.330153037798642,8.06536897612081,9.031637030513592,4.71830645976308,4.830375225954673,0.0
1658386800,silty,2022,0.10744903281551704,0.10914775965399494,5.0,1.5,SMARTER_PIDenhanced,1,8.48283295282953,8.330153037798642,8.523521442036436,4.71830645976308,4.830462052959611,0.0
1687503600,silty,2023,-0.47514990579357963,0,5.0,1.5,ET0,1,6.42,0,6.420277994663035,4.71830645976308,4.2431565539695,0.0
1687590000,silty,2023,-0.46199695583992045,-0.47514990579357963,5.0,1.5,ET0,1,6.34,6.42,6.3387606045021405,4.71830645976308,4.256421902778248,0.0
1687676400,silty,2023,-0.44345442685168335,-0.46199695583992045,5.0,1.5,ET0,1,7.08,6.34,7.077332335884068,4.71830645976308,4.275147745551615,0.0
1687762800,silty,2023,-0.46091392103471424,-0.44345442685168335,5.0,1.5,ET0,1,6.23,7.08,6.229180911248416,4.71830645976308,4.260073815003159,0.0
1687849200,silty,2023,-0.4267444075543304,-0.46091392103471424,5.0,1.5,ET0,1,7.72,6.23,7.717627618312005,4.71830645976308,4.291768709990035,0.0
1687935600,silty,2023,-0.4180256339432227,-0.4267444075543304,5.0,1.5,ET0,1,8.19,7.72,8.190146658736474,4.71830645976308,4.305969551577418,0.0
1688022000,silty,2023,-0.5570494460238743,-0.4180256339432227,5.0,1.5,ET0,1,2.65,8.19,2.6534944981591777,4.71830645976308,4.17890362991514,0.0
1688108400,silty,2023,-0.4305341009931448,-0.5570494460238743,5.0,1.5,ET0,1,7.81,2.65,7.8119211404442055,4.71830645976308,4.287772358769935,0.0
1688194800,silty,2023,-0.5341541469628841,-0.4305341009931448,5.0,1.5,ET0,1,2.99,7.81,2.989408376370308,4.71830645976308,4.193359295037519,0.0
1688281200,silty,2023,-0.5138772358443333,-0.5341541469628841,5.0,1.5,ET0,1,3.63,2.99,3.6286065346203205,4.71830645976308,4.204429223918747,0.0
1688367600,silty,2023,-0.4345337924685087,-0.5138772358443333,5.0,1.5,ET0,1,5.91,3.63,5.9091258835011,4.71830645976308,4.2837726672945715,0.0
1688454000,silty,2023,-0.3879987036718603,-0.4345337924685087,5.0,1.5,ET0,1,6.62,5.91,6.621532339824514,4.71830645976308,4.33030775609122,0.0
1688540400,silty,2023,-0.3749989287713001,-0.3879987036718603,5.0,1.5,ET0,1,6.4,6.62,6.395412175418061,4.71830645976308,4.3438578668065215,0.0
1688626800,silty,2023,-0.3313514007818884,-0.3749989287713001,5.0,1.5,ET0,1,7.49,6.4,7.492344925936937,4.71830645976308,4.387105469270794,5.0
1688713200,silty,2023,-0.48359473906126077,-0.3313514007818884,5.0,1.5,ET0,1,3.38,7.49,3.3788724562330463,4.71830645976308,4.249284109029513,0.0
1688799600,silty,2023,-0.3995280649792356,-0.48359473906126077,5.0,1.5,ET0,1,6.52,3.38,6.518921569415171,4.71830645976308,4.318778394783845,0.0
1688886000,silty,2023,-0.34954607266604576,-0.3995280649792356,5.0,1.5,ET0,1,7.07,6.52,7.0675670514600375,4.71830645976308,4.369216033833009,0.0
1688972400,silty,2023,-0.3252760100827675,-0.34954607266604576,5.0,1.5,ET0,1,6.96,7.07,6.961944041187434,4.71830645976308,4.395556223579619,0.0
1689058800,silty,2023,-0.2856007184379886,-0.3252760100827675,5.0,1.5,ET0,1,7.52,6.96,7.523781176422247,4.71830645976308,4.43467398430789,0.0
1689145200,silty,2023,-0.25660074517099923,-0.2856007184379886,5.0,1.5,ET0,1,7.81,7.52,7.806608352298979,4.71830645976308,4.465622454170696,0.0
1689231600,silty,2023,-0.24412016392629032,-0.25660074517099923,5.0,1.5,ET0,1,7.71,7.81,7.714035948667738,4.71830645976308,4.47990678312379,22.8
1689318000,silty,2023,-0.787695415338007,-0.24412016392629032,5.0,1.5,ET0,1,3.0,7.71,2.9961159428327533,4.71830645976308,3.998980821591564,0.0
1689404400,silty,2023,-0.7041030633640204,-0.787695415338007,5.0,1.5,ET0,1,5.39,3.0,5.390782029334142,4.71830645976308,4.0145368747099015,0.0
1689490800,silty,2023,-0.5810538020679937,-0.7041030633640204,5.0,1.5,ET0,1,7.11,5.39,7.1090569971804145,4.71830645976308,4.137377702481466,0.0
1689577200,silty,2023,-0.525255600718983,-0.5810538020679937,5.0,1.5,ET0,1,6.61,7.11,6.608581357186508,4.71830645976308,4.198189555781111,0.0
1689663600,silty,2023,-0.43452488304704884,-0.525255600718983,5.0,1.5,ET0,1,7.5,6.61,7.5003116982488045,4.71830645976308,4.285286954941047,0.0
1689750000,silty,2023,-0.3880987426759208,-0.43452488304704884,5.0,1.5,ET0,1,7.06,7.5,7.063404491828016,4.71830645976308,4.335939401796054,0.0
1689836400,silty,2023,-0.3078190170062979,-0.3880987426759208,5.0,1.5,ET0,1,7.95,7.06,7.949048805371062,4.71830645976308,4.413276533125616,0.0
1689922800,silty,2023,-0.3141739301205571,-0.3078190170062979,5.0,1.5,ET0,1,6.2,7.95,6.202164075023188,4.71830645976308,4.412244713404373,0.0
1687503600,silty,2023,-0.47514990579357963,0,5.0,1.5,SMARTER_PIDenhanced,1,0,0,6.420277994663035,4.71830645976308,4.2431565539695,0.0
1687590000,silty,2023,-0.31950708145318657,-0.47514990579357963,5.0,1.5,SMARTER_PIDenhanced,1,0.29895349952218553,0,6.3387606045021405,4.71830645976308,4.398799378309894,0.0
1687676400,silty,2023,-0.1560853578079429,-0.31950708145318657,5.0,1.5,SMARTER_PIDenhanced,1,0.8819340810364895,0.29895349952218553,7.077332335884068,4.71830645976308,4.562221101955138,0.0
1687762800,silty,2023,-0.023551085232372215,-0.1560853578079429,5.0,1.5,SMARTER_PIDenhanced,1,1.5092788160657846,0.8819340810364895,6.229180911248416,4.71830645976308,4.6947553745307085,0.0
1687849200,silty,2023,0.11366424389288504,-0.023551085232372215,5.0,1.5,SMARTER_PIDenhanced,1,2.3658518275313987,1.5092788160657846,7.717627618312005,4.71830645976308,4.831970703655966,0.0
1687935600,silty,2023,0.22034197656039756,0.11366424389288504,5.0,1.5,SMARTER_PIDenhanced,1,3.2297534557095577,2.3658518275313987,8.190146658736474,4.71830645976308,4.9386484363234775,0.0
1688022000,silty,2023,0.1955111334414159,0.22034197656039756,5.0,1.5,SMARTER_PIDenhanced,1,3.3988659402767736,3.2297534557095577,2.6534944981591777,4.71830645976308,4.913817593204496,0.0
1688108400,silty,2023,0.2628130656126342,0.1955111334414159,5.0,1.5,SMARTER_PIDenhanced,1,4.129595199551816,3.3988659402767736,7.8119211404442055,4.71830645976308,4.981119525375714,0.0
1688194800,silty,2023,0.21676063604760673,0.2628130656126342,5.0,1.5,SMARTER_PIDenhanced,1,4.224474005798089,4.129595199551816,2.989408376370308,4.71830645976308,4.935067095810687,0.0
1688281200,silty,2023,0.182160049620805,0.21676063604760673,5.0,1.5,SMARTER_PIDenhanced,1,4.324711148095288,4.224474005798089,3.6286065346203205,4.71830645976308,4.900466509383885,0.0
1688367600,silty,2023,0.19566385947741402,0.182160049620805,5.0,1.5,SMARTER_PIDenhanced,1,4.685725986594454,4.324711148095288,5.9091258835011,4.71830645976308,4.913970319240494,0.0
1688454000,silty,2023,0.2165212803055084,0.19566385947741402,5.0,1.5,SMARTER_PIDenhanced,1,5.114795011193188,4.685725986594454,6.621532339824514,4.71830645976308,4.934827740068589,0.0
1688540400,silty,2023,0.22028371761410773,0.2165212803055084,5.0,1.5,SMARTER_PIDenhanced,1,5.464032774157346,5.114795011193188,6.395412175418061,4.71830645976308,4.938590177377188,0.0
1688626800,silty,2023,0.23940808490611437,0.22028371761410773,5.0,1.5,SMARTER_PIDenhanced,1,5.918766737976551,5.464032774157346,7.492344925936937,4.71830645976308,4.957714544669194,5.0
1688713200,silty,2023,0.11434915946896063,0.23940808490611437,5.0,1.5,SMARTER_PIDenhanced,1,5.4649958499942235,5.918766737976551,3.3788724562330463,4.71830645976308,4.832655619232041,0.0
1688799600,silty,2023,0.10752641316472233,0.11434915946896063,5.0,1.5,SMARTER_PIDenhanced,1,5.592171738220116,5.4649958499942235,6.518921569415171,4.71830645976308,4.825832872927802,0.0
1688886000,silty,2023,0.1282726766574308,0.10752641316472233,5.0,1.5,SMARTER_PIDenhanced,1,5.888312070669804,5.592171738220116,7.0675670514600375,4.71830645976308,4.846579136420511,0.0
1688972400,silty,2023,0.13995168675584044,0.1282726766574308,5.0,1.5,SMARTER_PIDenhanced,1,6.1566346512956125,5.888312070669804,6.961944041187434,4.71830645976308,4.858258146518921,0.0
1689058800,silty,2023,0.15971061567629408,0.13995168675584044,5.0,1.5,SMARTER_PIDenhanced,1,6.4949952194123215,6.1566346512956125,7.523781176422247,4.71830645976308,4.878017075439375,0.0
1689145200,silty,2023,0.17384658986858578,0.15971061567629408,5.0,1.5,SMARTER_PIDenhanced,1,6.826444975176659,6.4949952194123215,7.806608352298979,4.71830645976308,4.892153049631666,0.0
1689231600,silty,2023,0.17370997222019938,0.17384658986858578,5.0,1.5,SMARTER_PIDenhanced,1,7.086326845265026,6.826444975176659,7.714035948667738,4.71830645976308,4.892016431983279,22.8
1689318000,silty,2023,-0.3113781455272402,0.17370997222019938,5.0,1.5,SMARTER_PIDenhanced,1,4.193819038236968,7.086326845265026,2.9961159428327533,4.71830645976308,4.434609890041649,0.0
1689404400,silty,2023,-0.3029919896726485,-0.3113781455272402,5.0,1.5,SMARTER_PIDenhanced,1,3.7812618330009538,4.193819038236968,5.390782029334142,4.71830645976308,4.415314470090432,0.0
1689490800,silty,2023,-0.17428532517847398,-0.3029919896726485,5.0,1.5,SMARTER_PIDenhanced,1,4.1633671677041155,3.7812618330009538,7.1090569971804145,4.71830645976308,4.544021134584606,0.0
1689577200,silty,2023,-0.06624992584663993,-0.17428532517847398,5.0,1.5,SMARTER_PIDenhanced,1,4.604169275593326,4.1633671677041155,6.608581357186508,4.71830645976308,4.65205653391644,0.0
1689663600,silty,2023,0.053976982600856864,-0.06624992584663993,5.0,1.5,SMARTER_PIDenhanced,1,5.286269291732095,4.604169275593326,7.5003116982488045,4.71830645976308,4.772283442363937,0.0
1689750000,silty,2023,0.1293172522909547,0.053976982600856864,5.0,1.5,SMARTER_PIDenhanced,1,5.856946518619017,5.286269291732095,7.063404491828016,4.71830645976308,4.847623712054035,0.0
1689836400,silty,2023,0.20218230159568099,0.1293172522909547,5.0,1.5,SMARTER_PIDenhanced,1,6.52454521753617,5.856946518619017,7.949048805371062,4.71830645976308,4.920488761358762,0.0
1689922800,silty,2023,0.19555924505875194,0.20218230159568099,5.0,1.5,SMARTER_PIDenhanced,1,6.784768802439653,6.52454521753617,6.202164075023188,4.71830645976308,4.913865704821832,0.0
1719126000,silty,2024,-0.6244404567664325,0,5.0,1.5,ET0,1,1.66,0,1.6632265501860408,4.71830645976308,4.093866002996648,1.7999999999999998
1719212400,silty,2024,-0.7305741285293589,-0.6244404567664325,5.0,1.5,ET0,1,1.59,1.66,1.5856569477409397,4.71830645976308,3.9877323312337216,5.8
1719298800,silty,2024,-0.8178614431825778,-0.7305741285293589,5.0,1.5,ET0,1,1.64,1.59,1.6430199437714739,4.71830645976308,3.9004450165805027,12.6
1719385200,silty,2024,-0.9532503760362812,-0.8178614431825778,5.0,1.5,ET0,1,3.74,1.64,3.7360647761286776,4.71830645976308,3.7681538290717893,1.0
1719471600,silty,2024,-1.0229087694892876,-0.9532503760362812,5.0,1.5,ET0,1,3.28,3.74,3.2830581050375076,4.71830645976308,3.695950938549438,0.0
1719558000,silty,2024,-0.8639723898148625,-1.0229087694892876,5.0,1.5,ET0,1,8.11,3.28,8.105450401178516,4.71830645976308,3.854334069948218,0.0
1719644400,silty,2024,-0.8480788695345681,-0.8639723898148625,5.0,1.5,ET0,1,6.86,8.11,6.855392222915658,4.71830645976308,3.879932348473506,0.0
1719730800,silty,2024,-0.8251109603422108,-0.8480788695345681,5.0,1.5,ET0,1,6.28,6.86,6.275478723242181,4.71830645976308,3.90010785329609,0.0
1719817200,silty,2024,-0.7114571158342222,-0.8251109603422108,5.0,1.5,ET0,1,9.01,6.28,9.008052630760128,4.71830645976308,4.008210966001685,0.0
1719903600,silty,2024,-0.742180475738897,-0.7114571158342222,5.0,1.5,ET0,1,6.4,9.01,6.40343719338403,4.71830645976308,3.998506471594553,0.0
1719990000,silty,2024,-0.7115487701765387,-0.742180475738897,5.0,1.5,ET0,1,6.83,6.4,6.828302846826217,4.71830645976308,4.013528325513482,0.0
1720076400,silty,2024,-0.7720829908915132,-0.7115487701765387,5.0,1.5,ET0,1,3.5,6.83,3.501203041998366,4.71830645976308,3.958078782961298,0.0
1720162800,silty,2024,-0.7252708382961653,-0.7720829908915132,5.0,1.5,ET0,1,4.11,3.5,4.1107559323561444,4.71830645976308,3.993035621466915,0.0
1720249200,silty,2024,-0.587580718818303,-0.7252708382961653,5.0,1.5,ET0,1,7.57,4.11,7.570021332731803,4.71830645976308,4.1307257409447775,0.0
1720335600,silty,2024,-0.5220734042645467,-0.587580718818303,5.0,1.5,ET0,1,8.24,7.57,8.236770338981968,4.71830645976308,4.198729229777738,0.0
1720422000,silty,2024,-0.6189321346145438,-0.5220734042645467,5.0,1.5,ET0,1,3.58,8.24,3.5751601774979624,4.71830645976308,4.114796006098693,0.0
1720508400,silty,2024,-0.5255288789990064,-0.6189321346145438,5.0,1.5,ET0,1,6.02,3.58,6.021523561190189,4.71830645976308,4.192777580764074,1.0
1720594800,silty,2024,-0.4788486685108559,-0.5255288789990064,5.0,1.5,ET0,1,6.41,6.02,6.408995121084742,4.71830645976308,4.239463676253814,0.0
1720681200,silty,2024,-0.4165092514781699,-0.4788486685108559,5.0,1.5,ET0,1,7.1,6.41,7.100145056634385,4.71830645976308,4.302091070172022,0.0
1720767600,silty,2024,-0.3367447447544188,-0.4165092514781699,5.0,1.5,ET0,1,8.42,7.1,8.417233027045325,4.71830645976308,4.382830316910036,0.0
1720854000,silty,2024,-0.26666355081679494,-0.3367447447544188,5.0,1.5,ET0,1,9.48,8.42,9.478835789843245,4.71830645976308,4.458260938198297,0.0
1720940400,silty,2024,-0.2637736641302426,-0.26666355081679494,5.0,1.5,ET0,1,8.65,9.48,8.65408688020589,4.71830645976308,4.472491566606412,0.0
1721026800,silty,2024,-0.26287157614646484,-0.2637736641302426,5.0,1.5,ET0,1,8.04,8.65,8.038553013013921,4.71830645976308,4.470074389233276,0.0
1721113200,silty,2024,-0.24207154974567507,-0.26287157614646484,5.0,1.5,ET0,1,8.08,8.04,8.079175888672749,4.71830645976308,4.485163357229552,0.0
1721199600,silty,2024,-0.16436363024243364,-0.24207154974567507,5.0,1.5,ET0,1,9.9,8.08,9.89638188136864,4.71830645976308,4.559962558158331,0.0
1721286000,silty,2024,-0.16787512099995316,-0.16436363024243364,5.0,1.5,ET0,1,8.86,9.9,8.856197692783795,4.71830645976308,4.571886379660548,0.0
1721372400,silty,2024,-0.16703690406361754,-0.16787512099995316,5.0,1.5,ET0,1,8.59,8.86,8.59349226880255,4.71830645976308,4.56647171794841,0.0
1721458800,silty,2024,-0.20775200477089042,-0.16703690406361754,5.0,1.5,ET0,1,6.6,8.59,6.5994601364997925,4.71830645976308,4.527722098327328,0.0
1721545200,silty,2024,-0.19904488248655736,-0.20775200477089042,5.0,1.5,ET0,1,6.36,6.6,6.35886520949269,4.71830645976308,4.522294127846289,0.0
1719126000,silty,2024,-0.6244404567664325,0,5.0,1.5,SMARTER_PIDenhanced,1,0,0,1.6632265501860408,4.71830645976308,4.093866002996648,1.7999999999999998
1719212400,silty,2024,-0.6884497306049389,-0.6244404567664325,5.0,1.5,SMARTER_PIDenhanced,1,0,0,1.5856569477409397,4.71830645976308,4.0298567291581415,5.8
1719298800,silty,2024,-0.7394934541651629,-0.6884497306049389,5.0,1.5,SMARTER_PIDenhanced,1,0,0,1.6430199437714739,4.71830645976308,3.9788130055979174,12.6
1719385200,silty,2024,-0.8184229348251344,-0.7394934541651629,5.0,1.5,SMARTER_PIDenhanced,1,0,0,3.7360647761286776,4.71830645976308,3.899883524937946,1.0
1719471600,silty,2024,-0.8088498640957699,-0.8184229348251344,5.0,1.5,SMARTER_PIDenhanced,1,0,0,3.2830581050375076,4.71830645976308,3.90945659566731,0.0
1719558000,silty,2024,-0.5853613793861766,-0.8088498640957699,5.0,1.5,SMARTER_PIDenhanced,1,0,0,8.105450401178516,4.71830645976308,4.132945080376904,0.0
1719644400,silty,2024,-0.3897007382607983,-0.5853613793861766,5.0,1.5,SMARTER_PIDenhanced,1,0,0,6.855392222915658,4.71830645976308,4.3286057215022815,0.0
1719730800,silty,2024,-0.20407131489849759,-0.3897007382607983,5.0,1.5,SMARTER_PIDenhanced,1,0.6220401444637573,0,6.275478723242181,4.71830645976308,4.514235144864583,0.0
1719817200,silty,2024,0.027736799673939976,-0.20407131489849759,5.0,1.5,SMARTER_PIDenhanced,1,1.822685916836855,0.6220401444637573,9.008052630760128,4.71830645976308,4.7460432594370205,0.0
1719903600,silty,2024,0.1363173117531054,0.027736799673939976,5.0,1.5,SMARTER_PIDenhanced,1,2.57006444486234,1.822685916836855,6.40343719338403,4.71830645976308,4.854623771516185,0.0
1719990000,silty,2024,0.21976753925633843,0.1363173117531054,5.0,1.5,SMARTER_PIDenhanced,1,3.3169668912630126,2.57006444486234,6.828302846826217,4.71830645976308,4.9380739990194185,0.0
1720076400,silty,2024,0.21406778535671314,0.21976753925633843,5.0,1.5,SMARTER_PIDenhanced,1,3.6095697997999556,3.3169668912630126,3.501203041998366,4.71830645976308,4.932374245119793,0.0
1720162800,silty,2024,0.22126300714808605,0.21406778535671314,5.0,1.5,SMARTER_PIDenhanced,1,3.9774404194789494,3.6095697997999556,4.1107559323561444,4.71830645976308,4.939569466911166,0.0
1720249200,silty,2024,0.2940747226170275,0.22126300714808605,5.0,1.5,SMARTER_PIDenhanced,1,4.782611080749199,3.9774404194789494,7.570021332731803,4.71830645976308,5.012381182380108,0.0
1720335600,silty,2024,0.3483206027318814,0.2940747226170275,5.0,1.5,SMARTER_PIDenhanced,1,5.5763213854212905,4.782611080749199,8.236770338981968,4.71830645976308,5.066627062494962,0.0
1720422000,silty,2024,0.27957254701719975,0.3483206027318814,5.0,1.5,SMARTER_PIDenhanced,1,5.651939927373682,5.5763213854212905,3.5751601774979624,4.71830645976308,4.99787900678028,0.0
1720508400,silty,2024,0.26437763365938116,0.27957254701719975,5.0,1.5,SMARTER_PIDenhanced,1,5.972531811073662,5.651939927373682,6.021523561190189,4.71830645976308,4.982684093422462,1.0
1720594800,silty,2024,0.2459446940129124,0.26437763365938116,5.0,1.5,SMARTER_PIDenhanced,1,6.249284153860687,5.972531811073662,6.408995121084742,4.71830645976308,4.964251153775993,0.0
1720681200,silty,2024,0.24385902156077408,0.2459446940129124,5.0,1.5,SMARTER_PIDenhanced,1,6.604644323941156,6.249284153860687,7.100145056634385,4.71830645976308,4.962165481323854,0.0
1720767600,silty,2024,0.26420143074133906,0.24385902156077408,5.0,1.5,SMARTER_PIDenhanced,1,7.102658515955989,6.604644323941156,8.417233027045325,4.71830645976308,4.98250789050442,0.0
1720854000,silty,2024,0.29296486186075127,0.26420143074133906,5.0,1.5,SMARTER_PIDenhanced,1,7.685922964344177,7.102658515955989,9.478835789843245,4.71830645976308,5.011271321623831,0.0
1720940400,silty,2024,0.28253866328753374,0.29296486186075127,5.0,1.5,SMARTER_PIDenhanced,1,8.05759996640939,7.685922964344177,8.65408688020589,4.71830645976308,5.000863121666278,0.0
1721026800,silty,2024,0.2476895879038067,0.28253866328753374,5.0,1.5,SMARTER_PIDenhanced,1,8.254888971346464,8.05759996640939,8.038553013013921,4.71830645976308,4.966964867399329,0.0
1721113200,silty,2024,0.21261529351044567,0.2476895879038067,5.0,1.5,SMARTER_PIDenhanced,1,8.398440439645327,8.254888971346464,8.079175888672749,4.71830645976308,4.93317758850078,0.0
1721199600,silty,2024,0.22392141787836287,0.21261529351044567,5.0,1.5,SMARTER_PIDenhanced,1,8.790853188302458,8.398440439645327,9.89638188136864,4.71830645976308,4.944571574915225,0.0
1721286000,silty,2024,0.20179592228063487,0.22392141787836287,5.0,1.5,SMARTER_PIDenhanced,1,8.98291959373477,8.790853188302458,8.856197692783795,4.71830645976308,4.925308003223715,0.0
1721372400,silty,2024,0.16603004484704445,0.20179592228063487,5.0,1.5,SMARTER_PIDenhanced,1,9.053135273837386,8.98291959373477,8.59349226880255,4.71830645976308,4.8921558545929775,0.0
1721458800,silty,2024,0.08582497800830766,0.16603004484704445,5.0,1.5,SMARTER_PIDenhanced,1,8.780847406656164,9.053135273837386,6.5994601364997925,4.71830645976308,4.8178658036934925,0.0
1721545200,silty,2024,0.010516913550929036,0.08582497800830766,5.0,1.5,SMARTER_PIDenhanced,1,8.420082454695665,8.780847406656164,6.35886520949269,4.71830645976308,4.7421543986406824,0.0
1625986800,silty,2021,0.26006297399719985,0,35.0,10.5,SMARTER_PIDenhanced,7,11.832865316872594,0,7.909412676835701,4.71830645976308,4.97836943376028,0.0
1626073200,silty,2021,0.20557329017983925,0.26006297399719985,35.0,10.5,SMARTER_PIDenhanced,7,0,11.832865316872594,8.171899400888595,4.71830645976308,4.942231740125901,0.0
1626159600,silty,2021,0.34124647195808194,0.26006297399719985,35.0,10.5,SMARTER_PIDenhanced,7,0,11.832865316872594,7.307248568315713,4.71830645976308,5.0595529317211625,49.2
1626246000,silty,2021,-0.5036823993924319,0.26006297399719985,35.0,10.5,SMARTER_PIDenhanced,7,0,11.832865316872594,3.7200181370317593,4.71830645976308,4.230349777672941,0.0
1626332400,silty,2021,-0.35826619033247453,0.26006297399719985,35.0,10.5,SMARTER_PIDenhanced,7,0,11.832865316872594,6.588938290136868,4.71830645976308,4.3600402694306055,0.0
1626418800,silty,2021,-0.22528337113471703,0.26006297399719985,35.0,10.5,SMARTER_PIDenhanced,7,0,11.832865316872594,4.2070949143533625,4.71830645976308,4.493023088628363,10.8
1626505200,silty,2021,-0.35414991471571244,0.26006297399719985,35.0,10.5,SMARTER_PIDenhanced,7,0,11.832865316872594,1.7206288405645938,4.71830645976308,4.364156545047368,0.8
1626591600,silty,2021,-0.32100623751615526,0.26006297399719985,35.0,10.5,SMARTER_PIDenhanced,7,0,11.832865316872594,2.3398193330169916,4.71830645976308,4.397300222246925,0.0
1626678000,silty,2021,-0.1147570278301814,-0.32100623751615526,35.0,10.5,SMARTER_PIDenhanced,7,0,0,5.542148180411579,4.71830645976308,4.6035494319328985,0.0
1626764400,silty,2021,0.12439071313610744,-0.32100623751615526,35.0,10.5,SMARTER_PIDenhanced,7,0,0,6.336708517861463,4.71830645976308,4.842697172899188,0.0
1626850800,silty,2021,0.366115585222039,-0.32100623751615526,35.0,10.5,SMARTER_PIDenhanced,7,0,0,7.723088615724408,4.71830645976308,5.08442204498512,0.0
1626937200,silty,2021,0.5312475103300642,-0.32100623751615526,35.0,10.5,SMARTER_PIDenhanced,7,0,0,6.384988487195638,4.71830645976308,5.249553970093144,0.0
1627023600,silty,2021,0.6781959450472548,-0.32100623751615526,35.0,10.5,SMARTER_PIDenhanced,7,0,0,6.724001721462045,4.71830645976308,5.396502404810335,0.0
1627110000,silty,2021,0.7992932563769344,-0.32100623751615526,35.0,10.5,SMARTER_PIDenhanced,7,0,0,6.639604206034317,4.71830645976308,5.5175997161400145,0.0
1627196400,silty,2021,0.8948591503606375,-0.32100623751615526,35.0,10.5,SMARTER_PIDenhanced,7,51.951309654474436,0,6.068344799075018,4.71830645976308,5.613165610123718,0.0
1627282800,silty,2021,0.010174844201929541,0.8948591503606375,35.0,10.5,SMARTER_PIDenhanced,7,0,51.951309654474436,3.7441148307248353,4.71830645976308,4.9065511124187235,0.0
1627369200,silty,2021,-0.4193671147420635,0.8948591503606375,35.0,10.5,SMARTER_PIDenhanced,7,0,51.951309654474436,5.25782491390273,4.71830645976308,4.40257856582365,1.0
1627455600,silty,2021,-0.3334058185159719,0.8948591503606375,35.0,10.5,SMARTER_PIDenhanced,7,0,51.951309654474436,4.067188753317478,4.71830645976308,4.384900641247109,0.0
1627542000,silty,2021,-0.13608320977081156,0.8948591503606375,35.0,10.5,SMARTER_PIDenhanced,7,0,51.951309654474436,5.501441403272102,4.71830645976308,4.582223249992269,0.0
1627628400,silty,2021,0.13308706391182287,0.8948591503606375,35.0,10.5,SMARTER_PIDenhanced,7,0,51.951309654474436,7.363960029273559,4.71830645976308,4.851393523674903,0.0
1627714800,silty,2021,0.3972311305242375,0.8948591503606375,35.0,10.5,SMARTER_PIDenhanced,7,0,51.951309654474436,8.127164249908118,4.71830645976308,5.1155375902873175,0.0
1627801200,silty,2021,0.5722421789049875,0.8948591503606375,35.0,10.5,SMARTER_PIDenhanced,7,46.66825853202906,51.951309654474436,7.011084171391055,4.71830645976308,5.290548638668068,9.0
1627887600,silty,2021,-0.26201609114382773,0.5722421789049875,35.0,10.5,SMARTER_PIDenhanced,7,0,46.66825853202906,7.304828236834061,4.71830645976308,4.66646532031186,0.0
1627974000,silty,2021,-0.4879855688522555,0.5722421789049875,35.0,10.5,SMARTER_PIDenhanced,7,0,46.66825853202906,7.320018177389831,4.71830645976308,4.317880896616319,0.0
1628060400,silty,2021,-0.2439669003276899,0.5722421789049875,35.0,10.5,SMARTER_PIDenhanced,7,0,46.66825853202906,8.239496207860649,4.71830645976308,4.47433955943539,0.0
1628146800,silty,2021,-0.0842327316863846,0.5722421789049875,35.0,10.5,SMARTER_PIDenhanced,7,0,46.66825853202906,4.198759507591638,4.71830645976308,4.634073728076696,0.0
1628233200,silty,2021,0.2209870296806505,0.5722421789049875,35.0,10.5,SMARTER_PIDenhanced,7,0,46.66825853202906,8.25634687060054,4.71830645976308,4.939293489443731,0.0
1628319600,silty,2021,0.45235879903905835,0.5722421789049875,35.0,10.5,SMARTER_PIDenhanced,7,0,46.66825853202906,7.823891414052509,4.71830645976308,5.1706652588021385,0.0
1628406000,silty,2021,0.6089461938474158,0.5722421789049875,35.0,10.5,SMARTER_PIDenhanced,7,54.34683409041191,46.66825853202906,6.8058425683475985,4.71830645976308,5.327252653610496,0.0
1628492400,silty,2021,-0.17712293852496203,0.6089461938474158,35.0,10.5,SMARTER_PIDenhanced,7,0,54.34683409041191,8.235329351972808,4.71830645976308,4.747406450532265,0.0
1655967600,silty,2022,-0.28419365969528876,0,35.0,10.5,SMARTER_PIDenhanced,7,0,0,5.915965904891959,4.71830645976308,4.434112800067791,0.0
1656054000,silty,2022,-0.1451497080834284,-0.28419365969528876,35.0,10.5,SMARTER_PIDenhanced,7,0,0,5.717907755951627,4.71830645976308,4.573156751679652,0.0
1656140400,silty,2022,0.06416307697634702,-0.28419365969528876,35.0,10.5,SMARTER_PIDenhanced,7,0,0,9.203948870710635,4.71830645976308,4.782469536739427,0.0
1656226800,silty,2022,0.2623828275449261,-0.28419365969528876,35.0,10.5,SMARTER_PIDenhanced,7,0,0,9.569797117975432,4.71830645976308,4.980689287308007,0.0
1656313200,silty,2022,0.4097032770118931,-0.28419365969528876,35.0,10.5,SMARTER_PIDenhanced,7,0,0,8.693094774412245,4.71830645976308,5.128009736774973,0.0
1656399600,silty,2022,0.5123786047181863,-0.28419365969528876,35.0,10.5,SMARTER_PIDenhanced,7,0,0,7.460713537351751,4.71830645976308,5.230685064481267,1.6
1656486000,silty,2022,0.5379273683076163,-0.28419365969528876,35.0,10.5,SMARTER_PIDenhanced,7,0,0,1.8323231735051733,4.71830645976308,5.256233828070696,0.0
1656572400,silty,2022,0.6193195882475271,-0.28419365969528876,35.0,10.5,SMARTER_PIDenhanced,7,38.12581935459759,0,6.425725286268609,4.71830645976308,5.337626048010607,0.0
1656658800,silty,2022,0.031236447057523584,0.6193195882475271,35.0,10.5,SMARTER_PIDenhanced,7,0,38.12581935459759,8.481182130641368,4.71830645976308,4.833894454147765,0.0
1656745200,silty,2022,-0.058948478178478224,0.6193195882475271,35.0,10.5,SMARTER_PIDenhanced,7,0,38.12581935459759,9.684100900879589,4.71830645976308,4.672155933349425,0.0
1656831600,silty,2022,0.09819641978078708,0.6193195882475271,35.0,10.5,SMARTER_PIDenhanced,7,0,38.12581935459759,7.875822878948619,4.71830645976308,4.816502879543867,0.0
1656918000,silty,2022,0.2935522983151613,0.6193195882475271,35.0,10.5,SMARTER_PIDenhanced,7,0,38.12581935459759,8.846129638751195,4.71830645976308,5.011858758078241,0.0
1657004400,silty,2022,0.4628039008815695,0.6193195882475271,35.0,10.5,SMARTER_PIDenhanced,7,0,38.12581935459759,8.353871892123982,4.71830645976308,5.18111036064465,0.0
1657090800,silty,2022,0.5913527079747813,0.6193195882475271,35.0,10.5,SMARTER_PIDenhanced,7,0,38.12581935459759,8.10868026961472,4.71830645976308,5.309659167737862,0.0
1657177200,silty,2022,0.668775418661253,0.6193195882475271,35.0,10.5,SMARTER_PIDenhanced,7,46.87891531502115,38.12581935459759,5.27960920736311,4.71830645976308,5.3870818784243335,11.6
1657263600,silty,2022,-0.1964017851795951,0.668775418661253,35.0,10.5,SMARTER_PIDenhanced,7,0,46.87891531502115,7.275206390354677,4.71830645976308,4.7239745735781185,0.0
1657350000,silty,2022,-0.45587465070063,0.668775418661253,35.0,10.5,SMARTER_PIDenhanced,7,0,46.87891531502115,7.121172904786319,4.71830645976308,4.3493631959193095,0.0
1657436400,silty,2022,-0.25206271352330006,0.668775418661253,35.0,10.5,SMARTER_PIDenhanced,7,0,46.87891531502115,7.612583271961939,4.71830645976308,4.466243746239781,0.0
1657522800,silty,2022,-3.204022061440045e-05,0.668775418661253,35.0,10.5,SMARTER_PIDenhanced,7,0,46.87891531502115,8.472336750464112,4.71830645976308,4.718274419542466,0.0
1657609200,silty,2022,0.21561553424189572,0.668775418661253,35.0,10.5,SMARTER_PIDenhanced,7,0,46.87891531502115,7.4879930375083275,4.71830645976308,4.933921994004976,0.0
1657695600,silty,2022,0.36292136546161813,0.668775418661253,35.0,10.5,SMARTER_PIDenhanced,7,0,46.87891531502115,5.439558555641069,4.71830645976308,5.0812278252246985,0.0
1657782000,silty,2022,0.5372776351158398,0.668775418661253,35.0,10.5,SMARTER_PIDenhanced,7,47.91790805964801,46.87891531502115,8.254676604732598,4.71830645976308,5.25558409487892,0.0
1657868400,silty,2022,-0.16629230413112034,0.5372776351158398,35.0,10.5,SMARTER_PIDenhanced,7,0,47.91790805964801,9.447916516172471,4.71830645976308,4.734425675446752,0.0
1657954800,silty,2022,-0.34560116310305883,0.5372776351158398,35.0,10.5,SMARTER_PIDenhanced,7,0,47.91790805964801,8.968687582898376,4.71830645976308,4.44435653467278,0.0
1658041200,silty,2022,-0.13824364590957341,0.5372776351158398,35.0,10.5,SMARTER_PIDenhanced,7,0,47.91790805964801,7.701644419417017,4.71830645976308,4.580062813853507,0.0
1658127600,silty,2022,0.0839812123634459,0.5372776351158398,35.0,10.5,SMARTER_PIDenhanced,7,0,47.91790805964801,7.236620092977568,4.71830645976308,4.802287672126526,0.0
1658214000,silty,2022,0.319627502350701,0.5372776351158398,35.0,10.5,SMARTER_PIDenhanced,7,0,47.91790805964801,7.976539558735554,4.71830645976308,5.037933962113781,0.0
1658300400,silty,2022,0.5304006933119613,0.5372776351158398,35.0,10.5,SMARTER_PIDenhanced,7,0,47.91790805964801,9.031637030513592,4.71830645976308,5.248707153075042,0.0
1658386800,silty,2022,0.6799354060982337,0.5372776351158398,35.0,10.5,SMARTER_PIDenhanced,7,60.05025180806325,47.91790805964801,8.523521442036436,4.71830645976308,5.398241865861314,0.0
1687503600,silty,2023,-0.47514990579357963,0,35.0,10.5,SMARTER_PIDenhanced,7,0,0,6.420277994663035,4.71830645976308,4.2431565539695,0.0
1687590000,silty,2023,-0.31950708145318657,-0.47514990579357963,35.0,10.5,SMARTER_PIDenhanced,7,0,0,6.3387606045021405,4.71830645976308,4.398799378309894,0.0
1687676400,silty,2023,-0.15040861109590156,-0.47514990579357963,35.0,10.5,SMARTER_PIDenhanced,7,0,0,7.077332335884068,4.71830645976308,4.567897848667179,0.0
1687762800,silty,2023,-0.00047595550169780886,-0.47514990579357963,35.0,10.5,SMARTER_PIDenhanced,7,0,0,6.229180911248416,4.71830645976308,4.717830504261382,0.0
1687849200,silty,2023,0.16683166976356265,-0.47514990579357963,35.0,10.5,SMARTER_PIDenhanced,7,0,0,7.717627618312005,4.71830645976308,4.885138129526643,0.0
1687935600,silty,2023,0.310824145340345,-0.47514990579357963,35.0,10.5,SMARTER_PIDenhanced,7,0,0,8.190146658736474,4.71830645976308,5.0291306051034255,0.0
1688022000,silty,2023,0.3521647896857393,-0.47514990579357963,35.0,10.5,SMARTER_PIDenhanced,7,0,0,2.6534944981591777,4.71830645976308,5.070471249448819,0.0
1688108400,silty,2023,0.4656529150456511,-0.47514990579357963,35.0,10.5,SMARTER_PIDenhanced,7,37.817454337352416,0,7.8119211404442055,4.71830645976308,5.183959374808731,0.0
1688194800,silty,2023,-0.17346560912596534,0.4656529150456511,35.0,10.5,SMARTER_PIDenhanced,7,0,37.817454337352416,2.989408376370308,4.71830645976308,4.635638339010965,0.0
1688281200,silty,2023,-0.3718010297848275,0.4656529150456511,35.0,10.5,SMARTER_PIDenhanced,7,0,37.817454337352416,3.6286065346203205,4.71830645976308,4.37139936875662,0.0
1688367600,silty,2023,-0.2259603011299843,0.4656529150456511,35.0,10.5,SMARTER_PIDenhanced,7,0,37.817454337352416,5.9091258835011,4.71830645976308,4.4923461586330955,0.0
1688454000,silty,2023,-0.04841997333512355,0.4656529150456511,35.0,10.5,SMARTER_PIDenhanced,7,0,37.817454337352416,6.621532339824514,4.71830645976308,4.669886486427957,0.0
1688540400,silty,2023,0.11939001854412376,0.4656529150456511,35.0,10.5,SMARTER_PIDenhanced,7,0,37.817454337352416,6.395412175418061,4.71830645976308,4.837696478307204,0.0
1688626800,silty,2023,0.2961136972846935,0.4656529150456511,35.0,10.5,SMARTER_PIDenhanced,7,0,37.817454337352416,7.492344925936937,4.71830645976308,5.014420157047773,5.0
1688713200,silty,2023,0.36078529371786777,0.4656529150456511,35.0,10.5,SMARTER_PIDenhanced,7,37.93533317491761,37.817454337352416,3.3788724562330463,4.71830645976308,5.079091753480948,0.0
1688799600,silty,2023,-0.2755971608122125,0.36078529371786777,35.0,10.5,SMARTER_PIDenhanced,7,0,37.93533317491761,6.518921569415171,4.71830645976308,4.5692027379468225,0.0
1688886000,silty,2023,-0.37192965583124155,0.36078529371786777,35.0,10.5,SMARTER_PIDenhanced,7,0,37.93533317491761,7.0675670514600375,4.71830645976308,4.375259162315159,0.0
1688972400,silty,2023,-0.18353662661689663,0.36078529371786777,35.0,10.5,SMARTER_PIDenhanced,7,0,37.93533317491761,6.961944041187434,4.71830645976308,4.534769833146184,0.0
1689058800,silty,2023,0.03538653379654681,0.36078529371786777,35.0,10.5,SMARTER_PIDenhanced,7,0,37.93533317491761,7.523781176422247,4.71830645976308,4.7536929935596275,0.0
1689145200,silty,2023,0.2530555620429108,0.36078529371786777,35.0,10.5,SMARTER_PIDenhanced,7,0,37.93533317491761,7.806608352298979,4.71830645976308,4.971362021805991,0.0
1689231600,silty,2023,0.4294087669001892,0.36078529371786777,35.0,10.5,SMARTER_PIDenhanced,7,0,37.93533317491761,7.714035948667738,4.71830645976308,5.147715226663269,22.8
1689318000,silty,2023,0.2382091589129828,0.36078529371786777,35.0,10.5,SMARTER_PIDenhanced,7,36.14636462533295,37.93533317491761,2.9961159428327533,4.71830645976308,4.956515618676063,0.0
1689404400,silty,2023,-0.4237453995031294,0.2382091589129828,35.0,10.5,SMARTER_PIDenhanced,7,0,36.14636462533295,5.390782029334142,4.71830645976308,4.447093718221446,0.0
1689490800,silty,2023,-0.48955357175002445,0.2382091589129828,35.0,10.5,SMARTER_PIDenhanced,7,0,36.14636462533295,7.1090569971804145,4.71830645976308,4.2633975309561265,0.0
1689577200,silty,2023,-0.28403350961294194,0.2382091589129828,35.0,10.5,SMARTER_PIDenhanced,7,0,36.14636462533295,6.608581357186508,4.71830645976308,4.434272950150138,0.0
1689663600,silty,2023,-0.031399513858816355,0.2382091589129828,35.0,10.5,SMARTER_PIDenhanced,7,0,36.14636462533295,7.5003116982488045,4.71830645976308,4.686906945904264,0.0
1689750000,silty,2023,0.19868905068366208,0.2382091589129828,35.0,10.5,SMARTER_PIDenhanced,7,0,36.14636462533295,7.063404491828016,4.71830645976308,4.916995510446743,0.0
1689836400,silty,2023,0.4177490949285665,0.2382091589129828,35.0,10.5,SMARTER_PIDenhanced,7,0,36.14636462533295,7.949048805371062,4.71830645976308,5.136055554691647,0.0
1689922800,silty,2023,0.5516309096255627,0.2382091589129828,35.0,10.5,SMARTER_PIDenhanced,7,52.90825045134166,36.14636462533295,6.202164075023188,4.71830645976308,5.269937369388643,0.0
1719126000,silty,2024,-0.6244404567664325,0,35.0,10.5,SMARTER_PIDenhanced,7,0,0,1.6632265501860408,4.71830645976308,4.093866002996648,1.7999999999999998
1719212400,silty,2024,-0.6884497306049389,-0.6244404567664325,35.0,10.5,SMARTER_PIDenhanced,7,0,0,1.5856569477409397,4.71830645976308,4.0298567291581415,5.8
1719298800,silty,2024,-0.7394934541651629,-0.6244404567664325,35.0,10.5,SMARTER_PIDenhanced,7,0,0,1.6430199437714739,4.71830645976308,3.9788130055979174,12.6
1719385200,silty,2024,-0.8184229348251344,-0.6244404567664325,35.0,10.5,SMARTER_PIDenhanced,7,0,0,3.7360647761286776,4.71830645976308,3.899883524937946,1.0
1719471600,silty,2024,-0.8088498640957699,-0.6244404567664325,35.0,10.5,SMARTER_PIDenhanced,7,0,0,3.2830581050375076,4.71830645976308,3.90945659566731,0.0
1719558000,silty,2024,-0.5853613793861766,-0.6244404567664325,35.0,10.5,SMARTER_PIDenhanced,7,0,0,8.105450401178516,4.71830645976308,4.132945080376904,0.0
1719644400,silty,2024,-0.3897007382607983,-0.6244404567664325,35.0,10.5,SMARTER_PIDenhanced,7,0,0,6.855392222915658,4.71830645976308,4.3286057215022815,0.0
1719730800,silty,2024,-0.20407131489849759,-0.6244404567664325,35.0,10.5,SMARTER_PIDenhanced,7,12.570171158943493,0,6.275478723242181,4.71830645976308,4.514235144864583,0.0
1719817200,silty,2024,-0.22319426111680812,-0.20407131489849759,35.0,10.5,SMARTER_PIDenhanced,7,0,12.570171158943493,9.008052630760128,4.71830645976308,4.5073365181999865,0.0
1719903600,silty,2024,-0.09481934001425697,-0.20407131489849759,35.0,10.5,SMARTER_PIDenhanced,7,0,12.570171158943493,6.40343719338403,4.71830645976308,4.623487119748823,0.0
1719990000,silty,2024,0.06487663332893738,-0.20407131489849759,35.0,10.5,SMARTER_PIDenhanced,7,0,12.570171158943493,6.828302846826217,4.71830645976308,4.783183093092018,0.0
1720076400,silty,2024,0.14597819246479346,-0.20407131489849759,35.0,10.5,SMARTER_PIDenhanced,7,0,12.570171158943493,3.501203041998366,4.71830645976308,4.864284652227874,0.0
1720162800,silty,2024,0.24012050872076587,-0.20407131489849759,35.0,10.5,SMARTER_PIDenhanced,7,0,12.570171158943493,4.1107559323561444,4.71830645976308,4.958426968483846,0.0
1720249200,silty,2024,0.39267983452304867,-0.20407131489849759,35.0,10.5,SMARTER_PIDenhanced,7,0,12.570171158943493,7.570021332731803,4.71830645976308,5.110986294286129,0.0
1720335600,silty,2024,0.5317752207336589,-0.20407131489849759,35.0,10.5,SMARTER_PIDenhanced,7,43.90843972377239,12.570171158943493,8.236770338981968,4.71830645976308,5.250081680496739,0.0
1720422000,silty,2024,-0.22724757757247113,0.5317752207336589,35.0,10.5,SMARTER_PIDenhanced,7,0,43.90843972377239,3.5751601774979624,4.71830645976308,4.642782595190017,0.0
1720508400,silty,2024,-0.40965175380634555,0.5317752207336589,35.0,10.5,SMARTER_PIDenhanced,7,0,43.90843972377239,6.021523561190189,4.71830645976308,4.361302809713406,1.0
1720594800,silty,2024,-0.24196845647916504,0.5317752207336589,35.0,10.5,SMARTER_PIDenhanced,7,0,43.90843972377239,6.408995121084742,4.71830645976308,4.4763380032839155,0.0
1720681200,silty,2024,-0.028542332272346007,0.5317752207336589,35.0,10.5,SMARTER_PIDenhanced,7,0,43.90843972377239,7.100145056634385,4.71830645976308,4.689764127490735,0.0
1720767600,silty,2024,0.2167030992834032,0.5317752207336589,35.0,10.5,SMARTER_PIDenhanced,7,0,43.90843972377239,8.417233027045325,4.71830645976308,4.935009559046484,0.0
1720854000,silty,2024,0.44278720652001363,0.5317752207336589,35.0,10.5,SMARTER_PIDenhanced,7,0,43.90843972377239,9.478835789843245,4.71830645976308,5.161093666283094,0.0
1720940400,silty,2024,0.5999491150998367,0.5317752207336589,35.0,10.5,SMARTER_PIDenhanced,7,52.593991735136896,43.90843972377239,8.65408688020589,4.71830645976308,5.318255574862917,0.0
1721026800,silty,2024,-0.17294415313236913,0.5999491150998367,35.0,10.5,SMARTER_PIDenhanced,7,0,52.593991735136896,8.038553013013921,4.71830645976308,4.735622957360239,0.0
1721113200,silty,2024,-0.45291605264215584,0.5999491150998367,35.0,10.5,SMARTER_PIDenhanced,7,0,52.593991735136896,8.079175888672749,4.71830645976308,4.360441768432395,0.0
1721199600,silty,2024,-0.184246165288372,0.5999491150998367,35.0,10.5,SMARTER_PIDenhanced,7,0,52.593991735136896,9.89638188136864,4.71830645976308,4.534060294474708,0.0
1721286000,silty,2024,0.08971034122916074,0.5999491150998367,35.0,10.5,SMARTER_PIDenhanced,7,0,52.593991735136896,8.856197692783795,4.71830645976308,4.808016800992241,0.0
1721372400,silty,2024,0.3370678875406037,0.5999491150998367,35.0,10.5,SMARTER_PIDenhanced,7,0,52.593991735136896,8.59349226880255,4.71830645976308,5.055374347303684,0.0
1721458800,silty,2024,0.4906061630771803,0.5999491150998367,35.0,10.5,SMARTER_PIDenhanced,7,0,52.593991735136896,6.5994601364997925,4.71830645976308,5.208912622840261,0.0
1721545200,silty,2024,0.610677543786642,0.5999491150998367,35.0,10.5,SMARTER_PIDenhanced,7,59.381600948934825,52.593991735136896,6.35886520949269,4.71830645976308,5.3289840035497225,0.0
1625986800,silty,2021,0.26006297399719985,0,25.0,7.5,SMARTER_PIDenhanced,5,8.452046654908996,0,7.909412676835701,4.71830645976308,4.97836943376028,0.0
1626073200,silty,2021,0.27287911433915585,0.26006297399719985,25.0,7.5,SMARTER_PIDenhanced,5,0,8.452046654908996,8.171899400888595,4.71830645976308,4.991353061341706,0.0
1626159600,silty,2021,0.4278330183098163,0.26006297399719985,25.0,7.5,SMARTER_PIDenhanced,5,0,8.452046654908996,7.307248568315713,4.71830645976308,5.146139478072897,49.2
1626246000,silty,2021,-0.39750898998680106,0.26006297399719985,25.0,7.5,SMARTER_PIDenhanced,5,0,8.452046654908996,3.7200181370317593,4.71830645976308,4.327730422392098,0.0
1626332400,silty,2021,-0.26860423684296714,0.26006297399719985,25.0,7.5,SMARTER_PIDenhanced,5,0,8.452046654908996,6.588938290136868,4.71830645976308,4.449702222920113,0.0
1626418800,silty,2021,-0.1455293577068014,0.26006297399719985,25.0,7.5,SMARTER_PIDenhanced,5,0,8.452046654908996,4.2070949143533625,4.71830645976308,4.572777102056279,10.8
1626505200,silty,2021,-0.2755287384546297,-0.1455293577068014,25.0,7.5,SMARTER_PIDenhanced,5,0,0,1.7206288405645938,4.71830645976308,4.442777721308451,0.8
1626591600,silty,2021,-0.248972458532458,-0.1455293577068014,25.0,7.5,SMARTER_PIDenhanced,5,0,0,2.3398193330169916,4.71830645976308,4.469334001230623,0.0
1626678000,silty,2021,-0.04959498826746864,-0.1455293577068014,25.0,7.5,SMARTER_PIDenhanced,5,0,0,5.542148180411579,4.71830645976308,4.6687114714956115,0.0
1626764400,silty,2021,0.17942026354721882,-0.1455293577068014,25.0,7.5,SMARTER_PIDenhanced,5,0,0,6.336708517861463,4.71830645976308,4.897726723310299,0.0
1626850800,silty,2021,0.4113716445081595,-0.1455293577068014,25.0,7.5,SMARTER_PIDenhanced,5,17.00781238918522,0,7.723088615724408,4.71830645976308,5.12967810427124,0.0
1626937200,silty,2021,0.219790554800157,0.4113716445081595,25.0,7.5,SMARTER_PIDenhanced,5,0,17.00781238918522,6.384988487195638,4.71830645976308,4.960114908387475,0.0
1627023600,silty,2021,0.2859009327286533,0.4113716445081595,25.0,7.5,SMARTER_PIDenhanced,5,0,17.00781238918522,6.724001721462045,4.71830645976308,5.004207392491733,0.0
1627110000,silty,2021,0.44942008332821565,0.4113716445081595,25.0,7.5,SMARTER_PIDenhanced,5,0,17.00781238918522,6.639604206034317,4.71830645976308,5.1677265430912955,0.0
1627196400,silty,2021,0.5911116660463025,0.4113716445081595,25.0,7.5,SMARTER_PIDenhanced,5,0,17.00781238918522,6.068344799075018,4.71830645976308,5.309418125809382,0.0
1627282800,silty,2021,0.6703304583312156,0.4113716445081595,25.0,7.5,SMARTER_PIDenhanced,5,28.50926117224574,17.00781238918522,3.7441148307248353,4.71830645976308,5.388636918094296,0.0
1627369200,silty,2021,0.19305681917921336,0.6703304583312156,25.0,7.5,SMARTER_PIDenhanced,5,0,28.50926117224574,5.25782491390273,4.71830645976308,4.973360314978387,1.0
1627455600,silty,2021,0.031705368461784955,0.6703304583312156,25.0,7.5,SMARTER_PIDenhanced,5,0,28.50926117224574,4.067188753317478,4.71830645976308,4.753581937834835,0.0
1627542000,silty,2021,0.15695098926087467,0.6703304583312156,25.0,7.5,SMARTER_PIDenhanced,5,0,28.50926117224574,5.501441403272102,4.71830645976308,4.875257449023955,0.0
1627628400,silty,2021,0.3637343036050959,0.6703304583312156,25.0,7.5,SMARTER_PIDenhanced,5,0,28.50926117224574,7.363960029273559,4.71830645976308,5.082040763368176,0.0
1627714800,silty,2021,0.5661234757399223,0.6703304583312156,25.0,7.5,SMARTER_PIDenhanced,5,30.150012675512823,28.50926117224574,8.127164249908118,4.71830645976308,5.284429935503002,0.0
1627801200,silty,2021,0.02315341791639695,0.5661234757399223,25.0,7.5,SMARTER_PIDenhanced,5,0,30.150012675512823,7.011084171391055,4.71830645976308,4.859828847475377,9.0
1627887600,silty,2021,-0.12042353646878155,0.5661234757399223,25.0,7.5,SMARTER_PIDenhanced,5,0,30.150012675512823,7.304828236834061,4.71830645976308,4.606745213707139,0.0
1627974000,silty,2021,0.0596734412733184,0.5661234757399223,25.0,7.5,SMARTER_PIDenhanced,5,0,30.150012675512823,7.320018177389831,4.71830645976308,4.777979901036399,0.0
1628060400,silty,2021,0.30458436673811706,0.5661234757399223,25.0,7.5,SMARTER_PIDenhanced,5,0,30.150012675512823,8.239496207860649,4.71830645976308,5.022890826501198,0.0
1628146800,silty,2021,0.43394621056836974,0.5661234757399223,25.0,7.5,SMARTER_PIDenhanced,5,30.100177625486783,30.150012675512823,4.198759507591638,4.71830645976308,5.15225267033145,0.0
1628233200,silty,2021,0.04556018379503475,0.43394621056836974,25.0,7.5,SMARTER_PIDenhanced,5,0,30.100177625486783,8.25634687060054,4.71830645976308,4.833128901308798,0.0
1628319600,silty,2021,0.0071816875540257445,0.43394621056836974,25.0,7.5,SMARTER_PIDenhanced,5,0,30.100177625486783,7.823891414052509,4.71830645976308,4.727896011972549,0.0
1628406000,silty,2021,0.18413863176398015,0.43394621056836974,25.0,7.5,SMARTER_PIDenhanced,5,0,30.100177625486783,6.8058425683475985,4.71830645976308,4.902445091527061,0.0
1628492400,silty,2021,0.42544077378235545,0.43394621056836974,25.0,7.5,SMARTER_PIDenhanced,5,0,30.100177625486783,8.235329351972808,4.71830645976308,5.143747233545436,0.0
1655967600,silty,2022,-0.28419365969528876,0,25.0,7.5,SMARTER_PIDenhanced,5,0,0,5.915965904891959,4.71830645976308,4.434112800067791,0.0
1656054000,silty,2022,-0.1451497080834284,-0.28419365969528876,25.0,7.5,SMARTER_PIDenhanced,5,0,0,5.717907755951627,4.71830645976308,4.573156751679652,0.0
1656140400,silty,2022,0.06416307697634702,-0.28419365969528876,25.0,7.5,SMARTER_PIDenhanced,5,0,0,9.203948870710635,4.71830645976308,4.782469536739427,0.0
1656226800,silty,2022,0.2623828275449261,-0.28419365969528876,25.0,7.5,SMARTER_PIDenhanced,5,0,0,9.569797117975432,4.71830645976308,4.980689287308007,0.0
1656313200,silty,2022,0.4097032770118931,-0.28419365969528876,25.0,7.5,SMARTER_PIDenhanced,5,0,0,8.693094774412245,4.71830645976308,5.128009736774973,0.0
1656399600,silty,2022,0.5123786047181863,-0.28419365969528876,25.0,7.5,SMARTER_PIDenhanced,5,23.757146145723272,0,7.460713537351751,4.71830645976308,5.230685064481267,1.6
1656486000,silty,2022,0.12180056075274114,0.5123786047181863,25.0,7.5,SMARTER_PIDenhanced,5,0,23.757146145723272,1.8323231735051733,4.71830645976308,4.876871978837687,0.0
1656572400,silty,2022,0.07868215249152988,0.5123786047181863,25.0,7.5,SMARTER_PIDenhanced,5,0,23.757146145723272,6.425725286268609,4.71830645976308,4.79698861225461,0.0
1656658800,silty,2022,0.23951570339824632,0.5123786047181863,25.0,7.5,SMARTER_PIDenhanced,5,0,23.757146145723272,8.481182130641368,4.71830645976308,4.957822163161326,0.0
1656745200,silty,2022,0.42403325129355146,0.5123786047181863,25.0,7.5,SMARTER_PIDenhanced,5,0,23.757146145723272,9.684100900879589,4.71830645976308,5.142339711056632,0.0
1656831600,silty,2022,0.549273224735417,0.5123786047181863,25.0,7.5,SMARTER_PIDenhanced,5,28.799060831669667,23.757146145723272,7.875822878948619,4.71830645976308,5.2675796844984974,0.0
1656918000,silty,2022,0.15676117593661804,0.549273224735417,25.0,7.5,SMARTER_PIDenhanced,5,0,28.799060831669667,8.846129638751195,4.71830645976308,4.9263103356730324,0.0
1657004400,silty,2022,0.1141679917921621,0.549273224735417,25.0,7.5,SMARTER_PIDenhanced,5,0,28.799060831669667,8.353871892123982,4.71830645976308,4.832531233440194,0.0
1657090800,silty,2022,0.27146329424102883,0.549273224735417,25.0,7.5,SMARTER_PIDenhanced,5,0,28.799060831669667,8.10868026961472,4.71830645976308,4.989769754004109,0.0
1657177200,silty,2022,0.39042032110074204,0.549273224735417,25.0,7.5,SMARTER_PIDenhanced,5,0,28.799060831669667,5.27960920736311,4.71830645976308,5.108726780863822,11.6
1657263600,silty,2022,0.49639565171543576,0.549273224735417,25.0,7.5,SMARTER_PIDenhanced,5,31.200088894035904,28.799060831669667,7.275206390354677,4.71830645976308,5.214702111478516,0.0
1657350000,silty,2022,-0.048364118882420044,0.49639565171543576,25.0,7.5,SMARTER_PIDenhanced,5,0,31.200088894035904,7.121172904786319,4.71830645976308,4.757037440795281,0.0
1657436400,silty,2022,-0.10732729267730368,0.49639565171543576,25.0,7.5,SMARTER_PIDenhanced,5,0,31.200088894035904,7.612583271961939,4.71830645976308,4.617853155345579,0.0
1657522800,silty,2022,0.09998723650194373,0.49639565171543576,25.0,7.5,SMARTER_PIDenhanced,5,0,31.200088894035904,8.472336750464112,4.71830645976308,4.818293696265024,0.0
1657609200,silty,2022,0.2958408327609127,0.49639565171543576,25.0,7.5,SMARTER_PIDenhanced,5,0,31.200088894035904,7.4879930375083275,4.71830645976308,5.014147292523993,0.0
1657695600,silty,2022,0.43436724459147485,0.49639565171543576,25.0,7.5,SMARTER_PIDenhanced,5,32.90713305037294,31.200088894035904,5.439558555641069,4.71830645976308,5.152673704354555,0.0
1657782000,silty,2022,-0.02550943705980977,0.43436724459147485,25.0,7.5,SMARTER_PIDenhanced,5,0,32.90713305037294,8.254676604732598,4.71830645976308,4.775024641866024,0.0
1657868400,silty,2022,-0.031131787890241645,0.43436724459147485,25.0,7.5,SMARTER_PIDenhanced,5,0,32.90713305037294,9.447916516172471,4.71830645976308,4.692303092472819,0.0
1657954800,silty,2022,0.1927762499089647,0.43436724459147485,25.0,7.5,SMARTER_PIDenhanced,5,0,32.90713305037294,8.968687582898376,4.71830645976308,4.911082709672045,0.0
1658041200,silty,2022,0.3959659490942106,0.43436724459147485,25.0,7.5,SMARTER_PIDenhanced,5,0,32.90713305037294,7.701644419417017,4.71830645976308,5.114272408857291,0.0
1658127600,silty,2022,0.5568080327754797,0.43436724459147485,25.0,7.5,SMARTER_PIDenhanced,5,40.14421300078916,32.90713305037294,7.236620092977568,4.71830645976308,5.27511449253856,0.0
1658214000,silty,2022,-0.07563307658782366,0.5568080327754797,25.0,7.5,SMARTER_PIDenhanced,5,0,40.14421300078916,7.976539558735554,4.71830645976308,4.772950600549888,0.0
1658300400,silty,2022,-0.14919419461661299,0.5568080327754797,25.0,7.5,SMARTER_PIDenhanced,5,0,40.14421300078916,9.031637030513592,4.71830645976308,4.598042770125893,0.0
1658386800,silty,2022,0.0766976083669528,0.5568080327754797,25.0,7.5,SMARTER_PIDenhanced,5,0,40.14421300078916,8.523521442036436,4.71830645976308,4.795004068130033,0.0
1687503600,silty,2023,-0.47514990579357963,0,25.0,7.5,SMARTER_PIDenhanced,5,0,0,6.420277994663035,4.71830645976308,4.2431565539695,0.0
1687590000,silty,2023,-0.31950708145318657,-0.47514990579357963,25.0,7.5,SMARTER_PIDenhanced,5,0,0,6.3387606045021405,4.71830645976308,4.398799378309894,0.0
1687676400,silty,2023,-0.15040861109590156,-0.47514990579357963,25.0,7.5,SMARTER_PIDenhanced,5,0,0,7.077332335884068,4.71830645976308,4.567897848667179,0.0
1687762800,silty,2023,-0.00047595550169780886,-0.47514990579357963,25.0,7.5,SMARTER_PIDenhanced,5,0,0,6.229180911248416,4.71830645976308,4.717830504261382,0.0
1687849200,silty,2023,0.16683166976356265,-0.47514990579357963,25.0,7.5,SMARTER_PIDenhanced,5,0,0,7.717627618312005,4.71830645976308,4.885138129526643,0.0
1687935600,silty,2023,0.310824145340345,-0.47514990579357963,25.0,7.5,SMARTER_PIDenhanced,5,21.980532368400702,0,8.190146658736474,4.71830645976308,5.0291306051034255,0.0
1688022000,silty,2023,-0.0233310075302736,0.310824145340345,25.0,7.5,SMARTER_PIDenhanced,5,0,21.980532368400702,2.6534944981591777,4.71830645976308,4.726986430425925,0.0
1688108400,silty,2023,-0.011103484179187058,0.310824145340345,25.0,7.5,SMARTER_PIDenhanced,5,0,21.980532368400702,7.8119211404442055,4.71830645976308,4.707202975583893,0.0
1688194800,silty,2023,0.04356168177804547,0.310824145340345,25.0,7.5,SMARTER_PIDenhanced,5,0,21.980532368400702,2.989408376370308,4.71830645976308,4.761868141541126,0.0
1688281200,silty,2023,0.12475716921978693,0.310824145340345,25.0,7.5,SMARTER_PIDenhanced,5,0,21.980532368400702,3.6286065346203205,4.71830645976308,4.8430636289828675,0.0
1688367600,silty,2023,0.25820073166042296,0.310824145340345,25.0,7.5,SMARTER_PIDenhanced,5,22.601452513855822,21.980532368400702,5.9091258835011,4.71830645976308,4.9765071914235035,0.0
1688454000,silty,2023,-0.016372502425649856,0.25820073166042296,25.0,7.5,SMARTER_PIDenhanced,5,0,22.601452513855822,6.621532339824514,4.71830645976308,4.743369277994269,0.0
1688540400,silty,2023,-0.03480879158040746,0.25820073166042296,25.0,7.5,SMARTER_PIDenhanced,5,0,22.601452513855822,6.395412175418061,4.71830645976308,4.683497668182673,0.0
1688626800,silty,2023,0.1336985057391704,0.25820073166042296,25.0,7.5,SMARTER_PIDenhanced,5,0,22.601452513855822,7.492344925936937,4.71830645976308,4.852004965502251,5.0
1688713200,silty,2023,0.19261964001949453,0.25820073166042296,25.0,7.5,SMARTER_PIDenhanced,5,0,22.601452513855822,3.3788724562330463,4.71830645976308,4.910926099782575,0.0
1688799600,silty,2023,0.3345462703905478,0.25820073166042296,25.0,7.5,SMARTER_PIDenhanced,5,27.01918801003805,22.601452513855822,6.518921569415171,4.71830645976308,5.052852730153628,0.0
1688886000,silty,2023,-0.02915926563019965,0.3345462703905478,25.0,7.5,SMARTER_PIDenhanced,5,0,27.01918801003805,7.0675670514600375,4.71830645976308,4.748691544570863,0.0
1688972400,silty,2023,-0.06468973672700427,0.3345462703905478,25.0,7.5,SMARTER_PIDenhanced,5,0,27.01918801003805,6.961944041187434,4.71830645976308,4.65411572639429,0.0
1689058800,silty,2023,0.11850198043534162,0.3345462703905478,25.0,7.5,SMARTER_PIDenhanced,5,0,27.01918801003805,7.523781176422247,4.71830645976308,4.836808440198422,0.0
1689145200,silty,2023,0.31875342088845926,0.3345462703905478,25.0,7.5,SMARTER_PIDenhanced,5,0,27.01918801003805,7.806608352298979,4.71830645976308,5.037059880651539,0.0
1689231600,silty,2023,0.48830800151629383,0.3345462703905478,25.0,7.5,SMARTER_PIDenhanced,5,34.52554129955391,27.01918801003805,7.714035948667738,4.71830645976308,5.206614461279374,22.8
1689318000,silty,2023,-0.4928659165921708,0.48830800151629383,25.0,7.5,SMARTER_PIDenhanced,5,0,34.52554129955391,2.9961159428327533,4.71830645976308,4.402160978584755,0.0
1689404400,silty,2023,-0.609590949391885,0.48830800151629383,25.0,7.5,SMARTER_PIDenhanced,5,0,34.52554129955391,5.390782029334142,4.71830645976308,4.153003381626895,0.0
1689490800,silty,2023,-0.375401927741787,0.48830800151629383,25.0,7.5,SMARTER_PIDenhanced,5,0,34.52554129955391,7.1090569971804145,4.71830645976308,4.342904532021294,0.0
1689577200,silty,2023,-0.14571944826135338,0.48830800151629383,25.0,7.5,SMARTER_PIDenhanced,5,0,34.52554129955391,6.608581357186508,4.71830645976308,4.572587011501727,0.0
1689663600,silty,2023,0.11112722411913706,0.48830800151629383,25.0,7.5,SMARTER_PIDenhanced,5,25.929476045518516,34.52554129955391,7.5003116982488045,4.71830645976308,4.829433683882217,0.0
1689750000,silty,2023,-0.16605923262189434,0.11112722411913706,25.0,7.5,SMARTER_PIDenhanced,5,0,25.929476045518516,7.063404491828016,4.71830645976308,4.613216052814208,0.0
1689836400,silty,2023,-0.11598164325420451,0.11112722411913706,25.0,7.5,SMARTER_PIDenhanced,5,0,25.929476045518516,7.949048805371062,4.71830645976308,4.602485824827988,0.0
1689922800,silty,2023,0.060428130627910276,0.11112722411913706,25.0,7.5,SMARTER_PIDenhanced,5,0,25.929476045518516,6.202164075023188,4.71830645976308,4.77873459039099,0.0
1719126000,silty,2024,-0.6244404567664325,0,25.0,7.5,SMARTER_PIDenhanced,5,0,0,1.6632265501860408,4.71830645976308,4.093866002996648,1.7999999999999998
1719212400,silty,2024,-0.6884497306049389,-0.6244404567664325,25.0,7.5,SMARTER_PIDenhanced,5,0,0,1.5856569477409397,4.71830645976308,4.0298567291581415,5.8
1719298800,silty,2024,-0.7394934541651629,-0.6244404567664325,25.0,7.5,SMARTER_PIDenhanced,5,0,0,1.6430199437714739,4.71830645976308,3.9788130055979174,12.6
1719385200,silty,2024,-0.8184229348251344,-0.6244404567664325,25.0,7.5,SMARTER_PIDenhanced,5,0,0,3.7360647761286776,4.71830645976308,3.899883524937946,1.0
1719471600,silty,2024,-0.8088498640957699,-0.6244404567664325,25.0,7.5,SMARTER_PIDenhanced,5,0,0,3.2830581050375076,4.71830645976308,3.90945659566731,0.0
1719558000,silty,2024,-0.5853613793861766,-0.6244404567664325,25.0,7.5,SMARTER_PIDenhanced,5,0,0,8.105450401178516,4.71830645976308,4.132945080376904,0.0
1719644400,silty,2024,-0.3897007382607983,-0.5853613793861766,25.0,7.5,SMARTER_PIDenhanced,5,0,0,6.855392222915658,4.71830645976308,4.3286057215022815,0.0
1719730800,silty,2024,-0.20407131489849759,-0.5853613793861766,25.0,7.5,SMARTER_PIDenhanced,5,0,0,6.275478723242181,4.71830645976308,4.514235144864583,0.0
1719817200,silty,2024,0.03695855544243409,-0.5853613793861766,25.0,7.5,SMARTER_PIDenhanced,5,0,0,9.008052630760128,4.71830645976308,4.755265015205515,0.0
1719903600,silty,2024,0.17587316757904622,-0.5853613793861766,25.0,7.5,SMARTER_PIDenhanced,5,0,0,6.40343719338403,4.71830645976308,4.894179627342126,0.0
1719990000,silty,2024,0.3022309680521948,-0.5853613793861766,25.0,7.5,SMARTER_PIDenhanced,5,24.456540946350746,0,6.828302846826217,4.71830645976308,5.020537427815275,0.0
1720076400,silty,2024,-0.050869030259411696,0.3022309680521948,25.0,7.5,SMARTER_PIDenhanced,5,0,24.456540946350746,3.501203041998366,4.71830645976308,4.70301995788798,0.0
1720162800,silty,2024,-0.12429923118462047,0.3022309680521948,25.0,7.5,SMARTER_PIDenhanced,5,0,24.456540946350746,4.1107559323561444,4.71830645976308,4.59400722857846,0.0
1720249200,silty,2024,0.06266467279563735,0.3022309680521948,25.0,7.5,SMARTER_PIDenhanced,5,0,24.456540946350746,7.570021332731803,4.71830645976308,4.780971132558718,0.0
1720335600,silty,2024,0.2650976077388168,0.3022309680521948,25.0,7.5,SMARTER_PIDenhanced,5,0,24.456540946350746,8.236770338981968,4.71830645976308,4.983404067501897,0.0
1720422000,silty,2024,0.3453292421489658,0.3022309680521948,25.0,7.5,SMARTER_PIDenhanced,5,28.123967114887265,24.456540946350746,3.5751601774979624,4.71830645976308,5.063635701912046,0.0
1720508400,silty,2024,-0.05334259948335244,0.3453292421489658,25.0,7.5,SMARTER_PIDenhanced,5,0,28.123967114887265,6.021523561190189,4.71830645976308,4.723479967247193,1.0
1720594800,silty,2024,-0.11220935248093955,0.3453292421489658,25.0,7.5,SMARTER_PIDenhanced,5,0,28.123967114887265,6.408995121084742,4.71830645976308,4.607240608528029,0.0
1720681200,silty,2024,0.06775688360723552,0.3453292421489658,25.0,7.5,SMARTER_PIDenhanced,5,0,28.123967114887265,7.100145056634385,4.71830645976308,4.786063343370316,0.0
1720767600,silty,2024,0.2938245903008853,0.3453292421489658,25.0,7.5,SMARTER_PIDenhanced,5,0,28.123967114887265,8.417233027045325,4.71830645976308,5.0121310500639655,0.0
1720854000,silty,2024,0.5063345045438258,0.3453292421489658,25.0,7.5,SMARTER_PIDenhanced,5,35.946607458837455,28.123967114887265,9.478835789843245,4.71830645976308,5.224640964306906,0.0
1720940400,silty,2024,-0.030236731173878085,0.5063345045438258,25.0,7.5,SMARTER_PIDenhanced,5,0,35.946607458837455,8.65408688020589,4.71830645976308,4.780347456190485,0.0
1721026800,silty,2024,-0.09963092445239745,0.5063345045438258,25.0,7.5,SMARTER_PIDenhanced,5,0,35.946607458837455,8.038553013013921,4.71830645976308,4.6309183193779315,0.0
1721113200,silty,2024,0.10596344751285001,0.5063345045438258,25.0,7.5,SMARTER_PIDenhanced,5,0,35.946607458837455,8.079175888672749,4.71830645976308,4.82426990727593,0.0
1721199600,silty,2024,0.37647155310074737,0.5063345045438258,25.0,7.5,SMARTER_PIDenhanced,5,0,35.946607458837455,9.89638188136864,4.71830645976308,5.094778012863828,0.0
1721286000,silty,2024,0.5706246195766355,0.5063345045438258,25.0,7.5,SMARTER_PIDenhanced,5,41.83354498148246,35.946607458837455,8.856197692783795,4.71830645976308,5.288931079339716,0.0
1721372400,silty,2024,-0.09040398288889676,0.5706246195766355,25.0,7.5,SMARTER_PIDenhanced,5,0,41.83354498148246,8.59349226880255,4.71830645976308,4.77039824380922,0.0
1721458800,silty,2024,-0.24578231727217584,0.5706246195766355,25.0,7.5,SMARTER_PIDenhanced,5,0,41.83354498148246,6.5994601364997925,4.71830645976308,4.516438686189139,0.0
1721545200,silty,2024,-0.06574348383280373,0.5706246195766355,25.0,7.5,SMARTER_PIDenhanced,5,0,41.83354498148246,6.35886520949269,4.71830645976308,4.652562975930277,0.0
1625986800,silty,2021,0.26006297399719985,0,15.0,4.5,SMARTER_PIDenhanced,3,5.071227992945397,0,7.909412676835701,4.71830645976308,4.97836943376028,0.0
1626073200,silty,2021,0.3519077061582064,0.26006297399719985,15.0,4.5,SMARTER_PIDenhanced,3,0,5.071227992945397,8.171899400888595,4.71830645976308,5.0702141659212865,0.0
1626159600,silty,2021,0.5117190431960484,0.26006297399719985,15.0,4.5,SMARTER_PIDenhanced,3,0,5.071227992945397,7.307248568315713,4.71830645976308,5.230025502959129,49.2
1626246000,silty,2021,-0.2940314158265033,0.26006297399719985,15.0,4.5,SMARTER_PIDenhanced,3,0,5.071227992945397,3.7200181370317593,4.71830645976308,4.42578621752509,0.0
1626332400,silty,2021,-0.17428955330127172,-0.2940314158265033,15.0,4.5,SMARTER_PIDenhanced,3,0,0,6.588938290136868,4.71830645976308,4.544016906461809,0.0
1626418800,silty,2021,-0.06335347973859293,-0.2940314158265033,15.0,4.5,SMARTER_PIDenhanced,3,0,0,4.2070949143533625,4.71830645976308,4.654952980024487,10.8
1626505200,silty,2021,-0.19663831391640374,-0.2940314158265033,15.0,4.5,SMARTER_PIDenhanced,3,0.5760241160276762,0,1.7206288405645938,4.71830645976308,4.521668145846676,0.8
1626591600,silty,2021,-0.1886014498983761,-0.19663831391640374,15.0,4.5,SMARTER_PIDenhanced,3,0,0.5760241160276762,2.3398193330169916,4.71830645976308,4.5297050098647045,0.0
1626678000,silty,2021,-0.0006961216464624814,-0.19663831391640374,15.0,4.5,SMARTER_PIDenhanced,3,0,0.5760241160276762,5.542148180411579,4.71830645976308,4.717610338116618,0.0
1626764400,silty,2021,0.2196551731399228,-0.19663831391640374,15.0,4.5,SMARTER_PIDenhanced,3,7.808874701002226,0.5760241160276762,6.336708517861463,4.71830645976308,4.937961632903003,0.0
1626850800,silty,2021,0.25540650188747643,0.2196551731399228,15.0,4.5,SMARTER_PIDenhanced,3,0,7.808874701002226,7.723088615724408,4.71830645976308,4.973712961650556,0.0
1626937200,silty,2021,0.4182637284900721,0.2196551731399228,15.0,4.5,SMARTER_PIDenhanced,3,0,7.808874701002226,6.384988487195638,4.71830645976308,5.1365701882531525,0.0
1627023600,silty,2021,0.5845187492864992,0.2196551731399228,15.0,4.5,SMARTER_PIDenhanced,3,15.912162714990117,7.808874701002226,6.724001721462045,4.71830645976308,5.30282520904958,0.0
1627110000,silty,2021,0.37553540459267554,0.5845187492864992,15.0,4.5,SMARTER_PIDenhanced,3,0,15.912162714990117,6.639604206034317,4.71830645976308,5.116352335743654,0.0
1627196400,silty,2021,0.40689122750977735,0.5845187492864992,15.0,4.5,SMARTER_PIDenhanced,3,0,15.912162714990117,6.068344799075018,4.71830645976308,5.125197687272857,0.0
1627282800,silty,2021,0.4818500829177625,0.5845187492864992,15.0,4.5,SMARTER_PIDenhanced,3,16.540458092589,15.912162714990117,3.7441148307248353,4.71830645976308,5.200156542680843,0.0
1627369200,silty,2021,0.24519238027796147,0.4818500829177625,15.0,4.5,SMARTER_PIDenhanced,3,0,16.540458092589,5.25782491390273,4.71830645976308,4.998342258046268,1.0
1627455600,silty,2021,0.21376107962646196,0.4818500829177625,15.0,4.5,SMARTER_PIDenhanced,3,0,16.540458092589,4.067188753317478,4.71830645976308,4.932067539389542,0.0
1627542000,silty,2021,0.33774446724294577,0.4818500829177625,15.0,4.5,SMARTER_PIDenhanced,3,15.898723960060003,16.540458092589,5.501441403272102,4.71830645976308,5.056050927006026,0.0
1627628400,silty,2021,0.18220506865444638,0.33774446724294577,15.0,4.5,SMARTER_PIDenhanced,3,0,15.898723960060003,7.363960029273559,4.71830645976308,4.934018392982517,0.0
1627714800,silty,2021,0.27165222439874576,0.33774446724294577,15.0,4.5,SMARTER_PIDenhanced,3,0,15.898723960060003,8.127164249908118,4.71830645976308,4.989958684161826,0.0
1627801200,silty,2021,0.4336515676092423,0.33774446724294577,15.0,4.5,SMARTER_PIDenhanced,3,19.28876251979604,15.898723960060003,7.011084171391055,4.71830645976308,5.151958027372323,9.0
1627887600,silty,2021,0.09341967687054699,0.4336515676092423,15.0,4.5,SMARTER_PIDenhanced,3,0,19.28876251979604,7.304828236834061,4.71830645976308,4.864157234143816,0.0
1627974000,silty,2021,0.0992987121600476,0.4336515676092423,15.0,4.5,SMARTER_PIDenhanced,3,0,19.28876251979604,7.320018177389831,4.71830645976308,4.817605171923128,0.0
1628060400,silty,2021,0.3009969485645453,0.4336515676092423,15.0,4.5,SMARTER_PIDenhanced,3,18.653429502666043,19.28876251979604,8.239496207860649,4.71830645976308,5.019303408327626,0.0
1628146800,silty,2021,0.04072153021371655,0.3009969485645453,15.0,4.5,SMARTER_PIDenhanced,3,0,18.653429502666043,4.198759507591638,4.71830645976308,4.804997414223154,0.0
1628233200,silty,2021,0.12473335111334297,0.3009969485645453,15.0,4.5,SMARTER_PIDenhanced,3,0,18.653429502666043,8.25634687060054,4.71830645976308,4.843039810876423,0.0
1628319600,silty,2021,0.32584322488648004,0.3009969485645453,15.0,4.5,SMARTER_PIDenhanced,3,20.492418159484227,18.653429502666043,7.823891414052509,4.71830645976308,5.04414968464956,0.0
1628406000,silty,2021,0.09458644226068554,0.32584322488648004,15.0,4.5,SMARTER_PIDenhanced,3,0,20.492418159484227,6.8058425683475985,4.71830645976308,4.860792136603987,0.0
1628492400,silty,2021,0.14044799404197877,0.32584322488648004,15.0,4.5,SMARTER_PIDenhanced,3,0,20.492418159484227,8.235329351972808,4.71830645976308,4.858754453805059,0.0
1655967600,silty,2022,-0.28419365969528876,0,15.0,4.5,SMARTER_PIDenhanced,3,0,0,5.915965904891959,4.71830645976308,4.434112800067791,0.0
1656054000,silty,2022,-0.1451497080834284,-0.28419365969528876,15.0,4.5,SMARTER_PIDenhanced,3,0,0,5.717907755951627,4.71830645976308,4.573156751679652,0.0
1656140400,silty,2022,0.06416307697634702,-0.28419365969528876,15.0,4.5,SMARTER_PIDenhanced,3,0,0,9.203948870710635,4.71830645976308,4.782469536739427,0.0
1656226800,silty,2022,0.2623828275449261,-0.28419365969528876,15.0,4.5,SMARTER_PIDenhanced,3,9.37937003255539,0,9.569797117975432,4.71830645976308,4.980689287308007,0.0
1656313200,silty,2022,0.21523138581511184,0.2623828275449261,15.0,4.5,SMARTER_PIDenhanced,3,0,9.37937003255539,8.693094774412245,4.71830645976308,4.933537845578192,0.0
1656399600,silty,2022,0.3366357634489593,0.2623828275449261,15.0,4.5,SMARTER_PIDenhanced,3,0,9.37937003255539,7.460713537351751,4.71830645976308,5.05494222321204,1.6
1656486000,silty,2022,0.3677219016370464,0.2623828275449261,15.0,4.5,SMARTER_PIDenhanced,3,12.614204701303903,9.37937003255539,1.8323231735051733,4.71830645976308,5.0860283614001265,0.0
1656572400,silty,2022,0.2034225329696219,0.3677219016370464,15.0,4.5,SMARTER_PIDenhanced,3,0,12.614204701303903,6.425725286268609,4.71830645976308,4.93568861175946,0.0
1656658800,silty,2022,0.32014330105619204,0.3677219016370464,15.0,4.5,SMARTER_PIDenhanced,3,0,12.614204701303903,8.481182130641368,4.71830645976308,5.038449760819272,0.0
1656745200,silty,2022,0.488526833230477,0.3677219016370464,15.0,4.5,SMARTER_PIDenhanced,3,16.62464942474251,12.614204701303903,9.684100900879589,4.71830645976308,5.206833292993557,0.0
1656831600,silty,2022,0.28616007042690933,0.488526833230477,15.0,4.5,SMARTER_PIDenhanced,3,0,16.62464942474251,7.875822878948619,4.71830645976308,5.026520088842952,0.0
1656918000,silty,2022,0.3573121877397616,0.488526833230477,15.0,4.5,SMARTER_PIDenhanced,3,0,16.62464942474251,8.846129638751195,4.71830645976308,5.075618647502842,0.0
1657004400,silty,2022,0.5087238631597779,0.488526833230477,15.0,4.5,SMARTER_PIDenhanced,3,19.216862257901028,16.62464942474251,8.353871892123982,4.71830645976308,5.227030322922858,0.0
1657090800,silty,2022,0.269405440613129,0.5087238631597779,15.0,4.5,SMARTER_PIDenhanced,3,0,19.216862257901028,8.10868026961472,4.71830645976308,5.020126344905834,0.0
1657177200,silty,2022,0.24587840438104536,0.5087238631597779,15.0,4.5,SMARTER_PIDenhanced,3,0,19.216862257901028,5.27960920736311,4.71830645976308,4.9641848641441255,11.6
1657263600,silty,2022,0.32240568464412456,0.5087238631597779,15.0,4.5,SMARTER_PIDenhanced,3,17.872915161064785,19.216862257901028,7.275206390354677,4.71830645976308,5.0407121444072045,0.0
1657350000,silty,2022,0.06685951723071597,0.32240568464412456,15.0,4.5,SMARTER_PIDenhanced,3,0,17.872915161064785,7.121172904786319,4.71830645976308,4.831302846370396,0.0
1657436400,silty,2022,0.11698484644779933,0.32240568464412456,15.0,4.5,SMARTER_PIDenhanced,3,0,17.872915161064785,7.612583271961939,4.71830645976308,4.8352913062108795,0.0
1657522800,silty,2022,0.31522791872542955,0.32240568464412456,15.0,4.5,SMARTER_PIDenhanced,3,19.183774306548795,17.872915161064785,8.472336750464112,4.71830645976308,5.033534378488509,0.0
1657609200,silty,2022,0.11296118569578413,0.31522791872542955,15.0,4.5,SMARTER_PIDenhanced,3,0,19.183774306548795,7.4879930375083275,4.71830645976308,4.871684180962905,0.0
1657695600,silty,2022,0.11406686875129925,0.31522791872542955,15.0,4.5,SMARTER_PIDenhanced,3,0,19.183774306548795,5.439558555641069,4.71830645976308,4.83237332851438,0.0
1657782000,silty,2022,0.31506877624549595,0.31522791872542955,15.0,4.5,SMARTER_PIDenhanced,3,20.59919666245452,19.183774306548795,8.254676604732598,4.71830645976308,5.033375236008577,0.0
1657868400,silty,2022,0.14317241614713355,0.31506877624549595,15.0,4.5,SMARTER_PIDenhanced,3,0,20.59919666245452,9.447916516172471,4.71830645976308,4.9018318394175715,0.0
1657954800,silty,2022,0.21077235164095293,0.31506877624549595,15.0,4.5,SMARTER_PIDenhanced,3,0,20.59919666245452,8.968687582898376,4.71830645976308,4.929078811404033,0.0
1658041200,silty,2022,0.3913749533488374,0.31506877624549595,15.0,4.5,SMARTER_PIDenhanced,3,23.504976609074408,20.59919666245452,7.701644419417017,4.71830645976308,5.109681413111917,0.0
1658127600,silty,2022,0.10504363873194789,0.3913749533488374,15.0,4.5,SMARTER_PIDenhanced,3,0,23.504976609074408,7.236620092977568,4.71830645976308,4.8765379226303285,0.0
1658214000,silty,2022,0.12351783959635979,0.3913749533488374,15.0,4.5,SMARTER_PIDenhanced,3,0,23.504976609074408,7.976539558735554,4.71830645976308,4.84182429935944,0.0
1658300400,silty,2022,0.3497243947542358,0.3913749533488374,15.0,4.5,SMARTER_PIDenhanced,3,24.45397800654945,23.504976609074408,9.031637030513592,4.71830645976308,5.068030854517316,0.0
1658386800,silty,2022,0.08211716070617577,0.3497243947542358,15.0,4.5,SMARTER_PIDenhanced,3,0,24.45397800654945,8.523521442036436,4.71830645976308,4.857296841954468,0.0
1687503600,silty,2023,-0.47514990579357963,0,15.0,4.5,SMARTER_PIDenhanced,3,0,0,6.420277994663035,4.71830645976308,4.2431565539695,0.0
1687590000,silty,2023,-0.31950708145318657,-0.47514990579357963,15.0,4.5,SMARTER_PIDenhanced,3,0,0,6.3387606045021405,4.71830645976308,4.398799378309894,0.0
1687676400,silty,2023,-0.15040861109590156,-0.47514990579357963,15.0,4.5,SMARTER_PIDenhanced,3,0,0,7.077332335884068,4.71830645976308,4.567897848667179,0.0
1687762800,silty,2023,-0.00047595550169780886,-0.47514990579357963,15.0,4.5,SMARTER_PIDenhanced,3,7.117967454620587,0,6.229180911248416,4.71830645976308,4.717830504261382,0.0
1687849200,silty,2023,0.015214391060334063,-0.00047595550169780886,15.0,4.5,SMARTER_PIDenhanced,3,0,7.117967454620587,7.717627618312005,4.71830645976308,4.733520850823414,0.0
1687935600,silty,2023,0.1757863019375966,-0.00047595550169780886,15.0,4.5,SMARTER_PIDenhanced,3,0,7.117967454620587,8.190146658736474,4.71830645976308,4.894092761700676,0.0
1688022000,silty,2023,0.2254603689952969,-0.00047595550169780886,15.0,4.5,SMARTER_PIDenhanced,3,11.521583982554343,7.117967454620587,2.6534944981591777,4.71830645976308,4.943766828758377,0.0
1688108400,silty,2023,0.1124787393522554,0.2254603689952969,15.0,4.5,SMARTER_PIDenhanced,3,0,11.521583982554343,7.8119211404442055,4.71830645976308,4.8391310285951095,0.0
1688194800,silty,2023,0.1441078531229869,0.2254603689952969,15.0,4.5,SMARTER_PIDenhanced,3,0,11.521583982554343,2.989408376370308,4.71830645976308,4.8624143128860675,0.0
1688281200,silty,2023,0.2156593807138766,0.2254603689952969,15.0,4.5,SMARTER_PIDenhanced,3,12.345036371545483,11.521583982554343,3.6286065346203205,4.71830645976308,4.933965840476957,0.0
1688367600,silty,2023,0.06581139486625545,0.2156593807138766,15.0,4.5,SMARTER_PIDenhanced,3,0,12.345036371545483,5.9091258835011,4.71830645976308,4.800702540189026,0.0
1688454000,silty,2023,0.17217870225189164,0.2156593807138766,15.0,4.5,SMARTER_PIDenhanced,3,0,12.345036371545483,6.621532339824514,4.71830645976308,4.890485162014972,0.0
1688540400,silty,2023,0.30771816746089925,0.2156593807138766,15.0,4.5,SMARTER_PIDenhanced,3,15.110649926324868,12.345036371545483,6.395412175418061,4.71830645976308,5.02602462722398,0.0
1688626800,silty,2023,0.15067831563285186,0.30771816746089925,15.0,4.5,SMARTER_PIDenhanced,3,0,15.110649926324868,7.492344925936937,4.71830645976308,4.89165953048357,5.0
1688713200,silty,2023,0.1048650978315856,0.30771816746089925,15.0,4.5,SMARTER_PIDenhanced,3,0,15.110649926324868,3.3788724562330463,4.71830645976308,4.823171557594666,0.0
1688799600,silty,2023,0.24194360837204004,0.30771816746089925,15.0,4.5,SMARTER_PIDenhanced,3,15.21277777766616,15.110649926324868,6.518921569415171,4.71830645976308,4.96025006813512,0.0
1688886000,silty,2023,0.08749824541726836,0.24194360837204004,15.0,4.5,SMARTER_PIDenhanced,3,0,15.21277777766616,7.0675670514600375,4.71830645976308,4.835343072893904,0.0
1688972400,silty,2023,0.17212581800570642,0.24194360837204004,15.0,4.5,SMARTER_PIDenhanced,3,0,15.21277777766616,6.961944041187434,4.71830645976308,4.890432277768786,0.0
1689058800,silty,2023,0.34756384448595806,0.24194360837204004,15.0,4.5,SMARTER_PIDenhanced,3,18.36111861956174,15.21277777766616,7.523781176422247,4.71830645976308,5.065870304249039,0.0
1689145200,silty,2023,0.1578861029115944,0.34756384448595806,15.0,4.5,SMARTER_PIDenhanced,3,0,18.36111861956174,7.806608352298979,4.71830645976308,4.909628516393311,0.0
1689231600,silty,2023,0.2132288971356942,0.34756384448595806,15.0,4.5,SMARTER_PIDenhanced,3,0,18.36111861956174,7.714035948667738,4.71830645976308,4.931535356898775,22.8
1689318000,silty,2023,-0.04765557632949081,0.34756384448595806,15.0,4.5,SMARTER_PIDenhanced,3,12.2183772138473,18.36111861956174,2.9961159428327533,4.71830645976308,4.67065088343359,0.0
1689404400,silty,2023,-0.22525946665223529,-0.04765557632949081,15.0,4.5,SMARTER_PIDenhanced,3,0,12.2183772138473,5.390782029334142,4.71830645976308,4.536832045942724,0.0
1689490800,silty,2023,-0.06259040684429674,-0.04765557632949081,15.0,4.5,SMARTER_PIDenhanced,3,0,12.2183772138473,7.1090569971804145,4.71830645976308,4.655716052918783,0.0
1689577200,silty,2023,0.1362954305575452,-0.04765557632949081,15.0,4.5,SMARTER_PIDenhanced,3,15.590971754661792,12.2183772138473,6.608581357186508,4.71830645976308,4.854601890320626,0.0
1689663600,silty,2023,0.03698010117533619,0.1362954305575452,15.0,4.5,SMARTER_PIDenhanced,3,0,15.590971754661792,7.5003116982488045,4.71830645976308,4.78591942621607,0.0
1689750000,silty,2023,0.15358892480428765,0.1362954305575452,15.0,4.5,SMARTER_PIDenhanced,3,0,15.590971754661792,7.063404491828016,4.71830645976308,4.871895384567368,0.0
1689836400,silty,2023,0.3717347478385408,0.1362954305575452,15.0,4.5,SMARTER_PIDenhanced,3,20.79536787915016,15.590971754661792,7.949048805371062,4.71830645976308,5.0900412076016215,0.0
1689922800,silty,2023,0.12214466523734363,0.3717347478385408,15.0,4.5,SMARTER_PIDenhanced,3,0,20.79536787915016,6.202164075023188,4.71830645976308,4.882470155051768,0.0
1719126000,silty,2024,-0.6244404567664325,0,15.0,4.5,SMARTER_PIDenhanced,3,0,0,1.6632265501860408,4.71830645976308,4.093866002996648,1.7999999999999998
1719212400,silty,2024,-0.6884497306049389,-0.6244404567664325,15.0,4.5,SMARTER_PIDenhanced,3,0,0,1.5856569477409397,4.71830645976308,4.0298567291581415,5.8
1719298800,silty,2024,-0.7394934541651629,-0.6244404567664325,15.0,4.5,SMARTER_PIDenhanced,3,0,0,1.6430199437714739,4.71830645976308,3.9788130055979174,12.6
1719385200,silty,2024,-0.8184229348251344,-0.6244404567664325,15.0,4.5,SMARTER_PIDenhanced,3,0,0,3.7360647761286776,4.71830645976308,3.899883524937946,1.0
1719471600,silty,2024,-0.8088498640957699,-0.8184229348251344,15.0,4.5,SMARTER_PIDenhanced,3,0,0,3.2830581050375076,4.71830645976308,3.90945659566731,0.0
1719558000,silty,2024,-0.5853613793861766,-0.8184229348251344,15.0,4.5,SMARTER_PIDenhanced,3,0,0,8.105450401178516,4.71830645976308,4.132945080376904,0.0
1719644400,silty,2024,-0.3897007382607983,-0.8184229348251344,15.0,4.5,SMARTER_PIDenhanced,3,0,0,6.855392222915658,4.71830645976308,4.3286057215022815,0.0
1719730800,silty,2024,-0.20407131489849759,-0.3897007382607983,15.0,4.5,SMARTER_PIDenhanced,3,0,0,6.275478723242181,4.71830645976308,4.514235144864583,0.0
1719817200,silty,2024,0.03695855544243409,-0.3897007382607983,15.0,4.5,SMARTER_PIDenhanced,3,0,0,9.008052630760128,4.71830645976308,4.755265015205515,0.0
1719903600,silty,2024,0.17587316757904622,-0.3897007382607983,15.0,4.5,SMARTER_PIDenhanced,3,9.275037841703377,0,6.40343719338403,4.71830645976308,4.894179627342126,0.0
1719990000,silty,2024,0.11354265347517412,0.17587316757904622,15.0,4.5,SMARTER_PIDenhanced,3,0,9.275037841703377,6.828302846826217,4.71830645976308,4.831849113238254,0.0
1720076400,silty,2024,0.18248141245369753,0.17587316757904622,15.0,4.5,SMARTER_PIDenhanced,3,0,9.275037841703377,3.501203041998366,4.71830645976308,4.900787872216778,0.0
1720162800,silty,2024,0.2768499149155058,0.17587316757904622,15.0,4.5,SMARTER_PIDenhanced,3,12.035513668870047,9.275037841703377,4.1107559323561444,4.71830645976308,4.995156374678586,0.0
1720249200,silty,2024,0.16748758130042757,0.2768499149155058,15.0,4.5,SMARTER_PIDenhanced,3,0,12.035513668870047,7.570021332731803,4.71830645976308,4.895332472707646,0.0
1720335600,silty,2024,0.3192117336063925,0.2768499149155058,15.0,4.5,SMARTER_PIDenhanced,3,0,12.035513668870047,8.236770338981968,4.71830645976308,5.037518193369473,0.0
1720422000,silty,2024,0.39274686072289455,0.2768499149155058,15.0,4.5,SMARTER_PIDenhanced,3,15.541328729233904,12.035513668870047,3.5751601774979624,4.71830645976308,5.111053320485975,0.0
1720508400,silty,2024,0.19320500343648028,0.39274686072289455,15.0,4.5,SMARTER_PIDenhanced,3,0,15.541328729233904,6.021523561190189,4.71830645976308,4.933777312180128,1.0
1720594800,silty,2024,0.2497417364171098,0.39274686072289455,15.0,4.5,SMARTER_PIDenhanced,3,0,15.541328729233904,6.408995121084742,4.71830645976308,4.96804819618019,0.0
1720681200,silty,2024,0.4091378053192632,0.39274686072289455,15.0,4.5,SMARTER_PIDenhanced,3,17.628313022116117,15.541328729233904,7.100145056634385,4.71830645976308,5.127444265082343,0.0
1720767600,silty,2024,0.23499411532059755,0.4091378053192632,15.0,4.5,SMARTER_PIDenhanced,3,0,17.628313022116117,8.417233027045325,4.71830645976308,4.980838094981651,0.0
1720854000,silty,2024,0.33918985766943466,0.4091378053192632,15.0,4.5,SMARTER_PIDenhanced,3,0,17.628313022116117,9.478835789843245,4.71830645976308,5.0574963174325145,0.0
1720940400,silty,2024,0.5237921353237248,0.4091378053192632,15.0,4.5,SMARTER_PIDenhanced,3,21.705192581139805,17.628313022116117,8.65408688020589,4.71830645976308,5.242098595086805,0.0
1721026800,silty,2024,0.2600430912691101,0.5237921353237248,15.0,4.5,SMARTER_PIDenhanced,3,0,21.705192581139805,8.038553013013921,4.71830645976308,5.016364890541757,0.0
1721113200,silty,2024,0.2798595716860209,0.5237921353237248,15.0,4.5,SMARTER_PIDenhanced,3,0,21.705192581139805,8.079175888672749,4.71830645976308,4.998166031449101,0.0
1721199600,silty,2024,0.5040258466864057,0.5237921353237248,15.0,4.5,SMARTER_PIDenhanced,3,23.676814561668845,21.705192581139805,9.89638188136864,4.71830645976308,5.222332306449486,0.0
1721286000,silty,2024,0.2310885108900343,0.5040258466864057,15.0,4.5,SMARTER_PIDenhanced,3,0,23.676814561668845,8.856197692783795,4.71830645976308,4.994877124854525,0.0
1721372400,silty,2024,0.248903829702474,0.5040258466864057,15.0,4.5,SMARTER_PIDenhanced,3,0,23.676814561668845,8.59349226880255,4.71830645976308,4.967210289465554,0.0
1721458800,silty,2024,0.40052641144952067,0.5040258466864057,15.0,4.5,SMARTER_PIDenhanced,3,23.926691884638412,23.676814561668845,6.5994601364997925,4.71830645976308,5.118832871212601,0.0
1721545200,silty,2024,0.08375437304365929,0.40052641144952067,15.0,4.5,SMARTER_PIDenhanced,3,0,23.926691884638412,6.35886520949269,4.71830645976308,4.860927757991141,0.0
1625986800,silty,2021,0.26006297399719985,0,10.0,3.0,SMARTER_PIDenhanced,2,3.3808186619635983,0,7.909412676835701,4.71830645976308,4.97836943376028,0.0
1626073200,silty,2021,0.3906002132175609,0.26006297399719985,10.0,3.0,SMARTER_PIDenhanced,2,0,3.3808186619635983,8.171899400888595,4.71830645976308,5.108906672980641,0.0
1626159600,silty,2021,0.5512689208126071,0.26006297399719985,10.0,3.0,SMARTER_PIDenhanced,2,7.946684892555493,3.3808186619635983,7.307248568315713,4.71830645976308,5.269575380575687,49.2
1626246000,silty,2021,-0.4977427537540707,0.5512689208126071,10.0,3.0,SMARTER_PIDenhanced,2,0,7.946684892555493,3.7200181370317593,4.71830645976308,4.272201602394996,0.0
1626332400,silty,2021,-0.3767251735953641,0.5512689208126071,10.0,3.0,SMARTER_PIDenhanced,2,0,7.946684892555493,6.588938290136868,4.71830645976308,4.341581286167716,0.0
1626418800,silty,2021,-0.24775060433784835,-0.3767251735953641,10.0,3.0,SMARTER_PIDenhanced,2,0,0,4.2070949143533625,4.71830645976308,4.470555855425232,10.8
1626505200,silty,2021,-0.38060358348779,-0.3767251735953641,10.0,3.0,SMARTER_PIDenhanced,2,0,0,1.7206288405645938,4.71830645976308,4.33770287627529,0.8
1626591600,silty,2021,-0.34609349986375393,-0.38060358348779,10.0,3.0,SMARTER_PIDenhanced,2,0,0,2.3398193330169916,4.71830645976308,4.3722129598993265,0.0
1626678000,silty,2021,-0.13878988910262582,-0.38060358348779,10.0,3.0,SMARTER_PIDenhanced,2,2.0017672765437644,0,5.542148180411579,4.71830645976308,4.579516570660455,0.0
1626764400,silty,2021,0.057723191489929875,-0.13878988910262582,10.0,3.0,SMARTER_PIDenhanced,2,0,2.0017672765437644,6.336708517861463,4.71830645976308,4.77602965125301,0.0
1626850800,silty,2021,0.30903082482464006,-0.13878988910262582,10.0,3.0,SMARTER_PIDenhanced,2,7.407066890290343,2.0017672765437644,7.723088615724408,4.71830645976308,5.027337284587721,0.0
1626937200,silty,2021,0.300717204010741,0.30903082482464006,10.0,3.0,SMARTER_PIDenhanced,2,0,7.407066890290343,6.384988487195638,4.71830645976308,5.0190236637738215,0.0
1627023600,silty,2021,0.4666044843774397,0.30903082482464006,10.0,3.0,SMARTER_PIDenhanced,2,10.382616938950658,7.407066890290343,6.724001721462045,4.71830645976308,5.18491094414052,0.0
1627110000,silty,2021,0.362516089246413,0.4666044843774397,10.0,3.0,SMARTER_PIDenhanced,2,0,10.382616938950658,6.639604206034317,4.71830645976308,5.08647119941886,0.0
1627196400,silty,2021,0.4726353513773657,0.4666044843774397,10.0,3.0,SMARTER_PIDenhanced,2,11.860831663082015,10.382616938950658,6.068344799075018,4.71830645976308,5.190941811140446,0.0
1627282800,silty,2021,0.27148410149664326,0.4726353513773657,10.0,3.0,SMARTER_PIDenhanced,2,0,11.860831663082015,3.7441148307248353,4.71830645976308,5.010969227035396,0.0
1627369200,silty,2021,0.3416958523159519,0.4726353513773657,10.0,3.0,SMARTER_PIDenhanced,2,11.576524229415734,11.860831663082015,5.25782491390273,4.71830645976308,5.060002312079032,1.0
1627455600,silty,2021,0.14223398564930292,0.3416958523159519,10.0,3.0,SMARTER_PIDenhanced,2,0,11.576524229415734,4.067188753317478,4.71830645976308,4.887806611109004,0.0
1627542000,silty,2021,0.2304264433350796,0.3416958523159519,10.0,3.0,SMARTER_PIDenhanced,2,11.155109469612249,11.576524229415734,5.501441403272102,4.71830645976308,4.9487329030981595,0.0
1627628400,silty,2021,0.1433035817692287,0.2304264433350796,10.0,3.0,SMARTER_PIDenhanced,2,0,11.155109469612249,7.363960029273559,4.71830645976308,4.883791821395605,0.0
1627714800,silty,2021,0.3065873238964618,0.2304264433350796,10.0,3.0,SMARTER_PIDenhanced,2,12.836480246915457,11.155109469612249,8.127164249908118,4.71830645976308,5.024893783659542,0.0
1627801200,silty,2021,0.13276398930109265,0.3065873238964618,10.0,3.0,SMARTER_PIDenhanced,2,0,12.836480246915457,7.011084171391055,4.71830645976308,4.905113060054406,9.0
1627887600,silty,2021,0.16937578477264412,0.3065873238964618,10.0,3.0,SMARTER_PIDenhanced,2,11.972492209995213,12.836480246915457,7.304828236834061,4.71830645976308,4.887682244535724,0.0
1627974000,silty,2021,0.05348943933536338,0.16937578477264412,10.0,3.0,SMARTER_PIDenhanced,2,0,11.972492209995213,7.320018177389831,4.71830645976308,4.801864454043909,0.0
1628060400,silty,2021,0.2154634929480755,0.16937578477264412,10.0,3.0,SMARTER_PIDenhanced,2,13.079759770593753,11.972492209995213,8.239496207860649,4.71830645976308,4.933769952711156,0.0
1628146800,silty,2021,0.03040590184178244,0.2154634929480755,10.0,3.0,SMARTER_PIDenhanced,2,0,13.079759770593753,4.198759507591638,4.71830645976308,4.782473502653478,0.0
1628233200,silty,2021,0.19780934624646854,0.2154634929480755,10.0,3.0,SMARTER_PIDenhanced,2,13.496646342317089,13.079759770593753,8.25634687060054,4.71830645976308,4.9161158060095485,0.0
1628319600,silty,2021,0.1009651747173752,0.19780934624646854,10.0,3.0,SMARTER_PIDenhanced,2,0,13.496646342317089,7.823891414052509,4.71830645976308,4.850394962062664,0.0
1628406000,silty,2021,0.2152960947867549,0.19780934624646854,10.0,3.0,SMARTER_PIDenhanced,2,14.317402112080217,13.496646342317089,6.8058425683475985,4.71830645976308,4.933602554549835,0.0
1628492400,silty,2021,0.11234428803913524,0.2152960947867549,10.0,3.0,SMARTER_PIDenhanced,2,0,14.317402112080217,8.235329351972808,4.71830645976308,4.864675771222847,0.0
1655967600,silty,2022,-0.28419365969528876,0,10.0,3.0,SMARTER_PIDenhanced,2,0,0,5.915965904891959,4.71830645976308,4.434112800067791,0.0
1656054000,silty,2022,-0.1451497080834284,-0.28419365969528876,10.0,3.0,SMARTER_PIDenhanced,2,0,0,5.717907755951627,4.71830645976308,4.573156751679652,0.0
1656140400,silty,2022,0.06416307697634702,-0.28419365969528876,10.0,3.0,SMARTER_PIDenhanced,2,3.676056597645399,0,9.203948870710635,4.71830645976308,4.782469536739427,0.0
1656226800,silty,2022,0.1873726907541575,0.06416307697634702,10.0,3.0,SMARTER_PIDenhanced,2,0,3.676056597645399,9.569797117975432,4.71830645976308,4.905679150517238,0.0
1656313200,silty,2022,0.3452819345613755,0.06416307697634702,10.0,3.0,SMARTER_PIDenhanced,2,7.523090977179811,3.676056597645399,8.693094774412245,4.71830645976308,5.063588394324456,0.0
1656399600,silty,2022,0.29717371565829515,0.3452819345613755,10.0,3.0,SMARTER_PIDenhanced,2,0,7.523090977179811,7.460713537351751,4.71830645976308,5.015480175421375,1.6
1656486000,silty,2022,0.3171433019143603,0.3452819345613755,10.0,3.0,SMARTER_PIDenhanced,2,8.19313455645274,7.523090977179811,1.8323231735051733,4.71830645976308,5.035449761677441,0.0
1656572400,silty,2022,0.2405033105849405,0.3171433019143603,10.0,3.0,SMARTER_PIDenhanced,2,0,8.19313455645274,6.425725286268609,4.71830645976308,4.9588097703480205,0.0
1656658800,silty,2022,0.3830476096707159,0.3171433019143603,10.0,3.0,SMARTER_PIDenhanced,2,10.001320463028444,8.19313455645274,8.481182130641368,4.71830645976308,5.101354069433796,0.0
1656745200,silty,2022,0.3171595883389485,0.3830476096707159,10.0,3.0,SMARTER_PIDenhanced,2,0,10.001320463028444,9.684100900879589,4.71830645976308,5.038126522676068,0.0
1656831600,silty,2022,0.44264438248812155,0.3830476096707159,10.0,3.0,SMARTER_PIDenhanced,2,11.925221338666864,10.001320463028444,7.875822878948619,4.71830645976308,5.160950842251202,0.0
1656918000,silty,2022,0.3223582582524007,0.44264438248812155,10.0,3.0,SMARTER_PIDenhanced,2,0,11.925221338666864,8.846129638751195,4.71830645976308,5.053228069530417,0.0
1657004400,silty,2022,0.4435143400062731,0.44264438248812155,10.0,3.0,SMARTER_PIDenhanced,2,13.264463933867198,11.925221338666864,8.353871892123982,4.71830645976308,5.1618207997693535,0.0
1657090800,silty,2022,0.2909600437504291,0.4435143400062731,10.0,3.0,SMARTER_PIDenhanced,2,0,13.264463933867198,8.10868026961472,4.71830645976308,5.029955305095404,0.0
1657177200,silty,2022,0.3421640970387222,0.4435143400062731,10.0,3.0,SMARTER_PIDenhanced,2,13.277453795307856,13.264463933867198,5.27960920736311,4.71830645976308,5.0604705568018025,11.6
1657263600,silty,2022,0.07952348485663177,0.3421640970387222,10.0,3.0,SMARTER_PIDenhanced,2,0,13.277453795307856,7.275206390354677,4.71830645976308,4.8430038631547125,0.0
1657350000,silty,2022,0.1534553938687674,0.3421640970387222,10.0,3.0,SMARTER_PIDenhanced,2,11.850732945214611,13.277453795307856,7.121172904786319,4.71830645976308,4.871761853631847,0.0
1657436400,silty,2022,0.05505879053540991,0.1534553938687674,10.0,3.0,SMARTER_PIDenhanced,2,0,11.850732945214611,7.612583271961939,4.71830645976308,4.800355045710031,0.0
1657522800,silty,2022,0.22122886569988506,0.1534553938687674,10.0,3.0,SMARTER_PIDenhanced,2,13.192154260625443,11.850732945214611,8.472336750464112,4.71830645976308,4.939535325462965,0.0
1657609200,silty,2022,0.10463156339719863,0.22122886569988506,10.0,3.0,SMARTER_PIDenhanced,2,0,13.192154260625443,7.4879930375083275,4.71830645976308,4.851888528460144,0.0
1657695600,silty,2022,0.1851393230145614,0.22122886569988506,10.0,3.0,SMARTER_PIDenhanced,2,13.386676802815892,13.192154260625443,5.439558555641069,4.71830645976308,4.903445782777641,0.0
1657782000,silty,2022,0.09181933548220125,0.1851393230145614,10.0,3.0,SMARTER_PIDenhanced,2,0,13.386676802815892,8.254676604732598,4.71830645976308,4.839793180098851,0.0
1657868400,silty,2022,0.2700792765534294,0.1851393230145614,10.0,3.0,SMARTER_PIDenhanced,2,15.046314167864859,13.386676802815892,9.447916516172471,4.71830645976308,4.98838573631651,0.0
1657954800,silty,2022,0.1612248215814049,0.2700792765534294,10.0,3.0,SMARTER_PIDenhanced,2,0,15.046314167864859,8.968687582898376,4.71830645976308,4.911164685880603,0.0
1658041200,silty,2022,0.2665621575372729,0.2700792765534294,10.0,3.0,SMARTER_PIDenhanced,2,15.810829450315113,15.046314167864859,7.701644419417017,4.71830645976308,4.984868617300354,0.0
1658127600,silty,2022,0.106541741218061,0.2665621575372729,10.0,3.0,SMARTER_PIDenhanced,2,0,15.810829450315113,7.236620092977568,4.71830645976308,4.86280313411246,0.0
1658214000,silty,2022,0.2146635871649192,0.2665621575372729,10.0,3.0,SMARTER_PIDenhanced,2,15.935834508086334,15.810829450315113,7.976539558735554,4.71830645976308,4.932970046927999,0.0
1658300400,silty,2022,0.10444302933623664,0.2146635871649192,10.0,3.0,SMARTER_PIDenhanced,2,0,15.935834508086334,9.031637030513592,4.71830645976308,4.860194692559342,0.0
1658386800,silty,2022,0.22681643571422996,0.2146635871649192,10.0,3.0,SMARTER_PIDenhanced,2,16.737812300722133,15.935834508086334,8.523521442036436,4.71830645976308,4.9451228954773105,0.0
1687503600,silty,2023,-0.47514990579357963,0,10.0,3.0,SMARTER_PIDenhanced,2,0,0,6.420277994663035,4.71830645976308,4.2431565539695,0.0
1687590000,silty,2023,-0.31950708145318657,-0.47514990579357963,10.0,3.0,SMARTER_PIDenhanced,2,0,0,6.3387606045021405,4.71830645976308,4.398799378309894,0.0
1687676400,silty,2023,-0.15040861109590156,-0.47514990579357963,10.0,3.0,SMARTER_PIDenhanced,2,2.7961871136890766,0,7.077332335884068,4.71830645976308,4.567897848667179,0.0
1687762800,silty,2023,-0.05652444982145817,-0.15040861109590156,10.0,3.0,SMARTER_PIDenhanced,2,0,2.7961871136890766,6.229180911248416,4.71830645976308,4.661782009941622,0.0
1687849200,silty,2023,0.10974628190007595,-0.15040861109590156,10.0,3.0,SMARTER_PIDenhanced,2,5.72697488934908,2.7961871136890766,7.717627618312005,4.71830645976308,4.828052741663156,0.0
1687935600,silty,2023,0.1444627816226129,0.10974628190007595,10.0,3.0,SMARTER_PIDenhanced,2,0,5.72697488934908,8.190146658736474,4.71830645976308,4.862769241385693,0.0
1688022000,silty,2023,0.1909749092754596,0.10974628190007595,10.0,3.0,SMARTER_PIDenhanced,2,7.112185890929296,5.72697488934908,2.6534944981591777,4.71830645976308,4.90928136903854,0.0
1688108400,silty,2023,0.1761690806580734,0.1909749092754596,10.0,3.0,SMARTER_PIDenhanced,2,0,7.112185890929296,7.8119211404442055,4.71830645976308,4.894475540421154,0.0
1688194800,silty,2023,0.22366693371727622,0.1909749092754596,10.0,3.0,SMARTER_PIDenhanced,2,8.11010693649929,7.112185890929296,2.989408376370308,4.71830645976308,4.941973393480357,0.0
1688281200,silty,2023,0.10415301158960989,0.22366693371727622,10.0,3.0,SMARTER_PIDenhanced,2,0,8.11010693649929,3.6286065346203205,4.71830645976308,4.8224594713526905,0.0
1688367600,silty,2023,0.21735168821061354,0.22366693371727622,10.0,3.0,SMARTER_PIDenhanced,2,8.699009546064504,8.11010693649929,5.9091258835011,4.71830645976308,4.935658147973694,0.0
1688454000,silty,2023,0.1515421796330519,0.21735168821061354,10.0,3.0,SMARTER_PIDenhanced,2,0,8.699009546064504,6.621532339824514,4.71830645976308,4.870180450618705,0.0
1688540400,silty,2023,0.27317405580720316,0.21735168821061354,10.0,3.0,SMARTER_PIDenhanced,2,10.07675538945201,8.699009546064504,6.395412175418061,4.71830645976308,4.9914805155702835,0.0
1688626800,silty,2023,0.19173840611320078,0.27317405580720316,10.0,3.0,SMARTER_PIDenhanced,2,0,10.07675538945201,7.492344925936937,4.71830645976308,4.9152687604150405,5.0
1688713200,silty,2023,0.20795578485566557,0.27317405580720316,10.0,3.0,SMARTER_PIDenhanced,2,10.048440034503631,10.07675538945201,3.3788724562330463,4.71830645976308,4.926262244618746,0.0
1688799600,silty,2023,0.09651838045601123,0.20795578485566557,10.0,3.0,SMARTER_PIDenhanced,2,0,10.048440034503631,6.518921569415171,4.71830645976308,4.826846626767721,0.0
1688886000,silty,2023,0.23758636498194236,0.20795578485566557,10.0,3.0,SMARTER_PIDenhanced,2,11.057504930712227,10.048440034503631,7.0675670514600375,4.71830645976308,4.955892824745023,0.0
1688972400,silty,2023,0.13381452716164075,0.23758636498194236,10.0,3.0,SMARTER_PIDenhanced,2,0,11.057504930712227,6.961944041187434,4.71830645976308,4.869282236909368,0.0
1689058800,silty,2023,0.2839464741729687,0.23758636498194236,10.0,3.0,SMARTER_PIDenhanced,2,12.372945445141397,11.057504930712227,7.523781176422247,4.71830645976308,5.002252933936049,0.0
1689145200,silty,2023,0.17818831460164997,0.2839464741729687,10.0,3.0,SMARTER_PIDenhanced,2,0,12.372945445141397,7.806608352298979,4.71830645976308,4.916867728098123,0.0
1689231600,silty,2023,0.3089005638304652,0.2839464741729687,10.0,3.0,SMARTER_PIDenhanced,2,13.549188033207757,12.372945445141397,7.714035948667738,4.71830645976308,5.0272070235935455,22.8
1689318000,silty,2023,-0.28366994504647014,0.3089005638304652,10.0,3.0,SMARTER_PIDenhanced,2,0,13.549188033207757,2.9961159428327533,4.71830645976308,4.50784084723494,0.0
1689404400,silty,2023,-0.22664616789109773,0.3089005638304652,10.0,3.0,SMARTER_PIDenhanced,2,7.513782212318835,13.549188033207757,5.390782029334142,4.71830645976308,4.491660291871982,0.0
1689490800,silty,2023,-0.18778116891874733,-0.22664616789109773,10.0,3.0,SMARTER_PIDenhanced,2,0,7.513782212318835,7.1090569971804145,4.71830645976308,4.5340188804682855,0.0
1689577200,silty,2023,0.006186773320650454,-0.22664616789109773,10.0,3.0,SMARTER_PIDenhanced,2,9.860671944398268,7.513782212318835,6.608581357186508,4.71830645976308,4.724493233083731,0.0
1689663600,silty,2023,0.005501393945605917,0.006186773320650454,10.0,3.0,SMARTER_PIDenhanced,2,0,9.860671944398268,7.5003116982488045,4.71830645976308,4.732694591609854,0.0
1689750000,silty,2023,0.19439016304750628,0.006186773320650454,10.0,3.0,SMARTER_PIDenhanced,2,12.325876330809345,9.860671944398268,7.063404491828016,4.71830645976308,4.912696622810587,0.0
1689836400,silty,2023,0.1329315694494181,0.19439016304750628,10.0,3.0,SMARTER_PIDenhanced,2,0,12.325876330809345,7.949048805371062,4.71830645976308,4.872545521172453,0.0
1689922800,silty,2023,0.25557628380172126,0.19439016304750628,10.0,3.0,SMARTER_PIDenhanced,2,13.704466389756659,12.325876330809345,6.202164075023188,4.71830645976308,4.973882743564801,0.0
1719126000,silty,2024,-0.6244404567664325,0,10.0,3.0,SMARTER_PIDenhanced,2,0,0,1.6632265501860408,4.71830645976308,4.093866002996648,1.7999999999999998
1719212400,silty,2024,-0.6884497306049389,-0.6244404567664325,10.0,3.0,SMARTER_PIDenhanced,2,0,0,1.5856569477409397,4.71830645976308,4.0298567291581415,5.8
1719298800,silty,2024,-0.7394934541651629,-0.6244404567664325,10.0,3.0,SMARTER_PIDenhanced,2,0,0,1.6430199437714739,4.71830645976308,3.9788130055979174,12.6
1719385200,silty,2024,-0.8184229348251344,-0.7394934541651629,10.0,3.0,SMARTER_PIDenhanced,2,0,0,3.7360647761286776,4.71830645976308,3.899883524937946,1.0
1719471600,silty,2024,-0.8088498640957699,-0.7394934541651629,10.0,3.0,SMARTER_PIDenhanced,2,0,0,3.2830581050375076,4.71830645976308,3.90945659566731,0.0
1719558000,silty,2024,-0.5853613793861766,-0.8088498640957699,10.0,3.0,SMARTER_PIDenhanced,2,0,0,8.105450401178516,4.71830645976308,4.132945080376904,0.0
1719644400,silty,2024,-0.3897007382607983,-0.8088498640957699,10.0,3.0,SMARTER_PIDenhanced,2,0,0,6.855392222915658,4.71830645976308,4.3286057215022815,0.0
1719730800,silty,2024,-0.20407131489849759,-0.3897007382607983,10.0,3.0,SMARTER_PIDenhanced,2,0,0,6.275478723242181,4.71830645976308,4.514235144864583,0.0
1719817200,silty,2024,0.03695855544243409,-0.3897007382607983,10.0,3.0,SMARTER_PIDenhanced,2,4.377468603359626,0,9.008052630760128,4.71830645976308,4.755265015205515,0.0
1719903600,silty,2024,0.09385922393106333,0.03695855544243409,10.0,3.0,SMARTER_PIDenhanced,2,0,4.377468603359626,6.40343719338403,4.71830645976308,4.812165683694143,0.0
1719990000,silty,2024,0.23422145640795206,0.03695855544243409,10.0,3.0,SMARTER_PIDenhanced,2,7.052761982238661,4.377468603359626,6.828302846826217,4.71830645976308,4.952527916171032,0.0
1720076400,silty,2024,0.1437314788067961,0.23422145640795206,10.0,3.0,SMARTER_PIDenhanced,2,0,7.052761982238661,3.501203041998366,4.71830645976308,4.862037938569876,0.0
1720162800,silty,2024,0.23293281889543252,0.23422145640795206,10.0,3.0,SMARTER_PIDenhanced,2,7.738674063799763,7.052761982238661,4.1107559323561444,4.71830645976308,4.951239278658512,0.0
1720249200,silty,2024,0.2193078747561315,0.23293281889543252,10.0,3.0,SMARTER_PIDenhanced,2,0,7.738674063799763,7.570021332731803,4.71830645976308,4.937614334519211,0.0
1720335600,silty,2024,0.3888056421626384,0.23293281889543252,10.0,3.0,SMARTER_PIDenhanced,2,10.463819222959739,7.738674063799763,8.236770338981968,4.71830645976308,5.107112101925718,0.0
1720422000,silty,2024,0.211172285083492,0.3888056421626384,10.0,3.0,SMARTER_PIDenhanced,2,0,10.463819222959739,3.5751601774979624,4.71830645976308,4.935393831239895,0.0
1720508400,silty,2024,0.32529249603094523,0.3888056421626384,10.0,3.0,SMARTER_PIDenhanced,2,10.804565249735642,10.463819222959739,6.021523561190189,4.71830645976308,5.0435989557940255,1.0
1720594800,silty,2024,0.20134292400600634,0.32529249603094523,10.0,3.0,SMARTER_PIDenhanced,2,0,10.804565249735642,6.408995121084742,4.71830645976308,4.930969617888489,0.0
1720681200,silty,2024,0.3389789914790781,0.32529249603094523,10.0,3.0,SMARTER_PIDenhanced,2,11.958367178654205,10.804565249735642,7.100145056634385,4.71830645976308,5.057285451242159,0.0
1720767600,silty,2024,0.24781259496187874,0.3389789914790781,10.0,3.0,SMARTER_PIDenhanced,2,0,11.958367178654205,8.417233027045325,4.71830645976308,4.9814135013798975,0.0
1720854000,silty,2024,0.4253100767470478,0.3389789914790781,10.0,3.0,SMARTER_PIDenhanced,2,14.097608261575044,11.958367178654205,9.478835789843245,4.71830645976308,5.143616536510128,0.0
1720940400,silty,2024,0.2942401082093305,0.4253100767470478,10.0,3.0,SMARTER_PIDenhanced,2,0,14.097608261575044,8.65408688020589,4.71830645976308,5.034641239001873,0.0
1721026800,silty,2024,0.4056958066182135,0.4253100767470478,10.0,3.0,SMARTER_PIDenhanced,2,15.118552980141342,14.097608261575044,8.038553013013921,4.71830645976308,5.124002266381294,0.0
1721113200,silty,2024,0.2516125585297296,0.4056958066182135,10.0,3.0,SMARTER_PIDenhanced,2,0,15.118552980141342,8.079175888672749,4.71830645976308,4.999144779680846,0.0
1721199600,silty,2024,0.4006520119039192,0.4056958066182135,10.0,3.0,SMARTER_PIDenhanced,2,16.270071068710156,15.118552980141342,9.89638188136864,4.71830645976308,5.118958471667,0.0
1721286000,silty,2024,0.2535260730705941,0.4006520119039192,10.0,3.0,SMARTER_PIDenhanced,2,0,16.270071068710156,8.856197692783795,4.71830645976308,5.003179748838459,0.0
1721372400,silty,2024,0.35419220995534234,0.4006520119039192,10.0,3.0,SMARTER_PIDenhanced,2,16.868049679090415,16.270071068710156,8.59349226880255,4.71830645976308,5.0724986697184224,0.0
1721458800,silty,2024,0.150775789557666,0.35419220995534234,10.0,3.0,SMARTER_PIDenhanced,2,0,16.868049679090415,6.5994601364997925,4.71830645976308,4.9108829811265196,0.0
1721545200,silty,2024,0.20233906328400106,0.35419220995534234,10.0,3.0,SMARTER_PIDenhanced,2,15.956535402229006,16.868049679090415,6.35886520949269,4.71830645976308,4.920645523047082,0.0
1625986800,sandy,2021,0.22279779625051407,0,3.5,1.5,SMARTER_PIDenhanced,1,1.1139889812525703,0,7.909412676835701,4.71830645976308,4.9411042560135945,0.0
1626073200,sandy,2021,0.3882586028811791,0.22279779625051407,3.5,1.5,SMARTER_PIDenhanced,1,2.2754897087816666,1.1139889812525703,8.171899400888595,4.71830645976308,5.106565062644259,0.0
1626159600,sandy,2021,0.4801903581335706,0.3882586028811791,3.5,1.5,SMARTER_PIDenhanced,1,3.317536389365393,2.2754897087816666,7.307248568315713,4.71830645976308,5.19849681789665,49.2
1626246000,sandy,2021,-0.8055686269800058,0.4801903581335706,3.5,1.5,SMARTER_PIDenhanced,1,0,3.317536389365393,3.7200181370317593,4.71830645976308,3.9212664902604373,0.0
1626332400,sandy,2021,-0.6589198673110918,-0.8055686269800058,3.5,1.5,SMARTER_PIDenhanced,1,0,0,6.588938290136868,4.71830645976308,4.059386592451989,0.0
1626418800,sandy,2021,-0.49433609826163544,-0.6589198673110918,3.5,1.5,SMARTER_PIDenhanced,1,0,0,4.2070949143533625,4.71830645976308,4.223970361501445,10.8
1626505200,sandy,2021,-0.658255145057127,-0.49433609826163544,3.5,1.5,SMARTER_PIDenhanced,1,0,0,1.7206288405645938,4.71830645976308,4.060051314705953,0.8
1626591600,sandy,2021,-0.6180209339630063,-0.658255145057127,3.5,1.5,SMARTER_PIDenhanced,1,0,0,2.3398193330169916,4.71830645976308,4.100285525800074,0.0
1626678000,sandy,2021,-0.3843582649402423,-0.6180209339630063,3.5,1.5,SMARTER_PIDenhanced,1,0,0,5.542148180411579,4.71830645976308,4.333948194822838,0.0
1626764400,sandy,2021,-0.1443017116898476,-0.3843582649402423,3.5,1.5,SMARTER_PIDenhanced,1,0,0,6.336708517861463,4.71830645976308,4.574004748073232,0.0
1626850800,sandy,2021,0.09503925085855364,-0.1443017116898476,3.5,1.5,SMARTER_PIDenhanced,1,0.9802522452072348,0,7.723088615724408,4.71830645976308,4.8133457106216335,0.0
1626937200,sandy,2021,0.23927535838536906,0.09503925085855364,3.5,1.5,SMARTER_PIDenhanced,1,1.8439916591291423,0.9802522452072348,6.384988487195638,4.71830645976308,4.95758181814845,0.0
1627023600,sandy,2021,0.3427294440218374,0.23927535838536906,3.5,1.5,SMARTER_PIDenhanced,1,2.7201751248895376,1.8439916591291423,6.724001721462045,4.71830645976308,5.0610359037849175,0.0
1627110000,sandy,2021,0.40041868970640754,0.3427294440218374,3.5,1.5,SMARTER_PIDenhanced,1,3.5227155193451445,2.7201751248895376,6.639604206034317,4.71830645976308,5.118725149469488,0.0
1627196400,sandy,2021,0.410653567021445,0.40041868970640754,3.5,1.5,SMARTER_PIDenhanced,1,4.1745179404799435,3.5227155193451445,6.068344799075018,4.71830645976308,5.128960026784525,0.0
1627282800,sandy,2021,0.35439191990063895,0.410653567021445,3.5,1.5,SMARTER_PIDenhanced,1,4.509190055408081,4.1745179404799435,3.7441148307248353,4.71830645976308,5.072698379663719,0.0
1627369200,sandy,2021,0.32292111113174354,0.35439191990063895,3.5,1.5,SMARTER_PIDenhanced,1,4.883423891414562,4.509190055408081,5.25782491390273,4.71830645976308,5.041227570894824,1.0
1627455600,sandy,2021,0.2458709356738218,0.32292111113174354,3.5,1.5,SMARTER_PIDenhanced,1,4.9825546808225685,4.883423891414562,4.067188753317478,4.71830645976308,4.964177395436902,0.0
1627542000,sandy,2021,0.21465971815624713,0.2458709356738218,3.5,1.5,SMARTER_PIDenhanced,1,5.195304996745428,4.9825546808225685,5.501441403272102,4.71830645976308,4.932966177919328,0.0
1627628400,sandy,2021,0.23507242172105935,0.21465971815624713,3.5,1.5,SMARTER_PIDenhanced,1,5.61935809180386,5.195304996745428,7.363960029273559,4.71830645976308,4.95337888148414,0.0
1627714800,sandy,2021,0.2526855074409877,0.23507242172105935,3.5,1.5,SMARTER_PIDenhanced,1,6.060032152985091,5.61935809180386,8.127164249908118,4.71830645976308,4.970991967204068,0.0
1627801200,sandy,2021,0.2017297999279362,0.2526855074409877,3.5,1.5,SMARTER_PIDenhanced,1,6.1842818765813155,6.060032152985091,7.011084171391055,4.71830645976308,4.920036259691017,9.0
1627887600,sandy,2021,0.04111176452099154,0.2017297999279362,3.5,1.5,SMARTER_PIDenhanced,1,5.683786399438496,6.1842818765813155,7.304828236834061,4.71830645976308,4.7594182242840715,0.0
1627974000,sandy,2021,0.029694086840346922,0.04111176452099154,3.5,1.5,SMARTER_PIDenhanced,1,5.68836565781676,5.683786399438496,7.320018177389831,4.71830645976308,4.748000546603427,0.0
1628060400,sandy,2021,0.07103306022288472,0.029694086840346922,3.5,1.5,SMARTER_PIDenhanced,1,5.93960165498997,5.68836565781676,8.239496207860649,4.71830645976308,4.789339519985965,0.0
1628146800,sandy,2021,0.0033697452694099327,0.07103306022288472,3.5,1.5,SMARTER_PIDenhanced,1,5.707834670556924,5.93960165498997,4.198759507591638,4.71830645976308,4.72167620503249,0.0
1628233200,sandy,2021,0.06865694473141444,0.0033697452694099327,3.5,1.5,SMARTER_PIDenhanced,1,6.039325285771061,5.707834670556924,8.25634687060054,4.71830645976308,4.786963404494495,0.0
1628319600,sandy,2021,0.09590870469124613,0.06865694473141444,3.5,1.5,SMARTER_PIDenhanced,1,6.278569502667341,6.039325285771061,7.823891414052509,4.71830645976308,4.8142151644543265,0.0
1628406000,sandy,2021,0.08976096301024658,0.09590870469124613,3.5,1.5,SMARTER_PIDenhanced,1,6.391693851299212,6.278569502667341,6.8058425683475985,4.71830645976308,4.808067422773327,0.0
1628492400,sandy,2021,0.12144039224043145,0.08976096301024658,3.5,1.5,SMARTER_PIDenhanced,1,6.684732441965505,6.391693851299212,8.235329351972808,4.71830645976308,4.839746852003512,0.0
1655967600,sandy,2022,-0.30341516520919526,0,3.5,1.5,SMARTER_PIDenhanced,1,0,0,5.915965904891959,4.71830645976308,4.414891294553885,0.0
1656054000,sandy,2022,-0.16819340711649616,-0.30341516520919526,3.5,1.5,SMARTER_PIDenhanced,1,0.22098604264970256,0,5.717907755951627,4.71830645976308,4.5501130526465845,0.0
1656140400,sandy,2022,0.03674664942459488,-0.16819340711649616,3.5,1.5,SMARTER_PIDenhanced,1,0.9933962146804135,0.22098604264970256,9.203948870710635,4.71830645976308,4.755053109187675,0.0
1656226800,sandy,2022,0.1911137711263368,0.03674664942459488,3.5,1.5,SMARTER_PIDenhanced,1,1.8203517973260153,0.9933962146804135,9.569797117975432,4.71830645976308,4.909420230889417,0.0
1656313200,sandy,2022,0.28743275821010145,0.1911137711263368,3.5,1.5,SMARTER_PIDenhanced,1,2.5886173894343436,1.8203517973260153,8.693094774412245,4.71830645976308,5.005739217973182,0.0
1656399600,sandy,2022,0.33185259859348565,0.28743275821010145,3.5,1.5,SMARTER_PIDenhanced,1,3.2418657286664168,2.5886173894343436,7.460713537351751,4.71830645976308,5.050159058356566,1.6
1656486000,sandy,2022,0.2639449271571627,0.33185259859348565,3.5,1.5,SMARTER_PIDenhanced,1,3.400106269375031,3.2418657286664168,1.8323231735051733,4.71830645976308,4.982251386920243,0.0
1656572400,sandy,2022,0.2811108729747682,0.2639449271571627,3.5,1.5,SMARTER_PIDenhanced,1,3.8818533891988025,3.400106269375031,6.425725286268609,4.71830645976308,4.999417332737848,0.0
1656658800,sandy,2022,0.3182220781978846,0.2811108729747682,3.5,1.5,SMARTER_PIDenhanced,1,4.489075724776537,3.8818533891988025,8.481182130641368,4.71830645976308,5.036528537960965,0.0
1656745200,sandy,2022,0.3580444466677881,0.3182220781978846,3.5,1.5,SMARTER_PIDenhanced,1,5.165520684422882,4.489075724776537,9.684100900879589,4.71830645976308,5.076350906430869,0.0
1656831600,sandy,2022,0.34522685126041247,0.3580444466677881,3.5,1.5,SMARTER_PIDenhanced,1,5.638499377387686,5.165520684422882,7.875822878948619,4.71830645976308,5.063533311023493,0.0
1656918000,sandy,2022,0.3393278091505482,0.34522685126041247,3.5,1.5,SMARTER_PIDenhanced,1,6.1268444437289835,5.638499377387686,8.846129638751195,4.71830645976308,5.057634268913628,0.0
1657004400,sandy,2022,0.31451953883125505,0.3393278091505482,3.5,1.5,SMARTER_PIDenhanced,1,6.51179480585834,6.1268444437289835,8.353871892123982,4.71830645976308,5.032825998594335,0.0
1657090800,sandy,2022,0.2732738020122895,0.31451953883125505,3.5,1.5,SMARTER_PIDenhanced,1,6.777345430010396,6.51179480585834,8.10868026961472,4.71830645976308,4.99158026177537,0.0
1657177200,sandy,2022,0.1756105858304041,0.2732738020122895,3.5,1.5,SMARTER_PIDenhanced,1,6.698940052119403,6.777345430010396,5.27960920736311,4.71830645976308,4.893917045593485,11.6
1657263600,sandy,2022,0.00016648396343774656,0.1756105858304041,3.5,1.5,SMARTER_PIDenhanced,1,6.085135421530178,6.698940052119403,7.275206390354677,4.71830645976308,4.718472943726518,0.0
1657350000,sandy,2022,-0.07136743553691179,0.00016648396343774656,3.5,1.5,SMARTER_PIDenhanced,1,5.727715549973587,6.085135421530178,7.121172904786319,4.71830645976308,4.646939024226168,0.0
1657436400,sandy,2022,-0.05153442328756036,-0.07136743553691179,3.5,1.5,SMARTER_PIDenhanced,1,5.719829457914976,5.727715549973587,7.612583271961939,4.71830645976308,4.66677203647552,0.0
1657522800,sandy,2022,0.009401685590388018,-0.05153442328756036,3.5,1.5,SMARTER_PIDenhanced,1,5.947208367373377,5.719829457914976,8.472336750464112,4.71830645976308,4.727708145353469,0.0
1657609200,sandy,2022,0.03318156789089418,0.009401685590388018,3.5,1.5,SMARTER_PIDenhanced,1,6.08021030726149,5.947208367373377,7.4879930375083275,4.71830645976308,4.751488027653974,0.0
1657695600,sandy,2022,0.0028553696971753144,0.03318156789089418,3.5,1.5,SMARTER_PIDenhanced,1,5.978351668129236,6.08021030726149,5.439558555641069,4.71830645976308,4.7211618294602555,0.0
1657782000,sandy,2022,0.054546815899891896,0.0028553696971753144,3.5,1.5,SMARTER_PIDenhanced,1,6.241091953688582,5.978351668129236,8.254676604732598,4.71830645976308,4.772853275662972,0.0
1657868400,sandy,2022,0.12757792798391626,0.054546815899891896,3.5,1.5,SMARTER_PIDenhanced,1,6.688067737958542,6.241091953688582,9.447916516172471,4.71830645976308,4.845884387746996,0.0
1657954800,sandy,2022,0.16115261279046336,0.12757792798391626,3.5,1.5,SMARTER_PIDenhanced,1,7.047308053967151,6.688067737958542,8.968687582898376,4.71830645976308,4.879459072553543,0.0
1658041200,sandy,2022,0.14515332933276504,0.16115261279046336,3.5,1.5,SMARTER_PIDenhanced,1,7.209040555864354,7.047308053967151,7.701644419417017,4.71830645976308,4.863459789095845,0.0
1658127600,sandy,2022,0.11266850711253378,0.14515332933276504,3.5,1.5,SMARTER_PIDenhanced,1,7.264346438762345,7.209040555864354,7.236620092977568,4.71830645976308,4.830974966875614,0.0
1658214000,sandy,2022,0.10288860347872585,0.11266850711253378,3.5,1.5,SMARTER_PIDenhanced,1,7.384449681262106,7.264346438762345,7.976539558735554,4.71830645976308,4.821195063241806,0.0
1658300400,sandy,2022,0.12009085195329675,0.10288860347872585,3.5,1.5,SMARTER_PIDenhanced,1,7.62479382885305,7.384449681262106,9.031637030513592,4.71830645976308,4.838397311716377,0.0
1658386800,sandy,2022,0.11244096646589026,0.12009085195329675,3.5,1.5,SMARTER_PIDenhanced,1,7.766680679345963,7.62479382885305,8.523521442036436,4.71830645976308,4.830747426228971,0.0
1687503600,sandy,2023,-0.5182796207433059,0,3.5,1.5,SMARTER_PIDenhanced,1,0,0,6.420277994663035,4.71830645976308,4.200026839019774,0.0
1687590000,sandy,2023,-0.37625234803521074,-0.5182796207433059,3.5,1.5,SMARTER_PIDenhanced,1,0,0,6.3387606045021405,4.71830645976308,4.34205411172787,0.0
1687676400,sandy,2023,-0.20659089532620162,-0.37625234803521074,3.5,1.5,SMARTER_PIDenhanced,1,0.2839287414922296,0,7.077332335884068,4.71830645976308,4.511715564436878,0.0
1687762800,sandy,2023,-0.07709564140186966,-0.20659089532620162,3.5,1.5,SMARTER_PIDenhanced,1,0.621518668124587,0.2839287414922296,6.229180911248416,4.71830645976308,4.641210818361211,0.0
1687849200,sandy,2023,0.0536089622221076,-0.07709564140186966,3.5,1.5,SMARTER_PIDenhanced,1,1.1593982241416687,0.621518668124587,7.717627618312005,4.71830645976308,4.771915421985188,0.0
1687935600,sandy,2023,0.16303994180056935,0.0536089622221076,3.5,1.5,SMARTER_PIDenhanced,1,1.7869665653671387,1.1593982241416687,8.190146658736474,4.71830645976308,4.88134640156365,0.0
1688022000,sandy,2023,0.1604289471874953,0.16303994180056935,3.5,1.5,SMARTER_PIDenhanced,1,2.0184715050026227,1.7869665653671387,2.6534944981591777,4.71830645976308,4.878735406950575,0.0
1688108400,sandy,2023,0.23643033645374323,0.1604289471874953,3.5,1.5,SMARTER_PIDenhanced,1,2.6391218721151053,2.0184715050026227,7.8119211404442055,4.71830645976308,4.954736796216824,0.0
1688194800,sandy,2023,0.21177243416161756,0.23643033645374323,3.5,1.5,SMARTER_PIDenhanced,1,2.8704778653350917,2.6391218721151053,2.989408376370308,4.71830645976308,4.930078893924698,0.0
1688281200,sandy,2023,0.19499723109429978,0.21177243416161756,3.5,1.5,SMARTER_PIDenhanced,1,3.1042605012409292,2.8704778653350917,3.6286065346203205,4.71830645976308,4.91330369085738,0.0
1688367600,sandy,2023,0.21969865206867395,0.19499723109429978,3.5,1.5,SMARTER_PIDenhanced,1,3.5202634527542496,3.1042605012409292,5.9091258835011,4.71830645976308,4.938005111831754,0.0
1688454000,sandy,2023,0.24720359514276333,0.21969865206867395,3.5,1.5,SMARTER_PIDenhanced,1,3.9873361462277073,3.5202634527542496,6.621532339824514,4.71830645976308,4.9655100549058435,0.0
1688540400,sandy,2023,0.2552929169243197,0.24720359514276333,3.5,1.5,SMARTER_PIDenhanced,1,4.398588147849634,3.9873361462277073,6.395412175418061,4.71830645976308,4.9735993766874,0.0
1688626800,sandy,2023,0.2758624685052029,0.2552929169243197,3.5,1.5,SMARTER_PIDenhanced,1,4.884375281140529,4.398588147849634,7.492344925936937,4.71830645976308,4.994168928268283,5.0
1688713200,sandy,2023,0.14637611999936875,0.2758624685052029,3.5,1.5,SMARTER_PIDenhanced,1,4.650737241369162,4.884375281140529,3.3788724562330463,4.71830645976308,4.864682579762449,0.0
1688799600,sandy,2023,0.1350720460723488,0.14637611999936875,3.5,1.5,SMARTER_PIDenhanced,1,4.813781051733115,4.650737241369162,6.518921569415171,4.71830645976308,4.853378505835429,0.0
1688886000,sandy,2023,0.1549356230654352,0.1350720460723488,3.5,1.5,SMARTER_PIDenhanced,1,5.11570700580707,4.813781051733115,7.0675670514600375,4.71830645976308,4.873242082828516,0.0
1688972400,sandy,2023,0.1658068594187628,0.1549356230654352,3.5,1.5,SMARTER_PIDenhanced,1,5.402466622171861,5.11570700580707,6.961944041187434,4.71830645976308,4.884113319181843,0.0
1689058800,sandy,2023,0.1841698485988063,0.1658068594187628,3.5,1.5,SMARTER_PIDenhanced,1,5.742991857200223,5.402466622171861,7.523781176422247,4.71830645976308,4.902476308361886,0.0
1689145200,sandy,2023,0.19678263238265395,0.1841698485988063,3.5,1.5,SMARTER_PIDenhanced,1,6.082310549017671,5.742991857200223,7.806608352298979,4.71830645976308,4.915089092145735,0.0
1689231600,sandy,2023,0.193708303224354,0.19678263238265395,3.5,1.5,SMARTER_PIDenhanced,1,6.362112851800152,6.082310549017671,7.714035948667738,4.71830645976308,4.912014762987434,22.8
1689318000,sandy,2023,-0.46293608200575104,0.193708303224354,3.5,1.5,SMARTER_PIDenhanced,1,3.3694533804861577,6.362112851800152,2.9961159428327533,4.71830645976308,4.2553703777573295,0.0
1689404400,sandy,2023,-0.43945880568206985,-0.46293608200575104,3.5,1.5,SMARTER_PIDenhanced,1,2.792435639095937,3.3694533804861577,5.390782029334142,4.71830645976308,4.2788476540810105,0.0
1689490800,sandy,2023,-0.2810332402609615,-0.43945880568206985,3.5,1.5,SMARTER_PIDenhanced,1,2.9253752576783736,2.792435639095937,7.1090569971804145,4.71830645976308,4.437273219502119,0.0
1689577200,sandy,2023,-0.13974135237136803,-0.2810332402609615,3.5,1.5,SMARTER_PIDenhanced,1,3.2102848367348984,2.9253752576783736,6.608581357186508,4.71830645976308,4.578565107391713,0.0
1689663600,sandy,2023,0.01207506335032252,-0.13974135237136803,3.5,1.5,SMARTER_PIDenhanced,1,3.759754886786299,3.2102848367348984,7.5003116982488045,4.71830645976308,4.730381523113403,0.0
1689750000,sandy,2023,0.11364884833007358,0.01207506335032252,3.5,1.5,SMARTER_PIDenhanced,1,4.285736406710538,3.759754886786299,7.063404491828016,4.71830645976308,4.831955308093153,0.0
1689836400,sandy,2023,0.21476794917883574,0.11364884833007358,3.5,1.5,SMARTER_PIDenhanced,1,4.961805183449459,4.285736406710538,7.949048805371062,4.71830645976308,4.933074408941916,0.0
1689922800,sandy,2023,0.23274508138452576,0.21476794917883574,3.5,1.5,SMARTER_PIDenhanced,1,5.373842768246163,4.961805183449459,6.202164075023188,4.71830645976308,4.951051541147606,0.0
1719126000,sandy,2024,-0.6661195040992536,0,3.5,1.5,SMARTER_PIDenhanced,1,0,0,1.6632265501860408,4.71830645976308,4.052186955663827,1.7999999999999998
1719212400,sandy,2024,-0.7534247343760541,-0.6661195040992536,3.5,1.5,SMARTER_PIDenhanced,1,0,0,1.5856569477409397,4.71830645976308,3.964881725387026,5.8
1719298800,sandy,2024,-0.8197174026101838,-0.7534247343760541,3.5,1.5,SMARTER_PIDenhanced,1,0,0,1.6430199437714739,4.71830645976308,3.8985890571528965,12.6
1719385200,sandy,2024,-0.9340528238009618,-0.8197174026101838,3.5,1.5,SMARTER_PIDenhanced,1,0,0,3.7360647761286776,4.71830645976308,3.7842536359621186,1.0
1719471600,sandy,2024,-0.910323674887486,-0.9340528238009618,3.5,1.5,SMARTER_PIDenhanced,1,0,0,3.2830581050375076,4.71830645976308,3.8079827848755943,0.0
1719558000,sandy,2024,-0.6595301110247399,-0.910323674887486,3.5,1.5,SMARTER_PIDenhanced,1,0,0,8.105450401178516,4.71830645976308,4.05877634873834,0.0
1719644400,sandy,2024,-0.452282082029348,-0.6595301110247399,3.5,1.5,SMARTER_PIDenhanced,1,0,0,6.855392222915658,4.71830645976308,4.266024377733732,0.0
1719730800,sandy,2024,-0.2852475080969843,-0.452282082029348,3.5,1.5,SMARTER_PIDenhanced,1,0,0,6.275478723242181,4.71830645976308,4.433058951666096,0.0
1719817200,sandy,2024,-0.0877885670606165,-0.2852475080969843,3.5,1.5,SMARTER_PIDenhanced,1,0.5594234430363625,0,9.008052630760128,4.71830645976308,4.630517892702464,0.0
1719903600,sandy,2024,0.026433561704343366,-0.0877885670606165,3.5,1.5,SMARTER_PIDenhanced,1,0.998851236270237,0.5594234430363625,6.40343719338403,4.71830645976308,4.744740021467424,0.0
1719990000,sandy,2024,0.1231267304088439,0.026433561704343366,3.5,1.5,SMARTER_PIDenhanced,1,1.5219674223492545,0.998851236270237,6.828302846826217,4.71830645976308,4.841433190171924,0.0
1720076400,sandy,2024,0.14452882620609558,0.1231267304088439,3.5,1.5,SMARTER_PIDenhanced,1,1.8136679969487788,1.5219674223492545,3.501203041998366,4.71830645976308,4.862835285969176,0.0
1720162800,sandy,2024,0.17587702693982477,0.14452882620609558,3.5,1.5,SMARTER_PIDenhanced,1,2.187202239926568,1.8136679969487788,4.1107559323561444,4.71830645976308,4.894183486702905,0.0
1720249200,sandy,2024,0.2598064927097327,0.17587702693982477,3.5,1.5,SMARTER_PIDenhanced,1,2.870665109185845,2.187202239926568,7.570021332731803,4.71830645976308,4.978112952472813,0.0
1720335600,sandy,2024,0.3277516428808674,0.2598064927097327,3.5,1.5,SMARTER_PIDenhanced,1,3.6001005991061175,2.870665109185845,8.236770338981968,4.71830645976308,5.046058102643948,0.0
1720422000,sandy,2024,0.28730997395574126,0.3277516428808674,3.5,1.5,SMARTER_PIDenhanced,1,3.889519718801788,3.6001005991061175,3.5751601774979624,4.71830645976308,5.005616433718822,0.0
1720508400,sandy,2024,0.2940979653186089,0.28730997395574126,3.5,1.5,SMARTER_PIDenhanced,1,4.354424636549737,3.889519718801788,6.021523561190189,4.71830645976308,5.012404425081689,1.0
1720594800,sandy,2024,0.29040100159150806,0.2940979653186089,3.5,1.5,SMARTER_PIDenhanced,1,4.777086765892146,4.354424636549737,6.408995121084742,4.71830645976308,5.0087074613545886,0.0
1720681200,sandy,2024,0.2995048600703739,0.29040100159150806,3.5,1.5,SMARTER_PIDenhanced,1,5.258207560673737,4.777086765892146,7.100145056634385,4.71830645976308,5.017811319833454,0.0
1720767600,sandy,2024,0.32546707227454386,0.2995048600703739,3.5,1.5,SMARTER_PIDenhanced,1,5.837275911800148,5.258207560673737,8.417233027045325,4.71830645976308,5.0437735320376245,0.0
1720854000,sandy,2024,0.35500993897583155,0.32546707227454386,3.5,1.5,SMARTER_PIDenhanced,1,6.473190853718403,5.837275911800148,9.478835789843245,4.71830645976308,5.073316398738911,0.0
1720940400,sandy,2024,0.34219209079619556,0.35500993897583155,3.5,1.5,SMARTER_PIDenhanced,1,6.94161652128397,6.473190853718403,8.65408688020589,4.71830645976308,5.060498550559275,0.0
1721026800,sandy,2024,0.3043487808390959,0.34219209079619556,3.5,1.5,SMARTER_PIDenhanced,1,7.265688107692765,6.94161652128397,8.038553013013921,4.71830645976308,5.022655240602176,0.0
1721113200,sandy,2024,0.26147886237521667,0.3043487808390959,3.5,1.5,SMARTER_PIDenhanced,1,7.507861686632013,7.265688107692765,8.079175888672749,4.71830645976308,4.979785322138297,0.0
1721199600,sandy,2024,0.2570298292231104,0.26147886237521667,3.5,1.5,SMARTER_PIDenhanced,1,7.877834814434306,7.507861686632013,9.89638188136864,4.71830645976308,4.975336288986191,0.0
1721286000,sandy,2024,0.1986170494802636,0.2570298292231104,3.5,1.5,SMARTER_PIDenhanced,1,7.971315659554737,7.877834814434306,8.856197692783795,4.71830645976308,4.916923509243344,0.0
1721372400,sandy,2024,0.1299214203780399,0.1986170494802636,3.5,1.5,SMARTER_PIDenhanced,1,7.925763088264014,7.971315659554737,8.59349226880255,4.71830645976308,4.8482278801411205,0.0
1721458800,sandy,2024,0.028859545624154638,0.1299214203780399,3.5,1.5,SMARTER_PIDenhanced,1,7.615335845061647,7.925763088264014,6.5994601364997925,4.71830645976308,4.747166005387235,0.0
1721545200,sandy,2024,-0.04897520111921176,0.028859545624154638,3.5,1.5,SMARTER_PIDenhanced,1,7.269451429781047,7.615335845061647,6.35886520949269,4.71830645976308,4.669331258643869,0.0
1625986800,sandy,2021,0.22279779625051407,0,7.0,3.0,SMARTER_PIDenhanced,2,2.2279779625051406,0,7.909412676835701,4.71830645976308,4.9411042560135945,0.0
1626073200,sandy,2021,0.36033475375577434,0.22279779625051407,7.0,3.0,SMARTER_PIDenhanced,2,0,2.2279779625051406,8.171899400888595,4.71830645976308,5.078641213518854,0.0
1626159600,sandy,2021,0.5121073464767159,0.22279779625051407,7.0,3.0,SMARTER_PIDenhanced,2,5.7894668535187,2.2279779625051406,7.307248568315713,4.71830645976308,5.230413806239796,49.2
1626246000,sandy,2021,-0.8509338657955537,0.5121073464767159,7.0,3.0,SMARTER_PIDenhanced,2,0,5.7894668535187,3.7200181370317593,4.71830645976308,3.8796932912300712,0.0
1626332400,sandy,2021,-0.6936297481439055,0.5121073464767159,7.0,3.0,SMARTER_PIDenhanced,2,0,5.7894668535187,6.588938290136868,4.71830645976308,4.024676711619175,0.0
1626418800,sandy,2021,-0.525844514411735,-0.6936297481439055,7.0,3.0,SMARTER_PIDenhanced,2,0,0,4.2070949143533625,4.71830645976308,4.192461945351345,10.8
1626505200,sandy,2021,-0.6884924647973916,-0.6936297481439055,7.0,3.0,SMARTER_PIDenhanced,2,0,0,1.7206288405645938,4.71830645976308,4.029813994965688,0.8
1626591600,sandy,2021,-0.6450599243428801,-0.6884924647973916,7.0,3.0,SMARTER_PIDenhanced,2,0,0,2.3398193330169916,4.71830645976308,4.0732465354202,0.0
1626678000,sandy,2021,-0.40715216975803054,-0.6884924647973916,7.0,3.0,SMARTER_PIDenhanced,2,0,0,5.542148180411579,4.71830645976308,4.3111542900050495,0.0
1626764400,sandy,2021,-0.16362173218395537,-0.40715216975803054,7.0,3.0,SMARTER_PIDenhanced,2,0,0,6.336708517861463,4.71830645976308,4.554684727579125,0.0
1626850800,sandy,2021,0.07818198918014688,-0.40715216975803054,7.0,3.0,SMARTER_PIDenhanced,2,3.6318850801076827,0,7.723088615724408,4.71830645976308,4.796488448943228,0.0
1626937200,sandy,2021,0.14860163733266987,0.07818198918014688,7.0,3.0,SMARTER_PIDenhanced,2,0,3.6318850801076827,6.384988487195638,4.71830645976308,4.866908097095751,0.0
1627023600,sandy,2021,0.31456736404704494,0.07818198918014688,7.0,3.0,SMARTER_PIDenhanced,2,6.230284796317104,3.6318850801076827,6.724001721462045,4.71830645976308,5.032873823810125,0.0
1627110000,sandy,2021,0.26618635433659255,0.31456736404704494,7.0,3.0,SMARTER_PIDenhanced,2,0,6.230284796317104,6.639604206034317,4.71830645976308,4.9844928140996725,0.0
1627196400,sandy,2021,0.3972441603364458,0.31456736404704494,7.0,3.0,SMARTER_PIDenhanced,2,8.000754851352248,6.230284796317104,6.068344799075018,4.71830645976308,5.115550620099526,0.0
1627282800,sandy,2021,0.22244689836672626,0.3972441603364458,7.0,3.0,SMARTER_PIDenhanced,2,0,8.000754851352248,3.7441148307248353,4.71830645976308,4.940753358129807,0.0
1627369200,sandy,2021,0.34174809979224624,0.3972441603364458,7.0,3.0,SMARTER_PIDenhanced,2,8.63752672691959,8.000754851352248,5.25782491390273,4.71830645976308,5.060054559555327,1.0
1627455600,sandy,2021,0.15119638146316475,0.34174809979224624,7.0,3.0,SMARTER_PIDenhanced,2,0,8.63752672691959,4.067188753317478,4.71830645976308,4.869502841226245,0.0
1627542000,sandy,2021,0.2839353053505414,0.34174809979224624,7.0,3.0,SMARTER_PIDenhanced,2,9.084643081879282,8.63752672691959,5.501441403272102,4.71830645976308,5.002241765113622,0.0
1627628400,sandy,2021,0.18220604644978142,0.2839353053505414,7.0,3.0,SMARTER_PIDenhanced,2,0,9.084643081879282,7.363960029273559,4.71830645976308,4.900512506212862,0.0
1627714800,sandy,2021,0.3784010209742385,0.2839353053505414,7.0,3.0,SMARTER_PIDenhanced,2,10.881106154167876,9.084643081879282,8.127164249908118,4.71830645976308,5.096707480737319,0.0
1627801200,sandy,2021,0.15226835772838881,0.3784010209742385,7.0,3.0,SMARTER_PIDenhanced,2,0,10.881106154167876,7.011084171391055,4.71830645976308,4.870574817491469,9.0
1627887600,sandy,2021,0.20315146385133184,0.3784010209742385,7.0,3.0,SMARTER_PIDenhanced,2,10.263813645861525,10.881106154167876,7.304828236834061,4.71830645976308,4.921457923614412,0.0
1627974000,sandy,2021,0.03056383331120535,0.20315146385133184,7.0,3.0,SMARTER_PIDenhanced,2,0,10.263813645861525,7.320018177389831,4.71830645976308,4.748870293074286,0.0
1628060400,sandy,2021,0.23552200293737424,0.20315146385133184,7.0,3.0,SMARTER_PIDenhanced,2,11.196973428275944,10.263813645861525,8.239496207860649,4.71830645976308,4.9538284627004545,0.0
1628146800,sandy,2021,-0.009021654196227184,0.23552200293737424,7.0,3.0,SMARTER_PIDenhanced,2,0,11.196973428275944,4.198759507591638,4.71830645976308,4.7092848055668535,0.0
1628233200,sandy,2021,0.22142271389391147,0.23552200293737424,7.0,3.0,SMARTER_PIDenhanced,2,11.76254654665344,11.196973428275944,8.25634687060054,4.71830645976308,4.939729173656992,0.0
1628319600,sandy,2021,0.04827168436425212,0.22142271389391147,7.0,3.0,SMARTER_PIDenhanced,2,0,11.76254654665344,7.823891414052509,4.71830645976308,4.766578144127332,0.0
1628406000,sandy,2021,0.23103083461832116,0.22142271389391147,7.0,3.0,SMARTER_PIDenhanced,2,12.52289589557927,11.76254654665344,6.8058425683475985,4.71830645976308,4.949337294381402,0.0
1628492400,sandy,2021,0.046896809971966665,0.23103083461832116,7.0,3.0,SMARTER_PIDenhanced,2,0,12.52289589557927,8.235329351972808,4.71830645976308,4.765203269735047,0.0
1655967600,sandy,2022,-0.30341516520919526,0,7.0,3.0,SMARTER_PIDenhanced,2,0,0,5.915965904891959,4.71830645976308,4.414891294553885,0.0
1656054000,sandy,2022,-0.16819340711649616,-0.30341516520919526,7.0,3.0,SMARTER_PIDenhanced,2,0,0,5.717907755951627,4.71830645976308,4.5501130526465845,0.0
1656140400,sandy,2022,0.0408931381871842,-0.30341516520919526,7.0,3.0,SMARTER_PIDenhanced,2,2.5328375383362087,0,9.203948870710635,4.71830645976308,4.759199597950264,0.0
1656226800,sandy,2022,0.1646594835494614,0.0408931381871842,7.0,3.0,SMARTER_PIDenhanced,2,0,2.5328375383362087,9.569797117975432,4.71830645976308,4.882965943312541,0.0
1656313200,sandy,2022,0.29730813964669656,0.0408931381871842,7.0,3.0,SMARTER_PIDenhanced,2,5.219666967492884,2.5328375383362087,8.693094774412245,4.71830645976308,5.015614599409777,0.0
1656399600,sandy,2022,0.27932845778836535,0.29730813964669656,7.0,3.0,SMARTER_PIDenhanced,2,0,5.219666967492884,7.460713537351751,4.71830645976308,4.997634917551445,1.6
1656486000,sandy,2022,0.30199398404831757,0.29730813964669656,7.0,3.0,SMARTER_PIDenhanced,2,6.158449830449184,5.219666967492884,1.8323231735051733,4.71830645976308,5.020300443811398,0.0
1656572400,sandy,2022,0.2392921240715532,0.30199398404831757,7.0,3.0,SMARTER_PIDenhanced,2,0,6.158449830449184,6.425725286268609,4.71830645976308,4.957598583834633,0.0
1656658800,sandy,2022,0.3715847760444903,0.30199398404831757,7.0,3.0,SMARTER_PIDenhanced,2,7.760339702555864,6.158449830449184,8.481182130641368,4.71830645976308,5.0898912358075705,0.0
1656745200,sandy,2022,0.3161963970820545,0.3715847760444903,7.0,3.0,SMARTER_PIDenhanced,2,0,7.760339702555864,9.684100900879589,4.71830645976308,5.034502856845135,0.0
1656831600,sandy,2022,0.43640711166403917,0.3715847760444903,7.0,3.0,SMARTER_PIDenhanced,2,9.523317386884823,7.760339702555864,7.875822878948619,4.71830645976308,5.154713571427119,0.0
1656918000,sandy,2022,0.30820820997117315,0.43640711166403917,7.0,3.0,SMARTER_PIDenhanced,2,0,9.523317386884823,8.846129638751195,4.71830645976308,5.0265146697342535,0.0
1657004400,sandy,2022,0.4467023784868837,0.43640711166403917,7.0,3.0,SMARTER_PIDenhanced,2,10.935491390105385,9.523317386884823,8.353871892123982,4.71830645976308,5.165008838249964,0.0
1657090800,sandy,2022,0.2586005378277812,0.4467023784868837,7.0,3.0,SMARTER_PIDenhanced,2,0,10.935491390105385,8.10868026961472,4.71830645976308,4.976906997590861,0.0
1657177200,sandy,2022,0.35733047396344264,0.4467023784868837,7.0,3.0,SMARTER_PIDenhanced,2,11.381879480331625,10.935491390105385,5.27960920736311,4.71830645976308,5.075636933726523,11.6
1657263600,sandy,2022,0.02383536901588298,0.35733047396344264,7.0,3.0,SMARTER_PIDenhanced,2,0,11.381879480331625,7.275206390354677,4.71830645976308,4.742141828778963,0.0
1657350000,sandy,2022,0.13730517383891003,0.35733047396344264,7.0,3.0,SMARTER_PIDenhanced,2,10.253617900976627,11.381879480331625,7.121172904786319,4.71830645976308,4.85561163360199,0.0
1657436400,sandy,2022,0.008692439501411181,0.13730517383891003,7.0,3.0,SMARTER_PIDenhanced,2,0,10.253617900976627,7.612583271961939,4.71830645976308,4.726998899264491,0.0
1657522800,sandy,2022,0.2170686608934597,0.13730517383891003,7.0,3.0,SMARTER_PIDenhanced,2,11.463168293038853,10.253617900976627,8.472336750464112,4.71830645976308,4.93537512065654,0.0
1657609200,sandy,2022,0.04976551216982896,0.2170686608934597,7.0,3.0,SMARTER_PIDenhanced,2,0,11.463168293038853,7.4879930375083275,4.71830645976308,4.768071971932909,0.0
1657695600,sandy,2022,0.18559856418993434,0.2170686608934597,7.0,3.0,SMARTER_PIDenhanced,2,11.79967330868398,11.463168293038853,5.439558555641069,4.71830645976308,4.903905023953015,0.0
1657782000,sandy,2022,0.04128818624718066,0.18559856418993434,7.0,3.0,SMARTER_PIDenhanced,2,0,11.79967330868398,8.254676604732598,4.71830645976308,4.759594646010261,0.0
1657868400,sandy,2022,0.2808723229838279,0.18559856418993434,7.0,3.0,SMARTER_PIDenhanced,2,13.30920658919272,11.79967330868398,9.447916516172471,4.71830645976308,4.999178782746908,0.0
1657954800,sandy,2022,0.08294578562804483,0.2808723229838279,7.0,3.0,SMARTER_PIDenhanced,2,0,13.30920658919272,8.968687582898376,4.71830645976308,4.801252245391125,0.0
1658041200,sandy,2022,0.2727150613223859,0.2808723229838279,7.0,3.0,SMARTER_PIDenhanced,2,14.070250941529782,13.30920658919272,7.701644419417017,4.71830645976308,4.991021521085466,0.0
1658127600,sandy,2022,0.013244368098571208,0.2727150613223859,7.0,3.0,SMARTER_PIDenhanced,2,0,14.070250941529782,7.236620092977568,4.71830645976308,4.731550827861652,0.0
1658214000,sandy,2022,0.2204132461760155,0.2727150613223859,7.0,3.0,SMARTER_PIDenhanced,2,14.365377974033235,14.070250941529782,7.976539558735554,4.71830645976308,4.9387197059390955,0.0
1658300400,sandy,2022,0.011280123592944924,0.2204132461760155,7.0,3.0,SMARTER_PIDenhanced,2,0,14.365377974033235,9.031637030513592,4.71830645976308,4.729586583356025,0.0
1658386800,sandy,2022,0.23746795329268644,0.2204132461760155,7.0,3.0,SMARTER_PIDenhanced,2,15.19716478372799,14.365377974033235,8.523521442036436,4.71830645976308,4.955774413055766,0.0
1687503600,sandy,2023,-0.5182796207433059,0,7.0,3.0,SMARTER_PIDenhanced,2,0,0,6.420277994663035,4.71830645976308,4.200026839019774,0.0
1687590000,sandy,2023,-0.37625234803521074,-0.5182796207433059,7.0,3.0,SMARTER_PIDenhanced,2,0,0,6.3387606045021405,4.71830645976308,4.34205411172787,0.0
1687676400,sandy,2023,-0.20659089532620162,-0.5182796207433059,7.0,3.0,SMARTER_PIDenhanced,2,1.5620483919411252,0,7.077332335884068,4.71830645976308,4.511715564436878,0.0
1687762800,sandy,2023,-0.10269289943616965,-0.20659089532620162,7.0,3.0,SMARTER_PIDenhanced,2,0,1.5620483919411252,6.229180911248416,4.71830645976308,4.615613560326911,0.0
1687849200,sandy,2023,0.041418998098183155,-0.20659089532620162,7.0,3.0,SMARTER_PIDenhanced,2,3.422374640206368,1.5620483919411252,7.717627618312005,4.71830645976308,4.759725457861263,0.0
1687935600,sandy,2023,0.10624996155546539,0.041418998098183155,7.0,3.0,SMARTER_PIDenhanced,2,0,3.422374640206368,8.190146658736474,4.71830645976308,4.824556421318546,0.0
1688022000,sandy,2023,0.14656261647583468,0.041418998098183155,7.0,3.0,SMARTER_PIDenhanced,2,4.598067818277432,3.422374640206368,2.6534944981591777,4.71830645976308,4.864869076238915,0.0
1688108400,sandy,2023,0.16274443684863427,0.14656261647583468,7.0,3.0,SMARTER_PIDenhanced,2,0,4.598067818277432,7.8119211404442055,4.71830645976308,4.881050896611715,0.0
1688194800,sandy,2023,0.20736182171085185,0.14656261647583468,7.0,3.0,SMARTER_PIDenhanced,2,5.645747720055108,4.598067818277432,2.989408376370308,4.71830645976308,4.925668281473932,0.0
1688281200,sandy,2023,0.11527858824482079,0.20736182171085185,7.0,3.0,SMARTER_PIDenhanced,2,0,5.645747720055108,3.6286065346203205,4.71830645976308,4.833585048007901,0.0
1688367600,sandy,2023,0.22407407884356584,0.20736182171085185,7.0,3.0,SMARTER_PIDenhanced,2,6.434955756514804,5.645747720055108,5.9091258835011,4.71830645976308,4.942380538606646,0.0
1688454000,sandy,2023,0.17156469201994298,0.22407407884356584,7.0,3.0,SMARTER_PIDenhanced,2,0,6.434955756514804,6.621532339824514,4.71830645976308,4.889871151783023,0.0
1688540400,sandy,2023,0.2879178452856279,0.22407407884356584,7.0,3.0,SMARTER_PIDenhanced,2,7.745615657466123,6.434955756514804,6.395412175418061,4.71830645976308,5.0062243050487085,0.0
1688626800,sandy,2023,0.2110862766972132,0.2879178452856279,7.0,3.0,SMARTER_PIDenhanced,2,0,7.745615657466123,7.492344925936937,4.71830645976308,4.929392736460294,5.0
1688713200,sandy,2023,0.24208144444740415,0.2879178452856279,7.0,3.0,SMARTER_PIDenhanced,2,8.15100518494077,7.745615657466123,3.3788724562330463,4.71830645976308,4.960387904210484,0.0
1688799600,sandy,2023,0.11676102603110233,0.24208144444740415,7.0,3.0,SMARTER_PIDenhanced,2,0,8.15100518494077,6.518921569415171,4.71830645976308,4.835067485794182,0.0
1688886000,sandy,2023,0.2673689532640573,0.24208144444740415,7.0,3.0,SMARTER_PIDenhanced,2,9.130124606449513,8.15100518494077,7.0675670514600375,4.71830645976308,4.9856754130271375,0.0
1688972400,sandy,2023,0.14732882541289694,0.2673689532640573,7.0,3.0,SMARTER_PIDenhanced,2,0,9.130124606449513,6.961944041187434,4.71830645976308,4.865635285175977,0.0
1689058800,sandy,2023,0.312625064811779,0.2673689532640573,7.0,3.0,SMARTER_PIDenhanced,2,10.384792581718902,9.130124606449513,7.523781176422247,4.71830645976308,5.030931524574859,0.0
1689145200,sandy,2023,0.17081888557030778,0.312625064811779,7.0,3.0,SMARTER_PIDenhanced,2,0,10.384792581718902,7.806608352298979,4.71830645976308,4.889125345333388,0.0
1689231600,sandy,2023,0.3371729667549881,0.312625064811779,7.0,3.0,SMARTER_PIDenhanced,2,11.56814679558633,10.384792581718902,7.714035948667738,4.71830645976308,5.055479426518068,22.8
1689318000,sandy,2023,-0.4815747100570633,0.3371729667549881,7.0,3.0,SMARTER_PIDenhanced,2,0,11.56814679558633,2.9961159428327533,4.71830645976308,4.236920010383869,0.0
1689404400,sandy,2023,-0.3609644247214974,0.3371729667549881,7.0,3.0,SMARTER_PIDenhanced,2,5.59829178108644,11.56814679558633,5.390782029334142,4.71830645976308,4.357342035041583,0.0
1689490800,sandy,2023,-0.2789837751758208,-0.3609644247214974,7.0,3.0,SMARTER_PIDenhanced,2,0,5.59829178108644,7.1090569971804145,4.71830645976308,4.4393226845872595,0.0
1689577200,sandy,2023,-0.06254671432106014,-0.3609644247214974,7.0,3.0,SMARTER_PIDenhanced,2,7.499575610926319,5.59829178108644,6.608581357186508,4.71830645976308,4.65575974544202,0.0
1689663600,sandy,2023,-0.042752080455914505,-0.06254671432106014,7.0,3.0,SMARTER_PIDenhanced,2,0,7.499575610926319,7.5003116982488045,4.71830645976308,4.675554379307166,0.0
1689750000,sandy,2023,0.1609942873396462,-0.06254671432106014,7.0,3.0,SMARTER_PIDenhanced,2,9.547345484570203,7.499575610926319,7.063404491828016,4.71830645976308,4.879300747102726,0.0
1689836400,sandy,2023,0.098178797147575,0.1609942873396462,7.0,3.0,SMARTER_PIDenhanced,2,0,9.547345484570203,7.949048805371062,4.71830645976308,4.8164852569106555,0.0
1689922800,sandy,2023,0.26187459520211775,0.1609942873396462,7.0,3.0,SMARTER_PIDenhanced,2,11.039131425213856,9.547345484570203,6.202164075023188,4.71830645976308,4.980181054965198,0.0
1719126000,sandy,2024,-0.6661195040992536,0,7.0,3.0,SMARTER_PIDenhanced,2,0,0,1.6632265501860408,4.71830645976308,4.052186955663827,1.7999999999999998
1719212400,sandy,2024,-0.7534247343760541,-0.6661195040992536,7.0,3.0,SMARTER_PIDenhanced,2,0,0,1.5856569477409397,4.71830645976308,3.964881725387026,5.8
1719298800,sandy,2024,-0.8197174026101838,-0.6661195040992536,7.0,3.0,SMARTER_PIDenhanced,2,0,0,1.6430199437714739,4.71830645976308,3.8985890571528965,12.6
1719385200,sandy,2024,-0.9340528238009618,-0.8197174026101838,7.0,3.0,SMARTER_PIDenhanced,2,0,0,3.7360647761286776,4.71830645976308,3.7842536359621186,1.0
1719471600,sandy,2024,-0.910323674887486,-0.8197174026101838,7.0,3.0,SMARTER_PIDenhanced,2,0,0,3.2830581050375076,4.71830645976308,3.8079827848755943,0.0
1719558000,sandy,2024,-0.6595301110247399,-0.910323674887486,7.0,3.0,SMARTER_PIDenhanced,2,0,0,8.105450401178516,4.71830645976308,4.05877634873834,0.0
1719644400,sandy,2024,-0.452282082029348,-0.910323674887486,7.0,3.0,SMARTER_PIDenhanced,2,0,0,6.855392222915658,4.71830645976308,4.266024377733732,0.0
1719730800,sandy,2024,-0.2852475080969843,-0.452282082029348,7.0,3.0,SMARTER_PIDenhanced,2,0,0,6.275478723242181,4.71830645976308,4.433058951666096,0.0
1719817200,sandy,2024,-0.0877885670606165,-0.452282082029348,7.0,3.0,SMARTER_PIDenhanced,2,2.288088903599271,0,9.008052630760128,4.71830645976308,4.630517892702464,0.0
1719903600,sandy,2024,-0.0056563189739450995,-0.0877885670606165,7.0,3.0,SMARTER_PIDenhanced,2,0,2.288088903599271,6.40343719338403,4.71830645976308,4.712650140789135,0.0
1719990000,sandy,2024,0.11113976933275552,-0.0877885670606165,7.0,3.0,SMARTER_PIDenhanced,2,4.014006566351142,2.288088903599271,6.828302846826217,4.71830645976308,4.8294462290958355,0.0
1720076400,sandy,2024,0.07205458240509396,0.11113976933275552,7.0,3.0,SMARTER_PIDenhanced,2,0,4.014006566351142,3.501203041998366,4.71830645976308,4.790361042168175,0.0
1720162800,sandy,2024,0.1498290773147903,0.11113976933275552,7.0,3.0,SMARTER_PIDenhanced,2,4.734318954169757,4.014006566351142,4.1107559323561444,4.71830645976308,4.868135537077871,0.0
1720249200,sandy,2024,0.176431376868694,0.1498290773147903,7.0,3.0,SMARTER_PIDenhanced,2,0,4.734318954169757,7.570021332731803,4.71830645976308,4.894737836631775,0.0
1720335600,sandy,2024,0.3183839918047416,0.1498290773147903,7.0,3.0,SMARTER_PIDenhanced,2,6.86935533101364,4.734318954169757,8.236770338981968,4.71830645976308,5.0366904515678215,0.0
1720422000,sandy,2024,0.18578073062594033,0.3183839918047416,7.0,3.0,SMARTER_PIDenhanced,2,0,6.86935533101364,3.5751601774979624,4.71830645976308,4.904087190389021,0.0
1720508400,sandy,2024,0.3041719973088797,0.3183839918047416,7.0,3.0,SMARTER_PIDenhanced,2,7.682387361469247,6.86935533101364,6.021523561190189,4.71830645976308,5.02247845707196,1.0
1720594800,sandy,2024,0.2009779548508172,0.3041719973088797,7.0,3.0,SMARTER_PIDenhanced,2,0,7.682387361469247,6.408995121084742,4.71830645976308,4.919284414613897,0.0
1720681200,sandy,2024,0.3454006195698615,0.3041719973088797,7.0,3.0,SMARTER_PIDenhanced,2,9.007189576005704,7.682387361469247,7.100145056634385,4.71830645976308,5.063707079332942,0.0
1720767600,sandy,2024,0.2554534336051637,0.3454006195698615,7.0,3.0,SMARTER_PIDenhanced,2,0,9.007189576005704,8.417233027045325,4.71830645976308,4.973759893368244,0.0
1720854000,sandy,2024,0.4421407534290256,0.3454006195698615,7.0,3.0,SMARTER_PIDenhanced,2,11.010792773306928,9.007189576005704,9.478835789843245,4.71830645976308,5.160447213192106,0.0
1720940400,sandy,2024,0.27409884278097363,0.4421407534290256,7.0,3.0,SMARTER_PIDenhanced,2,0,11.010792773306928,8.65408688020589,4.71830645976308,4.992405302544054,0.0
1721026800,sandy,2024,0.4362347578650607,0.4421407534290256,7.0,3.0,SMARTER_PIDenhanced,2,12.278155077954356,11.010792773306928,8.038553013013921,4.71830645976308,5.154541217628141,0.0
1721113200,sandy,2024,0.21564686676598127,0.4362347578650607,7.0,3.0,SMARTER_PIDenhanced,2,0,12.278155077954356,8.079175888672749,4.71830645976308,4.933953326529061,0.0
1721199600,sandy,2024,0.42990915836345067,0.4362347578650607,7.0,3.0,SMARTER_PIDenhanced,2,13.523603356533437,12.278155077954356,9.89638188136864,4.71830645976308,5.148215618126531,0.0
1721286000,sandy,2024,0.16981851443099913,0.42990915836345067,7.0,3.0,SMARTER_PIDenhanced,2,0,13.523603356533437,8.856197692783795,4.71830645976308,4.8881249741940795,0.0
1721372400,sandy,2024,0.3532083265734952,0.42990915836345067,7.0,3.0,SMARTER_PIDenhanced,2,14.046322513724235,13.523603356533437,8.59349226880255,4.71830645976308,5.071514786336575,0.0
1721458800,sandy,2024,0.032177690803110934,0.3532083265734952,7.0,3.0,SMARTER_PIDenhanced,2,0,14.046322513724235,6.5994601364997925,4.71830645976308,4.750484150566191,0.0
1721545200,sandy,2024,0.17609743369603884,0.3532083265734952,7.0,3.0,SMARTER_PIDenhanced,2,13.334838564670157,14.046322513724235,6.35886520949269,4.71830645976308,4.894403893459119,0.0
1625986800,sandy,2021,0.22279779625051407,0,10.5,4.5,SMARTER_PIDenhanced,3,3.3419669437577113,0,7.909412676835701,4.71830645976308,4.9411042560135945,0.0
1626073200,sandy,2021,0.3313053101918635,0.22279779625051407,10.5,4.5,SMARTER_PIDenhanced,3,0,3.3419669437577113,8.171899400888595,4.71830645976308,5.049611769954944,0.0
1626159600,sandy,2021,0.4869558283237112,0.22279779625051407,10.5,4.5,SMARTER_PIDenhanced,3,0,3.3419669437577113,7.307248568315713,4.71830645976308,5.205262288086791,49.2
1626246000,sandy,2021,-0.6628457463180503,0.22279779625051407,10.5,4.5,SMARTER_PIDenhanced,3,0,3.3419669437577113,3.7200181370317593,4.71830645976308,4.056132271683651,0.0
1626332400,sandy,2021,-0.5480082395021595,-0.6628457463180503,10.5,4.5,SMARTER_PIDenhanced,3,0,0,6.588938290136868,4.71830645976308,4.1702982202609205,0.0
1626418800,sandy,2021,-0.39545356340127524,-0.6628457463180503,10.5,4.5,SMARTER_PIDenhanced,3,0,0,4.2070949143533625,4.71830645976308,4.322852896361805,10.8
1626505200,sandy,2021,-0.5637768103795234,-0.6628457463180503,10.5,4.5,SMARTER_PIDenhanced,3,0,0,1.7206288405645938,4.71830645976308,4.154529649383557,0.8
1626591600,sandy,2021,-0.5313515516007701,-0.5637768103795234,10.5,4.5,SMARTER_PIDenhanced,3,0,0,2.3398193330169916,4.71830645976308,4.18695490816231,0.0
1626678000,sandy,2021,-0.3122211907722533,-0.5637768103795234,10.5,4.5,SMARTER_PIDenhanced,3,0,0,5.542148180411579,4.71830645976308,4.406085268990827,0.0
1626764400,sandy,2021,-0.08394025722308282,-0.5637768103795234,10.5,4.5,SMARTER_PIDenhanced,3,4.660552650638754,0,6.336708517861463,4.71830645976308,4.634366202539997,0.0
1626850800,sandy,2021,0.02005184593466372,-0.08394025722308282,10.5,4.5,SMARTER_PIDenhanced,3,0,4.660552650638754,7.723088615724408,4.71830645976308,4.738358305697744,0.0
1626937200,sandy,2021,0.1994457077067017,-0.08394025722308282,10.5,4.5,SMARTER_PIDenhanced,3,0,4.660552650638754,6.384988487195638,4.71830645976308,4.917752167469782,0.0
1627023600,sandy,2021,0.3633833994162055,-0.08394025722308282,10.5,4.5,SMARTER_PIDenhanced,3,10.992676342724206,4.660552650638754,6.724001721462045,4.71830645976308,5.081689859179286,0.0
1627110000,sandy,2021,0.15267973876733013,0.3633833994162055,10.5,4.5,SMARTER_PIDenhanced,3,0,10.992676342724206,6.639604206034317,4.71830645976308,4.87098619853041,0.0
1627196400,sandy,2021,0.29678598813491974,0.3633833994162055,10.5,4.5,SMARTER_PIDenhanced,3,0,10.992676342724206,6.068344799075018,4.71830645976308,5.015092447898,0.0
1627282800,sandy,2021,0.38705604869015875,0.3633833994162055,10.5,4.5,SMARTER_PIDenhanced,3,12.98299137920643,10.992676342724206,3.7441148307248353,4.71830645976308,5.105362508453239,0.0
1627369200,sandy,2021,0.08385573470317081,0.38705604869015875,10.5,4.5,SMARTER_PIDenhanced,3,0,12.98299137920643,5.25782491390273,4.71830645976308,4.802162194466251,1.0
1627455600,sandy,2021,0.17113515195884646,0.38705604869015875,10.5,4.5,SMARTER_PIDenhanced,3,0,12.98299137920643,4.067188753317478,4.71830645976308,4.889441611721927,0.0
1627542000,sandy,2021,0.31976502175588367,0.38705604869015875,10.5,4.5,SMARTER_PIDenhanced,3,13.715378194298019,12.98299137920643,5.501441403272102,4.71830645976308,5.038071481518964,0.0
1627628400,sandy,2021,0.06225290621121109,0.31976502175588367,10.5,4.5,SMARTER_PIDenhanced,3,0,13.715378194298019,7.363960029273559,4.71830645976308,4.780559365974291,0.0
1627714800,sandy,2021,0.27417807204005207,0.31976502175588367,10.5,4.5,SMARTER_PIDenhanced,3,0,13.715378194298019,8.127164249908118,4.71830645976308,4.992484531803132,0.0
1627801200,sandy,2021,0.4400097139668631,0.31976502175588367,10.5,4.5,SMARTER_PIDenhanced,3,16.957991175364185,13.715378194298019,7.011084171391055,4.71830645976308,5.158316173729943,9.0
1627887600,sandy,2021,-0.11974758555705374,0.4400097139668631,10.5,4.5,SMARTER_PIDenhanced,3,0,16.957991175364185,7.304828236834061,4.71830645976308,4.598558874206026,0.0
1627974000,sandy,2021,0.05041709355705874,0.4400097139668631,10.5,4.5,SMARTER_PIDenhanced,3,0,16.957991175364185,7.320018177389831,4.71830645976308,4.768723553320139,0.0
1628060400,sandy,2021,0.2792235190617482,0.4400097139668631,10.5,4.5,SMARTER_PIDenhanced,3,16.526241964638345,16.957991175364185,8.239496207860649,4.71830645976308,4.997529978824828,0.0
1628146800,sandy,2021,-0.1400361387810663,0.2792235190617482,10.5,4.5,SMARTER_PIDenhanced,3,0,16.526241964638345,4.198759507591638,4.71830645976308,4.578270320982014,0.0
1628233200,sandy,2021,0.10597391953464405,0.2792235190617482,10.5,4.5,SMARTER_PIDenhanced,3,0,16.526241964638345,8.25634687060054,4.71830645976308,4.824280379297725,0.0
1628319600,sandy,2021,0.32203828744997853,0.2792235190617482,10.5,4.5,SMARTER_PIDenhanced,3,18.424969326239665,16.526241964638345,7.823891414052509,4.71830645976308,5.040344747213059,0.0
1628406000,sandy,2021,-0.10259631174609907,0.32203828744997853,10.5,4.5,SMARTER_PIDenhanced,3,0,18.424969326239665,6.8058425683475985,4.71830645976308,4.615710148016981,0.0
1628492400,sandy,2021,0.13841909276055994,0.32203828744997853,10.5,4.5,SMARTER_PIDenhanced,3,0,18.424969326239665,8.235329351972808,4.71830645976308,4.85672555252364,0.0
1655967600,sandy,2022,-0.30341516520919526,0,10.5,4.5,SMARTER_PIDenhanced,3,0,0,5.915965904891959,4.71830645976308,4.414891294553885,0.0
1656054000,sandy,2022,-0.16819340711649616,-0.30341516520919526,10.5,4.5,SMARTER_PIDenhanced,3,0,0,5.717907755951627,4.71830645976308,4.5501130526465845,0.0
1656140400,sandy,2022,0.0408931381871842,-0.30341516520919526,10.5,4.5,SMARTER_PIDenhanced,3,0,0,9.203948870710635,4.71830645976308,4.759199597950264,0.0
1656226800,sandy,2022,0.2097526509868153,-0.30341516520919526,10.5,4.5,SMARTER_PIDenhanced,3,6.332148999498781,0,9.569797117975432,4.71830645976308,4.928059110749896,0.0
1656313200,sandy,2022,0.20098202465334664,0.2097526509868153,10.5,4.5,SMARTER_PIDenhanced,3,0,6.332148999498781,8.693094774412245,4.71830645976308,4.919288484416427,0.0
1656399600,sandy,2022,0.3133679347209952,0.2097526509868153,10.5,4.5,SMARTER_PIDenhanced,3,0,6.332148999498781,7.460713537351751,4.71830645976308,5.031674394484075,1.6
1656486000,sandy,2022,0.3404200723489369,0.2097526509868153,10.5,4.5,SMARTER_PIDenhanced,3,9.236047249371273,6.332148999498781,1.8323231735051733,4.71830645976308,5.058726532112017,0.0
1656572400,sandy,2022,0.1860147817527465,0.3404200723489369,10.5,4.5,SMARTER_PIDenhanced,3,0,9.236047249371273,6.425725286268609,4.71830645976308,4.904321241515826,0.0
1656658800,sandy,2022,0.32927098438373575,0.3404200723489369,10.5,4.5,SMARTER_PIDenhanced,3,0,9.236047249371273,8.481182130641368,4.71830645976308,5.047577444146816,0.0
1656745200,sandy,2022,0.4632295925193418,0.3404200723489369,10.5,4.5,SMARTER_PIDenhanced,3,12.610080377497564,9.236047249371273,9.684100900879589,4.71830645976308,5.181536052282422,0.0
1656831600,sandy,2022,0.22677784298967596,0.4632295925193418,10.5,4.5,SMARTER_PIDenhanced,3,0,12.610080377497564,7.875822878948619,4.71830645976308,4.945084302752756,0.0
1656918000,sandy,2022,0.3819626143906161,0.4632295925193418,10.5,4.5,SMARTER_PIDenhanced,3,0,12.610080377497564,8.846129638751195,4.71830645976308,5.1002690741536965,0.0
1657004400,sandy,2022,0.5040801453447245,0.4632295925193418,10.5,4.5,SMARTER_PIDenhanced,3,15.307371836215342,12.610080377497564,8.353871892123982,4.71830645976308,5.222386605107805,0.0
1657090800,sandy,2022,0.17368636852098368,0.5040801453447245,10.5,4.5,SMARTER_PIDenhanced,3,0,15.307371836215342,8.10868026961472,4.71830645976308,4.891992828284064,0.0
1657177200,sandy,2022,0.2780224818475633,0.5040801453447245,10.5,4.5,SMARTER_PIDenhanced,3,0,15.307371836215342,5.27960920736311,4.71830645976308,4.996328941610644,11.6
1657263600,sandy,2022,0.33129429010293304,0.5040801453447245,10.5,4.5,SMARTER_PIDenhanced,3,14.983944661639732,15.307371836215342,7.275206390354677,4.71830645976308,5.049600749866014,0.0
1657350000,sandy,2022,-0.060591850794405606,0.33129429010293304,10.5,4.5,SMARTER_PIDenhanced,3,0,14.983944661639732,7.121172904786319,4.71830645976308,4.657714608968675,0.0
1657436400,sandy,2022,0.11127270732587691,0.33129429010293304,10.5,4.5,SMARTER_PIDenhanced,3,0,14.983944661639732,7.612583271961939,4.71830645976308,4.829579167088957,0.0
1657522800,sandy,2022,0.3061250424855001,0.33129429010293304,10.5,4.5,SMARTER_PIDenhanced,3,16.097230252841438,14.983944661639732,8.472336750464112,4.71830645976308,5.02443150224858,0.0
1657609200,sandy,2022,-0.019552966058980114,0.3061250424855001,10.5,4.5,SMARTER_PIDenhanced,3,0,16.097230252841438,7.4879930375083275,4.71830645976308,4.6987534937041,0.0
1657695600,sandy,2022,0.11698831130355537,0.3061250424855001,10.5,4.5,SMARTER_PIDenhanced,3,0,16.097230252841438,5.439558555641069,4.71830645976308,4.835294771066636,0.0
1657782000,sandy,2022,0.3176285390703009,0.3061250424855001,10.5,4.5,SMARTER_PIDenhanced,3,17.6473453927982,16.097230252841438,8.254676604732598,4.71830645976308,5.0359349988333815,0.0
1657868400,sandy,2022,-0.005055633444502583,0.3176285390703009,10.5,4.5,SMARTER_PIDenhanced,3,0,17.6473453927982,9.447916516172471,4.71830645976308,4.7132508263185775,0.0
1657954800,sandy,2022,0.22578899967569435,0.3176285390703009,10.5,4.5,SMARTER_PIDenhanced,3,0,17.6473453927982,8.968687582898376,4.71830645976308,4.944095459438775,0.0
1658041200,sandy,2022,0.3958277440349795,0.3176285390703009,10.5,4.5,SMARTER_PIDenhanced,3,20.249661893084735,17.6473453927982,7.701644419417017,4.71830645976308,5.11413420379806,0.0
1658127600,sandy,2022,-0.08271348709960451,0.3958277440349795,10.5,4.5,SMARTER_PIDenhanced,3,0,20.249661893084735,7.236620092977568,4.71830645976308,4.635592972663476,0.0
1658214000,sandy,2022,0.1276006721495137,0.3958277440349795,10.5,4.5,SMARTER_PIDenhanced,3,0,20.249661893084735,7.976539558735554,4.71830645976308,4.845907131912594,0.0
1658300400,sandy,2022,0.3537213885694131,0.3958277440349795,10.5,4.5,SMARTER_PIDenhanced,3,21.399291409258645,20.249661893084735,9.031637030513592,4.71830645976308,5.072027848332493,0.0
1658386800,sandy,2022,-0.1240235230904699,0.3537213885694131,10.5,4.5,SMARTER_PIDenhanced,3,0,21.399291409258645,8.523521442036436,4.71830645976308,4.59428293667261,0.0
1687503600,sandy,2023,-0.5182796207433059,0,10.5,4.5,SMARTER_PIDenhanced,3,0,0,6.420277994663035,4.71830645976308,4.200026839019774,0.0
1687590000,sandy,2023,-0.37625234803521074,-0.5182796207433059,10.5,4.5,SMARTER_PIDenhanced,3,0,0,6.3387606045021405,4.71830645976308,4.34205411172787,0.0
1687676400,sandy,2023,-0.20659089532620162,-0.5182796207433059,10.5,4.5,SMARTER_PIDenhanced,3,0,0,7.077332335884068,4.71830645976308,4.511715564436878,0.0
1687762800,sandy,2023,-0.07252202383654753,-0.5182796207433059,10.5,4.5,SMARTER_PIDenhanced,3,4.354105660256499,0,6.229180911248416,4.71830645976308,4.645784435926533,0.0
1687849200,sandy,2023,-0.021784680105846634,-0.07252202383654753,10.5,4.5,SMARTER_PIDenhanced,3,0,4.354105660256499,7.717627618312005,4.71830645976308,4.696521779657234,0.0
1687935600,sandy,2023,0.12049951851634716,-0.07252202383654753,10.5,4.5,SMARTER_PIDenhanced,3,0,4.354105660256499,8.190146658736474,4.71830645976308,4.838805978279427,0.0
1688022000,sandy,2023,0.16255750391207238,-0.07252202383654753,10.5,4.5,SMARTER_PIDenhanced,3,7.553949469221334,4.354105660256499,2.6534944981591777,4.71830645976308,4.880863963675153,0.0
1688108400,sandy,2023,0.097565726308317,0.16255750391207238,10.5,4.5,SMARTER_PIDenhanced,3,0,7.553949469221334,7.8119211404442055,4.71830645976308,4.815872186071397,0.0
1688194800,sandy,2023,0.1476799507339713,0.16255750391207238,10.5,4.5,SMARTER_PIDenhanced,3,0,7.553949469221334,2.989408376370308,4.71830645976308,4.865986410497052,0.0
1688281200,sandy,2023,0.2088733407491471,0.16255750391207238,10.5,4.5,SMARTER_PIDenhanced,3,8.980195789381781,7.553949469221334,3.6286065346203205,4.71830645976308,4.927179800512227,0.0
1688367600,sandy,2023,0.06592099798971003,0.2088733407491471,10.5,4.5,SMARTER_PIDenhanced,3,0,8.980195789381781,5.9091258835011,4.71830645976308,4.78422745775279,0.0
1688454000,sandy,2023,0.2001263337009754,0.2088733407491471,10.5,4.5,SMARTER_PIDenhanced,3,0,8.980195789381781,6.621532339824514,4.71830645976308,4.9184327934640555,0.0
1688540400,sandy,2023,0.3113362237594889,0.2088733407491471,10.5,4.5,SMARTER_PIDenhanced,3,11.45706906790807,8.980195789381781,6.395412175418061,4.71830645976308,5.029642683522569,0.0
1688626800,sandy,2023,0.12386011182825162,0.3113362237594889,10.5,4.5,SMARTER_PIDenhanced,3,0,11.45706906790807,7.492344925936937,4.71830645976308,4.842166571591332,5.0
1688713200,sandy,2023,0.1521127420227352,0.3113362237594889,10.5,4.5,SMARTER_PIDenhanced,3,0,11.45706906790807,3.3788724562330463,4.71830645976308,4.870419201785816,0.0
1688799600,sandy,2023,0.27216533994250114,0.3113362237594889,10.5,4.5,SMARTER_PIDenhanced,3,12.270518817570952,11.45706906790807,6.518921569415171,4.71830645976308,4.990471799705581,0.0
1688886000,sandy,2023,0.05132260631970063,0.27216533994250114,10.5,4.5,SMARTER_PIDenhanced,3,0,12.270518817570952,7.0675670514600375,4.71830645976308,4.769629066082781,0.0
1688972400,sandy,2023,0.21087399754033567,0.27216533994250114,10.5,4.5,SMARTER_PIDenhanced,3,0,12.270518817570952,6.961944041187434,4.71830645976308,4.929180457303416,0.0
1689058800,sandy,2023,0.36179734670786023,0.27216533994250114,10.5,4.5,SMARTER_PIDenhanced,3,14.839742948792594,12.270518817570952,7.523781176422247,4.71830645976308,5.08010380647094,0.0
1689145200,sandy,2023,0.07358444393700708,0.36179734670786023,10.5,4.5,SMARTER_PIDenhanced,3,0,14.839742948792594,7.806608352298979,4.71830645976308,4.791890903700088,0.0
1689231600,sandy,2023,0.2511384590304058,0.36179734670786023,10.5,4.5,SMARTER_PIDenhanced,3,0,14.839742948792594,7.714035948667738,4.71830645976308,4.969444918793486,22.8
1689318000,sandy,2023,-0.1354762239421149,0.36179734670786023,10.5,4.5,SMARTER_PIDenhanced,3,9.008727449228338,14.839742948792594,2.9961159428327533,4.71830645976308,4.582830235820965,0.0
1689404400,sandy,2023,-0.307312670434631,-0.1354762239421149,10.5,4.5,SMARTER_PIDenhanced,3,0,9.008727449228338,5.390782029334142,4.71830645976308,4.410993789328449,0.0
1689490800,sandy,2023,-0.09814616873644724,-0.1354762239421149,10.5,4.5,SMARTER_PIDenhanced,3,0,9.008727449228338,7.1090569971804145,4.71830645976308,4.620160291026633,0.0
1689577200,sandy,2023,0.09303861171555292,-0.1354762239421149,10.5,4.5,SMARTER_PIDenhanced,3,11.826806976353838,9.008727449228338,6.608581357186508,4.71830645976308,4.811345071478633,0.0
1689663600,sandy,2023,-0.04509988774442307,0.09303861171555292,10.5,4.5,SMARTER_PIDenhanced,3,0,11.826806976353838,7.5003116982488045,4.71830645976308,4.673206572018657,0.0
1689750000,sandy,2023,0.15959010696063725,0.09303861171555292,10.5,4.5,SMARTER_PIDenhanced,3,0,11.826806976353838,7.063404491828016,4.71830645976308,4.8778965667237175,0.0
1689836400,sandy,2023,0.3524128069055384,0.09303861171555292,10.5,4.5,SMARTER_PIDenhanced,3,16.13609365692361,11.826806976353838,7.949048805371062,4.71830645976308,5.070719266668618,0.0
1689922800,sandy,2023,-0.0009475899137691238,0.3524128069055384,10.5,4.5,SMARTER_PIDenhanced,3,0,16.13609365692361,6.202164075023188,4.71830645976308,4.717358869849311,0.0
1719126000,sandy,2024,-0.6661195040992536,0,10.5,4.5,SMARTER_PIDenhanced,3,0,0,1.6632265501860408,4.71830645976308,4.052186955663827,1.7999999999999998
1719212400,sandy,2024,-0.7534247343760541,-0.6661195040992536,10.5,4.5,SMARTER_PIDenhanced,3,0,0,1.5856569477409397,4.71830645976308,3.964881725387026,5.8
1719298800,sandy,2024,-0.8197174026101838,-0.6661195040992536,10.5,4.5,SMARTER_PIDenhanced,3,0,0,1.6430199437714739,4.71830645976308,3.8985890571528965,12.6
1719385200,sandy,2024,-0.9340528238009618,-0.6661195040992536,10.5,4.5,SMARTER_PIDenhanced,3,0,0,3.7360647761286776,4.71830645976308,3.7842536359621186,1.0
1719471600,sandy,2024,-0.910323674887486,-0.9340528238009618,10.5,4.5,SMARTER_PIDenhanced,3,0,0,3.2830581050375076,4.71830645976308,3.8079827848755943,0.0
1719558000,sandy,2024,-0.6595301110247399,-0.9340528238009618,10.5,4.5,SMARTER_PIDenhanced,3,0,0,8.105450401178516,4.71830645976308,4.05877634873834,0.0
1719644400,sandy,2024,-0.452282082029348,-0.9340528238009618,10.5,4.5,SMARTER_PIDenhanced,3,0,0,6.855392222915658,4.71830645976308,4.266024377733732,0.0
1719730800,sandy,2024,-0.2852475080969843,-0.452282082029348,10.5,4.5,SMARTER_PIDenhanced,3,0,0,6.275478723242181,4.71830645976308,4.433058951666096,0.0
1719817200,sandy,2024,-0.0877885670606165,-0.452282082029348,10.5,4.5,SMARTER_PIDenhanced,3,0,0,9.008052630760128,4.71830645976308,4.630517892702464,0.0
1719903600,sandy,2024,0.0319915229283233,-0.452282082029348,10.5,4.5,SMARTER_PIDenhanced,3,5.2288347052330035,0,6.40343719338403,4.71830645976308,4.750297982691404,0.0
1719990000,sandy,2024,0.035093137072822266,0.0319915229283233,10.5,4.5,SMARTER_PIDenhanced,3,0,5.2288347052330035,6.828302846826217,4.71830645976308,4.753399596835902,0.0
1720076400,sandy,2024,0.09723685222678008,0.0319915229283233,10.5,4.5,SMARTER_PIDenhanced,3,0,5.2288347052330035,3.501203041998366,4.71830645976308,4.8155433119898605,0.0
1720162800,sandy,2024,0.1740979227754044,0.0319915229283233,10.5,4.5,SMARTER_PIDenhanced,3,7.5043925561166756,5.2288347052330035,4.1107559323561444,4.71830645976308,4.892404382538484,0.0
1720249200,sandy,2024,0.11917462754616785,0.1740979227754044,10.5,4.5,SMARTER_PIDenhanced,3,0,7.5043925561166756,7.570021332731803,4.71830645976308,4.837481087309248,0.0
1720335600,sandy,2024,0.2739847898308287,0.1740979227754044,10.5,4.5,SMARTER_PIDenhanced,3,0,7.5043925561166756,8.236770338981968,4.71830645976308,4.992291249593909,0.0
1720422000,sandy,2024,0.33372446674387946,0.1740979227754044,10.5,4.5,SMARTER_PIDenhanced,3,10.68223136813312,7.5043925561166756,3.5751601774979624,4.71830645976308,5.052030926506959,0.0
1720508400,sandy,2024,0.13460573103768186,0.33372446674387946,10.5,4.5,SMARTER_PIDenhanced,3,0,10.68223136813312,6.021523561190189,4.71830645976308,4.852912190800762,1.0
1720594800,sandy,2024,0.26897971989084185,0.33372446674387946,10.5,4.5,SMARTER_PIDenhanced,3,0,10.68223136813312,6.408995121084742,4.71830645976308,4.987286179653922,0.0
1720681200,sandy,2024,0.3984124603471242,0.33372446674387946,10.5,4.5,SMARTER_PIDenhanced,3,13.15431137252925,10.68223136813312,7.100145056634385,4.71830645976308,5.116718920110205,0.0
1720767600,sandy,2024,0.16825285902312065,0.3984124603471242,10.5,4.5,SMARTER_PIDenhanced,3,0,13.15431137252925,8.417233027045325,4.71830645976308,4.886559318786201,0.0
1720854000,sandy,2024,0.37479146540025976,0.3984124603471242,10.5,4.5,SMARTER_PIDenhanced,3,0,13.15431137252925,9.478835789843245,4.71830645976308,5.09309792516334,0.0
1720940400,sandy,2024,0.5204272774223969,0.3984124603471242,10.5,4.5,SMARTER_PIDenhanced,3,16.7773897002204,13.15431137252925,8.65408688020589,4.71830645976308,5.238733737185477,0.0
1721026800,sandy,2024,0.13970931092215252,0.5204272774223969,10.5,4.5,SMARTER_PIDenhanced,3,0,16.7773897002204,8.038553013013921,4.71830645976308,4.858015770685233,0.0
1721113200,sandy,2024,0.3261447631795984,0.5204272774223969,10.5,4.5,SMARTER_PIDenhanced,3,0,16.7773897002204,8.079175888672749,4.71830645976308,5.044451222942679,0.0
1721199600,sandy,2024,0.5120976645242954,0.5204272774223969,10.5,4.5,SMARTER_PIDenhanced,3,18.994368255149663,16.7773897002204,9.89638188136864,4.71830645976308,5.230404124287376,0.0
1721286000,sandy,2024,0.05961541996770292,0.5120976645242954,10.5,4.5,SMARTER_PIDenhanced,3,0,18.994368255149663,8.856197692783795,4.71830645976308,4.777921879730783,0.0
1721372400,sandy,2024,0.2615962506484578,0.5120976645242954,10.5,4.5,SMARTER_PIDenhanced,3,0,18.994368255149663,8.59349226880255,4.71830645976308,4.979902710411538,0.0
1721458800,sandy,2024,0.40616271546198596,0.5120976645242954,10.5,4.5,SMARTER_PIDenhanced,3,19.70978350957435,18.994368255149663,6.5994601364997925,4.71830645976308,5.124469175225066,0.0
1721545200,sandy,2024,-0.09925143553777191,0.40616271546198596,10.5,4.5,SMARTER_PIDenhanced,3,0,19.70978350957435,6.35886520949269,4.71830645976308,4.619055024225308,0.0
1625986800,sandy,2021,0.22279779625051407,0,17.5,7.5,SMARTER_PIDenhanced,5,5.569944906262852,0,7.909412676835701,4.71830645976308,4.9411042560135945,0.0
1626073200,sandy,2021,0.26896322010118273,0.22279779625051407,17.5,7.5,SMARTER_PIDenhanced,5,0,5.569944906262852,8.171899400888595,4.71830645976308,4.987269679864263,0.0
1626159600,sandy,2021,0.4313329949884426,0.22279779625051407,17.5,7.5,SMARTER_PIDenhanced,5,0,5.569944906262852,7.307248568315713,4.71830645976308,5.149639454751523,49.2
1626246000,sandy,2021,-0.724010653630679,0.22279779625051407,17.5,7.5,SMARTER_PIDenhanced,5,0,5.569944906262852,3.7200181370317593,4.71830645976308,3.9966666261339854,0.0
1626332400,sandy,2021,-0.5969780076360058,0.22279779625051407,17.5,7.5,SMARTER_PIDenhanced,5,0,5.569944906262852,6.588938290136868,4.71830645976308,4.1213284521270745,0.0
1626418800,sandy,2021,-0.437851654766921,0.22279779625051407,17.5,7.5,SMARTER_PIDenhanced,5,0,5.569944906262852,4.2070949143533625,4.71830645976308,4.280454804996159,10.8
1626505200,sandy,2021,-0.6049692438818631,-0.437851654766921,17.5,7.5,SMARTER_PIDenhanced,5,0,0,1.7206288405645938,4.71830645976308,4.113337215881217,0.8
1626591600,sandy,2021,-0.56949653487895,-0.437851654766921,17.5,7.5,SMARTER_PIDenhanced,5,0,0,2.3398193330169916,4.71830645976308,4.14880992488413,0.0
1626678000,sandy,2021,-0.343777280038385,-0.437851654766921,17.5,7.5,SMARTER_PIDenhanced,5,0,0,5.542148180411579,4.71830645976308,4.3745291797246955,0.0
1626764400,sandy,2021,-0.1102979395077767,-0.437851654766921,17.5,7.5,SMARTER_PIDenhanced,5,0,0,6.336708517861463,4.71830645976308,4.608008520255304,0.0
1626850800,sandy,2021,0.1242797650535918,-0.437851654766921,17.5,7.5,SMARTER_PIDenhanced,5,10.769398084760914,0,7.723088615724408,4.71830645976308,4.842586224816672,0.0
1626937200,sandy,2021,-0.039512329356490274,0.1242797650535918,17.5,7.5,SMARTER_PIDenhanced,5,0,10.769398084760914,6.384988487195638,4.71830645976308,4.67879413040659,0.0
1627023600,sandy,2021,0.15201327185906638,0.1242797650535918,17.5,7.5,SMARTER_PIDenhanced,5,0,10.769398084760914,6.724001721462045,4.71830645976308,4.870319731622146,0.0
1627110000,sandy,2021,0.3184631361677545,0.1242797650535918,17.5,7.5,SMARTER_PIDenhanced,5,0,10.769398084760914,6.639604206034317,4.71830645976308,5.036769595930835,0.0
1627196400,sandy,2021,0.450461960727087,0.1242797650535918,17.5,7.5,SMARTER_PIDenhanced,5,0,10.769398084760914,6.068344799075018,4.71830645976308,5.168768420490167,0.0
1627282800,sandy,2021,0.529453340966514,0.1242797650535918,17.5,7.5,SMARTER_PIDenhanced,5,21.830835720485908,10.769398084760914,3.7441148307248353,4.71830645976308,5.247759800729594,0.0
1627369200,sandy,2021,-0.10577222077319333,0.529453340966514,17.5,7.5,SMARTER_PIDenhanced,5,0,21.830835720485908,5.25782491390273,4.71830645976308,4.612534238989887,1.0
1627455600,sandy,2021,-0.018817004255691418,0.529453340966514,17.5,7.5,SMARTER_PIDenhanced,5,0,21.830835720485908,4.067188753317478,4.71830645976308,4.699489455507389,0.0
1627542000,sandy,2021,0.15339319921042757,0.529453340966514,17.5,7.5,SMARTER_PIDenhanced,5,0,21.830835720485908,5.501441403272102,4.71830645976308,4.871699658973508,0.0
1627628400,sandy,2021,0.3570951354443117,0.529453340966514,17.5,7.5,SMARTER_PIDenhanced,5,0,21.830835720485908,7.363960029273559,4.71830645976308,5.075401595207392,0.0
1627714800,sandy,2021,0.5367775677822313,0.529453340966514,17.5,7.5,SMARTER_PIDenhanced,5,25.984841448127696,21.830835720485908,8.127164249908118,4.71830645976308,5.255084027545312,0.0
1627801200,sandy,2021,-0.2514226298194547,0.5367775677822313,17.5,7.5,SMARTER_PIDenhanced,5,0,25.984841448127696,7.011084171391055,4.71830645976308,4.492863793255403,9.0
1627887600,sandy,2021,-0.17767272475673415,0.5367775677822313,17.5,7.5,SMARTER_PIDenhanced,5,0,25.984841448127696,7.304828236834061,4.71830645976308,4.540633735006346,0.0
1627974000,sandy,2021,0.05037828987504302,0.5367775677822313,17.5,7.5,SMARTER_PIDenhanced,5,0,25.984841448127696,7.320018177389831,4.71830645976308,4.7686847496381235,0.0
1628060400,sandy,2021,0.2806699319778831,0.5367775677822313,17.5,7.5,SMARTER_PIDenhanced,5,0,25.984841448127696,8.239496207860649,4.71830645976308,4.998976391740963,0.0
1628146800,sandy,2021,0.38399749811286144,0.5367775677822313,17.5,7.5,SMARTER_PIDenhanced,5,26.191171464760185,25.984841448127696,4.198759507591638,4.71830645976308,5.102303957875941,0.0
1628233200,sandy,2021,-0.24529265289084853,0.38399749811286144,17.5,7.5,SMARTER_PIDenhanced,5,0,26.191171464760185,8.25634687060054,4.71830645976308,4.473937028255248,0.0
1628319600,sandy,2021,-0.011542690910914475,0.38399749811286144,17.5,7.5,SMARTER_PIDenhanced,5,0,26.191171464760185,7.823891414052509,4.71830645976308,4.7067637688521655,0.0
1628406000,sandy,2021,0.209473949963594,0.38399749811286144,17.5,7.5,SMARTER_PIDenhanced,5,0,26.191171464760185,6.8058425683475985,4.71830645976308,4.927780409726674,0.0
1628492400,sandy,2021,0.4141921389739486,0.38399749811286144,17.5,7.5,SMARTER_PIDenhanced,5,0,26.191171464760185,8.235329351972808,4.71830645976308,5.132498598737029,0.0
1655967600,sandy,2022,-0.30341516520919526,0,17.5,7.5,SMARTER_PIDenhanced,5,0,0,5.915965904891959,4.71830645976308,4.414891294553885,0.0
1656054000,sandy,2022,-0.16819340711649616,-0.30341516520919526,17.5,7.5,SMARTER_PIDenhanced,5,0,0,5.717907755951627,4.71830645976308,4.5501130526465845,0.0
1656140400,sandy,2022,0.0408931381871842,-0.30341516520919526,17.5,7.5,SMARTER_PIDenhanced,5,0,0,9.203948870710635,4.71830645976308,4.759199597950264,0.0
1656226800,sandy,2022,0.2097526509868153,-0.30341516520919526,17.5,7.5,SMARTER_PIDenhanced,5,0,0,9.569797117975432,4.71830645976308,4.928059110749896,0.0
1656313200,sandy,2022,0.33457422275818177,-0.30341516520919526,17.5,7.5,SMARTER_PIDenhanced,5,0,0,8.693094774412245,4.71830645976308,5.052880682521262,0.0
1656399600,sandy,2022,0.4245729920834158,-0.30341516520919526,17.5,7.5,SMARTER_PIDenhanced,5,15.924090193246311,0,7.460713537351751,4.71830645976308,5.142879451846496,1.6
1656486000,sandy,2022,-0.025283146047773222,0.4245729920834158,17.5,7.5,SMARTER_PIDenhanced,5,0,15.924090193246311,1.8323231735051733,4.71830645976308,4.693023313715307,0.0
1656572400,sandy,2022,0.1010234941344147,0.4245729920834158,17.5,7.5,SMARTER_PIDenhanced,5,0,15.924090193246311,6.425725286268609,4.71830645976308,4.819329953897495,0.0
1656658800,sandy,2022,0.25765778329719163,0.4245729920834158,17.5,7.5,SMARTER_PIDenhanced,5,0,15.924090193246311,8.481182130641368,4.71830645976308,4.975964243060272,0.0
1656745200,sandy,2022,0.4052156930498019,0.4245729920834158,17.5,7.5,SMARTER_PIDenhanced,5,0,15.924090193246311,9.684100900879589,4.71830645976308,5.123522152812882,0.0
1656831600,sandy,2022,0.5085523228522875,0.4245729920834158,17.5,7.5,SMARTER_PIDenhanced,5,21.20787090309372,15.924090193246311,7.875822878948619,4.71830645976308,5.226858782615368,0.0
1656918000,sandy,2022,0.010916077856441504,0.5085523228522875,17.5,7.5,SMARTER_PIDenhanced,5,0,21.20787090309372,8.846129638751195,4.71830645976308,4.729222537619521,0.0
1657004400,sandy,2022,0.18590266501204383,0.5085523228522875,17.5,7.5,SMARTER_PIDenhanced,5,0,21.20787090309372,8.353871892123982,4.71830645976308,4.904209124775124,0.0
1657090800,sandy,2022,0.33985696920503744,0.5085523228522875,17.5,7.5,SMARTER_PIDenhanced,5,0,21.20787090309372,8.10868026961472,4.71830645976308,5.058163428968117,0.0
1657177200,sandy,2022,0.43309903964154856,0.5085523228522875,17.5,7.5,SMARTER_PIDenhanced,5,0,21.20787090309372,5.27960920736311,4.71830645976308,5.151405499404629,11.6
1657263600,sandy,2022,0.5009794392479716,0.5085523228522875,17.5,7.5,SMARTER_PIDenhanced,5,24.83269123437798,21.20787090309372,7.275206390354677,4.71830645976308,5.2192858990110516,0.0
1657350000,sandy,2022,-0.2696070371744087,0.5009794392479716,17.5,7.5,SMARTER_PIDenhanced,5,0,24.83269123437798,7.121172904786319,4.71830645976308,4.451168819642632,0.0
1657436400,sandy,2022,-0.09124873349773162,0.5009794392479716,17.5,7.5,SMARTER_PIDenhanced,5,0,24.83269123437798,7.612583271961939,4.71830645976308,4.627057726265349,0.0
1657522800,sandy,2022,0.14339723833010432,0.5009794392479716,17.5,7.5,SMARTER_PIDenhanced,5,0,24.83269123437798,8.472336750464112,4.71830645976308,4.8617036980931845,0.0
1657609200,sandy,2022,0.31068772975871295,0.5009794392479716,17.5,7.5,SMARTER_PIDenhanced,5,0,24.83269123437798,7.4879930375083275,4.71830645976308,5.028994189521793,0.0
1657695600,sandy,2022,0.42068996004235176,0.5009794392479716,17.5,7.5,SMARTER_PIDenhanced,5,26.582800048597267,24.83269123437798,5.439558555641069,4.71830645976308,5.138996419805432,0.0
1657782000,sandy,2022,-0.22737434381694346,0.42068996004235176,17.5,7.5,SMARTER_PIDenhanced,5,0,26.582800048597267,8.254676604732598,4.71830645976308,4.491975508511886,0.0
1657868400,sandy,2022,0.035119541657457135,0.42068996004235176,17.5,7.5,SMARTER_PIDenhanced,5,0,26.582800048597267,9.447916516172471,4.71830645976308,4.753426001420538,0.0
1657954800,sandy,2022,0.2714333788245496,0.42068996004235176,17.5,7.5,SMARTER_PIDenhanced,5,0,26.582800048597267,8.968687582898376,4.71830645976308,4.98973983858763,0.0
1658041200,sandy,2022,0.4293317443705408,0.42068996004235176,17.5,7.5,SMARTER_PIDenhanced,5,0,26.582800048597267,7.701644419417017,4.71830645976308,5.147638204133621,0.0
1658127600,sandy,2022,0.5517600565661421,0.42068996004235176,17.5,7.5,SMARTER_PIDenhanced,5,33.01472716200966,26.582800048597267,7.236620092977568,4.71830645976308,5.270066516329222,0.0
1658214000,sandy,2022,-0.34245236062470014,0.5517600565661421,17.5,7.5,SMARTER_PIDenhanced,5,0,33.01472716200966,7.976539558735554,4.71830645976308,4.389114454224554,0.0
1658300400,sandy,2022,-0.07850040438171463,0.5517600565661421,17.5,7.5,SMARTER_PIDenhanced,5,0,33.01472716200966,9.031637030513592,4.71830645976308,4.639806055381365,0.0
1658386800,sandy,2022,0.1804812299455337,0.5517600565661421,17.5,7.5,SMARTER_PIDenhanced,5,0,33.01472716200966,8.523521442036436,4.71830645976308,4.898787689708614,0.0
1687503600,sandy,2023,-0.5182796207433059,0,17.5,7.5,SMARTER_PIDenhanced,5,0,0,6.420277994663035,4.71830645976308,4.200026839019774,0.0
1687590000,sandy,2023,-0.37625234803521074,-0.5182796207433059,17.5,7.5,SMARTER_PIDenhanced,5,0,0,6.3387606045021405,4.71830645976308,4.34205411172787,0.0
1687676400,sandy,2023,-0.20659089532620162,-0.5182796207433059,17.5,7.5,SMARTER_PIDenhanced,5,0,0,7.077332335884068,4.71830645976308,4.511715564436878,0.0
1687762800,sandy,2023,-0.07252202383654753,-0.5182796207433059,17.5,7.5,SMARTER_PIDenhanced,5,0,0,6.229180911248416,4.71830645976308,4.645784435926533,0.0
1687849200,sandy,2023,0.06710905766660423,-0.5182796207433059,17.5,7.5,SMARTER_PIDenhanced,5,0,0,7.717627618312005,4.71830645976308,4.785415517429684,0.0
1687935600,sandy,2023,0.19332770877772298,-0.5182796207433059,17.5,7.5,SMARTER_PIDenhanced,5,13.903086082450928,0,8.190146658736474,4.71830645976308,4.911634168540803,0.0
1688022000,sandy,2023,-0.1483141805003604,0.19332770877772298,17.5,7.5,SMARTER_PIDenhanced,5,0,13.903086082450928,2.6534944981591777,4.71830645976308,4.56999227926272,0.0
1688108400,sandy,2023,0.014172771952363574,0.19332770877772298,17.5,7.5,SMARTER_PIDenhanced,5,0,13.903086082450928,7.8119211404442055,4.71830645976308,4.732479231715444,0.0
1688194800,sandy,2023,0.0727501114981559,0.19332770877772298,17.5,7.5,SMARTER_PIDenhanced,5,0,13.903086082450928,2.989408376370308,4.71830645976308,4.791056571261236,0.0
1688281200,sandy,2023,0.14187667474503715,0.19332770877772298,17.5,7.5,SMARTER_PIDenhanced,5,0,13.903086082450928,3.6286065346203205,4.71830645976308,4.860183134508118,0.0
1688367600,sandy,2023,0.2462021421410219,0.19332770877772298,17.5,7.5,SMARTER_PIDenhanced,5,16.674904732366322,13.903086082450928,5.9091258835011,4.71830645976308,4.964508601904102,0.0
1688454000,sandy,2023,-0.11274899891792886,0.2462021421410219,17.5,7.5,SMARTER_PIDenhanced,5,0,16.674904732366322,6.621532339824514,4.71830645976308,4.6055574608451515,0.0
1688540400,sandy,2023,0.031827924528236434,0.2462021421410219,17.5,7.5,SMARTER_PIDenhanced,5,0,16.674904732366322,6.395412175418061,4.71830645976308,4.750134384291317,0.0
1688626800,sandy,2023,0.19353315871345475,0.2462021421410219,17.5,7.5,SMARTER_PIDenhanced,5,0,16.674904732366322,7.492344925936937,4.71830645976308,4.911839618476535,5.0
1688713200,sandy,2023,0.24136301680207625,0.2462021421410219,17.5,7.5,SMARTER_PIDenhanced,5,0,16.674904732366322,3.3788724562330463,4.71830645976308,4.959669476565156,0.0
1688799600,sandy,2023,0.34041542944929265,0.2462021421410219,17.5,7.5,SMARTER_PIDenhanced,5,20.876752981130753,16.674904732366322,6.518921569415171,4.71830645976308,5.058721889212373,0.0
1688886000,sandy,2023,-0.17528462301546302,0.34041542944929265,17.5,7.5,SMARTER_PIDenhanced,5,0,20.876752981130753,7.0675670514600375,4.71830645976308,4.543021836747617,0.0
1688972400,sandy,2023,-0.0019833995926563912,0.34041542944929265,17.5,7.5,SMARTER_PIDenhanced,5,0,20.876752981130753,6.961944041187434,4.71830645976308,4.716323060170424,0.0
1689058800,sandy,2023,0.19001301107280694,0.34041542944929265,17.5,7.5,SMARTER_PIDenhanced,5,0,20.876752981130753,7.523781176422247,4.71830645976308,4.908319470835887,0.0
1689145200,sandy,2023,0.3502985599082606,0.34041542944929265,17.5,7.5,SMARTER_PIDenhanced,5,0,20.876752981130753,7.806608352298979,4.71830645976308,5.068605019671341,0.0
1689231600,sandy,2023,0.48078778585033904,0.34041542944929265,17.5,7.5,SMARTER_PIDenhanced,5,26.939177612026608,20.876752981130753,7.714035948667738,4.71830645976308,5.199094245613419,22.8
1689318000,sandy,2023,-0.8159425047597728,0.48078778585033904,17.5,7.5,SMARTER_PIDenhanced,5,0,26.939177612026608,2.9961159428327533,4.71830645976308,3.9383359359552896,0.0
1689404400,sandy,2023,-0.6682373580328355,0.48078778585033904,17.5,7.5,SMARTER_PIDenhanced,5,0,26.939177612026608,5.390782029334142,4.71830645976308,4.050069101730245,0.0
1689490800,sandy,2023,-0.4047272591693845,0.48078778585033904,17.5,7.5,SMARTER_PIDenhanced,5,0,26.939177612026608,7.1090569971804145,4.71830645976308,4.313579200593696,0.0
1689577200,sandy,2023,-0.17263173433048135,0.48078778585033904,17.5,7.5,SMARTER_PIDenhanced,5,0,26.939177612026608,6.608581357186508,4.71830645976308,4.545674725432599,0.0
1689663600,sandy,2023,0.045811442714729034,0.48078778585033904,17.5,7.5,SMARTER_PIDenhanced,5,19.6706774275139,26.939177612026608,7.5003116982488045,4.71830645976308,4.7641179024778095,0.0
1689750000,sandy,2023,-0.3494624606666153,0.045811442714729034,17.5,7.5,SMARTER_PIDenhanced,5,0,19.6706774275139,7.063404491828016,4.71830645976308,4.368843999096465,0.0
1689836400,sandy,2023,-0.09256617996933399,0.045811442714729034,17.5,7.5,SMARTER_PIDenhanced,5,0,19.6706774275139,7.949048805371062,4.71830645976308,4.625740279793746,0.0
1689922800,sandy,2023,0.09229720254851563,0.045811442714729034,17.5,7.5,SMARTER_PIDenhanced,5,0,19.6706774275139,6.202164075023188,4.71830645976308,4.810603662311596,0.0
1719126000,sandy,2024,-0.6661195040992536,0,17.5,7.5,SMARTER_PIDenhanced,5,0,0,1.6632265501860408,4.71830645976308,4.052186955663827,1.7999999999999998
1719212400,sandy,2024,-0.7534247343760541,-0.6661195040992536,17.5,7.5,SMARTER_PIDenhanced,5,0,0,1.5856569477409397,4.71830645976308,3.964881725387026,5.8
1719298800,sandy,2024,-0.8197174026101838,-0.6661195040992536,17.5,7.5,SMARTER_PIDenhanced,5,0,0,1.6430199437714739,4.71830645976308,3.8985890571528965,12.6
1719385200,sandy,2024,-0.9340528238009618,-0.6661195040992536,17.5,7.5,SMARTER_PIDenhanced,5,0,0,3.7360647761286776,4.71830645976308,3.7842536359621186,1.0
1719471600,sandy,2024,-0.910323674887486,-0.6661195040992536,17.5,7.5,SMARTER_PIDenhanced,5,0,0,3.2830581050375076,4.71830645976308,3.8079827848755943,0.0
1719558000,sandy,2024,-0.6595301110247399,-0.6661195040992536,17.5,7.5,SMARTER_PIDenhanced,5,0,0,8.105450401178516,4.71830645976308,4.05877634873834,0.0
1719644400,sandy,2024,-0.452282082029348,-0.6595301110247399,17.5,7.5,SMARTER_PIDenhanced,5,0,0,6.855392222915658,4.71830645976308,4.266024377733732,0.0
1719730800,sandy,2024,-0.2852475080969843,-0.6595301110247399,17.5,7.5,SMARTER_PIDenhanced,5,0,0,6.275478723242181,4.71830645976308,4.433058951666096,0.0
1719817200,sandy,2024,-0.0877885670606165,-0.6595301110247399,17.5,7.5,SMARTER_PIDenhanced,5,0,0,9.008052630760128,4.71830645976308,4.630517892702464,0.0
1719903600,sandy,2024,0.0319915229283233,-0.6595301110247399,17.5,7.5,SMARTER_PIDenhanced,5,0,0,6.40343719338403,4.71830645976308,4.750297982691404,0.0
1719990000,sandy,2024,0.14416992323109115,-0.6595301110247399,17.5,7.5,SMARTER_PIDenhanced,5,15.146025023710227,0,6.828302846826217,4.71830645976308,4.8624763829941715,0.0
1720076400,sandy,2024,-0.23038620191313838,0.14416992323109115,17.5,7.5,SMARTER_PIDenhanced,5,0,15.146025023710227,3.501203041998366,4.71830645976308,4.487920257849942,0.0
1720162800,sandy,2024,-0.12861337298378323,0.14416992323109115,17.5,7.5,SMARTER_PIDenhanced,5,0,15.146025023710227,4.1107559323561444,4.71830645976308,4.589693086779297,0.0
1720249200,sandy,2024,0.05183089469034828,0.14416992323109115,17.5,7.5,SMARTER_PIDenhanced,5,0,15.146025023710227,7.570021332731803,4.71830645976308,4.7701373544534285,0.0
1720335600,sandy,2024,0.21441130389812632,0.14416992323109115,17.5,7.5,SMARTER_PIDenhanced,5,0,15.146025023710227,8.236770338981968,4.71830645976308,4.9327177636612065,0.0
1720422000,sandy,2024,0.28019272673387957,0.14416992323109115,17.5,7.5,SMARTER_PIDenhanced,5,19.62786953551312,15.146025023710227,3.5751601774979624,4.71830645976308,4.99849918649696,0.0
1720508400,sandy,2024,-0.18592147815304938,0.28019272673387957,17.5,7.5,SMARTER_PIDenhanced,5,0,19.62786953551312,6.021523561190189,4.71830645976308,4.532384981610031,1.0
1720594800,sandy,2024,-0.026416170875465824,0.28019272673387957,17.5,7.5,SMARTER_PIDenhanced,5,0,19.62786953551312,6.408995121084742,4.71830645976308,4.691890288887614,0.0
1720681200,sandy,2024,0.15582410894523718,0.28019272673387957,17.5,7.5,SMARTER_PIDenhanced,5,0,19.62786953551312,7.100145056634385,4.71830645976308,4.874130568708318,0.0
1720767600,sandy,2024,0.33203046356002786,0.28019272673387957,17.5,7.5,SMARTER_PIDenhanced,5,0,19.62786953551312,8.417233027045325,4.71830645976308,5.050336923323108,0.0
1720854000,sandy,2024,0.49344363370789873,0.28019272673387957,17.5,7.5,SMARTER_PIDenhanced,5,27.060587660367695,19.62786953551312,9.478835789843245,4.71830645976308,5.211750093470979,0.0
1720940400,sandy,2024,-0.19779967010791344,0.49344363370789873,17.5,7.5,SMARTER_PIDenhanced,5,0,27.060587660367695,8.65408688020589,4.71830645976308,4.5209778264106735,0.0
1721026800,sandy,2024,0.018971305247933487,0.49344363370789873,17.5,7.5,SMARTER_PIDenhanced,5,0,27.060587660367695,8.038553013013921,4.71830645976308,4.737277765011013,0.0
1721113200,sandy,2024,0.23480719238547815,0.49344363370789873,17.5,7.5,SMARTER_PIDenhanced,5,0,27.060587660367695,8.079175888672749,4.71830645976308,4.953113652148558,0.0
1721199600,sandy,2024,0.4372728127280228,0.49344363370789873,17.5,7.5,SMARTER_PIDenhanced,5,0,27.060587660367695,9.89638188136864,4.71830645976308,5.155579272491103,0.0
1721286000,sandy,2024,0.5804584260390512,0.49344363370789873,17.5,7.5,SMARTER_PIDenhanced,5,32.936784721455744,27.060587660367695,8.856197692783795,4.71830645976308,5.2987648858021315,0.0
1721372400,sandy,2024,-0.3191019290972535,0.5804584260390512,17.5,7.5,SMARTER_PIDenhanced,5,0,32.936784721455744,8.59349226880255,4.71830645976308,4.409992184281105,0.0
1721458800,sandy,2024,-0.1300895814354675,0.5804584260390512,17.5,7.5,SMARTER_PIDenhanced,5,0,32.936784721455744,6.5994601364997925,4.71830645976308,4.5882168783276125,0.0
1721545200,sandy,2024,0.07443746514275768,0.5804584260390512,17.5,7.5,SMARTER_PIDenhanced,5,0,32.936784721455744,6.35886520949269,4.71830645976308,4.792743924905838,0.0
1625986800,cloamy,2021,0.1540847297511718,0,6.0,1.5,SMARTER_PIDenhanced,1,1.1556354731337883,0,7.909412676835701,4.71830645976308,4.872391189514252,0.0
1626073200,cloamy,2021,0.2656253842730892,0.1540847297511718,6.0,1.5,SMARTER_PIDenhanced,1,2.2233174766749264,1.1556354731337883,8.171899400888595,4.71830645976308,4.983931844036169,0.0
1626159600,cloamy,2021,0.3498902651857106,0.2656253842730892,6.0,1.5,SMARTER_PIDenhanced,1,3.253742159929221,2.2233174766749264,7.307248568315713,4.71830645976308,5.068196724948791,49.2
1626246000,cloamy,2021,-0.18672285834031435,0.3498902651857106,6.0,1.5,SMARTER_PIDenhanced,1,0,3.253742159929221,3.7200181370317593,4.71830645976308,4.571224210183391,0.0
1626332400,cloamy,2021,-0.21966956626014203,-0.18672285834031435,6.0,1.5,SMARTER_PIDenhanced,1,0,0,6.588938290136868,4.71830645976308,4.502430804959076,0.0
1626418800,cloamy,2021,-0.2002117969143518,-0.21966956626014203,6.0,1.5,SMARTER_PIDenhanced,1,0,0,4.2070949143533625,4.71830645976308,4.518094662848728,10.8
1626505200,cloamy,2021,-0.28702607149136244,-0.2002117969143518,6.0,1.5,SMARTER_PIDenhanced,1,0,0,1.7206288405645938,4.71830645976308,4.431898227097048,0.8
1626591600,cloamy,2021,-0.30984566999026364,-0.28702607149136244,6.0,1.5,SMARTER_PIDenhanced,1,0,0,2.3398193330169916,4.71830645976308,4.408460789772817,0.0
1626678000,cloamy,2021,-0.22461517296486233,-0.30984566999026364,6.0,1.5,SMARTER_PIDenhanced,1,0.17446022270511435,0,5.542148180411579,4.71830645976308,4.493691286798218,0.0
1626764400,cloamy,2021,-0.09086290720378104,-0.22461517296486233,6.0,1.5,SMARTER_PIDenhanced,1,0.8406794564659305,0.17446022270511435,6.336708517861463,4.71830645976308,4.627443552559299,0.0
1626850800,cloamy,2021,0.09657621620324072,-0.09086290720378104,6.0,1.5,SMARTER_PIDenhanced,1,2.110178521212922,0.8406794564659305,7.723088615724408,4.71830645976308,4.814882675966321,0.0
1626937200,cloamy,2021,0.23258717164317813,0.09657621620324072,6.0,1.5,SMARTER_PIDenhanced,1,3.275125011317314,2.110178521212922,6.384988487195638,4.71830645976308,4.950893631406259,0.0
1627023600,cloamy,2021,0.3334212669461663,0.23258717164317813,6.0,1.5,SMARTER_PIDenhanced,1,4.380261483554492,3.275125011317314,6.724001721462045,4.71830645976308,5.051727726709246,0.0
1627110000,cloamy,2021,0.3807049044349403,0.3334212669461663,6.0,1.5,SMARTER_PIDenhanced,1,5.235020665139547,4.380261483554492,6.639604206034317,4.71830645976308,5.099066168489095,0.0
1627196400,cloamy,2021,0.3796325092070296,0.3807049044349403,6.0,1.5,SMARTER_PIDenhanced,1,5.798035057582626,5.235020665139547,6.068344799075018,4.71830645976308,5.100655208182097,0.0
1627282800,cloamy,2021,0.31855965433656697,0.3796325092070296,6.0,1.5,SMARTER_PIDenhanced,1,5.909437409864701,5.798035057582626,3.7441148307248353,4.71830645976308,5.046323407735271,0.0
1627369200,cloamy,2021,0.2719159245803568,0.31855965433656697,6.0,1.5,SMARTER_PIDenhanced,1,6.037448918197976,5.909437409864701,5.25782491390273,4.71830645976308,5.005403053548115,1.0
1627455600,cloamy,2021,0.1934676583197754,0.2719159245803568,6.0,1.5,SMARTER_PIDenhanced,1,5.856960808114151,6.037448918197976,4.067188753317478,4.71830645976308,4.934366872582772,0.0
1627542000,cloamy,2021,0.13938651407305475,0.1934676583197754,6.0,1.5,SMARTER_PIDenhanced,1,5.741553713743409,5.856960808114151,5.501441403272102,4.71830645976308,4.882904686800531,0.0
1627628400,cloamy,2021,0.11366868753133275,0.13938651407305475,6.0,1.5,SMARTER_PIDenhanced,1,5.757749785790076,5.741553713743409,7.363960029273559,4.71830645976308,4.8566247428268,0.0
1627714800,cloamy,2021,0.09940675574244107,0.11366868753133275,6.0,1.5,SMARTER_PIDenhanced,1,5.821288328670388,5.757749785790076,8.127164249908118,4.71830645976308,4.842048810751939,0.0
1627801200,cloamy,2021,0.06947553665509561,0.09940675574244107,6.0,1.5,SMARTER_PIDenhanced,1,5.745914319128958,5.821288328670388,7.011084171391055,4.71830645976308,4.8174945075950735,9.0
1627887600,cloamy,2021,-0.01870408349033988,0.06947553665509561,6.0,1.5,SMARTER_PIDenhanced,1,5.1887804730208344,5.745914319128958,7.304828236834061,4.71830645976308,4.742150136058608,0.0
1627974000,cloamy,2021,-0.05873008809293591,-0.01870408349033988,6.0,1.5,SMARTER_PIDenhanced,1,4.860529313265855,5.1887804730208344,7.320018177389831,4.71830645976308,4.694121305919455,0.0
1628060400,cloamy,2021,-0.056414705805029663,-0.05873008809293591,6.0,1.5,SMARTER_PIDenhanced,1,4.789799548285748,4.860529313265855,8.239496207860649,4.71830645976308,4.688780921847576,0.0
1628146800,cloamy,2021,-0.09624462653324915,-0.056414705805029663,6.0,1.5,SMARTER_PIDenhanced,1,4.406453084116556,4.789799548285748,4.198759507591638,4.71830645976308,4.649139934353547,0.0
1628233200,cloamy,2021,-0.057469280693938196,-0.09624462653324915,6.0,1.5,SMARTER_PIDenhanced,1,4.552901238111515,4.406453084116556,8.25634687060054,4.71830645976308,4.6796390484076955,0.0
1628319600,cloamy,2021,-0.020261623859256755,-0.057469280693938196,6.0,1.5,SMARTER_PIDenhanced,1,4.745754743330719,4.552901238111515,7.823891414052509,4.71830645976308,4.7145650714021725,0.0
1628406000,cloamy,2021,0.0016812654464576629,-0.020261623859256755,6.0,1.5,SMARTER_PIDenhanced,1,4.879933977334692,4.745754743330719,6.8058425683475985,4.71830645976308,4.736488033693004,0.0
1628492400,cloamy,2021,0.04386633338421369,0.0016812654464576629,6.0,1.5,SMARTER_PIDenhanced,1,5.198843885037549,4.879933977334692,8.235329351972808,4.71830645976308,4.777251613546546,0.0
1655967600,cloamy,2022,-0.33161566858612057,0,6.0,1.5,SMARTER_PIDenhanced,1,0,0,5.915965904891959,4.71830645976308,4.386690791176959,0.0
1656054000,cloamy,2022,-0.2564229202880146,-0.33161566858612057,6.0,1.5,SMARTER_PIDenhanced,1,0.06652210935661385,0,5.717907755951627,4.71830645976308,4.461883539475066,0.0
1656140400,cloamy,2022,-0.11930026319490693,-0.2564229202880146,6.0,1.5,SMARTER_PIDenhanced,1,0.7103076571228994,0.06652210935661385,9.203948870710635,4.71830645976308,4.599006196568173,0.0
1656226800,cloamy,2022,0.024923003318826825,-0.11930026319490693,6.0,1.5,SMARTER_PIDenhanced,1,1.613031761183542,0.7103076571228994,9.569797117975432,4.71830645976308,4.743229463081907,0.0
1656313200,cloamy,2022,0.14601209518909053,0.024923003318826825,6.0,1.5,SMARTER_PIDenhanced,1,2.55858445518876,1.613031761183542,8.693094774412245,4.71830645976308,4.86431855495217,0.0
1656399600,cloamy,2022,0.2239486716549999,0.14601209518909053,6.0,1.5,SMARTER_PIDenhanced,1,3.362126921466716,2.55858445518876,7.460713537351751,4.71830645976308,4.94225513141808,1.6
1656486000,cloamy,2022,0.19819188297480977,0.2239486716549999,6.0,1.5,SMARTER_PIDenhanced,1,3.50487401384779,3.362126921466716,1.8323231735051733,4.71830645976308,4.91649834273789,0.0
1656572400,cloamy,2022,0.2379378955961688,0.19819188297480977,6.0,1.5,SMARTER_PIDenhanced,1,4.100256932970198,3.50487401384779,6.425725286268609,4.71830645976308,4.9562443553592495,0.0
1656658800,cloamy,2022,0.28983298581619216,0.2379378955961688,6.0,1.5,SMARTER_PIDenhanced,1,4.846376953014627,4.100256932970198,8.481182130641368,4.71830645976308,5.008139445579272,0.0
1656745200,cloamy,2022,0.33854154686369164,0.28983298581619216,6.0,1.5,SMARTER_PIDenhanced,1,5.646440639595161,4.846376953014627,9.684100900879589,4.71830645976308,5.057171914854539,0.0
1656831600,cloamy,2022,0.3439313140940433,0.33854154686369164,6.0,1.5,SMARTER_PIDenhanced,1,6.194676214118336,5.646440639595161,7.875822878948619,4.71830645976308,5.0649663484468785,0.0
1656918000,cloamy,2022,0.34932115503606403,0.3439313140940433,6.0,1.5,SMARTER_PIDenhanced,1,6.750996992324556,6.194676214118336,8.846129638751195,4.71830645976308,5.073126084984469,0.0
1657004400,cloamy,2022,0.337394067890408,0.34932115503606403,6.0,1.5,SMARTER_PIDenhanced,1,7.185525571286231,6.750996992324556,8.353871892123982,4.71830645976308,5.065496516303411,0.0
1657090800,cloamy,2022,0.30736970301245103,0.337394067890408,6.0,1.5,SMARTER_PIDenhanced,1,7.4664339365371655,7.185525571286231,8.10868026961472,4.71830645976308,5.041115219476586,0.0
1657177200,cloamy,2022,0.23252985740320264,0.30736970301245103,6.0,1.5,SMARTER_PIDenhanced,1,7.366189648986479,7.4664339365371655,5.27960920736311,4.71830645976308,4.973995865546152,11.6
1657263600,cloamy,2022,0.14999755490706443,0.23252985740320264,6.0,1.5,SMARTER_PIDenhanced,1,7.095992166370246,7.366189648986479,7.275206390354677,4.71830645976308,4.912876827087692,0.0
1657350000,cloamy,2022,0.08701118523459159,0.14999755490706443,6.0,1.5,SMARTER_PIDenhanced,1,6.848590726187296,7.095992166370246,7.121172904786319,4.71830645976308,4.846225705337425,0.0
1657436400,cloamy,2022,0.061351954041706826,0.08701118523459159,6.0,1.5,SMARTER_PIDenhanced,1,6.786663270092547,6.848590726187296,7.612583271961939,4.71830645976308,4.8169760270813,0.0
1657522800,cloamy,2022,0.06423433658848092,0.061351954041706826,6.0,1.5,SMARTER_PIDenhanced,1,6.900309070255914,6.786663270092547,8.472336750464112,4.71830645976308,4.8163967363694615,0.0
1657609200,cloamy,2022,0.050189842010013336,0.06423433658848092,6.0,1.5,SMARTER_PIDenhanced,1,6.891326865800129,6.900309070255914,7.4879930375083275,4.71830645976308,4.803615137701788,0.0
1657695600,cloamy,2022,0.004640852151251497,0.050189842010013336,6.0,1.5,SMARTER_PIDenhanced,1,6.624994204874436,6.891326865800129,5.439558555641069,4.71830645976308,4.762326144367478,0.0
1657782000,cloamy,2022,0.02032880480869229,0.004640852151251497,6.0,1.5,SMARTER_PIDenhanced,1,6.7496151280321195,6.624994204874436,8.254676604732598,4.71830645976308,4.773883471154033,0.0
1657868400,cloamy,2022,0.06489687361007092,0.02032880480869229,6.0,1.5,SMARTER_PIDenhanced,1,7.114368851255498,6.7496151280321195,9.447916516172471,4.71830645976308,4.814546274886692,0.0
1657954800,cloamy,2022,0.09290547938945008,0.06489687361007092,6.0,1.5,SMARTER_PIDenhanced,1,7.4217787050159485,7.114368851255498,8.968687582898376,4.71830645976308,4.842736540710852,0.0
1658041200,cloamy,2022,0.0880288044524616,0.09290547938945008,6.0,1.5,SMARTER_PIDenhanced,1,7.5245618620727095,7.4217787050159485,7.701644419417017,4.71830645976308,4.841359728418196,0.0
1658127600,cloamy,2022,0.07017099787876538,0.0880288044524616,6.0,1.5,SMARTER_PIDenhanced,1,7.52267151944868,7.5245618620727095,7.236620092977568,4.71830645976308,4.826778080919051,0.0
1658214000,cloamy,2022,0.0691490007852318,0.07017099787876538,6.0,1.5,SMARTER_PIDenhanced,1,7.620263038065327,7.52267151944868,7.976539558735554,4.71830645976308,4.826406077620347,0.0
1658300400,cloamy,2022,0.09100272512581316,0.0691490007852318,6.0,1.5,SMARTER_PIDenhanced,1,7.887889471797536,7.620263038065327,9.031637030513592,4.71830645976308,4.847215593828739,0.0
1658386800,cloamy,2022,0.09508342206588755,0.09100272512581316,6.0,1.5,SMARTER_PIDenhanced,1,8.054998786536814,7.887889471797536,8.523521442036436,4.71830645976308,4.8528191254010515,0.0
1687503600,cloamy,2023,-0.5785463241166519,0,6.0,1.5,SMARTER_PIDenhanced,1,0,0,6.420277994663035,4.71830645976308,4.139760135646428,0.0
1687590000,cloamy,2023,-0.46209314101980364,-0.5785463241166519,6.0,1.5,SMARTER_PIDenhanced,1,0,0,6.3387606045021405,4.71830645976308,4.256213318743277,0.0
1687676400,cloamy,2023,-0.3297361024204429,-0.46209314101980364,6.0,1.5,SMARTER_PIDenhanced,1,0.29953807796550025,0,7.077332335884068,4.71830645976308,4.388570357342638,0.0
1687762800,cloamy,2023,-0.21459804220347956,-0.3297361024204429,6.0,1.5,SMARTER_PIDenhanced,1,0.6684693759620608,0.29953807796550025,6.229180911248416,4.71830645976308,4.503708417559601,0.0
1687849200,cloamy,2023,-0.07979837908041927,-0.21459804220347956,6.0,1.5,SMARTER_PIDenhanced,1,1.3575697860797937,0.6684693759620608,7.717627618312005,4.71830645976308,4.638508080682661,0.0
1687935600,cloamy,2023,0.051036618815045384,-0.07979837908041927,6.0,1.5,SMARTER_PIDenhanced,1,2.2191347016751495,1.3575697860797937,8.190146658736474,4.71830645976308,4.7693430785781254,0.0
1688022000,cloamy,2023,0.0628951015809611,0.051036618815045384,6.0,1.5,SMARTER_PIDenhanced,1,2.384628250642085,2.2191347016751495,2.6534944981591777,4.71830645976308,4.781201561344042,0.0
1688108400,cloamy,2023,0.1560786767850064,0.0628951015809611,6.0,1.5,SMARTER_PIDenhanced,1,3.1778477170438664,2.384628250642085,7.8119211404442055,4.71830645976308,4.874385136548087,0.0
1688194800,cloamy,2023,0.14935837050418543,0.1560786767850064,6.0,1.5,SMARTER_PIDenhanced,1,3.361563435115219,3.1778477170438664,2.989408376370308,4.71830645976308,4.867664830267266,0.0
1688281200,cloamy,2023,0.14628485312399925,0.14935837050418543,6.0,1.5,SMARTER_PIDenhanced,1,3.5625496105201004,3.361563435115219,3.6286065346203205,4.71830645976308,4.86459131288708,0.0
1688367600,cloamy,2023,0.17667383065225695,0.14628485312399925,6.0,1.5,SMARTER_PIDenhanced,1,4.0098942216680316,3.5625496105201004,5.9091258835011,4.71830645976308,4.894980290415337,0.0
1688454000,cloamy,2023,0.20952317338157656,0.17667383065225695,6.0,1.5,SMARTER_PIDenhanced,1,4.521275038116314,4.0098942216680316,6.621532339824514,4.71830645976308,4.928026355025859,0.0
1688540400,cloamy,2023,0.22550062760152578,0.20952317338157656,6.0,1.5,SMARTER_PIDenhanced,1,4.955390704838298,4.521275038116314,6.395412175418061,4.71830645976308,4.945129220784407,0.0
1688626800,cloamy,2023,0.2512334149782834,0.22550062760152578,6.0,1.5,SMARTER_PIDenhanced,1,5.486637551566269,4.955390704838298,7.492344925936937,4.71830645976308,4.97205878945153,5.0
1688713200,cloamy,2023,0.17754154589266272,0.2512334149782834,6.0,1.5,SMARTER_PIDenhanced,1,5.310798655891539,5.486637551566269,3.3788724562330463,4.71830645976308,4.907513302360075,0.0
1688799600,cloamy,2023,0.1695437244234054,0.17754154589266272,6.0,1.5,SMARTER_PIDenhanced,1,5.517127313711104,5.310798655891539,6.518921569415171,4.71830645976308,4.899579433770155,0.0
1688886000,cloamy,2023,0.1773861763874796,0.1695437244234054,6.0,1.5,SMARTER_PIDenhanced,1,5.830261290076768,5.517127313711104,7.0675670514600375,4.71830645976308,4.908421063050304,0.0
1688972400,cloamy,2023,0.17720813448733247,0.1773861763874796,6.0,1.5,SMARTER_PIDenhanced,1,6.095005240406884,5.830261290076768,6.961944041187434,4.71830645976308,4.9102680877677125,0.0
1689058800,cloamy,2023,0.18313734960177327,0.17720813448733247,6.0,1.5,SMARTER_PIDenhanced,1,6.405286555496189,6.095005240406884,7.523781176422247,4.71830645976308,4.9176062705472745,0.0
1689145200,cloamy,2023,0.1870134004985498,0.18313734960177327,6.0,1.5,SMARTER_PIDenhanced,1,6.709062961624673,6.405286555496189,7.806608352298979,4.71830645976308,4.92391715773231,0.0
1689231600,cloamy,2023,0.18226404956821465,0.1870134004985498,6.0,1.5,SMARTER_PIDenhanced,1,6.953962930394983,6.709062961624673,7.714035948667738,4.71830645976308,4.922246846183722,22.8
1689318000,cloamy,2023,-0.08375656025879122,0.18226404956821465,6.0,1.5,SMARTER_PIDenhanced,1,5.23220443104476,6.953962930394983,2.9961159428327533,4.71830645976308,4.708230692605522,0.0
1689404400,cloamy,2023,-0.1398470263298609,-0.08375656025879122,6.0,1.5,SMARTER_PIDenhanced,1,4.685891095123551,5.23220443104476,5.390782029334142,4.71830645976308,4.630818759312652,0.0
1689490800,cloamy,2023,-0.1081461605487956,-0.1398470263298609,6.0,1.5,SMARTER_PIDenhanced,1,4.713877048986749,4.685891095123551,7.1090569971804145,4.71830645976308,4.644378410153206,0.0
1689577200,cloamy,2023,-0.07561648341379562,-0.1081461605487956,6.0,1.5,SMARTER_PIDenhanced,1,4.795630386676056,4.713877048986749,6.608581357186508,4.71830645976308,4.668985077723709,0.0
1689663600,cloamy,2023,-0.01979768823637151,-0.07561648341379562,6.0,1.5,SMARTER_PIDenhanced,1,5.100846625386043,4.795630386676056,7.5003116982488045,4.71830645976308,4.71903830353895,0.0
1689750000,cloamy,2023,0.024376469048674607,-0.01979768823637151,6.0,1.5,SMARTER_PIDenhanced,1,5.4024562726693315,5.100846625386043,7.063404491828016,4.71830645976308,4.762063289165437,0.0
1689836400,cloamy,2023,0.08525097867006365,0.024376469048674607,6.0,1.5,SMARTER_PIDenhanced,1,5.895579798402761,5.4024562726693315,7.949048805371062,4.71830645976308,4.82172263842245,0.0
1689922800,cloamy,2023,0.09387567292031765,0.08525097867006365,6.0,1.5,SMARTER_PIDenhanced,1,6.088141473284762,5.895579798402761,6.202164075023188,4.71830645976308,4.8332438130905775,0.0
1719126000,cloamy,2024,-0.6176911353959775,0,6.0,1.5,SMARTER_PIDenhanced,1,0,0,1.6632265501860408,4.71830645976308,4.100615324367102,1.7999999999999998
1719212400,cloamy,2024,-0.636353238207011,-0.6176911353959775,6.0,1.5,SMARTER_PIDenhanced,1,0,0,1.5856569477409397,4.71830645976308,4.081953221556069,5.8
1719298800,cloamy,2024,-0.6603845557583246,-0.636353238207011,6.0,1.5,SMARTER_PIDenhanced,1,0,0,1.6430199437714739,4.71830645976308,4.057921904004756,12.6
1719385200,cloamy,2024,-0.6583217722312485,-0.6603845557583246,6.0,1.5,SMARTER_PIDenhanced,1,0,0,3.7360647761286776,4.71830645976308,4.0599846875318315,1.0
1719471600,cloamy,2024,-0.6784190088955133,-0.6583217722312485,6.0,1.5,SMARTER_PIDenhanced,1,0,0,3.2830581050375076,4.71830645976308,4.039887450867567,0.0
1719558000,cloamy,2024,-0.5612707002741859,-0.6784190088955133,6.0,1.5,SMARTER_PIDenhanced,1,0,0,8.105450401178516,4.71830645976308,4.1570357594888945,0.0
1719644400,cloamy,2024,-0.4476572934762048,-0.5612707002741859,6.0,1.5,SMARTER_PIDenhanced,1,0,0,6.855392222915658,4.71830645976308,4.2706491662868755,0.0
1719730800,cloamy,2024,-0.329465435674857,-0.4476572934762048,6.0,1.5,SMARTER_PIDenhanced,1,0.21495299329580153,0,6.275478723242181,4.71830645976308,4.388841024088223,0.0
1719817200,cloamy,2024,-0.1466731372376637,-0.329465435674857,6.0,1.5,SMARTER_PIDenhanced,1,1.0916970780624657,0.21495299329580153,9.008052630760128,4.71830645976308,4.571633322525416,0.0
1719903600,cloamy,2024,-0.022532807248338872,-0.1466731372376637,6.0,1.5,SMARTER_PIDenhanced,1,1.8027398471259064,1.0916970780624657,6.40343719338403,4.71830645976308,4.695773652514742,0.0
1719990000,cloamy,2024,0.08695801500767784,-0.022532807248338872,6.0,1.5,SMARTER_PIDenhanced,1,2.5901218031735236,1.8027398471259064,6.828302846826217,4.71830645976308,4.805264474770758,0.0
1720076400,cloamy,2024,0.11108831290788945,0.08695801500767784,6.0,1.5,SMARTER_PIDenhanced,1,2.9015360599366273,2.5901218031735236,3.501203041998366,4.71830645976308,4.82939477267097,0.0
1720162800,cloamy,2024,0.1433876637154169,0.11108831290788945,6.0,1.5,SMARTER_PIDenhanced,1,3.310413660354917,2.9015360599366273,4.1107559323561444,4.71830645976308,4.861694123478497,0.0
1720249200,cloamy,2024,0.22524708003085453,0.1433876637154169,6.0,1.5,SMARTER_PIDenhanced,1,4.1394407782938245,3.310413660354917,7.570021332731803,4.71830645976308,4.9435535397939345,0.0
1720335600,cloamy,2024,0.2885735395235284,0.22524708003085453,6.0,1.5,SMARTER_PIDenhanced,1,4.95225984453516,4.1394407782938245,8.236770338981968,4.71830645976308,5.006879999286609,0.0
1720422000,cloamy,2024,0.2528165269837074,0.2885735395235284,6.0,1.5,SMARTER_PIDenhanced,1,5.116942559771795,4.95225984453516,3.5751601774979624,4.71830645976308,4.97226830107502,0.0
1720508400,cloamy,2024,0.25488374917144624,0.2528165269837074,6.0,1.5,SMARTER_PIDenhanced,1,5.511671516655397,5.116942559771795,6.021523561190189,4.71830645976308,4.975829734521371,1.0
1720594800,cloamy,2024,0.25073447747630817,0.25488374917144624,6.0,1.5,SMARTER_PIDenhanced,1,5.862877602699031,5.511671516655397,6.408995121084742,4.71830645976308,4.9747518806159166,0.0
1720681200,cloamy,2024,0.2550774376894626,0.25073447747630817,6.0,1.5,SMARTER_PIDenhanced,1,6.271551520512152,5.862877602699031,7.100145056634385,4.71830645976308,4.981582379188781,0.0
1720767600,cloamy,2024,0.2745659697359511,0.2550774376894626,6.0,1.5,SMARTER_PIDenhanced,1,6.800331667395009,6.271551520512152,8.417233027045325,4.71830645976308,5.003381879332622,0.0
1720854000,cloamy,2024,0.30036553402507804,0.2745659697359511,6.0,1.5,SMARTER_PIDenhanced,1,7.405677354167389,6.800331667395009,9.478835789843245,4.71830645976308,5.031565345892867,0.0
1720940400,cloamy,2024,0.2962638333134825,0.30036553402507804,6.0,1.5,SMARTER_PIDenhanced,1,7.825462899868039,7.405677354167389,8.65408688020589,4.71830645976308,5.031931573168849,0.0
1721026800,cloamy,2024,0.2720825316560855,0.2962638333134825,6.0,1.5,SMARTER_PIDenhanced,1,8.088498887407784,7.825462899868039,8.038553013013921,4.71830645976308,5.0130467391065725,0.0
1721113200,cloamy,2024,0.24435553393139517,0.2720825316560855,6.0,1.5,SMARTER_PIDenhanced,1,8.288670201956736,8.088498887407784,8.079175888672749,4.71830645976308,4.990024464869713,0.0
1721199600,cloamy,2024,0.25095962868196786,0.24435553393139517,6.0,1.5,SMARTER_PIDenhanced,1,8.704734213483123,8.288670201956736,9.89638188136864,4.71830645976308,4.998119620006669,0.0
1721286000,cloamy,2024,0.23046373560527014,0.25095962868196786,6.0,1.5,SMARTER_PIDenhanced,1,8.927454458430843,8.704734213483123,8.856197692783795,4.71830645976308,4.982163979497703,0.0
1721372400,cloamy,2024,0.19939078634864502,0.23046373560527014,6.0,1.5,SMARTER_PIDenhanced,1,9.04010294241406,8.927454458430843,8.59349226880255,4.71830645976308,4.9562829590686235,0.0
1721458800,cloamy,2024,0.13112915366433664,0.19939078634864502,6.0,1.5,SMARTER_PIDenhanced,1,8.827226876804716,9.04010294241406,6.5994601364997925,4.71830645976308,4.897069806539228,0.0
1721545200,cloamy,2024,0.06118865447448221,0.13112915366433664,6.0,1.5,SMARTER_PIDenhanced,1,8.499366863377313,8.827226876804716,6.35886520949269,4.71830645976308,4.834161860353918,0.0
1625986800,cloamy,2021,0.1540847297511718,0,42.0,10.5,SMARTER_PIDenhanced,7,8.089448311936518,0,7.909412676835701,4.71830645976308,4.872391189514252,0.0
1626073200,cloamy,2021,0.16009396947565432,0.1540847297511718,42.0,10.5,SMARTER_PIDenhanced,7,0,8.089448311936518,8.171899400888595,4.71830645976308,4.886173815683007,0.0
1626159600,cloamy,2021,0.2545404318502239,0.1540847297511718,42.0,10.5,SMARTER_PIDenhanced,7,0,8.089448311936518,7.307248568315713,4.71830645976308,4.972846891613304,49.2
1626246000,cloamy,2021,-0.21741175495452122,0.1540847297511718,42.0,10.5,SMARTER_PIDenhanced,7,0,8.089448311936518,3.7200181370317593,4.71830645976308,4.541298365771259,0.0
1626332400,cloamy,2021,-0.25053784046126126,0.1540847297511718,42.0,10.5,SMARTER_PIDenhanced,7,0,8.089448311936518,6.588938290136868,4.71830645976308,4.472027919233464,0.0
1626418800,cloamy,2021,-0.23125594712179162,0.1540847297511718,42.0,10.5,SMARTER_PIDenhanced,7,0,8.089448311936518,4.2070949143533625,4.71830645976308,4.4870505126412885,10.8
1626505200,cloamy,2021,-0.3196354689918916,0.1540847297511718,42.0,10.5,SMARTER_PIDenhanced,7,0,8.089448311936518,1.7206288405645938,4.71830645976308,4.399549678333261,0.8
1626591600,cloamy,2021,-0.34092696302661313,0.1540847297511718,42.0,10.5,SMARTER_PIDenhanced,7,0,8.089448311936518,2.3398193330169916,4.71830645976308,4.377379496736467,0.0
1626678000,cloamy,2021,-0.2552949212437055,-0.34092696302661313,42.0,10.5,SMARTER_PIDenhanced,7,0,0,5.542148180411579,4.71830645976308,4.463011538519375,0.0
1626764400,cloamy,2021,-0.11941453469394031,-0.34092696302661313,42.0,10.5,SMARTER_PIDenhanced,7,0,0,6.336708517861463,4.71830645976308,4.59889192506914,0.0
1626850800,cloamy,2021,0.08316788950217972,-0.34092696302661313,42.0,10.5,SMARTER_PIDenhanced,7,0,0,7.723088615724408,4.71830645976308,4.80147434926526,0.0
1626937200,cloamy,2021,0.2647896258320017,-0.34092696302661313,42.0,10.5,SMARTER_PIDenhanced,7,0,0,6.384988487195638,4.71830645976308,4.983096085595082,0.0
1627023600,cloamy,2021,0.440123120893208,-0.34092696302661313,42.0,10.5,SMARTER_PIDenhanced,7,0,0,6.724001721462045,4.71830645976308,5.158429580656288,0.0
1627110000,cloamy,2021,0.5797653056474524,-0.34092696302661313,42.0,10.5,SMARTER_PIDenhanced,7,0,0,6.639604206034317,4.71830645976308,5.2980717654105325,0.0
1627196400,cloamy,2021,0.6856948325582141,-0.34092696302661313,42.0,10.5,SMARTER_PIDenhanced,7,50.31791115642399,0,6.068344799075018,4.71830645976308,5.404001292321294,0.0
1627282800,cloamy,2021,-0.12660350488298702,0.6856948325582141,42.0,10.5,SMARTER_PIDenhanced,7,0,50.31791115642399,3.7441148307248353,4.71830645976308,4.799766041280337,0.0
1627369200,cloamy,2021,-0.319182729538561,0.6856948325582141,42.0,10.5,SMARTER_PIDenhanced,7,0,50.31791115642399,5.25782491390273,4.71830645976308,4.501505179468262,1.0
1627455600,cloamy,2021,-0.33061848471041955,0.6856948325582141,42.0,10.5,SMARTER_PIDenhanced,7,0,50.31791115642399,4.067188753317478,4.71830645976308,4.418908527958738,0.0
1627542000,cloamy,2021,-0.2613883194623298,0.6856948325582141,42.0,10.5,SMARTER_PIDenhanced,7,0,50.31791115642399,5.501441403272102,4.71830645976308,4.457984086422626,0.0
1627628400,cloamy,2021,-0.1187441700067031,0.6856948325582141,42.0,10.5,SMARTER_PIDenhanced,7,0,50.31791115642399,7.363960029273559,4.71830645976308,4.599562289756377,0.0
1627714800,cloamy,2021,0.06117170085468104,0.6856948325582141,42.0,10.5,SMARTER_PIDenhanced,7,0,50.31791115642399,8.127164249908118,4.71830645976308,4.779478160617761,0.0
1627801200,cloamy,2021,0.23491358395840747,0.6856948325582141,42.0,10.5,SMARTER_PIDenhanced,7,33.85169134679539,50.31791115642399,7.011084171391055,4.71830645976308,4.953220043721488,9.0
1627887600,cloamy,2021,-0.2219510567825151,0.23491358395840747,42.0,10.5,SMARTER_PIDenhanced,7,0,33.85169134679539,7.304828236834061,4.71830645976308,4.667253363207776,0.0
1627974000,cloamy,2021,-0.2791333894922049,0.23491358395840747,42.0,10.5,SMARTER_PIDenhanced,7,0,33.85169134679539,7.320018177389831,4.71830645976308,4.5041007332969,0.0
1628060400,cloamy,2021,-0.2045643763223498,0.23491358395840747,42.0,10.5,SMARTER_PIDenhanced,7,0,33.85169134679539,8.239496207860649,4.71830645976308,4.5209265642064675,0.0
1628146800,cloamy,2021,-0.14721881215359992,0.23491358395840747,42.0,10.5,SMARTER_PIDenhanced,7,0,33.85169134679539,4.198759507591638,4.71830645976308,4.57108764760948,0.0
1628233200,cloamy,2021,0.021856242386394102,0.23491358395840747,42.0,10.5,SMARTER_PIDenhanced,7,0,33.85169134679539,8.25634687060054,4.71830645976308,4.740162702149474,0.0
1628319600,cloamy,2021,0.19984801445100145,0.23491358395840747,42.0,10.5,SMARTER_PIDenhanced,7,0,33.85169134679539,7.823891414052509,4.71830645976308,4.918154474214082,0.0
1628406000,cloamy,2021,0.3692144166333587,0.23491358395840747,42.0,10.5,SMARTER_PIDenhanced,7,43.36907769379361,33.85169134679539,6.8058425683475985,4.71830645976308,5.087520876396439,0.0
1628492400,cloamy,2021,-0.18306175328854948,0.3692144166333587,42.0,10.5,SMARTER_PIDenhanced,7,0,43.36907769379361,8.235329351972808,4.71830645976308,4.730542956642537,0.0
1655967600,cloamy,2022,-0.33161566858612057,0,42.0,10.5,SMARTER_PIDenhanced,7,0,0,5.915965904891959,4.71830645976308,4.386690791176959,0.0
1656054000,cloamy,2022,-0.2564229202880146,-0.33161566858612057,42.0,10.5,SMARTER_PIDenhanced,7,0,0,5.717907755951627,4.71830645976308,4.461883539475066,0.0
1656140400,cloamy,2022,-0.11878611099465455,-0.33161566858612057,42.0,10.5,SMARTER_PIDenhanced,7,0,0,9.203948870710635,4.71830645976308,4.599520348768426,0.0
1656226800,cloamy,2022,0.03226908248887721,-0.33161566858612057,42.0,10.5,SMARTER_PIDenhanced,7,0,0,9.569797117975432,4.71830645976308,4.7505755422519576,0.0
1656313200,cloamy,2022,0.1764480060681121,-0.33161566858612057,42.0,10.5,SMARTER_PIDenhanced,7,0,0,8.693094774412245,4.71830645976308,4.894754465831192,0.0
1656399600,cloamy,2022,0.2996261133460985,-0.33161566858612057,42.0,10.5,SMARTER_PIDenhanced,7,0,0,7.460713537351751,4.71830645976308,5.017932573109179,1.6
1656486000,cloamy,2022,0.3348868532143851,-0.33161566858612057,42.0,10.5,SMARTER_PIDenhanced,7,0,0,1.8323231735051733,4.71830645976308,5.0531933129774655,0.0
1656572400,cloamy,2022,0.43670429470904404,-0.33161566858612057,42.0,10.5,SMARTER_PIDenhanced,7,36.854833552841875,0,6.425725286268609,4.71830645976308,5.155010754472125,0.0
1656658800,cloamy,2022,-0.04379320673676593,0.43670429470904404,42.0,10.5,SMARTER_PIDenhanced,7,0,36.854833552841875,8.481182130641368,4.71830645976308,4.7916122854309355,0.0
1656745200,cloamy,2022,-0.005468315646018519,0.43670429470904404,42.0,10.5,SMARTER_PIDenhanced,7,0,36.854833552841875,9.684100900879589,4.71830645976308,4.73492786686698,0.0
1656831600,cloamy,2022,0.08515912543095007,0.43670429470904404,42.0,10.5,SMARTER_PIDenhanced,7,0,36.854833552841875,7.875822878948619,4.71830645976308,4.80346558519403,0.0
1656918000,cloamy,2022,0.2070724562614644,0.43670429470904404,42.0,10.5,SMARTER_PIDenhanced,7,0,36.854833552841875,8.846129638751195,4.71830645976308,4.9253789160245445,0.0
1657004400,cloamy,2022,0.33832344269879255,0.43670429470904404,42.0,10.5,SMARTER_PIDenhanced,7,0,36.854833552841875,8.353871892123982,4.71830645976308,5.056629902461872,0.0
1657090800,cloamy,2022,0.466044919497441,0.43670429470904404,42.0,10.5,SMARTER_PIDenhanced,7,0,36.854833552841875,8.10868026961472,4.71830645976308,5.184351379260521,0.0
1657177200,cloamy,2022,0.5502445319936714,0.43670429470904404,42.0,10.5,SMARTER_PIDenhanced,7,47.40109110472977,36.854833552841875,5.27960920736311,4.71830645976308,5.268550991756752,11.6
1657263600,cloamy,2022,-0.1713122399708189,0.5502445319936714,42.0,10.5,SMARTER_PIDenhanced,7,0,47.40109110472977,7.275206390354677,4.71830645976308,4.76730377552302,0.0
1657350000,cloamy,2022,-0.27157317983479196,0.5502445319936714,42.0,10.5,SMARTER_PIDenhanced,7,0,47.40109110472977,7.121172904786319,4.71830645976308,4.539915897946065,0.0
1657436400,cloamy,2022,-0.1897746167130341,0.5502445319936714,42.0,10.5,SMARTER_PIDenhanced,7,0,47.40109110472977,7.612583271961939,4.71830645976308,4.545148447116327,0.0
1657522800,cloamy,2022,-0.05833895143120245,0.5502445319936714,42.0,10.5,SMARTER_PIDenhanced,7,0,47.40109110472977,8.472336750464112,4.71830645976308,4.659967508331878,0.0
1657609200,cloamy,2022,0.06786326974579217,0.5502445319936714,42.0,10.5,SMARTER_PIDenhanced,7,0,47.40109110472977,7.4879930375083275,4.71830645976308,4.786169729508872,0.0
1657695600,cloamy,2022,0.17471600400015888,0.5502445319936714,42.0,10.5,SMARTER_PIDenhanced,7,0,47.40109110472977,5.439558555641069,4.71830645976308,4.893022463763239,0.0
1657782000,cloamy,2022,0.34671081294815925,0.5502445319936714,42.0,10.5,SMARTER_PIDenhanced,7,42.49313844077393,47.40109110472977,8.254676604732598,4.71830645976308,5.0650172727112395,0.0
1657868400,cloamy,2022,-0.1426275327185346,0.34671081294815925,42.0,10.5,SMARTER_PIDenhanced,7,0,42.49313844077393,9.447916516172471,4.71830645976308,4.754945751837649,0.0
1657954800,cloamy,2022,-0.13562245362029374,0.34671081294815925,42.0,10.5,SMARTER_PIDenhanced,7,0,42.49313844077393,8.968687582898376,4.71830645976308,4.64113934706136,0.0
1658041200,cloamy,2022,-0.03096097011983512,0.34671081294815925,42.0,10.5,SMARTER_PIDenhanced,7,0,42.49313844077393,7.701644419417017,4.71830645976308,4.69274527416961,0.0
1658127600,cloamy,2022,0.08966803903961601,0.34671081294815925,42.0,10.5,SMARTER_PIDenhanced,7,0,42.49313844077393,7.236620092977568,4.71830645976308,4.807974498802697,0.0
1658214000,cloamy,2022,0.2440885573038454,0.34671081294815925,42.0,10.5,SMARTER_PIDenhanced,7,0,42.49313844077393,7.976539558735554,4.71830645976308,4.9623950170669255,0.0
1658300400,cloamy,2022,0.4341431968418548,0.34671081294815925,42.0,10.5,SMARTER_PIDenhanced,7,0,42.49313844077393,9.031637030513592,4.71830645976308,5.152449656604935,0.0
1658386800,cloamy,2022,0.6007637877931036,0.34671081294815925,42.0,10.5,SMARTER_PIDenhanced,7,59.47138315608918,42.49313844077393,8.523521442036436,4.71830645976308,5.3190702475561835,0.0
1687503600,cloamy,2023,-0.5785463241166519,0,42.0,10.5,SMARTER_PIDenhanced,7,0,0,6.420277994663035,4.71830645976308,4.139760135646428,0.0
1687590000,cloamy,2023,-0.46209314101980364,-0.5785463241166519,42.0,10.5,SMARTER_PIDenhanced,7,0,0,6.3387606045021405,4.71830645976308,4.256213318743277,0.0
1687676400,cloamy,2023,-0.3297361024204429,-0.5785463241166519,42.0,10.5,SMARTER_PIDenhanced,7,0,0,7.077332335884068,4.71830645976308,4.388570357342638,0.0
1687762800,cloamy,2023,-0.21246545257668678,-0.5785463241166519,42.0,10.5,SMARTER_PIDenhanced,7,0,0,6.229180911248416,4.71830645976308,4.505841007186394,0.0
1687849200,cloamy,2023,-0.07009145299694593,-0.5785463241166519,42.0,10.5,SMARTER_PIDenhanced,7,0,0,7.717627618312005,4.71830645976308,4.648215006766135,0.0
1687935600,cloamy,2023,0.08171173890429247,-0.5785463241166519,42.0,10.5,SMARTER_PIDenhanced,7,0,0,8.190146658736474,4.71830645976308,4.800018198667373,0.0
1688022000,cloamy,2023,0.13139688524617774,-0.5785463241166519,42.0,10.5,SMARTER_PIDenhanced,7,0,0,2.6534944981591777,4.71830645976308,4.849703345009258,0.0
1688108400,cloamy,2023,0.27148295922235594,-0.5785463241166519,42.0,10.5,SMARTER_PIDenhanced,7,38.55180097207306,0,7.8119211404442055,4.71830645976308,4.989789418985437,0.0
1688194800,cloamy,2023,-0.2772350704983324,0.27148295922235594,42.0,10.5,SMARTER_PIDenhanced,7,0,38.55180097207306,2.989408376370308,4.71830645976308,4.576835417634794,0.0
1688281200,cloamy,2023,-0.343009335993117,0.27148295922235594,42.0,10.5,SMARTER_PIDenhanced,7,0,38.55180097207306,3.6286065346203205,4.71830645976308,4.420383901141705,0.0
1688367600,cloamy,2023,-0.27984890534705226,0.27148295922235594,42.0,10.5,SMARTER_PIDenhanced,7,0,38.55180097207306,5.9091258835011,4.71830645976308,4.442528512718996,0.0
1688454000,cloamy,2023,-0.17972615223246935,0.27148295922235594,42.0,10.5,SMARTER_PIDenhanced,7,0,38.55180097207306,6.621532339824514,4.71830645976308,4.538580307530611,0.0
1688540400,cloamy,2023,-0.07217439001367043,0.27148295922235594,42.0,10.5,SMARTER_PIDenhanced,7,0,38.55180097207306,6.395412175418061,4.71830645976308,4.6461320697494095,0.0
1688626800,cloamy,2023,0.06585451927610843,0.27148295922235594,42.0,10.5,SMARTER_PIDenhanced,7,0,38.55180097207306,7.492344925936937,4.71830645976308,4.784160979039188,5.0
1688713200,cloamy,2023,0.13116411140465922,0.27148295922235594,42.0,10.5,SMARTER_PIDenhanced,7,34.03563253347872,38.55180097207306,3.3788724562330463,4.71830645976308,4.849470571167739,0.0
1688799600,cloamy,2023,-0.28549262872030745,0.13116411140465922,42.0,10.5,SMARTER_PIDenhanced,7,0,34.03563253347872,6.518921569415171,4.71830645976308,4.590635599303445,0.0
1688886000,cloamy,2023,-0.2621632895977702,0.13116411140465922,42.0,10.5,SMARTER_PIDenhanced,7,0,34.03563253347872,7.0675670514600375,4.71830645976308,4.504144493817912,0.0
1688972400,cloamy,2023,-0.1692921850688015,0.13116411140465922,42.0,10.5,SMARTER_PIDenhanced,7,0,34.03563253347872,6.961944041187434,4.71830645976308,4.552804465649602,0.0
1689058800,cloamy,2023,-0.04651389014274835,0.13116411140465922,42.0,10.5,SMARTER_PIDenhanced,7,0,34.03563253347872,7.523781176422247,4.71830645976308,4.671792569620332,0.0
1689145200,cloamy,2023,0.0950039787668763,0.13116411140465922,42.0,10.5,SMARTER_PIDenhanced,7,0,34.03563253347872,7.806608352298979,4.71830645976308,4.813310438529957,0.0
1689231600,cloamy,2023,0.24555330887135823,0.13116411140465922,42.0,10.5,SMARTER_PIDenhanced,7,0,34.03563253347872,7.714035948667738,4.71830645976308,4.963859768634438,22.8
1689318000,cloamy,2023,0.21551652376843275,0.13116411140465922,42.0,10.5,SMARTER_PIDenhanced,7,39.84135735232575,34.03563253347872,2.9961159428327533,4.71830645976308,4.933822983531513,0.0
1689404400,cloamy,2023,-0.37895464614032714,0.21551652376843275,42.0,10.5,SMARTER_PIDenhanced,7,0,39.84135735232575,5.390782029334142,4.71830645976308,4.572804071319425,0.0
1689490800,cloamy,2023,-0.40563077151835786,0.21551652376843275,42.0,10.5,SMARTER_PIDenhanced,7,0,39.84135735232575,7.1090569971804145,4.71830645976308,4.410869119924174,0.0
1689577200,cloamy,2023,-0.32287402087466993,0.21551652376843275,42.0,10.5,SMARTER_PIDenhanced,7,0,39.84135735232575,6.608581357186508,4.71830645976308,4.41692806336047,0.0
1689663600,cloamy,2023,-0.18987303612657702,0.21551652376843275,42.0,10.5,SMARTER_PIDenhanced,7,0,39.84135735232575,7.5003116982488045,4.71830645976308,4.528433423636503,0.0
1689750000,cloamy,2023,-0.04722116288851505,0.21551652376843275,42.0,10.5,SMARTER_PIDenhanced,7,0,39.84135735232575,7.063404491828016,4.71830645976308,4.6710852968745655,0.0
1689836400,cloamy,2023,0.12894708086799697,0.21551652376843275,42.0,10.5,SMARTER_PIDenhanced,7,0,39.84135735232575,7.949048805371062,4.71830645976308,4.847253540631077,0.0
1689922800,cloamy,2023,0.2733945277680475,0.21551652376843275,42.0,10.5,SMARTER_PIDenhanced,7,45.14287606187407,39.84135735232575,6.202164075023188,4.71830645976308,4.991700987531128,0.0
1719126000,cloamy,2024,-0.6176911353959775,0,42.0,10.5,SMARTER_PIDenhanced,7,0,0,1.6632265501860408,4.71830645976308,4.100615324367102,1.7999999999999998
1719212400,cloamy,2024,-0.636353238207011,-0.6176911353959775,42.0,10.5,SMARTER_PIDenhanced,7,0,0,1.5856569477409397,4.71830645976308,4.081953221556069,5.8
1719298800,cloamy,2024,-0.6603845557583246,-0.6176911353959775,42.0,10.5,SMARTER_PIDenhanced,7,0,0,1.6430199437714739,4.71830645976308,4.057921904004756,12.6
1719385200,cloamy,2024,-0.6583217722312485,-0.6176911353959775,42.0,10.5,SMARTER_PIDenhanced,7,0,0,3.7360647761286776,4.71830645976308,4.0599846875318315,1.0
1719471600,cloamy,2024,-0.6784190088955133,-0.6176911353959775,42.0,10.5,SMARTER_PIDenhanced,7,0,0,3.2830581050375076,4.71830645976308,4.039887450867567,0.0
1719558000,cloamy,2024,-0.5612707002741859,-0.6176911353959775,42.0,10.5,SMARTER_PIDenhanced,7,0,0,8.105450401178516,4.71830645976308,4.1570357594888945,0.0
1719644400,cloamy,2024,-0.4476572934762048,-0.6176911353959775,42.0,10.5,SMARTER_PIDenhanced,7,0,0,6.855392222915658,4.71830645976308,4.2706491662868755,0.0
1719730800,cloamy,2024,-0.329465435674857,-0.6176911353959775,42.0,10.5,SMARTER_PIDenhanced,7,8.646092313701065,0,6.275478723242181,4.71830645976308,4.388841024088223,0.0
1719817200,cloamy,2024,-0.2742811709849405,-0.329465435674857,42.0,10.5,SMARTER_PIDenhanced,7,0,8.646092313701065,9.008052630760128,4.71830645976308,4.4481105666964895,0.0
1719903600,cloamy,2024,-0.16035253444836778,-0.329465435674857,42.0,10.5,SMARTER_PIDenhanced,7,0,8.646092313701065,6.40343719338403,4.71830645976308,4.557953925314712,0.0
1719990000,cloamy,2024,-0.03603167666730014,-0.329465435674857,42.0,10.5,SMARTER_PIDenhanced,7,0,8.646092313701065,6.828302846826217,4.71830645976308,4.68227478309578,0.0
1720076400,cloamy,2024,0.031054921764549458,-0.329465435674857,42.0,10.5,SMARTER_PIDenhanced,7,0,8.646092313701065,3.501203041998366,4.71830645976308,4.749361381527629,0.0
1720162800,cloamy,2024,0.11717427811193637,-0.329465435674857,42.0,10.5,SMARTER_PIDenhanced,7,0,8.646092313701065,4.1107559323561444,4.71830645976308,4.835480737875017,0.0
1720249200,cloamy,2024,0.27154332803113324,-0.329465435674857,42.0,10.5,SMARTER_PIDenhanced,7,0,8.646092313701065,7.570021332731803,4.71830645976308,4.989849787794213,0.0
1720335600,cloamy,2024,0.4188855639530589,-0.329465435674857,42.0,10.5,SMARTER_PIDenhanced,7,44.47513271958066,8.646092313701065,8.236770338981968,4.71830645976308,5.137192023716139,0.0
1720422000,cloamy,2024,-0.2396696207352724,0.4188855639530589,42.0,10.5,SMARTER_PIDenhanced,7,0,44.47513271958066,3.5751601774979624,4.71830645976308,4.647338096430217,0.0
1720508400,cloamy,2024,-0.29580433295626857,0.4188855639530589,42.0,10.5,SMARTER_PIDenhanced,7,0,44.47513271958066,6.021523561190189,4.71830645976308,4.483972549296766,1.0
1720594800,cloamy,2024,-0.21921332580850675,0.4188855639530589,42.0,10.5,SMARTER_PIDenhanced,7,0,44.47513271958066,6.408995121084742,4.71830645976308,4.507861823283413,0.0
1720681200,cloamy,2024,-0.10398256842856302,0.4188855639530589,42.0,10.5,SMARTER_PIDenhanced,7,0,44.47513271958066,7.100145056634385,4.71830645976308,4.614323891334517,0.0
1720767600,cloamy,2024,0.05219264543037194,0.4188855639530589,42.0,10.5,SMARTER_PIDenhanced,7,0,44.47513271958066,8.417233027045325,4.71830645976308,4.770499105193452,0.0
1720854000,cloamy,2024,0.246562625783448,0.4188855639530589,42.0,10.5,SMARTER_PIDenhanced,7,0,44.47513271958066,9.478835789843245,4.71830645976308,4.964869085546528,0.0
1720940400,cloamy,2024,0.42678529085997075,0.4188855639530589,42.0,10.5,SMARTER_PIDenhanced,7,49.28816680370064,44.47513271958066,8.65408688020589,4.71830645976308,5.145091750623051,0.0
1721026800,cloamy,2024,-0.21045896851480458,0.42678529085997075,42.0,10.5,SMARTER_PIDenhanced,7,0,49.28816680370064,8.038553013013921,4.71830645976308,4.722416480395489,0.0
1721113200,cloamy,2024,-0.2554932073172227,0.42678529085997075,42.0,10.5,SMARTER_PIDenhanced,7,0,49.28816680370064,8.079175888672749,4.71830645976308,4.547818976416925,0.0
1721199600,cloamy,2024,-0.10093434987918071,0.42678529085997075,42.0,10.5,SMARTER_PIDenhanced,7,0,49.28816680370064,9.89638188136864,4.71830645976308,4.626276953400483,0.0
1721286000,cloamy,2024,0.05487959238535403,0.42678529085997075,42.0,10.5,SMARTER_PIDenhanced,7,0,49.28816680370064,8.856197692783795,4.71830645976308,4.773186052148434,0.0
1721372400,cloamy,2024,0.2223852979802735,0.42678529085997075,42.0,10.5,SMARTER_PIDenhanced,7,0,49.28816680370064,8.59349226880255,4.71830645976308,4.940691757743354,0.0
1721458800,cloamy,2024,0.3620310182975952,0.42678529085997075,42.0,10.5,SMARTER_PIDenhanced,7,0,49.28816680370064,6.5994601364997925,4.71830645976308,5.080337478060676,0.0
1721545200,cloamy,2024,0.49514045091023706,0.42678529085997075,42.0,10.5,SMARTER_PIDenhanced,7,57.35805826036931,49.28816680370064,6.35886520949269,4.71830645976308,5.2134469106733174,0.0
1625986800,cloamy,2021,0.1540847297511718,0,30.0,7.5,SMARTER_PIDenhanced,5,5.778177365668943,0,7.909412676835701,4.71830645976308,4.872391189514252,0.0
1626073200,cloamy,2021,0.19690660184772515,0.1540847297511718,30.0,7.5,SMARTER_PIDenhanced,5,0,5.778177365668943,8.171899400888595,4.71830645976308,4.916352830288078,0.0
1626159600,cloamy,2021,0.2985983623628957,0.1540847297511718,30.0,7.5,SMARTER_PIDenhanced,5,0,5.778177365668943,7.307248568315713,4.71830645976308,5.0169048221259755,49.2
1626246000,cloamy,2021,-0.16447859805480133,0.1540847297511718,30.0,7.5,SMARTER_PIDenhanced,5,0,5.778177365668943,3.7200181370317593,4.71830645976308,4.583992046850495,0.0
1626332400,cloamy,2021,-0.1925597637541747,0.1540847297511718,30.0,7.5,SMARTER_PIDenhanced,5,0,5.778177365668943,6.588938290136868,4.71830645976308,4.527136484863294,0.0
1626418800,cloamy,2021,-0.17053500681850467,0.1540847297511718,30.0,7.5,SMARTER_PIDenhanced,5,0,5.778177365668943,4.2070949143533625,4.71830645976308,4.547771452944575,10.8
1626505200,cloamy,2021,-0.2546643266416947,-0.17053500681850467,30.0,7.5,SMARTER_PIDenhanced,5,0,0,1.7206288405645938,4.71830645976308,4.463642133121385,0.8
1626591600,cloamy,2021,-0.2767979555755215,-0.17053500681850467,30.0,7.5,SMARTER_PIDenhanced,5,0,0,2.3398193330169916,4.71830645976308,4.441508504187559,0.0
1626678000,cloamy,2021,-0.19123113066346453,-0.17053500681850467,30.0,7.5,SMARTER_PIDenhanced,5,0,0,5.542148180411579,4.71830645976308,4.527075329099616,0.0
1626764400,cloamy,2021,-0.05469176828302607,-0.17053500681850467,30.0,7.5,SMARTER_PIDenhanced,5,0,0,6.336708517861463,4.71830645976308,4.6636146914800545,0.0
1626850800,cloamy,2021,0.14609412840869035,-0.17053500681850467,30.0,7.5,SMARTER_PIDenhanced,5,10.594580019881029,0,7.723088615724408,4.71830645976308,4.864400588171771,0.0
1626937200,cloamy,2021,0.13070458486984893,0.14609412840869035,30.0,7.5,SMARTER_PIDenhanced,5,0,10.594580019881029,6.384988487195638,4.71830645976308,4.8607321684674005,0.0
1627023600,cloamy,2021,0.2541227017799289,0.14609412840869035,30.0,7.5,SMARTER_PIDenhanced,5,0,10.594580019881029,6.724001721462045,4.71830645976308,4.972429161543009,0.0
1627110000,cloamy,2021,0.3835053312570858,0.14609412840869035,30.0,7.5,SMARTER_PIDenhanced,5,0,10.594580019881029,6.639604206034317,4.71830645976308,5.101811791020166,0.0
1627196400,cloamy,2021,0.5006859262929173,0.14609412840869035,30.0,7.5,SMARTER_PIDenhanced,5,0,10.594580019881029,6.068344799075018,4.71830645976308,5.218992386055998,0.0
1627282800,cloamy,2021,0.5737555136866297,0.14609412840869035,30.0,7.5,SMARTER_PIDenhanced,5,27.727587930868932,10.594580019881029,3.7441148307248353,4.71830645976308,5.29206197344971,0.0
1627369200,cloamy,2021,0.16520647662357152,0.5737555136866297,30.0,7.5,SMARTER_PIDenhanced,5,0,27.727587930868932,5.25782491390273,4.71830645976308,4.98421369265053,1.0
1627455600,cloamy,2021,0.10046312927387854,0.5737555136866297,30.0,7.5,SMARTER_PIDenhanced,5,0,27.727587930868932,4.067188753317478,4.71830645976308,4.842026009802235,0.0
1627542000,cloamy,2021,0.14017231236023975,0.5737555136866297,30.0,7.5,SMARTER_PIDenhanced,5,0,27.727587930868932,5.501441403272102,4.71830645976308,4.858558339449671,0.0
1627628400,cloamy,2021,0.24755136781536272,0.5737555136866297,30.0,7.5,SMARTER_PIDenhanced,5,0,27.727587930868932,7.363960029273559,4.71830645976308,4.965857827578443,0.0
1627714800,cloamy,2021,0.3906142440412972,0.5737555136866297,30.0,7.5,SMARTER_PIDenhanced,5,25.162956671818687,27.727587930868932,8.127164249908118,4.71830645976308,5.108920703804378,0.0
1627801200,cloamy,2021,0.07012405807633747,0.3906142440412972,30.0,7.5,SMARTER_PIDenhanced,5,0,25.162956671818687,7.011084171391055,4.71830645976308,4.9124684277407935,9.0
1627887600,cloamy,2021,0.006261465382766683,0.3906142440412972,30.0,7.5,SMARTER_PIDenhanced,5,0,25.162956671818687,7.304828236834061,4.71830645976308,4.758094446467908,0.0
1627974000,cloamy,2021,0.05280195240469967,0.3906142440412972,30.0,7.5,SMARTER_PIDenhanced,5,0,25.162956671818687,7.320018177389831,4.71830645976308,4.7718633191252495,0.0
1628060400,cloamy,2021,0.1700638090193009,0.3906142440412972,30.0,7.5,SMARTER_PIDenhanced,5,0,25.162956671818687,8.239496207860649,4.71830645976308,4.888370268782381,0.0
1628146800,cloamy,2021,0.2422491502903381,0.3906142440412972,30.0,7.5,SMARTER_PIDenhanced,5,22.52887248646745,25.162956671818687,4.198759507591638,4.71830645976308,4.960555610053419,0.0
1628233200,cloamy,2021,0.027415157370155964,0.2422491502903381,30.0,7.5,SMARTER_PIDenhanced,5,0,22.52887248646745,8.25634687060054,4.71830645976308,4.841318861819149,0.0
1628319600,cloamy,2021,0.05394854962894372,0.2422491502903381,30.0,7.5,SMARTER_PIDenhanced,5,0,22.52887248646745,7.823891414052509,4.71830645976308,4.7891096963176265,0.0
1628406000,cloamy,2021,0.1281740085320713,0.2422491502903381,30.0,7.5,SMARTER_PIDenhanced,5,0,22.52887248646745,6.8058425683475985,4.71830645976308,4.846480468295152,0.0
1628492400,cloamy,2021,0.26334398678059884,0.2422491502903381,30.0,7.5,SMARTER_PIDenhanced,5,0,22.52887248646745,8.235329351972808,4.71830645976308,4.9816504465436795,0.0
1655967600,cloamy,2022,-0.33161566858612057,0,30.0,7.5,SMARTER_PIDenhanced,5,0,0,5.915965904891959,4.71830645976308,4.386690791176959,0.0
1656054000,cloamy,2022,-0.2564229202880146,-0.33161566858612057,30.0,7.5,SMARTER_PIDenhanced,5,0,0,5.717907755951627,4.71830645976308,4.461883539475066,0.0
1656140400,cloamy,2022,-0.11878611099465455,-0.33161566858612057,30.0,7.5,SMARTER_PIDenhanced,5,0,0,9.203948870710635,4.71830645976308,4.599520348768426,0.0
1656226800,cloamy,2022,0.03226908248887721,-0.33161566858612057,30.0,7.5,SMARTER_PIDenhanced,5,0,0,9.569797117975432,4.71830645976308,4.7505755422519576,0.0
1656313200,cloamy,2022,0.1764480060681121,-0.33161566858612057,30.0,7.5,SMARTER_PIDenhanced,5,0,0,8.693094774412245,4.71830645976308,4.894754465831192,0.0
1656399600,cloamy,2022,0.2996261133460985,-0.33161566858612057,30.0,7.5,SMARTER_PIDenhanced,5,21.184449308062312,0,7.460713537351751,4.71830645976308,5.017932573109179,1.6
1656486000,cloamy,2022,-0.004123560662743231,0.2996261133460985,30.0,7.5,SMARTER_PIDenhanced,5,0,21.184449308062312,1.8323231735051733,4.71830645976308,4.769355075501016,0.0
1656572400,cloamy,2022,0.05095453850017235,0.2996261133460985,30.0,7.5,SMARTER_PIDenhanced,5,0,21.184449308062312,6.425725286268609,4.71830645976308,4.7715115871626645,0.0
1656658800,cloamy,2022,0.16196474383567683,0.2996261133460985,30.0,7.5,SMARTER_PIDenhanced,5,0,21.184449308062312,8.481182130641368,4.71830645976308,4.880271203598757,0.0
1656745200,cloamy,2022,0.30327304126969507,0.2996261133460985,30.0,7.5,SMARTER_PIDenhanced,5,0,21.184449308062312,9.684100900879589,4.71830645976308,5.021579501032775,0.0
1656831600,cloamy,2022,0.4221191718299379,0.2996261133460985,30.0,7.5,SMARTER_PIDenhanced,5,28.02513485130203,21.184449308062312,7.875822878948619,4.71830645976308,5.140425631593018,0.0
1656918000,cloamy,2022,0.09179337526960168,0.4221191718299379,30.0,7.5,SMARTER_PIDenhanced,5,0,28.02513485130203,8.846129638751195,4.71830645976308,4.903005524145579,0.0
1657004400,cloamy,2022,0.14659698048350125,0.4221191718299379,30.0,7.5,SMARTER_PIDenhanced,5,0,28.02513485130203,8.353871892123982,4.71830645976308,4.875920393987118,0.0
1657090800,cloamy,2022,0.24322284149308496,0.4221191718299379,30.0,7.5,SMARTER_PIDenhanced,5,0,28.02513485130203,8.10868026961472,4.71830645976308,4.961529301256165,0.0
1657177200,cloamy,2022,0.3164030908808221,0.4221191718299379,30.0,7.5,SMARTER_PIDenhanced,5,0,28.02513485130203,5.27960920736311,4.71830645976308,5.034709550643902,11.6
1657263600,cloamy,2022,0.4248291721469012,0.4221191718299379,30.0,7.5,SMARTER_PIDenhanced,5,31.292653651912687,28.02513485130203,7.275206390354677,4.71830645976308,5.143135631909981,0.0
1657350000,cloamy,2022,-0.030777479459134335,0.4248291721469012,30.0,7.5,SMARTER_PIDenhanced,5,0,31.292653651912687,7.121172904786319,4.71830645976308,4.832740237615703,0.0
1657436400,cloamy,2022,-0.01846949578248686,0.4248291721469012,30.0,7.5,SMARTER_PIDenhanced,5,0,31.292653651912687,7.612583271961939,4.71830645976308,4.735572275067736,0.0
1657522800,cloamy,2022,0.08692144021234564,0.4248291721469012,30.0,7.5,SMARTER_PIDenhanced,5,0,31.292653651912687,8.472336750464112,4.71830645976308,4.805501600201014,0.0
1657609200,cloamy,2022,0.19951295878363576,0.4248291721469012,30.0,7.5,SMARTER_PIDenhanced,5,0,31.292653651912687,7.4879930375083275,4.71830645976308,4.917819418546716,0.0
1657695600,cloamy,2022,0.2937524092852651,0.4248291721469012,30.0,7.5,SMARTER_PIDenhanced,5,29.563493835703092,31.292653651912687,5.439558555641069,4.71830645976308,5.012058869048345,0.0
1657782000,cloamy,2022,-0.02323380556918576,0.2937524092852651,30.0,7.5,SMARTER_PIDenhanced,5,0,29.563493835703092,8.254676604732598,4.71830645976308,4.825032333038487,0.0
1657868400,cloamy,2022,0.06217487754367828,0.2937524092852651,30.0,7.5,SMARTER_PIDenhanced,5,0,29.563493835703092,9.447916516172471,4.71830645976308,4.804958657732436,0.0
1657954800,cloamy,2022,0.19796154058441137,0.2937524092852651,30.0,7.5,SMARTER_PIDenhanced,5,0,29.563493835703092,8.968687582898376,4.71830645976308,4.9162680003474915,0.0
1658041200,cloamy,2022,0.32638742091972,0.2937524092852651,30.0,7.5,SMARTER_PIDenhanced,5,0,29.563493835703092,7.701644419417017,4.71830645976308,5.0446938806828,0.0
1658127600,cloamy,2022,0.4611008575530761,0.2937524092852651,30.0,7.5,SMARTER_PIDenhanced,5,38.0422037153855,29.563493835703092,7.236620092977568,4.71830645976308,5.179407317316157,0.0
1658214000,cloamy,2022,-0.02105927021642279,0.4611008575530761,30.0,7.5,SMARTER_PIDenhanced,5,0,38.0422037153855,7.976539558735554,4.71830645976308,4.859156009146958,0.0
1658300400,cloamy,2022,-0.019206507410321372,0.4611008575530761,30.0,7.5,SMARTER_PIDenhanced,5,0,38.0422037153855,9.031637030513592,4.71830645976308,4.7454390011787115,0.0
1658386800,cloamy,2022,0.10377422997092488,0.4611008575530761,30.0,7.5,SMARTER_PIDenhanced,5,0,38.0422037153855,8.523521442036436,4.71830645976308,4.823459071590901,0.0
1687503600,cloamy,2023,-0.5785463241166519,0,30.0,7.5,SMARTER_PIDenhanced,5,0,0,6.420277994663035,4.71830645976308,4.139760135646428,0.0
1687590000,cloamy,2023,-0.46209314101980364,-0.5785463241166519,30.0,7.5,SMARTER_PIDenhanced,5,0,0,6.3387606045021405,4.71830645976308,4.256213318743277,0.0
1687676400,cloamy,2023,-0.3297361024204429,-0.5785463241166519,30.0,7.5,SMARTER_PIDenhanced,5,0,0,7.077332335884068,4.71830645976308,4.388570357342638,0.0
1687762800,cloamy,2023,-0.21246545257668678,-0.5785463241166519,30.0,7.5,SMARTER_PIDenhanced,5,0,0,6.229180911248416,4.71830645976308,4.505841007186394,0.0
1687849200,cloamy,2023,-0.07009145299694593,-0.5785463241166519,30.0,7.5,SMARTER_PIDenhanced,5,0,0,7.717627618312005,4.71830645976308,4.648215006766135,0.0
1687935600,cloamy,2023,0.08171173890429247,-0.5785463241166519,30.0,7.5,SMARTER_PIDenhanced,5,20.420579932410526,0,8.190146658736474,4.71830645976308,4.800018198667373,0.0
1688022000,cloamy,2023,-0.1866054264067184,0.08171173890429247,30.0,7.5,SMARTER_PIDenhanced,5,0,20.420579932410526,2.6534944981591777,4.71830645976308,4.584496431511192,0.0
1688108400,cloamy,2023,-0.09687172463458837,0.08171173890429247,30.0,7.5,SMARTER_PIDenhanced,5,0,20.420579932410526,7.8119211404442055,4.71830645976308,4.622912551347265,0.0
1688194800,cloamy,2023,-0.06331507574838854,0.08171173890429247,30.0,7.5,SMARTER_PIDenhanced,5,0,20.420579932410526,2.989408376370308,4.71830645976308,4.654991384014692,0.0
1688281200,cloamy,2023,-0.011572679725108786,0.08171173890429247,30.0,7.5,SMARTER_PIDenhanced,5,0,20.420579932410526,3.6286065346203205,4.71830645976308,4.706733780037972,0.0
1688367600,cloamy,2023,0.08812413422674711,0.08171173890429247,30.0,7.5,SMARTER_PIDenhanced,5,21.27388279878477,20.420579932410526,5.9091258835011,4.71830645976308,4.806430593989828,0.0
1688454000,cloamy,2023,-0.12259508917023137,0.08812413422674711,30.0,7.5,SMARTER_PIDenhanced,5,0,21.27388279878477,6.621532339824514,4.71830645976308,4.671517932089559,0.0
1688540400,cloamy,2023,-0.06775355901392989,0.08812413422674711,30.0,7.5,SMARTER_PIDenhanced,5,0,21.27388279878477,6.395412175418061,4.71830645976308,4.6603516501282725,0.0
1688626800,cloamy,2023,0.037683342229797745,0.08812413422674711,30.0,7.5,SMARTER_PIDenhanced,5,0,21.27388279878477,7.492344925936937,4.71830645976308,4.755989801992878,5.0
1688713200,cloamy,2023,0.07825817872438869,0.08812413422674711,30.0,7.5,SMARTER_PIDenhanced,5,0,21.27388279878477,3.3788724562330463,4.71830645976308,4.796564638487469,0.0
1688799600,cloamy,2023,0.1789982000128008,0.08812413422674711,30.0,7.5,SMARTER_PIDenhanced,5,25.342591272462386,21.27388279878477,6.518921569415171,4.71830645976308,4.897304659775881,0.0
1688886000,cloamy,2023,-0.10055399219910377,0.1789982000128008,30.0,7.5,SMARTER_PIDenhanced,5,0,25.342591272462386,7.0675670514600375,4.71830645976308,4.730105104422001,0.0
1688972400,cloamy,2023,-0.049939412231900605,0.1789982000128008,30.0,7.5,SMARTER_PIDenhanced,5,0,25.342591272462386,6.961944041187434,4.71830645976308,4.6888679181920345,0.0
1689058800,cloamy,2023,0.05388311544358313,0.1789982000128008,30.0,7.5,SMARTER_PIDenhanced,5,0,25.342591272462386,7.523781176422247,4.71830645976308,4.772189575206664,0.0
1689145200,cloamy,2023,0.17966999675242537,0.1789982000128008,30.0,7.5,SMARTER_PIDenhanced,5,0,25.342591272462386,7.806608352298979,4.71830645976308,4.897976456515505,0.0
1689231600,cloamy,2023,0.31791017817047634,0.1789982000128008,30.0,7.5,SMARTER_PIDenhanced,5,31.894276953471223,25.342591272462386,7.714035948667738,4.71830645976308,5.036216637933556,22.8
1689318000,cloamy,2023,-0.3089913140588142,0.31791017817047634,30.0,7.5,SMARTER_PIDenhanced,5,0,31.894276953471223,2.9961159428327533,4.71830645976308,4.614339153955156,0.0
1689404400,cloamy,2023,-0.3504612796729391,0.31791017817047634,30.0,7.5,SMARTER_PIDenhanced,5,0,31.894276953471223,5.390782029334142,4.71830645976308,4.448304702958874,0.0
1689490800,cloamy,2023,-0.25352475061914387,0.31791017817047634,30.0,7.5,SMARTER_PIDenhanced,5,0,31.894276953471223,7.1090569971804145,4.71830645976308,4.478495505336008,0.0
1689577200,cloamy,2023,-0.1421665718647145,0.31791017817047634,30.0,7.5,SMARTER_PIDenhanced,5,0,31.894276953471223,6.608581357186508,4.71830645976308,4.576139887898366,0.0
1689663600,cloamy,2023,0.008825639700817312,0.31791017817047634,30.0,7.5,SMARTER_PIDenhanced,5,22.68793309713758,31.894276953471223,7.5003116982488045,4.71830645976308,4.727132099463898,0.0
1689750000,cloamy,2023,-0.1837958630129146,0.008825639700817312,30.0,7.5,SMARTER_PIDenhanced,5,0,22.68793309713758,7.063404491828016,4.71830645976308,4.642958947195351,0.0
1689836400,cloamy,2023,-0.07110571286681894,0.008825639700817312,30.0,7.5,SMARTER_PIDenhanced,5,0,22.68793309713758,7.949048805371062,4.71830645976308,4.6675433803570066,0.0
1689922800,cloamy,2023,0.028449848573902866,0.008825639700817312,30.0,7.5,SMARTER_PIDenhanced,5,0,22.68793309713758,6.202164075023188,4.71830645976308,4.746756308336983,0.0
1719126000,cloamy,2024,-0.6176911353959775,0,30.0,7.5,SMARTER_PIDenhanced,5,0,0,1.6632265501860408,4.71830645976308,4.100615324367102,1.7999999999999998
1719212400,cloamy,2024,-0.636353238207011,-0.6176911353959775,30.0,7.5,SMARTER_PIDenhanced,5,0,0,1.5856569477409397,4.71830645976308,4.081953221556069,5.8
1719298800,cloamy,2024,-0.6603845557583246,-0.6176911353959775,30.0,7.5,SMARTER_PIDenhanced,5,0,0,1.6430199437714739,4.71830645976308,4.057921904004756,12.6
1719385200,cloamy,2024,-0.6583217722312485,-0.6176911353959775,30.0,7.5,SMARTER_PIDenhanced,5,0,0,3.7360647761286776,4.71830645976308,4.0599846875318315,1.0
1719471600,cloamy,2024,-0.6784190088955133,-0.6176911353959775,30.0,7.5,SMARTER_PIDenhanced,5,0,0,3.2830581050375076,4.71830645976308,4.039887450867567,0.0
1719558000,cloamy,2024,-0.5612707002741859,-0.6176911353959775,30.0,7.5,SMARTER_PIDenhanced,5,0,0,8.105450401178516,4.71830645976308,4.1570357594888945,0.0
1719644400,cloamy,2024,-0.4476572934762048,-0.5612707002741859,30.0,7.5,SMARTER_PIDenhanced,5,0,0,6.855392222915658,4.71830645976308,4.2706491662868755,0.0
1719730800,cloamy,2024,-0.329465435674857,-0.5612707002741859,30.0,7.5,SMARTER_PIDenhanced,5,0,0,6.275478723242181,4.71830645976308,4.388841024088223,0.0
1719817200,cloamy,2024,-0.1456955131214625,-0.5612707002741859,30.0,7.5,SMARTER_PIDenhanced,5,0,0,9.008052630760128,4.71830645976308,4.572610946641618,0.0
1719903600,cloamy,2024,-0.008655670749599597,-0.5612707002741859,30.0,7.5,SMARTER_PIDenhanced,5,0,0,6.40343719338403,4.71830645976308,4.70965078901348,0.0
1719990000,cloamy,2024,0.13517394664734592,-0.5612707002741859,30.0,7.5,SMARTER_PIDenhanced,5,21.907144007501053,0,6.828302846826217,4.71830645976308,4.853480406410426,0.0
1720076400,cloamy,2024,-0.1495013218671005,0.13517394664734592,30.0,7.5,SMARTER_PIDenhanced,5,0,21.907144007501053,3.501203041998366,4.71830645976308,4.624446589599451,0.0
1720162800,cloamy,2024,-0.11686337547131853,0.13517394664734592,30.0,7.5,SMARTER_PIDenhanced,5,0,21.907144007501053,4.1107559323561444,4.71830645976308,4.60468490209603,0.0
1720249200,cloamy,2024,0.00857620992013223,0.13517394664734592,30.0,7.5,SMARTER_PIDenhanced,5,0,21.907144007501053,7.570021332731803,4.71830645976308,4.726882669683213,0.0
1720335600,cloamy,2024,0.1516383919128772,0.13517394664734592,30.0,7.5,SMARTER_PIDenhanced,5,0,21.907144007501053,8.236770338981968,4.71830645976308,4.869944851675958,0.0
1720422000,cloamy,2024,0.2174526526810418,0.13517394664734592,30.0,7.5,SMARTER_PIDenhanced,5,26.006400083619745,21.907144007501053,3.5751601774979624,4.71830645976308,4.9357591124441225,0.0
1720508400,cloamy,2024,-0.08938583447424582,0.2174526526810418,30.0,7.5,SMARTER_PIDenhanced,5,0,26.006400083619745,6.021523561190189,4.71830645976308,4.727528207427749,1.0
1720594800,cloamy,2024,-0.05272431980991431,0.2174526526810418,30.0,7.5,SMARTER_PIDenhanced,5,0,26.006400083619745,6.408995121084742,4.71830645976308,4.683011831451149,0.0
1720681200,cloamy,2024,0.0492381141970134,0.2174526526810418,30.0,7.5,SMARTER_PIDenhanced,5,0,26.006400083619745,7.100145056634385,4.71830645976308,4.767544573960094,0.0
1720767600,cloamy,2024,0.1915749902669977,0.2174526526810418,30.0,7.5,SMARTER_PIDenhanced,5,0,26.006400083619745,8.417233027045325,4.71830645976308,4.909881450030078,0.0
1720854000,cloamy,2024,0.3694061581056823,0.2174526526810418,30.0,7.5,SMARTER_PIDenhanced,5,33.335551432151576,26.006400083619745,9.478835789843245,4.71830645976308,5.087712617868762,0.0
1720940400,cloamy,2024,-0.024876379207439993,0.3694061581056823,30.0,7.5,SMARTER_PIDenhanced,5,0,33.335551432151576,8.65408688020589,4.71830645976308,4.824877191878368,0.0
1721026800,cloamy,2024,0.016737374918877338,0.3694061581056823,30.0,7.5,SMARTER_PIDenhanced,5,0,33.335551432151576,8.038553013013921,4.71830645976308,4.762893912088144,0.0
1721113200,cloamy,2024,0.13443774390570834,0.3694061581056823,30.0,7.5,SMARTER_PIDenhanced,5,0,33.335551432151576,8.079175888672749,4.71830645976308,4.852744203668789,0.0
1721199600,cloamy,2024,0.3087301849449804,0.3694061581056823,30.0,7.5,SMARTER_PIDenhanced,5,0,33.335551432151576,9.89638188136864,4.71830645976308,5.027036644708061,0.0
1721286000,cloamy,2024,0.47850160039014444,0.3694061581056823,30.0,7.5,SMARTER_PIDenhanced,5,40.197176703611525,33.335551432151576,8.856197692783795,4.71830645976308,5.1968080601532245,0.0
1721372400,cloamy,2024,-0.035624909044116936,0.47850160039014444,30.0,7.5,SMARTER_PIDenhanced,5,0,40.197176703611525,8.59349226880255,4.71830645976308,4.849150095456045,0.0
1721458800,cloamy,2024,-0.06545339982486016,0.47850160039014444,30.0,7.5,SMARTER_PIDenhanced,5,0,40.197176703611525,6.5994601364997925,4.71830645976308,4.706411560679556,0.0
1721545200,cloamy,2024,0.012624516168235253,0.47850160039014444,30.0,7.5,SMARTER_PIDenhanced,5,0,40.197176703611525,6.35886520949269,4.71830645976308,4.73625151087333,0.0
1625986800,cloamy,2021,0.1540847297511718,0,18.0,4.5,SMARTER_PIDenhanced,3,3.4669064194013655,0,7.909412676835701,4.71830645976308,4.872391189514252,0.0
1626073200,cloamy,2021,0.23281784139509587,0.1540847297511718,18.0,4.5,SMARTER_PIDenhanced,3,0,3.4669064194013655,8.171899400888595,4.71830645976308,4.951124301158176,0.0
1626159600,cloamy,2021,0.3421356665304503,0.1540847297511718,18.0,4.5,SMARTER_PIDenhanced,3,0,3.4669064194013655,7.307248568315713,4.71830645976308,5.06044212629353,49.2
1626246000,cloamy,2021,-0.1122601636733211,0.1540847297511718,18.0,4.5,SMARTER_PIDenhanced,3,0,3.4669064194013655,3.7200181370317593,4.71830645976308,4.626058416077814,0.0
1626332400,cloamy,2021,-0.1349658977950473,-0.1122601636733211,18.0,4.5,SMARTER_PIDenhanced,3,0,0,6.588938290136868,4.71830645976308,4.583387132719292,0.0
1626418800,cloamy,2021,-0.10935720870386613,-0.1122601636733211,18.0,4.5,SMARTER_PIDenhanced,3,0,0,4.2070949143533625,4.71830645976308,4.608949251059214,10.8
1626505200,cloamy,2021,-0.19239085747025583,-0.1122601636733211,18.0,4.5,SMARTER_PIDenhanced,3,0,0,1.7206288405645938,4.71830645976308,4.525915602292825,0.8
1626591600,cloamy,2021,-0.2112938527873896,-0.19239085747025583,18.0,4.5,SMARTER_PIDenhanced,3,0,0,2.3398193330169916,4.71830645976308,4.507012606975691,0.0
1626678000,cloamy,2021,-0.12664090072649323,-0.19239085747025583,18.0,4.5,SMARTER_PIDenhanced,3,0,0,5.542148180411579,4.71830645976308,4.591665559036587,0.0
1626764400,cloamy,2021,0.008155644594817917,-0.19239085747025583,18.0,4.5,SMARTER_PIDenhanced,3,3.6465374378480075,0,6.336708517861463,4.71830645976308,4.726462104357898,0.0
1626850800,cloamy,2021,0.14343142658603142,0.008155644594817917,18.0,4.5,SMARTER_PIDenhanced,3,0,3.6465374378480075,7.723088615724408,4.71830645976308,4.861737886349112,0.0
1626937200,cloamy,2021,0.295920753999062,0.008155644594817917,18.0,4.5,SMARTER_PIDenhanced,3,0,3.6465374378480075,6.384988487195638,4.71830645976308,5.014227213762142,0.0
1627023600,cloamy,2021,0.45052551005600533,0.008155644594817917,18.0,4.5,SMARTER_PIDenhanced,3,13.636559811401405,3.6465374378480075,6.724001721462045,4.71830645976308,5.168831969819085,0.0
1627110000,cloamy,2021,0.32562724631573947,0.45052551005600533,18.0,4.5,SMARTER_PIDenhanced,3,0,13.636559811401405,6.639604206034317,4.71830645976308,5.067072672619365,0.0
1627196400,cloamy,2021,0.3809465109955256,0.45052551005600533,18.0,4.5,SMARTER_PIDenhanced,3,0,13.636559811401405,6.068344799075018,4.71830645976308,5.099252970758606,0.0
1627282800,cloamy,2021,0.4287830667768171,0.45052551005600533,18.0,4.5,SMARTER_PIDenhanced,3,15.174719632871692,13.636559811401405,3.7441148307248353,4.71830645976308,5.147089526539897,0.0
1627369200,cloamy,2021,0.25365032819713534,0.4287830667768171,18.0,4.5,SMARTER_PIDenhanced,3,0,15.174719632871692,5.25782491390273,4.71830645976308,5.0194131785389295,1.0
1627455600,cloamy,2021,0.24372565429346343,0.4287830667768171,18.0,4.5,SMARTER_PIDenhanced,3,0,15.174719632871692,4.067188753317478,4.71830645976308,4.966638259479882,0.0
1627542000,cloamy,2021,0.3018217119226122,0.4287830667768171,18.0,4.5,SMARTER_PIDenhanced,3,14.247612949147758,15.174719632871692,5.501441403272102,4.71830645976308,5.020128171685692,0.0
1627628400,cloamy,2021,0.17619488004206108,0.3018217119226122,18.0,4.5,SMARTER_PIDenhanced,3,0,14.247612949147758,7.363960029273559,4.71830645976308,4.945840190448962,0.0
1627714800,cloamy,2021,0.22502912431967212,0.3018217119226122,18.0,4.5,SMARTER_PIDenhanced,3,0,14.247612949147758,8.127164249908118,4.71830645976308,4.946409201908077,0.0
1627801200,cloamy,2021,0.30838047296064375,0.3018217119226122,18.0,4.5,SMARTER_PIDenhanced,3,15.753382776155224,14.247612949147758,7.011084171391055,4.71830645976308,5.026686932723724,9.0
1627887600,cloamy,2021,0.094158151256749,0.30838047296064375,18.0,4.5,SMARTER_PIDenhanced,3,0,15.753382776155224,7.304828236834061,4.71830645976308,4.887744956829653,0.0
1627974000,cloamy,2021,0.09584644625192283,0.30838047296064375,18.0,4.5,SMARTER_PIDenhanced,3,0,15.753382776155224,7.320018177389831,4.71830645976308,4.826854265130401,0.0
1628060400,cloamy,2021,0.18079845875031034,0.30838047296064375,18.0,4.5,SMARTER_PIDenhanced,3,14.27049958474562,15.753382776155224,8.239496207860649,4.71830645976308,4.899104918513391,0.0
1628146800,cloamy,2021,0.012614078661051784,0.18079845875031034,18.0,4.5,SMARTER_PIDenhanced,3,0,14.27049958474562,4.198759507591638,4.71830645976308,4.793802388520402,0.0
1628233200,cloamy,2021,0.07613058208069598,0.18079845875031034,18.0,4.5,SMARTER_PIDenhanced,3,0,14.27049958474562,8.25634687060054,4.71830645976308,4.8010267706446985,0.0
1628319600,cloamy,2021,0.17963227974779553,0.18079845875031034,18.0,4.5,SMARTER_PIDenhanced,3,15.057853621565433,14.27049958474562,7.823891414052509,4.71830645976308,4.8979387395108755,0.0
1628406000,cloamy,2021,0.052103786544397276,0.17963227974779553,18.0,4.5,SMARTER_PIDenhanced,3,0,15.057853621565433,6.8058425683475985,4.71830645976308,4.829744154054848,0.0
1628492400,cloamy,2021,0.11955286502107448,0.17963227974779553,18.0,4.5,SMARTER_PIDenhanced,3,0,15.057853621565433,8.235329351972808,4.71830645976308,4.843208832943785,0.0
1655967600,cloamy,2022,-0.33161566858612057,0,18.0,4.5,SMARTER_PIDenhanced,3,0,0,5.915965904891959,4.71830645976308,4.386690791176959,0.0
1656054000,cloamy,2022,-0.2564229202880146,-0.33161566858612057,18.0,4.5,SMARTER_PIDenhanced,3,0,0,5.717907755951627,4.71830645976308,4.461883539475066,0.0
1656140400,cloamy,2022,-0.11878611099465455,-0.33161566858612057,18.0,4.5,SMARTER_PIDenhanced,3,0,0,9.203948870710635,4.71830645976308,4.599520348768426,0.0
1656226800,cloamy,2022,0.03226908248887721,-0.33161566858612057,18.0,4.5,SMARTER_PIDenhanced,3,6.695136390549908,0,9.569797117975432,4.71830645976308,4.7505755422519576,0.0
1656313200,cloamy,2022,0.08004314655519461,0.03226908248887721,18.0,4.5,SMARTER_PIDenhanced,3,0,6.695136390549908,8.693094774412245,4.71830645976308,4.7983623638589625,0.0
1656399600,cloamy,2022,0.18452265540585205,0.03226908248887721,18.0,4.5,SMARTER_PIDenhanced,3,0,6.695136390549908,7.460713537351751,4.71830645976308,4.902829115168933,1.6
1656486000,cloamy,2022,0.2135185173166324,0.03226908248887721,18.0,4.5,SMARTER_PIDenhanced,3,10.918459545374347,6.695136390549908,1.8323231735051733,4.71830645976308,4.931824977079713,0.0
1656572400,cloamy,2022,0.14193306827467092,0.2135185173166324,18.0,4.5,SMARTER_PIDenhanced,3,0,10.918459545374347,6.425725286268609,4.71830645976308,4.874894775493072,0.0
1656658800,cloamy,2022,0.24487492639442757,0.2135185173166324,18.0,4.5,SMARTER_PIDenhanced,3,0,10.918459545374347,8.481182130641368,4.71830645976308,4.963181386157507,0.0
1656745200,cloamy,2022,0.3761386712377595,0.2135185173166324,18.0,4.5,SMARTER_PIDenhanced,3,15.538246336524553,10.918459545374347,9.684100900879589,4.71830645976308,5.09444513100084,0.0
1656831600,cloamy,2022,0.2328637902539942,0.3761386712377595,18.0,4.5,SMARTER_PIDenhanced,3,0,15.538246336524553,7.875822878948619,4.71830645976308,4.985398390864065,0.0
1656918000,cloamy,2022,0.3233132851762216,0.3761386712377595,18.0,4.5,SMARTER_PIDenhanced,3,0,15.538246336524553,8.846129638751195,4.71830645976308,5.041619744939302,0.0
1657004400,cloamy,2022,0.43139492013868835,0.3761386712377595,18.0,4.5,SMARTER_PIDenhanced,3,18.47413595736537,15.538246336524553,8.353871892123982,4.71830645976308,5.149701379901769,0.0
1657090800,cloamy,2022,0.23297228800407394,0.43139492013868835,18.0,4.5,SMARTER_PIDenhanced,3,0,18.47413595736537,8.10868026961472,4.71830645976308,5.005805281059244,0.0
1657177200,cloamy,2022,0.2606874573444156,0.43139492013868835,18.0,4.5,SMARTER_PIDenhanced,3,0,18.47413595736537,5.27960920736311,4.71830645976308,4.981784056142791,11.6
1657263600,cloamy,2022,0.3319813740819053,0.43139492013868835,18.0,4.5,SMARTER_PIDenhanced,3,18.178608311711848,18.47413595736537,7.275206390354677,4.71830645976308,5.050287833844986,0.0
1657350000,cloamy,2022,0.10160523953174254,0.3319813740819053,18.0,4.5,SMARTER_PIDenhanced,3,0,18.178608311711848,7.121172904786319,4.71830645976308,4.902637671566397,0.0
1657436400,cloamy,2022,0.16025283515266248,0.3319813740819053,18.0,4.5,SMARTER_PIDenhanced,3,0,18.178608311711848,7.612583271961939,4.71830645976308,4.889130308091586,0.0
1657522800,cloamy,2022,0.2726487151297679,0.3319813740819053,18.0,4.5,SMARTER_PIDenhanced,3,18.33753966865733,18.178608311711848,8.472336750464112,4.71830645976308,4.990955174892848,0.0
1657609200,cloamy,2022,0.09618212525918586,0.2726487151297679,18.0,4.5,SMARTER_PIDenhanced,3,0,18.33753966865733,7.4879930375083275,4.71830645976308,4.89090991846835,0.0
1657695600,cloamy,2022,0.13326261926852745,0.2726487151297679,18.0,4.5,SMARTER_PIDenhanced,3,0,18.33753966865733,5.439558555641069,4.71830645976308,4.862793877175374,0.0
1657782000,cloamy,2022,0.2531198297597788,0.2726487151297679,18.0,4.5,SMARTER_PIDenhanced,3,19.125058965916534,18.33753966865733,8.254676604732598,4.71830645976308,4.971426289522859,0.0
1657868400,cloamy,2022,0.11056818084590653,0.2531198297597788,18.0,4.5,SMARTER_PIDenhanced,3,0,19.125058965916534,9.447916516172471,4.71830645976308,4.906710900913264,0.0
1657954800,cloamy,2022,0.2179931788772928,0.2531198297597788,18.0,4.5,SMARTER_PIDenhanced,3,0,19.125058965916534,8.968687582898376,4.71830645976308,4.943864542593995,0.0
1658041200,cloamy,2022,0.33075595248223927,0.2531198297597788,18.0,4.5,SMARTER_PIDenhanced,3,22.010910961090897,19.125058965916534,7.701644419417017,4.71830645976308,5.04906241224532,0.0
1658127600,cloamy,2022,0.09404778419015399,0.33075595248223927,18.0,4.5,SMARTER_PIDenhanced,3,0,22.010910961090897,7.236620092977568,4.71830645976308,4.911560832946853,0.0
1658214000,cloamy,2022,0.1697815147465895,0.33075595248223927,18.0,4.5,SMARTER_PIDenhanced,3,0,22.010910961090897,7.976539558735554,4.71830645976308,4.902796885636107,0.0
1658300400,cloamy,2022,0.3099259850134458,0.33075595248223927,18.0,4.5,SMARTER_PIDenhanced,3,23.030638479213124,22.010910961090897,9.031637030513592,4.71830645976308,5.028232444776526,0.0
1658386800,cloamy,2022,0.08018486229214541,0.3099259850134458,18.0,4.5,SMARTER_PIDenhanced,3,0,23.030638479213124,8.523521442036436,4.71830645976308,4.9061509489720985,0.0
1687503600,cloamy,2023,-0.5785463241166519,0,18.0,4.5,SMARTER_PIDenhanced,3,0,0,6.420277994663035,4.71830645976308,4.139760135646428,0.0
1687590000,cloamy,2023,-0.46209314101980364,-0.5785463241166519,18.0,4.5,SMARTER_PIDenhanced,3,0,0,6.3387606045021405,4.71830645976308,4.256213318743277,0.0
1687676400,cloamy,2023,-0.3297361024204429,-0.5785463241166519,18.0,4.5,SMARTER_PIDenhanced,3,0,0,7.077332335884068,4.71830645976308,4.388570357342638,0.0
1687762800,cloamy,2023,-0.21246545257668678,-0.5785463241166519,18.0,4.5,SMARTER_PIDenhanced,3,5.63336115112428,0,6.229180911248416,4.71830645976308,4.505841007186394,0.0
1687849200,cloamy,2023,-0.14787686503932754,-0.21246545257668678,18.0,4.5,SMARTER_PIDenhanced,3,0,5.63336115112428,7.717627618312005,4.71830645976308,4.570429594723753,0.0
1687935600,cloamy,2023,-0.012216673866107575,-0.21246545257668678,18.0,4.5,SMARTER_PIDenhanced,3,0,5.63336115112428,8.190146658736474,4.71830645976308,4.706089785896973,0.0
1688022000,cloamy,2023,0.031396552343296524,-0.21246545257668678,18.0,4.5,SMARTER_PIDenhanced,3,10.164161725228814,5.63336115112428,2.6534944981591777,4.71830645976308,4.749703012106377,0.0
1688108400,cloamy,2023,0.005887671821784143,0.031396552343296524,18.0,4.5,SMARTER_PIDenhanced,3,0,10.164161725228814,7.8119211404442055,4.71830645976308,4.733625011536509,0.0
1688194800,cloamy,2023,0.03276931094413864,0.031396552343296524,18.0,4.5,SMARTER_PIDenhanced,3,0,10.164161725228814,2.989408376370308,4.71830645976308,4.751075770707219,0.0
1688281200,cloamy,2023,0.08378901783996552,0.031396552343296524,18.0,4.5,SMARTER_PIDenhanced,3,11.4842766844487,10.164161725228814,3.6286065346203205,4.71830645976308,4.802095477603046,0.0
1688367600,cloamy,2023,0.003070448328240241,0.08378901783996552,18.0,4.5,SMARTER_PIDenhanced,3,0,11.4842766844487,5.9091258835011,4.71830645976308,4.7441652477804945,0.0
1688454000,cloamy,2023,0.08428983269447682,0.08378901783996552,18.0,4.5,SMARTER_PIDenhanced,3,0,11.4842766844487,6.621532339824514,4.71830645976308,4.802596292457557,0.0
1688540400,cloamy,2023,0.17792286483809253,0.08378901783996552,18.0,4.5,SMARTER_PIDenhanced,3,13.979338822186403,11.4842766844487,6.395412175418061,4.71830645976308,4.8962293246011726,0.0
1688626800,cloamy,2023,0.07952276141193514,0.17792286483809253,18.0,4.5,SMARTER_PIDenhanced,3,0,13.979338822186403,7.492344925936937,4.71830645976308,4.8331393447915145,5.0
1688713200,cloamy,2023,0.08252833101906931,0.17792286483809253,18.0,4.5,SMARTER_PIDenhanced,3,0,13.979338822186403,3.3788724562330463,4.71830645976308,4.805123397599819,0.0
1688799600,cloamy,2023,0.16713359212319331,0.17792286483809253,18.0,4.5,SMARTER_PIDenhanced,3,14.537233077872587,13.979338822186403,6.518921569415171,4.71830645976308,4.885440051886274,0.0
1688886000,cloamy,2023,0.05412085445156433,0.16713359212319331,18.0,4.5,SMARTER_PIDenhanced,3,0,14.537233077872587,7.0675670514600375,4.71830645976308,4.821675309326417,0.0
1688972400,cloamy,2023,0.13167575665044184,0.16713359212319331,18.0,4.5,SMARTER_PIDenhanced,3,0,14.537233077872587,6.961944041187434,4.71830645976308,4.8523365882554765,0.0
1689058800,cloamy,2023,0.24162562118512088,0.16713359212319331,18.0,4.5,SMARTER_PIDenhanced,3,16.96540489632033,14.537233077872587,7.523781176422247,4.71830645976308,4.959932080948201,0.0
1689145200,cloamy,2023,0.09977505499423407,0.24162562118512088,18.0,4.5,SMARTER_PIDenhanced,3,0,16.96540489632033,7.806608352298979,4.71830645976308,4.877856575219822,0.0
1689231600,cloamy,2023,0.18412031390405958,0.24162562118512088,18.0,4.5,SMARTER_PIDenhanced,3,0,16.96540489632033,7.714035948667738,4.71830645976308,4.906221061381887,22.8
1689318000,cloamy,2023,0.0844472123575979,0.24162562118512088,18.0,4.5,SMARTER_PIDenhanced,3,14.516205993034106,16.96540489632033,2.9961159428327533,4.71830645976308,4.8195405191459715,0.0
1689404400,cloamy,2023,-0.10430457749060797,0.0844472123575979,18.0,4.5,SMARTER_PIDenhanced,3,0,14.516205993034106,5.390782029334142,4.71830645976308,4.706424438380299,0.0
1689490800,cloamy,2023,-0.03244594151529528,0.0844472123575979,18.0,4.5,SMARTER_PIDenhanced,3,0,14.516205993034106,7.1090569971804145,4.71830645976308,4.7033392498538085,0.0
1689577200,cloamy,2023,0.0682804964487668,0.0844472123575979,18.0,4.5,SMARTER_PIDenhanced,3,14.532467340694597,14.516205993034106,6.608581357186508,4.71830645976308,4.786586956211847,0.0
1689663600,cloamy,2023,-0.013140425945505614,0.0682804964487668,18.0,4.5,SMARTER_PIDenhanced,3,0,14.532467340694597,7.5003116982488045,4.71830645976308,4.766489652272399,0.0
1689750000,cloamy,2023,0.08461326502648583,0.0682804964487668,18.0,4.5,SMARTER_PIDenhanced,3,0,14.532467340694597,7.063404491828016,4.71830645976308,4.809523585385479,0.0
1689836400,cloamy,2023,0.22320097874133857,0.0682804964487668,18.0,4.5,SMARTER_PIDenhanced,3,18.325440426296915,14.532467340694597,7.949048805371062,4.71830645976308,4.941507438504419,0.0
1689922800,cloamy,2023,0.04993585571931662,0.22320097874133857,18.0,4.5,SMARTER_PIDenhanced,3,0,18.325440426296915,6.202164075023188,4.71830645976308,4.845782242154285,0.0
1719126000,cloamy,2024,-0.6176911353959775,0,18.0,4.5,SMARTER_PIDenhanced,3,0,0,1.6632265501860408,4.71830645976308,4.100615324367102,1.7999999999999998
1719212400,cloamy,2024,-0.636353238207011,-0.6176911353959775,18.0,4.5,SMARTER_PIDenhanced,3,0,0,1.5856569477409397,4.71830645976308,4.081953221556069,5.8
1719298800,cloamy,2024,-0.6603845557583246,-0.6176911353959775,18.0,4.5,SMARTER_PIDenhanced,3,0,0,1.6430199437714739,4.71830645976308,4.057921904004756,12.6
1719385200,cloamy,2024,-0.6583217722312485,-0.6176911353959775,18.0,4.5,SMARTER_PIDenhanced,3,0,0,3.7360647761286776,4.71830645976308,4.0599846875318315,1.0
1719471600,cloamy,2024,-0.6784190088955133,-0.6583217722312485,18.0,4.5,SMARTER_PIDenhanced,3,0,0,3.2830581050375076,4.71830645976308,4.039887450867567,0.0
1719558000,cloamy,2024,-0.5612707002741859,-0.6583217722312485,18.0,4.5,SMARTER_PIDenhanced,3,0,0,8.105450401178516,4.71830645976308,4.1570357594888945,0.0
1719644400,cloamy,2024,-0.4476572934762048,-0.6583217722312485,18.0,4.5,SMARTER_PIDenhanced,3,0,0,6.855392222915658,4.71830645976308,4.2706491662868755,0.0
1719730800,cloamy,2024,-0.329465435674857,-0.4476572934762048,18.0,4.5,SMARTER_PIDenhanced,3,0,0,6.275478723242181,4.71830645976308,4.388841024088223,0.0
1719817200,cloamy,2024,-0.1456955131214625,-0.4476572934762048,18.0,4.5,SMARTER_PIDenhanced,3,0,0,9.008052630760128,4.71830645976308,4.572610946641618,0.0
1719903600,cloamy,2024,-0.008655670749599597,-0.4476572934762048,18.0,4.5,SMARTER_PIDenhanced,3,7.863078690705695,0,6.40343719338403,4.71830645976308,4.70965078901348,0.0
1719990000,cloamy,2024,0.0057170519674665625,-0.008655670749599597,18.0,4.5,SMARTER_PIDenhanced,3,0,7.863078690705695,6.828302846826217,4.71830645976308,4.72410870507872,0.0
1720076400,cloamy,2024,0.06206260083677792,-0.008655670749599597,18.0,4.5,SMARTER_PIDenhanced,3,0,7.863078690705695,3.501203041998366,4.71830645976308,4.780369060599858,0.0
1720162800,cloamy,2024,0.14166032078745538,-0.008655670749599597,18.0,4.5,SMARTER_PIDenhanced,3,11.206237981916235,7.863078690705695,4.1107559323561444,4.71830645976308,4.859966780550535,0.0
1720249200,cloamy,2024,0.09960262179782875,0.14166032078745538,18.0,4.5,SMARTER_PIDenhanced,3,0,11.206237981916235,7.570021332731803,4.71830645976308,4.82991041231266,0.0
1720335600,cloamy,2024,0.21957499749310702,0.14166032078745538,18.0,4.5,SMARTER_PIDenhanced,3,0,11.206237981916235,8.236770338981968,4.71830645976308,4.9378814572561875,0.0
1720422000,cloamy,2024,0.2738086656905977,0.14166032078745538,18.0,4.5,SMARTER_PIDenhanced,3,14.817047185780487,11.206237981916235,3.5751601774979624,4.71830645976308,4.992115125453678,0.0
1720508400,cloamy,2024,0.13179971734160606,0.2738086656905977,18.0,4.5,SMARTER_PIDenhanced,3,0,14.817047185780487,6.021523561190189,4.71830645976308,4.885574709970711,1.0
1720594800,cloamy,2024,0.1979455364800332,0.2738086656905977,18.0,4.5,SMARTER_PIDenhanced,3,0,14.817047185780487,6.408995121084742,4.71830645976308,4.916366722774144,0.0
1720681200,cloamy,2024,0.3068581044881077,0.2738086656905977,18.0,4.5,SMARTER_PIDenhanced,3,16.79279855433215,14.817047185780487,7.100145056634385,4.71830645976308,5.025164564251188,0.0
1720767600,cloamy,2024,0.17060751992421708,0.3068581044881077,18.0,4.5,SMARTER_PIDenhanced,3,0,16.79279855433215,8.417233027045325,4.71830645976308,4.937600704719533,0.0
1720854000,cloamy,2024,0.2910285363251974,0.3068581044881077,18.0,4.5,SMARTER_PIDenhanced,3,0,16.79279855433215,9.478835789843245,4.71830645976308,5.009718619813692,0.0
1720940400,cloamy,2024,0.422990108963853,0.3068581044881077,18.0,4.5,SMARTER_PIDenhanced,3,20.786630125232907,16.79279855433215,8.65408688020589,4.71830645976308,5.141296568726934,0.0
1721026800,cloamy,2024,0.19876349985116393,0.422990108963853,18.0,4.5,SMARTER_PIDenhanced,3,0,20.786630125232907,8.038553013013921,4.71830645976308,4.988901769298086,0.0
1721113200,cloamy,2024,0.2817444118838384,0.422990108963853,18.0,4.5,SMARTER_PIDenhanced,3,0,20.786630125232907,8.079175888672749,4.71830645976308,5.004744271147303,0.0
1721199600,cloamy,2024,0.43428878152553835,0.422990108963853,18.0,4.5,SMARTER_PIDenhanced,3,22.944305748208166,20.786630125232907,9.89638188136864,4.71830645976308,5.152595241288618,0.0
1721286000,cloamy,2024,0.18992662156405068,0.43428878152553835,18.0,4.5,SMARTER_PIDenhanced,3,0,22.944305748208166,8.856197692783795,4.71830645976308,4.9962787928951675,0.0
1721372400,cloamy,2024,0.2772255825283749,0.43428878152553835,18.0,4.5,SMARTER_PIDenhanced,3,0,22.944305748208166,8.59349226880255,4.71830645976308,5.004414957935004,0.0
1721458800,cloamy,2024,0.36999360423988936,0.43428878152553835,18.0,4.5,SMARTER_PIDenhanced,3,23.451963776145984,22.944305748208166,6.5994601364997925,4.71830645976308,5.088300064002969,0.0
1721545200,cloamy,2024,0.08654534062305161,0.36999360423988936,18.0,4.5,SMARTER_PIDenhanced,3,0,23.451963776145984,6.35886520949269,4.71830645976308,4.917245841394364,0.0
1625986800,cloamy,2021,0.1540847297511718,0,12.0,3.0,SMARTER_PIDenhanced,2,2.3112709462675767,0,7.909412676835701,4.71830645976308,4.872391189514252,0.0
1626073200,cloamy,2021,0.2500336174229884,0.1540847297511718,12.0,3.0,SMARTER_PIDenhanced,2,0,2.3112709462675767,8.171899400888595,4.71830645976308,4.968340077186069,0.0
1626159600,cloamy,2021,0.36250093907460346,0.1540847297511718,12.0,3.0,SMARTER_PIDenhanced,2,5.899768275372566,2.3112709462675767,7.307248568315713,4.71830645976308,5.080807398837684,49.2
1626246000,cloamy,2021,-0.21737428258985164,0.36250093907460346,12.0,3.0,SMARTER_PIDenhanced,2,0,5.899768275372566,3.7200181370317593,4.71830645976308,4.551741391836469,0.0
1626332400,cloamy,2021,-0.2568669696962781,0.36250093907460346,12.0,3.0,SMARTER_PIDenhanced,2,0,5.899768275372566,6.588938290136868,4.71830645976308,4.469251513317961,0.0
1626418800,cloamy,2021,-0.24097411647255124,-0.2568669696962781,12.0,3.0,SMARTER_PIDenhanced,2,0,0,4.2070949143533625,4.71830645976308,4.477332343290529,10.8
1626505200,cloamy,2021,-0.33167949463433083,-0.2568669696962781,12.0,3.0,SMARTER_PIDenhanced,2,0,0,1.7206288405645938,4.71830645976308,4.388289760239839,0.8
1626591600,cloamy,2021,-0.3545762806833896,-0.33167949463433083,12.0,3.0,SMARTER_PIDenhanced,2,0,0,2.3398193330169916,4.71830645976308,4.363730179079691,0.0
1626678000,cloamy,2021,-0.2704383728458216,-0.33167949463433083,12.0,3.0,SMARTER_PIDenhanced,2,0,0,5.542148180411579,4.71830645976308,4.447868086917259,0.0
1626764400,cloamy,2021,-0.13558960136721676,-0.2704383728458216,12.0,3.0,SMARTER_PIDenhanced,2,0,0,6.336708517861463,4.71830645976308,4.582716858395863,0.0
1626850800,cloamy,2021,0.0662057901183804,-0.2704383728458216,12.0,3.0,SMARTER_PIDenhanced,2,4.238347325925565,0,7.723088615724408,4.71830645976308,4.784512249881461,0.0
1626937200,cloamy,2021,0.17237775528154745,0.0662057901183804,12.0,3.0,SMARTER_PIDenhanced,2,0,4.238347325925565,6.384988487195638,4.71830645976308,4.890684215044628,0.0
1627023600,cloamy,2021,0.3339048863909131,0.0662057901183804,12.0,3.0,SMARTER_PIDenhanced,2,8.452451140368696,4.238347325925565,6.724001721462045,4.71830645976308,5.052211346153993,0.0
1627110000,cloamy,2021,0.320860992267723,0.3339048863909131,12.0,3.0,SMARTER_PIDenhanced,2,0,8.452451140368696,6.639604206034317,4.71830645976308,5.044336042298799,0.0
1627196400,cloamy,2021,0.4079011782397937,0.3339048863909131,12.0,3.0,SMARTER_PIDenhanced,2,10.564110177274646,8.452451140368696,6.068344799075018,4.71830645976308,5.126207638002874,0.0
1627282800,cloamy,2021,0.2817016126563069,0.4079011782397937,12.0,3.0,SMARTER_PIDenhanced,2,0,10.564110177274646,3.7441148307248353,4.71830645976308,5.0233112165581355,0.0
1627369200,cloamy,2021,0.3245000618685086,0.4079011782397937,12.0,3.0,SMARTER_PIDenhanced,2,10.53679696642475,10.564110177274646,5.25782491390273,4.71830645976308,5.042806521631589,1.0
1627455600,cloamy,2021,0.19912331320104887,0.3245000618685086,12.0,3.0,SMARTER_PIDenhanced,2,0,10.53679696642475,4.067188753317478,4.71830645976308,4.952937578741882,0.0
1627542000,cloamy,2021,0.2313786461885388,0.3245000618685086,12.0,3.0,SMARTER_PIDenhanced,2,10.113475916830728,10.53679696642475,5.501441403272102,4.71830645976308,4.9509283617676765,0.0
1627628400,cloamy,2021,0.16283654915700502,0.2313786461885388,12.0,3.0,SMARTER_PIDenhanced,2,0,10.113475916830728,7.363960029273559,4.71830645976308,4.916301129452093,0.0
1627714800,cloamy,2021,0.23091321986455768,0.2313786461885388,12.0,3.0,SMARTER_PIDenhanced,2,10.800630460536627,10.113475916830728,8.127164249908118,4.71830645976308,4.949647474949969,0.0
1627801200,cloamy,2021,0.1418591738816181,0.23091321986455768,12.0,3.0,SMARTER_PIDenhanced,2,0,10.800630460536627,7.011084171391055,4.71830645976308,4.904950055849323,9.0
1627887600,cloamy,2021,0.13953598454685084,0.23091321986455768,12.0,3.0,SMARTER_PIDenhanced,2,10.122711590364698,10.800630460536627,7.304828236834061,4.71830645976308,4.867412824267519,0.0
1627974000,cloamy,2021,0.041419010098700644,0.13953598454685084,12.0,3.0,SMARTER_PIDenhanced,2,0,10.122711590364698,7.320018177389831,4.71830645976308,4.808241293629759,0.0
1628060400,cloamy,2021,0.09767750570534929,0.13953598454685084,12.0,3.0,SMARTER_PIDenhanced,2,9.913442361382728,10.122711590364698,8.239496207860649,4.71830645976308,4.8193461559669455,0.0
1628146800,cloamy,2021,-0.01383918116397678,0.09767750570534929,12.0,3.0,SMARTER_PIDenhanced,2,0,9.913442361382728,4.198759507591638,4.71830645976308,4.750131782030422,0.0
1628233200,cloamy,2021,0.06716223508182424,0.09767750570534929,12.0,3.0,SMARTER_PIDenhanced,2,9.748745819145899,9.913442361382728,8.25634687060054,4.71830645976308,4.787580592552807,0.0
1628319600,cloamy,2021,0.02492050492045352,0.06716223508182424,12.0,3.0,SMARTER_PIDenhanced,2,0,9.748745819145899,7.823891414052509,4.71830645976308,4.78062486354024,0.0
1628406000,cloamy,2021,0.09355996557291033,0.06716223508182424,12.0,3.0,SMARTER_PIDenhanced,2,10.346198481757662,9.748745819145899,6.8058425683475985,4.71830645976308,4.8131767967850205,0.0
1628492400,cloamy,2021,0.053812177323885726,0.09355996557291033,12.0,3.0,SMARTER_PIDenhanced,2,0,10.346198481757662,8.235329351972808,4.71830645976308,4.810256308328423,0.0
1655967600,cloamy,2022,-0.33161566858612057,0,12.0,3.0,SMARTER_PIDenhanced,2,0,0,5.915965904891959,4.71830645976308,4.386690791176959,0.0
1656054000,cloamy,2022,-0.2564229202880146,-0.33161566858612057,12.0,3.0,SMARTER_PIDenhanced,2,0,0,5.717907755951627,4.71830645976308,4.461883539475066,0.0
1656140400,cloamy,2022,-0.11878611099465455,-0.33161566858612057,12.0,3.0,SMARTER_PIDenhanced,2,2.1975963581136284,0,9.203948870710635,4.71830645976308,4.599520348768426,0.0
1656226800,cloamy,2022,0.006552751432602106,-0.11878611099465455,12.0,3.0,SMARTER_PIDenhanced,2,0,2.1975963581136284,9.569797117975432,4.71830645976308,4.724859211195683,0.0
1656313200,cloamy,2022,0.1436572289168558,-0.11878611099465455,12.0,3.0,SMARTER_PIDenhanced,2,5.77788812380232,2.1975963581136284,8.693094774412245,4.71830645976308,4.8619636886799364,0.0
1656399600,cloamy,2022,0.1744887072506771,0.1436572289168558,12.0,3.0,SMARTER_PIDenhanced,2,0,5.77788812380232,7.460713537351751,4.71830645976308,4.892795167013757,1.6
1656486000,cloamy,2022,0.19576502170986368,0.1436572289168558,12.0,3.0,SMARTER_PIDenhanced,2,6.990476702448006,5.77788812380232,1.8323231735051733,4.71830645976308,4.914071481472944,0.0
1656572400,cloamy,2022,0.18510472849825332,0.19576502170986368,12.0,3.0,SMARTER_PIDenhanced,2,0,6.990476702448006,6.425725286268609,4.71830645976308,4.906321289984797,0.0
1656658800,cloamy,2022,0.29396867156154777,0.19576502170986368,12.0,3.0,SMARTER_PIDenhanced,2,9.050826515352858,6.990476702448006,8.481182130641368,4.71830645976308,5.012275131324628,0.0
1656745200,cloamy,2022,0.28492497285439516,0.29396867156154777,12.0,3.0,SMARTER_PIDenhanced,2,0,9.050826515352858,9.684100900879589,4.71830645976308,5.011207768719648,0.0
1656831600,cloamy,2022,0.3744321465695157,0.29396867156154777,12.0,3.0,SMARTER_PIDenhanced,2,11.13968465515702,9.050826515352858,7.875822878948619,4.71830645976308,5.092738606332596,0.0
1656918000,cloamy,2022,0.30901186872791725,0.3744321465695157,12.0,3.0,SMARTER_PIDenhanced,2,0,11.13968465515702,8.846129638751195,4.71830645976308,5.0460495945836685,0.0
1657004400,cloamy,2022,0.4006808020693265,0.3744321465695157,12.0,3.0,SMARTER_PIDenhanced,2,12.65671092736273,11.13968465515702,8.353871892123982,4.71830645976308,5.118987261832407,0.0
1657090800,cloamy,2022,0.29267386971640674,0.4006808020693265,12.0,3.0,SMARTER_PIDenhanced,2,0,12.65671092736273,8.10868026961472,4.71830645976308,5.0411011397189585,0.0
1657177200,cloamy,2022,0.3308930740284078,0.4006808020693265,12.0,3.0,SMARTER_PIDenhanced,2,12.811937412956928,12.65671092736273,5.27960920736311,4.71830645976308,5.049199533791488,11.6
1657263600,cloamy,2022,0.169412534490791,0.3308930740284078,12.0,3.0,SMARTER_PIDenhanced,2,0,12.811937412956928,7.275206390354677,4.71830645976308,4.945242392721473,0.0
1657350000,cloamy,2022,0.2163732329959162,0.3308930740284078,12.0,3.0,SMARTER_PIDenhanced,2,12.086819019554778,12.811937412956928,7.121172904786319,4.71830645976308,4.939520511068696,0.0
1657436400,cloamy,2022,0.12621743617573322,0.2163732329959162,12.0,3.0,SMARTER_PIDenhanced,2,0,12.086819019554778,7.612583271961939,4.71830645976308,4.894358477289211,0.0
1657522800,cloamy,2022,0.2238415047825782,0.2163732329959162,12.0,3.0,SMARTER_PIDenhanced,2,12.847962795342456,12.086819019554778,8.472336750464112,4.71830645976308,4.944146019982255,0.0
1657609200,cloamy,2022,0.12610370984115682,0.2238415047825782,12.0,3.0,SMARTER_PIDenhanced,2,0,12.847962795342456,7.4879930375083275,4.71830645976308,4.895649425782851,0.0
1657695600,cloamy,2022,0.17461482514663731,0.2238415047825782,12.0,3.0,SMARTER_PIDenhanced,2,12.781087115151077,12.847962795342456,5.439558555641069,4.71830645976308,4.897325698121716,0.0
1657782000,cloamy,2022,0.1032777645591779,0.17461482514663731,12.0,3.0,SMARTER_PIDenhanced,2,0,12.781087115151077,8.254676604732598,4.71830645976308,4.875333746408114,0.0
1657868400,cloamy,2022,0.23287515455077612,0.17461482514663731,12.0,3.0,SMARTER_PIDenhanced,2,14.178836531653072,12.781087115151077,9.447916516172471,4.71830645976308,4.953159086699233,0.0
1657954800,cloamy,2022,0.14885469217077354,0.23287515455077612,12.0,3.0,SMARTER_PIDenhanced,2,0,14.178836531653072,8.968687582898376,4.71830645976308,4.923690386722393,0.0
1658041200,cloamy,2022,0.24092581966245735,0.23287515455077612,12.0,3.0,SMARTER_PIDenhanced,2,14.998221971980618,14.178836531653072,7.701644419417017,4.71830645976308,4.962884698089918,0.0
1658127600,cloamy,2022,0.11107106836060901,0.24092581966245735,12.0,3.0,SMARTER_PIDenhanced,2,0,14.998221971980618,7.236620092977568,4.71830645976308,4.897044493577285,0.0
1658214000,cloamy,2022,0.20677330174883515,0.24092581966245735,12.0,3.0,SMARTER_PIDenhanced,2,15.208711662263656,14.998221971980618,7.976539558735554,4.71830645976308,4.9315864605686235,0.0
1658300400,cloamy,2022,0.11114592874340941,0.20677330174883515,12.0,3.0,SMARTER_PIDenhanced,2,0,15.208711662263656,9.031637030513592,4.71830645976308,4.89889117938805,0.0
1658386800,cloamy,2022,0.2142231904407093,0.20677330174883515,12.0,3.0,SMARTER_PIDenhanced,2,15.940779897888273,15.208711662263656,8.523521442036436,4.71830645976308,4.939005382123238,0.0
1687503600,cloamy,2023,-0.5785463241166519,0,12.0,3.0,SMARTER_PIDenhanced,2,0,0,6.420277994663035,4.71830645976308,4.139760135646428,0.0
1687590000,cloamy,2023,-0.46209314101980364,-0.5785463241166519,12.0,3.0,SMARTER_PIDenhanced,2,0,0,6.3387606045021405,4.71830645976308,4.256213318743277,0.0
1687676400,cloamy,2023,-0.3297361024204429,-0.5785463241166519,12.0,3.0,SMARTER_PIDenhanced,2,1.9965143530931793,0,7.077332335884068,4.71830645976308,4.388570357342638,0.0
1687762800,cloamy,2023,-0.23567683254127522,-0.3297361024204429,12.0,3.0,SMARTER_PIDenhanced,2,0,1.9965143530931793,6.229180911248416,4.71830645976308,4.482629627221805,0.0
1687849200,cloamy,2023,-0.09911913274238757,-0.3297361024204429,12.0,3.0,SMARTER_PIDenhanced,2,4.466560591002681,1.9965143530931793,7.717627618312005,4.71830645976308,4.6191873270206925,0.0
1687935600,cloamy,2023,-0.016102156150156217,-0.09911913274238757,12.0,3.0,SMARTER_PIDenhanced,2,0,4.466560591002681,8.190146658736474,4.71830645976308,4.702204303612924,0.0
1688022000,cloamy,2023,0.022064963453302926,-0.09911913274238757,12.0,3.0,SMARTER_PIDenhanced,2,5.9869646357108754,4.466560591002681,2.6534944981591777,4.71830645976308,4.740371423216383,0.0
1688108400,cloamy,2023,0.061220598518473085,0.022064963453302926,12.0,3.0,SMARTER_PIDenhanced,2,0,5.9869646357108754,7.8119211404442055,4.71830645976308,4.779856119552382,0.0
1688194800,cloamy,2023,0.0953992355265158,0.022064963453302926,12.0,3.0,SMARTER_PIDenhanced,2,7.153173607168977,5.9869646357108754,2.989408376370308,4.71830645976308,4.813705695289596,0.0
1688281200,cloamy,2023,0.03973416084168325,0.0953992355265158,12.0,3.0,SMARTER_PIDenhanced,2,0,7.153173607168977,3.6286065346203205,4.71830645976308,4.763720505793711,0.0
1688367600,cloamy,2023,0.11870450688845445,0.0953992355265158,12.0,3.0,SMARTER_PIDenhanced,2,7.788950384177604,7.153173607168977,5.9091258835011,4.71830645976308,4.837010966651535,0.0
1688454000,cloamy,2023,0.10279490238602074,0.11870450688845445,12.0,3.0,SMARTER_PIDenhanced,2,0,7.788950384177604,6.621532339824514,4.71830645976308,4.830033607214137,0.0
1688540400,cloamy,2023,0.1841348009525557,0.11870450688845445,12.0,3.0,SMARTER_PIDenhanced,2,9.126518315804486,7.788950384177604,6.395412175418061,4.71830645976308,4.902441260715636,0.0
1688626800,cloamy,2023,0.15511727752953103,0.1841348009525557,12.0,3.0,SMARTER_PIDenhanced,2,0,9.126518315804486,7.492344925936937,4.71830645976308,4.888875639280476,5.0
1688713200,cloamy,2023,0.16911912827669906,0.1841348009525557,12.0,3.0,SMARTER_PIDenhanced,2,9.453687628524303,9.126518315804486,3.3788724562330463,4.71830645976308,4.8875449724110664,0.0
1688799600,cloamy,2023,0.10719210063992131,0.16911912827669906,12.0,3.0,SMARTER_PIDenhanced,2,0,9.453687628524303,6.518921569415171,4.71830645976308,4.851482992059965,0.0
1688886000,cloamy,2023,0.19407781397579157,0.16911912827669906,12.0,3.0,SMARTER_PIDenhanced,2,10.33542529884079,9.453687628524303,7.0675670514600375,4.71830645976308,4.912384273738872,0.0
1688972400,cloamy,2023,0.13620937659578095,0.19407781397579157,12.0,3.0,SMARTER_PIDenhanced,2,0,10.33542529884079,6.961944041187434,4.71830645976308,4.883234265371466,0.0
1689058800,cloamy,2023,0.23072628109230162,0.19407781397579157,12.0,3.0,SMARTER_PIDenhanced,2,11.467385747515815,10.33542529884079,7.523781176422247,4.71830645976308,4.949032740855382,0.0
1689145200,cloamy,2023,0.16785892421159765,0.23072628109230162,12.0,3.0,SMARTER_PIDenhanced,2,0,11.467385747515815,7.806608352298979,4.71830645976308,4.919692239422066,0.0
1689231600,cloamy,2023,0.2603806944517659,0.23072628109230162,12.0,3.0,SMARTER_PIDenhanced,2,12.604380791184685,11.467385747515815,7.714035948667738,4.71830645976308,4.97875053240425,22.8
1689318000,cloamy,2023,-0.07189837112466989,0.2603806944517659,12.0,3.0,SMARTER_PIDenhanced,2,0,12.604380791184685,2.9961159428327533,4.71830645976308,4.738348267013376,0.0
1689404400,cloamy,2023,-0.05972824966988909,0.2603806944517659,12.0,3.0,SMARTER_PIDenhanced,2,8.583888712715156,12.604380791184685,5.390782029334142,4.71830645976308,4.679015107066343,0.0
1689490800,cloamy,2023,-0.07767387284688891,-0.05972824966988909,12.0,3.0,SMARTER_PIDenhanced,2,0,8.583888712715156,7.1090569971804145,4.71830645976308,4.686172596529005,0.0
1689577200,cloamy,2023,0.016793220024812244,-0.05972824966988909,12.0,3.0,SMARTER_PIDenhanced,2,9.552526009126009,8.583888712715156,6.608581357186508,4.71830645976308,4.738656176078267,0.0
1689663600,cloamy,2023,0.008103024503710426,0.016793220024812244,12.0,3.0,SMARTER_PIDenhanced,2,0,9.552526009126009,7.5003116982488045,4.71830645976308,4.762423195111134,0.0
1689750000,cloamy,2023,0.11771210646946142,0.016793220024812244,12.0,3.0,SMARTER_PIDenhanced,2,11.116688965870182,9.552526009126009,7.063404491828016,4.71830645976308,4.8368113376542095,0.0
1689836400,cloamy,2023,0.092618621766754,0.11771210646946142,12.0,3.0,SMARTER_PIDenhanced,2,0,11.116688965870182,7.949048805371062,4.71830645976308,4.849030780571981,0.0
1689922800,cloamy,2023,0.17833792566156612,0.11771210646946142,12.0,3.0,SMARTER_PIDenhanced,2,12.379212573160137,11.116688965870182,6.202164075023188,4.71830645976308,4.897727635996778,0.0
1719126000,cloamy,2024,-0.6176911353959775,0,12.0,3.0,SMARTER_PIDenhanced,2,0,0,1.6632265501860408,4.71830645976308,4.100615324367102,1.7999999999999998
1719212400,cloamy,2024,-0.636353238207011,-0.6176911353959775,12.0,3.0,SMARTER_PIDenhanced,2,0,0,1.5856569477409397,4.71830645976308,4.081953221556069,5.8
1719298800,cloamy,2024,-0.6603845557583246,-0.6176911353959775,12.0,3.0,SMARTER_PIDenhanced,2,0,0,1.6430199437714739,4.71830645976308,4.057921904004756,12.6
1719385200,cloamy,2024,-0.6583217722312485,-0.6603845557583246,12.0,3.0,SMARTER_PIDenhanced,2,0,0,3.7360647761286776,4.71830645976308,4.0599846875318315,1.0
1719471600,cloamy,2024,-0.6784190088955133,-0.6603845557583246,12.0,3.0,SMARTER_PIDenhanced,2,0,0,3.2830581050375076,4.71830645976308,4.039887450867567,0.0
1719558000,cloamy,2024,-0.5612707002741859,-0.6784190088955133,12.0,3.0,SMARTER_PIDenhanced,2,0,0,8.105450401178516,4.71830645976308,4.1570357594888945,0.0
1719644400,cloamy,2024,-0.4476572934762048,-0.6784190088955133,12.0,3.0,SMARTER_PIDenhanced,2,0,0,6.855392222915658,4.71830645976308,4.2706491662868755,0.0
1719730800,cloamy,2024,-0.329465435674857,-0.4476572934762048,12.0,3.0,SMARTER_PIDenhanced,2,0,0,6.275478723242181,4.71830645976308,4.388841024088223,0.0
1719817200,cloamy,2024,-0.1456955131214625,-0.4476572934762048,12.0,3.0,SMARTER_PIDenhanced,2,3.18645482489252,0,9.008052630760128,4.71830645976308,4.572610946641618,0.0
1719903600,cloamy,2024,-0.054166004246458,-0.1456955131214625,12.0,3.0,SMARTER_PIDenhanced,2,0,3.18645482489252,6.40343719338403,4.71830645976308,4.664140455516622,0.0
1719990000,cloamy,2024,0.0780501616035815,-0.1456955131214625,12.0,3.0,SMARTER_PIDenhanced,2,6.105553406403792,3.18645482489252,6.828302846826217,4.71830645976308,4.7963566213666615,0.0
1720076400,cloamy,2024,0.04828533854308854,0.0780501616035815,12.0,3.0,SMARTER_PIDenhanced,2,0,6.105553406403792,3.501203041998366,4.71830645976308,4.766591798306169,0.0
1720162800,cloamy,2024,0.11851833024789625,0.0780501616035815,12.0,3.0,SMARTER_PIDenhanced,2,6.946726420879258,6.105553406403792,4.1107559323561444,4.71830645976308,4.836824790010977,0.0
1720249200,cloamy,2024,0.1467646053573851,0.11851833024789625,12.0,3.0,SMARTER_PIDenhanced,2,0,6.946726420879258,7.570021332731803,4.71830645976308,4.866774990804065,0.0
1720335600,cloamy,2024,0.27292327576899206,0.11851833024789625,12.0,3.0,SMARTER_PIDenhanced,2,9.618355594439384,6.946726420879258,8.236770338981968,4.71830645976308,4.991229735532072,0.0
1720422000,cloamy,2024,0.17110464063463843,0.27292327576899206,12.0,3.0,SMARTER_PIDenhanced,2,0,9.618355594439384,3.5751601774979624,4.71830645976308,4.902414749062012,0.0
1720508400,cloamy,2024,0.24888733387519113,0.27292327576899206,12.0,3.0,SMARTER_PIDenhanced,2,10.076586293339346,9.618355594439384,6.021523561190189,4.71830645976308,4.9671937936382715,1.0
1720594800,cloamy,2024,0.18115557509626715,0.24888733387519113,12.0,3.0,SMARTER_PIDenhanced,2,0,10.076586293339346,6.408995121084742,4.71830645976308,4.919815380073877,0.0
1720681200,cloamy,2024,0.2722655339931984,0.24888733387519113,12.0,3.0,SMARTER_PIDenhanced,2,11.17392129673503,10.076586293339346,7.100145056634385,4.71830645976308,4.990571993756278,0.0
1720767600,cloamy,2024,0.22307227249959624,0.2722655339931984,12.0,3.0,SMARTER_PIDenhanced,2,0,11.17392129673503,8.417233027045325,4.71830645976308,4.967089239406699,0.0
1720854000,cloamy,2024,0.35396172606701143,0.2722655339931984,12.0,3.0,SMARTER_PIDenhanced,2,13.21616077982182,11.17392129673503,9.478835789843245,4.71830645976308,5.072268185830092,0.0
1720940400,cloamy,2024,0.26591885255961917,0.35396172606701143,12.0,3.0,SMARTER_PIDenhanced,2,0,13.21616077982182,8.65408688020589,4.71830645976308,5.019428300587819,0.0
1721026800,cloamy,2024,0.3618088647797343,0.35396172606701143,12.0,3.0,SMARTER_PIDenhanced,2,14.395753038713696,13.21616077982182,8.038553013013921,4.71830645976308,5.080115324542814,0.0
1721113200,cloamy,2024,0.24407797175414117,0.3618088647797343,12.0,3.0,SMARTER_PIDenhanced,2,0,14.395753038713696,8.079175888672749,4.71830645976308,5.00884146925093,0.0
1721199600,cloamy,2024,0.37335086603547146,0.3618088647797343,12.0,3.0,SMARTER_PIDenhanced,2,15.654309651888958,14.395753038713696,9.89638188136864,4.71830645976308,5.091831857712503,0.0
1721286000,cloamy,2024,0.2487620520095355,0.37335086603547146,12.0,3.0,SMARTER_PIDenhanced,2,0,15.654309651888958,8.856197692783795,4.71830645976308,5.022436252350698,0.0
1721372400,cloamy,2024,0.35003520757314305,0.37335086603547146,12.0,3.0,SMARTER_PIDenhanced,2,16.424627373060446,15.654309651888958,8.59349226880255,4.71830645976308,5.070097164156388,0.0
1721458800,cloamy,2024,0.17220334430702147,0.35003520757314305,12.0,3.0,SMARTER_PIDenhanced,2,0,16.424627373060446,6.5994601364997925,4.71830645976308,4.9611956703056785,0.0
1721545200,cloamy,2024,0.2305470210069203,0.35003520757314305,12.0,3.0,SMARTER_PIDenhanced,2,15.682410197286533,16.424627373060446,6.35886520949269,4.71830645976308,4.957172483054539,0.0
1625986800,sandy,2021,0.22279779625051407,0,24.5,10.5,SMARTER_PIDenhanced,7,7.7979228687679925,0,7.909412676835701,4.71830645976308,4.9411042560135945,0.0
1626073200,sandy,2021,0.20369995794524298,0.22279779625051407,24.5,10.5,SMARTER_PIDenhanced,7,0,7.7979228687679925,8.171899400888595,4.71830645976308,4.922006417708324,0.0
1626159600,sandy,2021,0.37179288696136464,0.22279779625051407,24.5,10.5,SMARTER_PIDenhanced,7,0,7.7979228687679925,7.307248568315713,4.71830645976308,5.090099346724445,49.2
1626246000,sandy,2021,-0.7835474680069645,0.22279779625051407,24.5,10.5,SMARTER_PIDenhanced,7,0,7.7979228687679925,3.7200181370317593,4.71830645976308,3.9393819844089872,0.0
1626332400,sandy,2021,-0.6416668242156831,0.22279779625051407,24.5,10.5,SMARTER_PIDenhanced,7,0,7.7979228687679925,6.588938290136868,4.71830645976308,4.076639635547397,0.0
1626418800,sandy,2021,-0.4788235654041236,0.22279779625051407,24.5,10.5,SMARTER_PIDenhanced,7,0,7.7979228687679925,4.2070949143533625,4.71830645976308,4.239482894358956,10.8
1626505200,sandy,2021,-0.6436695872405842,0.22279779625051407,24.5,10.5,SMARTER_PIDenhanced,7,0,7.7979228687679925,1.7206288405645938,4.71830645976308,4.074636872522496,0.8
1626591600,sandy,2021,-0.6050800841718051,0.22279779625051407,24.5,10.5,SMARTER_PIDenhanced,7,0,7.7979228687679925,2.3398193330169916,4.71830645976308,4.1132263755912755,0.0
1626678000,sandy,2021,-0.3733661456363846,-0.6050800841718051,24.5,10.5,SMARTER_PIDenhanced,7,0,0,5.542148180411579,4.71830645976308,4.344940314126696,0.0
1626764400,sandy,2021,-0.1351873756386196,-0.6050800841718051,24.5,10.5,SMARTER_PIDenhanced,7,0,0,6.336708517861463,4.71830645976308,4.58311908412446,0.0
1626850800,sandy,2021,0.10276565365761076,-0.6050800841718051,24.5,10.5,SMARTER_PIDenhanced,7,0,0,7.723088615724408,4.71830645976308,4.821072113420691,0.0
1626937200,sandy,2021,0.2704733938412229,-0.6050800841718051,24.5,10.5,SMARTER_PIDenhanced,7,0,0,6.384988487195638,4.71830645976308,4.988779853604303,0.0
1627023600,sandy,2021,0.4223378067375615,-0.6050800841718051,24.5,10.5,SMARTER_PIDenhanced,7,0,0,6.724001721462045,4.71830645976308,5.140644266500642,0.0
1627110000,sandy,2021,0.5500263992763519,-0.6050800841718051,24.5,10.5,SMARTER_PIDenhanced,7,0,0,6.639604206034317,4.71830645976308,5.2683328590394325,0.0
1627196400,sandy,2021,0.6530176367336388,-0.6050800841718051,24.5,10.5,SMARTER_PIDenhanced,7,37.68007934788659,0,6.068344799075018,4.71830645976308,5.371324096496719,0.0
1627282800,sandy,2021,-0.5392910864406869,0.6530176367336388,24.5,10.5,SMARTER_PIDenhanced,7,0,37.68007934788659,3.7441148307248353,4.71830645976308,4.21032203527093,0.0
1627369200,sandy,2021,-0.3814589659815437,0.6530176367336388,24.5,10.5,SMARTER_PIDenhanced,7,0,37.68007934788659,5.25782491390273,4.71830645976308,4.336847493781536,1.0
1627455600,sandy,2021,-0.23018566744603702,0.6530176367336388,24.5,10.5,SMARTER_PIDenhanced,7,0,37.68007934788659,4.067188753317478,4.71830645976308,4.488120792317043,0.0
1627542000,sandy,2021,-0.023110116660217225,0.6530176367336388,24.5,10.5,SMARTER_PIDenhanced,7,0,37.68007934788659,5.501441403272102,4.71830645976308,4.695196343102863,0.0
1627628400,sandy,2021,0.20142883026083008,0.6530176367336388,24.5,10.5,SMARTER_PIDenhanced,7,0,37.68007934788659,7.363960029273559,4.71830645976308,4.91973529002391,0.0
1627714800,sandy,2021,0.39942580441425424,0.6530176367336388,24.5,10.5,SMARTER_PIDenhanced,7,0,37.68007934788659,8.127164249908118,4.71830645976308,5.117732264177334,0.0
1627801200,sandy,2021,0.5441486666679574,0.6530176367336388,24.5,10.5,SMARTER_PIDenhanced,7,40.726350581290944,37.68007934788659,7.011084171391055,4.71830645976308,5.262455126431037,9.0
1627887600,sandy,2021,-0.7401923326554686,0.5441486666679574,24.5,10.5,SMARTER_PIDenhanced,7,0,40.726350581290944,7.304828236834061,4.71830645976308,4.0510373087459195,0.0
1627974000,sandy,2021,-0.5221918488594101,0.5441486666679574,24.5,10.5,SMARTER_PIDenhanced,7,0,40.726350581290944,7.320018177389831,4.71830645976308,4.19611461090367,0.0
1628060400,sandy,2021,-0.20689660172968735,0.5441486666679574,24.5,10.5,SMARTER_PIDenhanced,7,0,40.726350581290944,8.239496207860649,4.71830645976308,4.511409858033393,0.0
1628146800,sandy,2021,-0.05170638185073502,0.5441486666679574,24.5,10.5,SMARTER_PIDenhanced,7,0,40.726350581290944,4.198759507591638,4.71830645976308,4.666600077912345,0.0
1628233200,sandy,2021,0.1981336624433397,0.5441486666679574,24.5,10.5,SMARTER_PIDenhanced,7,0,40.726350581290944,8.25634687060054,4.71830645976308,4.91644012220642,0.0
1628319600,sandy,2021,0.3812143449952167,0.5441486666679574,24.5,10.5,SMARTER_PIDenhanced,7,0,40.726350581290944,7.823891414052509,4.71830645976308,5.099520804758297,0.0
1628406000,sandy,2021,0.5179189454578939,0.5441486666679574,24.5,10.5,SMARTER_PIDenhanced,7,45.52187133895227,40.726350581290944,6.8058425683475985,4.71830645976308,5.236225405220974,0.0
1628492400,sandy,2021,-0.7254955577591886,0.5179189454578939,24.5,10.5,SMARTER_PIDenhanced,7,0,45.52187133895227,8.235329351972808,4.71830645976308,4.081320721688051,0.0
1655967600,sandy,2022,-0.30341516520919526,0,24.5,10.5,SMARTER_PIDenhanced,7,0,0,5.915965904891959,4.71830645976308,4.414891294553885,0.0
1656054000,sandy,2022,-0.16819340711649616,-0.30341516520919526,24.5,10.5,SMARTER_PIDenhanced,7,0,0,5.717907755951627,4.71830645976308,4.5501130526465845,0.0
1656140400,sandy,2022,0.0408931381871842,-0.30341516520919526,24.5,10.5,SMARTER_PIDenhanced,7,0,0,9.203948870710635,4.71830645976308,4.759199597950264,0.0
1656226800,sandy,2022,0.2097526509868153,-0.30341516520919526,24.5,10.5,SMARTER_PIDenhanced,7,0,0,9.569797117975432,4.71830645976308,4.928059110749896,0.0
1656313200,sandy,2022,0.33457422275818177,-0.30341516520919526,24.5,10.5,SMARTER_PIDenhanced,7,0,0,8.693094774412245,4.71830645976308,5.052880682521262,0.0
1656399600,sandy,2022,0.4245729920834158,-0.30341516520919526,24.5,10.5,SMARTER_PIDenhanced,7,0,0,7.460713537351751,4.71830645976308,5.142879451846496,1.6
1656486000,sandy,2022,0.44660968231158255,-0.30341516520919526,24.5,10.5,SMARTER_PIDenhanced,7,0,0,1.8323231735051733,4.71830645976308,5.164916142074663,0.0
1656572400,sandy,2022,0.5208146411712649,-0.30341516520919526,24.5,10.5,SMARTER_PIDenhanced,7,25.662183988619553,0,6.425725286268609,4.71830645976308,5.239121100934345,0.0
1656658800,sandy,2022,-0.1435638577139289,0.5208146411712649,24.5,10.5,SMARTER_PIDenhanced,7,0,25.662183988619553,8.481182130641368,4.71830645976308,4.5747426020491515,0.0
1656745200,sandy,2022,0.060475952089858474,0.5208146411712649,24.5,10.5,SMARTER_PIDenhanced,7,0,25.662183988619553,9.684100900879589,4.71830645976308,4.778782411852939,0.0
1656831600,sandy,2022,0.22615564369592248,0.5208146411712649,24.5,10.5,SMARTER_PIDenhanced,7,0,25.662183988619553,7.875822878948619,4.71830645976308,4.944462103459003,0.0
1656918000,sandy,2022,0.377487264013379,0.5208146411712649,24.5,10.5,SMARTER_PIDenhanced,7,0,25.662183988619553,8.846129638751195,4.71830645976308,5.09579372377646,0.0
1657004400,sandy,2022,0.4993982096754057,0.5208146411712649,24.5,10.5,SMARTER_PIDenhanced,7,0,25.662183988619553,8.353871892123982,4.71830645976308,5.217704669438486,0.0
1657090800,sandy,2022,0.5977984288534682,0.5208146411712649,24.5,10.5,SMARTER_PIDenhanced,7,0,25.662183988619553,8.10868026961472,4.71830645976308,5.3161048886165485,0.0
1657177200,sandy,2022,0.6575557945924225,0.5208146411712649,24.5,10.5,SMARTER_PIDenhanced,7,35.91667809065835,25.662183988619553,5.27960920736311,4.71830645976308,5.375862254355503,11.6
1657263600,sandy,2022,-0.545948111508891,0.6575557945924225,24.5,10.5,SMARTER_PIDenhanced,7,0,35.91667809065835,7.275206390354677,4.71830645976308,4.220524977408646,0.0
1657350000,sandy,2022,-0.3957066716066467,0.6575557945924225,24.5,10.5,SMARTER_PIDenhanced,7,0,35.91667809065835,7.121172904786319,4.71830645976308,4.322599788156434,0.0
1657436400,sandy,2022,-0.16056305968617512,0.6575557945924225,24.5,10.5,SMARTER_PIDenhanced,7,0,35.91667809065835,7.612583271961939,4.71830645976308,4.557743400076905,0.0
1657522800,sandy,2022,0.07914659432624734,0.6575557945924225,24.5,10.5,SMARTER_PIDenhanced,7,0,35.91667809065835,8.472336750464112,4.71830645976308,4.797453054089328,0.0
1657609200,sandy,2022,0.24986279066933864,0.6575557945924225,24.5,10.5,SMARTER_PIDenhanced,7,0,35.91667809065835,7.4879930375083275,4.71830645976308,4.968169250432419,0.0
1657695600,sandy,2022,0.3628095085833057,0.6575557945924225,24.5,10.5,SMARTER_PIDenhanced,7,0,35.91667809065835,5.439558555641069,4.71830645976308,5.081115968346386,0.0
1657782000,sandy,2022,0.5082940298502749,0.6575557945924225,24.5,10.5,SMARTER_PIDenhanced,7,37.59685216790362,35.91667809065835,8.254676604732598,4.71830645976308,5.2266004896133555,0.0
1657868400,sandy,2022,-0.46675736253082234,0.5082940298502749,24.5,10.5,SMARTER_PIDenhanced,7,0,37.59685216790362,9.447916516172471,4.71830645976308,4.2779769171949145,0.0
1657954800,sandy,2022,-0.2035691322145713,0.5082940298502749,24.5,10.5,SMARTER_PIDenhanced,7,0,37.59685216790362,8.968687582898376,4.71830645976308,4.5147373275485085,0.0
1658041200,sandy,2022,0.04023122407414851,0.5082940298502749,24.5,10.5,SMARTER_PIDenhanced,7,0,37.59685216790362,7.701644419417017,4.71830645976308,4.758537683837229,0.0
1658127600,sandy,2022,0.2278798884960238,0.5082940298502749,24.5,10.5,SMARTER_PIDenhanced,7,0,37.59685216790362,7.236620092977568,4.71830645976308,4.946186348259104,0.0
1658214000,sandy,2022,0.39712955066003286,0.5082940298502749,24.5,10.5,SMARTER_PIDenhanced,7,0,37.59685216790362,7.976539558735554,4.71830645976308,5.115436010423113,0.0
1658300400,sandy,2022,0.5536711280571467,0.5082940298502749,24.5,10.5,SMARTER_PIDenhanced,7,0,37.59685216790362,9.031637030513592,4.71830645976308,5.271977587820227,0.0
1658386800,sandy,2022,0.670200776922959,0.5082940298502749,24.5,10.5,SMARTER_PIDenhanced,7,48.60067562887545,37.59685216790362,8.523521442036436,4.71830645976308,5.388507236686039,0.0
1687503600,sandy,2023,-0.5182796207433059,0,24.5,10.5,SMARTER_PIDenhanced,7,0,0,6.420277994663035,4.71830645976308,4.200026839019774,0.0
1687590000,sandy,2023,-0.37625234803521074,-0.5182796207433059,24.5,10.5,SMARTER_PIDenhanced,7,0,0,6.3387606045021405,4.71830645976308,4.34205411172787,0.0
1687676400,sandy,2023,-0.20659089532620162,-0.5182796207433059,24.5,10.5,SMARTER_PIDenhanced,7,0,0,7.077332335884068,4.71830645976308,4.511715564436878,0.0
1687762800,sandy,2023,-0.07252202383654753,-0.5182796207433059,24.5,10.5,SMARTER_PIDenhanced,7,0,0,6.229180911248416,4.71830645976308,4.645784435926533,0.0
1687849200,sandy,2023,0.06710905766660423,-0.5182796207433059,24.5,10.5,SMARTER_PIDenhanced,7,0,0,7.717627618312005,4.71830645976308,4.785415517429684,0.0
1687935600,sandy,2023,0.19332770877772298,-0.5182796207433059,24.5,10.5,SMARTER_PIDenhanced,7,0,0,8.190146658736474,4.71830645976308,4.911634168540803,0.0
1688022000,sandy,2023,0.22915848335995273,-0.5182796207433059,24.5,10.5,SMARTER_PIDenhanced,7,0,0,2.6534944981591777,4.71830645976308,4.947464943123033,0.0
1688108400,sandy,2023,0.3335085529666218,-0.5182796207433059,24.5,10.5,SMARTER_PIDenhanced,7,24.37065006204276,0,7.8119211404442055,4.71830645976308,5.051815012729702,0.0
1688194800,sandy,2023,-0.3509481698121196,0.3335085529666218,24.5,10.5,SMARTER_PIDenhanced,7,0,24.37065006204276,2.989408376370308,4.71830645976308,4.36735828995096,0.0
1688281200,sandy,2023,-0.27239073241218187,0.3335085529666218,24.5,10.5,SMARTER_PIDenhanced,7,0,24.37065006204276,3.6286065346203205,4.71830645976308,4.445915727350898,0.0
1688367600,sandy,2023,-0.1141608234663956,0.3335085529666218,24.5,10.5,SMARTER_PIDenhanced,7,0,24.37065006204276,5.9091258835011,4.71830645976308,4.604145636296685,0.0
1688454000,sandy,2023,0.04395732905605383,0.3335085529666218,24.5,10.5,SMARTER_PIDenhanced,7,0,24.37065006204276,6.621532339824514,4.71830645976308,4.762263788819134,0.0
1688540400,sandy,2023,0.1744998062655054,0.3335085529666218,24.5,10.5,SMARTER_PIDenhanced,7,0,24.37065006204276,6.395412175418061,4.71830645976308,4.892806266028586,0.0
1688626800,sandy,2023,0.30784408741475344,0.3335085529666218,24.5,10.5,SMARTER_PIDenhanced,7,0,24.37065006204276,7.492344925936937,4.71830645976308,5.026150547177834,5.0
1688713200,sandy,2023,0.3606882710129045,0.3335085529666218,24.5,10.5,SMARTER_PIDenhanced,7,28.823779999812185,24.37065006204276,3.3788724562330463,4.71830645976308,5.078994730775984,0.0
1688799600,sandy,2023,-0.4484408763132445,0.3606882710129045,24.5,10.5,SMARTER_PIDenhanced,7,0,28.823779999812185,6.518921569415171,4.71830645976308,4.277169381586934,0.0
1688886000,sandy,2023,-0.25908476859256147,0.3606882710129045,24.5,10.5,SMARTER_PIDenhanced,7,0,28.823779999812185,7.0675670514600375,4.71830645976308,4.4592216911705185,0.0
1688972400,sandy,2023,-0.05107377550866931,0.3606882710129045,24.5,10.5,SMARTER_PIDenhanced,7,0,28.823779999812185,6.961944041187434,4.71830645976308,4.667232684254411,0.0
1689058800,sandy,2023,0.13959282570873507,0.3606882710129045,24.5,10.5,SMARTER_PIDenhanced,7,0,28.823779999812185,7.523781176422247,4.71830645976308,4.857899285471816,0.0
1689145200,sandy,2023,0.30148951458425705,0.3606882710129045,24.5,10.5,SMARTER_PIDenhanced,7,0,28.823779999812185,7.806608352298979,4.71830645976308,5.019795974347337,0.0
1689231600,sandy,2023,0.43607482526399527,0.3606882710129045,24.5,10.5,SMARTER_PIDenhanced,7,0,28.823779999812185,7.714035948667738,4.71830645976308,5.154381285027076,22.8
1689318000,sandy,2023,0.11206848785392533,0.3606882710129045,24.5,10.5,SMARTER_PIDenhanced,7,23.909314434883413,28.823779999812185,2.9961159428327533,4.71830645976308,4.830374947617005,0.0
1689404400,sandy,2023,-0.5834777011986165,0.11206848785392533,24.5,10.5,SMARTER_PIDenhanced,7,0,23.909314434883413,5.390782029334142,4.71830645976308,4.141526723650089,0.0
1689490800,sandy,2023,-0.3699202510231502,0.11206848785392533,24.5,10.5,SMARTER_PIDenhanced,7,0,23.909314434883413,7.1090569971804145,4.71830645976308,4.34838620873993,0.0
1689577200,sandy,2023,-0.14160370372292125,0.11206848785392533,24.5,10.5,SMARTER_PIDenhanced,7,0,23.909314434883413,6.608581357186508,4.71830645976308,4.576702756040159,0.0
1689663600,sandy,2023,0.07912601180866935,0.11206848785392533,24.5,10.5,SMARTER_PIDenhanced,7,0,23.909314434883413,7.5003116982488045,4.71830645976308,4.797432471571749,0.0
1689750000,sandy,2023,0.25065151320847867,0.11206848785392533,24.5,10.5,SMARTER_PIDenhanced,7,0,23.909314434883413,7.063404491828016,4.71830645976308,4.968957972971559,0.0
1689836400,sandy,2023,0.41643394399162253,0.11206848785392533,24.5,10.5,SMARTER_PIDenhanced,7,0,23.909314434883413,7.949048805371062,4.71830645976308,5.134740403754702,0.0
1689922800,sandy,2023,0.5259489112467193,0.11206848785392533,24.5,10.5,SMARTER_PIDenhanced,7,39.571848376097414,23.909314434883413,6.202164075023188,4.71830645976308,5.2442553710098,0.0
1719126000,sandy,2024,-0.6661195040992536,0,24.5,10.5,SMARTER_PIDenhanced,7,0,0,1.6632265501860408,4.71830645976308,4.052186955663827,1.7999999999999998
1719212400,sandy,2024,-0.7534247343760541,-0.6661195040992536,24.5,10.5,SMARTER_PIDenhanced,7,0,0,1.5856569477409397,4.71830645976308,3.964881725387026,5.8
1719298800,sandy,2024,-0.8197174026101838,-0.6661195040992536,24.5,10.5,SMARTER_PIDenhanced,7,0,0,1.6430199437714739,4.71830645976308,3.8985890571528965,12.6
1719385200,sandy,2024,-0.9340528238009618,-0.6661195040992536,24.5,10.5,SMARTER_PIDenhanced,7,0,0,3.7360647761286776,4.71830645976308,3.7842536359621186,1.0
1719471600,sandy,2024,-0.910323674887486,-0.6661195040992536,24.5,10.5,SMARTER_PIDenhanced,7,0,0,3.2830581050375076,4.71830645976308,3.8079827848755943,0.0
1719558000,sandy,2024,-0.6595301110247399,-0.6661195040992536,24.5,10.5,SMARTER_PIDenhanced,7,0,0,8.105450401178516,4.71830645976308,4.05877634873834,0.0
1719644400,sandy,2024,-0.452282082029348,-0.6661195040992536,24.5,10.5,SMARTER_PIDenhanced,7,0,0,6.855392222915658,4.71830645976308,4.266024377733732,0.0
1719730800,sandy,2024,-0.2852475080969843,-0.6661195040992536,24.5,10.5,SMARTER_PIDenhanced,7,0,0,6.275478723242181,4.71830645976308,4.433058951666096,0.0
1719817200,sandy,2024,-0.0877885670606165,-0.2852475080969843,24.5,10.5,SMARTER_PIDenhanced,7,0,0,9.008052630760128,4.71830645976308,4.630517892702464,0.0
1719903600,sandy,2024,0.0319915229283233,-0.2852475080969843,24.5,10.5,SMARTER_PIDenhanced,7,0,0,6.40343719338403,4.71830645976308,4.750297982691404,0.0
1719990000,sandy,2024,0.14416992323109115,-0.2852475080969843,24.5,10.5,SMARTER_PIDenhanced,7,0,0,6.828302846826217,4.71830645976308,4.8624763829941715,0.0
1720076400,sandy,2024,0.19780336309144353,-0.2852475080969843,24.5,10.5,SMARTER_PIDenhanced,7,0,0,3.501203041998366,4.71830645976308,4.916109822854524,0.0
1720162800,sandy,2024,0.26428972691429764,-0.2852475080969843,24.5,10.5,SMARTER_PIDenhanced,7,0,0,4.1107559323561444,4.71830645976308,4.982596186677378,0.0
1720249200,sandy,2024,0.37793463750097067,-0.2852475080969843,24.5,10.5,SMARTER_PIDenhanced,7,0,0,7.570021332731803,4.71830645976308,5.096241097264051,0.0
1720335600,sandy,2024,0.4868384612295356,-0.2852475080969843,24.5,10.5,SMARTER_PIDenhanced,7,24.02791009140986,0,8.236770338981968,4.71830645976308,5.205144920992616,0.0
1720422000,sandy,2024,-0.21567181538202038,0.4868384612295356,24.5,10.5,SMARTER_PIDenhanced,7,0,24.02791009140986,3.5751601774979624,4.71830645976308,4.50263464438106,0.0
1720508400,sandy,2024,-0.06532199614119052,0.4868384612295356,24.5,10.5,SMARTER_PIDenhanced,7,0,24.02791009140986,6.021523561190189,4.71830645976308,4.652984463621889,1.0
1720594800,sandy,2024,0.10033923459979747,0.4868384612295356,24.5,10.5,SMARTER_PIDenhanced,7,0,24.02791009140986,6.408995121084742,4.71830645976308,4.8186456943628775,0.0
1720681200,sandy,2024,0.2576860497568283,0.4868384612295356,24.5,10.5,SMARTER_PIDenhanced,7,0,24.02791009140986,7.100145056634385,4.71830645976308,4.975992509519909,0.0
1720767600,sandy,2024,0.4143557231840163,0.4868384612295356,24.5,10.5,SMARTER_PIDenhanced,7,0,24.02791009140986,8.417233027045325,4.71830645976308,5.132662182947096,0.0
1720854000,sandy,2024,0.5600927895254113,0.4868384612295356,24.5,10.5,SMARTER_PIDenhanced,7,0,24.02791009140986,9.478835789843245,4.71830645976308,5.2783992492884915,0.0
1720940400,sandy,2024,0.6702604305043628,0.4868384612295356,24.5,10.5,SMARTER_PIDenhanced,7,35.559482858938935,24.02791009140986,8.65408688020589,4.71830645976308,5.388566890267443,0.0
1721026800,sandy,2024,-0.34786724184548157,0.6702604305043628,24.5,10.5,SMARTER_PIDenhanced,7,0,35.559482858938935,8.038553013013921,4.71830645976308,4.384669720587348,0.0
1721113200,sandy,2024,-0.11717335898469947,0.6702604305043628,24.5,10.5,SMARTER_PIDenhanced,7,0,35.559482858938935,8.079175888672749,4.71830645976308,4.601133100778381,0.0
1721199600,sandy,2024,0.17621838013215427,0.6702604305043628,24.5,10.5,SMARTER_PIDenhanced,7,0,35.559482858938935,9.89638188136864,4.71830645976308,4.894524839895235,0.0
1721286000,sandy,2024,0.3737016739059872,0.6702604305043628,24.5,10.5,SMARTER_PIDenhanced,7,0,35.559482858938935,8.856197692783795,4.71830645976308,5.092008133669068,0.0
1721372400,sandy,2024,0.5241106139257092,0.6702604305043628,24.5,10.5,SMARTER_PIDenhanced,7,0,35.559482858938935,8.59349226880255,4.71830645976308,5.24241707368879,0.0
1721458800,sandy,2024,0.621752129400132,0.6702604305043628,24.5,10.5,SMARTER_PIDenhanced,7,0,35.559482858938935,6.5994601364997925,4.71830645976308,5.340058589163212,0.0
1721545200,sandy,2024,0.7027840272908725,0.6702604305043628,24.5,10.5,SMARTER_PIDenhanced,7,43.73554326676259,35.559482858938935,6.35886520949269,4.71830645976308,5.421090487053953,0.0
