timestamp,soil_texture,scenario,r,rOld,kp,ki,irrigation_strategy,irrigation_frequency,delta,deltaOld,et0,opt_avg,obs_avg,daily_pluv
1626073200,silty,2021,0.3306482264002303,0.0,40.0,12.0,SMARTER,7,0.0,0.0,8.171899400888595,4.71830645976308,5.04895468616331,0.0
1626159600,silty,2021,0.4892336919437809,0.0,40.0,12.0,SMARTER,7,0.0,0.0,7.307248568315713,4.71830645976308,5.207540151706861,49.2
1626246000,silty,2021,-0.3232128230042463,0.0,40.0,12.0,SMARTER,7,0.0,0.0,3.7200181370317593,4.71830645976308,4.39780171769948,0.0
1626332400,silty,2021,-0.2013422929121511,0.0,40.0,12.0,SMARTER,7,0.0,0.0,6.588938290136868,4.71830645976308,4.516964166850929,0.0
1626418800,silty,2021,-0.0870216099133217,0.0,40.0,12.0,SMARTER,7,0.0,0.0,4.2070949143533625,4.71830645976308,4.631284849849759,10.8
1626505200,silty,2021,-0.219135531844465,0.0,40.0,12.0,SMARTER,7,0.0,0.0,1.7206288405645938,4.71830645976308,4.499170927918615,0.8
1626591600,silty,2021,-0.1959828794486834,0.0,40.0,12.0,SMARTER,7,0.0,0.0,2.339819333016992,4.71830645976308,4.522323580314397,0.0
1626678000,silty,2021,-0.0037004332227625,-0.1959828794486834,40.0,12.0,SMARTER,7,0.0,0.0,5.542148180411579,4.71830645976308,4.714606026540317,0.0
1626764400,silty,2021,0.2183864496936692,-0.1959828794486834,40.0,12.0,SMARTER,7,0.0,0.0,6.336708517861463,4.71830645976308,4.93669290945675,0.0
1626850800,silty,2021,0.4431431913974532,-0.1959828794486834,40.0,12.0,SMARTER,7,0.0,0.0,7.723088615724408,4.71830645976308,5.161449651160534,0.0
1626937200,silty,2021,0.5977084112809339,-0.1959828794486834,40.0,12.0,SMARTER,7,0.0,0.0,6.384988487195638,4.71830645976308,5.316014871044014,0.0
1627023600,silty,2021,0.7359073284850466,-0.1959828794486834,40.0,12.0,SMARTER,7,0.0,0.0,6.724001721462045,4.71830645976308,5.454213788248127,0.0
1627110000,silty,2021,0.8490413244827562,-0.1959828794486834,40.0,12.0,SMARTER,7,0.0,0.0,6.639604206034317,4.71830645976308,5.567347784245836,0.0
1627196400,silty,2021,0.93540113562536,-0.1959828794486834,40.0,12.0,SMARTER,7,56.48017423046606,0.0,6.068344799075018,4.71830645976308,5.653707595388441,0.0
1627282800,silty,2021,0.0088939048926342,0.93540113562536,40.0,12.0,SMARTER,7,0.0,56.48017423046606,3.7441148307248353,4.71830645976308,4.9154543345405415,0.0
1627369200,silty,2021,-0.5052222297816849,0.93540113562536,40.0,12.0,SMARTER,7,0.0,56.48017423046606,5.25782491390273,4.71830645976308,4.341744474208689,1.0
1627455600,silty,2021,-0.4250375821676634,0.93540113562536,40.0,12.0,SMARTER,7,0.0,56.48017423046606,4.067188753317478,4.71830645976308,4.293627608532029,0.0
1627542000,silty,2021,-0.2194685086801857,0.93540113562536,40.0,12.0,SMARTER,7,0.0,56.48017423046606,5.501441403272102,4.71830645976308,4.498837951082894,0.0
1627628400,silty,2021,0.0587682941872626,0.93540113562536,40.0,12.0,SMARTER,7,0.0,56.48017423046606,7.363960029273559,4.71830645976308,4.777074753950343,0.0
1627714800,silty,2021,0.3405522599092777,0.93540113562536,40.0,12.0,SMARTER,7,0.0,56.48017423046606,8.127164249908118,4.71830645976308,5.058858719672358,0.0
1627801200,silty,2021,0.5297289663765296,0.93540113562536,40.0,12.0,SMARTER,7,46.6100350570312,56.48017423046606,7.011084171391055,4.71830645976308,5.24803542613961,9.0
1627887600,silty,2021,-0.2977440951902298,0.5297289663765296,40.0,12.0,SMARTER,7,0.0,46.6100350570312,7.304828236834061,4.71830645976308,4.636160162615982,0.0
1627974000,silty,2021,-0.5143896861825126,0.5297289663765296,40.0,12.0,SMARTER,7,0.0,46.6100350570312,7.320018177389831,4.71830645976308,4.294204284329235,0.0
1628060400,silty,2021,-0.2672734662653611,0.5297289663765296,40.0,12.0,SMARTER,7,0.0,46.6100350570312,8.239496207860649,4.71830645976308,4.451032993497719,0.0
1628146800,silty,2021,-0.1063560185215242,0.5297289663765296,40.0,12.0,SMARTER,7,0.0,46.6100350570312,4.198759507591638,4.71830645976308,4.611950441241556,0.0
1628233200,silty,2021,0.2017309582916507,0.5297289663765296,40.0,12.0,SMARTER,7,0.0,46.6100350570312,8.25634687060054,4.71830645976308,4.920037418054731,0.0
1628319600,silty,2021,0.438144944028959,0.5297289663765296,40.0,12.0,SMARTER,7,0.0,46.6100350570312,7.823891414052509,4.71830645976308,5.15645140379204,0.0
1628406000,silty,2021,0.5974736733016704,0.5297289663765296,40.0,12.0,SMARTER,7,56.48950741365688,46.6100350570312,6.805842568347599,4.71830645976308,5.315780133064751,0.0
1628492400,silty,2021,-0.1926358349611532,0.5974736733016704,40.0,12.0,SMARTER,7,0.0,56.48950741365688,8.235329351972808,4.71830645976308,4.73368989426936,0.0
1656054000,silty,2022,-0.2788604325414178,0.0,40.0,12.0,SMARTER,7,0.0,0.0,5.717907755951627,4.71830645976308,4.439466320129855,0.0
1656140400,silty,2022,-0.0739584526379522,0.0,40.0,12.0,SMARTER,7,0.0,0.0,9.203948870710636,4.71830645976308,4.644348007125128,0.0
1656226800,silty,2022,0.1319461742477244,0.0,40.0,12.0,SMARTER,7,0.0,0.0,9.569797117975432,4.71830645976308,4.850252634010805,0.0
1656313200,silty,2022,0.3034612139337153,0.0,40.0,12.0,SMARTER,7,0.0,0.0,8.693094774412245,4.71830645976308,5.021767673696796,0.0
1656399600,silty,2022,0.4226963138365975,0.0,40.0,12.0,SMARTER,7,0.0,0.0,7.460713537351751,4.71830645976308,5.141002773599678,1.6
1656486000,silty,2022,0.4534714406274182,0.0,40.0,12.0,SMARTER,7,0.0,0.0,1.8323231735051733,4.71830645976308,5.171777900390499,0.0
1656572400,silty,2022,0.5454304955962074,0.0,40.0,12.0,SMARTER,7,28.362385771002785,0.0,6.425725286268609,4.71830645976308,5.263736955359287,0.0
1656658800,silty,2022,0.1588641366967697,0.5454304955962074,40.0,12.0,SMARTER,7,0.0,28.362385771002785,8.481182130641368,4.71830645976308,4.92085561653611,0.0
1656745200,silty,2022,0.1367453498237537,0.5454304955962074,40.0,12.0,SMARTER,7,0.0,28.362385771002785,9.684100900879589,4.71830645976308,4.855051809586834,0.0
1656831600,silty,2022,0.2827368798057083,0.5454304955962074,40.0,12.0,SMARTER,7,0.0,28.362385771002785,7.875822878948619,4.71830645976308,5.001043339568788,0.0
1656918000,silty,2022,0.4540550221993765,0.5454304955962074,40.0,12.0,SMARTER,7,0.0,28.362385771002785,8.846129638751195,4.71830645976308,5.172361481962457,0.0
1657004400,silty,2022,0.5887263081218738,0.5454304955962074,40.0,12.0,SMARTER,7,0.0,28.362385771002785,8.353871892123982,4.71830645976308,5.307032767884954,0.0
1657090800,silty,2022,0.6942027280162457,0.5454304955962074,40.0,12.0,SMARTER,7,0.0,28.362385771002785,8.10868026961472,4.71830645976308,5.412509187779326,0.0
1657177200,silty,2022,0.7549655175496036,0.5454304955962074,40.0,12.0,SMARTER,7,45.80337285973388,28.362385771002785,5.27960920736311,4.71830645976308,5.473271977312684,11.6
1657263600,silty,2022,-0.1144134802688293,0.7549655175496036,40.0,12.0,SMARTER,7,0.0,45.80337285973388,7.275206390354677,4.71830645976308,4.793526627176714,0.0
1657350000,silty,2022,-0.36224539537696,0.7549655175496036,40.0,12.0,SMARTER,7,0.0,45.80337285973388,7.121172904786319,4.71830645976308,4.42860996192666,0.0
1657436400,silty,2022,-0.1679691004215338,0.7549655175496036,40.0,12.0,SMARTER,7,0.0,45.80337285973388,7.612583271961939,4.71830645976308,4.550337359341547,0.0
1657522800,silty,2022,0.0753992620552337,0.7549655175496036,40.0,12.0,SMARTER,7,0.0,45.80337285973388,8.472336750464112,4.71830645976308,4.793705721818314,0.0
1657609200,silty,2022,0.2834410396670827,0.7549655175496036,40.0,12.0,SMARTER,7,0.0,45.80337285973388,7.487993037508327,4.71830645976308,5.001747499430163,0.0
1657695600,silty,2022,0.4214626240673335,0.7549655175496036,40.0,12.0,SMARTER,7,0.0,45.80337285973388,5.439558555641069,4.71830645976308,5.139769083830414,0.0
1657782000,silty,2022,0.5846909666589803,0.7549655175496036,40.0,12.0,SMARTER,7,46.00868242401671,45.80337285973388,8.254676604732598,4.71830645976308,5.302997426422061,0.0
1657868400,silty,2022,-0.1158916735179497,0.5846909666589803,40.0,12.0,SMARTER,7,0.0,46.00868242401671,9.447916516172471,4.71830645976308,4.77456561719685,0.0
1657954800,silty,2022,-0.2680439803494073,0.5846909666589803,40.0,12.0,SMARTER,7,0.0,46.00868242401671,8.968687582898376,4.71830645976308,4.50940291586714,0.0
1658041200,silty,2022,-0.0633571558472078,0.5846909666589803,40.0,12.0,SMARTER,7,0.0,46.00868242401671,7.701644419417017,4.71830645976308,4.654949303915872,0.0
1658127600,silty,2022,0.1538143188168246,0.5846909666589803,40.0,12.0,SMARTER,7,0.0,46.00868242401671,7.236620092977568,4.71830645976308,4.872120778579905,0.0
1658214000,silty,2022,0.380330050933482,0.5846909666589803,40.0,12.0,SMARTER,7,0.0,46.00868242401671,7.976539558735554,4.71830645976308,5.098636510696562,0.0
1658300400,silty,2022,0.577033643455896,0.5846909666589803,40.0,12.0,SMARTER,7,0.0,46.00868242401671,9.031637030513592,4.71830645976308,5.295340103218976,0.0
1658386800,silty,2022,0.7175070018890193,0.5846909666589803,40.0,12.0,SMARTER,7,59.931407855886505,46.00868242401671,8.523521442036436,4.71830645976308,5.435813461652099,0.0
1687590000,silty,2023,-0.4524685625945971,0.0,40.0,12.0,SMARTER,7,0.0,0.0,6.3387606045021405,4.71830645976308,4.265837897168483,0.0
1687676400,silty,2023,-0.2887355392735605,0.0,40.0,12.0,SMARTER,7,0.0,0.0,7.077332335884068,4.71830645976308,4.429570920489519,0.0
1687762800,silty,2023,-0.1371745062246286,0.0,40.0,12.0,SMARTER,7,0.0,0.0,6.229180911248416,4.71830645976308,4.581131953538452,0.0
1687849200,silty,2023,0.041687053966818,0.0,40.0,12.0,SMARTER,7,0.0,0.0,7.717627618312005,4.71830645976308,4.759993513729898,0.0
1687935600,silty,2023,0.2101416656441712,0.0,40.0,12.0,SMARTER,7,0.0,0.0,8.190146658736474,4.71830645976308,4.928448125407251,0.0
1688022000,silty,2023,0.2581502733727324,0.0,40.0,12.0,SMARTER,7,0.0,0.0,2.6534944981591777,4.71830645976308,4.976456733135812,0.0
1688108400,silty,2023,0.3858213218449181,0.0,40.0,12.0,SMARTER,7,20.062708735935743,0.0,7.811921140444205,4.71830645976308,5.104127781607998,0.0
1688194800,silty,2023,0.079788216001999,0.3858213218449181,40.0,12.0,SMARTER,7,0.0,20.062708735935743,2.989408376370308,4.71830645976308,4.822392464508752,0.0
1688281200,silty,2023,0.0241761125500752,0.3858213218449181,40.0,12.0,SMARTER,7,0.0,20.062708735935743,3.628606534620321,4.71830645976308,4.742482572313156,0.0
1688367600,silty,2023,0.1491426245825966,0.3858213218449181,40.0,12.0,SMARTER,7,0.0,20.062708735935743,5.9091258835011,4.71830645976308,4.867449084345677,0.0
1688454000,silty,2023,0.2953308334244561,0.3858213218449181,40.0,12.0,SMARTER,7,0.0,20.062708735935743,6.621532339824514,4.71830645976308,5.013637293187537,0.0
1688540400,silty,2023,0.4182070469824088,0.3858213218449181,40.0,12.0,SMARTER,7,0.0,20.062708735935743,6.395412175418061,4.71830645976308,5.136513506745489,0.0
1688626800,silty,2023,0.5417511268709446,0.3858213218449181,40.0,12.0,SMARTER,7,0.0,20.062708735935743,7.492344925936937,4.71830645976308,5.260057586634025,5.0
1688713200,silty,2023,0.5909086378429023,0.3858213218449181,40.0,12.0,SMARTER,7,35.35710502996994,20.062708735935743,3.3788724562330463,4.71830645976308,5.309215097605983,0.0
1688799600,silty,2023,-0.0204512420780111,0.5909086378429023,40.0,12.0,SMARTER,7,0.0,35.35710502996994,6.518921569415171,4.71830645976308,4.784778648971891,0.0
1688886000,silty,2023,-0.1257478928978473,0.5909086378429023,40.0,12.0,SMARTER,7,0.0,35.35710502996994,7.0675670514600375,4.71830645976308,4.604599075580709,0.0
1688972400,silty,2023,0.0375677344793618,0.5909086378429023,40.0,12.0,SMARTER,7,0.0,35.35710502996994,6.961944041187434,4.71830645976308,4.755874194242442,0.0
1689058800,silty,2023,0.237644533541065,0.5909086378429023,40.0,12.0,SMARTER,7,0.0,35.35710502996994,7.523781176422247,4.71830645976308,4.955950993304145,0.0
1689145200,silty,2023,0.4263643876127936,0.5909086378429023,40.0,12.0,SMARTER,7,0.0,35.35710502996994,7.806608352298979,4.71830645976308,5.144670847375874,0.0
1689231600,silty,2023,0.5722799713988865,0.5909086378429023,40.0,12.0,SMARTER,7,0.0,35.35710502996994,7.714035948667738,4.71830645976308,5.290586431161967,22.8
1689318000,silty,2023,0.4021578320440188,0.5909086378429023,40.0,12.0,SMARTER,7,32.63296678254283,35.35710502996994,2.9961159428327533,4.71830645976308,5.1204642918071,0.0
1689404400,silty,2023,-0.2022014575220866,0.4021578320440188,40.0,12.0,SMARTER,7,0.0,32.63296678254283,5.390782029334142,4.71830645976308,4.625393996521795,0.0
1689490800,silty,2023,-0.26641214870032,0.4021578320440188,40.0,12.0,SMARTER,7,0.0,32.63296678254283,7.109056997180415,4.71830645976308,4.466857362039957,0.0
1689577200,silty,2023,-0.0812017867851134,0.4021578320440188,40.0,12.0,SMARTER,7,0.0,32.63296678254283,6.608581357186508,4.71830645976308,4.637104672977967,0.0
1689663600,silty,2023,0.1568554445173886,0.4021578320440188,40.0,12.0,SMARTER,7,0.0,32.63296678254283,7.500311698248804,4.71830645976308,4.875161904280469,0.0
1689750000,silty,2023,0.3657432962137443,0.4021578320440188,40.0,12.0,SMARTER,7,0.0,32.63296678254283,7.063404491828016,4.71830645976308,5.0840497559768245,0.0
1689836400,silty,2023,0.5515243806117726,0.4021578320440188,40.0,12.0,SMARTER,7,0.0,32.63296678254283,7.949048805371062,4.71830645976308,5.269830840374853,0.0
1689922800,silty,2023,0.6656915286906592,0.4021578320440188,40.0,12.0,SMARTER,7,51.16261299269635,32.63296678254283,6.202164075023188,4.71830645976308,5.383997988453739,0.0
1719212400,silty,2024,-0.8449623694069076,0.0,40.0,12.0,SMARTER,7,0.0,0.0,1.5856569477409397,4.71830645976308,3.89369980150298,5.8
1719298800,silty,2024,-0.8890068805905569,0.0,40.0,12.0,SMARTER,7,0.0,0.0,1.643019943771474,4.71830645976308,3.829299579172524,12.6
1719385200,silty,2024,-0.9781873143956714,0.0,40.0,12.0,SMARTER,7,0.0,0.0,3.7360647761286776,4.71830645976308,3.7404171917138886,1.0
1719471600,silty,2024,-0.9543770235994224,0.0,40.0,12.0,SMARTER,7,0.0,0.0,3.283058105037508,4.71830645976308,3.7639294361636577,0.0
1719558000,silty,2024,-0.7222296554076789,0.0,40.0,12.0,SMARTER,7,0.0,0.0,8.105450401178516,4.71830645976308,3.996076804355402,0.0
1719644400,silty,2024,-0.5206623503001531,0.0,40.0,12.0,SMARTER,7,0.0,0.0,6.855392222915658,4.71830645976308,4.197644109462927,0.0
1719730800,silty,2024,-0.3294609917456443,0.0,40.0,12.0,SMARTER,7,0.0,0.0,6.275478723242181,4.71830645976308,4.388845468017436,0.0
1719817200,silty,2024,-0.0703104762086716,-0.3294609917456443,40.0,12.0,SMARTER,7,0.0,0.0,9.008052630760128,4.71830645976308,4.6479959835544085,0.0
1719903600,silty,2024,0.0873526086461769,-0.3294609917456443,40.0,12.0,SMARTER,7,0.0,0.0,6.40343719338403,4.71830645976308,4.805659068409257,0.0
1719990000,silty,2024,0.2247666069792743,-0.3294609917456443,40.0,12.0,SMARTER,7,0.0,0.0,6.828302846826217,4.71830645976308,4.943073066742355,0.0
1720076400,silty,2024,0.290487175429115,-0.3294609917456443,40.0,12.0,SMARTER,7,0.0,0.0,3.501203041998366,4.71830645976308,5.008793635192196,0.0
1720162800,silty,2024,0.3690093888253434,-0.3294609917456443,40.0,12.0,SMARTER,7,0.0,0.0,4.110755932356144,4.71830645976308,5.087315848588424,0.0
1720249200,silty,2024,0.4988430989628444,-0.3294609917456443,40.0,12.0,SMARTER,7,0.0,0.0,7.570021332731803,4.71830645976308,5.217149558725925,0.0
1720335600,silty,2024,0.61947236015816,-0.3294609917456443,40.0,12.0,SMARTER,7,45.39100239805009,0.0,8.236770338981968,4.71830645976308,5.33777881992124,0.0
1720422000,silty,2024,-0.1615059747192309,0.61947236015816,40.0,12.0,SMARTER,7,0.0,45.39100239805009,3.5751601774979624,4.71830645976308,4.70265625877021,0.0
1720508400,silty,2024,-0.3677416737464223,0.61947236015816,40.0,12.0,SMARTER,7,0.0,45.39100239805009,6.021523561190189,4.71830645976308,4.403712415021771,1.0
1720594800,silty,2024,-0.2090672411760917,0.61947236015816,40.0,12.0,SMARTER,7,0.0,45.39100239805009,6.408995121084742,4.71830645976308,4.5092392185869885,0.0
1720681200,silty,2024,0.0019000835714697,0.61947236015816,40.0,12.0,SMARTER,7,0.0,45.39100239805009,7.100145056634385,4.71830645976308,4.72020654333455,0.0
1720767600,silty,2024,0.2441300008227417,0.61947236015816,40.0,12.0,SMARTER,7,0.0,45.39100239805009,8.417233027045325,4.71830645976308,4.962436460585822,0.0
1720854000,silty,2024,0.4632443550124602,0.61947236015816,40.0,12.0,SMARTER,7,0.0,45.39100239805009,9.478835789843243,4.71830645976308,5.181550814775541,0.0
1720940400,silty,2024,0.6175878666473392,0.61947236015816,40.0,12.0,SMARTER,7,52.72667705738533,45.39100239805009,8.65408688020589,4.71830645976308,5.335894326410419,0.0
1721026800,silty,2024,-0.1598397896465467,0.6175878666473392,40.0,12.0,SMARTER,7,0.0,52.72667705738533,8.038553013013921,4.71830645976308,4.747969833543165,0.0
1721113200,silty,2024,-0.444633678223586,0.6175878666473392,40.0,12.0,SMARTER,7,0.0,52.72667705738533,8.079175888672749,4.71830645976308,4.368323821431982,0.0
1721199600,silty,2024,-0.1775169822204487,0.6175878666473392,40.0,12.0,SMARTER,7,0.0,52.72667705738533,9.89638188136864,4.71830645976308,4.540789477542631,0.0
1721286000,silty,2024,0.0965128382524699,0.6175878666473392,40.0,12.0,SMARTER,7,0.0,52.72667705738533,8.856197692783795,4.71830645976308,4.81481929801555,0.0
1721372400,silty,2024,0.3436232016143675,0.6175878666473392,40.0,12.0,SMARTER,7,0.0,52.72667705738533,8.59349226880255,4.71830645976308,5.061929661377448,0.0
1721458800,silty,2024,0.4965938061157066,0.6175878666473392,40.0,12.0,SMARTER,7,0.0,52.72667705738533,6.5994601364997925,4.71830645976308,5.214900265878787,0.0
1721545200,silty,2024,0.6162221084874071,0.6175878666473392,40.0,12.0,SMARTER,7,60.06671203283693,52.72667705738533,6.35886520949269,4.71830645976308,5.334528568250487,0.0
1626073200,silty,2021,0.3306482264002303,0.0,30.0,9.0,SMARTER,5,0.0,0.0,8.171899400888595,4.71830645976308,5.04895468616331,0.0
1626159600,silty,2021,0.4892336919437809,0.0,30.0,9.0,SMARTER,5,0.0,0.0,7.307248568315713,4.71830645976308,5.207540151706861,49.2
1626246000,silty,2021,-0.3232128230042463,0.0,30.0,9.0,SMARTER,5,0.0,0.0,3.7200181370317593,4.71830645976308,4.39780171769948,0.0
1626332400,silty,2021,-0.2013422929121511,0.0,30.0,9.0,SMARTER,5,0.0,0.0,6.588938290136868,4.71830645976308,4.516964166850929,0.0
1626418800,silty,2021,-0.0870216099133217,0.0,30.0,9.0,SMARTER,5,0.0,0.0,4.2070949143533625,4.71830645976308,4.631284849849759,10.8
1626505200,silty,2021,-0.219135531844465,-0.0870216099133217,30.0,9.0,SMARTER,5,0.0,0.0,1.7206288405645938,4.71830645976308,4.499170927918615,0.8
1626591600,silty,2021,-0.1959828794486834,-0.0870216099133217,30.0,9.0,SMARTER,5,0.0,0.0,2.339819333016992,4.71830645976308,4.522323580314397,0.0
1626678000,silty,2021,-0.0037004332227625,-0.0870216099133217,30.0,9.0,SMARTER,5,0.0,0.0,5.542148180411579,4.71830645976308,4.714606026540317,0.0
1626764400,silty,2021,0.2183864496936692,-0.0870216099133217,30.0,9.0,SMARTER,5,0.0,0.0,6.336708517861463,4.71830645976308,4.93669290945675,0.0
1626850800,silty,2021,0.4431431913974532,-0.0870216099133217,30.0,9.0,SMARTER,5,19.893232761900325,0.0,7.723088615724408,4.71830645976308,5.161449651160534,0.0
1626937200,silty,2021,0.2031689065590605,0.4431431913974532,30.0,9.0,SMARTER,5,0.0,19.893232761900325,6.384988487195638,4.71830645976308,4.951394193292242,0.0
1627023600,silty,2021,0.2293415935559229,0.4431431913974532,30.0,9.0,SMARTER,5,0.0,19.893232761900325,6.724001721462045,4.71830645976308,4.947648053319004,0.0
1627110000,silty,2021,0.3906623851213052,0.4431431913974532,30.0,9.0,SMARTER,5,0.0,19.893232761900325,6.639604206034317,4.71830645976308,5.1089688448843855,0.0
1627196400,silty,2021,0.538065839148938,0.4431431913974532,30.0,9.0,SMARTER,5,0.0,19.893232761900325,6.068344799075018,4.71830645976308,5.2563722989120185,0.0
1627282800,silty,2021,0.6225943178046597,0.4431431913974532,30.0,9.0,SMARTER,5,30.880115414358457,19.893232761900325,3.7441148307248353,4.71830645976308,5.34090077756774,0.0
1627369200,silty,2021,0.0990371857634019,0.6225943178046597,30.0,9.0,SMARTER,5,0.0,30.880115414358457,5.25782491390273,4.71830645976308,4.893868001597243,1.0
1627455600,silty,2021,-0.0734597080591642,0.6225943178046597,30.0,9.0,SMARTER,5,0.0,30.880115414358457,4.067188753317478,4.71830645976308,4.654585164464737,0.0
1627542000,silty,2021,0.0621077142839546,0.6225943178046597,30.0,9.0,SMARTER,5,0.0,30.880115414358457,5.501441403272102,4.71830645976308,4.780414174047035,0.0
1627628400,silty,2021,0.2834349916831143,0.6225943178046597,30.0,9.0,SMARTER,5,0.0,30.880115414358457,7.363960029273559,4.71830645976308,5.001741451446194,0.0
1627714800,silty,2021,0.5059895767063479,0.6225943178046597,30.0,9.0,SMARTER,5,31.93587937176624,30.880115414358457,8.127164249908118,4.71830645976308,5.224296036469428,0.0
1627801200,silty,2021,-0.0690818056485294,0.5059895767063479,30.0,9.0,SMARTER,5,0.0,31.93587937176624,7.011084171391055,4.71830645976308,4.787132635354611,9.0
1627887600,silty,2021,-0.2131139779531482,0.5059895767063479,30.0,9.0,SMARTER,5,0.0,31.93587937176624,7.304828236834061,4.71830645976308,4.520087550085253,0.0
1627974000,silty,2021,-0.0223290071981437,0.5059895767063479,30.0,9.0,SMARTER,5,0.0,31.93587937176624,7.320018177389831,4.71830645976308,4.695977452564937,0.0
1628060400,silty,2021,0.2388630597008643,0.5059895767063479,30.0,9.0,SMARTER,5,0.0,31.93587937176624,8.239496207860649,4.71830645976308,4.957169519463944,0.0
1628146800,silty,2021,0.3787189056610287,0.5059895767063479,30.0,9.0,SMARTER,5,31.526229391355923,31.93587937176624,4.198759507591638,4.71830645976308,5.097025365424109,0.0
1628233200,silty,2021,-0.0179970706877476,0.3787189056610287,30.0,9.0,SMARTER,5,0.0,31.526229391355923,8.25634687060054,4.71830645976308,4.777684948659394,0.0
1628319600,silty,2021,-0.0547933348204608,0.3787189056610287,30.0,9.0,SMARTER,5,0.0,31.526229391355923,7.823891414052509,4.71830645976308,4.668635080800552,0.0
1628406000,silty,2021,0.1276881099220244,0.3787189056610287,30.0,9.0,SMARTER,5,0.0,31.526229391355923,6.805842568347599,4.71830645976308,4.845994569685105,0.0
1628492400,silty,2021,0.3808199815844314,0.3787189056610287,30.0,9.0,SMARTER,5,0.0,31.526229391355923,8.235329351972808,4.71830645976308,5.099126441347512,0.0
1656054000,silty,2022,-0.2788604325414178,0.0,30.0,9.0,SMARTER,5,0.0,0.0,5.717907755951627,4.71830645976308,4.439466320129855,0.0
1656140400,silty,2022,-0.0739584526379522,0.0,30.0,9.0,SMARTER,5,0.0,0.0,9.203948870710636,4.71830645976308,4.644348007125128,0.0
1656226800,silty,2022,0.1319461742477244,0.0,30.0,9.0,SMARTER,5,0.0,0.0,9.569797117975432,4.71830645976308,4.850252634010805,0.0
1656313200,silty,2022,0.3034612139337153,0.0,30.0,9.0,SMARTER,5,0.0,0.0,8.693094774412245,4.71830645976308,5.021767673696796,0.0
1656399600,silty,2022,0.4226963138365975,0.0,30.0,9.0,SMARTER,5,16.485156239627305,0.0,7.460713537351751,4.71830645976308,5.141002773599678,1.6
1656486000,silty,2022,0.1342483115140379,0.4226963138365975,30.0,9.0,SMARTER,5,0.0,16.485156239627305,1.8323231735051733,4.71830645976308,4.873439605838385,0.0
1656572400,silty,2022,0.1773141484636186,0.4226963138365975,30.0,9.0,SMARTER,5,0.0,16.485156239627305,6.425725286268609,4.71830645976308,4.895620608226698,0.0
1656658800,silty,2022,0.3369436184832013,0.4226963138365975,30.0,9.0,SMARTER,5,0.0,16.485156239627305,8.481182130641368,4.71830645976308,5.0552500782462815,0.0
1656745200,silty,2022,0.5008749595174684,0.4226963138365975,30.0,9.0,SMARTER,5,0.0,16.485156239627305,9.684100900879589,4.71830645976308,5.219181419280549,0.0
1656831600,silty,2022,0.6107851140538253,0.4226963138365975,30.0,9.0,SMARTER,5,27.624886272628565,16.485156239627305,7.875822878948619,4.71830645976308,5.329091573816905,0.0
1656918000,silty,2022,0.234732370225938,0.6107851140538253,30.0,9.0,SMARTER,5,0.0,27.624886272628565,8.846129638751195,4.71830645976308,4.996143973643033,0.0
1657004400,silty,2022,0.1914242369173215,0.6107851140538253,30.0,9.0,SMARTER,5,0.0,27.624886272628565,8.353871892123982,4.71830645976308,4.909730696680402,0.0
1657090800,silty,2022,0.3422626059884236,0.6107851140538253,30.0,9.0,SMARTER,5,0.0,27.624886272628565,8.10868026961472,4.71830645976308,5.060569065751504,0.0
1657177200,silty,2022,0.4538416352010684,0.6107851140538253,30.0,9.0,SMARTER,5,0.0,27.624886272628565,5.27960920736311,4.71830645976308,5.1721480949641485,11.6
1657263600,silty,2022,0.5518192712908462,0.6107851140538253,30.0,9.0,SMARTER,5,30.82228443135681,27.624886272628565,7.275206390354677,4.71830645976308,5.270125731053926,0.0
1657350000,silty,2022,0.0077532400570592,0.5518192712908462,30.0,9.0,SMARTER,5,0.0,30.82228443135681,7.121172904786319,4.71830645976308,4.80745208762694,0.0
1657436400,silty,2022,-0.057137585429325,0.5518192712908462,30.0,9.0,SMARTER,5,0.0,30.82228443135681,7.612583271961939,4.71830645976308,4.666091894431052,0.0
1657522800,silty,2022,0.1432115465104216,0.5518192712908462,30.0,9.0,SMARTER,5,0.0,30.82228443135681,8.472336750464112,4.71830645976308,4.861518006273502,0.0
1657609200,silty,2022,0.3339921022868665,0.5518192712908462,30.0,9.0,SMARTER,5,0.0,30.82228443135681,7.487993037508327,4.71830645976308,5.0522985620499465,0.0
1657695600,silty,2022,0.4669077610654822,0.5518192712908462,30.0,9.0,SMARTER,5,32.47710897418523,30.82228443135681,5.439558555641069,4.71830645976308,5.185214220828563,0.0
1657782000,silty,2022,0.00877931977649,0.4669077610654822,30.0,9.0,SMARTER,5,0.0,32.47710897418523,8.254676604732598,4.71830645976308,4.805561056035483,0.0
1657868400,silty,2022,0.0031549348996353,0.4669077610654822,30.0,9.0,SMARTER,5,0.0,32.47710897418523,9.447916516172471,4.71830645976308,4.725426256899655,0.0
1657954800,silty,2022,0.2241232580900233,0.4669077610654822,30.0,9.0,SMARTER,5,0.0,32.47710897418523,8.968687582898376,4.71830645976308,4.942429717853104,0.0
1658041200,silty,2022,0.4234668175344447,0.4669077610654822,30.0,9.0,SMARTER,5,0.0,32.47710897418523,7.701644419417017,4.71830645976308,5.141773277297525,0.0
1658127600,silty,2022,0.5792821993075045,0.4669077610654822,30.0,9.0,SMARTER,5,41.06188191521344,32.47710897418523,7.236620092977568,4.71830645976308,5.297588659070585,0.0
1658214000,silty,2022,-0.0816666183633211,0.5792821993075045,30.0,9.0,SMARTER,5,0.0,41.06188191521344,7.976539558735554,4.71830645976308,4.7769663240819344,0.0
1658300400,silty,2022,-0.1643222557231874,0.5792821993075045,30.0,9.0,SMARTER,5,0.0,41.06188191521344,9.031637030513592,4.71830645976308,4.5857265248105445,0.0
1658386800,silty,2022,0.0627407960650542,0.5792821993075045,30.0,9.0,SMARTER,5,0.0,41.06188191521344,8.523521442036436,4.71830645976308,4.781047255828135,0.0
1687590000,silty,2023,-0.4524685625945971,0.0,30.0,9.0,SMARTER,5,0.0,0.0,6.3387606045021405,4.71830645976308,4.265837897168483,0.0
1687676400,silty,2023,-0.2887355392735605,0.0,30.0,9.0,SMARTER,5,0.0,0.0,7.077332335884068,4.71830645976308,4.429570920489519,0.0
1687762800,silty,2023,-0.1371745062246286,0.0,30.0,9.0,SMARTER,5,0.0,0.0,6.229180911248416,4.71830645976308,4.581131953538452,0.0
1687849200,silty,2023,0.041687053966818,0.0,30.0,9.0,SMARTER,5,0.0,0.0,7.717627618312005,4.71830645976308,4.759993513729898,0.0
1687935600,silty,2023,0.2101416656441712,0.0,30.0,9.0,SMARTER,5,8.195524960122679,0.0,8.190146658736474,4.71830645976308,4.928448125407251,0.0
1688022000,silty,2023,0.0850651384039143,0.2101416656441712,30.0,9.0,SMARTER,5,0.0,8.195524960122679,2.6534944981591777,4.71830645976308,4.803371598166994,0.0
1688108400,silty,2023,0.2335624447755851,0.2101416656441712,30.0,9.0,SMARTER,5,0.0,8.195524960122679,7.811921140444205,4.71830645976308,4.9518689045386655,0.0
1688194800,silty,2023,0.2883610632622154,0.2101416656441712,30.0,9.0,SMARTER,5,0.0,8.195524960122679,2.989408376370308,4.71830645976308,5.006667523025296,0.0
1688281200,silty,2023,0.3522564457072148,0.2101416656441712,30.0,9.0,SMARTER,5,0.0,8.195524960122679,3.628606534620321,4.71830645976308,5.070562905470295,0.0
1688367600,silty,2023,0.4509377870959142,0.2101416656441712,30.0,9.0,SMARTER,5,19.4778486875382,8.195524960122679,5.9091258835011,4.71830645976308,5.1692442468589945,0.0
1688454000,silty,2023,0.2008655781358251,0.4509377870959142,30.0,9.0,SMARTER,5,0.0,19.4778486875382,6.621532339824514,4.71830645976308,4.942540878641537,0.0
1688540400,silty,2023,0.2025779274800406,0.4509377870959142,30.0,9.0,SMARTER,5,0.0,19.4778486875382,6.395412175418061,4.71830645976308,4.920884387243121,0.0
1688626800,silty,2023,0.3544456960088641,0.4509377870959142,30.0,9.0,SMARTER,5,0.0,19.4778486875382,7.492344925936937,4.71830645976308,5.072752155771944,5.0
1688713200,silty,2023,0.406393869756759,0.4509377870959142,30.0,9.0,SMARTER,5,0.0,19.4778486875382,3.3788724562330463,4.71830645976308,5.12470032951984,0.0
1688799600,silty,2023,0.5174821476508493,0.4509377870959142,30.0,9.0,SMARTER,5,26.13151883304389,19.4778486875382,6.518921569415171,4.71830645976308,5.235788607413929,0.0
1688886000,silty,2023,0.1417372633438985,0.5174821476508493,30.0,9.0,SMARTER,5,0.0,26.13151883304389,7.0675670514600375,4.71830645976308,4.909555993637671,0.0
1688972400,silty,2023,0.0941152179394786,0.5174821476508493,30.0,9.0,SMARTER,5,0.0,26.13151883304389,6.961944041187434,4.71830645976308,4.812421677702559,0.0
1689058800,silty,2023,0.2621140893251998,0.5174821476508493,30.0,9.0,SMARTER,5,0.0,26.13151883304389,7.523781176422247,4.71830645976308,4.98042054908828,0.0
1689145200,silty,2023,0.4438997222810565,0.5174821476508493,30.0,9.0,SMARTER,5,0.0,26.13151883304389,7.806608352298979,4.71830645976308,5.1622061820441365,0.0
1689231600,silty,2023,0.588146994051865,0.5174821476508493,30.0,9.0,SMARTER,5,33.544787171541145,26.13151883304389,7.714035948667738,4.71830645976308,5.306453453814945,22.8
1689318000,silty,2023,-0.3612953325623409,0.588146994051865,30.0,9.0,SMARTER,5,0.0,33.544787171541145,2.9961159428327533,4.71830645976308,4.511945030863837,0.0
1689404400,silty,2023,-0.492534935299716,0.588146994051865,30.0,9.0,SMARTER,5,0.0,33.544787171541145,5.390782029334142,4.71830645976308,4.258307589812359,0.0
1689490800,silty,2023,-0.2665623385151224,0.588146994051865,30.0,9.0,SMARTER,5,0.0,33.544787171541145,7.109056997180415,4.71830645976308,4.451744121247958,0.0
1689577200,silty,2023,-0.0425781565417269,0.588146994051865,30.0,9.0,SMARTER,5,0.0,33.544787171541145,6.608581357186508,4.71830645976308,4.675728303221353,0.0
1689663600,silty,2023,0.2064314187069504,0.588146994051865,30.0,9.0,SMARTER,5,23.95120267955626,33.544787171541145,7.500311698248804,4.71830645976308,4.92473787847003,0.0
1689750000,silty,2023,-0.0419885240716717,0.2064314187069504,30.0,9.0,SMARTER,5,0.0,23.95120267955626,7.063404491828016,4.71830645976308,4.726977713444601,0.0
1689836400,silty,2023,0.0103598711153274,0.2064314187069504,30.0,9.0,SMARTER,5,0.0,23.95120267955626,7.949048805371062,4.71830645976308,4.728666330878408,0.0
1689922800,silty,2023,0.1766352172725579,0.2064314187069504,30.0,9.0,SMARTER,5,0.0,23.95120267955626,6.202164075023188,4.71830645976308,4.894941677035638,0.0
1719212400,silty,2024,-0.8449623694069076,0.0,30.0,9.0,SMARTER,5,0.0,0.0,1.5856569477409397,4.71830645976308,3.89369980150298,5.8
1719298800,silty,2024,-0.8890068805905569,0.0,30.0,9.0,SMARTER,5,0.0,0.0,1.643019943771474,4.71830645976308,3.829299579172524,12.6
1719385200,silty,2024,-0.9781873143956714,0.0,30.0,9.0,SMARTER,5,0.0,0.0,3.7360647761286776,4.71830645976308,3.7404171917138886,1.0
1719471600,silty,2024,-0.9543770235994224,0.0,30.0,9.0,SMARTER,5,0.0,0.0,3.283058105037508,4.71830645976308,3.7639294361636577,0.0
1719558000,silty,2024,-0.7222296554076789,0.0,30.0,9.0,SMARTER,5,0.0,0.0,8.105450401178516,4.71830645976308,3.996076804355402,0.0
1719644400,silty,2024,-0.5206623503001531,-0.7222296554076789,30.0,9.0,SMARTER,5,0.0,0.0,6.855392222915658,4.71830645976308,4.197644109462927,0.0
1719730800,silty,2024,-0.3294609917456443,-0.7222296554076789,30.0,9.0,SMARTER,5,0.0,0.0,6.275478723242181,4.71830645976308,4.388845468017436,0.0
1719817200,silty,2024,-0.0703104762086716,-0.7222296554076789,30.0,9.0,SMARTER,5,0.0,0.0,9.008052630760128,4.71830645976308,4.6479959835544085,0.0
1719903600,silty,2024,0.0873526086461769,-0.7222296554076789,30.0,9.0,SMARTER,5,0.0,0.0,6.40343719338403,4.71830645976308,4.805659068409257,0.0
1719990000,silty,2024,0.2247666069792743,-0.7222296554076789,30.0,9.0,SMARTER,5,30.432787334422063,0.0,6.828302846826217,4.71830645976308,4.943073066742355,0.0
1720076400,silty,2024,-0.2402446024535609,0.2247666069792743,30.0,9.0,SMARTER,5,0.0,30.432787334422063,3.501203041998366,4.71830645976308,4.535295824788608,0.0
1720162800,silty,2024,-0.3459223658379988,0.2247666069792743,30.0,9.0,SMARTER,5,0.0,30.432787334422063,4.110755932356144,4.71830645976308,4.3764192573278935,0.0
1720249200,silty,2024,-0.1463729158448015,0.2247666069792743,30.0,9.0,SMARTER,5,0.0,30.432787334422063,7.570021332731803,4.71830645976308,4.571933543918279,0.0
1720335600,silty,2024,0.0767023480431625,0.2247666069792743,30.0,9.0,SMARTER,5,0.0,30.432787334422063,8.236770338981968,4.71830645976308,4.7950088078062425,0.0
1720422000,silty,2024,0.1746211439836382,0.2247666069792743,30.0,9.0,SMARTER,5,30.500013740405727,30.432787334422063,3.5751601774979624,4.71830645976308,4.892927603746719,0.0
1720508400,silty,2024,-0.2491132341318855,0.1746211439836382,30.0,9.0,SMARTER,5,0.0,30.500013740405727,6.021523561190189,4.71830645976308,4.547610419729672,1.0
1720594800,silty,2024,-0.3065192808504226,0.1746211439836382,30.0,9.0,SMARTER,5,0.0,30.500013740405727,6.408995121084742,4.71830645976308,4.419557303987753,0.0
1720681200,silty,2024,-0.1085351849253298,0.1746211439836382,30.0,9.0,SMARTER,5,0.0,30.500013740405727,7.100145056634385,4.71830645976308,4.60977127483775,0.0
1720767600,silty,2024,0.1371900428199363,0.1746211439836382,30.0,9.0,SMARTER,5,0.0,30.500013740405727,8.417233027045325,4.71830645976308,4.855496502583017,0.0
1720854000,silty,2024,0.3827736732548834,0.1746211439836382,30.0,9.0,SMARTER,5,40.18955267783703,30.500013740405727,9.478835789843243,4.71830645976308,5.101080133017963,0.0
1720940400,silty,2024,-0.2153409093096998,0.3827736732548834,30.0,9.0,SMARTER,5,0.0,40.18955267783703,8.65408688020589,4.71830645976308,4.637942252307071,0.0
1721026800,silty,2024,-0.3003959599258771,0.3827736732548834,30.0,9.0,SMARTER,5,0.0,40.18955267783703,8.038553013013921,4.71830645976308,4.4513857233428205,0.0
1721113200,silty,2024,-0.073853677298705,0.3827736732548834,30.0,9.0,SMARTER,5,0.0,40.18955267783703,8.079175888672749,4.71830645976308,4.644452782464375,0.0
1721199600,silty,2024,0.2167726135340958,0.3827736732548834,30.0,9.0,SMARTER,5,0.0,40.18955267783703,9.89638188136864,4.71830645976308,4.935079073297176,0.0
1721286000,silty,2024,0.4448026944722503,0.3827736732548834,30.0,9.0,SMARTER,5,46.05364756460829,40.18955267783703,8.856197692783795,4.71830645976308,5.163109154235331,0.0
1721372400,silty,2024,-0.2498656827498932,0.4448026944722503,30.0,9.0,SMARTER,5,0.0,46.05364756460829,8.59349226880255,4.71830645976308,4.663418970209462,0.0
1721458800,silty,2024,-0.4409446430748696,0.4448026944722503,30.0,9.0,SMARTER,5,0.0,46.05364756460829,6.5994601364997925,4.71830645976308,4.358052817423386,0.0
1721545200,silty,2024,-0.2471984227380097,0.4448026944722503,30.0,9.0,SMARTER,5,0.0,46.05364756460829,6.35886520949269,4.71830645976308,4.47110803702507,0.0
1626073200,silty,2021,0.3306482264002303,0.0,20.0,6.0,SMARTER,3,0.0,0.0,8.171899400888595,4.71830645976308,5.04895468616331,0.0
1626159600,silty,2021,0.4892336919437809,0.0,20.0,6.0,SMARTER,3,0.0,0.0,7.307248568315713,4.71830645976308,5.207540151706861,49.2
1626246000,silty,2021,-0.3232128230042463,0.0,20.0,6.0,SMARTER,3,0.0,0.0,3.7200181370317593,4.71830645976308,4.39780171769948,0.0
1626332400,silty,2021,-0.2013422929121511,-0.3232128230042463,20.0,6.0,SMARTER,3,0.0,0.0,6.588938290136868,4.71830645976308,4.516964166850929,0.0
1626418800,silty,2021,-0.0870216099133217,-0.3232128230042463,20.0,6.0,SMARTER,3,0.0,0.0,4.2070949143533625,4.71830645976308,4.631284849849759,10.8
1626505200,silty,2021,-0.219135531844465,-0.3232128230042463,20.0,6.0,SMARTER,3,0.7667326321288361,0.0,1.7206288405645938,4.71830645976308,4.499170927918615,0.8
1626591600,silty,2021,-0.2147516159909533,-0.219135531844465,20.0,6.0,SMARTER,3,0.0,0.7667326321288361,2.339819333016992,4.71830645976308,4.503554843772127,0.0
1626678000,silty,2021,-0.0248322155142395,-0.219135531844465,20.0,6.0,SMARTER,3,0.0,0.7667326321288361,5.542148180411579,4.71830645976308,4.693474244248841,0.0
1626764400,silty,2021,0.1991256192364019,-0.219135531844465,20.0,6.0,SMARTER,3,10.326709369164586,0.7667326321288361,6.336708517861463,4.71830645976308,4.917432078999482,0.0
1626850800,silty,2021,0.1778221911215443,0.1991256192364019,20.0,6.0,SMARTER,3,0.0,10.326709369164586,7.723088615724408,4.71830645976308,4.900046085988594,0.0
1626937200,silty,2021,0.3356110487197305,0.1991256192364019,20.0,6.0,SMARTER,3,0.0,10.326709369164586,6.384988487195638,4.71830645976308,5.053917508482811,0.0
1627023600,silty,2021,0.5119631727352976,0.1991256192364019,20.0,6.0,SMARTER,3,19.65523947555429,10.326709369164586,6.724001721462045,4.71830645976308,5.230269632498378,0.0
1627110000,silty,2021,0.2615095219630477,0.5119631727352976,20.0,6.0,SMARTER,3,0.0,19.65523947555429,6.639604206034317,4.71830645976308,5.014871708093192,0.0
1627196400,silty,2021,0.2478539106917383,0.5119631727352976,20.0,6.0,SMARTER,3,0.0,19.65523947555429,6.068344799075018,4.71830645976308,4.966160370454818,0.0
1627282800,silty,2021,0.3262538946702241,0.5119631727352976,20.0,6.0,SMARTER,3,17.89857728227416,19.65523947555429,3.7441148307248353,4.71830645976308,5.044560354433305,0.0
1627369200,silty,2021,0.0907413621599858,0.3262538946702241,20.0,6.0,SMARTER,3,0.0,17.89857728227416,5.25782491390273,4.71830645976308,4.853933602713897,1.0
1627455600,silty,2021,0.0547059548856386,0.3262538946702241,20.0,6.0,SMARTER,3,0.0,17.89857728227416,4.067188753317478,4.71830645976308,4.773012414648719,0.0
1627542000,silty,2021,0.1958677032232482,0.3262538946702241,20.0,6.0,SMARTER,3,16.466059672674135,17.89857728227416,5.501441403272102,4.71830645976308,4.9141741629863285,0.0
1627628400,silty,2021,0.0571042693413528,0.1958677032232482,20.0,6.0,SMARTER,3,0.0,16.466059672674135,7.363960029273559,4.71830645976308,4.814873387994404,0.0
1627714800,silty,2021,0.1653772317187758,0.1958677032232482,20.0,6.0,SMARTER,3,0.0,16.466059672674135,8.127164249908118,4.71830645976308,4.883683691481856,0.0
1627801200,silty,2021,0.3439938565718038,0.1958677032232482,20.0,6.0,SMARTER,3,21.49254587907607,16.466059672674135,7.011084171391055,4.71830645976308,5.062300316334884,9.0
1627887600,silty,2021,-0.0243695731780497,0.3439938565718038,20.0,6.0,SMARTER,3,0.0,21.49254587907607,7.304828236834061,4.71830645976308,4.758190490023356,0.0
1627974000,silty,2021,-0.0290086039121852,0.3439938565718038,20.0,6.0,SMARTER,3,0.0,21.49254587907607,7.320018177389831,4.71830645976308,4.689297855850895,0.0
1628060400,silty,2021,0.1882167625938859,0.3439938565718038,20.0,6.0,SMARTER,3,19.506304575081028,21.49254587907607,8.239496207860649,4.71830645976308,4.906523222356967,0.0
1628146800,silty,2021,-0.0705434414031331,0.1882167625938859,20.0,6.0,SMARTER,3,0.0,19.506304575081028,4.198759507591638,4.71830645976308,4.700254968698897,0.0
1628233200,silty,2021,0.0291417987556221,0.1882167625938859,20.0,6.0,SMARTER,3,0.0,19.506304575081028,8.25634687060054,4.71830645976308,4.747448258518703,0.0
1628319600,silty,2021,0.2482432635214767,0.1882167625938859,20.0,6.0,SMARTER,3,22.196294174761704,19.506304575081028,7.823891414052509,4.71830645976308,4.966549723284557,0.0
1628406000,silty,2021,0.0115006627992826,0.2482432635214767,20.0,6.0,SMARTER,3,0.0,22.196294174761704,6.805842568347599,4.71830645976308,4.785099809232648,0.0
1628492400,silty,2021,0.0655831120102486,0.2482432635214767,20.0,6.0,SMARTER,3,0.0,22.196294174761704,8.235329351972808,4.71830645976308,4.7838895717733285,0.0
1656054000,silty,2022,-0.2788604325414178,0.0,20.0,6.0,SMARTER,3,0.0,0.0,5.717907755951627,4.71830645976308,4.439466320129855,0.0
1656140400,silty,2022,-0.0739584526379522,0.0,20.0,6.0,SMARTER,3,0.0,0.0,9.203948870710636,4.71830645976308,4.644348007125128,0.0
1656226800,silty,2022,0.1319461742477244,0.0,20.0,6.0,SMARTER,3,3.4306005304408345,0.0,9.569797117975432,4.71830645976308,4.850252634010805,0.0
1656313200,silty,2022,0.2345831340590163,0.1319461742477244,20.0,6.0,SMARTER,3,0.0,3.4306005304408345,8.693094774412245,4.71830645976308,4.952889593822096,0.0
1656399600,silty,2022,0.3639425694805458,0.1319461742477244,20.0,6.0,SMARTER,3,0.0,3.4306005304408345,7.460713537351751,4.71830645976308,5.082249029243626,1.6
1656486000,silty,2022,0.3953695267138303,0.1319461742477244,20.0,6.0,SMARTER,3,11.071284740045936,3.4306005304408345,1.8323231735051733,4.71830645976308,5.113675986476911,0.0
1656572400,silty,2022,0.2526363599027794,0.3953695267138303,20.0,6.0,SMARTER,3,0.0,11.071284740045936,6.425725286268609,4.71830645976308,4.97671782363073,0.0
1656658800,silty,2022,0.3852463207822379,0.3953695267138303,20.0,6.0,SMARTER,3,0.0,11.071284740045936,8.481182130641368,4.71830645976308,5.103552780545318,0.0
1656745200,silty,2022,0.5414552836689542,0.3953695267138303,20.0,6.0,SMARTER,3,17.24173158116214,11.071284740045936,9.684100900879589,4.71830645976308,5.259761743432034,0.0
1656831600,silty,2022,0.319791998094859,0.5414552836689542,20.0,6.0,SMARTER,3,0.0,17.24173158116214,7.875822878948619,4.71830645976308,5.059118990308062,0.0
1656918000,silty,2022,0.3808643679813645,0.5414552836689542,20.0,6.0,SMARTER,3,0.0,17.24173158116214,8.846129638751195,4.71830645976308,5.0991708277444445,0.0
1657004400,silty,2022,0.5281376225201486,0.5414552836689542,20.0,6.0,SMARTER,3,20.14420409330692,17.24173158116214,8.353871892123982,4.71830645976308,5.246444082283229,0.0
1657090800,silty,2022,0.2707233382042913,0.5281376225201486,20.0,6.0,SMARTER,3,0.0,20.14420409330692,8.10868026961472,4.71830645976308,5.023074954141412,0.0
1657177200,silty,2022,0.2352447508004727,0.5281376225201486,20.0,6.0,SMARTER,3,0.0,20.14420409330692,5.27960920736311,4.71830645976308,4.953551210563553,11.6
1657263600,silty,2022,0.309081455229197,0.5281376225201486,20.0,6.0,SMARTER,3,17.617569478863068,20.14420409330692,7.275206390354677,4.71830645976308,5.0273879149922776,0.0
1657350000,silty,2022,0.0587690802323683,0.309081455229197,20.0,6.0,SMARTER,3,0.0,17.617569478863068,7.121172904786319,4.71830645976308,4.822945307028951,0.0
1657436400,silty,2022,0.1130513381725348,0.309081455229197,20.0,6.0,SMARTER,3,0.0,17.617569478863068,7.612583271961939,4.71830645976308,4.831357797935615,0.0
1657522800,silty,2022,0.3119642446419096,0.309081455229197,20.0,6.0,SMARTER,3,19.547010734968776,17.617569478863068,8.472336750464112,4.71830645976308,5.03027070440499,0.0
1657609200,silty,2022,0.1045333762127714,0.3119642446419096,20.0,6.0,SMARTER,3,0.0,19.547010734968776,7.487993037508327,4.71830645976308,4.864276498667057,0.0
1657695600,silty,2022,0.1012449811655735,0.3119642446419096,20.0,6.0,SMARTER,3,0.0,19.547010734968776,5.439558555641069,4.71830645976308,4.819551440928654,0.0
1657782000,silty,2022,0.3031263939647429,0.3119642446419096,20.0,6.0,SMARTER,3,21.1890120852139,19.547010734968776,8.254676604732598,4.71830645976308,5.021432853727823,0.0
1657868400,silty,2022,0.124051999553333,0.3031263939647429,20.0,6.0,SMARTER,3,0.0,21.1890120852139,9.447916516172471,4.71830645976308,4.885503464934768,0.0
1657954800,silty,2022,0.1881810029904755,0.3031263939647429,20.0,6.0,SMARTER,3,0.0,21.1890120852139,8.968687582898376,4.71830645976308,4.906487462753556,0.0
1658041200,silty,2022,0.3703600826541149,0.3031263939647429,20.0,6.0,SMARTER,3,24.75584635492603,21.1890120852139,7.701644419417017,4.71830645976308,5.088666542417196,0.0
1658127600,silty,2022,0.0611626570939423,0.3703600826541149,20.0,6.0,SMARTER,3,0.0,24.75584635492603,7.236620092977568,4.71830645976308,4.8389567589684646,0.0
1658214000,silty,2022,0.074721349395,0.3703600826541149,20.0,6.0,SMARTER,3,0.0,24.75584635492603,7.976539558735554,4.71830645976308,4.7930278091580805,0.0
1658300400,silty,2022,0.3060578249667254,0.3703600826541149,20.0,6.0,SMARTER,3,25.306148150978597,24.75584635492603,9.031637030513592,4.71830645976308,5.024364284729805,0.0
1658386800,silty,2022,0.0282626409426989,0.3060578249667254,20.0,6.0,SMARTER,3,0.0,25.306148150978597,8.523521442036436,4.71830645976308,4.80906997723781,0.0
1687590000,silty,2023,-0.4524685625945971,0.0,20.0,6.0,SMARTER,3,0.0,0.0,6.3387606045021405,4.71830645976308,4.265837897168483,0.0
1687676400,silty,2023,-0.2887355392735605,0.0,20.0,6.0,SMARTER,3,0.0,0.0,7.077332335884068,4.71830645976308,4.429570920489519,0.0
1687762800,silty,2023,-0.1371745062246286,0.0,20.0,6.0,SMARTER,3,0.0,0.0,6.229180911248416,4.71830645976308,4.581131953538452,0.0
1687849200,silty,2023,0.041687053966818,-0.1371745062246286,20.0,6.0,SMARTER,3,0.0,0.0,7.717627618312005,4.71830645976308,4.759993513729898,0.0
1687935600,silty,2023,0.2101416656441712,-0.1371745062246286,20.0,6.0,SMARTER,3,0.0,0.0,8.190146658736474,4.71830645976308,4.928448125407251,0.0
1688022000,silty,2023,0.2581502733727324,-0.1371745062246286,20.0,6.0,SMARTER,3,9.455397232183614,0.0,2.6534944981591777,4.71830645976308,4.976456733135812,0.0
1688108400,silty,2023,0.1914278759199209,0.2581502733727324,20.0,6.0,SMARTER,3,0.0,9.455397232183614,7.811921140444205,4.71830645976308,4.909734335683002,0.0
1688194800,silty,2023,0.2377704542552172,0.2581502733727324,20.0,6.0,SMARTER,3,0.0,9.455397232183614,2.989408376370308,4.71830645976308,4.956076914018298,0.0
1688281200,silty,2023,0.3074506025703427,0.2581502733727324,20.0,6.0,SMARTER,3,12.286107431557877,9.455397232183614,3.628606534620321,4.71830645976308,5.025757062333423,0.0
1688367600,silty,2023,0.1489780759291812,0.3074506025703427,20.0,6.0,SMARTER,3,0.0,12.286107431557877,5.9091258835011,4.71830645976308,4.879556241707651,0.0
1688454000,silty,2023,0.2520749086429406,0.3074506025703427,20.0,6.0,SMARTER,3,0.0,12.286107431557877,6.621532339824514,4.71830645976308,4.970381368406021,0.0
1688540400,silty,2023,0.3800299562047687,0.3074506025703427,20.0,6.0,SMARTER,3,16.01787424147501,12.286107431557877,6.395412175418061,4.71830645976308,5.098336415967849,0.0
1688626800,silty,2023,0.1991811945951085,0.3800299562047687,20.0,6.0,SMARTER,3,0.0,16.01787424147501,7.492344925936937,4.71830645976308,4.940479719195589,5.0
1688713200,silty,2023,0.1378836500524631,0.3800299562047687,20.0,6.0,SMARTER,3,0.0,16.01787424147501,3.3788724562330463,4.71830645976308,4.856190109815543,0.0
1688799600,silty,2023,0.2712349945929825,0.3800299562047687,20.0,6.0,SMARTER,3,15.46938497679718,16.01787424147501,6.518921569415171,4.71830645976308,4.989541454356063,0.0
1688886000,silty,2023,0.1094322002577898,0.2712349945929825,20.0,6.0,SMARTER,3,0.0,15.46938497679718,7.0675670514600375,4.71830645976308,4.857353842140348,0.0
1688972400,silty,2023,0.1873411607497351,0.2712349945929825,20.0,6.0,SMARTER,3,0.0,15.46938497679718,6.961944041187434,4.71830645976308,4.905647620512815,0.0
1689058800,silty,2023,0.3608754781155545,0.2712349945929825,20.0,6.0,SMARTER,3,19.427447515941942,15.46938497679718,7.523781176422247,4.71830645976308,5.0791819378786345,0.0
1689145200,silty,2023,0.1539431966909896,0.3608754781155545,20.0,6.0,SMARTER,3,0.0,19.427447515941942,7.806608352298979,4.71830645976308,4.908164811024756,0.0
1689231600,silty,2023,0.1957759779222212,0.3608754781155545,20.0,6.0,SMARTER,3,0.0,19.427447515941942,7.714035948667738,4.71830645976308,4.914082437685302,22.8
1689318000,silty,2023,-0.069292730016536,0.3608754781155545,20.0,6.0,SMARTER,3,10.40832697320092,19.427447515941942,2.9961159428327533,4.71830645976308,4.649013729746544,0.0
1689404400,silty,2023,-0.2120014858944643,-0.069292730016536,20.0,6.0,SMARTER,3,0.0,10.40832697320092,5.390782029334142,4.71830645976308,4.537702047822857,0.0
1689490800,silty,2023,-0.0293180268165423,-0.069292730016536,20.0,6.0,SMARTER,3,0.0,10.40832697320092,7.109056997180415,4.71830645976308,4.688988432946538,0.0
1689577200,silty,2023,0.1703624683541394,-0.069292730016536,20.0,6.0,SMARTER,3,16.223605750739267,10.40832697320092,6.608581357186508,4.71830645976308,4.88866892811722,0.0
1689663600,silty,2023,0.0610366732853356,0.1703624683541394,20.0,6.0,SMARTER,3,0.0,16.223605750739267,7.500311698248804,4.71830645976308,4.809763404043282,0.0
1689750000,silty,2023,0.1655271585856932,0.1703624683541394,20.0,6.0,SMARTER,3,0.0,16.223605750739267,7.063404491828016,4.71830645976308,4.883833618348773,0.0
1689836400,silty,2023,0.3812161259555031,0.1703624683541394,20.0,6.0,SMARTER,3,22.72797565849956,16.223605750739267,7.949048805371062,4.71830645976308,5.099522585718583,0.0
1689922800,silty,2023,0.0964843741495529,0.3812161259555031,20.0,6.0,SMARTER,3,0.0,22.72797565849956,6.202164075023188,4.71830645976308,4.863475185044395,0.0
1719212400,silty,2024,-0.8449623694069076,0.0,20.0,6.0,SMARTER,3,0.0,0.0,1.5856569477409397,4.71830645976308,3.89369980150298,5.8
1719298800,silty,2024,-0.8890068805905569,0.0,20.0,6.0,SMARTER,3,0.0,0.0,1.643019943771474,4.71830645976308,3.829299579172524,12.6
1719385200,silty,2024,-0.9781873143956714,0.0,20.0,6.0,SMARTER,3,0.0,0.0,3.7360647761286776,4.71830645976308,3.7404171917138886,1.0
1719471600,silty,2024,-0.9543770235994224,-0.9781873143956714,20.0,6.0,SMARTER,3,0.0,0.0,3.283058105037508,4.71830645976308,3.7639294361636577,0.0
1719558000,silty,2024,-0.7222296554076789,-0.9781873143956714,20.0,6.0,SMARTER,3,0.0,0.0,8.105450401178516,4.71830645976308,3.996076804355402,0.0
1719644400,silty,2024,-0.5206623503001531,-0.9781873143956714,20.0,6.0,SMARTER,3,0.0,0.0,6.855392222915658,4.71830645976308,4.197644109462927,0.0
1719730800,silty,2024,-0.3294609917456443,-0.5206623503001531,20.0,6.0,SMARTER,3,0.0,0.0,6.275478723242181,4.71830645976308,4.388845468017436,0.0
1719817200,silty,2024,-0.0703104762086716,-0.5206623503001531,20.0,6.0,SMARTER,3,0.0,0.0,9.008052630760128,4.71830645976308,4.6479959835544085,0.0
1719903600,silty,2024,0.0873526086461769,-0.5206623503001531,20.0,6.0,SMARTER,3,12.68441483080366,0.0,6.40343719338403,4.71830645976308,4.805659068409257,0.0
1719990000,silty,2024,-0.0255541458188476,0.0873526086461769,20.0,6.0,SMARTER,3,0.0,12.68441483080366,6.828302846826217,4.71830645976308,4.701221636917654,0.0
1720076400,silty,2024,0.0259394711846544,0.0873526086461769,20.0,6.0,SMARTER,3,0.0,12.68441483080366,3.501203041998366,4.71830645976308,4.744245930947734,0.0
1720162800,silty,2024,0.1300594917097464,0.0873526086461769,20.0,6.0,SMARTER,3,14.318909442333531,12.68441483080366,4.110755932356144,4.71830645976308,4.848365951472827,0.0
1720249200,silty,2024,0.0107927211155782,0.1300594917097464,20.0,6.0,SMARTER,3,0.0,14.318909442333531,7.570021332731803,4.71830645976308,4.749279487910646,0.0
1720335600,silty,2024,0.1454771154913491,0.1300594917097464,20.0,6.0,SMARTER,3,0.0,14.318909442333531,8.236770338981968,4.71830645976308,4.86378357525443,0.0
1720422000,silty,2024,0.2270646791111952,0.1300594917097464,20.0,6.0,SMARTER,3,17.621401265029682,14.318909442333531,3.5751601774979624,4.71830645976308,4.945371138874275,0.0
1720508400,silty,2024,0.0215345911164753,0.2270646791111952,20.0,6.0,SMARTER,3,0.0,17.621401265029682,6.021523561190189,4.71830645976308,4.773131345999815,1.0
1720594800,silty,2024,0.0606094524869376,0.2270646791111952,20.0,6.0,SMARTER,3,0.0,17.621401265029682,6.408995121084742,4.71830645976308,4.778915912250018,0.0
1720681200,silty,2024,0.2366291142401332,0.2270646791111952,20.0,6.0,SMARTER,3,19.23246465304924,17.621401265029682,7.100145056634385,4.71830645976308,4.954935574003214,0.0
1720767600,silty,2024,0.0680464659129299,0.2366291142401332,20.0,6.0,SMARTER,3,0.0,19.23246465304924,8.417233027045325,4.71830645976308,4.823462397289625,0.0
1720854000,silty,2024,0.1722456392929031,0.2366291142401332,20.0,6.0,SMARTER,3,0.0,19.23246465304924,9.478835789843243,4.71830645976308,4.890552099055983,0.0
1720940400,silty,2024,0.377449932299208,0.2366291142401332,20.0,6.0,SMARTER,3,24.313580608025987,19.23246465304924,8.65408688020589,4.71830645976308,5.095756392062288,0.0
1721026800,silty,2024,0.0891856144598969,0.377449932299208,20.0,6.0,SMARTER,3,0.0,24.313580608025987,8.038553013013921,4.71830645976308,4.859783365927706,0.0
1721113200,silty,2024,0.1047654167977803,0.377449932299208,20.0,6.0,SMARTER,3,0.0,24.313580608025987,8.079175888672749,4.71830645976308,4.823071876560861,0.0
1721199600,silty,2024,0.3498034882504233,0.377449932299208,20.0,6.0,SMARTER,3,25.859472656552835,24.313580608025987,9.89638188136864,4.71830645976308,5.068109948013504,0.0
1721286000,silty,2024,0.0564884383755713,0.3498034882504233,20.0,6.0,SMARTER,3,0.0,25.859472656552835,8.856197692783795,4.71830645976308,4.834741955888712,0.0
1721372400,silty,2024,0.0807083093964902,0.3498034882504233,20.0,6.0,SMARTER,3,0.0,25.859472656552835,8.59349226880255,4.71830645976308,4.79901476915957,0.0
1721458800,silty,2024,0.2472320722419753,0.3498034882504233,20.0,6.0,SMARTER,3,25.291436769835727,25.859472656552835,6.5994601364997925,4.71830645976308,4.965538532005056,0.0
1721545200,silty,2024,-0.0795217581291979,0.2472320722419753,20.0,6.0,SMARTER,3,0.0,25.291436769835727,6.35886520949269,4.71830645976308,4.711581321239637,0.0
1626073200,silty,2021,0.3306482264002303,0.0,15.0,4.5,SMARTER,2,0.0,0.0,8.171899400888595,4.71830645976308,5.04895468616331,0.0
1626159600,silty,2021,0.4892336919437809,0.0,15.0,4.5,SMARTER,2,9.540056992903729,0.0,7.307248568315713,4.71830645976308,5.207540151706861,49.2
1626246000,silty,2021,-0.6208091264890852,0.4892336919437809,15.0,4.5,SMARTER,2,0.0,9.540056992903729,3.7200181370317593,4.71830645976308,4.183294334516733,0.0
1626332400,silty,2021,-0.4820269862830895,0.4892336919437809,15.0,4.5,SMARTER,2,0.0,9.540056992903729,6.588938290136868,4.71830645976308,4.236279473479991,0.0
1626418800,silty,2021,-0.3441048934358551,-0.4820269862830895,15.0,4.5,SMARTER,2,0.0,0.0,4.2070949143533625,4.71830645976308,4.374201566327225,10.8
1626505200,silty,2021,-0.4740318888188049,-0.4820269862830895,15.0,4.5,SMARTER,2,0.0,0.0,1.7206288405645938,4.71830645976308,4.244274570944276,0.8
1626591600,silty,2021,-0.434033305926822,-0.4740318888188049,15.0,4.5,SMARTER,2,0.0,0.0,2.339819333016992,4.71830645976308,4.284273153836258,0.0
1626678000,silty,2021,-0.2165032115689894,-0.4740318888188049,15.0,4.5,SMARTER,2,2.88866570668678,0.0,5.542148180411579,4.71830645976308,4.501803248194091,0.0
1626764400,silty,2021,-0.0316203405608319,-0.2165032115689894,15.0,4.5,SMARTER,2,0.0,2.88866570668678,6.336708517861463,4.71830645976308,4.686686119202248,0.0
1626850800,silty,2021,0.2322222235116093,-0.2165032115689894,15.0,4.5,SMARTER,2,10.664547238698004,2.88866570668678,7.723088615724408,4.71830645976308,4.9505286832746895,0.0
1626937200,silty,2021,0.1602116417854775,0.2322222235116093,15.0,4.5,SMARTER,2,0.0,10.664547238698004,6.384988487195638,4.71830645976308,4.884834392783485,0.0
1627023600,silty,2021,0.3285584787008674,0.2322222235116093,15.0,4.5,SMARTER,2,13.58810422069078,10.664547238698004,6.724001721462045,4.71830645976308,5.046864938463948,0.0
1627110000,silty,2021,0.1954558747503961,0.3285584787008674,15.0,4.5,SMARTER,2,0.0,13.58810422069078,6.639604206034317,4.71830645976308,4.938020481243393,0.0
1627196400,silty,2021,0.2857147653571679,0.3285584787008674,15.0,4.5,SMARTER,2,14.23116496464254,13.58810422069078,6.068344799075018,4.71830645976308,5.0040212251202485,0.0
1627282800,silty,2021,0.0673102620833803,0.2857147653571679,15.0,4.5,SMARTER,2,0.0,14.23116496464254,3.7441148307248353,4.71830645976308,4.822951302208984,0.0
1627369200,silty,2021,0.1299460500977816,0.2857147653571679,15.0,4.5,SMARTER,2,12.479391461191762,14.23116496464254,5.25782491390273,4.71830645976308,4.8482525098608615,1.0
1627455600,silty,2021,-0.0610707772776081,0.1299460500977816,15.0,4.5,SMARTER,2,0.0,12.479391461191762,4.067188753317478,4.71830645976308,4.695958295194072,0.0
1627542000,silty,2021,0.0444565369397069,0.1299460500977816,15.0,4.5,SMARTER,2,11.397103180049324,12.479391461191762,5.501441403272102,4.71830645976308,4.762762996702787,0.0
1627628400,silty,2021,-0.0087429771665326,0.0444565369397069,15.0,4.5,SMARTER,2,0.0,11.397103180049324,7.363960029273559,4.71830645976308,4.735971057621569,0.0
1627714800,silty,2021,0.1869491545727679,0.0444565369397069,15.0,4.5,SMARTER,2,14.375763640122692,11.397103180049324,8.127164249908118,4.71830645976308,4.905255614335848,0.0
1627801200,silty,2021,0.0205999081851181,0.1869491545727679,15.0,4.5,SMARTER,2,0.0,14.375763640122692,7.011084171391055,4.71830645976308,4.802556414132401,9.0
1627887600,silty,2021,0.060033788343246,0.1869491545727679,15.0,4.5,SMARTER,2,12.742185194224472,14.375763640122692,7.304828236834061,4.71830645976308,4.778340248106327,0.0
1627974000,silty,2021,-0.042864969251192,0.060033788343246,15.0,4.5,SMARTER,2,0.0,12.742185194224472,7.320018177389831,4.71830645976308,4.7109164258379375,0.0
1628060400,silty,2021,0.1349547697604023,0.060033788343246,15.0,4.5,SMARTER,2,14.473296379403626,12.742185194224472,8.239496207860649,4.71830645976308,4.853261229523483,0.0
1628146800,silty,2021,-0.0569746028844563,0.1349547697604023,15.0,4.5,SMARTER,2,0.0,14.473296379403626,4.198759507591638,4.71830645976308,4.702282192410385,0.0
1628233200,silty,2021,0.1154112750628147,0.1349547697604023,15.0,4.5,SMARTER,2,14.699494696722478,14.473296379403626,8.25634687060054,4.71830645976308,4.833717734825895,0.0
1628319600,silty,2021,0.0179909177171678,0.1154112750628147,15.0,4.5,SMARTER,2,0.0,14.699494696722478,7.823891414052509,4.71830645976308,4.774890376740426,0.0
1628406000,silty,2021,0.1331841347178381,0.1154112750628147,15.0,4.5,SMARTER,2,15.5654161977781,14.699494696722478,6.805842568347599,4.71830645976308,4.851490594480919,0.0
1628492400,silty,2021,0.0310993737051605,0.1331841347178381,15.0,4.5,SMARTER,2,0.0,15.5654161977781,8.235329351972808,4.71830645976308,4.789413975533474,0.0
1656054000,silty,2022,-0.2788604325414178,0.0,15.0,4.5,SMARTER,2,0.0,0.0,5.717907755951627,4.71830645976308,4.439466320129855,0.0
1656140400,silty,2022,-0.0739584526379522,0.0,15.0,4.5,SMARTER,2,0.0,0.0,9.203948870710636,4.71830645976308,4.644348007125128,0.0
1656226800,silty,2022,0.1319461742477244,-0.0739584526379522,15.0,4.5,SMARTER,2,0.0,0.0,9.569797117975432,4.71830645976308,4.850252634010805,0.0
1656313200,silty,2022,0.3034612139337153,-0.0739584526379522,15.0,4.5,SMARTER,2,7.026870461276733,0.0,8.693094774412245,4.71830645976308,5.021767673696796,0.0
1656399600,silty,2022,0.2784171013540389,0.3034612139337153,15.0,4.5,SMARTER,2,0.0,7.026870461276733,7.460713537351751,4.71830645976308,4.996723561117119,1.6
1656486000,silty,2022,0.3045467679574516,0.3034612139337153,15.0,4.5,SMARTER,2,8.413614227441311,7.026870461276733,1.8323231735051733,4.71830645976308,5.022853227720532,0.0
1656572400,silty,2022,0.2261492549678349,0.3045467679574516,15.0,4.5,SMARTER,2,0.0,8.413614227441311,6.425725286268609,4.71830645976308,4.944455714730915,0.0
1656658800,silty,2022,0.370748972762929,0.3045467679574516,15.0,4.5,SMARTER,2,11.075017676956652,8.413614227441311,8.481182130641368,4.71830645976308,5.089055432526009,0.0
1656745200,silty,2022,0.2846901218950473,0.370748972762929,15.0,4.5,SMARTER,2,0.0,11.075017676956652,9.684100900879589,4.71830645976308,5.011001128259212,0.0
1656831600,silty,2022,0.4069952406023989,0.370748972762929,15.0,4.5,SMARTER,2,13.450190277259496,11.075017676956652,7.875822878948619,4.71830645976308,5.125301700365479,0.0
1656918000,silty,2022,0.2697761228953509,0.4069952406023989,15.0,4.5,SMARTER,2,0.0,13.450190277259496,8.846129638751195,4.71830645976308,5.006901324751095,0.0
1657004400,silty,2022,0.3759893867147941,0.4069952406023989,15.0,4.5,SMARTER,2,14.677054709162,13.450190277259496,8.353871892123982,4.71830645976308,5.094295846477874,0.0
1657090800,silty,2022,0.2111602366538646,0.3759893867147941,15.0,4.5,SMARTER,2,0.0,14.677054709162,8.10868026961472,4.71830645976308,4.957931458914804,0.0
1657177200,silty,2022,0.2465887342078312,0.3759893867147941,15.0,4.5,SMARTER,2,13.845694225492796,14.677054709162,5.27960920736311,4.71830645976308,4.964895193970912,11.6
1657263600,silty,2022,-0.022359411125188,0.2465887342078312,15.0,4.5,SMARTER,2,0.0,13.845694225492796,7.275206390354677,4.71830645976308,4.749572064529727,0.0
1657350000,silty,2022,0.052656113340653,0.2465887342078312,15.0,4.5,SMARTER,2,11.173657422518062,13.845694225492796,7.121172904786319,4.71830645976308,4.770962573103733,0.0
1657436400,silty,2022,-0.0248111349994115,0.052656113340653,15.0,4.5,SMARTER,2,0.0,11.173657422518062,7.612583271961939,4.71830645976308,4.720061728949272,0.0
1657522800,silty,2022,0.1594862726104028,0.052656113340653,15.0,4.5,SMARTER,2,13.49379803831112,11.173657422518062,8.472336750464112,4.71830645976308,4.877792732373483,0.0
1657609200,silty,2022,0.0469699218238649,0.1594862726104028,15.0,4.5,SMARTER,2,0.0,13.49379803831112,7.487993037508327,4.71830645976308,4.796079868489753,0.0
1657695600,silty,2022,0.1296847011494163,0.1594862726104028,15.0,4.5,SMARTER,2,13.6303556215687,13.49379803831112,5.439558555641069,4.71830645976308,4.847991160912496,0.0
1657782000,silty,2022,0.0386164135996073,0.1296847011494163,15.0,4.5,SMARTER,2,0.0,13.6303556215687,8.254676604732598,4.71830645976308,4.788829232767081,0.0
1657868400,silty,2022,0.2198957313458971,0.1296847011494163,15.0,4.5,SMARTER,2,15.973051865572447,13.6303556215687,9.447916516172471,4.71830645976308,4.938202191108977,0.0
1657954800,silty,2022,0.1052737092824599,0.2198957313458971,15.0,4.5,SMARTER,2,0.0,15.973051865572447,8.968687582898376,4.71830645976308,4.858834004650563,0.0
1658041200,silty,2022,0.2053598352508928,0.2198957313458971,15.0,4.5,SMARTER,2,16.6791326827764,15.973051865572447,7.701644419417017,4.71830645976308,4.923666295013973,0.0
1658127600,silty,2022,0.037177961042352,0.2053598352508928,15.0,4.5,SMARTER,2,0.0,16.6791326827764,7.236620092977568,4.71830645976308,4.799514663828719,0.0
1658214000,silty,2022,0.1420373886802544,0.2053598352508928,15.0,4.5,SMARTER,2,16.368464233277972,16.6791326827764,7.976539558735554,4.71830645976308,4.860343848443335,0.0
1658300400,silty,2022,0.0345618158476042,0.1420373886802544,15.0,4.5,SMARTER,2,0.0,16.368464233277972,9.031637030513592,4.71830645976308,4.794925375653924,0.0
1658386800,silty,2022,0.1620051042653736,0.1420373886802544,15.0,4.5,SMARTER,2,17.39700293624894,16.368464233277972,8.523521442036436,4.71830645976308,4.880311564028454,0.0
1687590000,silty,2023,-0.4524685625945971,0.0,15.0,4.5,SMARTER,2,0.0,0.0,6.3387606045021405,4.71830645976308,4.265837897168483,0.0
1687676400,silty,2023,-0.2887355392735605,0.0,15.0,4.5,SMARTER,2,0.0,0.0,7.077332335884068,4.71830645976308,4.429570920489519,0.0
1687762800,silty,2023,-0.1371745062246286,-0.2887355392735605,15.0,4.5,SMARTER,2,0.0,0.0,6.229180911248416,4.71830645976308,4.581131953538452,0.0
1687849200,silty,2023,0.041687053966818,-0.2887355392735605,15.0,4.5,SMARTER,2,5.143930641456361,0.0,7.717627618312005,4.71830645976308,4.759993513729898,0.0
1687935600,silty,2023,0.1047105693557968,0.041687053966818,15.0,4.5,SMARTER,2,0.0,5.143930641456361,8.190146658736474,4.71830645976308,4.823017029118877,0.0
1688022000,silty,2023,0.1546513492829821,0.041687053966818,15.0,4.5,SMARTER,2,7.53432614297224,5.143930641456361,2.6534944981591777,4.71830645976308,4.872957809046063,0.0
1688108400,silty,2023,0.1361538193182951,0.1546513492829821,15.0,4.5,SMARTER,2,0.0,7.53432614297224,7.811921140444205,4.71830645976308,4.854460279081375,0.0
1688194800,silty,2023,0.1850840773040256,0.1546513492829821,15.0,4.5,SMARTER,2,8.82369541115601,7.53432614297224,2.989408376370308,4.71830645976308,4.903390537067106,0.0
1688281200,silty,2023,0.051927371197551,0.1850840773040256,15.0,4.5,SMARTER,2,0.0,8.82369541115601,3.628606534620321,4.71830645976308,4.771522598733113,0.0
1688367600,silty,2023,0.1664301592307063,0.1850840773040256,15.0,4.5,SMARTER,2,9.292822356594398,8.82369541115601,5.9091258835011,4.71830645976308,4.884736618993786,0.0
1688454000,silty,2023,0.0909906948101625,0.1664301592307063,15.0,4.5,SMARTER,2,0.0,9.292822356594398,6.621532339824514,4.71830645976308,4.811902038965999,0.0
1688540400,silty,2023,0.2145196003920847,0.1664301592307063,15.0,4.5,SMARTER,2,10.979502175779452,9.292822356594398,6.395412175418061,4.71830645976308,4.932826060155165,0.0
1688626800,silty,2023,0.1207485582700281,0.2145196003920847,15.0,4.5,SMARTER,2,0.0,10.979502175779452,7.492344925936937,4.71830645976308,4.851372573452887,5.0
1688713200,silty,2023,0.1304544269584708,0.2145196003920847,15.0,4.5,SMARTER,2,10.305569495588363,10.979502175779452,3.3788724562330463,4.71830645976308,4.848760886721551,0.0
1688799600,silty,2023,0.0184736424575751,0.1304544269584708,15.0,4.5,SMARTER,2,0.0,10.305569495588363,6.518921569415171,4.71830645976308,4.7530289677144175,0.0
1688886000,silty,2023,0.1653183563654033,0.1304544269584708,15.0,4.5,SMARTER,2,11.572461040336666,10.305569495588363,7.0675670514600375,4.71830645976308,4.883624816128483,0.0
1688972400,silty,2023,0.0635298683674173,0.1653183563654033,15.0,4.5,SMARTER,2,0.0,11.572461040336666,6.961944041187434,4.71830645976308,4.803071079748492,0.0
1689058800,silty,2023,0.2135184373182078,0.1653183563654033,15.0,4.5,SMARTER,2,13.25629522256067,11.572461040336666,7.523781176422247,4.71830645976308,4.931824897081288,0.0
1689145200,silty,2023,0.1035009619621282,0.2135184373182078,15.0,4.5,SMARTER,2,0.0,13.25629522256067,7.806608352298979,4.71830645976308,4.847976428529316,0.0
1689231600,silty,2023,0.2296764498598767,0.2135184373182078,15.0,4.5,SMARTER,2,14.53220943505515,13.25629522256067,7.714035948667738,4.71830645976308,4.947982909622957,22.8
1689318000,silty,2023,-0.3851150263813021,0.2296764498598767,15.0,4.5,SMARTER,2,0.0,14.53220943505515,2.9961159428327533,4.71830645976308,4.420202382788077,0.0
1689404400,silty,2023,-0.3272799322435664,0.2296764498598767,15.0,4.5,SMARTER,2,4.705104008407452,14.53220943505515,5.390782029334142,4.71830645976308,4.3910265275195135,0.0
1689490800,silty,2023,-0.2125294597265391,-0.3272799322435664,15.0,4.5,SMARTER,2,0.0,4.705104008407452,7.109056997180415,4.71830645976308,4.505777000036541,0.0
1689577200,silty,2023,-0.0047067725683575,-0.3272799322435664,15.0,4.5,SMARTER,2,9.522520926977975,4.705104008407452,6.608581357186508,4.71830645976308,4.713599687194723,0.0
1689663600,silty,2023,0.008383231193917,-0.0047067725683575,15.0,4.5,SMARTER,2,0.0,9.522520926977975,7.500311698248804,4.71830645976308,4.731516434931741,0.0
1689750000,silty,2023,0.2018526327352524,-0.0047067725683575,15.0,4.5,SMARTER,2,13.529248853840762,9.522520926977975,7.063404491828016,4.71830645976308,4.9201590924983325,0.0
1689836400,silty,2023,0.1224944152379697,0.2018526327352524,15.0,4.5,SMARTER,2,0.0,13.529248853840762,7.949048805371062,4.71830645976308,4.865813317624276,0.0
1689922800,silty,2023,0.2289944453771208,0.2018526327352524,15.0,4.5,SMARTER,2,14.966851047665832,13.529248853840762,6.202164075023188,4.71830645976308,4.947300905140201,0.0
1719212400,silty,2024,-0.8449623694069076,0.0,15.0,4.5,SMARTER,2,0.0,0.0,1.5856569477409397,4.71830645976308,3.89369980150298,5.8
1719298800,silty,2024,-0.8890068805905569,0.0,15.0,4.5,SMARTER,2,0.0,0.0,1.643019943771474,4.71830645976308,3.829299579172524,12.6
1719385200,silty,2024,-0.9781873143956714,-0.8890068805905569,15.0,4.5,SMARTER,2,0.0,0.0,3.7360647761286776,4.71830645976308,3.7404171917138886,1.0
1719471600,silty,2024,-0.9543770235994224,-0.8890068805905569,15.0,4.5,SMARTER,2,0.0,0.0,3.283058105037508,4.71830645976308,3.7639294361636577,0.0
1719558000,silty,2024,-0.7222296554076789,-0.9543770235994224,15.0,4.5,SMARTER,2,0.0,0.0,8.105450401178516,4.71830645976308,3.996076804355402,0.0
1719644400,silty,2024,-0.5206623503001531,-0.9543770235994224,15.0,4.5,SMARTER,2,0.0,0.0,6.855392222915658,4.71830645976308,4.197644109462927,0.0
1719730800,silty,2024,-0.3294609917456443,-0.5206623503001531,15.0,4.5,SMARTER,2,0.0,0.0,6.275478723242181,4.71830645976308,4.388845468017436,0.0
1719817200,silty,2024,-0.0703104762086716,-0.5206623503001531,15.0,4.5,SMARTER,2,6.438880968433199,0.0,9.008052630760128,4.71830645976308,4.6479959835544085,0.0
1719903600,silty,2024,-0.0448435627785572,-0.0703104762086716,15.0,4.5,SMARTER,2,0.0,6.438880968433199,6.40343719338403,4.71830645976308,4.673462896984523,0.0
1719990000,silty,2024,0.1092425256423061,-0.0703104762086716,15.0,4.5,SMARTER,2,9.623767361588245,6.438880968433199,6.828302846826217,4.71830645976308,4.827548985405387,0.0
1720076400,silty,2024,-0.0339463105750152,0.1092425256423061,15.0,4.5,SMARTER,2,0.0,9.623767361588245,3.501203041998366,4.71830645976308,4.686046579476748,0.0
1720162800,silty,2024,0.056604397267632,0.1092425256423061,15.0,4.5,SMARTER,2,9.088915223672476,9.623767361588245,4.110755932356144,4.71830645976308,4.774910857030712,0.0
1720249200,silty,2024,0.0291582441997025,0.056604397267632,15.0,4.5,SMARTER,2,0.0,9.088915223672476,7.570021332731803,4.71830645976308,4.749073087128867,0.0
1720335600,silty,2024,0.2115992087714277,0.056604397267632,15.0,4.5,SMARTER,2,12.366033835700836,9.088915223672476,8.236770338981968,4.71830645976308,4.929905668534508,0.0
1720422000,silty,2024,0.0148817479834131,0.2115992087714277,15.0,4.5,SMARTER,2,0.0,12.366033835700836,3.5751601774979624,4.71830645976308,4.754502807661623,0.0
1720508400,silty,2024,0.1204473237275091,0.2115992087714277,15.0,4.5,SMARTER,2,11.540768516815849,12.366033835700836,6.021523561190189,4.71830645976308,4.838753783490589,1.0
1720594800,silty,2024,0.0008764666214698,0.1204473237275091,15.0,4.5,SMARTER,2,0.0,11.540768516815849,6.408995121084742,4.71830645976308,4.741287745581648,0.0
1720681200,silty,2024,0.1485095380769411,0.1204473237275091,15.0,4.5,SMARTER,2,12.629994653403564,11.540768516815849,7.100145056634385,4.71830645976308,4.866815997840021,0.0
1720767600,silty,2024,0.073904965433192,0.1485095380769411,15.0,4.5,SMARTER,2,0.0,12.629994653403564,8.417233027045325,4.71830645976308,4.815932282850032,0.0
1720854000,silty,2024,0.2634842078695032,0.1485095380769411,15.0,4.5,SMARTER,2,15.54029363570476,12.629994653403564,9.478835789843243,4.71830645976308,4.981790667632583,0.0
1720940400,silty,2024,0.1378334131286696,0.2634842078695032,15.0,4.5,SMARTER,2,0.0,15.54029363570476,8.65408688020589,4.71830645976308,4.8870755634999785,0.0
1721026800,silty,2024,0.2465166955859376,0.2634842078695032,15.0,4.5,SMARTER,2,16.395106081587997,15.54029363570476,8.038553013013921,4.71830645976308,4.964823155349018,0.0
1721113200,silty,2024,0.0966199182182111,0.2465166955859376,15.0,4.5,SMARTER,2,0.0,16.395106081587997,8.079175888672749,4.71830645976308,4.852623893203997,0.0
1721199600,silty,2024,0.2469558223856206,0.2465166955859376,15.0,4.5,SMARTER,2,17.512994184318536,16.395106081587997,9.89638188136864,4.71830645976308,4.965262282148701,0.0
1721286000,silty,2024,0.1038756260122821,0.2469558223856206,15.0,4.5,SMARTER,2,0.0,17.512994184318536,8.856197692783795,4.71830645976308,4.862437340015759,0.0
1721372400,silty,2024,0.2058706455591437,0.2469558223856206,15.0,4.5,SMARTER,2,17.823134436937533,17.512994184318536,8.59349226880255,4.71830645976308,4.924177105322224,0.0
1721458800,silty,2024,0.0056933011768101,0.2058706455591437,15.0,4.5,SMARTER,2,0.0,17.823134436937533,6.5994601364997925,4.71830645976308,4.774738603205641,0.0
1721545200,silty,2024,0.0555270930614466,0.2058706455591437,15.0,4.5,SMARTER,2,15.817853068248588,17.823134436937533,6.35886520949269,4.71830645976308,4.773833552824527,0.0
1626073200,silty,2021,0.3306482264002303,0.0,10.0,3.0,SMARTER,1,4.298426943202994,0.0,8.171899400888595,4.71830645976308,5.04895468616331,0.0
1626159600,silty,2021,0.3866366491007466,0.3306482264002303,10.0,3.0,SMARTER,1,6.0182211175103975,4.298426943202994,7.307248568315713,4.71830645976308,5.104943108863827,49.2
1626246000,silty,2021,-0.6573797838585692,0.3866366491007466,10.0,3.0,SMARTER,1,0.0,6.0182211175103975,3.7200181370317593,4.71830645976308,4.120307479276041,0.0
1626332400,silty,2021,-0.4944190014045407,-0.6573797838585692,10.0,3.0,SMARTER,1,0.0,0.0,6.588938290136868,4.71830645976308,4.22388745835854,0.0
1626418800,silty,2021,-0.3515616207253763,-0.4944190014045407,10.0,3.0,SMARTER,1,0.0,0.0,4.2070949143533625,4.71830645976308,4.366744839037704,10.8
1626505200,silty,2021,-0.478834597745868,-0.3515616207253763,10.0,3.0,SMARTER,1,0.0,0.0,1.7206288405645938,4.71830645976308,4.239471862017212,0.8
1626591600,silty,2021,-0.4379830283225758,-0.478834597745868,10.0,3.0,SMARTER,1,0.0,0.0,2.339819333016992,4.71830645976308,4.280323431440505,0.0
1626678000,silty,2021,-0.2197058159237581,-0.4379830283225758,10.0,3.0,SMARTER,1,1.523654676216902,0.0,5.542148180411579,4.71830645976308,4.498600643839322,0.0
1626764400,silty,2021,-0.0018643548692022,-0.2197058159237581,10.0,3.0,SMARTER,1,3.696476222154855,1.523654676216902,6.336708517861463,4.71830645976308,4.716442104893878,0.0
1626850800,silty,2021,0.1715696125158458,-0.0018643548692022,10.0,3.0,SMARTER,1,5.9455247335528725,3.696476222154855,7.723088615724408,4.71830645976308,4.889876072278926,0.0
1626937200,silty,2021,0.2166714497139832,0.1715696125158458,10.0,3.0,SMARTER,1,7.046557454676197,5.9455247335528725,6.384988487195638,4.71830645976308,4.934977909477063,0.0
1627023600,silty,2021,0.2252488492130467,0.2166714497139832,10.0,3.0,SMARTER,1,7.808077997305973,7.046557454676197,6.724001721462045,4.71830645976308,4.943555308976127,0.0
1627110000,silty,2021,0.1961897706092003,0.2252488492130467,10.0,3.0,SMARTER,1,8.10605652309511,7.808077997305973,6.639604206034317,4.71830645976308,4.915196740074489,0.0
1627196400,silty,2021,0.1324262849914509,0.1961897706092003,10.0,3.0,SMARTER,1,7.865700521891968,8.10605652309511,6.068344799075018,4.71830645976308,4.854371453094771,0.0
1627282800,silty,2021,0.0135209208943561,0.1324262849914509,10.0,3.0,SMARTER,1,6.717209643604089,7.865700521891968,3.7441148307248353,4.71830645976308,4.738801315239835,0.0
1627369200,silty,2021,-0.0289761425410073,0.0135209208943561,10.0,3.0,SMARTER,1,6.205310581627431,6.717209643604089,5.25782491390273,4.71830645976308,4.691655829498747,1.0
1627455600,silty,2021,-0.0917055616059449,-0.0289761425410073,10.0,3.0,SMARTER,1,5.302899706160221,6.205310581627431,4.067188753317478,4.71830645976308,4.628064083375186,0.0
1627542000,silty,2021,-0.0680065440708984,-0.0917055616059449,10.0,3.0,SMARTER,1,5.33587024929799,5.302899706160221,5.501441403272102,4.71830645976308,4.650299915692182,0.0
1627628400,silty,2021,0.0218979685001198,-0.0680065440708984,10.0,3.0,SMARTER,1,6.3006092805085325,5.33587024929799,7.363960029273559,4.71830645976308,4.7402044282632,0.0
1627714800,silty,2021,0.101573887540618,0.0218979685001198,10.0,3.0,SMARTER,1,7.402090133535369,6.3006092805085325,8.127164249908118,4.71830645976308,4.819880347303698,0.0
1627801200,silty,2021,0.077717941151029,0.101573887540618,10.0,3.0,SMARTER,1,7.396684493092565,7.402090133535369,7.011084171391055,4.71830645976308,4.808521809779439,9.0
1627887600,silty,2021,-0.0239760040516268,0.077717941151029,10.0,3.0,SMARTER,1,6.307817028911125,7.396684493092565,7.304828236834061,4.71830645976308,4.699935042184799,0.0
1627974000,silty,2021,-0.0090404167844593,-0.0239760040516268,10.0,3.0,SMARTER,1,6.430051651229422,6.307817028911125,7.320018177389831,4.71830645976308,4.70951716080337,0.0
1628060400,silty,2021,0.0573657141989525,-0.0090404167844593,10.0,3.0,SMARTER,1,7.266210103660399,6.430051651229422,8.239496207860649,4.71830645976308,4.7756721739620325,0.0
1628146800,silty,2021,-0.0088457952542058,0.0573657141989525,10.0,3.0,SMARTER,1,6.577557623366197,7.266210103660399,4.198759507591638,4.71830645976308,4.711171098407099,0.0
1628233200,silty,2021,0.0673012434468078,-0.0088457952542058,10.0,3.0,SMARTER,1,7.540931740716759,6.577557623366197,8.25634687060054,4.71830645976308,4.785607703209888,0.0
1628319600,silty,2021,0.0952256717580431,0.0673012434468078,10.0,3.0,SMARTER,1,8.105853039103241,7.540931740716759,7.823891414052509,4.71830645976308,4.814779147467021,0.0
1628406000,silty,2021,0.0749678627469127,0.0952256717580431,10.0,3.0,SMARTER,1,8.128178537232674,8.105853039103241,6.805842568347599,4.71830645976308,4.798102636664391,0.0
1628492400,silty,2021,0.0870922123723213,0.0749678627469127,10.0,3.0,SMARTER,1,8.510698670603725,8.128178537232674,8.235329351972808,4.71830645976308,4.809220153289836,0.0
1656054000,silty,2022,-0.2788604325414178,0.0,10.0,3.0,SMARTER,1,0.0,0.0,5.717907755951627,4.71830645976308,4.439466320129855,0.0
1656140400,silty,2022,-0.0739584526379522,-0.2788604325414178,10.0,3.0,SMARTER,1,1.8271444411207989,0.0,9.203948870710636,4.71830645976308,4.644348007125128,0.0
1656226800,silty,2022,0.0952094449663744,-0.0739584526379522,10.0,3.0,SMARTER,1,3.804451752063189,1.8271444411207989,9.569797117975432,4.71830645976308,4.813515904729455,0.0
1656313200,silty,2022,0.1857328193538004,0.0952094449663744,10.0,3.0,SMARTER,1,5.26688395399885,3.804451752063189,8.693094774412245,4.71830645976308,4.904039279116881,0.0
1656399600,silty,2022,0.1999540970268739,0.1857328193538004,10.0,3.0,SMARTER,1,6.008959021810207,5.26688395399885,7.460713537351751,4.71830645976308,4.918260556789955,1.6
1656486000,silty,2022,0.0767582681477852,0.1999540970268739,10.0,3.0,SMARTER,1,5.007275537462676,6.008959021810207,1.8323231735051733,4.71830645976308,4.795064727910866,0.0
1656572400,silty,2022,0.0781150355483676,0.0767582681477852,10.0,3.0,SMARTER,1,5.2551883181136025,5.007275537462676,6.425725286268609,4.71830645976308,4.796421495311448,0.0
1656658800,silty,2022,0.1184755847650868,0.0781150355483676,10.0,3.0,SMARTER,1,6.014220564576055,5.2551883181136025,8.481182130641368,4.71830645976308,4.836782044528167,0.0
1656745200,silty,2022,0.1657871982937096,0.1184755847650868,10.0,3.0,SMARTER,1,6.984698294743413,6.014220564576055,9.684100900879589,4.71830645976308,4.8840936580567895,0.0
1656831600,silty,2022,0.1496390299213212,0.1657871982937096,10.0,3.0,SMARTER,1,7.272133700783492,6.984698294743413,7.875822878948619,4.71830645976308,4.867945489684401,0.0
1656918000,silty,2022,0.1434678984771993,0.1496390299213212,10.0,3.0,SMARTER,1,7.640826081773871,7.272133700783492,8.846129638751195,4.71830645976308,4.861834767268822,0.0
1657004400,silty,2022,0.1205444345921532,0.1434678984771993,10.0,3.0,SMARTER,1,7.773224746699869,7.640826081773871,8.353871892123982,4.71830645976308,4.839552518466067,0.0
1657090800,silty,2022,0.0868264522939181,0.1205444345921532,10.0,3.0,SMARTER,1,7.696524280599273,7.773224746699869,8.10868026961472,4.71830645976308,4.807568388041754,0.0
1657177200,silty,2022,0.0039768891364784,0.0868264522939181,10.0,3.0,SMARTER,1,6.87995931643431,7.696524280599273,5.27960920736311,4.71830645976308,4.726189265946939,11.6
1657263600,silty,2022,-0.1316086205230937,0.0039768891364784,10.0,3.0,SMARTER,1,5.129278358269307,6.87995931643431,7.275206390354677,4.71830645976308,4.603146311103856,0.0
1657350000,silty,2022,-0.1171140368722997,-0.1316086205230937,10.0,3.0,SMARTER,1,4.922882084160347,5.129278358269307,7.121172904786319,4.71830645976308,4.60119242289078,0.0
1657436400,silty,2022,-0.0430345178158926,-0.1171140368722997,10.0,3.0,SMARTER,1,5.534573721276741,4.922882084160347,7.612583271961939,4.71830645976308,4.675271941947187,0.0
1657522800,silty,2022,0.0421499930162574,-0.0430345178158926,10.0,3.0,SMARTER,1,6.512868808647015,5.534573721276741,8.472336750464112,4.71830645976308,4.760456452779338,0.0
1657609200,silty,2022,0.0677702182995189,0.0421499930162574,10.0,3.0,SMARTER,1,6.9723817163781865,6.512868808647015,7.487993037508327,4.71830645976308,4.786076678062599,0.0
1657695600,silty,2022,0.0300325550116463,0.0677702182995189,10.0,3.0,SMARTER,1,6.6851027485344,6.9723817163781865,5.439558555641069,4.71830645976308,4.748922518393663,0.0
1657782000,silty,2022,0.0680130006740755,0.0300325550116463,10.0,3.0,SMARTER,1,7.268946207180919,6.6851027485344,8.254676604732598,4.71830645976308,4.786319460437156,0.0
1657868400,silty,2022,0.1210428417258027,0.0680130006740755,10.0,3.0,SMARTER,1,8.1623731428756,7.268946207180919,9.447916516172471,4.71830645976308,4.839530885678506,0.0
1657954800,silty,2022,0.1296929108295599,0.1210428417258027,10.0,3.0,SMARTER,1,8.63795256640185,8.1623731428756,8.968687582898376,4.71830645976308,4.850120408253043,0.0
1658041200,silty,2022,0.0903711285202303,0.1296929108295599,10.0,3.0,SMARTER,1,8.515848128869244,8.63795256640185,7.701644419417017,4.71830645976308,4.815392274446472,0.0
1658127600,silty,2022,0.0444517718100625,0.0903711285202303,10.0,3.0,SMARTER,1,8.190009877197753,8.515848128869244,7.236620092977568,4.71830645976308,4.771716344738166,0.0
1658214000,silty,2022,0.031893730364479,0.0444517718100625,10.0,3.0,SMARTER,1,8.160110653835355,8.190009877197753,7.976539558735554,4.71830645976308,4.75633183732751,0.0
1658300400,silty,2022,0.0552292247337638,0.031893730364479,10.0,3.0,SMARTER,1,8.559153271729496,8.160110653835355,9.031637030513592,4.71830645976308,4.778012601044049,0.0
1658386800,silty,2022,0.0554225613799089,0.0552292247337638,10.0,3.0,SMARTER,1,8.727354322330674,8.559153271729496,8.523521442036436,4.71830645976308,4.781135212114473,0.0
1687590000,silty,2023,-0.4524685625945971,0.0,10.0,3.0,SMARTER,1,0.0,0.0,6.3387606045021405,4.71830645976308,4.265837897168483,0.0
1687676400,silty,2023,-0.2887355392735605,-0.4524685625945971,10.0,3.0,SMARTER,1,0.7711236153896844,0.0,7.077332335884068,4.71830645976308,4.429570920489519,0.0
1687762800,silty,2023,-0.1524268894573533,-0.2887355392735605,10.0,3.0,SMARTER,1,1.676929445179697,0.7711236153896844,6.229180911248416,4.71830645976308,4.565879570305727,0.0
1687849200,silty,2023,-0.0088148727682725,-0.1524268894573533,10.0,3.0,SMARTER,1,3.086604993765687,1.676929445179697,7.717627618312005,4.71830645976308,4.709491586994807,0.0
1687935600,silty,2023,0.0970070836162668,-0.0088148727682725,10.0,3.0,SMARTER,1,4.435845808459883,3.086604993765687,8.190146658736474,4.71830645976308,4.815313543379348,0.0
1688022000,silty,2023,0.0471745360658404,0.0970070836162668,10.0,3.0,SMARTER,1,4.079043941153139,4.435845808459883,2.6534944981591777,4.71830645976308,4.765480995828921,0.0
1688108400,silty,2023,0.1090193826722243,0.0471745360658404,10.0,3.0,SMARTER,1,5.024550555233652,4.079043941153139,7.811921140444205,4.71830645976308,4.827325842435305,0.0
1688194800,silty,2023,0.044875531543714,0.1090193826722243,10.0,3.0,SMARTER,1,4.517738638579691,5.024550555233652,2.989408376370308,4.71830645976308,4.763181991306794,0.0
1688281200,silty,2023,0.0066172356534176,0.044875531543714,10.0,3.0,SMARTER,1,4.15500738663698,4.517738638579691,3.628606534620321,4.71830645976308,4.724923695416498,0.0
1688367600,silty,2023,0.0351813412704696,0.0066172356534176,10.0,3.0,SMARTER,1,4.546192466618909,4.15500738663698,5.9091258835011,4.71830645976308,4.7534878010335495,0.0
1688454000,silty,2023,0.0738809837940654,0.0351813412704696,10.0,3.0,SMARTER,1,5.154831843237063,4.546192466618909,6.621532339824514,4.71830645976308,4.792187443557146,0.0
1688540400,silty,2023,0.0899664866186398,0.0738809837940654,10.0,3.0,SMARTER,1,5.585586331338726,5.154831843237063,6.395412175418061,4.71830645976308,4.80827294638172,0.0
1688626800,silty,2023,0.1192154479014534,0.0899664866186398,10.0,3.0,SMARTER,1,6.235722287871222,5.585586331338726,7.492344925936937,4.71830645976308,4.8375219076645335,5.0
1688713200,silty,2023,-0.0109488547842662,0.1192154479014534,10.0,3.0,SMARTER,1,4.901232696661227,6.235722287871222,3.3788724562330463,4.71830645976308,4.707443460530403,0.0
1688799600,silty,2023,0.0042904476267099,-0.0109488547842662,10.0,3.0,SMARTER,1,5.066497063651119,4.901232696661227,6.518921569415171,4.71830645976308,4.72259690738979,0.0
1688886000,silty,2023,0.050829543704635,0.0042904476267099,10.0,3.0,SMARTER,1,5.684376655544275,5.066497063651119,7.0675670514600375,4.71830645976308,4.769136003467716,0.0
1688972400,silty,2023,0.0787580510885822,0.050829543704635,10.0,3.0,SMARTER,1,6.199935882649494,5.684376655544275,6.961944041187434,4.71830645976308,4.797064510851662,0.0
1689058800,silty,2023,0.1065312534123039,0.0787580510885822,10.0,3.0,SMARTER,1,6.797261666123622,6.199935882649494,7.523781176422247,4.71830645976308,4.824837713175384,0.0
1689145200,silty,2023,0.1195844863645221,0.1065312534123039,10.0,3.0,SMARTER,1,7.286547454739369,6.797261666123622,7.806608352298979,4.71830645976308,4.837890946127603,0.0
1689231600,silty,2023,0.1131830592363719,0.1195844863645221,10.0,3.0,SMARTER,1,7.562082361166984,7.286547454739369,7.714035948667738,4.71830645976308,4.831836928041214,22.8
1689318000,silty,2023,-0.3951059492385558,0.1131830592363719,10.0,3.0,SMARTER,1,1.2938744287020385,7.562082361166984,2.9961159428327533,4.71830645976308,4.360504494561288,0.0
1689404400,silty,2023,-0.3064843421067875,-0.3951059492385558,10.0,3.0,SMARTER,1,1.2606374736993595,1.2938744287020385,5.390782029334142,4.71830645976308,4.411822117656293,0.0
1689490800,silty,2023,-0.1066671075191413,-0.3064843421067875,10.0,3.0,SMARTER,1,2.938808497018397,1.2606374736993595,7.109056997180415,4.71830645976308,4.611639352243939,0.0
1689577200,silty,2023,0.0390875007810903,-0.1066671075191413,10.0,3.0,SMARTER,1,4.513617082363985,2.938808497018397,6.608581357186508,4.71830645976308,4.757393960544171,0.0
1689663600,silty,2023,0.1598310141781542,0.0390875007810903,10.0,3.0,SMARTER,1,6.200545258869087,4.513617082363985,7.500311698248804,4.71830645976308,4.878137473941234,0.0
1689750000,silty,2023,0.2048611546409677,0.1598310141781542,10.0,3.0,SMARTER,1,7.265430127420125,6.200545258869087,7.063404491828016,4.71830645976308,4.923167614404048,0.0
1689836400,silty,2023,0.2300588778694635,0.2048611546409677,10.0,3.0,SMARTER,1,8.207583993313474,7.265430127420125,7.949048805371062,4.71830645976308,4.948365337632544,0.0
1689922800,silty,2023,0.1704723634276519,0.2300588778694635,10.0,3.0,SMARTER,1,8.123135939178315,8.207583993313474,6.202164075023188,4.71830645976308,4.890872338494487,0.0
1719212400,silty,2024,-0.8449623694069076,0.0,10.0,3.0,SMARTER,1,0.0,0.0,1.5856569477409397,4.71830645976308,3.89369980150298,5.8
1719298800,silty,2024,-0.8890068805905569,-0.8449623694069076,10.0,3.0,SMARTER,1,0.0,0.0,1.643019943771474,4.71830645976308,3.829299579172524,12.6
1719385200,silty,2024,-0.9781873143956714,-0.8890068805905569,10.0,3.0,SMARTER,1,0.0,0.0,3.7360647761286776,4.71830645976308,3.7404171917138886,1.0
1719471600,silty,2024,-0.9543770235994224,-0.9781873143956714,10.0,3.0,SMARTER,1,0.0,0.0,3.283058105037508,4.71830645976308,3.7639294361636577,0.0
1719558000,silty,2024,-0.7222296554076789,-0.9543770235994224,10.0,3.0,SMARTER,1,0.0,0.0,8.105450401178516,4.71830645976308,3.996076804355402,0.0
1719644400,silty,2024,-0.5206623503001531,-0.7222296554076789,10.0,3.0,SMARTER,1,0.0,0.0,6.855392222915658,4.71830645976308,4.197644109462927,0.0
1719730800,silty,2024,-0.3294609917456443,-0.5206623503001531,10.0,3.0,SMARTER,1,0.0,0.0,6.275478723242181,4.71830645976308,4.388845468017436,0.0
1719817200,silty,2024,-0.0703104762086716,-0.3294609917456443,10.0,3.0,SMARTER,1,2.3805737267437115,0.0,9.008052630760128,4.71830645976308,4.6479959835544085,0.0
1719903600,silty,2024,0.045641140930735,-0.0703104762086716,10.0,3.0,SMARTER,1,3.677013320929984,2.3805737267437115,6.40343719338403,4.71830645976308,4.763947600693816,0.0
1719990000,silty,2024,0.1140248808839459,0.045641140930735,10.0,3.0,SMARTER,1,4.70292536311393,3.677013320929984,6.828302846826217,4.71830645976308,4.832331340647026,0.0
1720076400,silty,2024,0.0810881773207146,0.1140248808839459,10.0,3.0,SMARTER,1,4.616822859443761,4.70292536311393,3.501203041998366,4.71830645976308,4.799394637083795,0.0
1720162800,silty,2024,0.0693093730106206,0.0810881773207146,10.0,3.0,SMARTER,1,4.7069629353746825,4.616822859443761,4.110755932356144,4.71830645976308,4.787615832773701,0.0
1720249200,silty,2024,0.1360787106332911,0.0693093730106206,10.0,3.0,SMARTER,1,5.782892443501262,4.7069629353746825,7.570021332731803,4.71830645976308,4.854385170396371,0.0
1720335600,silty,2024,0.1816309079170073,0.1360787106332911,10.0,3.0,SMARTER,1,6.783307140089447,5.782892443501262,8.236770338981968,4.71830645976308,4.899937367680088,0.0
1720422000,silty,2024,0.0888360740565437,0.1816309079170073,10.0,3.0,SMARTER,1,6.121867023654442,6.783307140089447,3.5751601774979624,4.71830645976308,4.807142533819624,0.0
1720508400,silty,2024,0.0721294573259017,0.0888360740565437,10.0,3.0,SMARTER,1,6.171189228325726,6.121867023654442,6.021523561190189,4.71830645976308,4.790435917088982,1.0
1720594800,silty,2024,0.0595802331359391,0.0721294573259017,10.0,3.0,SMARTER,1,6.224437685833918,6.171189228325726,6.408995121084742,4.71830645976308,4.77788669289902,0.0
1720681200,silty,2024,0.076179989395622,0.0595802331359391,10.0,3.0,SMARTER,1,6.6189752166176135,6.224437685833918,7.100145056634385,4.71830645976308,4.794486449158702,0.0
1720767600,silty,2024,0.1162108084806805,0.076179989395622,10.0,3.0,SMARTER,1,7.36791583291024,6.6189752166176135,8.417233027045325,4.71830645976308,4.8345172682437605,0.0
1720854000,silty,2024,0.1604383034109332,0.1162108084806805,10.0,3.0,SMARTER,1,8.291505692445567,7.36791583291024,9.478835789843243,4.71830645976308,4.878762761789678,0.0
1720940400,silty,2024,0.1509995635312191,0.1604383034109332,10.0,3.0,SMARTER,1,8.650116984242082,8.291505692445567,8.65408688020589,4.71830645976308,4.87162200570595,0.0
1721026800,silty,2024,0.1162854869076581,0.1509995635312191,10.0,3.0,SMARTER,1,8.651832678729447,8.650116984242082,8.038553013013921,4.71830645976308,4.840648774261994,0.0
1721113200,silty,2024,0.0834885081540086,0.1162854869076581,10.0,3.0,SMARTER,1,8.574328415654978,8.651832678729447,8.079175888672749,4.71830645976308,4.80924521926393,0.0
1721199600,silty,2024,0.1051153005429074,0.0834885081540086,10.0,3.0,SMARTER,1,9.105942241172688,8.574328415654978,9.89638188136864,4.71830645976308,4.828575175520822,0.0
1721286000,silty,2024,0.0894990006168292,0.1051153005429074,10.0,3.0,SMARTER,1,9.218276243762396,9.105942241172688,8.856197692783795,4.71830645976308,4.817704204767834,0.0
1721372400,silty,2024,0.060786793052092,0.0894990006168292,10.0,3.0,SMARTER,1,9.1135145472713,9.218276243762396,8.59349226880255,4.71830645976308,4.791708848316595,0.0
1721458800,silty,2024,-0.0129466900819915,0.060786793052092,10.0,3.0,SMARTER,1,8.33733964568449,9.1135145472713,6.5994601364997925,4.71830645976308,4.722452674724697,0.0
1721545200,silty,2024,-0.0690504616484502,-0.0129466900819915,10.0,3.0,SMARTER,1,7.569150545074553,8.33733964568449,6.35886520949269,4.71830645976308,4.661263611795572,0.0
1626073200,sandy,2021,0.2567818856061262,0.0,7.0,3.0,SMARTER,1,2.5678188560612623,0.0,8.171899400888595,4.71830645976308,4.975088345369207,0.0
1626159600,sandy,2021,0.3497762946871428,0.2567818856061262,7.0,3.0,SMARTER,1,4.268108603689806,2.5678188560612623,7.307248568315713,4.71830645976308,5.068082754450223,49.2
1626246000,sandy,2021,-0.9672519049824968,0.3497762946871428,7.0,3.0,SMARTER,1,0.0,4.268108603689806,3.7200181370317593,4.71830645976308,3.772827493507369,0.0
1626332400,sandy,2021,-0.7836778190534149,-0.9672519049824968,7.0,3.0,SMARTER,1,0.0,0.0,6.588938290136868,4.71830645976308,3.934628640709665,0.0
1626418800,sandy,2021,-0.6094393043024149,-0.7836778190534149,7.0,3.0,SMARTER,1,0.0,0.0,4.2070949143533625,4.71830645976308,4.108867155460666,10.8
1626505200,sandy,2021,-0.7685954379603921,-0.6094393043024149,7.0,3.0,SMARTER,1,0.0,0.0,1.7206288405645938,4.71830645976308,3.949711021802688,0.8
1626591600,sandy,2021,-0.7142330422156347,-0.7685954379603921,7.0,3.0,SMARTER,1,0.0,0.0,2.339819333016992,4.71830645976308,4.0040734175474455,0.0
1626678000,sandy,2021,-0.4656602387339579,-0.7142330422156347,7.0,3.0,SMARTER,1,0.0,0.0,5.542148180411579,4.71830645976308,4.2526462210291225,0.0
1626764400,sandy,2021,-0.2137390159012069,-0.4656602387339579,7.0,3.0,SMARTER,1,0.0,0.0,6.336708517861463,4.71830645976308,4.504567443861873,0.0
1626850800,sandy,2021,0.0334116883719629,-0.2137390159012069,7.0,3.0,SMARTER,1,1.830289995028077,0.0,7.723088615724408,4.71830645976308,4.751718148135043,0.0
1626937200,sandy,2021,0.1677146735719625,0.0334116883719629,7.0,3.0,SMARTER,1,3.273554912143963,1.830289995028077,6.384988487195638,4.71830645976308,4.886021133335043,0.0
1627023600,sandy,2021,0.253292277659131,0.1677146735719625,7.0,3.0,SMARTER,1,4.632474973731535,3.273554912143963,6.724001721462045,4.71830645976308,4.971598737422212,0.0
1627110000,sandy,2021,0.2805583679993131,0.253292277659131,7.0,3.0,SMARTER,1,5.665012710110749,4.632474973731535,6.639604206034317,4.71830645976308,4.998864827762393,0.0
1627196400,sandy,2021,0.2557761938771924,0.2805583679993131,7.0,3.0,SMARTER,1,6.258866072887482,5.665012710110749,6.068344799075018,4.71830645976308,4.974082653640273,0.0
1627282800,sandy,2021,0.1583088234332191,0.2557761938771924,7.0,3.0,SMARTER,1,6.051520950079326,6.258866072887482,3.7441148307248353,4.71830645976308,4.876615283196299,0.0
1627369200,sandy,2021,0.1136205945341755,0.1583088234332191,7.0,3.0,SMARTER,1,6.079565131388547,6.051520950079326,5.25782491390273,4.71830645976308,4.831927054297256,1.0
1627455600,sandy,2021,0.0257918427036569,0.1136205945341755,7.0,3.0,SMARTER,1,5.542139396685888,6.079565131388547,4.067188753317478,4.71830645976308,4.744098302466737,0.0
1627542000,sandy,2021,0.0126446034624807,0.0257918427036569,7.0,3.0,SMARTER,1,5.488042532385097,5.542139396685888,5.501441403272102,4.71830645976308,4.730951063225561,0.0
1627628400,sandy,2021,0.0686244670372879,0.0126446034624807,7.0,3.0,SMARTER,1,6.085774978520612,5.488042532385097,7.363960029273559,4.71830645976308,4.786930926800368,0.0
1627714800,sandy,2021,0.120583177194582,0.0686244670372879,7.0,3.0,SMARTER,1,6.811235481205417,6.085774978520612,8.127164249908118,4.71830645976308,4.838889636957663,0.0
1627801200,sandy,2021,0.0836112845133799,0.120583177194582,7.0,3.0,SMARTER,1,6.803266085977142,6.811235481205417,7.011084171391055,4.71830645976308,4.8019177442764605,9.0
1627887600,sandy,2021,-0.0708833384188807,0.0836112845133799,7.0,3.0,SMARTER,1,5.509153710194674,6.803266085977142,7.304828236834061,4.71830645976308,4.647423121344199,0.0
1627974000,sandy,2021,-0.0448251706994249,-0.0708833384188807,7.0,3.0,SMARTER,1,5.55708537213259,5.509153710194674,7.320018177389831,4.71830645976308,4.673481289063656,0.0
1628060400,sandy,2021,0.0318653693371746,-0.0448251706994249,7.0,3.0,SMARTER,1,6.189515260400311,5.55708537213259,8.239496207860649,4.71830645976308,4.750171829100255,0.0
1628146800,sandy,2021,-0.0305836528532008,0.0318653693371746,7.0,3.0,SMARTER,1,5.66062114650808,6.189515260400311,4.198759507591638,4.71830645976308,4.687722806909879,0.0
1628233200,sandy,2021,0.0607267446295919,-0.0305836528532008,7.0,3.0,SMARTER,1,6.481974162776406,5.66062114650808,8.25634687060054,4.71830645976308,4.779033204392672,0.0
1628319600,sandy,2021,0.0972557091279058,0.0607267446295919,7.0,3.0,SMARTER,1,7.02944404164832,6.481974162776406,7.823891414052509,4.71830645976308,4.815562168890986,0.0
1628406000,sandy,2021,0.0825792400579385,0.0972557091279058,7.0,3.0,SMARTER,1,7.174446478332365,7.02944404164832,6.805842568347599,4.71830645976308,4.800885699821019,0.0
1628492400,sandy,2021,0.103859555223764,0.0825792400579385,7.0,3.0,SMARTER,1,7.634987350164436,7.174446478332365,8.235329351972808,4.71830645976308,4.822166014986844,0.0
1656054000,sandy,2022,-0.3245383821372074,0.0,7.0,3.0,SMARTER,1,0.0,0.0,5.717907755951627,4.71830645976308,4.3937680776258725,0.0
1656140400,sandy,2022,-0.1057476363914457,-0.3245383821372074,7.0,3.0,SMARTER,1,1.2142923110459949,0.0,9.203948870710636,4.71830645976308,4.612558823371635,0.0
1656226800,sandy,2022,0.070657574006391,-0.1057476363914457,7.0,3.0,SMARTER,1,2.661101505850026,1.2142923110459949,9.569797117975432,4.71830645976308,4.788964033769472,0.0
1656313200,sandy,2022,0.1659811863408561,0.070657574006391,7.0,3.0,SMARTER,1,3.8263103512138494,2.661101505850026,8.693094774412245,4.71830645976308,4.884287646103936,0.0
1656399600,sandy,2022,0.1936647683702926,0.1659811863408561,7.0,3.0,SMARTER,1,4.601089730530783,3.8263103512138494,7.460713537351751,4.71830645976308,4.911971228133373,1.6
1656486000,sandy,2022,0.0866920910853469,0.1936647683702926,7.0,3.0,SMARTER,1,4.112357262792203,4.601089730530783,1.8323231735051733,4.71830645976308,4.804998550848428,0.0
1656572400,sandy,2022,0.0973061756139055,0.0866920910853469,7.0,3.0,SMARTER,1,4.47857438133383,4.112357262792203,6.425725286268609,4.71830645976308,4.8156126353769855,0.0
1656658800,sandy,2022,0.141145018519848,0.0973061756139055,7.0,3.0,SMARTER,1,5.208881337234972,4.47857438133383,8.481182130641368,4.71830645976308,4.859451478282928,0.0
1656745200,sandy,2022,0.187883396065194,0.141145018519848,7.0,3.0,SMARTER,1,6.099700168247976,5.208881337234972,9.684100900879589,4.71830645976308,4.906189855828274,0.0
1656831600,sandy,2022,0.1708398291452927,0.187883396065194,7.0,3.0,SMARTER,1,6.492914687244545,6.099700168247976,7.875822878948619,4.71830645976308,4.889146288908373,0.0
1656918000,sandy,2022,0.1635405118337872,0.1708398291452927,7.0,3.0,SMARTER,1,6.932441001565367,6.492914687244545,8.846129638751195,4.71830645976308,4.881846971596867,0.0
1657004400,sandy,2022,0.137500061512643,0.1635405118337872,7.0,3.0,SMARTER,1,7.162658033855287,6.932441001565367,8.353871892123982,4.71830645976308,4.855806521275723,0.0
1657090800,sandy,2022,0.0983529803421551,0.137500061512643,7.0,3.0,SMARTER,1,7.183687406688337,7.162658033855287,8.10868026961472,4.71830645976308,4.816659440105235,0.0
1657177200,sandy,2022,0.0054029166040097,0.0983529803421551,7.0,3.0,SMARTER,1,6.5492457103333495,7.183687406688337,5.27960920736311,4.71830645976308,4.72370937636709,11.6
1657263600,sandy,2022,-0.1497565101668674,0.0054029166040097,7.0,3.0,SMARTER,1,5.013860192436606,6.5492457103333495,7.275206390354677,4.71830645976308,4.568549949596213,0.0
1657350000,sandy,2022,-0.1703965543801251,-0.1497565101668674,7.0,3.0,SMARTER,1,4.358190219803427,5.013860192436606,7.121172904786319,4.71830645976308,4.547909905382955,0.0
1657436400,sandy,2022,-0.0885818998122226,-0.1703965543801251,7.0,3.0,SMARTER,1,4.665147102342077,4.358190219803427,7.612583271961939,4.71830645976308,4.629724559950858,0.0
1657522800,sandy,2022,0.0154767369849535,-0.0885818998122226,7.0,3.0,SMARTER,1,5.439987770877171,4.665147102342077,8.472336750464112,4.71830645976308,4.733783196748034,0.0
1657609200,sandy,2022,0.0588923617847608,0.0154767369849535,7.0,3.0,SMARTER,1,5.920574229830105,5.439987770877171,7.487993037508327,4.71830645976308,4.777198821547841,0.0
1657695600,sandy,2022,0.0335662516082174,0.0588923617847608,7.0,3.0,SMARTER,1,5.843990213418953,5.920574229830105,5.439558555641069,4.71830645976308,4.7518727113712975,0.0
1657782000,sandy,2022,0.0868399671856201,0.0335662516082174,7.0,3.0,SMARTER,1,6.477426124017633,5.843990213418953,8.254676604732598,4.71830645976308,4.8051464269487,0.0
1657868400,sandy,2022,0.1473359354781525,0.0868399671856201,7.0,3.0,SMARTER,1,7.342905708499817,6.477426124017633,9.447916516172471,4.71830645976308,4.865642395241233,0.0
1657954800,sandy,2022,0.1571891978343126,0.1473359354781525,7.0,3.0,SMARTER,1,7.883446138495875,7.342905708499817,8.968687582898376,4.71830645976308,4.8754956575973925,0.0
1658041200,sandy,2022,0.1128638342742323,0.1571891978343126,7.0,3.0,SMARTER,1,7.911760096398011,7.883446138495875,7.701644419417017,4.71830645976308,4.831170294037313,0.0
1658127600,sandy,2022,0.0601100912640452,0.1128638342742323,7.0,3.0,SMARTER,1,7.722814169118837,7.911760096398011,7.236620092977568,4.71830645976308,4.778416551027125,0.0
1658214000,sandy,2022,0.0424321647294558,0.0601100912640452,7.0,3.0,SMARTER,1,7.726365177565079,7.722814169118837,7.976539558735554,4.71830645976308,4.760738624492536,0.0
1658300400,sandy,2022,0.0601734092777782,0.0424321647294558,7.0,3.0,SMARTER,1,8.03107411723667,7.726365177565079,9.031637030513592,4.71830645976308,4.778479869040859,0.0
1658386800,sandy,2022,0.0519269364862279,0.0601734092777782,7.0,3.0,SMARTER,1,8.129129617154502,8.03107411723667,8.523521442036436,4.71830645976308,4.770233396249308,0.0
1687590000,sandy,2023,-0.5324586664639549,0.0,7.0,3.0,SMARTER,1,0.0,0.0,6.3387606045021405,4.71830645976308,4.185847793299125,0.0
1687676400,sandy,2023,-0.3602161587464601,-0.5324586664639549,7.0,3.0,SMARTER,1,0.125049077783083,0.0,7.077332335884068,4.71830645976308,4.35809030101662,0.0
1687762800,sandy,2023,-0.2086045289133389,-0.3602161587464601,7.0,3.0,SMARTER,1,0.5605168998749145,0.125049077783083,6.229180911248416,4.71830645976308,4.509701930849741,0.0
1687849200,sandy,2023,-0.0580597477595749,-0.2086045289133389,7.0,3.0,SMARTER,1,1.4401511246725378,0.5605168998749145,7.717627618312005,4.71830645976308,4.660246712003505,0.0
1687935600,sandy,2023,0.0613816987423231,-0.0580597477595749,7.0,3.0,SMARTER,1,2.4603863464127933,1.4401511246725378,8.190146658736474,4.71830645976308,4.779688158505404,0.0
1688022000,sandy,2023,0.0460040302479843,0.0613816987423231,7.0,3.0,SMARTER,1,2.490754757696375,2.4603863464127933,2.6534944981591777,4.71830645976308,4.764310490011065,0.0
1688108400,sandy,2023,0.1262583502229379,0.0460040302479843,7.0,3.0,SMARTER,1,3.431310048189864,2.490754757696375,7.811921140444205,4.71830645976308,4.844564809986018,0.0
1688194800,sandy,2023,0.0857869762163668,0.1262583502229379,7.0,3.0,SMARTER,1,3.4053713587929666,3.431310048189864,2.989408376370308,4.71830645976308,4.804093435979447,0.0
1688281200,sandy,2023,0.0616043534521183,0.0857869762163668,7.0,3.0,SMARTER,1,3.4209060597995826,3.4053713587929666,3.628606534620321,4.71830645976308,4.779910813215198,0.0
1688367600,sandy,2023,0.0906266432644801,0.0616043534521183,7.0,3.0,SMARTER,1,3.895942018279556,3.4209060597995826,5.9091258835011,4.71830645976308,4.80893310302756,0.0
1688454000,sandy,2023,0.1228218025368631,0.0906266432644801,7.0,3.0,SMARTER,1,4.489773540796826,3.895942018279556,6.621532339824514,4.71830645976308,4.841128262299944,0.0
1688540400,sandy,2023,0.129909754176777,0.1228218025368631,7.0,3.0,SMARTER,1,4.929118464806555,4.489773540796826,6.395412175418061,4.71830645976308,4.848216213939858,0.0
1688626800,sandy,2023,0.1505669232784957,0.129909754176777,7.0,3.0,SMARTER,1,5.525419418354073,4.929118464806555,7.492344925936937,4.71830645976308,4.868873383041576,5.0
1688713200,sandy,2023,0.0046957659966802,0.1505669232784957,7.0,3.0,SMARTER,1,4.518408615371405,5.525419418354073,3.3788724562330463,4.71830645976308,4.72300222575976,0.0
1688799600,sandy,2023,0.0114625628213725,0.0046957659966802,7.0,3.0,SMARTER,1,4.600163881608369,4.518408615371405,6.518921569415171,4.71830645976308,4.729769022584453,0.0
1688886000,sandy,2023,0.0534807081354888,0.0114625628213725,7.0,3.0,SMARTER,1,5.0547330232136485,4.600163881608369,7.0675670514600375,4.71830645976308,4.7717871678985695,0.0
1688972400,sandy,2023,0.0799653974101771,0.0534807081354888,7.0,3.0,SMARTER,1,5.480022040366999,5.0547330232136485,6.961944041187434,4.71830645976308,4.798271857173257,0.0
1689058800,sandy,2023,0.1090265000748225,0.0799653974101771,7.0,3.0,SMARTER,1,6.010529259243984,5.480022040366999,7.523781176422247,4.71830645976308,4.827332959837903,0.0
1689145200,sandy,2023,0.124564123971517,0.1090265000748225,7.0,3.0,SMARTER,1,6.492984998435396,6.010529259243984,7.806608352298979,4.71830645976308,4.842870583734597,0.0
1689231600,sandy,2023,0.1182951721231148,0.124564123971517,7.0,3.0,SMARTER,1,6.803987851865925,6.492984998435396,7.714035948667738,4.71830645976308,4.836601631886195,22.8
1689318000,sandy,2023,-0.5480211900865732,0.1182951721231148,7.0,3.0,SMARTER,1,0.4957097461383888,6.803987851865925,2.9961159428327533,4.71830645976308,4.170285269676507,0.0
1689404400,sandy,2023,-0.4232592401899143,-0.5480211900865732,7.0,3.0,SMARTER,1,0.0,0.4957097461383888,5.390782029334142,4.71830645976308,4.295047219573166,0.0
1689490800,sandy,2023,-0.1750226106567766,-0.4232592401899143,7.0,3.0,SMARTER,1,1.2125885747616336,0.0,7.109056997180415,4.71830645976308,4.543283849106303,0.0
1689577200,sandy,2023,0.0008784866155657,-0.1750226106567766,7.0,3.0,SMARTER,1,2.446531715514728,1.2125885747616336,6.608581357186508,4.71830645976308,4.719184946378646,0.0
1689663600,sandy,2023,0.1474187499765708,0.0008784866155657,7.0,3.0,SMARTER,1,3.9145698089714753,2.446531715514728,7.500311698248804,4.71830645976308,4.865725209739651,0.0
1689750000,sandy,2023,0.2211440264222416,0.1474187499765708,7.0,3.0,SMARTER,1,5.094078823357896,3.9145698089714753,7.063404491828016,4.71830645976308,4.939450486185322,0.0
1689836400,sandy,2023,0.2789525276310036,0.2211440264222416,7.0,3.0,SMARTER,1,6.335595914712241,5.094078823357896,7.949048805371062,4.71830645976308,4.997258987394084,0.0
1689922800,sandy,2023,0.2438544405851328,0.2789525276310036,7.0,3.0,SMARTER,1,6.821472627146544,6.335595914712241,6.202164075023188,4.71830645976308,4.962160900348213,0.0
1719212400,sandy,2024,-0.9163487327852844,0.0,7.0,3.0,SMARTER,1,0.0,0.0,1.5856569477409397,4.71830645976308,3.8054362757279097,5.8
1719298800,sandy,2024,-0.9788446189287636,-0.9163487327852844,7.0,3.0,SMARTER,1,0.0,0.0,1.643019943771474,4.71830645976308,3.7394618408343168,12.6
1719385200,sandy,2024,-1.0940321409707554,-0.9788446189287636,7.0,3.0,SMARTER,1,0.0,0.0,3.7360647761286776,4.71830645976308,3.6242743187923248,1.0
1719471600,sandy,2024,-1.0538939851169635,-1.0940321409707554,7.0,3.0,SMARTER,1,0.0,0.0,3.283058105037508,4.71830645976308,3.6644124746461166,0.0
1719558000,sandy,2024,-0.7954118657544437,-1.0538939851169635,7.0,3.0,SMARTER,1,0.0,0.0,8.105450401178516,4.71830645976308,3.922894594008637,0.0
1719644400,sandy,2024,-0.5754786186497758,-0.7954118657544437,7.0,3.0,SMARTER,1,0.0,0.0,6.855392222915658,4.71830645976308,4.142827841113305,0.0
1719730800,sandy,2024,-0.3882010285659471,-0.5754786186497758,7.0,3.0,SMARTER,1,0.0,0.0,6.275478723242181,4.71830645976308,4.330105431197133,0.0
1719817200,sandy,2024,-0.1756380545259042,-0.3882010285659471,7.0,3.0,SMARTER,1,0.961026654702588,0.0,9.008052630760128,4.71830645976308,4.542668405237176,0.0
1719903600,sandy,2024,-0.0595074750591559,-0.1756380545259042,7.0,3.0,SMARTER,1,1.5954182857923571,0.961026654702588,6.40343719338403,4.71830645976308,4.658798984703925,0.0
1719990000,sandy,2024,0.0328536462779391,-0.0595074750591559,7.0,3.0,SMARTER,1,2.3405070739858407,1.5954182857923571,6.828302846826217,4.71830645976308,4.751160106041019,0.0
1720076400,sandy,2024,0.0379558019900015,0.0328536462779391,7.0,3.0,SMARTER,1,2.4900895699402823,2.3405070739858407,3.501203041998366,4.71830645976308,4.756262261753082,0.0
1720162800,sandy,2024,0.0597338516677131,0.0379558019900015,7.0,3.0,SMARTER,1,2.8217374726874027,2.4900895699402823,4.110755932356144,4.71830645976308,4.778040311430793,0.0
1720249200,sandy,2024,0.1429093299212294,0.0597338516677131,7.0,3.0,SMARTER,1,3.832693810225705,2.8217374726874027,7.570021332731803,4.71830645976308,4.86121578968431,0.0
1720335600,sandy,2024,0.2014927492949081,0.1429093299212294,7.0,3.0,SMARTER,1,4.847255993726181,3.832693810225705,8.236770338981968,4.71830645976308,4.919799209057988,0.0
1720422000,sandy,2024,0.1313387242643774,0.2014927492949081,7.0,3.0,SMARTER,1,4.750193991305599,4.847255993726181,3.5751601774979624,4.71830645976308,4.849645184027458,0.0
1720508400,sandy,2024,0.1282368936549658,0.1313387242643774,7.0,3.0,SMARTER,1,5.113191858004615,4.750193991305599,6.021523561190189,4.71830645976308,4.846543353418046,1.0
1720594800,sandy,2024,0.120785793191037,0.1282368936549658,7.0,3.0,SMARTER,1,5.423391534330224,5.113191858004615,6.408995121084742,4.71830645976308,4.839092252954117,0.0
1720681200,sandy,2024,0.1327785777276693,0.120785793191037,7.0,3.0,SMARTER,1,5.905676759269658,5.423391534330224,7.100145056634385,4.71830645976308,4.8510850374907495,0.0
1720767600,sandy,2024,0.1648601122637498,0.1327785777276693,7.0,3.0,SMARTER,1,6.624827837813471,5.905676759269658,8.417233027045325,4.71830645976308,4.883166572026831,0.0
1720854000,sandy,2024,0.1983727753899615,0.1648601122637498,7.0,3.0,SMARTER,1,7.454534805866837,6.624827837813471,9.478835789843243,4.71830645976308,4.916679235153042,0.0
1720940400,sandy,2024,0.1808497091130524,0.1983727753899615,7.0,3.0,SMARTER,1,7.874422469267631,7.454534805866837,8.65408688020589,4.71830645976308,4.899156168876133,0.0
1721026800,sandy,2024,0.1367422559833598,0.1808497091130524,7.0,3.0,SMARTER,1,7.975897065309861,7.874422469267631,8.038553013013921,4.71830645976308,4.85504871574644,0.0
1721113200,sandy,2024,0.0974629023665241,0.1367422559833598,7.0,3.0,SMARTER,1,7.993330297091584,7.975897065309861,8.079175888672749,4.71830645976308,4.815769362129604,0.0
1721199600,sandy,2024,0.1162879876808568,0.0974629023665241,7.0,3.0,SMARTER,1,8.473969857334483,7.993330297091584,9.89638188136864,4.71830645976308,4.834594447443937,0.0
1721286000,sandy,2024,0.0896191565952581,0.1162879876808568,7.0,3.0,SMARTER,1,8.556145509521066,8.473969857334483,8.856197692783795,4.71830645976308,4.807925616358339,0.0
1721372400,sandy,2024,0.0510374376570105,0.0896191565952581,7.0,3.0,SMARTER,1,8.439185789924366,8.556145509521066,8.59349226880255,4.71830645976308,4.76934389742009,0.0
1721458800,sandy,2024,-0.0340878834541806,0.0510374376570105,7.0,3.0,SMARTER,1,7.741044891783486,8.439185789924366,6.5994601364997925,4.71830645976308,4.6842185763089,0.0
1721545200,sandy,2024,-0.0952126511321632,-0.0340878834541806,7.0,3.0,SMARTER,1,7.027533564641118,7.741044891783486,6.35886520949269,4.71830645976308,4.623093808630917,0.0
1626073200,sandy,2021,0.2567818856061262,0.0,28.0,12.0,SMARTER,7,0.0,0.0,8.171899400888595,4.71830645976308,4.975088345369207,0.0
1626159600,sandy,2021,0.4202315603338118,0.0,28.0,12.0,SMARTER,7,0.0,0.0,7.307248568315713,4.71830645976308,5.138538020096892,49.2
1626246000,sandy,2021,-0.7347274896601887,0.0,28.0,12.0,SMARTER,7,0.0,0.0,3.7200181370317593,4.71830645976308,3.9863260314777698,0.0
1626332400,sandy,2021,-0.6053534930700302,0.0,28.0,12.0,SMARTER,7,0.0,0.0,6.588938290136868,4.71830645976308,4.11295296669305,0.0
1626418800,sandy,2021,-0.4454994280135128,0.0,28.0,12.0,SMARTER,7,0.0,0.0,4.2070949143533625,4.71830645976308,4.272807031749568,10.8
1626505200,sandy,2021,-0.6121063734862466,0.0,28.0,12.0,SMARTER,7,0.0,0.0,1.7206288405645938,4.71830645976308,4.106200086276834,0.8
1626591600,sandy,2021,-0.576152016633264,0.0,28.0,12.0,SMARTER,7,0.0,0.0,2.339819333016992,4.71830645976308,4.142154443129816,0.0
1626678000,sandy,2021,-0.3492966352175186,-0.576152016633264,28.0,12.0,SMARTER,7,0.0,0.0,5.542148180411579,4.71830645976308,4.369009824545562,0.0
1626764400,sandy,2021,-0.1149277597367509,-0.576152016633264,28.0,12.0,SMARTER,7,0.0,0.0,6.336708517861463,4.71830645976308,4.6033787000263295,0.0
1626850800,sandy,2021,0.1203005883121555,-0.576152016633264,28.0,12.0,SMARTER,7,0.0,0.0,7.723088615724408,4.71830645976308,4.838607048075236,0.0
1626937200,sandy,2021,0.2865039947799574,-0.576152016633264,28.0,12.0,SMARTER,7,0.0,0.0,6.384988487195638,4.71830645976308,5.004810454543038,0.0
1627023600,sandy,2021,0.4372381023838854,-0.576152016633264,28.0,12.0,SMARTER,7,0.0,0.0,6.724001721462045,4.71830645976308,5.155544562146965,0.0
1627110000,sandy,2021,0.5641629657727076,-0.576152016633264,28.0,12.0,SMARTER,7,0.0,0.0,6.639604206034317,4.71830645976308,5.282469425535788,0.0
1627196400,sandy,2021,0.6667011740836846,-0.576152016633264,28.0,12.0,SMARTER,7,42.80030342907878,0.0,6.068344799075018,4.71830645976308,5.385007633846765,0.0
1627282800,sandy,2021,-0.6787694326811727,0.6667011740836846,28.0,12.0,SMARTER,7,0.0,42.80030342907878,3.7441148307248353,4.71830645976308,4.103234261951458,0.0
1627369200,sandy,2021,-0.5111970247991574,0.6667011740836846,28.0,12.0,SMARTER,7,0.0,42.80030342907878,5.25782491390273,4.71830645976308,4.207109434963923,1.0
1627455600,sandy,2021,-0.3540868238501157,0.6667011740836846,28.0,12.0,SMARTER,7,0.0,42.80030342907878,4.067188753317478,4.71830645976308,4.364219635912964,0.0
1627542000,sandy,2021,-0.1330878401518637,0.6667011740836846,28.0,12.0,SMARTER,7,0.0,42.80030342907878,5.501441403272102,4.71830645976308,4.585218619611217,0.0
1627628400,sandy,2021,0.1088744132240241,0.6667011740836846,28.0,12.0,SMARTER,7,0.0,42.80030342907878,7.363960029273559,4.71830645976308,4.827180872987104,0.0
1627714800,sandy,2021,0.3202577713779745,0.6667011740836846,28.0,12.0,SMARTER,7,0.0,42.80030342907878,8.127164249908118,4.71830645976308,5.038564231141055,0.0
1627801200,sandy,2021,0.4737132598918127,0.6667011740836846,28.0,12.0,SMARTER,7,43.08120095040812,42.80030342907878,7.011084171391055,4.71830645976308,5.192019719654893,9.0
1627887600,sandy,2021,-0.8442764610245647,0.4737132598918127,28.0,12.0,SMARTER,7,0.0,43.08120095040812,7.304828236834061,4.71830645976308,3.9690186077240375,0.0
1627974000,sandy,2021,-0.6206286389997847,0.4737132598918127,28.0,12.0,SMARTER,7,0.0,43.08120095040812,7.320018177389831,4.71830645976308,4.097677820763296,0.0
1628060400,sandy,2021,-0.3001465974569943,0.4737132598918127,28.0,12.0,SMARTER,7,0.0,43.08120095040812,8.239496207860649,4.71830645976308,4.418159862306086,0.0
1628146800,sandy,2021,-0.1378799953097848,0.4737132598918127,28.0,12.0,SMARTER,7,0.0,43.08120095040812,4.198759507591638,4.71830645976308,4.580426464453296,0.0
1628233200,sandy,2021,0.124883252566915,0.4737132598918127,28.0,12.0,SMARTER,7,0.0,43.08120095040812,8.25634687060054,4.71830645976308,4.843189712329996,0.0
1628319600,sandy,2021,0.3166135053493913,0.4737132598918127,28.0,12.0,SMARTER,7,0.0,43.08120095040812,7.823891414052509,4.71830645976308,5.034919965112472,0.0
1628406000,sandy,2021,0.4595343668060113,0.4737132598918127,28.0,12.0,SMARTER,7,48.19860434567782,43.08120095040812,6.805842568347599,4.71830645976308,5.177840826569091,0.0
1628492400,sandy,2021,-0.8305670358495768,0.4595343668060113,28.0,12.0,SMARTER,7,0.0,48.19860434567782,8.235329351972808,4.71830645976308,4.003128104138216,0.0
1656054000,sandy,2022,-0.3245383821372074,0.0,28.0,12.0,SMARTER,7,0.0,0.0,5.717907755951627,4.71830645976308,4.3937680776258725,0.0
1656140400,sandy,2022,-0.1057476363914457,0.0,28.0,12.0,SMARTER,7,0.0,0.0,9.203948870710636,4.71830645976308,4.612558823371635,0.0
1656226800,sandy,2022,0.0929645428910823,0.0,28.0,12.0,SMARTER,7,0.0,0.0,9.569797117975432,4.71830645976308,4.811271002654163,0.0
1656313200,sandy,2022,0.2363898807573645,0.0,28.0,12.0,SMARTER,7,0.0,0.0,8.693094774412245,4.71830645976308,4.954696340520445,0.0
1656399600,sandy,2022,0.3390178722919834,0.0,28.0,12.0,SMARTER,7,0.0,0.0,7.460713537351751,4.71830645976308,5.057324332055064,1.6
1656486000,sandy,2022,0.3651726602759285,0.0,28.0,12.0,SMARTER,7,0.0,0.0,1.8323231735051733,4.71830645976308,5.083479120039009,0.0
1656572400,sandy,2022,0.4483618294629571,0.0,28.0,12.0,SMARTER,7,17.934473178518285,0.0,6.425725286268609,4.71830645976308,5.166668289226037,0.0
1656658800,sandy,2022,0.0511416769061478,0.4483618294629571,28.0,12.0,SMARTER,7,0.0,17.934473178518285,8.481182130641368,4.71830645976308,4.769448136669228,0.0
1656745200,sandy,2022,0.2368796172550474,0.4483618294629571,28.0,12.0,SMARTER,7,0.0,17.934473178518285,9.684100900879589,4.71830645976308,4.955186077018127,0.0
1656831600,sandy,2022,0.3682575614844317,0.4483618294629571,28.0,12.0,SMARTER,7,0.0,17.934473178518285,7.875822878948619,4.71830645976308,5.086564021247512,0.0
1656918000,sandy,2022,0.4929155819237373,0.4483618294629571,28.0,12.0,SMARTER,7,0.0,17.934473178518285,8.846129638751195,4.71830645976308,5.211222041686818,0.0
1657004400,sandy,2022,0.5947199860340546,0.4483618294629571,28.0,12.0,SMARTER,7,0.0,17.934473178518285,8.353871892123982,4.71830645976308,5.313026445797135,0.0
1657090800,sandy,2022,0.6778185804917366,0.4483618294629571,28.0,12.0,SMARTER,7,0.0,17.934473178518285,8.10868026961472,4.71830645976308,5.396125040254817,0.0
1657177200,sandy,2022,0.7283836861179026,0.4483618294629571,28.0,12.0,SMARTER,7,34.51568939827159,17.934473178518285,5.27960920736311,4.71830645976308,5.446690145880983,11.6
1657263600,sandy,2022,-0.4578290272752835,0.7283836861179026,28.0,12.0,SMARTER,7,0.0,34.51568939827159,7.275206390354677,4.71830645976308,4.297135677496879,0.0
1657350000,sandy,2022,-0.3141739301977672,0.7283836861179026,28.0,12.0,SMARTER,7,0.0,34.51568939827159,7.121172904786319,4.71830645976308,4.404132529565313,0.0
1657436400,sandy,2022,-0.0847847634340875,0.7283836861179026,28.0,12.0,SMARTER,7,0.0,34.51568939827159,7.612583271961939,4.71830645976308,4.633521696328993,0.0
1657522800,sandy,2022,0.1419345276333702,0.7283836861179026,28.0,12.0,SMARTER,7,0.0,34.51568939827159,8.472336750464112,4.71830645976308,4.860240987396451,0.0
1657609200,sandy,2022,0.3051105806930218,0.7283836861179026,28.0,12.0,SMARTER,7,0.0,34.51568939827159,7.487993037508327,4.71830645976308,5.023417040456102,0.0
1657695600,sandy,2022,0.4136086331903911,0.7283836861179026,28.0,12.0,SMARTER,7,0.0,34.51568939827159,5.439558555641069,4.71830645976308,5.131915092953471,0.0
1657782000,sandy,2022,0.5524408970523768,0.7283836861179026,28.0,12.0,SMARTER,7,36.21858206906539,34.51568939827159,8.254676604732598,4.71830645976308,5.270747356815457,0.0
1657868400,sandy,2022,-0.3972875496044016,0.5524408970523768,28.0,12.0,SMARTER,7,0.0,36.21858206906539,9.447916516172471,4.71830645976308,4.340284140234375,0.0
1657954800,sandy,2022,-0.1405648630057079,0.5524408970523768,28.0,12.0,SMARTER,7,0.0,36.21858206906539,8.968687582898376,4.71830645976308,4.577741596757372,0.0
1658041200,sandy,2022,0.0973272364618497,0.5524408970523768,28.0,12.0,SMARTER,7,0.0,36.21858206906539,7.701644419417017,4.71830645976308,4.81563369622493,0.0
1658127600,sandy,2022,0.2776170462120043,0.5524408970523768,28.0,12.0,SMARTER,7,0.0,36.21858206906539,7.236620092977568,4.71830645976308,4.995923505975084,0.0
1658214000,sandy,2022,0.4398053869908486,0.5524408970523768,28.0,12.0,SMARTER,7,0.0,36.21858206906539,7.976539558735554,4.71830645976308,5.158111846753929,0.0
1658300400,sandy,2022,0.5871455579974232,0.5524408970523768,28.0,12.0,SMARTER,7,0.0,36.21858206906539,9.031637030513592,4.71830645976308,5.305452017760503,0.0
1658386800,sandy,2022,0.6996705741434097,0.5524408970523768,28.0,12.0,SMARTER,7,48.73705991733523,36.21858206906539,8.523521442036436,4.71830645976308,5.41797703390649,0.0
1687590000,sandy,2023,-0.5324586664639549,0.0,28.0,12.0,SMARTER,7,0.0,0.0,6.3387606045021405,4.71830645976308,4.185847793299125,0.0
1687676400,sandy,2023,-0.3602161587464601,0.0,28.0,12.0,SMARTER,7,0.0,0.0,7.077332335884068,4.71830645976308,4.35809030101662,0.0
1687762800,sandy,2023,-0.2059944320970771,0.0,28.0,12.0,SMARTER,7,0.0,0.0,6.229180911248416,4.71830645976308,4.512312027666003,0.0
1687849200,sandy,2023,-0.0465480567409394,0.0,28.0,12.0,SMARTER,7,0.0,0.0,7.717627618312005,4.71830645976308,4.671758403022141,0.0
1687935600,sandy,2023,0.0958827886430957,0.0,28.0,12.0,SMARTER,7,0.0,0.0,8.190146658736474,4.71830645976308,4.814189248406176,0.0
1688022000,sandy,2023,0.1378867380335812,0.0,28.0,12.0,SMARTER,7,0.0,0.0,2.6534944981591777,4.71830645976308,4.856193197796661,0.0
1688108400,sandy,2023,0.2546530902650876,0.0,28.0,12.0,SMARTER,7,10.186123610603502,0.0,7.811921140444205,4.71830645976308,4.972959550028168,0.0
1688194800,sandy,2023,0.0256885231662458,0.2546530902650876,28.0,12.0,SMARTER,7,0.0,10.186123610603502,2.989408376370308,4.71830645976308,4.743994982929326,0.0
1688281200,sandy,2023,0.0958640787952156,0.2546530902650876,28.0,12.0,SMARTER,7,0.0,10.186123610603502,3.628606534620321,4.71830645976308,4.814170538558296,0.0
1688367600,sandy,2023,0.2053443076033785,0.2546530902650876,28.0,12.0,SMARTER,7,0.0,10.186123610603502,5.9091258835011,4.71830645976308,4.923650767366459,0.0
1688454000,sandy,2023,0.3167440825414678,0.2546530902650876,28.0,12.0,SMARTER,7,0.0,10.186123610603502,6.621532339824514,4.71830645976308,5.035050542304548,0.0
1688540400,sandy,2023,0.411855751350881,0.2546530902650876,28.0,12.0,SMARTER,7,0.0,10.186123610603502,6.395412175418061,4.71830645976308,5.130162211113961,0.0
1688626800,sandy,2023,0.5114031646969738,0.2546530902650876,28.0,12.0,SMARTER,7,0.0,10.186123610603502,7.492344925936937,4.71830645976308,5.229709624460054,5.0
1688713200,sandy,2023,0.5507250445513091,0.2546530902650876,28.0,12.0,SMARTER,7,25.08483886523341,10.186123610603502,3.3788724562330463,4.71830645976308,5.269031504314389,0.0
1688799600,sandy,2023,-0.1954560713009054,0.5507250445513091,28.0,12.0,SMARTER,7,0.0,25.08483886523341,6.518921569415171,4.71830645976308,4.522919378749362,0.0
1688886000,sandy,2023,-0.0253383048418483,0.5507250445513091,28.0,12.0,SMARTER,7,0.0,25.08483886523341,7.0675670514600375,4.71830645976308,4.692968154921232,0.0
1688972400,sandy,2023,0.1548912937743725,0.5507250445513091,28.0,12.0,SMARTER,7,0.0,25.08483886523341,6.961944041187434,4.71830645976308,4.873197753537453,0.0
1689058800,sandy,2023,0.3159327517859131,0.5507250445513091,28.0,12.0,SMARTER,7,0.0,25.08483886523341,7.523781176422247,4.71830645976308,5.034239211548994,0.0
1689145200,sandy,2023,0.4540850442262701,0.5507250445513091,28.0,12.0,SMARTER,7,0.0,25.08483886523341,7.806608352298979,4.71830645976308,5.17239150398935,0.0
1689231600,sandy,2023,0.5680748429414475,0.5507250445513091,28.0,12.0,SMARTER,7,0.0,25.08483886523341,7.714035948667738,4.71830645976308,5.286381302704528,22.8
1689318000,sandy,2023,0.2461065479602677,0.5507250445513091,28.0,12.0,SMARTER,7,19.50879953620747,25.08483886523341,2.9961159428327533,4.71830645976308,4.964413007723348,0.0
1689404400,sandy,2023,-0.3379783708233255,0.2461065479602677,28.0,12.0,SMARTER,7,0.0,19.50879953620747,5.390782029334142,4.71830645976308,4.380328088939755,0.0
1689490800,sandy,2023,-0.145271704228265,0.2461065479602677,28.0,12.0,SMARTER,7,0.0,19.50879953620747,7.109056997180415,4.71830645976308,4.573034755534815,0.0
1689577200,sandy,2023,0.0557155186561257,0.2461065479602677,28.0,12.0,SMARTER,7,0.0,19.50879953620747,6.608581357186508,4.71830645976308,4.774021978419206,0.0
1689663600,sandy,2023,0.2474630144781438,0.2461065479602677,28.0,12.0,SMARTER,7,0.0,19.50879953620747,7.500311698248804,4.71830645976308,4.965769474241224,0.0
1689750000,sandy,2023,0.3999379943357499,0.2461065479602677,28.0,12.0,SMARTER,7,0.0,19.50879953620747,7.063404491828016,4.71830645976308,5.11824445409883,0.0
1689836400,sandy,2023,0.5490218853078531,0.2461065479602677,28.0,12.0,SMARTER,7,0.0,19.50879953620747,7.949048805371062,4.71830645976308,5.267328345070934,0.0
1689922800,sandy,2023,0.6484317304759705,0.2461065479602677,28.0,12.0,SMARTER,7,38.55508541235879,19.50879953620747,6.202164075023188,4.71830645976308,5.366738190239051,0.0
1719212400,sandy,2024,-0.9163487327852844,0.0,28.0,12.0,SMARTER,7,0.0,0.0,1.5856569477409397,4.71830645976308,3.8054362757279097,5.8
1719298800,sandy,2024,-0.9788446189287636,0.0,28.0,12.0,SMARTER,7,0.0,0.0,1.643019943771474,4.71830645976308,3.7394618408343168,12.6
1719385200,sandy,2024,-1.0940321409707554,0.0,28.0,12.0,SMARTER,7,0.0,0.0,3.7360647761286776,4.71830645976308,3.6242743187923248,1.0
1719471600,sandy,2024,-1.0538939851169635,0.0,28.0,12.0,SMARTER,7,0.0,0.0,3.283058105037508,4.71830645976308,3.6644124746461166,0.0
1719558000,sandy,2024,-0.7954118657544437,0.0,28.0,12.0,SMARTER,7,0.0,0.0,8.105450401178516,4.71830645976308,3.922894594008637,0.0
1719644400,sandy,2024,-0.5754786186497758,0.0,28.0,12.0,SMARTER,7,0.0,0.0,6.855392222915658,4.71830645976308,4.142827841113305,0.0
1719730800,sandy,2024,-0.3882010285659471,0.0,28.0,12.0,SMARTER,7,0.0,0.0,6.275478723242181,4.71830645976308,4.330105431197133,0.0
1719817200,sandy,2024,-0.1756380545259042,-0.3882010285659471,28.0,12.0,SMARTER,7,0.0,0.0,9.008052630760128,4.71830645976308,4.542668405237176,0.0
1719903600,sandy,2024,-0.0472405356086023,-0.3882010285659471,28.0,12.0,SMARTER,7,0.0,0.0,6.40343719338403,4.71830645976308,4.671065924154478,0.0
1719990000,sandy,2024,0.072236666839853,-0.3882010285659471,28.0,12.0,SMARTER,7,0.0,0.0,6.828302846826217,4.71830645976308,4.790543126602933,0.0
1720076400,sandy,2024,0.1293744617593234,-0.3882010285659471,28.0,12.0,SMARTER,7,0.0,0.0,3.501203041998366,4.71830645976308,4.847680921522404,0.0
1720162800,sandy,2024,0.1999908315009844,-0.3882010285659471,28.0,12.0,SMARTER,7,0.0,0.0,4.110755932356144,4.71830645976308,4.918297291264064,0.0
1720249200,sandy,2024,0.3199271040669589,-0.3882010285659471,28.0,12.0,SMARTER,7,0.0,0.0,7.570021332731803,4.71830645976308,5.03823356383004,0.0
1720335600,sandy,2024,0.4342460403214185,-0.3882010285659471,28.0,12.0,SMARTER,7,28.239470412703263,0.0,8.236770338981968,4.71830645976308,5.152552500084499,0.0
1720422000,sandy,2024,-0.3935229115724286,0.4342460403214185,28.0,12.0,SMARTER,7,0.0,28.239470412703263,3.5751601774979624,4.71830645976308,4.326257581740092,0.0
1720508400,sandy,2024,-0.2317388935385317,0.4342460403214185,28.0,12.0,SMARTER,7,0.0,28.239470412703263,6.021523561190189,4.71830645976308,4.486567566224548,1.0
1720594800,sandy,2024,-0.0462763773559414,0.4342460403214185,28.0,12.0,SMARTER,7,0.0,28.239470412703263,6.408995121084742,4.71830645976308,4.672030082407138,0.0
1720681200,sandy,2024,0.1317993827530831,0.4342460403214185,28.0,12.0,SMARTER,7,0.0,28.239470412703263,7.100145056634385,4.71830645976308,4.850105842516164,0.0
1720767600,sandy,2024,0.3083184988934458,0.4342460403214185,28.0,12.0,SMARTER,7,0.0,28.239470412703263,8.417233027045325,4.71830645976308,5.026624958656526,0.0
1720854000,sandy,2024,0.47328292112278,0.4342460403214185,28.0,12.0,SMARTER,7,0.0,28.239470412703263,9.478835789843243,4.71830645976308,5.19158938088586,0.0
1720940400,sandy,2024,0.5958826458548174,0.4342460403214185,28.0,12.0,SMARTER,7,39.91588711789624,28.239470412703263,8.65408688020589,4.71830645976308,5.314189105617897,0.0
1721026800,sandy,2024,-0.5224511074277591,0.5958826458548174,28.0,12.0,SMARTER,7,0.0,39.91588711789624,8.038553013013921,4.71830645976308,4.2312523194991885,0.0
1721113200,sandy,2024,-0.2815603210006037,0.5958826458548174,28.0,12.0,SMARTER,7,0.0,39.91588711789624,8.079175888672749,4.71830645976308,4.4367461387624765,0.0
1721199600,sandy,2024,0.0376333768514545,0.5958826458548174,28.0,12.0,SMARTER,7,0.0,39.91588711789624,9.89638188136864,4.71830645976308,4.755939836614535,0.0
1721286000,sandy,2024,0.2593312908795229,0.5958826458548174,28.0,12.0,SMARTER,7,0.0,39.91588711789624,8.856197692783795,4.71830645976308,4.977637750642603,0.0
1721372400,sandy,2024,0.4292166906099892,0.5958826458548174,28.0,12.0,SMARTER,7,0.0,39.91588711789624,8.59349226880255,4.71830645976308,5.147523150373069,0.0
1721458800,sandy,2024,0.5381853109848728,0.5958826458548174,28.0,12.0,SMARTER,7,0.0,39.91588711789624,6.5994601364997925,4.71830645976308,5.256491770747953,0.0
1721545200,sandy,2024,0.6269972717645244,0.5958826458548174,28.0,12.0,SMARTER,7,48.31106390454232,39.91588711789624,6.35886520949269,4.71830645976308,5.345303731527604,0.0
1626073200,sandy,2021,0.2567818856061262,0.0,21.0,9.0,SMARTER,5,0.0,0.0,8.171899400888595,4.71830645976308,4.975088345369207,0.0
1626159600,sandy,2021,0.4202315603338118,0.0,21.0,9.0,SMARTER,5,0.0,0.0,7.307248568315713,4.71830645976308,5.138538020096892,49.2
1626246000,sandy,2021,-0.7347274896601887,0.0,21.0,9.0,SMARTER,5,0.0,0.0,3.7200181370317593,4.71830645976308,3.9863260314777698,0.0
1626332400,sandy,2021,-0.6053534930700302,0.0,21.0,9.0,SMARTER,5,0.0,0.0,6.588938290136868,4.71830645976308,4.11295296669305,0.0
1626418800,sandy,2021,-0.4454994280135128,0.0,21.0,9.0,SMARTER,5,0.0,0.0,4.2070949143533625,4.71830645976308,4.272807031749568,10.8
1626505200,sandy,2021,-0.6121063734862466,-0.4454994280135128,21.0,9.0,SMARTER,5,0.0,0.0,1.7206288405645938,4.71830645976308,4.106200086276834,0.8
1626591600,sandy,2021,-0.576152016633264,-0.4454994280135128,21.0,9.0,SMARTER,5,0.0,0.0,2.339819333016992,4.71830645976308,4.142154443129816,0.0
1626678000,sandy,2021,-0.3492966352175186,-0.4454994280135128,21.0,9.0,SMARTER,5,0.0,0.0,5.542148180411579,4.71830645976308,4.369009824545562,0.0
1626764400,sandy,2021,-0.1149277597367509,-0.4454994280135128,21.0,9.0,SMARTER,5,0.0,0.0,6.336708517861463,4.71830645976308,4.6033787000263295,0.0
1626850800,sandy,2021,0.1203005883121555,-0.4454994280135128,21.0,9.0,SMARTER,5,12.964505637648436,0.0,7.723088615724408,4.71830645976308,4.838607048075236,0.0
1626937200,sandy,2021,-0.1172269009771078,0.1203005883121555,21.0,9.0,SMARTER,5,0.0,12.964505637648436,6.384988487195638,4.71830645976308,4.6010795587859725,0.0
1627023600,sandy,2021,0.0806359961505648,0.1203005883121555,21.0,9.0,SMARTER,5,0.0,12.964505637648436,6.724001721462045,4.71830645976308,4.798942455913645,0.0
1627110000,sandy,2021,0.2580008707453379,0.1203005883121555,21.0,9.0,SMARTER,5,0.0,12.964505637648436,6.639604206034317,4.71830645976308,4.976307330508418,0.0
1627196400,sandy,2021,0.3978444402422102,0.1203005883121555,21.0,9.0,SMARTER,5,0.0,12.964505637648436,6.068344799075018,4.71830645976308,5.11615090000529,0.0
1627282800,sandy,2021,0.4811849693689495,0.1203005883121555,21.0,9.0,SMARTER,5,24.873742364161654,12.964505637648436,3.7441148307248353,4.71830645976308,5.1994914291320296,0.0
1627369200,sandy,2021,-0.2460430038202792,0.4811849693689495,21.0,9.0,SMARTER,5,0.0,24.873742364161654,5.25782491390273,4.71830645976308,4.473666861423645,1.0
1627455600,sandy,2021,-0.151332305971188,0.4811849693689495,21.0,9.0,SMARTER,5,0.0,24.873742364161654,4.067188753317478,4.71830645976308,4.566974153791892,0.0
1627542000,sandy,2021,0.0361640427698349,0.4811849693689495,21.0,9.0,SMARTER,5,0.0,24.873742364161654,5.501441403272102,4.71830645976308,4.754470502532915,0.0
1627628400,sandy,2021,0.2597048563018886,0.4811849693689495,21.0,9.0,SMARTER,5,0.0,24.873742364161654,7.363960029273559,4.71830645976308,4.978011316064969,0.0
1627714800,sandy,2021,0.456088462036389,0.4811849693689495,21.0,9.0,SMARTER,5,28.451511868505385,24.873742364161654,8.127164249908118,4.71830645976308,5.174394921799469,0.0
1627801200,sandy,2021,-0.3716307276220993,0.456088462036389,21.0,9.0,SMARTER,5,0.0,28.451511868505385,7.011084171391055,4.71830645976308,4.3832676900543,9.0
1627887600,sandy,2021,-0.2836333221908689,0.456088462036389,21.0,9.0,SMARTER,5,0.0,28.451511868505385,7.304828236834061,4.71830645976308,4.434673137572212,0.0
1627974000,sandy,2021,-0.0376603057072807,0.456088462036389,21.0,9.0,SMARTER,5,0.0,28.451511868505385,7.320018177389831,4.71830645976308,4.6806461540558,0.0
1628060400,sandy,2021,0.2104479333409597,0.456088462036389,21.0,9.0,SMARTER,5,0.0,28.451511868505385,8.239496207860649,4.71830645976308,4.92875439310404,0.0
1628146800,sandy,2021,0.3201036832399723,0.456088462036389,21.0,9.0,SMARTER,5,28.476764662940383,28.451511868505385,4.198759507591638,4.71830645976308,5.038410143003053,0.0
1628233200,sandy,2021,-0.3549708339497973,0.3201036832399723,21.0,9.0,SMARTER,5,0.0,28.476764662940383,8.25634687060054,4.71830645976308,4.367987679411867,0.0
1628319600,sandy,2021,-0.1076517416115916,0.3201036832399723,21.0,9.0,SMARTER,5,0.0,28.476764662940383,7.823891414052509,4.71830645976308,4.610654718151489,0.0
1628406000,sandy,2021,0.129561073051563,0.3201036832399723,21.0,9.0,SMARTER,5,0.0,28.476764662940383,6.805842568347599,4.71830645976308,4.847867532814643,0.0
1628492400,sandy,2021,0.3493461799332168,0.3201036832399723,21.0,9.0,SMARTER,5,0.0,28.476764662940383,8.235329351972808,4.71830645976308,5.0676526396962975,0.0
1656054000,sandy,2022,-0.3245383821372074,0.0,21.0,9.0,SMARTER,5,0.0,0.0,5.717907755951627,4.71830645976308,4.3937680776258725,0.0
1656140400,sandy,2022,-0.1057476363914457,0.0,21.0,9.0,SMARTER,5,0.0,0.0,9.203948870710636,4.71830645976308,4.612558823371635,0.0
1656226800,sandy,2022,0.0929645428910823,0.0,21.0,9.0,SMARTER,5,0.0,0.0,9.569797117975432,4.71830645976308,4.811271002654163,0.0
1656313200,sandy,2022,0.2363898807573645,0.0,21.0,9.0,SMARTER,5,0.0,0.0,8.693094774412245,4.71830645976308,4.954696340520445,0.0
1656399600,sandy,2022,0.3390178722919834,0.0,21.0,9.0,SMARTER,5,10.1705361687595,0.0,7.460713537351751,4.71830645976308,5.057324332055064,1.6
1656486000,sandy,2022,0.0840930461437159,0.3390178722919834,21.0,9.0,SMARTER,5,0.0,10.1705361687595,1.8323231735051733,4.71830645976308,4.802399505906796,0.0
1656572400,sandy,2022,0.2043806272591697,0.3390178722919834,21.0,9.0,SMARTER,5,0.0,10.1705361687595,6.425725286268609,4.71830645976308,4.92268708702225,0.0
1656658800,sandy,2022,0.3390308388606319,0.3390178722919834,21.0,9.0,SMARTER,5,0.0,10.1705361687595,8.481182130641368,4.71830645976308,5.057337298623712,0.0
1656745200,sandy,2022,0.469339490291081,0.3390178722919834,21.0,9.0,SMARTER,5,0.0,10.1705361687595,9.684100900879589,4.71830645976308,5.187645950054161,0.0
1656831600,sandy,2022,0.5611839137313218,0.3390178722919834,21.0,9.0,SMARTER,5,19.886678262567504,10.1705361687595,7.875822878948619,4.71830645976308,5.279490373494402,0.0
1656918000,sandy,2022,0.0874467721637291,0.5611839137313218,21.0,9.0,SMARTER,5,0.0,19.886678262567504,8.846129638751195,4.71830645976308,4.8057532319268095,0.0
1657004400,sandy,2022,0.2549090118820847,0.5611839137313218,21.0,9.0,SMARTER,5,0.0,19.886678262567504,8.353871892123982,4.71830645976308,4.973215471645165,0.0
1657090800,sandy,2022,0.39556047223118,0.5611839137313218,21.0,9.0,SMARTER,5,0.0,19.886678262567504,8.10868026961472,4.71830645976308,5.11386693199426,0.0
1657177200,sandy,2022,0.4816575572703476,0.5611839137313218,21.0,9.0,SMARTER,5,0.0,19.886678262567504,5.27960920736311,4.71830645976308,5.199964017033428,11.6
1657263600,sandy,2022,0.544921064501349,0.5611839137313218,21.0,9.0,SMARTER,5,24.44944800925022,19.886678262567504,7.275206390354677,4.71830645976308,5.26322752426443,0.0
1657350000,sandy,2022,-0.2301506647019028,0.544921064501349,21.0,9.0,SMARTER,5,0.0,24.44944800925022,7.121172904786319,4.71830645976308,4.489856181003524,0.0
1657436400,sandy,2022,-0.054465045635985,0.544921064501349,21.0,9.0,SMARTER,5,0.0,24.44944800925022,7.612583271961939,4.71830645976308,4.663841414127095,0.0
1657522800,sandy,2022,0.1730916672152521,0.544921064501349,21.0,9.0,SMARTER,5,0.0,24.44944800925022,8.472336750464112,4.71830645976308,4.891398126978332,0.0
1657609200,sandy,2022,0.3358168285390682,0.544921064501349,21.0,9.0,SMARTER,5,0.0,24.44944800925022,7.487993037508327,4.71830645976308,5.054123288302148,0.0
1657695600,sandy,2022,0.4433852176161072,0.544921064501349,21.0,9.0,SMARTER,5,26.307662183205103,24.44944800925022,5.439558555641069,4.71830645976308,5.161691677379188,0.0
1657782000,sandy,2022,-0.2027954737029849,0.4433852176161072,21.0,9.0,SMARTER,5,0.0,26.307662183205103,8.254676604732598,4.71830645976308,4.516242681817321,0.0
1657868400,sandy,2022,0.055761586279918,0.4433852176161072,21.0,9.0,SMARTER,5,0.0,26.307662183205103,9.447916516172471,4.71830645976308,4.774068046042999,0.0
1657954800,sandy,2022,0.2883026782433051,0.4433852176161072,21.0,9.0,SMARTER,5,0.0,26.307662183205103,8.968687582898376,4.71830645976308,5.006609138006385,0.0
1658041200,sandy,2022,0.4437102162516228,0.4433852176161072,21.0,9.0,SMARTER,5,0.0,26.307662183205103,7.701644419417017,4.71830645976308,5.162016676014703,0.0
1658127600,sandy,2022,0.5645890085575559,0.4433852176161072,21.0,9.0,SMARTER,5,33.934242869993525,26.307662183205103,7.236620092977568,4.71830645976308,5.282895468320636,0.0
1658214000,sandy,2022,-0.3617751033989509,0.5645890085575559,21.0,9.0,SMARTER,5,0.0,33.934242869993525,7.976539558735554,4.71830645976308,4.372755010428395,0.0
1658300400,sandy,2022,-0.1020970790179221,0.5645890085575559,21.0,9.0,SMARTER,5,0.0,33.934242869993525,9.031637030513592,4.71830645976308,4.616209380745159,0.0
1658386800,sandy,2022,0.1619755077587872,0.5645890085575559,21.0,9.0,SMARTER,5,0.0,33.934242869993525,8.523521442036436,4.71830645976308,4.880281967521867,0.0
1687590000,sandy,2023,-0.5324586664639549,0.0,21.0,9.0,SMARTER,5,0.0,0.0,6.3387606045021405,4.71830645976308,4.185847793299125,0.0
1687676400,sandy,2023,-0.3602161587464601,0.0,21.0,9.0,SMARTER,5,0.0,0.0,7.077332335884068,4.71830645976308,4.35809030101662,0.0
1687762800,sandy,2023,-0.2059944320970771,0.0,21.0,9.0,SMARTER,5,0.0,0.0,6.229180911248416,4.71830645976308,4.512312027666003,0.0
1687849200,sandy,2023,-0.0465480567409394,0.0,21.0,9.0,SMARTER,5,0.0,0.0,7.717627618312005,4.71830645976308,4.671758403022141,0.0
1687935600,sandy,2023,0.0958827886430957,0.0,21.0,9.0,SMARTER,5,2.876483659292872,0.0,8.190146658736474,4.71830645976308,4.814189248406176,0.0
1688022000,sandy,2023,0.0803451872347113,0.0958827886430957,21.0,9.0,SMARTER,5,0.0,2.876483659292872,2.6534944981591777,4.71830645976308,4.798651646997792,0.0
1688108400,sandy,2023,0.2056379142829117,0.0958827886430957,21.0,9.0,SMARTER,5,0.0,2.876483659292872,7.811921140444205,4.71830645976308,4.923944374045992,0.0
1688194800,sandy,2023,0.2493139038315387,0.0958827886430957,21.0,9.0,SMARTER,5,0.0,2.876483659292872,2.989408376370308,4.71830645976308,4.9676203635946194,0.0
1688281200,sandy,2023,0.3025074330654955,0.0958827886430957,21.0,9.0,SMARTER,5,0.0,2.876483659292872,3.628606534620321,4.71830645976308,5.020813892828576,0.0
1688367600,sandy,2023,0.3860769972961334,0.0958827886430957,21.0,9.0,SMARTER,5,12.445255016671863,2.876483659292872,5.9091258835011,4.71830645976308,5.104383457059214,0.0
1688454000,sandy,2023,0.1375035474543259,0.3860769972961334,21.0,9.0,SMARTER,5,0.0,12.445255016671863,6.621532339824514,4.71830645976308,4.855810007217406,0.0
1688540400,sandy,2023,0.259617673910291,0.3860769972961334,21.0,9.0,SMARTER,5,0.0,12.445255016671863,6.395412175418061,4.71830645976308,4.977924133673371,0.0
1688626800,sandy,2023,0.3826679129034853,0.3860769972961334,21.0,9.0,SMARTER,5,0.0,12.445255016671863,7.492344925936937,4.71830645976308,5.100974372666566,5.0
1688713200,sandy,2023,0.4230093602044726,0.3860769972961334,21.0,9.0,SMARTER,5,0.0,12.445255016671863,3.3788724562330463,4.71830645976308,5.141315819967553,0.0
1688799600,sandy,2023,0.4994959036375486,0.3860769972961334,21.0,9.0,SMARTER,5,19.32251518257952,12.445255016671863,6.518921569415171,4.71830645976308,5.2178023634006285,0.0
1688886000,sandy,2023,-0.0044952351837575,0.4994959036375486,21.0,9.0,SMARTER,5,0.0,19.32251518257952,7.0675670514600375,4.71830645976308,4.713811224579323,0.0
1688972400,sandy,2023,0.1519915909824959,0.4994959036375486,21.0,9.0,SMARTER,5,0.0,19.32251518257952,6.961944041187434,4.71830645976308,4.870298050745576,0.0
1689058800,sandy,2023,0.3161419132801695,0.4994959036375486,21.0,9.0,SMARTER,5,0.0,19.32251518257952,7.523781176422247,4.71830645976308,5.03444837304325,0.0
1689145200,sandy,2023,0.4561362844403352,0.4994959036375486,21.0,9.0,SMARTER,5,0.0,19.32251518257952,7.806608352298979,4.71830645976308,5.174442744203415,0.0
1689231600,sandy,2023,0.5719963875755764,0.4994959036375486,21.0,9.0,SMARTER,5,25.99299283345829,19.32251518257952,7.714035948667738,4.71830645976308,5.290302847338657,22.8
1689318000,sandy,2023,-0.718318444963196,0.5719963875755764,21.0,9.0,SMARTER,5,0.0,25.99299283345829,2.9961159428327533,4.71830645976308,4.026938371634354,0.0
1689404400,sandy,2023,-0.5830629408509784,0.5719963875755764,21.0,9.0,SMARTER,5,0.0,25.99299283345829,5.390782029334142,4.71830645976308,4.135243518912102,0.0
1689490800,sandy,2023,-0.3264012736754035,0.5719963875755764,21.0,9.0,SMARTER,5,0.0,25.99299283345829,7.109056997180415,4.71830645976308,4.391905186087677,0.0
1689577200,sandy,2023,-0.1026407958237355,0.5719963875755764,21.0,9.0,SMARTER,5,0.0,25.99299283345829,6.608581357186508,4.71830645976308,4.615665663939344,0.0
1689663600,sandy,2023,0.1079087265192016,0.5719963875755764,21.0,9.0,SMARTER,5,17.21833048994723,25.99299283345829,7.500311698248804,4.71830645976308,4.8262151862822815,0.0
1689750000,sandy,2023,-0.2194667610056873,0.1079087265192016,21.0,9.0,SMARTER,5,0.0,17.21833048994723,7.063404491828016,4.71830645976308,4.498839698757393,0.0
1689836400,sandy,2023,0.0299937744937944,0.1079087265192016,21.0,9.0,SMARTER,5,0.0,17.21833048994723,7.949048805371062,4.71830645976308,4.748300234256875,0.0
1689922800,sandy,2023,0.1973131727714885,0.1079087265192016,21.0,9.0,SMARTER,5,0.0,17.21833048994723,6.202164075023188,4.71830645976308,4.915619632534569,0.0
1719212400,sandy,2024,-0.9163487327852844,0.0,21.0,9.0,SMARTER,5,0.0,0.0,1.5856569477409397,4.71830645976308,3.8054362757279097,5.8
1719298800,sandy,2024,-0.9788446189287636,0.0,21.0,9.0,SMARTER,5,0.0,0.0,1.643019943771474,4.71830645976308,3.7394618408343168,12.6
1719385200,sandy,2024,-1.0940321409707554,0.0,21.0,9.0,SMARTER,5,0.0,0.0,3.7360647761286776,4.71830645976308,3.6242743187923248,1.0
1719471600,sandy,2024,-1.0538939851169635,0.0,21.0,9.0,SMARTER,5,0.0,0.0,3.283058105037508,4.71830645976308,3.6644124746461166,0.0
1719558000,sandy,2024,-0.7954118657544437,0.0,21.0,9.0,SMARTER,5,0.0,0.0,8.105450401178516,4.71830645976308,3.922894594008637,0.0
1719644400,sandy,2024,-0.5754786186497758,-0.7954118657544437,21.0,9.0,SMARTER,5,0.0,0.0,6.855392222915658,4.71830645976308,4.142827841113305,0.0
1719730800,sandy,2024,-0.3882010285659471,-0.7954118657544437,21.0,9.0,SMARTER,5,0.0,0.0,6.275478723242181,4.71830645976308,4.330105431197133,0.0
1719817200,sandy,2024,-0.1756380545259042,-0.7954118657544437,21.0,9.0,SMARTER,5,0.0,0.0,9.008052630760128,4.71830645976308,4.542668405237176,0.0
1719903600,sandy,2024,-0.0472405356086023,-0.7954118657544437,21.0,9.0,SMARTER,5,0.0,0.0,6.40343719338403,4.71830645976308,4.671065924154478,0.0
1719990000,sandy,2024,0.072236666839853,-0.7954118657544437,21.0,9.0,SMARTER,5,18.87074918603891,0.0,6.828302846826217,4.71830645976308,4.790543126602933,0.0
1720076400,sandy,2024,-0.4044986417883522,0.072236666839853,21.0,9.0,SMARTER,5,0.0,18.87074918603891,3.501203041998366,4.71830645976308,4.313807817974728,0.0
1720162800,sandy,2024,-0.2951694671287881,0.072236666839853,21.0,9.0,SMARTER,5,0.0,18.87074918603891,4.110755932356144,4.71830645976308,4.4231369926342925,0.0
1720249200,sandy,2024,-0.0888294777807957,0.072236666839853,21.0,9.0,SMARTER,5,0.0,18.87074918603891,7.570021332731803,4.71830645976308,4.629476981982284,0.0
1720335600,sandy,2024,0.0939223267274764,0.072236666839853,21.0,9.0,SMARTER,5,0.0,18.87074918603891,8.236770338981968,4.71830645976308,4.812228786490556,0.0
1720422000,sandy,2024,0.1673610244311395,0.072236666839853,21.0,9.0,SMARTER,5,22.374609915336183,18.87074918603891,3.5751601774979624,4.71830645976308,4.88566748419422,0.0
1720508400,sandy,2024,-0.3667147487496201,0.1673610244311395,21.0,9.0,SMARTER,5,0.0,22.374609915336183,6.021523561190189,4.71830645976308,4.3515917110134605,1.0
1720594800,sandy,2024,-0.1952150918300031,0.1673610244311395,21.0,9.0,SMARTER,5,0.0,22.374609915336183,6.408995121084742,4.71830645976308,4.523091367933077,0.0
1720681200,sandy,2024,0.01145745085732,0.1673610244311395,21.0,9.0,SMARTER,5,0.0,22.374609915336183,7.100145056634385,4.71830645976308,4.729763910620401,0.0
1720767600,sandy,2024,0.2108763123803926,0.1673610244311395,21.0,9.0,SMARTER,5,0.0,22.374609915336183,8.417233027045325,4.71830645976308,4.929182772143473,0.0
1720854000,sandy,2024,0.3941891150644952,0.1673610244311395,21.0,9.0,SMARTER,5,30.685701854217108,22.374609915336183,9.478835789843243,4.71830645976308,5.112495574827576,0.0
1720940400,sandy,2024,-0.382596869018897,0.3941891150644952,21.0,9.0,SMARTER,5,0.0,30.685701854217108,8.65408688020589,4.71830645976308,4.343002794571016,0.0
1721026800,sandy,2024,-0.1515451028987187,0.3941891150644952,21.0,9.0,SMARTER,5,0.0,30.685701854217108,8.038553013013921,4.71830645976308,4.566761356864362,0.0
1721113200,sandy,2024,0.0917386771174962,0.3941891150644952,21.0,9.0,SMARTER,5,0.0,30.685701854217108,8.079175888672749,4.71830645976308,4.810045136880577,0.0
1721199600,sandy,2024,0.3239670785379345,0.3941891150644952,21.0,9.0,SMARTER,5,0.0,30.685701854217108,9.89638188136864,4.71830645976308,5.042273538301015,0.0
1721286000,sandy,2024,0.4861366778317794,0.3941891150644952,21.0,9.0,SMARTER,5,36.99183077281609,30.685701854217108,8.856197692783795,4.71830645976308,5.204443137594859,0.0
1721372400,sandy,2024,-0.5007149199464501,0.4861366778317794,21.0,9.0,SMARTER,5,0.0,36.99183077281609,8.59349226880255,4.71830645976308,4.246649333702488,0.0
1721458800,sandy,2024,-0.3002735002640661,0.4861366778317794,21.0,9.0,SMARTER,5,0.0,36.99183077281609,6.5994601364997925,4.71830645976308,4.418032959499014,0.0
1721545200,sandy,2024,-0.0844087378223109,0.4861366778317794,21.0,9.0,SMARTER,5,0.0,36.99183077281609,6.35886520949269,4.71830645976308,4.6338977219407695,0.0
1626073200,sandy,2021,0.2567818856061262,0.0,14.0,6.0,SMARTER,3,0.0,0.0,8.171899400888595,4.71830645976308,4.975088345369207,0.0
1626159600,sandy,2021,0.4202315603338118,0.0,14.0,6.0,SMARTER,3,0.0,0.0,7.307248568315713,4.71830645976308,5.138538020096892,49.2
1626246000,sandy,2021,-0.7347274896601887,0.0,14.0,6.0,SMARTER,3,0.0,0.0,3.7200181370317593,4.71830645976308,3.9863260314777698,0.0
1626332400,sandy,2021,-0.6053534930700302,-0.7347274896601887,14.0,6.0,SMARTER,3,0.0,0.0,6.588938290136868,4.71830645976308,4.11295296669305,0.0
1626418800,sandy,2021,-0.4454994280135128,-0.7347274896601887,14.0,6.0,SMARTER,3,0.0,0.0,4.2070949143533625,4.71830645976308,4.272807031749568,10.8
1626505200,sandy,2021,-0.6121063734862466,-0.7347274896601887,14.0,6.0,SMARTER,3,0.0,0.0,1.7206288405645938,4.71830645976308,4.106200086276834,0.8
1626591600,sandy,2021,-0.576152016633264,-0.6121063734862466,14.0,6.0,SMARTER,3,0.0,0.0,2.339819333016992,4.71830645976308,4.142154443129816,0.0
1626678000,sandy,2021,-0.3492966352175186,-0.6121063734862466,14.0,6.0,SMARTER,3,0.0,0.0,5.542148180411579,4.71830645976308,4.369009824545562,0.0
1626764400,sandy,2021,-0.1149277597367509,-0.6121063734862466,14.0,6.0,SMARTER,3,6.270934034072435,0.0,6.336708517861463,4.71830645976308,4.6033787000263295,0.0
1626850800,sandy,2021,-0.055479061508907,-0.1149277597367509,14.0,6.0,SMARTER,3,0.0,6.270934034072435,7.723088615724408,4.71830645976308,4.662827398254173,0.0
1626937200,sandy,2021,0.1329162305200257,-0.1149277597367509,14.0,6.0,SMARTER,3,0.0,6.270934034072435,6.384988487195638,4.71830645976308,4.851222690283106,0.0
1627023600,sandy,2021,0.3054204299627219,-0.1149277597367509,14.0,6.0,SMARTER,3,13.988331269641384,6.270934034072435,6.724001721462045,4.71830645976308,5.023726889725802,0.0
1627110000,sandy,2021,-0.0009199958323944,0.3054204299627219,14.0,6.0,SMARTER,3,0.0,13.988331269641384,6.639604206034317,4.71830645976308,4.717386463930686,0.0
1627196400,sandy,2021,0.152886117331007,0.3054204299627219,14.0,6.0,SMARTER,3,0.0,13.988331269641384,6.068344799075018,4.71830645976308,4.871192577094087,0.0
1627282800,sandy,2021,0.2556533468586648,0.3054204299627219,14.0,6.0,SMARTER,3,14.825512187336574,13.988331269641384,3.7441148307248353,4.71830645976308,4.973959806621745,0.0
1627369200,sandy,2021,-0.0869823503690162,0.2556533468586648,14.0,6.0,SMARTER,3,0.0,14.825512187336574,5.25782491390273,4.71830645976308,4.631324109394064,1.0
1627455600,sandy,2021,0.0099484179693043,0.2556533468586648,14.0,6.0,SMARTER,3,0.0,14.825512187336574,4.067188753317478,4.71830645976308,4.728254877732384,0.0
1627542000,sandy,2021,0.1785330066143899,0.2556533468586648,14.0,6.0,SMARTER,3,14.817025463603066,14.825512187336574,5.501441403272102,4.71830645976308,4.89683946637747,0.0
1627628400,sandy,2021,-0.086729813060607,0.1785330066143899,14.0,6.0,SMARTER,3,0.0,14.817025463603066,7.363960029273559,4.71830645976308,4.631576646702473,0.0
1627714800,sandy,2021,0.1508507325892566,0.1785330066143899,14.0,6.0,SMARTER,3,0.0,14.817025463603066,8.127164249908118,4.71830645976308,4.869157192352337,0.0
1627801200,sandy,2021,0.3417209369359226,0.1785330066143899,14.0,6.0,SMARTER,3,19.15198210972006,14.817025463603066,7.011084171391055,4.71830645976308,5.060027396699003,9.0
1627887600,sandy,2021,-0.2650279167938641,0.3417209369359226,14.0,6.0,SMARTER,3,0.0,19.15198210972006,7.304828236834061,4.71830645976308,4.453334006391767,0.0
1627974000,sandy,2021,-0.0730876085720498,0.3417209369359226,14.0,6.0,SMARTER,3,0.0,19.15198210972006,7.320018177389831,4.71830645976308,4.64521885119103,0.0
1628060400,sandy,2021,0.1843440895998628,0.3417209369359226,14.0,6.0,SMARTER,3,18.0547707846144,19.15198210972006,8.239496207860649,4.71830645976308,4.902650549362943,0.0
1628146800,sandy,2021,-0.2538858587434904,0.1843440895998628,14.0,6.0,SMARTER,3,0.0,18.0547707846144,4.198759507591638,4.71830645976308,4.46442060101959,0.0
1628233200,sandy,2021,0.0189379231544071,0.1843440895998628,14.0,6.0,SMARTER,3,0.0,18.0547707846144,8.25634687060054,4.71830645976308,4.737244382917488,0.0
1628319600,sandy,2021,0.254039803955311,0.1843440895998628,14.0,6.0,SMARTER,3,20.554749609322545,18.0547707846144,7.823891414052509,4.71830645976308,4.972346263718391,0.0
1628406000,sandy,2021,-0.2059336190173658,0.254039803955311,14.0,6.0,SMARTER,3,0.0,20.554749609322545,6.805842568347599,4.71830645976308,4.512372840745715,0.0
1628492400,sandy,2021,0.0531755390831658,0.254039803955311,14.0,6.0,SMARTER,3,0.0,20.554749609322545,8.235329351972808,4.71830645976308,4.771481998846246,0.0
1656054000,sandy,2022,-0.3245383821372074,0.0,14.0,6.0,SMARTER,3,0.0,0.0,5.717907755951627,4.71830645976308,4.3937680776258725,0.0
1656140400,sandy,2022,-0.1057476363914457,0.0,14.0,6.0,SMARTER,3,0.0,0.0,9.203948870710636,4.71830645976308,4.612558823371635,0.0
1656226800,sandy,2022,0.0929645428910823,0.0,14.0,6.0,SMARTER,3,1.8592908578216467,0.0,9.569797117975432,4.71830645976308,4.811271002654163,0.0
1656313200,sandy,2022,0.2056111474642719,0.0929645428910823,14.0,6.0,SMARTER,3,0.0,1.8592908578216467,8.693094774412245,4.71830645976308,4.923917607227352,0.0
1656399600,sandy,2022,0.3119863910714369,0.0929645428910823,14.0,6.0,SMARTER,3,0.0,1.8592908578216467,7.460713537351751,4.71830645976308,5.030292850834517,1.6
1656486000,sandy,2022,0.3394809849227381,0.0929645428910823,14.0,6.0,SMARTER,3,7.347406955801256,1.8592908578216467,1.8323231735051733,4.71830645976308,5.057787444685818,0.0
1656572400,sandy,2022,0.2468400172298368,0.3394809849227381,14.0,6.0,SMARTER,3,0.0,7.347406955801256,6.425725286268609,4.71830645976308,4.965146476992917,0.0
1656658800,sandy,2022,0.3769840733429014,0.3394809849227381,14.0,6.0,SMARTER,3,0.0,7.347406955801256,8.481182130641368,4.71830645976308,5.095290533105982,0.0
1656745200,sandy,2022,0.5007412749937411,0.3394809849227381,14.0,6.0,SMARTER,3,12.609498666757744,7.347406955801256,9.684100900879589,4.71830645976308,5.219047734756821,0.0
1656831600,sandy,2022,0.2552609891420883,0.5007412749937411,14.0,6.0,SMARTER,3,0.0,12.609498666757744,7.875822878948619,4.71830645976308,4.973567448905168,0.0
1656918000,sandy,2022,0.4046484934149549,0.5007412749937411,14.0,6.0,SMARTER,3,0.0,12.609498666757744,8.846129638751195,4.71830645976308,5.122954953178035,0.0
1657004400,sandy,2022,0.5222979039450784,0.5007412749937411,14.0,6.0,SMARTER,3,16.045078895746936,12.609498666757744,8.353871892123982,4.71830645976308,5.240604363708159,0.0
1657090800,sandy,2022,0.1621062408894043,0.5222979039450784,14.0,6.0,SMARTER,3,0.0,16.045078895746936,8.10868026961472,4.71830645976308,4.880412700652484,0.0
1657177200,sandy,2022,0.2659502691800384,0.5222979039450784,14.0,6.0,SMARTER,3,0.0,16.045078895746936,5.27960920736311,4.71830645976308,4.984256728943119,11.6
1657263600,sandy,2022,0.3203580227551853,0.5222979039450784,14.0,6.0,SMARTER,3,15.140068695619544,16.045078895746936,7.275206390354677,4.71830645976308,5.038664482518265,0.0
1657350000,sandy,2022,-0.0738359435841007,0.3203580227551853,14.0,6.0,SMARTER,3,0.0,15.140068695619544,7.121172904786319,4.71830645976308,4.64447051617898,0.0
1657436400,sandy,2022,0.0995573421318542,0.3203580227551853,14.0,6.0,SMARTER,3,0.0,15.140068695619544,7.612583271961939,4.71830645976308,4.817863801894935,0.0
1657522800,sandy,2022,0.2964692840560676,0.3203580227551853,14.0,6.0,SMARTER,3,16.584442058168303,15.140068695619544,8.472336750464112,4.71830645976308,5.014775743819148,0.0
1657609200,sandy,2022,-0.0424702999101242,0.2964692840560676,14.0,6.0,SMARTER,3,0.0,16.584442058168303,7.487993037508327,4.71830645976308,4.675836159852956,0.0
1657695600,sandy,2022,0.0949494543155055,0.2964692840560676,14.0,6.0,SMARTER,3,0.0,16.584442058168303,5.439558555641069,4.71830645976308,4.813255914078586,0.0
1657782000,sandy,2022,0.2999754068954285,0.2964692840560676,14.0,6.0,SMARTER,3,18.433380219291926,16.584442058168303,8.254676604732598,4.71830645976308,5.0182818666585085,0.0
1657868400,sandy,2022,-0.0427094543020225,0.2999754068954285,14.0,6.0,SMARTER,3,0.0,18.433380219291926,9.447916516172471,4.71830645976308,4.675597005461058,0.0
1657954800,sandy,2022,0.1924264011091785,0.2999754068954285,14.0,6.0,SMARTER,3,0.0,18.433380219291926,8.968687582898376,4.71830645976308,4.910732860872259,0.0
1658041200,sandy,2022,0.3690327101185104,0.2999754068954285,14.0,6.0,SMARTER,3,21.614378725126134,18.433380219291926,7.701644419417017,4.71830645976308,5.087339169881591,0.0
1658127600,sandy,2022,-0.1452635068908014,0.3690327101185104,14.0,6.0,SMARTER,3,0.0,21.614378725126134,7.236620092977568,4.71830645976308,4.573042952872279,0.0
1658214000,sandy,2022,0.0729160914080239,0.3690327101185104,14.0,6.0,SMARTER,3,0.0,21.614378725126134,7.976539558735554,4.71830645976308,4.791222551171104,0.0
1658300400,sandy,2022,0.3117917079290279,0.3690327101185104,14.0,6.0,SMARTER,3,22.683754942047543,21.614378725126134,9.031637030513592,4.71830645976308,5.030098167692108,0.0
1658386800,sandy,2022,-0.1920720461143421,0.3117917079290279,14.0,6.0,SMARTER,3,0.0,22.683754942047543,8.523521442036436,4.71830645976308,4.526281642701625,0.0
1687590000,sandy,2023,-0.5324586664639549,0.0,14.0,6.0,SMARTER,3,0.0,0.0,6.3387606045021405,4.71830645976308,4.185847793299125,0.0
1687676400,sandy,2023,-0.3602161587464601,0.0,14.0,6.0,SMARTER,3,0.0,0.0,7.077332335884068,4.71830645976308,4.35809030101662,0.0
1687762800,sandy,2023,-0.2059944320970771,0.0,14.0,6.0,SMARTER,3,0.0,0.0,6.229180911248416,4.71830645976308,4.512312027666003,0.0
1687849200,sandy,2023,-0.0465480567409394,-0.2059944320970771,14.0,6.0,SMARTER,3,0.0,0.0,7.717627618312005,4.71830645976308,4.671758403022141,0.0
1687935600,sandy,2023,0.0958827886430957,-0.2059944320970771,14.0,6.0,SMARTER,3,0.0,0.0,8.190146658736474,4.71830645976308,4.814189248406176,0.0
1688022000,sandy,2023,0.1378867380335812,-0.2059944320970771,14.0,6.0,SMARTER,3,5.641656810030704,0.0,2.6534944981591777,4.71830645976308,4.856193197796661,0.0
1688108400,sandy,2023,0.1395691521392326,0.1378867380335812,14.0,6.0,SMARTER,3,0.0,5.641656810030704,7.811921140444205,4.71830645976308,4.857875611902313,0.0
1688194800,sandy,2023,0.1858772971681744,0.1378867380335812,14.0,6.0,SMARTER,3,0.0,5.641656810030704,2.989408376370308,4.71830645976308,4.904183756931254,0.0
1688281200,sandy,2023,0.2437494310972742,0.1378867380335812,14.0,6.0,SMARTER,3,8.586231099506051,5.641656810030704,3.628606534620321,4.71830645976308,4.962055890860355,0.0
1688367600,sandy,2023,0.109943753412654,0.2437494310972742,14.0,6.0,SMARTER,3,0.0,8.586231099506051,5.9091258835011,4.71830645976308,4.828250213175735,0.0
1688454000,sandy,2023,0.2377483675410707,0.2437494310972742,14.0,6.0,SMARTER,3,0.0,8.586231099506051,6.621532339824514,4.71830645976308,4.956054827304151,0.0
1688540400,sandy,2023,0.3432396184530263,0.2437494310972742,14.0,6.0,SMARTER,3,12.03853143320474,8.586231099506051,6.395412175418061,4.71830645976308,5.061546078216106,0.0
1688626800,sandy,2023,0.1321404485363204,0.3432396184530263,14.0,6.0,SMARTER,3,0.0,12.03853143320474,7.492344925936937,4.71830645976308,4.850446908299401,5.0
1688713200,sandy,2023,0.1589233155424737,0.3432396184530263,14.0,6.0,SMARTER,3,0.0,12.03853143320474,3.3788724562330463,4.71830645976308,4.877229775305554,0.0
1688799600,sandy,2023,0.2773113279690292,0.3432396184530263,14.0,6.0,SMARTER,3,12.779403334242955,12.03853143320474,6.518921569415171,4.71830645976308,4.995617787732109,0.0
1688886000,sandy,2023,0.0383101853658293,0.2773113279690292,14.0,6.0,SMARTER,3,0.0,12.779403334242955,7.0675670514600375,4.71830645976308,4.75661664512891,0.0
1688972400,sandy,2023,0.1981527170717168,0.2773113279690292,14.0,6.0,SMARTER,3,0.0,12.779403334242955,6.961944041187434,4.71830645976308,4.916459176834797,0.0
1689058800,sandy,2023,0.3513209536060624,0.2773113279690292,14.0,6.0,SMARTER,3,15.923463814797795,12.779403334242955,7.523781176422247,4.71830645976308,5.069627413369143,0.0
1689145200,sandy,2023,0.0290932943843549,0.3513209536060624,14.0,6.0,SMARTER,3,0.0,15.923463814797795,7.806608352298979,4.71830645976308,4.747399754147435,0.0
1689231600,sandy,2023,0.2111874402939146,0.3513209536060624,14.0,6.0,SMARTER,3,0.0,15.923463814797795,7.714035948667738,4.71830645976308,4.929493900056995,22.8
1689318000,sandy,2023,-0.1750451383803356,0.3513209536060624,14.0,6.0,SMARTER,3,7.504067696706208,15.923463814797795,2.9961159428327533,4.71830645976308,4.543261321382745,0.0
1689404400,sandy,2023,-0.2914202367672077,-0.1750451383803356,14.0,6.0,SMARTER,3,0.0,7.504067696706208,5.390782029334142,4.71830645976308,4.426886222995872,0.0
1689490800,sandy,2023,-0.0787861441547382,-0.1750451383803356,14.0,6.0,SMARTER,3,0.0,7.504067696706208,7.109056997180415,4.71830645976308,4.639520315608342,0.0
1689577200,sandy,2023,0.108072038924259,-0.1750451383803356,14.0,6.0,SMARTER,3,12.116140412516089,7.504067696706208,6.608581357186508,4.71830645976308,4.82637849868734,0.0
1689663600,sandy,2023,-0.0415559773147209,0.108072038924259,14.0,6.0,SMARTER,3,0.0,12.116140412516089,7.500311698248804,4.71830645976308,4.67675048244836,0.0
1689750000,sandy,2023,0.1623697623861338,0.108072038924259,14.0,6.0,SMARTER,3,0.0,12.116140412516089,7.063404491828016,4.71830645976308,4.880676222149214,0.0
1689836400,sandy,2023,0.3545189063551611,0.108072038924259,14.0,6.0,SMARTER,3,17.693509994679683,12.116140412516089,7.949048805371062,4.71830645976308,5.072825366118241,0.0
1689922800,sandy,2023,-0.0508305366014315,0.3545189063551611,14.0,6.0,SMARTER,3,0.0,17.693509994679683,6.202164075023188,4.71830645976308,4.667475923161649,0.0
1719212400,sandy,2024,-0.9163487327852844,0.0,14.0,6.0,SMARTER,3,0.0,0.0,1.5856569477409397,4.71830645976308,3.8054362757279097,5.8
1719298800,sandy,2024,-0.9788446189287636,0.0,14.0,6.0,SMARTER,3,0.0,0.0,1.643019943771474,4.71830645976308,3.7394618408343168,12.6
1719385200,sandy,2024,-1.0940321409707554,0.0,14.0,6.0,SMARTER,3,0.0,0.0,3.7360647761286776,4.71830645976308,3.6242743187923248,1.0
1719471600,sandy,2024,-1.0538939851169635,-1.0940321409707554,14.0,6.0,SMARTER,3,0.0,0.0,3.283058105037508,4.71830645976308,3.6644124746461166,0.0
1719558000,sandy,2024,-0.7954118657544437,-1.0940321409707554,14.0,6.0,SMARTER,3,0.0,0.0,8.105450401178516,4.71830645976308,3.922894594008637,0.0
1719644400,sandy,2024,-0.5754786186497758,-1.0940321409707554,14.0,6.0,SMARTER,3,0.0,0.0,6.855392222915658,4.71830645976308,4.142827841113305,0.0
1719730800,sandy,2024,-0.3882010285659471,-0.5754786186497758,14.0,6.0,SMARTER,3,0.0,0.0,6.275478723242181,4.71830645976308,4.330105431197133,0.0
1719817200,sandy,2024,-0.1756380545259042,-0.5754786186497758,14.0,6.0,SMARTER,3,0.0,0.0,9.008052630760128,4.71830645976308,4.542668405237176,0.0
1719903600,sandy,2024,-0.0472405356086023,-0.5754786186497758,14.0,6.0,SMARTER,3,7.111889948924815,0.0,6.40343719338403,4.71830645976308,4.671065924154478,0.0
1719990000,sandy,2024,-0.0855488176097937,-0.0472405356086023,14.0,6.0,SMARTER,3,0.0,7.111889948924815,6.828302846826217,4.71830645976308,4.632757642153287,0.0
1720076400,sandy,2024,-0.0133331578600622,-0.0472405356086023,14.0,6.0,SMARTER,3,0.0,7.111889948924815,3.501203041998366,4.71830645976308,4.704973301903018,0.0
1720162800,sandy,2024,0.072310603309274,-0.0472405356086023,14.0,6.0,SMARTER,3,9.21946951363073,7.111889948924815,4.110755932356144,4.71830645976308,4.790617063072355,0.0
1720249200,sandy,2024,-0.0223964503595144,0.072310603309274,14.0,6.0,SMARTER,3,0.0,9.21946951363073,7.570021332731803,4.71830645976308,4.6959100094035655,0.0
1720335600,sandy,2024,0.1551293449598631,0.072310603309274,14.0,6.0,SMARTER,3,0.0,9.21946951363073,8.236770338981968,4.71830645976308,4.873435804722943,0.0
1720422000,sandy,2024,0.2226823272116908,0.072310603309274,14.0,6.0,SMARTER,3,12.660767611534707,9.21946951363073,3.5751601774979624,4.71830645976308,4.940988786974772,0.0
1720508400,sandy,2024,-0.0260964366569697,0.2226823272116908,14.0,6.0,SMARTER,3,0.0,12.660767611534707,6.021523561190189,4.71830645976308,4.69221002310611,1.0
1720594800,sandy,2024,0.124153880954655,0.2226823272116908,14.0,6.0,SMARTER,3,0.0,12.660767611534707,6.408995121084742,4.71830645976308,4.842460340717735,0.0
1720681200,sandy,2024,0.2765136257953325,0.2226823272116908,14.0,6.0,SMARTER,3,15.073487546477686,12.660767611534707,7.100145056634385,4.71830645976308,4.994820085558413,0.0
1720767600,sandy,2024,0.008674159638888,0.2765136257953325,14.0,6.0,SMARTER,3,0.0,15.073487546477686,8.417233027045325,4.71830645976308,4.726980619401968,0.0
1720854000,sandy,2024,0.2428550535128161,0.2765136257953325,14.0,6.0,SMARTER,3,0.0,15.073487546477686,9.478835789843243,4.71830645976308,4.961161513275896,0.0
1720940400,sandy,2024,0.4131827601518054,0.2765136257953325,14.0,6.0,SMARTER,3,19.46595198837914,15.073487546477686,8.65408688020589,4.71830645976308,5.131489219914886,0.0
1721026800,sandy,2024,-0.0301053513805592,0.4131827601518054,14.0,6.0,SMARTER,3,0.0,19.46595198837914,8.038553013013921,4.71830645976308,4.688201108382521,0.0
1721113200,sandy,2024,0.1774061789429019,0.4131827601518054,14.0,6.0,SMARTER,3,0.0,19.46595198837914,8.079175888672749,4.71830645976308,4.895712638705982,0.0
1721199600,sandy,2024,0.3984547516201633,0.4131827601518054,14.0,6.0,SMARTER,3,21.65048837865713,19.46595198837914,9.89638188136864,4.71830645976308,5.116761211383244,0.0
1721286000,sandy,2024,-0.0879738399918066,0.3984547516201633,14.0,6.0,SMARTER,3,0.0,21.65048837865713,8.856197692783795,4.71830645976308,4.6303326197712735,0.0
1721372400,sandy,2024,0.1424729420646129,0.3984547516201633,14.0,6.0,SMARTER,3,0.0,21.65048837865713,8.59349226880255,4.71830645976308,4.860779401827693,0.0
1721458800,sandy,2024,0.3091503482181955,0.3984547516201633,14.0,6.0,SMARTER,3,22.255128820338754,21.65048837865713,6.5994601364997925,4.71830645976308,5.027456807981276,0.0
1721545200,sandy,2024,-0.231384649960206,0.3091503482181955,14.0,6.0,SMARTER,3,0.0,22.255128820338754,6.35886520949269,4.71830645976308,4.487185069136746,0.0
1626073200,sandy,2021,0.2567818856061262,0.0,10.5,4.5,SMARTER,2,0.0,0.0,8.171899400888595,4.71830645976308,4.975088345369207,0.0
1626159600,sandy,2021,0.4202315603338118,0.0,10.5,4.5,SMARTER,2,6.303473405007177,0.0,7.307248568315713,4.71830645976308,5.138538020096892,49.2
1626246000,sandy,2021,-0.9579941312774344,0.4202315603338118,10.5,4.5,SMARTER,2,0.0,6.303473405007177,3.7200181370317593,4.71830645976308,3.781454847792048,0.0
1626332400,sandy,2021,-0.7765812246567576,0.4202315603338118,10.5,4.5,SMARTER,2,0.0,6.303473405007177,6.588938290136868,4.71830645976308,3.9417252351063223,0.0
1626418800,sandy,2021,-0.6025695914917373,-0.7765812246567576,10.5,4.5,SMARTER,2,0.0,0.0,4.2070949143533625,4.71830645976308,4.115736868271343,10.8
1626505200,sandy,2021,-0.7618192350807191,-0.7765812246567576,10.5,4.5,SMARTER,2,0.0,0.0,1.7206288405645938,4.71830645976308,3.956487224682361,0.8
1626591600,sandy,2021,-0.7085081520254485,-0.7618192350807191,10.5,4.5,SMARTER,2,0.0,0.0,2.339819333016992,4.71830645976308,4.009798307737632,0.0
1626678000,sandy,2021,-0.4612576087467953,-0.7618192350807191,10.5,4.5,SMARTER,2,0.0,0.0,5.542148180411579,4.71830645976308,4.257048851016285,0.0
1626764400,sandy,2021,-0.2099626109625572,-0.4612576087467953,10.5,4.5,SMARTER,2,0.0,0.0,6.336708517861463,4.71830645976308,4.508343848800523,0.0
1626850800,sandy,2021,0.0368196967395873,-0.4612576087467953,10.5,4.5,SMARTER,2,5.3955003429351605,0.0,7.723088615724408,4.71830645976308,4.755126156502668,0.0
1626937200,sandy,2021,0.0758871140490294,0.0368196967395873,10.5,4.5,SMARTER,2,0.0,5.3955003429351605,6.384988487195638,4.71830645976308,4.79419357381211,0.0
1627023600,sandy,2021,0.2514349988798062,0.0368196967395873,10.5,4.5,SMARTER,2,8.780418510366585,5.3955003429351605,6.724001721462045,4.71830645976308,4.969741458642886,0.0
1627110000,sandy,2021,0.1508490236397847,0.2514349988798062,10.5,4.5,SMARTER,2,0.0,8.780418510366585,6.639604206034317,4.71830645976308,4.8691554834028645,0.0
1627196400,sandy,2021,0.3039377638721692,0.2514349988798062,10.5,4.5,SMARTER,2,10.699417480211158,8.780418510366585,6.068344799075018,4.71830645976308,5.02224422363525,0.0
1627282800,sandy,2021,0.0649934163449687,0.3039377638721692,10.5,4.5,SMARTER,2,0.0,10.699417480211158,3.7441148307248353,4.71830645976308,4.783299876108049,0.0
1627369200,sandy,2021,0.2100973816958409,0.3039377638721692,10.5,4.5,SMARTER,2,10.659531684990997,10.699417480211158,5.25782491390273,4.71830645976308,4.9284038414589215,1.0
1627455600,sandy,2021,-0.0170865832184295,0.2100973816958409,10.5,4.5,SMARTER,2,0.0,10.659531684990997,4.067188753317478,4.71830645976308,4.70121987654465,0.0
1627542000,sandy,2021,0.1400713814120155,0.2100973816958409,10.5,4.5,SMARTER,2,10.5545798983649,10.659531684990997,5.501441403272102,4.71830645976308,4.858377841175096,0.0
1627628400,sandy,2021,0.0303564776261404,0.1400713814120155,10.5,4.5,SMARTER,2,0.0,10.5545798983649,7.363960029273559,4.71830645976308,4.748662937389221,0.0
1627714800,sandy,2021,0.2655770416361429,0.1400713814120155,10.5,4.5,SMARTER,2,13.06748601808088,10.5545798983649,8.127164249908118,4.71830645976308,4.983883501399223,0.0
1627801200,sandy,2021,-0.000918936139324,0.2655770416361429,10.5,4.5,SMARTER,2,0.0,13.06748601808088,7.011084171391055,4.71830645976308,4.718485618108451,9.0
1627887600,sandy,2021,0.0727906370766743,0.2655770416361429,10.5,4.5,SMARTER,2,11.370786637051497,13.06748601808088,7.304828236834061,4.71830645976308,4.791097096839755,0.0
1627974000,sandy,2021,-0.0914746186148322,0.0727906370766743,10.5,4.5,SMARTER,2,0.0,11.370786637051497,7.320018177389831,4.71830645976308,4.626831841148248,0.0
1628060400,sandy,2021,0.147620533703582,0.0727906370766743,10.5,4.5,SMARTER,2,12.820792953300144,11.370786637051497,8.239496207860649,4.71830645976308,4.865926993466663,0.0
1628146800,sandy,2021,-0.1243861494422267,0.147620533703582,10.5,4.5,SMARTER,2,0.0,12.820792953300144,4.198759507591638,4.71830645976308,4.593920310320853,0.0
1628233200,sandy,2021,0.135871671432813,0.147620533703582,10.5,4.5,SMARTER,2,13.308852420904728,12.820792953300144,8.25634687060054,4.71830645976308,4.854178131195893,0.0
1628319600,sandy,2021,-0.0440020023491714,0.135871671432813,10.5,4.5,SMARTER,2,0.0,13.308852420904728,7.823891414052509,4.71830645976308,4.674304457413909,0.0
1628406000,sandy,2021,0.1639699236484344,0.135871671432813,10.5,4.5,SMARTER,2,14.341748725586706,13.308852420904728,6.805842568347599,4.71830645976308,4.882276383411515,0.0
1628492400,sandy,2021,-0.0380888223019295,0.1639699236484344,10.5,4.5,SMARTER,2,0.0,14.341748725586706,8.235329351972808,4.71830645976308,4.68021763746115,0.0
1656054000,sandy,2022,-0.3245383821372074,0.0,10.5,4.5,SMARTER,2,0.0,0.0,5.717907755951627,4.71830645976308,4.3937680776258725,0.0
1656140400,sandy,2022,-0.1057476363914457,0.0,10.5,4.5,SMARTER,2,0.0,0.0,9.203948870710636,4.71830645976308,4.612558823371635,0.0
1656226800,sandy,2022,0.0929645428910823,-0.1057476363914457,10.5,4.5,SMARTER,2,0.0,0.0,9.569797117975432,4.71830645976308,4.811271002654163,0.0
1656313200,sandy,2022,0.2363898807573645,-0.1057476363914457,10.5,4.5,SMARTER,2,4.656198393470648,0.0,8.693094774412245,4.71830645976308,4.954696340520445,0.0
1656399600,sandy,2022,0.2451510287522257,0.2363898807573645,10.5,4.5,SMARTER,2,0.0,4.656198393470648,7.460713537351751,4.71830645976308,4.963457488515306,1.6
1656486000,sandy,2022,0.27063466968869,0.2363898807573645,10.5,4.5,SMARTER,2,6.233624690848671,4.656198393470648,1.8323231735051733,4.71830645976308,4.98894112945177,0.0
1656572400,sandy,2022,0.2102322199137822,0.27063466968869,10.5,4.5,SMARTER,2,0.0,6.233624690848671,6.425725286268609,4.71830645976308,4.928538679676863,0.0
1656658800,sandy,2022,0.3461673221505531,0.27063466968869,10.5,4.5,SMARTER,2,8.584470491375722,6.233624690848671,8.481182130641368,4.71830645976308,5.064473781913633,0.0
1656745200,sandy,2022,0.2709211615674436,0.3461673221505531,10.5,4.5,SMARTER,2,0.0,8.584470491375722,9.684100900879589,4.71830645976308,4.989227621330524,0.0
1656831600,sandy,2022,0.3977637502471612,0.3461673221505531,10.5,4.5,SMARTER,2,10.916169862502333,8.584470491375722,7.875822878948619,4.71830645976308,5.116070210010242,0.0
1656918000,sandy,2022,0.2320020945547398,0.3977637502471612,10.5,4.5,SMARTER,2,0.0,10.916169862502333,8.846129638751195,4.71830645976308,4.95030855431782,0.0
1657004400,sandy,2022,0.3827355353285188,0.3977637502471612,10.5,4.5,SMARTER,2,12.480683514834924,10.916169862502333,8.353871892123982,4.71830645976308,5.101041995091599,0.0
1657090800,sandy,2022,0.1536323758192337,0.3827355353285188,10.5,4.5,SMARTER,2,0.0,12.480683514834924,8.10868026961472,4.71830645976308,4.871938835582314,0.0
1657177200,sandy,2022,0.2614243127841831,0.3827355353285188,10.5,4.5,SMARTER,2,12.383325085648224,12.480683514834924,5.27960920736311,4.71830645976308,4.979730772547264,11.6
1657263600,sandy,2022,-0.0932257669076083,0.2614243127841831,10.5,4.5,SMARTER,2,0.0,12.383325085648224,7.275206390354677,4.71830645976308,4.6251934512907,0.0
1657350000,sandy,2022,0.0276360059902089,0.2614243127841831,10.5,4.5,SMARTER,2,10.052909891267433,12.383325085648224,7.121172904786319,4.71830645976308,4.74594246575329,0.0
1657436400,sandy,2022,-0.0747323618192595,0.0276360059902089,10.5,4.5,SMARTER,2,0.0,10.052909891267433,7.612583271961939,4.71830645976308,4.643574097943821,0.0
1657522800,sandy,2022,0.1474212359460481,0.0276360059902089,10.5,4.5,SMARTER,2,11.97405036756096,10.052909891267433,8.472336750464112,4.71830645976308,4.865727695709128,0.0
1657609200,sandy,2022,-0.0201755744223498,0.1474212359460481,10.5,4.5,SMARTER,2,0.0,11.97405036756096,7.487993037508327,4.71830645976308,4.69813088534073,0.0
1657695600,sandy,2022,0.124021631892202,0.1474212359460481,10.5,4.5,SMARTER,2,12.286451868510486,11.97405036756096,5.439558555641069,4.71830645976308,4.842328091655283,0.0
1657782000,sandy,2022,-0.0201146064168013,0.124021631892202,10.5,4.5,SMARTER,2,0.0,12.286451868510486,8.254676604732598,4.71830645976308,4.698191853346279,0.0
1657868400,sandy,2022,0.2315103157914596,0.124021631892202,10.5,4.5,SMARTER,2,14.456879470514258,12.286451868510486,9.447916516172471,4.71830645976308,4.94981677555454,0.0
1657954800,sandy,2022,0.0113656029939326,0.2315103157914596,10.5,4.5,SMARTER,2,0.0,14.456879470514258,8.968687582898376,4.71830645976308,4.729672062757013,0.0
1658041200,sandy,2022,0.2114498126630696,0.2315103157914596,10.5,4.5,SMARTER,2,15.197768344649976,14.456879470514258,7.701644419417017,4.71830645976308,4.92975627242615,0.0
1658127600,sandy,2022,-0.0670425797468118,0.2114498126630696,10.5,4.5,SMARTER,2,0.0,15.197768344649976,7.236620092977568,4.71830645976308,4.651263880016268,0.0
1658214000,sandy,2022,0.1518106721463077,0.2114498126630696,10.5,4.5,SMARTER,2,15.25470539388236,15.197768344649976,7.976539558735554,4.71830645976308,4.870117131909388,0.0
1658300400,sandy,2022,-0.0653080105686895,0.1518106721463077,10.5,4.5,SMARTER,2,0.0,15.25470539388236,9.031637030513592,4.71830645976308,4.65299844919439,0.0
1658386800,sandy,2022,0.1732823889422909,0.1518106721463077,10.5,4.5,SMARTER,2,16.259929170480493,15.25470539388236,8.523521442036436,4.71830645976308,4.891588848705371,0.0
1687590000,sandy,2023,-0.5324586664639549,0.0,10.5,4.5,SMARTER,2,0.0,0.0,6.3387606045021405,4.71830645976308,4.185847793299125,0.0
1687676400,sandy,2023,-0.3602161587464601,0.0,10.5,4.5,SMARTER,2,0.0,0.0,7.077332335884068,4.71830645976308,4.35809030101662,0.0
1687762800,sandy,2023,-0.2059944320970771,-0.3602161587464601,10.5,4.5,SMARTER,2,0.0,0.0,6.229180911248416,4.71830645976308,4.512312027666003,0.0
1687849200,sandy,2023,-0.0465480567409394,-0.3602161587464601,10.5,4.5,SMARTER,2,3.08404881572374,0.0,7.717627618312005,4.71830645976308,4.671758403022141,0.0
1687935600,sandy,2023,0.0395723795494751,-0.0465480567409394,10.5,4.5,SMARTER,2,0.0,3.08404881572374,8.190146658736474,4.71830645976308,4.757878839312555,0.0
1688022000,sandy,2023,0.0836076418569396,-0.0465480567409394,10.5,4.5,SMARTER,2,4.8269180393576985,3.08404881572374,2.6534944981591777,4.71830645976308,4.80191410162002,0.0
1688108400,sandy,2023,0.102727051823877,0.0836076418569396,10.5,4.5,SMARTER,2,0.0,4.8269180393576985,7.811921140444205,4.71830645976308,4.821033511586958,0.0
1688194800,sandy,2023,0.1510688914133766,0.0836076418569396,10.5,4.5,SMARTER,2,6.215071171060482,4.8269180393576985,2.989408376370308,4.71830645976308,4.869375351176457,0.0
1688281200,sandy,2023,0.0464128284502342,0.1510688914133766,10.5,4.5,SMARTER,2,0.0,6.215071171060482,3.628606534620321,4.71830645976308,4.764719288213315,0.0
1688367600,sandy,2023,0.1634020468146856,0.1510688914133766,10.5,4.5,SMARTER,2,7.079878513440312,6.215071171060482,5.9091258835011,4.71830645976308,4.881708506577766,0.0
1688454000,sandy,2023,0.0983917105662618,0.1634020468146856,10.5,4.5,SMARTER,2,0.0,7.079878513440312,6.621532339824514,4.71830645976308,4.816698170329342,0.0
1688540400,sandy,2023,0.2243401738828279,0.1634020468146856,10.5,4.5,SMARTER,2,8.729259630128533,7.079878513440312,6.395412175418061,4.71830645976308,4.942646633645908,0.0
1688626800,sandy,2023,0.1277772122749198,0.2243401738828279,10.5,4.5,SMARTER,2,0.0,8.729259630128533,7.492344925936937,4.71830645976308,4.8460836720380005,5.0
1688713200,sandy,2023,0.1593459525433537,0.2243401738828279,10.5,4.5,SMARTER,2,8.763877092509146,8.729259630128533,3.3788724562330463,4.71830645976308,4.877652412306434,0.0
1688799600,sandy,2023,0.0243560672623548,0.1593459525433537,10.5,4.5,SMARTER,2,0.0,8.763877092509146,6.518921569415171,4.71830645976308,4.742662527025435,0.0
1688886000,sandy,2023,0.1869154727598692,0.1593459525433537,10.5,4.5,SMARTER,2,9.89447668220197,8.763877092509146,7.0675670514600375,4.71830645976308,4.90522193252295,0.0
1688972400,sandy,2023,0.0549116847470872,0.1869154727598692,10.5,4.5,SMARTER,2,0.0,9.89447668220197,6.961944041187434,4.71830645976308,4.773218144510167,0.0
1689058800,sandy,2023,0.2336401949899238,0.1869154727598692,10.5,4.5,SMARTER,2,11.4364671430722,9.89447668220197,7.523781176422247,4.71830645976308,4.951946654753004,0.0
1689145200,sandy,2023,0.0711088597636452,0.2336401949899238,10.5,4.5,SMARTER,2,0.0,11.4364671430722,7.806608352298979,4.71830645976308,4.789415319526726,0.0
1689231600,sandy,2023,0.2517551026081336,0.2336401949899238,10.5,4.5,SMARTER,2,12.759571634800004,11.4364671430722,7.714035948667738,4.71830645976308,4.970061562371214,22.8
1689318000,sandy,2023,-0.5963212714179359,0.2517551026081336,10.5,4.5,SMARTER,2,0.0,12.759571634800004,2.9961159428327533,4.71830645976308,4.1241467966168255,0.0
1689404400,sandy,2023,-0.458083623256671,0.2517551026081336,10.5,4.5,SMARTER,2,0.0,12.759571634800004,5.390782029334142,4.71830645976308,4.26022283650641,0.0
1689490800,sandy,2023,-0.2057369311993638,-0.458083623256671,10.5,4.5,SMARTER,2,0.0,0.0,7.109056997180415,4.71830645976308,4.512569528563716,0.0
1689577200,sandy,2023,-0.0023719425944449,-0.458083623256671,10.5,4.5,SMARTER,2,4.774298905278371,0.0,6.608581357186508,4.71830645976308,4.715934517168635,0.0
1689663600,sandy,2023,0.0877134738140287,-0.0023719425944449,10.5,4.5,SMARTER,2,0.0,4.774298905278371,7.500311698248804,4.71830645976308,4.806019933577109,0.0
1689750000,sandy,2023,0.2607424497415588,-0.0023719425944449,10.5,4.5,SMARTER,2,8.710341048643427,4.774298905278371,7.063404491828016,4.71830645976308,4.979048909504639,0.0
1689836400,sandy,2023,0.203816212905748,0.2607424497415588,10.5,4.5,SMARTER,2,0.0,8.710341048643427,7.949048805371062,4.71830645976308,4.922122672668828,0.0
1689922800,sandy,2023,0.3498897752493852,0.2607424497415588,10.5,4.5,SMARTER,2,11.220891955097835,8.710341048643427,6.202164075023188,4.71830645976308,5.068196235012466,0.0
1719212400,sandy,2024,-0.9163487327852844,0.0,10.5,4.5,SMARTER,2,0.0,0.0,1.5856569477409397,4.71830645976308,3.8054362757279097,5.8
1719298800,sandy,2024,-0.9788446189287636,0.0,10.5,4.5,SMARTER,2,0.0,0.0,1.643019943771474,4.71830645976308,3.7394618408343168,12.6
1719385200,sandy,2024,-1.0940321409707554,-0.9788446189287636,10.5,4.5,SMARTER,2,0.0,0.0,3.7360647761286776,4.71830645976308,3.6242743187923248,1.0
1719471600,sandy,2024,-1.0538939851169635,-0.9788446189287636,10.5,4.5,SMARTER,2,0.0,0.0,3.283058105037508,4.71830645976308,3.6644124746461166,0.0
1719558000,sandy,2024,-0.7954118657544437,-1.0538939851169635,10.5,4.5,SMARTER,2,0.0,0.0,8.105450401178516,4.71830645976308,3.922894594008637,0.0
1719644400,sandy,2024,-0.5754786186497758,-1.0538939851169635,10.5,4.5,SMARTER,2,0.0,0.0,6.855392222915658,4.71830645976308,4.142827841113305,0.0
1719730800,sandy,2024,-0.3882010285659471,-0.5754786186497758,10.5,4.5,SMARTER,2,0.0,0.0,6.275478723242181,4.71830645976308,4.330105431197133,0.0
1719817200,sandy,2024,-0.1756380545259042,-0.5754786186497758,10.5,4.5,SMARTER,2,3.407954677934083,0.0,9.008052630760128,4.71830645976308,4.542668405237176,0.0
1719903600,sandy,2024,-0.1103742631844176,-0.1756380545259042,10.5,4.5,SMARTER,2,0.0,3.407954677934083,6.40343719338403,4.71830645976308,4.607932196578663,0.0
1719990000,sandy,2024,0.0186323028820562,-0.1756380545259042,10.5,4.5,SMARTER,2,5.53163879368692,3.407954677934083,6.828302846826217,4.71830645976308,4.736938762645137,0.0
1720076400,sandy,2024,-0.0588830663185762,0.0186323028820562,10.5,4.5,SMARTER,2,0.0,5.53163879368692,3.501203041998366,4.71830645976308,4.659423393444504,0.0
1720162800,sandy,2024,0.0312075192865488,0.0186323028820562,10.5,4.5,SMARTER,2,5.804112402723562,5.53163879368692,4.110755932356144,4.71830645976308,4.749513979049629,0.0
1720249200,sandy,2024,0.0414248918655877,0.0312075192865488,10.5,4.5,SMARTER,2,0.0,5.804112402723562,7.570021332731803,4.71830645976308,4.759731351628668,0.0
1720335600,sandy,2024,0.2048880439213911,0.0312075192865488,10.5,4.5,SMARTER,2,8.549754109035666,5.804112402723562,8.236770338981968,4.71830645976308,4.923194503684472,0.0
1720422000,sandy,2024,0.0293696559166923,0.2048880439213911,10.5,4.5,SMARTER,2,0.0,8.549754109035666,3.5751601774979624,4.71830645976308,4.747676115679773,0.0
1720508400,sandy,2024,0.166322379993955,0.2048880439213911,10.5,4.5,SMARTER,2,8.893265347770384,8.549754109035666,6.021523561190189,4.71830645976308,4.884628839757036,1.0
1720594800,sandy,2024,0.043043363585102,0.166322379993955,10.5,4.5,SMARTER,2,0.0,8.893265347770384,6.408995121084742,4.71830645976308,4.761349823348183,0.0
1720681200,sandy,2024,0.2114100807993493,0.166322379993955,10.5,4.5,SMARTER,2,10.318031569824097,8.893265347770384,7.100145056634385,4.71830645976308,4.9297165405624295,0.0
1720767600,sandy,2024,0.1041702287802806,0.2114100807993493,10.5,4.5,SMARTER,2,0.0,10.318031569824097,8.417233027045325,4.71830645976308,4.822476688543361,0.0
1720854000,sandy,2024,0.3214611019084837,0.2114100807993493,10.5,4.5,SMARTER,2,12.920142250058184,10.318031569824097,9.478835789843243,4.71830645976308,5.039767561671564,0.0
1720940400,sandy,2024,0.1168320540556177,0.3214611019084837,10.5,4.5,SMARTER,2,0.0,12.920142250058184,8.65408688020589,4.71830645976308,4.835138513818698,0.0
1721026800,sandy,2024,0.3052328565937212,0.3214611019084837,10.5,4.5,SMARTER,2,14.123293528924924,12.920142250058184,8.038553013013921,4.71830645976308,5.023539316356802,0.0
1721113200,sandy,2024,0.0559162635199364,0.3052328565937212,10.5,4.5,SMARTER,2,0.0,14.123293528924924,8.079175888672749,4.71830645976308,4.774222723283017,0.0
1721199600,sandy,2024,0.303620980811761,0.3052328565937212,10.5,4.5,SMARTER,2,15.472663246867269,14.123293528924924,9.89638188136864,4.71830645976308,5.021927440574841,0.0
1721286000,sandy,2024,0.033385758780089,0.303620980811761,10.5,4.5,SMARTER,2,0.0,15.472663246867269,8.856197692783795,4.71830645976308,4.75169221854317,0.0
1721372400,sandy,2024,0.2525521178351224,0.303620980811761,10.5,4.5,SMARTER,2,16.072924715870613,15.472663246867269,8.59349226880255,4.71830645976308,4.970858577598203,0.0
1721458800,sandy,2024,-0.0894846652537027,0.2525521178351224,10.5,4.5,SMARTER,2,0.0,16.072924715870613,6.5994601364997925,4.71830645976308,4.628821794509378,0.0
1721545200,sandy,2024,0.0785967350775541,0.2525521178351224,10.5,4.5,SMARTER,2,14.60007850476514,16.072924715870613,6.35886520949269,4.71830645976308,4.796903194840635,0.0
1626073200,cloamy,2021,0.1933104572369712,0.0,48.0,12.0,SMARTER,7,0.0,0.0,8.171899400888595,4.71830645976308,4.9131850305149785,0.0
1626159600,cloamy,2021,0.2943385943573209,0.0,48.0,12.0,SMARTER,7,0.0,0.0,7.307248568315713,4.71830645976308,5.0126450541204015,49.2
1626246000,cloamy,2021,-0.1693835457819025,0.0,48.0,12.0,SMARTER,7,0.0,0.0,3.7200181370317593,4.71830645976308,4.579982803535819,0.0
1626332400,cloamy,2021,-0.197933324874563,0.0,48.0,12.0,SMARTER,7,0.0,0.0,6.588938290136868,4.71830645976308,4.521953253935267,0.0
1626418800,cloamy,2021,-0.1763023565197413,0.0,48.0,12.0,SMARTER,7,0.0,0.0,4.2070949143533625,4.71830645976308,4.542004103243339,10.8
1626505200,cloamy,2021,-0.2607828252718353,0.0,48.0,12.0,SMARTER,7,0.0,0.0,1.7206288405645938,4.71830645976308,4.457552117248498,0.8
1626591600,cloamy,2021,-0.2829357783911354,0.0,48.0,12.0,SMARTER,7,0.0,0.0,2.339819333016992,4.71830645976308,4.4353706813719445,0.0
1626678000,cloamy,2021,-0.1972620869789565,-0.2829357783911354,48.0,12.0,SMARTER,7,0.0,0.0,5.542148180411579,4.71830645976308,4.521044372784123,0.0
1626764400,cloamy,2021,-0.0605481434029326,-0.2829357783911354,48.0,12.0,SMARTER,7,0.0,0.0,6.336708517861463,4.71830645976308,4.657758316360147,0.0
1626850800,cloamy,2021,0.1403412312738126,-0.2829357783911354,48.0,12.0,SMARTER,7,0.0,0.0,7.723088615724408,4.71830645976308,4.858647691036893,0.0
1626937200,cloamy,2021,0.3164100506526188,-0.2829357783911354,48.0,12.0,SMARTER,7,0.0,0.0,6.384988487195638,4.71830645976308,5.0347165104157,0.0
1627023600,cloamy,2021,0.4824759786598624,-0.2829357783911354,48.0,12.0,SMARTER,7,0.0,0.0,6.724001721462045,4.71830645976308,5.200782438422943,0.0
1627110000,cloamy,2021,0.6149895500921277,-0.2829357783911354,48.0,12.0,SMARTER,7,0.0,0.0,6.639604206034317,4.71830645976308,5.333296009855208,0.0
1627196400,cloamy,2021,0.7156106202731403,-0.2829357783911354,48.0,12.0,SMARTER,7,56.51755457916292,0.0,6.068344799075018,4.71830645976308,5.43391708003622,0.0
1627282800,cloamy,2021,-0.1825155526343364,0.7156106202731403,48.0,12.0,SMARTER,7,0.0,56.51755457916292,3.7441148307248353,4.71830645976308,4.790637440687848,0.0
1627369200,cloamy,2021,-0.4378871418969079,0.7156106202731403,48.0,12.0,SMARTER,7,0.0,56.51755457916292,5.25782491390273,4.71830645976308,4.418441614624947,1.0
1627455600,cloamy,2021,-0.4535461436723473,0.7156106202731403,48.0,12.0,SMARTER,7,0.0,56.51755457916292,4.067188753317478,4.71830645976308,4.31569646008026,0.0
1627542000,cloamy,2021,-0.3834439020121593,0.7156106202731403,48.0,12.0,SMARTER,7,0.0,56.51755457916292,5.501441403272102,4.71830645976308,4.340713866359067,0.0
1627628400,cloamy,2021,-0.2409407611938567,0.7156106202731403,48.0,12.0,SMARTER,7,0.0,56.51755457916292,7.363960029273559,4.71830645976308,4.477365698569224,0.0
1627714800,cloamy,2021,-0.0571047764912936,0.7156106202731403,48.0,12.0,SMARTER,7,0.0,56.51755457916292,8.127164249908118,4.71830645976308,4.661201683271787,0.0
1627801200,cloamy,2021,0.1207778919033556,0.7156106202731403,48.0,12.0,SMARTER,7,29.414918320253527,56.51755457916292,7.011084171391055,4.71830645976308,4.839084351666436,9.0
1627887600,cloamy,2021,-0.2454719628923435,0.1207778919033556,48.0,12.0,SMARTER,7,0.0,29.414918320253527,7.304828236834061,4.71830645976308,4.622268587417821,0.0
1627974000,cloamy,2021,-0.2590594424522034,0.1207778919033556,48.0,12.0,SMARTER,7,0.0,29.414918320253527,7.320018177389831,4.71830645976308,4.5088659192668725,0.0
1628060400,cloamy,2021,-0.1687454445010563,0.1207778919033556,48.0,12.0,SMARTER,7,0.0,29.414918320253527,8.239496207860649,4.71830645976308,4.55266581815976,0.0
1628146800,cloamy,2021,-0.1054773601165423,0.1207778919033556,48.0,12.0,SMARTER,7,0.0,29.414918320253527,4.198759507591638,4.71830645976308,4.612829099646538,0.0
1628233200,cloamy,2021,0.0681062011830198,0.1207778919033556,48.0,12.0,SMARTER,7,0.0,29.414918320253527,8.25634687060054,4.71830645976308,4.7864126609461,0.0
1628319600,cloamy,2021,0.2480405248623972,0.1207778919033556,48.0,12.0,SMARTER,7,0.0,29.414918320253527,7.823891414052509,4.71830645976308,4.966346984625478,0.0
1628406000,cloamy,2021,0.4152452758242369,0.1207778919033556,48.0,12.0,SMARTER,7,48.53229605834667,29.414918320253527,6.805842568347599,4.71830645976308,5.133551735587317,0.0
1628492400,cloamy,2021,-0.2244637949833691,0.4152452758242369,48.0,12.0,SMARTER,7,0.0,48.53229605834667,8.235329351972808,4.71830645976308,4.720519202390068,0.0
1656054000,cloamy,2022,-0.3327021008855885,0.0,48.0,12.0,SMARTER,7,0.0,0.0,5.717907755951627,4.71830645976308,4.399516561812163,0.0
1656140400,cloamy,2022,-0.2076307366061126,0.0,48.0,12.0,SMARTER,7,0.0,0.0,9.203948870710636,4.71830645976308,4.510675723156967,0.0
1656226800,cloamy,2022,-0.068537291420511,0.0,48.0,12.0,SMARTER,7,0.0,0.0,9.569797117975432,4.71830645976308,4.649769168342569,0.0
1656313200,cloamy,2022,0.0650412484793357,0.0,48.0,12.0,SMARTER,7,0.0,0.0,8.693094774412245,4.71830645976308,4.783347708242416,0.0
1656399600,cloamy,2022,0.1828122648760416,0.0,48.0,12.0,SMARTER,7,0.0,0.0,7.460713537351751,4.71830645976308,4.901118724639122,1.6
1656486000,cloamy,2022,0.2177142994295618,0.0,48.0,12.0,SMARTER,7,0.0,0.0,1.8323231735051733,4.71830645976308,4.936020759192642,0.0
1656572400,cloamy,2022,0.3287488264667545,0.0,48.0,12.0,SMARTER,7,19.72492958800527,0.0,6.425725286268609,4.71830645976308,5.047055286229835,0.0
1656658800,cloamy,2022,0.1319151752338991,0.3287488264667545,48.0,12.0,SMARTER,7,0.0,19.72492958800527,8.481182130641368,4.71830645976308,4.894186848691044,0.0
1656745200,cloamy,2022,0.2370015099194186,0.3287488264667545,48.0,12.0,SMARTER,7,0.0,19.72492958800527,9.684100900879589,4.71830645976308,4.955307969682499,0.0
1656831600,cloamy,2022,0.339696308194322,0.3287488264667545,48.0,12.0,SMARTER,7,0.0,19.72492958800527,7.875822878948619,4.71830645976308,5.058002767957403,0.0
1656918000,cloamy,2022,0.4646134241129567,0.3287488264667545,48.0,12.0,SMARTER,7,0.0,19.72492958800527,8.846129638751195,4.71830645976308,5.182919883876037,0.0
1657004400,cloamy,2022,0.5832798324355302,0.3287488264667545,48.0,12.0,SMARTER,7,0.0,19.72492958800527,8.353871892123982,4.71830645976308,5.3015862921986106,0.0
1657090800,cloamy,2022,0.6762900046310588,0.3287488264667545,48.0,12.0,SMARTER,7,0.0,19.72492958800527,8.10868026961472,4.71830645976308,5.394596464394139,0.0
1657177200,cloamy,2022,0.7300980884402107,0.3287488264667545,48.0,12.0,SMARTER,7,47.7508712240137,19.72492958800527,5.27960920736311,4.71830645976308,5.448404548203291,11.6
1657263600,cloamy,2022,-0.0618387575075289,0.7300980884402107,48.0,12.0,SMARTER,7,0.0,47.7508712240137,7.275206390354677,4.71830645976308,4.853199150655547,0.0
1657350000,cloamy,2022,-0.1740862566362775,0.7300980884402107,48.0,12.0,SMARTER,7,0.0,47.7508712240137,7.121172904786319,4.71830645976308,4.622204985275588,0.0
1657436400,cloamy,2022,-0.0895339933367088,0.7300980884402107,48.0,12.0,SMARTER,7,0.0,47.7508712240137,7.612583271961939,4.71830645976308,4.639684832924048,0.0
1657522800,cloamy,2022,0.0384791183031648,0.7300980884402107,48.0,12.0,SMARTER,7,0.0,47.7508712240137,8.472336750464112,4.71830645976308,4.756785578066245,0.0
1657609200,cloamy,2022,0.1639848630428632,0.7300980884402107,48.0,12.0,SMARTER,7,0.0,47.7508712240137,7.487993037508327,4.71830645976308,4.882291322805943,0.0
1657695600,cloamy,2022,0.2686353269706583,0.7300980884402107,48.0,12.0,SMARTER,7,0.0,47.7508712240137,5.439558555641069,4.71830645976308,4.986941786733738,0.0
1657782000,cloamy,2022,0.4356656160445992,0.7300980884402107,48.0,12.0,SMARTER,7,38.84609994155954,47.7508712240137,8.254676604732598,4.71830645976308,5.15397207580768,0.0
1657868400,cloamy,2022,-0.028284281829915,0.4356656160445992,48.0,12.0,SMARTER,7,0.0,38.84609994155954,9.447916516172471,4.71830645976308,4.840909387320873,0.0
1657954800,cloamy,2022,-0.0038561798566655,0.4356656160445992,48.0,12.0,SMARTER,7,0.0,38.84609994155954,8.968687582898376,4.71830645976308,4.754134017531126,0.0
1658041200,cloamy,2022,0.1015118550225322,0.4356656160445992,48.0,12.0,SMARTER,7,0.0,38.84609994155954,7.701644419417017,4.71830645976308,4.820793074053564,0.0
1658127600,cloamy,2022,0.2220962258579399,0.4356656160445992,48.0,12.0,SMARTER,7,0.0,38.84609994155954,7.236620092977568,4.71830645976308,4.94040268562102,0.0
1658214000,cloamy,2022,0.3738813961047434,0.4356656160445992,48.0,12.0,SMARTER,7,0.0,38.84609994155954,7.976539558735554,4.71830645976308,5.092187855867824,0.0
1658300400,cloamy,2022,0.5538111176018644,0.4356656160445992,48.0,12.0,SMARTER,7,0.0,38.84609994155954,9.031637030513592,4.71830645976308,5.272117577364945,0.0
1658386800,cloamy,2022,0.6935429482542312,0.4356656160445992,48.0,12.0,SMARTER,7,59.54672726667265,38.84609994155954,8.523521442036436,4.71830645976308,5.411849408017312,0.0
1687590000,cloamy,2023,-0.539084549173886,0.0,48.0,12.0,SMARTER,7,0.0,0.0,6.3387606045021405,4.71830645976308,4.19153461212607,0.0
1687676400,cloamy,2023,-0.4188834911994428,0.0,48.0,12.0,SMARTER,7,0.0,0.0,7.077332335884068,4.71830645976308,4.299422968563637,0.0
1687762800,cloamy,2023,-0.3104684848472073,0.0,48.0,12.0,SMARTER,7,0.0,0.0,6.229180911248416,4.71830645976308,4.407837974915873,0.0
1687849200,cloamy,2023,-0.1767235507506548,0.0,48.0,12.0,SMARTER,7,0.0,0.0,7.717627618312005,4.71830645976308,4.541582909012425,0.0
1687935600,cloamy,2023,-0.0319597497797609,0.0,48.0,12.0,SMARTER,7,0.0,0.0,8.190146658736474,4.71830645976308,4.68634670998332,0.0
1688022000,cloamy,2023,0.0165120689790191,0.0,48.0,12.0,SMARTER,7,0.0,0.0,2.6534944981591777,4.71830645976308,4.7348185287421,0.0
1688108400,cloamy,2023,0.1570074866503908,0.0,48.0,12.0,SMARTER,7,9.420449199023452,0.0,7.811921140444205,4.71830645976308,4.875313946413471,0.0
1688194800,cloamy,2023,0.0613945649476509,0.1570074866503908,48.0,12.0,SMARTER,7,0.0,9.420449199023452,2.989408376370308,4.71830645976308,4.782398763012589,0.0
1688281200,cloamy,2023,0.1067294009231055,0.1570074866503908,48.0,12.0,SMARTER,7,0.0,9.420449199023452,3.628606534620321,4.71830645976308,4.825035860686186,0.0
1688367600,cloamy,2023,0.2031757661235689,0.1570074866503908,48.0,12.0,SMARTER,7,0.0,9.420449199023452,5.9091258835011,4.71830645976308,4.921482225886649,0.0
1688454000,cloamy,2023,0.3143661051391209,0.1570074866503908,48.0,12.0,SMARTER,7,0.0,9.420449199023452,6.621532339824514,4.71830645976308,5.032672564902201,0.0
1688540400,cloamy,2023,0.4171683452355648,0.1570074866503908,48.0,12.0,SMARTER,7,0.0,9.420449199023452,6.395412175418061,4.71830645976308,5.135474804998645,0.0
1688626800,cloamy,2023,0.5249245433970992,0.1570074866503908,48.0,12.0,SMARTER,7,0.0,9.420449199023452,7.492344925936937,4.71830645976308,5.243231003160179,5.0
1688713200,cloamy,2023,0.5687323140189202,0.1570074866503908,48.0,12.0,SMARTER,7,36.0080286809399,9.420449199023452,3.3788724562330463,4.71830645976308,5.287038773782,0.0
1688799600,cloamy,2023,0.0061778003366056,0.5687323140189202,48.0,12.0,SMARTER,7,0.0,36.0080286809399,6.518921569415171,4.71830645976308,4.845068305633243,0.0
1688886000,cloamy,2023,0.0089998706353412,0.5687323140189202,48.0,12.0,SMARTER,7,0.0,36.0080286809399,7.0675670514600375,4.71830645976308,4.753269923591501,0.0
1688972400,cloamy,2023,0.0960305442102419,0.5687323140189202,48.0,12.0,SMARTER,7,0.0,36.0080286809399,6.961944041187434,4.71830645976308,4.814337003973322,0.0
1689058800,cloamy,2023,0.2137849690316156,0.5687323140189202,48.0,12.0,SMARTER,7,0.0,36.0080286809399,7.523781176422247,4.71830645976308,4.932091428794696,0.0
1689145200,cloamy,2023,0.3492592840020016,0.5687323140189202,48.0,12.0,SMARTER,7,0.0,36.0080286809399,7.806608352298979,4.71830645976308,5.067565743765082,0.0
1689231600,cloamy,2023,0.4868416098252381,0.5687323140189202,48.0,12.0,SMARTER,7,0.0,36.0080286809399,7.714035948667738,4.71830645976308,5.205148069588319,22.8
1689318000,cloamy,2023,0.4648916586277762,0.5687323140189202,48.0,12.0,SMARTER,7,36.602377125698304,36.0080286809399,2.9961159428327533,4.71830645976308,5.183198118390856,0.0
1689404400,cloamy,2023,-0.1390680051114657,0.4648916586277762,48.0,12.0,SMARTER,7,0.0,36.602377125698304,5.390782029334142,4.71830645976308,4.761001052024633,0.0
1689490800,cloamy,2023,-0.1604831629081137,0.4648916586277762,48.0,12.0,SMARTER,7,0.0,36.602377125698304,7.109056997180415,4.71830645976308,4.616883612270737,0.0
1689577200,cloamy,2023,-0.0746542905477891,0.4648916586277762,48.0,12.0,SMARTER,7,0.0,36.602377125698304,6.608581357186508,4.71830645976308,4.650747608552766,0.0
1689663600,cloamy,2023,0.0558602404126991,0.4648916586277762,48.0,12.0,SMARTER,7,0.0,36.602377125698304,7.500311698248804,4.71830645976308,4.77416670017578,0.0
1689750000,cloamy,2023,0.1918697457045796,0.4648916586277762,48.0,12.0,SMARTER,7,0.0,36.602377125698304,7.063404491828016,4.71830645976308,4.91017620546766,0.0
1689836400,cloamy,2023,0.3626328609118995,0.4648916586277762,48.0,12.0,SMARTER,7,0.0,36.602377125698304,7.949048805371062,4.71830645976308,5.08093932067498,0.0
1689922800,cloamy,2023,0.4937244768134057,0.4648916586277762,48.0,12.0,SMARTER,7,43.91104612036938,36.602377125698304,6.202164075023188,4.71830645976308,5.212030936576486,0.0
1719212400,cloamy,2024,-0.7277099686709797,0.0,48.0,12.0,SMARTER,7,0.0,0.0,1.5856569477409397,4.71830645976308,4.011544503075186,5.8
1719298800,cloamy,2024,-0.7600971887895867,0.0,48.0,12.0,SMARTER,7,0.0,0.0,1.643019943771474,4.71830645976308,3.963930725769115,12.6
1719385200,cloamy,2024,-0.771227074458572,0.0,48.0,12.0,SMARTER,7,0.0,0.0,3.7360647761286776,4.71830645976308,3.956418239170192,1.0
1719471600,cloamy,2024,-0.7936887397458832,0.0,48.0,12.0,SMARTER,7,0.0,0.0,3.283058105037508,4.71830645976308,3.9263387035691,0.0
1719558000,cloamy,2024,-0.6803658614957193,0.0,48.0,12.0,SMARTER,7,0.0,0.0,8.105450401178516,4.71830645976308,4.037940598267361,0.0
1719644400,cloamy,2024,-0.5702120956549183,0.0,48.0,12.0,SMARTER,7,0.0,0.0,6.855392222915658,4.71830645976308,4.148094364108162,0.0
1719730800,cloamy,2024,-0.4554907658404779,0.0,48.0,12.0,SMARTER,7,0.0,0.0,6.275478723242181,4.71830645976308,4.262815693922603,0.0
1719817200,cloamy,2024,-0.2771199659992714,-0.4554907658404779,48.0,12.0,SMARTER,7,0.0,0.0,9.008052630760128,4.71830645976308,4.441186493763809,0.0
1719903600,cloamy,2024,-0.1439966687887696,-0.4554907658404779,48.0,12.0,SMARTER,7,0.0,0.0,6.40343719338403,4.71830645976308,4.574309790974311,0.0
1719990000,cloamy,2024,0.0014237591941592,-0.4554907658404779,48.0,12.0,SMARTER,7,0.0,0.0,6.828302846826217,4.71830645976308,4.719730218957239,0.0
1720076400,cloamy,2024,0.0798961332816897,-0.4554907658404779,48.0,12.0,SMARTER,7,0.0,0.0,3.501203041998366,4.71830645976308,4.79820259304477,0.0
1720162800,cloamy,2024,0.177416869421688,-0.4554907658404779,48.0,12.0,SMARTER,7,0.0,0.0,4.110755932356144,4.71830645976308,4.895723329184769,0.0
1720249200,cloamy,2024,0.3386700358084956,-0.4554907658404779,48.0,12.0,SMARTER,7,0.0,0.0,7.570021332731803,4.71830645976308,5.056976495571576,0.0
1720335600,cloamy,2024,0.4710770661366594,-0.4554907658404779,48.0,12.0,SMARTER,7,50.1281807285425,0.0,8.236770338981968,4.71830645976308,5.18938352589974,0.0
1720422000,cloamy,2024,-0.273214405412401,0.4710770661366594,48.0,12.0,SMARTER,7,0.0,50.1281807285425,3.5751601774979624,4.71830645976308,4.633747776832448,0.0
1720508400,cloamy,2024,-0.3578203865566546,0.4710770661366594,48.0,12.0,SMARTER,7,0.0,50.1281807285425,6.021523561190189,4.71830645976308,4.439677866714761,1.0
1720594800,cloamy,2024,-0.2819417115442809,0.4710770661366594,48.0,12.0,SMARTER,7,0.0,50.1281807285425,6.408995121084742,4.71830645976308,4.451014996880156,0.0
1720681200,cloamy,2024,-0.1643261203117432,0.4710770661366594,48.0,12.0,SMARTER,7,0.0,50.1281807285425,7.100145056634385,4.71830645976308,4.553980339451337,0.0
1720767600,cloamy,2024,-0.0087200475285256,0.4710770661366594,48.0,12.0,SMARTER,7,0.0,50.1281807285425,8.417233027045325,4.71830645976308,4.709586412234555,0.0
1720854000,cloamy,2024,0.1880272832511108,0.4710770661366594,48.0,12.0,SMARTER,7,0.0,50.1281807285425,9.478835789843243,4.71830645976308,4.906333743014191,0.0
1720940400,cloamy,2024,0.3740263361511951,0.4710770661366594,48.0,12.0,SMARTER,7,49.95806172305456,50.1281807285425,8.65408688020589,4.71830645976308,5.092332795914276,0.0
1721026800,cloamy,2024,-0.253591930813098,0.3740263361511951,48.0,12.0,SMARTER,7,0.0,49.95806172305456,8.038553013013921,4.71830645976308,4.689559226820244,0.0
1721113200,cloamy,2024,-0.2991134946646221,0.3740263361511951,48.0,12.0,SMARTER,7,0.0,49.95806172305456,8.079175888672749,4.71830645976308,4.511977869114819,0.0
1721199600,cloamy,2024,-0.1423411522493272,0.3740263361511951,48.0,12.0,SMARTER,7,0.0,49.95806172305456,9.89638188136864,4.71830645976308,4.58718424269735,0.0
1721286000,cloamy,2024,0.0140615207860948,0.3740263361511951,48.0,12.0,SMARTER,7,0.0,49.95806172305456,8.856197692783795,4.71830645976308,4.732367980549175,0.0
1721372400,cloamy,2024,0.1829055619612707,0.3740263361511951,48.0,12.0,SMARTER,7,0.0,49.95806172305456,8.59349226880255,4.71830645976308,4.901212021724351,0.0
1721458800,cloamy,2024,0.3236364051891574,0.3740263361511951,48.0,12.0,SMARTER,7,0.0,49.95806172305456,6.5994601364997925,4.71830645976308,5.0419428649522375,0.0
1721545200,cloamy,2024,0.459822063773284,0.3740263361511951,48.0,12.0,SMARTER,7,59.59412141419424,49.95806172305456,6.35886520949269,4.71830645976308,5.1781285235363645,0.0
1626073200,cloamy,2021,0.1933104572369712,0.0,36.0,9.0,SMARTER,5,0.0,0.0,8.171899400888595,4.71830645976308,4.9131850305149785,0.0
1626159600,cloamy,2021,0.2943385943573209,0.0,36.0,9.0,SMARTER,5,0.0,0.0,7.307248568315713,4.71830645976308,5.0126450541204015,49.2
1626246000,cloamy,2021,-0.1693835457819025,0.0,36.0,9.0,SMARTER,5,0.0,0.0,3.7200181370317593,4.71830645976308,4.579982803535819,0.0
1626332400,cloamy,2021,-0.197933324874563,0.0,36.0,9.0,SMARTER,5,0.0,0.0,6.588938290136868,4.71830645976308,4.521953253935267,0.0
1626418800,cloamy,2021,-0.1763023565197413,0.0,36.0,9.0,SMARTER,5,0.0,0.0,4.2070949143533625,4.71830645976308,4.542004103243339,10.8
1626505200,cloamy,2021,-0.2607828252718353,-0.1763023565197413,36.0,9.0,SMARTER,5,0.0,0.0,1.7206288405645938,4.71830645976308,4.457552117248498,0.8
1626591600,cloamy,2021,-0.2829357783911354,-0.1763023565197413,36.0,9.0,SMARTER,5,0.0,0.0,2.339819333016992,4.71830645976308,4.4353706813719445,0.0
1626678000,cloamy,2021,-0.1972620869789565,-0.1763023565197413,36.0,9.0,SMARTER,5,0.0,0.0,5.542148180411579,4.71830645976308,4.521044372784123,0.0
1626764400,cloamy,2021,-0.0605481434029326,-0.1763023565197413,36.0,9.0,SMARTER,5,0.0,0.0,6.336708517861463,4.71830645976308,4.657758316360147,0.0
1626850800,cloamy,2021,0.1403412312738126,-0.1763023565197413,36.0,9.0,SMARTER,5,12.662240242032262,0.0,7.723088615724408,4.71830645976308,4.858647691036893,0.0
1626937200,cloamy,2021,0.0895015847235108,0.1403412312738126,36.0,9.0,SMARTER,5,0.0,12.662240242032262,6.384988487195638,4.71830645976308,4.829280690114229,0.0
1627023600,cloamy,2021,0.2029898947198672,0.1403412312738126,36.0,9.0,SMARTER,5,0.0,12.662240242032262,6.724001721462045,4.71830645976308,4.921296354482948,0.0
1627110000,cloamy,2021,0.3294045966330355,0.1403412312738126,36.0,9.0,SMARTER,5,0.0,12.662240242032262,6.639604206034317,4.71830645976308,5.047711056396116,0.0
1627196400,cloamy,2021,0.4467472366081414,0.1403412312738126,36.0,9.0,SMARTER,5,0.0,12.662240242032262,6.068344799075018,4.71830645976308,5.1650536963712215,0.0
1627282800,cloamy,2021,0.5215529041013163,0.1403412312738126,36.0,9.0,SMARTER,5,31.07983660073424,12.662240242032262,3.7441148307248353,4.71830645976308,5.239859363864396,0.0
1627369200,cloamy,2021,0.0736251865609439,0.5215529041013163,36.0,9.0,SMARTER,5,0.0,31.07983660073424,5.25782491390273,4.71830645976308,4.917205904536143,1.0
1627455600,cloamy,2021,-0.0117989691756168,0.5215529041013163,36.0,9.0,SMARTER,5,0.0,31.07983660073424,4.067188753317478,4.71830645976308,4.7433796091790565,0.0
1627542000,cloamy,2021,0.018755145415925,0.5215529041013163,36.0,9.0,SMARTER,5,0.0,31.07983660073424,5.501441403272102,4.71830645976308,4.739495836256372,0.0
1627628400,cloamy,2021,0.1266161950180835,0.5215529041013163,36.0,9.0,SMARTER,5,0.0,31.07983660073424,7.363960029273559,4.71830645976308,4.844922654781164,0.0
1627714800,cloamy,2021,0.2746028165091349,0.5215529041013163,36.0,9.0,SMARTER,5,24.66105879599792,31.07983660073424,8.127164249908118,4.71830645976308,4.992909276272215,0.0
1627801200,cloamy,2021,-0.0159055645308933,0.2746028165091349,36.0,9.0,SMARTER,5,0.0,24.66105879599792,7.011084171391055,4.71830645976308,4.830679984428589,9.0
1627887600,cloamy,2021,-0.06484727890306,0.2746028165091349,36.0,9.0,SMARTER,5,0.0,24.66105879599792,7.304828236834061,4.71830645976308,4.690643787499995,0.0
1627974000,cloamy,2021,-0.0112406166581765,0.2746028165091349,36.0,9.0,SMARTER,5,0.0,24.66105879599792,7.320018177389831,4.71830645976308,4.708461392132751,0.0
1628060400,cloamy,2021,0.1114062148381753,0.2746028165091349,36.0,9.0,SMARTER,5,0.0,24.66105879599792,8.239496207860649,4.71830645976308,4.829712674601256,0.0
1628146800,cloamy,2021,0.188137154073167,0.2746028165091349,36.0,9.0,SMARTER,5,23.241529334961577,24.66105879599792,4.198759507591638,4.71830645976308,4.906443613836247,0.0
1628233200,cloamy,2021,-0.0285401015290401,0.188137154073167,36.0,9.0,SMARTER,5,0.0,23.241529334961577,8.25634687060054,4.71830645976308,4.793358629953284,0.0
1628319600,cloamy,2021,0.0010433251080791,0.188137154073167,36.0,9.0,SMARTER,5,0.0,23.241529334961577,7.823891414052509,4.71830645976308,4.7395080523095245,0.0
1628406000,cloamy,2021,0.077219932592383,0.188137154073167,36.0,9.0,SMARTER,5,0.0,23.241529334961577,6.805842568347599,4.71830645976308,4.795526392355463,0.0
1628492400,cloamy,2021,0.2155072850730827,0.188137154073167,36.0,9.0,SMARTER,5,0.0,23.241529334961577,8.235329351972808,4.71830645976308,4.933813744836163,0.0
1656054000,cloamy,2022,-0.3327021008855885,0.0,36.0,9.0,SMARTER,5,0.0,0.0,5.717907755951627,4.71830645976308,4.399516561812163,0.0
1656140400,cloamy,2022,-0.2076307366061126,0.0,36.0,9.0,SMARTER,5,0.0,0.0,9.203948870710636,4.71830645976308,4.510675723156967,0.0
1656226800,cloamy,2022,-0.068537291420511,0.0,36.0,9.0,SMARTER,5,0.0,0.0,9.569797117975432,4.71830645976308,4.649769168342569,0.0
1656313200,cloamy,2022,0.0650412484793357,0.0,36.0,9.0,SMARTER,5,0.0,0.0,8.693094774412245,4.71830645976308,4.783347708242416,0.0
1656399600,cloamy,2022,0.1828122648760416,0.0,36.0,9.0,SMARTER,5,8.226551919421876,0.0,7.460713537351751,4.71830645976308,4.901118724639122,1.6
1656486000,cloamy,2022,0.0915540208456002,0.1828122648760416,36.0,9.0,SMARTER,5,0.0,8.226551919421876,1.8323231735051733,4.71830645976308,4.812774489036346,0.0
1656572400,cloamy,2022,0.1808114061206025,0.1828122648760416,36.0,9.0,SMARTER,5,0.0,8.226551919421876,6.425725286268609,4.71830645976308,4.8991178658836825,0.0
1656658800,cloamy,2022,0.3056132191014413,0.1828122648760416,36.0,9.0,SMARTER,5,0.0,8.226551919421876,8.481182130641368,4.71830645976308,5.023919678864521,0.0
1656745200,cloamy,2022,0.4505115375029799,0.1828122648760416,36.0,9.0,SMARTER,5,0.0,8.226551919421876,9.684100900879589,4.71830645976308,5.16881799726606,0.0
1656831600,cloamy,2022,0.5570498670569041,0.1828122648760416,36.0,9.0,SMARTER,5,26.712554401445058,8.226551919421876,7.875822878948619,4.71830645976308,5.275356326819985,0.0
1656918000,cloamy,2022,0.2070755024296469,0.5570498670569041,36.0,9.0,SMARTER,5,0.0,26.712554401445058,8.846129638751195,4.71830645976308,4.999463016861808,0.0
1657004400,cloamy,2022,0.2594572282282058,0.5570498670569041,36.0,9.0,SMARTER,5,0.0,26.712554401445058,8.353871892123982,4.71830645976308,4.9819510991852525,0.0
1657090800,cloamy,2022,0.355805406587847,0.5570498670569041,36.0,9.0,SMARTER,5,0.0,26.712554401445058,8.10868026961472,4.71830645976308,5.074111866350927,0.0
1657177200,cloamy,2022,0.429287268624356,0.5570498670569041,36.0,9.0,SMARTER,5,0.0,26.712554401445058,5.27960920736311,4.71830645976308,5.147593728387436,11.6
1657263600,cloamy,2022,0.5343108398288748,0.5570498670569041,36.0,9.0,SMARTER,5,30.70274697969588,26.712554401445058,7.275206390354677,4.71830645976308,5.252617299591955,0.0
1657350000,cloamy,2022,0.0625608755611043,0.5343108398288748,36.0,9.0,SMARTER,5,0.0,30.70274697969588,7.121172904786319,4.71830645976308,4.910553274574292,0.0
1657436400,cloamy,2022,0.0780179160715734,0.5343108398288748,36.0,9.0,SMARTER,5,0.0,30.70274697969588,7.612583271961939,4.71830645976308,4.822641469826664,0.0
1657522800,cloamy,2022,0.1853395670267965,0.5343108398288748,36.0,9.0,SMARTER,5,0.0,30.70274697969588,8.472336750464112,4.71830645976308,4.903646026789877,0.0
1657609200,cloamy,2022,0.296000734817176,0.5343108398288748,36.0,9.0,SMARTER,5,0.0,30.70274697969588,7.487993037508327,4.71830645976308,5.014307194580256,0.0
1657695600,cloamy,2022,0.3890791748433094,0.5343108398288748,36.0,9.0,SMARTER,5,28.97611961380531,30.70274697969588,5.439558555641069,4.71830645976308,5.1073856346063895,0.0
1657782000,cloamy,2022,0.061520521357209,0.3890791748433094,36.0,9.0,SMARTER,5,0.0,28.97611961380531,8.254676604732598,4.71830645976308,4.898875161408159,0.0
1657868400,cloamy,2022,0.14794312547357,0.3890791748433094,36.0,9.0,SMARTER,5,0.0,28.97611961380531,9.447916516172471,4.71830645976308,4.885145289308291,0.0
1657954800,cloamy,2022,0.2810884126440975,0.3890791748433094,36.0,9.0,SMARTER,5,0.0,28.97611961380531,8.968687582898376,4.71830645976308,4.999394872407178,0.0
1658041200,cloamy,2022,0.4063019631678318,0.3890791748433094,36.0,9.0,SMARTER,5,0.0,28.97611961380531,7.701644419417017,4.71830645976308,5.124608422930912,0.0
1658127600,cloamy,2022,0.536166097270763,0.3890791748433094,36.0,9.0,SMARTER,5,39.0967436966305,28.97611961380531,7.236620092977568,4.71830645976308,5.254472557033844,0.0
1658214000,cloamy,2022,0.018297531165458,0.536166097270763,36.0,9.0,SMARTER,5,0.0,39.0967436966305,7.976539558735554,4.71830645976308,4.897869929586426,0.0
1658300400,cloamy,2022,0.0116333071599772,0.536166097270763,36.0,9.0,SMARTER,5,0.0,39.0967436966305,9.031637030513592,4.71830645976308,4.775634671518549,0.0
1658386800,cloamy,2022,0.1344819201210817,0.536166097270763,36.0,9.0,SMARTER,5,0.0,39.0967436966305,8.523521442036436,4.71830645976308,4.854030987616482,0.0
1687590000,cloamy,2023,-0.539084549173886,0.0,36.0,9.0,SMARTER,5,0.0,0.0,6.3387606045021405,4.71830645976308,4.19153461212607,0.0
1687676400,cloamy,2023,-0.4188834911994428,0.0,36.0,9.0,SMARTER,5,0.0,0.0,7.077332335884068,4.71830645976308,4.299422968563637,0.0
1687762800,cloamy,2023,-0.3104684848472073,0.0,36.0,9.0,SMARTER,5,0.0,0.0,6.229180911248416,4.71830645976308,4.407837974915873,0.0
1687849200,cloamy,2023,-0.1767235507506548,0.0,36.0,9.0,SMARTER,5,0.0,0.0,7.717627618312005,4.71830645976308,4.541582909012425,0.0
1687935600,cloamy,2023,-0.0319597497797609,0.0,36.0,9.0,SMARTER,5,0.0,0.0,8.190146658736474,4.71830645976308,4.68634670998332,0.0
1688022000,cloamy,2023,0.0165120689790191,-0.0319597497797609,36.0,9.0,SMARTER,5,0.0,0.0,2.6534944981591777,4.71830645976308,4.7348185287421,0.0
1688108400,cloamy,2023,0.1570074866503908,-0.0319597497797609,36.0,9.0,SMARTER,5,0.0,0.0,7.811921140444205,4.71830645976308,4.875313946413471,0.0
1688194800,cloamy,2023,0.2106608845928601,-0.0319597497797609,36.0,9.0,SMARTER,5,0.0,0.0,2.989408376370308,4.71830645976308,4.92896734435594,0.0
1688281200,cloamy,2023,0.2755870680735697,-0.0319597497797609,36.0,9.0,SMARTER,5,0.0,0.0,3.628606534620321,4.71830645976308,4.99389352783665,0.0
1688367600,cloamy,2023,0.3770230093931589,-0.0319597497797609,36.0,9.0,SMARTER,5,18.116586414763542,0.0,5.9091258835011,4.71830645976308,5.095329469156239,0.0
1688454000,cloamy,2023,0.1676274908767052,0.3770230093931589,36.0,9.0,SMARTER,5,0.0,18.116586414763542,6.621532339824514,4.71830645976308,4.916759273334749,0.0
1688540400,cloamy,2023,0.2350918385414188,0.3770230093931589,36.0,9.0,SMARTER,5,0.0,18.116586414763542,6.395412175418061,4.71830645976308,4.953398298304499,0.0
1688626800,cloamy,2023,0.3447960741647956,0.3770230093931589,36.0,9.0,SMARTER,5,0.0,18.116586414763542,7.492344925936937,4.71830645976308,5.063102533927876,5.0
1688713200,cloamy,2023,0.3933854597808283,0.3770230093931589,36.0,9.0,SMARTER,5,0.0,18.116586414763542,3.3788724562330463,4.71830645976308,5.111691919543909,0.0
1688799600,cloamy,2023,0.4925796601040227,0.3770230093931589,36.0,9.0,SMARTER,5,26.70984278129085,18.116586414763542,6.518921569415171,4.71830645976308,5.210886119867103,0.0
1688886000,cloamy,2023,0.1266786256761729,0.4925796601040227,36.0,9.0,SMARTER,5,0.0,26.70984278129085,7.0675670514600375,4.71830645976308,4.933600330417585,0.0
1688972400,cloamy,2023,0.1658953562062888,0.4925796601040227,36.0,9.0,SMARTER,5,0.0,26.70984278129085,6.961944041187434,4.71830645976308,4.894855049578926,0.0
1689058800,cloamy,2023,0.2690111914616837,0.4925796601040227,36.0,9.0,SMARTER,5,0.0,26.70984278129085,7.523781176422247,4.71830645976308,4.987317651224764,0.0
1689145200,cloamy,2023,0.3911857081717972,0.4925796601040227,36.0,9.0,SMARTER,5,0.0,26.70984278129085,7.806608352298979,4.71830645976308,5.109492167934877,0.0
1689231600,cloamy,2023,0.5186550550848285,0.4925796601040227,36.0,9.0,SMARTER,5,32.31645249636331,26.70984278129085,7.714035948667738,4.71830645976308,5.236961514847908,22.8
1689318000,cloamy,2023,-0.1443325932661806,0.5186550550848285,36.0,9.0,SMARTER,5,0.0,32.31645249636331,2.9961159428327533,4.71830645976308,4.754904989324963,0.0
1689404400,cloamy,2023,-0.1989361903359953,0.5186550550848285,36.0,9.0,SMARTER,5,0.0,32.31645249636331,5.390782029334142,4.71830645976308,4.580966680701772,0.0
1689490800,cloamy,2023,-0.1022632108553102,0.5186550550848285,36.0,9.0,SMARTER,5,0.0,32.31645249636331,7.109056997180415,4.71830645976308,4.623432424974887,0.0
1689577200,cloamy,2023,0.0093290610065375,0.5186550550848285,36.0,9.0,SMARTER,5,0.0,32.31645249636331,6.608581357186508,4.71830645976308,4.727635520769618,0.0
1689663600,cloamy,2023,0.1552798704734882,0.5186550550848285,36.0,9.0,SMARTER,5,20.63246468461646,32.31645249636331,7.500311698248804,4.71830645976308,4.873586330236568,0.0
1689750000,cloamy,2023,-0.0196540072854222,0.1552798704734882,36.0,9.0,SMARTER,5,0.0,20.63246468461646,7.063404491828016,4.71830645976308,4.781730316311822,0.0
1689836400,cloamy,2023,0.0938920620427028,0.1552798704734882,36.0,9.0,SMARTER,5,0.0,20.63246468461646,7.949048805371062,4.71830645976308,4.82276066133348,0.0
1689922800,cloamy,2023,0.193147669865917,0.1552798704734882,36.0,9.0,SMARTER,5,0.0,20.63246468461646,6.202164075023188,4.71830645976308,4.911454129628997,0.0
1719212400,cloamy,2024,-0.7277099686709797,0.0,36.0,9.0,SMARTER,5,0.0,0.0,1.5856569477409397,4.71830645976308,4.011544503075186,5.8
1719298800,cloamy,2024,-0.7600971887895867,0.0,36.0,9.0,SMARTER,5,0.0,0.0,1.643019943771474,4.71830645976308,3.963930725769115,12.6
1719385200,cloamy,2024,-0.771227074458572,0.0,36.0,9.0,SMARTER,5,0.0,0.0,3.7360647761286776,4.71830645976308,3.956418239170192,1.0
1719471600,cloamy,2024,-0.7936887397458832,0.0,36.0,9.0,SMARTER,5,0.0,0.0,3.283058105037508,4.71830645976308,3.9263387035691,0.0
1719558000,cloamy,2024,-0.6803658614957193,0.0,36.0,9.0,SMARTER,5,0.0,0.0,8.105450401178516,4.71830645976308,4.037940598267361,0.0
1719644400,cloamy,2024,-0.5702120956549183,-0.6803658614957193,36.0,9.0,SMARTER,5,0.0,0.0,6.855392222915658,4.71830645976308,4.148094364108162,0.0
1719730800,cloamy,2024,-0.4554907658404779,-0.6803658614957193,36.0,9.0,SMARTER,5,0.0,0.0,6.275478723242181,4.71830645976308,4.262815693922603,0.0
1719817200,cloamy,2024,-0.2771199659992714,-0.6803658614957193,36.0,9.0,SMARTER,5,0.0,0.0,9.008052630760128,4.71830645976308,4.441186493763809,0.0
1719903600,cloamy,2024,-0.1439966687887696,-0.6803658614957193,36.0,9.0,SMARTER,5,0.0,0.0,6.40343719338403,4.71830645976308,4.574309790974311,0.0
1719990000,cloamy,2024,0.0014237591941592,-0.6803658614957193,36.0,9.0,SMARTER,5,24.55724017758306,0.0,6.828302846826217,4.71830645976308,4.719730218957239,0.0
1720076400,cloamy,2024,-0.3059016584826872,0.0014237591941592,36.0,9.0,SMARTER,5,0.0,24.55724017758306,3.501203041998366,4.71830645976308,4.488486440333742,0.0
1720162800,cloamy,2024,-0.2735476735788053,0.0014237591941592,36.0,9.0,SMARTER,5,0.0,24.55724017758306,4.110755932356144,4.71830645976308,4.455554194438885,0.0
1720249200,cloamy,2024,-0.1472587417500977,0.0014237591941592,36.0,9.0,SMARTER,5,0.0,24.55724017758306,7.570021332731803,4.71830645976308,4.571047718012983,0.0
1720335600,cloamy,2024,-0.0039815285053458,0.0014237591941592,36.0,9.0,SMARTER,5,0.0,24.55724017758306,8.236770338981968,4.71830645976308,4.714324931257734,0.0
1720422000,cloamy,2024,0.0623211259640391,0.0014237591941592,36.0,9.0,SMARTER,5,27.31043551497509,24.55724017758306,3.5751601774979624,4.71830645976308,4.780627585727119,0.0
1720508400,cloamy,2024,-0.2426909158717371,0.0623211259640391,36.0,9.0,SMARTER,5,0.0,27.31043551497509,6.021523561190189,4.71830645976308,4.595411359179571,1.0
1720594800,cloamy,2024,-0.2075008571912087,0.0623211259640391,36.0,9.0,SMARTER,5,0.0,27.31043551497509,6.408995121084742,4.71830645976308,4.53924575160992,0.0
1720681200,cloamy,2024,-0.10841592588495,0.0623211259640391,36.0,9.0,SMARTER,5,0.0,27.31043551497509,7.100145056634385,4.71830645976308,4.609927566699219,0.0
1720767600,cloamy,2024,0.0365575105572853,0.0623211259640391,36.0,9.0,SMARTER,5,0.0,27.31043551497509,8.417233027045325,4.71830645976308,4.754863970320366,0.0
1720854000,cloamy,2024,0.2202567790756922,0.0623211259640391,36.0,9.0,SMARTER,5,34.97843003867583,27.31043551497509,9.478835789843243,4.71830645976308,4.938563238838772,0.0
1720940400,cloamy,2024,-0.1648162343456114,0.2202567790756922,36.0,9.0,SMARTER,5,0.0,34.97843003867583,8.65408688020589,4.71830645976308,4.706587425038628,0.0
1721026800,cloamy,2024,-0.1272735186662372,0.2202567790756922,36.0,9.0,SMARTER,5,0.0,34.97843003867583,8.038553013013921,4.71830645976308,4.63269521714467,0.0
1721113200,cloamy,2024,-0.0101813404912463,0.2202567790756922,36.0,9.0,SMARTER,5,0.0,34.97843003867583,8.079175888672749,4.71830645976308,4.709114728647877,0.0
1721199600,cloamy,2024,0.1686799993469319,0.2202567790756922,36.0,9.0,SMARTER,5,0.0,34.97843003867583,9.89638188136864,4.71830645976308,4.8869864591100125,0.0
1721286000,cloamy,2024,0.344161918115785,0.2202567790756922,36.0,9.0,SMARTER,5,42.53647230716124,34.97843003867583,8.856197692783795,4.71830645976308,5.062468377878865,0.0
1721372400,cloamy,2024,-0.1675594375200871,0.344161918115785,36.0,9.0,SMARTER,5,0.0,42.53647230716124,8.59349226880255,4.71830645976308,4.747622550679259,0.0
1721458800,cloamy,2024,-0.2066383716249099,0.344161918115785,36.0,9.0,SMARTER,5,0.0,42.53647230716124,6.5994601364997925,4.71830645976308,4.585139173036566,0.0
1721545200,cloamy,2024,-0.1232306078484131,0.344161918115785,36.0,9.0,SMARTER,5,0.0,42.53647230716124,6.35886520949269,4.71830645976308,4.606166792002397,0.0
1626073200,cloamy,2021,0.1933104572369712,0.0,24.0,6.0,SMARTER,3,0.0,0.0,8.171899400888595,4.71830645976308,4.9131850305149785,0.0
1626159600,cloamy,2021,0.2943385943573209,0.0,24.0,6.0,SMARTER,3,0.0,0.0,7.307248568315713,4.71830645976308,5.0126450541204015,49.2
1626246000,cloamy,2021,-0.1693835457819025,0.0,24.0,6.0,SMARTER,3,0.0,0.0,3.7200181370317593,4.71830645976308,4.579982803535819,0.0
1626332400,cloamy,2021,-0.197933324874563,-0.1693835457819025,24.0,6.0,SMARTER,3,0.0,0.0,6.588938290136868,4.71830645976308,4.521953253935267,0.0
1626418800,cloamy,2021,-0.1763023565197413,-0.1693835457819025,24.0,6.0,SMARTER,3,0.0,0.0,4.2070949143533625,4.71830645976308,4.542004103243339,10.8
1626505200,cloamy,2021,-0.2607828252718353,-0.1693835457819025,24.0,6.0,SMARTER,3,0.0,0.0,1.7206288405645938,4.71830645976308,4.457552117248498,0.8
1626591600,cloamy,2021,-0.2829357783911354,-0.2607828252718353,24.0,6.0,SMARTER,3,0.0,0.0,2.339819333016992,4.71830645976308,4.4353706813719445,0.0
1626678000,cloamy,2021,-0.1972620869789565,-0.2607828252718353,24.0,6.0,SMARTER,3,0.0,0.0,5.542148180411579,4.71830645976308,4.521044372784123,0.0
1626764400,cloamy,2021,-0.0605481434029326,-0.2607828252718353,24.0,6.0,SMARTER,3,4.442343504436067,0.0,6.336708517861463,4.71830645976308,4.657758316360147,0.0
1626850800,cloamy,2021,0.0651030876476618,-0.0605481434029326,24.0,6.0,SMARTER,3,0.0,4.442343504436067,7.723088615724408,4.71830645976308,4.783409547410742,0.0
1626937200,cloamy,2021,0.2207020209521232,-0.0605481434029326,24.0,6.0,SMARTER,3,0.0,4.442343504436067,6.384988487195638,4.71830645976308,4.939008480715204,0.0
1627023600,cloamy,2021,0.381184459892998,-0.0605481434029326,24.0,6.0,SMARTER,3,17.33103274289639,4.442343504436067,6.724001721462045,4.71830645976308,5.099490919656079,0.0
1627110000,cloamy,2021,0.2059644645665632,0.381184459892998,24.0,6.0,SMARTER,3,0.0,17.33103274289639,6.639604206034317,4.71830645976308,4.969245420138355,0.0
1627196400,cloamy,2021,0.2463176536011053,0.381184459892998,24.0,6.0,SMARTER,3,0.0,17.33103274289639,6.068344799075018,4.71830645976308,4.966114577262317,0.0
1627282800,cloamy,2021,0.2916683039981766,0.381184459892998,24.0,6.0,SMARTER,3,16.932654825409738,17.33103274289639,3.7441148307248353,4.71830645976308,5.009974763761257,0.0
1627369200,cloamy,2021,0.1007530900603377,0.2916683039981766,24.0,6.0,SMARTER,3,0.0,16.932654825409738,5.25782491390273,4.71830645976308,4.888214216262268,1.0
1627455600,cloamy,2021,0.0867404017874128,0.2916683039981766,24.0,6.0,SMARTER,3,0.0,16.932654825409738,4.067188753317478,4.71830645976308,4.818343176274617,0.0
1627542000,cloamy,2021,0.1397550596675757,0.2916683039981766,24.0,6.0,SMARTER,3,14.125267319480772,16.932654825409738,5.501441403272102,4.71830645976308,4.858061519430656,0.0
1627628400,cloamy,2021,0.030136315035096,0.1397550596675757,24.0,6.0,SMARTER,3,0.0,14.125267319480772,7.363960029273559,4.71830645976308,4.807893126304116,0.0
1627714800,cloamy,2021,0.0928358664327641,0.1397550596675757,24.0,6.0,SMARTER,3,0.0,14.125267319480772,8.127164249908118,4.71830645976308,4.817255730516977,0.0
1627801200,cloamy,2021,0.1842757022789255,0.1397550596675757,24.0,6.0,SMARTER,3,16.29941695582672,14.125267319480772,7.011084171391055,4.71830645976308,4.902582162042005,9.0
1627887600,cloamy,2021,-0.0239403161656465,0.1842757022789255,24.0,6.0,SMARTER,3,0.0,16.29941695582672,7.304828236834061,4.71830645976308,4.781800065132113,0.0
1627974000,cloamy,2021,-0.0156283453322052,0.1842757022789255,24.0,6.0,SMARTER,3,0.0,16.29941695582672,7.320018177389831,4.71830645976308,4.720261208800048,0.0
1628060400,cloamy,2021,0.0761554601823109,0.1842757022789255,24.0,6.0,SMARTER,3,14.161463906601837,16.29941695582672,8.239496207860649,4.71830645976308,4.794461919945391,0.0
1628146800,cloamy,2021,-0.081294334780833,0.0761554601823109,24.0,6.0,SMARTER,3,0.0,14.161463906601837,4.198759507591638,4.71830645976308,4.705000028198138,0.0
1628233200,cloamy,2021,-0.0064741571836834,0.0761554601823109,24.0,6.0,SMARTER,3,0.0,14.161463906601837,8.25634687060054,4.71830645976308,4.720132556781479,0.0
1628319600,cloamy,2021,0.104446097406527,0.0761554601823109,24.0,6.0,SMARTER,3,15.467115784422186,14.161463906601837,7.823891414052509,4.71830645976308,4.822752557169608,0.0
1628406000,cloamy,2021,-0.0199540311101584,0.104446097406527,24.0,6.0,SMARTER,3,0.0,15.467115784422186,6.805842568347599,4.71830645976308,4.76319507097704,0.0
1628492400,cloamy,2021,0.0532041172723341,0.104446097406527,24.0,6.0,SMARTER,3,0.0,15.467115784422186,8.235329351972808,4.71830645976308,4.778959780394905,0.0
1656054000,cloamy,2022,-0.3327021008855885,0.0,24.0,6.0,SMARTER,3,0.0,0.0,5.717907755951627,4.71830645976308,4.399516561812163,0.0
1656140400,cloamy,2022,-0.2076307366061126,0.0,24.0,6.0,SMARTER,3,0.0,0.0,9.203948870710636,4.71830645976308,4.510675723156967,0.0
1656226800,cloamy,2022,-0.068537291420511,0.0,24.0,6.0,SMARTER,3,0.0,0.0,9.569797117975432,4.71830645976308,4.649769168342569,0.0
1656313200,cloamy,2022,0.0650412484793357,-0.068537291420511,24.0,6.0,SMARTER,3,0.0,0.0,8.693094774412245,4.71830645976308,4.783347708242416,0.0
1656399600,cloamy,2022,0.1828122648760416,-0.068537291420511,24.0,6.0,SMARTER,3,0.0,0.0,7.460713537351751,4.71830645976308,4.901118724639122,1.6
1656486000,cloamy,2022,0.2177142994295618,-0.068537291420511,24.0,6.0,SMARTER,3,8.176323976979118,0.0,1.8323231735051733,4.71830645976308,4.936020759192642,0.0
1656572400,cloamy,2022,0.1987504694270647,0.2177142994295618,24.0,6.0,SMARTER,3,0.0,8.176323976979118,6.425725286268609,4.71830645976308,4.91810763974603,0.0
1656658800,cloamy,2022,0.3135222717108097,0.2177142994295618,24.0,6.0,SMARTER,3,0.0,8.176323976979118,8.481182130641368,4.71830645976308,5.03182873147389,0.0
1656745200,cloamy,2022,0.4520214184979731,0.2177142994295618,24.0,6.0,SMARTER,3,16.51182334560883,8.176323976979118,9.684100900879589,4.71830645976308,5.1703278782610536,0.0
1656831600,cloamy,2022,0.2778455730102003,0.4520214184979731,24.0,6.0,SMARTER,3,0.0,16.51182334560883,7.875822878948619,4.71830645976308,5.0272981601468985,0.0
1656918000,cloamy,2022,0.3691714228163649,0.4520214184979731,24.0,6.0,SMARTER,3,0.0,16.51182334560883,8.846129638751195,4.71830645976308,5.087477882579445,0.0
1657004400,cloamy,2022,0.4758154363235653,0.4520214184979731,24.0,6.0,SMARTER,3,19.937772391364437,16.51182334560883,8.353871892123982,4.71830645976308,5.194121896086646,0.0
1657090800,cloamy,2022,0.2450797544528521,0.4758154363235653,24.0,6.0,SMARTER,3,0.0,19.937772391364437,8.10868026961472,4.71830645976308,5.022647450208815,0.0
1657177200,cloamy,2022,0.2664627327987637,0.4758154363235653,24.0,6.0,SMARTER,3,0.0,19.937772391364437,5.27960920736311,4.71830645976308,4.988319859090701,11.6
1657263600,cloamy,2022,0.3362517941737963,0.4758154363235653,24.0,6.0,SMARTER,3,18.60575574481276,19.937772391364437,7.275206390354677,4.71830645976308,5.054558253936877,0.0
1657350000,cloamy,2022,0.0980718428111516,0.3362517941737963,24.0,6.0,SMARTER,3,0.0,18.60575574481276,7.121172904786319,4.71830645976308,4.902156536451434,0.0
1657436400,cloamy,2022,0.1542002722191703,0.3362517941737963,24.0,6.0,SMARTER,3,0.0,18.60575574481276,7.612583271961939,4.71830645976308,4.884188681526452,0.0
1657522800,cloamy,2022,0.2663006269509896,0.3362517941737963,24.0,6.0,SMARTER,3,18.52473149317133,18.60575574481276,8.472336750464112,4.71830645976308,4.98460708671407,0.0
1657609200,cloamy,2022,0.0865974853363798,0.2663006269509896,24.0,6.0,SMARTER,3,0.0,18.52473149317133,7.487993037508327,4.71830645976308,4.883492656481918,0.0
1657695600,cloamy,2022,0.1228671838928292,0.2663006269509896,24.0,6.0,SMARTER,3,0.0,18.52473149317133,5.439558555641069,4.71830645976308,4.853166079948196,0.0
1657782000,cloamy,2022,0.2425855944830158,0.2663006269509896,24.0,6.0,SMARTER,3,19.411084280838057,18.52473149317133,8.254676604732598,4.71830645976308,4.960892054246096,0.0
1657868400,cloamy,2022,0.0975047044069406,0.2425855944830158,24.0,6.0,SMARTER,3,0.0,19.411084280838057,9.447916516172471,4.71830645976308,4.896338147838537,0.0
1657954800,cloamy,2022,0.2036156382297548,0.2425855944830158,24.0,6.0,SMARTER,3,0.0,19.411084280838057,8.968687582898376,4.71830645976308,4.9305893169237285,0.0
1658041200,cloamy,2022,0.3172260536743594,0.2425855944830158,24.0,6.0,SMARTER,3,23.105811623476463,19.411084280838057,7.701644419417017,4.71830645976308,5.03553251343744,0.0
1658127600,cloamy,2022,0.062495137372548,0.3172260536743594,24.0,6.0,SMARTER,3,0.0,23.105811623476463,7.236620092977568,4.71830645976308,4.8904853804028745,0.0
1658214000,cloamy,2022,0.1349144817164304,0.3172260536743594,24.0,6.0,SMARTER,3,0.0,23.105811623476463,7.976539558735554,4.71830645976308,4.870733850832632,0.0
1658300400,cloamy,2022,0.2767709191883261,0.3172260536743594,24.0,6.0,SMARTER,3,23.795513910941622,23.105811623476463,9.031637030513592,4.71830645976308,4.995077378951407,0.0
1658386800,cloamy,2022,0.0392865636789833,0.2767709191883261,24.0,6.0,SMARTER,3,0.0,23.795513910941622,8.523521442036436,4.71830645976308,4.873351695329482,0.0
1687590000,cloamy,2023,-0.539084549173886,0.0,24.0,6.0,SMARTER,3,0.0,0.0,6.3387606045021405,4.71830645976308,4.19153461212607,0.0
1687676400,cloamy,2023,-0.4188834911994428,0.0,24.0,6.0,SMARTER,3,0.0,0.0,7.077332335884068,4.71830645976308,4.299422968563637,0.0
1687762800,cloamy,2023,-0.3104684848472073,0.0,24.0,6.0,SMARTER,3,0.0,0.0,6.229180911248416,4.71830645976308,4.407837974915873,0.0
1687849200,cloamy,2023,-0.1767235507506548,-0.3104684848472073,24.0,6.0,SMARTER,3,0.0,0.0,7.717627618312005,4.71830645976308,4.541582909012425,0.0
1687935600,cloamy,2023,-0.0319597497797609,-0.3104684848472073,24.0,6.0,SMARTER,3,0.0,0.0,8.190146658736474,4.71830645976308,4.68634670998332,0.0
1688022000,cloamy,2023,0.0165120689790191,-0.3104684848472073,24.0,6.0,SMARTER,3,7.946605705703551,0.0,2.6534944981591777,4.71830645976308,4.7348185287421,0.0
1688108400,cloamy,2023,0.0355033000985184,0.0165120689790191,24.0,6.0,SMARTER,3,0.0,7.946605705703551,7.811921140444205,4.71830645976308,4.754629851324432,0.0
1688194800,cloamy,2023,0.072030207318236,0.0165120689790191,24.0,6.0,SMARTER,3,0.0,7.946605705703551,2.989408376370308,4.71830645976308,4.790336667081316,0.0
1688281200,cloamy,2023,0.1282489972838835,0.0165120689790191,24.0,6.0,SMARTER,3,11.397785968723598,7.946605705703551,3.628606534620321,4.71830645976308,4.846555457046963,0.0
1688367600,cloamy,2023,0.0490406103956276,0.1282489972838835,24.0,6.0,SMARTER,3,0.0,11.397785968723598,5.9091258835011,4.71830645976308,4.78487800536622,0.0
1688454000,cloamy,2023,0.1343164496103899,0.1282489972838835,24.0,6.0,SMARTER,3,0.0,11.397785968723598,6.621532339824514,4.71830645976308,4.85262290937347,0.0
1688540400,cloamy,2023,0.2296767172373294,0.1282489972838835,24.0,6.0,SMARTER,3,15.21011155103028,11.397785968723598,6.395412175418061,4.71830645976308,4.94798317700041,0.0
1688626800,cloamy,2023,0.1041085483648345,0.2296767172373294,24.0,6.0,SMARTER,3,0.0,15.21011155103028,7.492344925936937,4.71830645976308,4.860651612970806,5.0
1688713200,cloamy,2023,0.1020404758741314,0.2296767172373294,24.0,6.0,SMARTER,3,0.0,15.21011155103028,3.3788724562330463,4.71830645976308,4.824788250688266,0.0
1688799600,cloamy,2023,0.1863776747672071,0.2296767172373294,24.0,6.0,SMARTER,3,15.289200580350586,15.21011155103028,6.518921569415171,4.71830645976308,4.904684134530287,0.0
1688886000,cloamy,2023,0.0583345655945176,0.1863776747672071,24.0,6.0,SMARTER,3,0.0,15.289200580350586,7.0675670514600375,4.71830645976308,4.829421205162441,0.0
1688972400,cloamy,2023,0.1329135347632768,0.1863776747672071,24.0,6.0,SMARTER,3,0.0,15.289200580350586,6.961944041187434,4.71830645976308,4.854149328828723,0.0
1689058800,cloamy,2023,0.2421507371719499,0.1863776747672071,24.0,6.0,SMARTER,3,18.080658501096117,15.289200580350586,7.523781176422247,4.71830645976308,4.96045719693503,0.0
1689145200,cloamy,2023,0.0816792692019713,0.2421507371719499,24.0,6.0,SMARTER,3,0.0,18.080658501096117,7.806608352298979,4.71830645976308,4.867949092357912,0.0
1689231600,cloamy,2023,0.1634693082742159,0.2421507371719499,24.0,6.0,SMARTER,3,0.0,18.080658501096117,7.714035948667738,4.71830645976308,4.887658124617749,22.8
1689318000,cloamy,2023,0.0579317770224878,0.2421507371719499,24.0,6.0,SMARTER,3,14.006994119643949,18.080658501096117,2.9961159428327533,4.71830645976308,4.795964473989894,0.0
1689404400,cloamy,2023,-0.1224922285669367,0.0579317770224878,24.0,6.0,SMARTER,3,0.0,14.006994119643949,5.390782029334142,4.71830645976308,4.687268803022407,0.0
1689490800,cloamy,2023,-0.0467344027059371,0.0579317770224878,24.0,6.0,SMARTER,3,0.0,14.006994119643949,7.109056997180415,4.71830645976308,4.6889475553507145,0.0
1689577200,cloamy,2023,0.0559938868177245,0.0579317770224878,24.0,6.0,SMARTER,3,14.296448075635976,14.006994119643949,6.608581357186508,4.71830645976308,4.774300346580805,0.0
1689663600,cloamy,2023,-0.0209992160004115,0.0559938868177245,24.0,6.0,SMARTER,3,0.0,14.296448075635976,7.500311698248804,4.71830645976308,4.757437883907637,0.0
1689750000,cloamy,2023,0.0784592455184919,0.0559938868177245,24.0,6.0,SMARTER,3,0.0,14.296448075635976,7.063404491828016,4.71830645976308,4.803059159070053,0.0
1689836400,cloamy,2023,0.2178674794279796,0.0559938868177245,24.0,6.0,SMARTER,3,19.488619174849976,14.296448075635976,7.949048805371062,4.71830645976308,4.93617393919106,0.0
1689922800,cloamy,2023,0.0266934151190453,0.2178674794279796,24.0,6.0,SMARTER,3,0.0,19.488619174849976,6.202164075023188,4.71830645976308,4.831315124129069,0.0
1719212400,cloamy,2024,-0.7277099686709797,0.0,24.0,6.0,SMARTER,3,0.0,0.0,1.5856569477409397,4.71830645976308,4.011544503075186,5.8
1719298800,cloamy,2024,-0.7600971887895867,0.0,24.0,6.0,SMARTER,3,0.0,0.0,1.643019943771474,4.71830645976308,3.963930725769115,12.6
1719385200,cloamy,2024,-0.771227074458572,0.0,24.0,6.0,SMARTER,3,0.0,0.0,3.7360647761286776,4.71830645976308,3.956418239170192,1.0
1719471600,cloamy,2024,-0.7936887397458832,-0.771227074458572,24.0,6.0,SMARTER,3,0.0,0.0,3.283058105037508,4.71830645976308,3.9263387035691,0.0
1719558000,cloamy,2024,-0.6803658614957193,-0.771227074458572,24.0,6.0,SMARTER,3,0.0,0.0,8.105450401178516,4.71830645976308,4.037940598267361,0.0
1719644400,cloamy,2024,-0.5702120956549183,-0.771227074458572,24.0,6.0,SMARTER,3,0.0,0.0,6.855392222915658,4.71830645976308,4.148094364108162,0.0
1719730800,cloamy,2024,-0.4554907658404779,-0.5702120956549183,24.0,6.0,SMARTER,3,0.0,0.0,6.275478723242181,4.71830645976308,4.262815693922603,0.0
1719817200,cloamy,2024,-0.2771199659992714,-0.5702120956549183,24.0,6.0,SMARTER,3,0.0,0.0,9.008052630760128,4.71830645976308,4.441186493763809,0.0
1719903600,cloamy,2024,-0.1439966687887696,-0.5702120956549183,24.0,6.0,SMARTER,3,9.36519023205495,0.0,6.40343719338403,4.71830645976308,4.574309790974311,0.0
1719990000,cloamy,2024,-0.1444624284131381,-0.1439966687887696,24.0,6.0,SMARTER,3,0.0,9.36519023205495,6.828302846826217,4.71830645976308,4.576988754553327,0.0
1720076400,cloamy,2024,-0.0879167574388527,-0.1439966687887696,24.0,6.0,SMARTER,3,0.0,9.36519023205495,3.501203041998366,4.71830645976308,4.630389702324227,0.0
1720162800,cloamy,2024,-0.0063472248757066,-0.1439966687887696,24.0,6.0,SMARTER,3,12.63069353671422,9.36519023205495,4.110755932356144,4.71830645976308,4.711959234887374,0.0
1720249200,cloamy,2024,-0.0536821312459856,-0.0063472248757066,24.0,6.0,SMARTER,3,0.0,12.63069353671422,7.570021332731803,4.71830645976308,4.688298706951156,0.0
1720335600,cloamy,2024,0.0685096626250075,-0.0063472248757066,24.0,6.0,SMARTER,3,0.0,12.63069353671422,8.236770338981968,4.71830645976308,4.786816122388088,0.0
1720422000,cloamy,2024,0.1234254372982591,-0.0063472248757066,24.0,6.0,SMARTER,3,16.485790052678954,12.63069353671422,3.5751601774979624,4.71830645976308,4.841731897061339,0.0
1720508400,cloamy,2024,-0.0306580065656585,0.1234254372982591,24.0,6.0,SMARTER,3,0.0,16.485790052678954,6.021523561190189,4.71830645976308,4.740997827717021,1.0
1720594800,cloamy,2024,0.0351826491635759,0.1234254372982591,24.0,6.0,SMARTER,3,0.0,16.485790052678954,6.408995121084742,4.71830645976308,4.757088356138567,0.0
1720681200,cloamy,2024,0.145105438671782,0.1234254372982591,24.0,6.0,SMARTER,3,17.876742717674194,16.485790052678954,7.100145056634385,4.71830645976308,4.863411898434863,0.0
1720767600,cloamy,2024,0.012103572100356,0.145105438671782,24.0,6.0,SMARTER,3,0.0,17.876742717674194,8.417233027045325,4.71830645976308,4.7975714162156775,0.0
1720854000,cloamy,2024,0.1360362635064926,0.145105438671782,24.0,6.0,SMARTER,3,0.0,17.876742717674194,9.478835789843243,4.71830645976308,4.858589792050625,0.0
1720940400,cloamy,2024,0.2702130409814035,0.145105438671782,24.0,6.0,SMARTER,3,22.500603418993528,17.876742717674194,8.65408688020589,4.71830645976308,4.988519500744483,0.0
1721026800,cloamy,2024,0.0440391217689647,0.2702130409814035,24.0,6.0,SMARTER,3,0.0,22.500603418993528,8.038553013013921,4.71830645976308,4.85717638295238,0.0
1721113200,cloamy,2024,0.1264889535619719,0.2702130409814035,24.0,6.0,SMARTER,3,0.0,22.500603418993528,8.079175888672749,4.71830645976308,4.857774629829376,0.0
1721199600,cloamy,2024,0.2826791999449128,0.2702130409814035,24.0,6.0,SMARTER,3,24.495866433787228,22.500603418993528,9.89638188136864,4.71830645976308,5.000985659707993,0.0
1721286000,cloamy,2024,0.0394362480320828,0.2826791999449128,24.0,6.0,SMARTER,3,0.0,24.495866433787228,8.856197692783795,4.71830645976308,4.870819874377252,0.0
1721372400,cloamy,2024,0.1240595462289994,0.2826791999449128,24.0,6.0,SMARTER,3,0.0,24.495866433787228,8.59349226880255,4.71830645976308,4.860243100913566,0.0
1721458800,cloamy,2024,0.2184279021119381,0.2826791999449128,24.0,6.0,SMARTER,3,24.26440269846746,24.495866433787228,6.5994601364997925,4.71830645976308,4.936734361875018,0.0
1721545200,cloamy,2024,-0.0589566077483533,0.2184279021119381,24.0,6.0,SMARTER,3,0.0,24.26440269846746,6.35886520949269,4.71830645976308,4.7921207180466965,0.0
1626073200,cloamy,2021,0.1933104572369712,0.0,18.0,4.5,SMARTER,2,0.0,0.0,8.171899400888595,4.71830645976308,4.9131850305149785,0.0
1626159600,cloamy,2021,0.2943385943573209,0.0,18.0,4.5,SMARTER,2,6.62261837303972,0.0,7.307248568315713,4.71830645976308,5.0126450541204015,49.2
1626246000,cloamy,2021,-0.3156400987253283,0.2943385943573209,18.0,4.5,SMARTER,2,0.0,6.62261837303972,3.7200181370317593,4.71830645976308,4.477743253510758,0.0
1626332400,cloamy,2021,-0.3662119751924121,0.2943385943573209,18.0,4.5,SMARTER,2,0.0,6.62261837303972,6.588938290136868,4.71830645976308,4.370579138047715,0.0
1626418800,cloamy,2021,-0.3548513638519187,-0.3662119751924121,18.0,4.5,SMARTER,2,0.0,0.0,4.2070949143533625,4.71830645976308,4.363726334998502,10.8
1626505200,cloamy,2021,-0.4504056217432383,-0.3662119751924121,18.0,4.5,SMARTER,2,0.0,0.0,1.7206288405645938,4.71830645976308,4.273993712295495,0.8
1626591600,cloamy,2021,-0.4740166308629444,-0.4504056217432383,18.0,4.5,SMARTER,2,0.0,0.0,2.339819333016992,4.71830645976308,4.244289828900135,0.0
1626678000,cloamy,2021,-0.3908999993805686,-0.4504056217432383,18.0,4.5,SMARTER,2,0.0,0.0,5.542148180411579,4.71830645976308,4.327406460382512,0.0
1626764400,cloamy,2021,-0.2520324852495245,-0.3908999993805686,18.0,4.5,SMARTER,2,0.0,0.0,6.336708517861463,4.71830645976308,4.466273974513555,0.0
1626850800,cloamy,2021,-0.0476668130675189,-0.3908999993805686,18.0,4.5,SMARTER,2,5.963696694831058,0.0,7.723088615724408,4.71830645976308,4.6706396466955615,0.0
1626937200,cloamy,2021,0.037941149550623,-0.0476668130675189,18.0,4.5,SMARTER,2,0.0,5.963696694831058,6.384988487195638,4.71830645976308,4.756488260281929,0.0
1627023600,cloamy,2021,0.2061438289050284,-0.0476668130675189,18.0,4.5,SMARTER,2,11.459935480409538,5.963696694831058,6.724001721462045,4.71830645976308,4.924450288668108,0.0
1627110000,cloamy,2021,0.157961157473827,0.2061438289050284,18.0,4.5,SMARTER,2,0.0,11.459935480409538,6.639604206034317,4.71830645976308,4.898263990140725,0.0
1627196400,cloamy,2021,0.2383379925036792,0.2061438289050284,18.0,4.5,SMARTER,2,13.11195139145181,11.459935480409538,6.068344799075018,4.71830645976308,4.95664445226676,0.0
1627282800,cloamy,2021,0.081001804642897,0.2383379925036792,18.0,4.5,SMARTER,2,0.0,13.11195139145181,3.7441148307248353,4.71830645976308,4.848043155483514,0.0
1627369200,cloamy,2021,0.1150503671271581,0.2383379925036792,18.0,4.5,SMARTER,2,11.410500786746644,13.11195139145181,5.25782491390273,4.71830645976308,4.837764507329817,1.0
1627455600,cloamy,2021,-0.0190932666432158,0.1150503671271581,18.0,4.5,SMARTER,2,0.0,11.410500786746644,4.067188753317478,4.71830645976308,4.756339156062737,0.0
1627542000,cloamy,2021,0.0112623883403745,0.1150503671271581,18.0,4.5,SMARTER,2,9.592997916116223,11.410500786746644,5.501441403272102,4.71830645976308,4.737974952178506,0.0
1627628400,cloamy,2021,-0.0366325066736422,0.0112623883403745,18.0,4.5,SMARTER,2,0.0,9.592997916116223,7.363960029273559,4.71830645976308,4.725375395657387,0.0
1627714800,cloamy,2021,0.0479372429058454,0.0112623883403745,18.0,4.5,SMARTER,2,10.468862891371003,9.592997916116223,8.127164249908118,4.71830645976308,4.768371083736687,0.0
1627801200,cloamy,2021,-0.0162509030178089,0.0479372429058454,18.0,4.5,SMARTER,2,0.0,10.468862891371003,7.011084171391055,4.71830645976308,4.750916319448775,9.0
1627887600,cloamy,2021,-0.0019935206830553,0.0479372429058454,18.0,4.5,SMARTER,2,9.56113830369704,10.468862891371003,7.304828236834061,4.71830645976308,4.729095176113338,0.0
1627974000,cloamy,2021,-0.0734039607204176,-0.0019935206830553,18.0,4.5,SMARTER,2,0.0,9.56113830369704,7.320018177389831,4.71830645976308,4.694292178369531,0.0
1628060400,cloamy,2021,0.0019502698396064,-0.0019935206830553,18.0,4.5,SMARTER,2,9.640902747383182,9.56113830369704,8.239496207860649,4.71830645976308,4.724008594903044,0.0
1628146800,cloamy,2021,-0.0937885378139779,0.0019502698396064,18.0,4.5,SMARTER,2,0.0,9.640902747383182,4.198759507591638,4.71830645976308,4.670097377834535,0.0
1628233200,cloamy,2021,0.0017452007478023,0.0019502698396064,18.0,4.5,SMARTER,2,9.64506490709582,9.640902747383182,8.25634687060054,4.71830645976308,4.722257001329784,0.0
1628319600,cloamy,2021,-0.0275815749540334,0.0017452007478023,18.0,4.5,SMARTER,2,0.0,9.64506490709582,7.823891414052509,4.71830645976308,4.728158294846265,0.0
1628406000,cloamy,2021,0.0502973530279798,0.0017452007478023,18.0,4.5,SMARTER,2,10.74534173676492,9.64506490709582,6.805842568347599,4.71830645976308,4.769972828710258,0.0
1628492400,cloamy,2021,0.0119238167609687,0.0502973530279798,18.0,4.5,SMARTER,2,0.0,10.74534173676492,8.235329351972808,4.71830645976308,4.771522983522488,0.0
1656054000,cloamy,2022,-0.3327021008855885,0.0,18.0,4.5,SMARTER,2,0.0,0.0,5.717907755951627,4.71830645976308,4.399516561812163,0.0
1656140400,cloamy,2022,-0.2076307366061126,0.0,18.0,4.5,SMARTER,2,0.0,0.0,9.203948870710636,4.71830645976308,4.510675723156967,0.0
1656226800,cloamy,2022,-0.068537291420511,-0.2076307366061126,18.0,4.5,SMARTER,2,0.0,0.0,9.569797117975432,4.71830645976308,4.649769168342569,0.0
1656313200,cloamy,2022,0.0650412484793357,-0.2076307366061126,18.0,4.5,SMARTER,2,5.200781349695081,0.0,8.693094774412245,4.71830645976308,4.783347708242416,0.0
1656399600,cloamy,2022,0.1097949150877365,0.0650412484793357,18.0,4.5,SMARTER,2,0.0,5.200781349695081,7.460713537351751,4.71830645976308,4.828101374850816,1.6
1656486000,cloamy,2022,0.1337932448416257,0.0650412484793357,18.0,4.5,SMARTER,2,7.040386886003616,5.200781349695081,1.8323231735051733,4.71830645976308,4.852099704604706,0.0
1656572400,cloamy,2022,0.1274751219087042,0.1337932448416257,18.0,4.5,SMARTER,2,0.0,7.040386886003616,6.425725286268609,4.71830645976308,4.84957051270383,0.0
1656658800,cloamy,2022,0.2398580067356011,0.1337932448416257,18.0,4.5,SMARTER,2,10.02891363040538,7.040386886003616,8.481182130641368,4.71830645976308,4.9581644664986815,0.0
1656745200,cloamy,2022,0.2225950387758075,0.2398580067356011,18.0,4.5,SMARTER,2,0.0,10.02891363040538,9.684100900879589,4.71830645976308,4.954510648178313,0.0
1656831600,cloamy,2022,0.3125534415595551,0.2398580067356011,18.0,4.5,SMARTER,2,12.743921944254549,10.02891363040538,7.875822878948619,4.71830645976308,5.030859901322636,0.0
1656918000,cloamy,2022,0.2263044965763956,0.3125534415595551,18.0,4.5,SMARTER,2,0.0,12.743921944254549,8.846129638751195,4.71830645976308,4.974533783492931,0.0
1657004400,cloamy,2022,0.3144000116230918,0.3125534415595551,18.0,4.5,SMARTER,2,14.19196025770212,12.743921944254549,8.353871892123982,4.71830645976308,5.032706471386172,0.0
1657090800,cloamy,2022,0.1890428366778493,0.3144000116230918,18.0,4.5,SMARTER,2,0.0,14.19196025770212,8.10868026961472,4.71830645976308,4.952478206736417,0.0
1657177200,cloamy,2022,0.2245661382834895,0.3144000116230918,18.0,4.5,SMARTER,2,13.585498159864985,14.19196025770212,5.27960920736311,4.71830645976308,4.944859524438043,11.6
1657263600,cloamy,2022,0.0557709865833531,0.2245661382834895,18.0,4.5,SMARTER,2,0.0,13.585498159864985,7.275206390354677,4.71830645976308,4.849932510966752,0.0
1657350000,cloamy,2022,0.0978995429517616,0.2245661382834895,18.0,4.5,SMARTER,2,11.74604738717681,13.585498159864985,7.121172904786319,4.71830645976308,4.827517468536222,0.0
1657436400,cloamy,2022,0.0184991594028104,0.0978995429517616,18.0,4.5,SMARTER,2,0.0,11.74604738717681,7.612583271961939,4.71830645976308,4.793356122920928,0.0
1657522800,cloamy,2022,0.1177579347732837,0.0978995429517616,18.0,4.5,SMARTER,2,12.633409146443986,11.74604738717681,8.472336750464112,4.71830645976308,4.840173840583888,0.0
1657609200,cloamy,2022,0.0327560897132729,0.1177579347732837,18.0,4.5,SMARTER,2,0.0,12.633409146443986,7.487993037508327,4.71830645976308,4.807154539901022,0.0
1657695600,cloamy,2022,0.0842978707478132,0.1177579347732837,18.0,4.5,SMARTER,2,12.410468412350678,12.633409146443986,5.439558555641069,4.71830645976308,4.809429415342823,0.0
1657782000,cloamy,2022,0.0249522460692177,0.0842978707478132,18.0,4.5,SMARTER,2,0.0,12.410468412350678,8.254676604732598,4.71830645976308,4.798937457966364,0.0
1657868400,cloamy,2022,0.1605587891540565,0.0842978707478132,18.0,4.5,SMARTER,2,14.505679494856311,12.410468412350678,9.447916516172471,4.71830645976308,4.881591512520372,0.0
1657954800,cloamy,2022,0.0812212300183951,0.1605587891540565,18.0,4.5,SMARTER,2,0.0,14.505679494856311,8.968687582898376,4.71830645976308,4.861384248691963,0.0
1658041200,cloamy,2022,0.1768613630561526,0.1605587891540565,18.0,4.5,SMARTER,2,15.595001958846728,14.505679494856311,7.701644419417017,4.71830645976308,4.900591703007718,0.0
1658127600,cloamy,2022,0.0439648834413274,0.1768613630561526,18.0,4.5,SMARTER,2,0.0,15.595001958846728,7.236620092977568,4.71830645976308,4.839547025831883,0.0
1658214000,cloamy,2022,0.1398390670086235,0.1768613630561526,18.0,4.5,SMARTER,2,15.557876431530008,15.595001958846728,7.976539558735554,4.71830645976308,4.867668667057536,0.0
1658300400,cloamy,2022,0.0451298584420386,0.1398390670086235,18.0,4.5,SMARTER,2,0.0,15.557876431530008,9.031637030513592,4.71830645976308,4.841524095715093,0.0
1658386800,cloamy,2022,0.1514903587788097,0.1398390670086235,18.0,4.5,SMARTER,2,16.449306297898005,15.557876431530008,8.523521442036436,4.71830645976308,4.878921927814761,0.0
1687590000,cloamy,2023,-0.539084549173886,0.0,18.0,4.5,SMARTER,2,0.0,0.0,6.3387606045021405,4.71830645976308,4.19153461212607,0.0
1687676400,cloamy,2023,-0.4188834911994428,0.0,18.0,4.5,SMARTER,2,0.0,0.0,7.077332335884068,4.71830645976308,4.299422968563637,0.0
1687762800,cloamy,2023,-0.3104684848472073,-0.4188834911994428,18.0,4.5,SMARTER,2,0.0,0.0,6.229180911248416,4.71830645976308,4.407837974915873,0.0
1687849200,cloamy,2023,-0.1767235507506548,-0.4188834911994428,18.0,4.5,SMARTER,2,3.5636229497002354,0.0,7.717627618312005,4.71830645976308,4.541582909012425,0.0
1687935600,cloamy,2023,-0.0789318037157055,-0.1767235507506548,18.0,4.5,SMARTER,2,0.0,3.5636229497002354,8.190146658736474,4.71830645976308,4.639374656047375,0.0
1688022000,cloamy,2023,-0.0377962770224877,-0.1767235507506548,18.0,4.5,SMARTER,2,5.894230630206049,3.5636229497002354,2.6534944981591777,4.71830645976308,4.680510182740592,0.0
1688108400,cloamy,2023,0.0076001200248376,-0.0377962770224877,18.0,4.5,SMARTER,2,0.0,5.894230630206049,7.811921140444205,4.71830645976308,4.726204099495773,0.0
1688194800,cloamy,2023,0.0443709588490427,-0.0377962770224877,18.0,4.5,SMARTER,2,7.572910190714291,5.894230630206049,2.989408376370308,4.71830645976308,4.762677418612123,0.0
1688281200,cloamy,2023,-0.0138781105190379,0.0443709588490427,18.0,4.5,SMARTER,2,0.0,7.572910190714291,3.628606534620321,4.71830645976308,4.71237555191912,0.0
1688367600,cloamy,2023,0.0682855548365723,0.0443709588490427,18.0,4.5,SMARTER,2,8.310657915254401,7.572910190714291,5.9091258835011,4.71830645976308,4.786592014599653,0.0
1688454000,cloamy,2023,0.0477463733383946,0.0682855548365723,18.0,4.5,SMARTER,2,0.0,8.310657915254401,6.621532339824514,4.71830645976308,4.779089438838126,0.0
1688540400,cloamy,2023,0.1288162174261214,0.0682855548365723,18.0,4.5,SMARTER,2,9.979882820283832,8.310657915254401,6.395412175418061,4.71830645976308,4.847122677189201,0.0
1688626800,cloamy,2023,0.0896003941871852,0.1288162174261214,18.0,4.5,SMARTER,2,0.0,9.979882820283832,7.492344925936937,4.71830645976308,4.8291097291008045,5.0
1688713200,cloamy,2023,0.1013216806134938,0.1288162174261214,18.0,4.5,SMARTER,2,9.940928720417256,9.979882820283832,3.3788724562330463,4.71830645976308,4.820824907637762,0.0
1688799600,cloamy,2023,0.0341803982334346,0.1013216806134938,18.0,4.5,SMARTER,2,0.0,9.940928720417256,6.518921569415171,4.71830645976308,4.785088594585048,0.0
1688886000,cloamy,2023,0.1219208273278039,0.1013216806134938,18.0,4.5,SMARTER,2,10.860357084249957,9.940928720417256,7.0675670514600375,4.71830645976308,4.840378700672791,0.0
1688972400,cloamy,2023,0.0597112618630249,0.1219208273278039,18.0,4.5,SMARTER,2,0.0,10.860357084249957,6.961944041187434,4.71830645976308,4.813566745517159,0.0
1689058800,cloamy,2023,0.1566377625789206,0.1219208273278039,18.0,4.5,SMARTER,2,12.190131850375195,10.860357084249957,7.523781176422247,4.71830645976308,4.875272334035072,0.0
1689145200,cloamy,2023,0.0853974493197813,0.1566377625789206,18.0,4.5,SMARTER,2,0.0,12.190131850375195,7.806608352298979,4.71830645976308,4.846419716361686,0.0
1689231600,cloamy,2023,0.1799133714878448,0.1566377625789206,18.0,4.5,SMARTER,2,13.418702982431135,12.190131850375195,7.714035948667738,4.71830645976308,4.899314200813757,22.8
1689318000,cloamy,2023,-0.1689312382290193,0.1799133714878448,18.0,4.5,SMARTER,2,0.0,13.418702982431135,2.9961159428327533,4.71830645976308,4.660079008920776,0.0
1689404400,cloamy,2023,-0.1564420907021021,0.1799133714878448,18.0,4.5,SMARTER,2,6.660315254852633,13.418702982431135,5.390782029334142,4.71830645976308,4.591540658756031,0.0
1689490800,cloamy,2023,-0.1428955575268463,-0.1564420907021021,18.0,4.5,SMARTER,2,0.0,6.660315254852633,7.109056997180415,4.71830645976308,4.613932855531798,0.0
1689577200,cloamy,2023,-0.0421659549927244,-0.1564420907021021,18.0,4.5,SMARTER,2,8.527538900154171,6.660315254852633,6.608581357186508,4.71830645976308,4.678243752674881,0.0
1689663600,cloamy,2023,-0.0290400327636289,-0.0421659549927244,18.0,4.5,SMARTER,2,0.0,8.527538900154171,7.500311698248804,4.71830645976308,4.718090221395279,0.0
1689750000,cloamy,2023,0.0889344055895036,-0.0421659549927244,18.0,4.5,SMARTER,2,11.287550215787045,8.527538900154171,7.063404491828016,4.71830645976308,4.807317456156206,0.0
1689836400,cloamy,2023,0.0685210929681524,0.0889344055895036,18.0,4.5,SMARTER,2,0.0,11.287550215787045,7.949048805371062,4.71830645976308,4.824783167168054,0.0
1689922800,cloamy,2023,0.1575176997792469,0.0889344055895036,18.0,4.5,SMARTER,2,13.230879160209032,11.287550215787045,6.202164075023188,4.71830645976308,4.876866649347348,0.0
1719212400,cloamy,2024,-0.7277099686709797,0.0,18.0,4.5,SMARTER,2,0.0,0.0,1.5856569477409397,4.71830645976308,4.011544503075186,5.8
1719298800,cloamy,2024,-0.7600971887895867,0.0,18.0,4.5,SMARTER,2,0.0,0.0,1.643019943771474,4.71830645976308,3.963930725769115,12.6
1719385200,cloamy,2024,-0.771227074458572,-0.7600971887895867,18.0,4.5,SMARTER,2,0.0,0.0,3.7360647761286776,4.71830645976308,3.956418239170192,1.0
1719471600,cloamy,2024,-0.7936887397458832,-0.7600971887895867,18.0,4.5,SMARTER,2,0.0,0.0,3.283058105037508,4.71830645976308,3.9263387035691,0.0
1719558000,cloamy,2024,-0.6803658614957193,-0.7936887397458832,18.0,4.5,SMARTER,2,0.0,0.0,8.105450401178516,4.71830645976308,4.037940598267361,0.0
1719644400,cloamy,2024,-0.5702120956549183,-0.7936887397458832,18.0,4.5,SMARTER,2,0.0,0.0,6.855392222915658,4.71830645976308,4.148094364108162,0.0
1719730800,cloamy,2024,-0.4554907658404779,-0.5702120956549183,18.0,4.5,SMARTER,2,0.0,0.0,6.275478723242181,4.71830645976308,4.262815693922603,0.0
1719817200,cloamy,2024,-0.2771199659992714,-0.5702120956549183,18.0,4.5,SMARTER,2,4.0286184868049215,0.0,9.008052630760128,4.71830645976308,4.441186493763809,0.0
1719903600,cloamy,2024,-0.200154313404262,-0.2771199659992714,18.0,4.5,SMARTER,2,0.0,4.0286184868049215,6.40343719338403,4.71830645976308,4.518152146358818,0.0
1719990000,cloamy,2024,-0.066789811215274,-0.2771199659992714,18.0,4.5,SMARTER,2,7.514007122448141,4.0286184868049215,6.828302846826217,4.71830645976308,4.651516648547807,0.0
1720076400,cloamy,2024,-0.1119533547240902,-0.066789811215274,18.0,4.5,SMARTER,2,0.0,7.514007122448141,3.501203041998366,4.71830645976308,4.6090944681041455,0.0
1720162800,cloamy,2024,-0.0405772905784287,-0.066789811215274,18.0,4.5,SMARTER,2,7.8032346863084285,7.514007122448141,4.110755932356144,4.71830645976308,4.677729169184651,0.0
1720249200,cloamy,2024,-0.0136504698938202,-0.0405772905784287,18.0,4.5,SMARTER,2,0.0,7.8032346863084285,7.570021332731803,4.71830645976308,4.712059165360458,0.0
1720335600,cloamy,2024,0.1182210622453299,-0.0405772905784287,18.0,4.5,SMARTER,2,11.193599817240068,7.8032346863084285,8.236770338981968,4.71830645976308,4.83652752200841,0.0
1720422000,cloamy,2024,-0.0020800326141538,0.1182210622453299,18.0,4.5,SMARTER,2,0.0,11.193599817240068,3.5751601774979624,4.71830645976308,4.743294837215813,0.0
1720508400,cloamy,2024,0.073575414144535,0.1182210622453299,18.0,4.5,SMARTER,2,10.72106751507617,11.193599817240068,6.021523561190189,4.71830645976308,4.791881873907616,1.0
1720594800,cloamy,2024,0.0066829884709851,0.073575414144535,18.0,4.5,SMARTER,2,0.0,10.72106751507617,6.408995121084742,4.71830645976308,4.75733852104691,0.0
1720681200,cloamy,2024,0.1004009072323778,0.073575414144535,18.0,4.5,SMARTER,2,11.65573047320304,10.72106751507617,7.100145056634385,4.71830645976308,4.8187879267973575,0.0
1720767600,cloamy,2024,0.058666200833239,0.1004009072323778,18.0,4.5,SMARTER,2,0.0,11.65573047320304,8.417233027045325,4.71830645976308,4.81375918130865,0.0
1720854000,cloamy,2024,0.1948264368660352,0.1004009072323778,18.0,4.5,SMARTER,2,14.232108972506031,11.65573047320304,9.478835789843243,4.71830645976308,4.913147946622989,0.0
1720940400,cloamy,2024,0.1083203438935827,0.1948264368660352,18.0,4.5,SMARTER,2,0.0,14.232108972506031,8.65408688020589,4.71830645976308,4.877323625824086,0.0
1721026800,cloamy,2024,0.2078785695069955,0.1948264368660352,18.0,4.5,SMARTER,2,15.402500922824796,14.232108972506031,8.038553013013921,4.71830645976308,4.927935471776487,0.0
1721113200,cloamy,2024,0.0884587670166986,0.2078785695069955,18.0,4.5,SMARTER,2,0.0,15.402500922824796,8.079175888672749,4.71830645976308,4.870886144665692,0.0
1721199600,cloamy,2024,0.2244545007739412,0.2078785695069955,18.0,4.5,SMARTER,2,16.710912939112557,15.402500922824796,9.89638188136864,4.71830645976308,4.946033949410441,0.0
1721286000,cloamy,2024,0.0983693779003991,0.2244545007739412,18.0,4.5,SMARTER,2,0.0,16.710912939112557,8.856197692783795,4.71830645976308,4.89098802480579,0.0
1721372400,cloamy,2024,0.2032969883514322,0.2244545007739412,18.0,4.5,SMARTER,2,17.244914163088836,16.710912939112557,8.59349226880255,4.71830645976308,4.928881674753751,0.0
1721458800,cloamy,2024,0.0237444947707296,0.2032969883514322,18.0,4.5,SMARTER,2,0.0,17.244914163088836,6.5994601364997925,4.71830645976308,4.834383158672936,0.0
1721545200,cloamy,2024,0.0772621227915358,0.2032969883514322,18.0,4.5,SMARTER,2,15.323966135572611,17.244914163088836,6.35886520949269,4.71830645976308,4.811466521641782,0.0
1626073200,cloamy,2021,0.1933104572369712,0.0,12.0,3.0,SMARTER,1,2.899656858554569,0.0,8.171899400888595,4.71830645976308,4.9131850305149785,0.0
1626159600,cloamy,2021,0.2499660641379502,0.1933104572369712,12.0,3.0,SMARTER,1,4.329422333780167,2.899656858554569,7.307248568315713,4.71830645976308,4.968272523901031,49.2
1626246000,cloamy,2021,-0.3337488946004299,0.2499660641379502,12.0,3.0,SMARTER,1,0.0,4.329422333780167,3.7200181370317593,4.71830645976308,4.459999533756612,0.0
1626332400,cloamy,2021,-0.3829267592921275,-0.3337488946004299,12.0,3.0,SMARTER,1,0.0,0.0,6.588938290136868,4.71830645976308,4.353824927448777,0.0
1626418800,cloamy,2021,-0.371682897941276,-0.3829267592921275,12.0,3.0,SMARTER,1,0.0,0.0,4.2070949143533625,4.71830645976308,4.346884193508353,10.8
1626505200,cloamy,2021,-0.4645785718966336,-0.371682897941276,12.0,3.0,SMARTER,1,0.0,0.0,1.7206288405645938,4.71830645976308,4.259986750708761,0.8
1626591600,cloamy,2021,-0.4884452193473592,-0.4645785718966336,12.0,3.0,SMARTER,1,0.0,0.0,2.339819333016992,4.71830645976308,4.229861240415721,0.0
1626678000,cloamy,2021,-0.4042302996587143,-0.4884452193473592,12.0,3.0,SMARTER,1,0.0,0.0,5.542148180411579,4.71830645976308,4.314076160104366,0.0
1626764400,cloamy,2021,-0.2653963154030974,-0.4042302996587143,12.0,3.0,SMARTER,1,0.8698188648581111,0.0,6.336708517861463,4.71830645976308,4.452910144359983,0.0
1626850800,cloamy,2021,-0.0726150997649517,-0.2653963154030974,12.0,3.0,SMARTER,1,2.9653481532210044,0.8698188648581111,7.723088615724408,4.71830645976308,4.645691359998128,0.0
1626937200,cloamy,2021,0.0616209728160596,-0.0726150997649517,12.0,3.0,SMARTER,1,4.761043942641319,2.9653481532210044,6.384988487195638,4.71830645976308,4.779927432579139,0.0
1627023600,cloamy,2021,0.1575592217583963,0.0616209728160596,12.0,3.0,SMARTER,1,6.384980595224548,4.761043942641319,6.724001721462045,4.71830645976308,4.876103620618822,0.0
1627110000,cloamy,2021,0.1848401703216567,0.1575592217583963,12.0,3.0,SMARTER,1,7.266872488948643,6.384980595224548,6.639604206034317,4.71830645976308,4.91007292548805,0.0
1627196400,cloamy,2021,0.1561488405763177,0.1848401703216567,12.0,3.0,SMARTER,1,7.391023053733528,7.266872488948643,6.068344799075018,4.71830645976308,4.892574953340989,0.0
1627282800,cloamy,2021,0.0671939272471152,0.1561488405763177,12.0,3.0,SMARTER,1,6.525145875524444,7.391023053733528,3.7441148307248353,4.71830645976308,4.815548051862064,0.0
1627369200,cloamy,2021,0.0116211927594303,0.0671939272471152,12.0,3.0,SMARTER,1,5.893136639950516,6.525145875524444,5.25782491390273,4.71830645976308,4.763912611269421,1.0
1627455600,cloamy,2021,-0.0605833415927379,0.0116211927594303,12.0,3.0,SMARTER,1,4.844932202946284,5.893136639950516,4.067188753317478,4.71830645976308,4.695634567614971,0.0
1627542000,cloamy,2021,-0.0890131047824605,-0.0605833415927379,12.0,3.0,SMARTER,1,4.236735730322231,4.844932202946284,5.501441403272102,4.71830645976308,4.660772228433062,0.0
1627628400,cloamy,2021,-0.0689289451145746,-0.0890131047824605,12.0,3.0,SMARTER,1,4.270958810993138,4.236735730322231,7.363960029273559,4.71830645976308,4.670936457055456,0.0
1627714800,cloamy,2021,-0.0272777968837383,-0.0689289451145746,12.0,3.0,SMARTER,1,4.6889391991119584,4.270958810993138,8.127164249908118,4.71830645976308,4.707208783843881,0.0
1627801200,cloamy,2021,-0.0036112056849181,-0.0272777968837383,12.0,3.0,SMARTER,1,4.962104676443047,4.6889391991119584,7.011084171391055,4.71830645976308,4.733499405682808,9.0
1627887600,cloamy,2021,-0.0434562873588992,-0.0036112056849181,12.0,3.0,SMARTER,1,4.353594834278575,4.962104676443047,7.304828236834061,4.71830645976308,4.704438185434105,0.0
1627974000,cloamy,2021,-0.0440586464992417,-0.0434562873588992,12.0,3.0,SMARTER,1,4.21419058509674,4.353594834278575,7.320018177389831,4.71830645976308,4.696598476813256,0.0
1628060400,cloamy,2021,-0.0109523929195228,-0.0440586464992417,12.0,3.0,SMARTER,1,4.578608449294797,4.21419058509674,8.239496207860649,4.71830645976308,4.72378543475538,0.0
1628146800,cloamy,2021,-0.0368417017623656,-0.0109523929195228,12.0,3.0,SMARTER,1,4.157411637893587,4.578608449294797,4.198759507591638,4.71830645976308,4.699893619960257,0.0
1628233200,cloamy,2021,0.0154131707403314,-0.0368417017623656,12.0,3.0,SMARTER,1,4.830709620146946,4.157411637893587,8.25634687060054,4.71830645976308,4.746453462748084,0.0
1628319600,cloamy,2021,0.0513015283555115,0.0154131707403314,12.0,3.0,SMARTER,1,5.415274496595641,4.830709620146946,7.823891414052509,4.71830645976308,4.783507974562226,0.0
1628406000,cloamy,2021,0.0601663588688572,0.0513015283555115,12.0,3.0,SMARTER,1,5.702151539362361,5.415274496595641,6.805842568347599,4.71830645976308,4.796227789877914,0.0
1628492400,cloamy,2021,0.0788300424622151,0.0601663588688572,12.0,3.0,SMARTER,1,6.162605869869301,5.702151539362361,8.235329351972808,4.71830645976308,4.816813470133538,0.0
1656054000,cloamy,2022,-0.3327021008855885,0.0,12.0,3.0,SMARTER,1,0.0,0.0,5.717907755951627,4.71830645976308,4.399516561812163,0.0
1656140400,cloamy,2022,-0.2076307366061126,-0.3327021008855885,12.0,3.0,SMARTER,1,0.8779641615353726,0.0,9.203948870710636,4.71830645976308,4.510675723156967,0.0
1656226800,cloamy,2022,-0.0782568837916423,-0.2076307366061126,12.0,3.0,SMARTER,1,2.1956797439340896,0.8779641615353726,9.569797117975432,4.71830645976308,4.640049575971438,0.0
1656313200,cloamy,2022,0.024851839407421,-0.0782568837916423,12.0,3.0,SMARTER,1,3.507539940545113,2.1956797439340896,8.693094774412245,4.71830645976308,4.743158299170501,0.0
1656399600,cloamy,2022,0.0858248564167556,0.024851839407421,12.0,3.0,SMARTER,1,4.496690713907395,3.507539940545113,7.460713537351751,4.71830645976308,4.804131316179836,1.6
1656486000,cloamy,2022,0.0395507848215719,0.0858248564167556,12.0,3.0,SMARTER,1,4.060054209229907,4.496690713907395,1.8323231735051733,4.71830645976308,4.760074939628629,0.0
1656572400,cloamy,2022,0.067789409668227,0.0395507848215719,12.0,3.0,SMARTER,1,4.602285936394449,4.060054209229907,6.425725286268609,4.71830645976308,4.788551781214529,0.0
1656658800,cloamy,2022,0.1148363481250864,0.067789409668227,12.0,3.0,SMARTER,1,5.5113582422520215,4.602285936394449,8.481182130641368,4.71830645976308,4.8367320520229145,0.0
1656745200,cloamy,2022,0.1640898891250419,0.1148363481250864,12.0,3.0,SMARTER,1,6.5946704016266136,5.5113582422520215,9.684100900879589,4.71830645976308,4.888654836668942,0.0
1656831600,cloamy,2022,0.1611947883826958,0.1640898891250419,12.0,3.0,SMARTER,1,7.043513557866548,6.5946704016266136,7.875822878948619,4.71830645976308,4.892907086590861,0.0
1656918000,cloamy,2022,0.1599172394452587,0.1611947883826958,12.0,3.0,SMARTER,1,7.507934688953078,7.043513557866548,8.846129638751195,4.71830645976308,4.895928076817252,0.0
1657004400,cloamy,2022,0.1421358668724168,0.1599172394452587,12.0,3.0,SMARTER,1,7.720965818696226,7.507934688953078,8.353871892123982,4.71830645976308,4.884184533996097,0.0
1657090800,cloamy,2022,0.1126287036647276,0.1421358668724168,12.0,3.0,SMARTER,1,7.704765971198139,7.720965818696226,8.10868026961472,4.71830645976308,4.860153528918357,0.0
1657177200,cloamy,2022,0.0428499811718578,0.1126287036647276,12.0,3.0,SMARTER,1,6.995971244799274,7.704765971198139,5.27960920736311,4.71830645976308,4.798721841356338,11.6
1657263600,cloamy,2022,-0.0305263825673552,0.0428499811718578,12.0,3.0,SMARTER,1,6.023875732226651,6.995971244799274,7.275206390354677,4.71830645976308,4.748944470742687,0.0
1657350000,cloamy,2022,-0.0743543964066652,-0.0305263825673552,12.0,3.0,SMARTER,1,5.274876376934936,6.023875732226651,7.121172904786319,4.71830645976308,4.691386251501931,0.0
1657436400,cloamy,2022,-0.0619110457922471,-0.0743543964066652,12.0,3.0,SMARTER,1,5.23846344693121,5.274876376934936,7.612583271961939,4.71830645976308,4.69007670169293,0.0
1657522800,cloamy,2022,-0.0198414003852034,-0.0619110457922471,12.0,3.0,SMARTER,1,5.683774990660125,5.23846344693121,8.472336750464112,4.71830645976308,4.723602362228481,0.0
1657609200,cloamy,2022,0.0019165437352761,-0.0198414003852034,12.0,3.0,SMARTER,1,5.950619951311709,5.683774990660125,7.487993037508327,4.71830645976308,4.745017334756405,0.0
1657695600,cloamy,2022,-0.0143857527943227,0.0019165437352761,12.0,3.0,SMARTER,1,5.711835134573554,5.950619951311709,5.439558555641069,4.71830645976308,4.732331716675258,0.0
1657782000,cloamy,2022,0.0265345692456734,-0.0143857527943227,12.0,3.0,SMARTER,1,6.282482706790529,5.711835134573554,8.254676604732598,4.71830645976308,4.769049789801999,0.0
1657868400,cloamy,2022,0.0866980078579469,0.0265345692456734,12.0,3.0,SMARTER,1,7.264537993711652,6.282482706790529,9.447916516172471,4.71830645976308,4.828108645043397,0.0
1657954800,cloamy,2022,0.1166736541451059,0.0866980078579469,12.0,3.0,SMARTER,1,7.974266711592878,7.264537993711652,8.968687582898376,4.71830645976308,4.862429352006051,0.0
1658041200,cloamy,2022,0.1031075720238121,0.1166736541451059,12.0,3.0,SMARTER,1,8.120796442208789,7.974266711592878,7.701644419417017,4.71830645976308,4.856100482629928,0.0
1658127600,cloamy,2022,0.0742545267707479,0.1031075720238121,12.0,3.0,SMARTER,1,7.997323479484263,8.120796442208789,7.236620092977568,4.71830645976308,4.833658568012007,0.0
1658214000,cloamy,2022,0.0622286428855276,0.0742545267707479,12.0,3.0,SMARTER,1,8.039698801518202,7.997323479484263,7.976539558735554,4.71830645976308,4.823409777676533,0.0
1658300400,cloamy,2022,0.0730314493122273,0.0622286428855276,12.0,3.0,SMARTER,1,8.388426826575282,8.039698801518202,9.031637030513592,4.71830645976308,4.834006605809479,0.0
1658386800,cloamy,2022,0.0661282717522451,0.0730314493122273,12.0,3.0,SMARTER,1,8.503973511112232,8.388426826575282,8.523521442036436,4.71830645976308,4.830152212042435,0.0
1687590000,cloamy,2023,-0.539084549173886,0.0,12.0,3.0,SMARTER,1,0.0,0.0,6.3387606045021405,4.71830645976308,4.19153461212607,0.0
1687676400,cloamy,2023,-0.4188834911994428,-0.539084549173886,12.0,3.0,SMARTER,1,0.1857622220949906,0.0,7.077332335884068,4.71830645976308,4.299422968563637,0.0
1687762800,cloamy,2023,-0.3123599945885031,-0.4188834911994428,12.0,3.0,SMARTER,1,0.5269641976607575,0.1857622220949906,6.229180911248416,4.71830645976308,4.405946465174577,0.0
1687849200,cloamy,2023,-0.1847465931229608,-0.3123599945885031,12.0,3.0,SMARTER,1,1.5040852358783816,0.5269641976607575,7.717627618312005,4.71830645976308,4.533559866640119,0.0
1687935600,cloamy,2023,-0.0607437054543343,-0.1847465931229608,12.0,3.0,SMARTER,1,2.8098887715388967,1.5040852358783816,8.190146658736474,4.71830645976308,4.657562754308746,0.0
1688022000,cloamy,2023,-0.0561281074994957,-0.0607437054543343,12.0,3.0,SMARTER,1,2.6968916244984733,2.8098887715388967,2.6534944981591777,4.71830645976308,4.6621783522635845,0.0
1688108400,cloamy,2023,0.033338754763401,-0.0561281074994957,12.0,3.0,SMARTER,1,3.8705102359434376,2.6968916244984733,7.811921140444205,4.71830645976308,4.751645214526481,0.0
1688194800,cloamy,2023,0.0177834599971022,0.033338754763401,12.0,3.0,SMARTER,1,3.73719707873916,3.8705102359434376,2.989408376370308,4.71830645976308,4.736163865903322,0.0
1688281200,cloamy,2023,0.0116203392023955,0.0177834599971022,12.0,3.0,SMARTER,1,3.698100646809865,3.73719707873916,3.628606534620321,4.71830645976308,4.730773928035438,0.0
1688367600,cloamy,2023,0.0457584432684254,0.0116203392023955,12.0,3.0,SMARTER,1,4.245033225407501,3.698100646809865,5.9091258835011,4.71830645976308,4.765167950062553,0.0
1688454000,cloamy,2023,0.0805036542128627,0.0457584432684254,12.0,3.0,SMARTER,1,4.9034867193793366,4.245033225407501,6.621532339824514,4.71830645976308,4.801000554484248,0.0
1688540400,cloamy,2023,0.0951863341221299,0.0805036542128627,12.0,3.0,SMARTER,1,5.365237880656933,4.9034867193793366,6.395412175418061,4.71830645976308,4.818742346423686,0.0
1688626800,cloamy,2023,0.1177872616815362,0.0951863341221299,12.0,3.0,SMARTER,1,5.989810796414417,5.365237880656933,7.492344925936937,4.71830645976308,4.843734891328585,5.0
1688713200,cloamy,2023,0.0376959353605645,0.1177872616815362,12.0,3.0,SMARTER,1,5.141802686644452,5.989810796414417,3.3788724562330463,4.71830645976308,4.776921897771562,0.0
1688799600,cloamy,2023,0.0365183886663766,0.0376959353605645,12.0,3.0,SMARTER,1,5.237227292313327,5.141802686644452,6.518921569415171,4.71830645976308,4.772498981435792,0.0
1688886000,cloamy,2023,0.053888424066894,0.0365183886663766,12.0,3.0,SMARTER,1,5.607332989320219,5.237227292313327,7.0675670514600375,4.71830645976308,4.788304135900098,0.0
1688972400,cloamy,2023,0.0636687556251944,0.053888424066894,12.0,3.0,SMARTER,1,5.915703234895407,5.607332989320219,6.961944041187434,4.71830645976308,4.799706678747962,0.0
1689058800,cloamy,2023,0.0803584000909553,0.0636687556251944,12.0,3.0,SMARTER,1,6.357054168757404,5.915703234895407,7.523781176422247,4.71830645976308,4.817665030494696,0.0
1689145200,cloamy,2023,0.0928061977070283,0.0803584000909553,12.0,3.0,SMARTER,1,6.784846333271365,6.357054168757404,7.806608352298979,4.71830645976308,4.83274488626683,0.0
1689231600,cloamy,2023,0.0934186729145223,0.0928061977070283,12.0,3.0,SMARTER,1,7.07245205450486,6.784846333271365,7.714035948667738,4.71830645976308,4.836511149693068,22.8
1689318000,cloamy,2023,-0.177759592011663,0.0934186729145223,12.0,3.0,SMARTER,1,3.285034099355647,7.07245205450486,2.9961159428327533,4.71830645976308,4.624499039783809,0.0
1689404400,cloamy,2023,-0.1955999404786287,-0.177759592011663,12.0,3.0,SMARTER,1,2.484150096316172,3.285034099355647,5.390782029334142,4.71830645976308,4.56696034634884,0.0
1689490800,cloamy,2023,-0.1255043909235881,-0.1955999404786287,12.0,3.0,SMARTER,1,2.948783518205894,2.484150096316172,7.109056997180415,4.71830645976308,4.609857686096727,0.0
1689577200,cloamy,2023,-0.054513780441818,-0.1255043909235881,12.0,3.0,SMARTER,1,3.637129502661682,2.948783518205894,6.608581357186508,4.71830645976308,4.672713190198945,0.0
1689663600,cloamy,2023,0.0309473940056698,-0.054513780441818,12.0,3.0,SMARTER,1,4.755505778048546,3.637129502661682,7.500311698248804,4.71830645976308,4.755264667166502,0.0
1689750000,cloamy,2023,0.0918945275240268,0.0309473940056698,12.0,3.0,SMARTER,1,5.76255496284091,4.755505778048546,7.063404491828016,4.71830645976308,4.819037311962587,0.0
1689836400,cloamy,2023,0.1524237462182,0.0918945275240268,12.0,3.0,SMARTER,1,6.946176825825589,5.76255496284091,7.949048805371062,4.71830645976308,4.883874842888856,0.0
1689922800,cloamy,2023,0.1438345372133489,0.1524237462182,12.0,3.0,SMARTER,1,7.274609929407422,6.946176825825589,6.202164075023188,4.71830645976308,4.883890291641469,0.0
1719212400,cloamy,2024,-0.7277099686709797,0.0,12.0,3.0,SMARTER,1,0.0,0.0,1.5856569477409397,4.71830645976308,4.011544503075186,5.8
1719298800,cloamy,2024,-0.7600971887895867,-0.7277099686709797,12.0,3.0,SMARTER,1,0.0,0.0,1.643019943771474,4.71830645976308,3.963930725769115,12.6
1719385200,cloamy,2024,-0.771227074458572,-0.7600971887895867,12.0,3.0,SMARTER,1,0.0,0.0,3.7360647761286776,4.71830645976308,3.956418239170192,1.0
1719471600,cloamy,2024,-0.7936887397458832,-0.771227074458572,12.0,3.0,SMARTER,1,0.0,0.0,3.283058105037508,4.71830645976308,3.9263387035691,0.0
1719558000,cloamy,2024,-0.6803658614957193,-0.7936887397458832,12.0,3.0,SMARTER,1,0.0,0.0,8.105450401178516,4.71830645976308,4.037940598267361,0.0
1719644400,cloamy,2024,-0.5702120956549183,-0.6803658614957193,12.0,3.0,SMARTER,1,0.0,0.0,6.855392222915658,4.71830645976308,4.148094364108162,0.0
1719730800,cloamy,2024,-0.4554907658404779,-0.5702120956549183,12.0,3.0,SMARTER,1,0.0,0.0,6.275478723242181,4.71830645976308,4.262815693922603,0.0
1719817200,cloamy,2024,-0.2771199659992714,-0.4554907658404779,12.0,3.0,SMARTER,1,1.309089700096664,0.0,9.008052630760128,4.71830645976308,4.441186493763809,0.0
1719903600,cloamy,2024,-0.1576274079975794,-0.2771199659992714,12.0,3.0,SMARTER,1,2.2701181721242287,1.309089700096664,6.40343719338403,4.71830645976308,4.560679051765501,0.0
1719990000,cloamy,2024,-0.0509314661782871,-0.1576274079975794,12.0,3.0,SMARTER,1,3.397675075420876,2.2701181721242287,6.828302846826217,4.71830645976308,4.667374993584793,0.0
1720076400,cloamy,2024,-0.0339682069641821,-0.0509314661782871,12.0,3.0,SMARTER,1,3.499329565097589,3.397675075420876,3.501203041998366,4.71830645976308,4.684338252798898,0.0
1720162800,cloamy,2024,-0.0062500344756766,-0.0339682069641821,12.0,3.0,SMARTER,1,3.813197531532624,3.499329565097589,4.110755932356144,4.71830645976308,4.712056425287404,0.0
1720249200,cloamy,2024,0.0781400563026553,-0.0062500344756766,12.0,3.0,SMARTER,1,5.060298789780575,3.813197531532624,7.570021332731803,4.71830645976308,4.796446516065736,0.0
1720335600,cloamy,2024,0.1371412181231863,0.0781400563026553,12.0,3.0,SMARTER,1,6.179736385996505,5.060298789780575,8.236770338981968,4.71830645976308,4.856734528759126,0.0
1720422000,cloamy,2024,0.0850076409012931,0.1371412181231863,12.0,3.0,SMARTER,1,5.809156382037667,6.179736385996505,3.5751601774979624,4.71830645976308,4.811477155750817,0.0
1720508400,cloamy,2024,0.0791390264067683,0.0850076409012931,12.0,3.0,SMARTER,1,5.976150087323674,5.809156382037667,6.021523561190189,4.71830645976308,4.808952610245057,1.0
1720594800,cloamy,2024,0.0719832640158134,0.0791390264067683,12.0,3.0,SMARTER,1,6.106230730679656,5.976150087323674,6.408995121084742,4.71830645976308,4.805380454797059,0.0
1720681200,cloamy,2024,0.0783580416157503,0.0719832640158134,12.0,3.0,SMARTER,1,6.417802186726148,6.106230730679656,7.100145056634385,4.71830645976308,4.813537454521742,0.0
1720767600,cloamy,2024,0.1043422757557914,0.0783580416157503,12.0,3.0,SMARTER,1,7.042639823674016,6.417802186726148,8.417233027045325,4.71830645976308,4.841246324170257,0.0
1720854000,cloamy,2024,0.1389601396227347,0.1043422757557914,12.0,3.0,SMARTER,1,7.87493460894554,7.042639823674016,9.478835789843243,4.71830645976308,4.878203740747952,0.0
1720940400,cloamy,2024,0.1385219413601906,0.1389601396227347,12.0,3.0,SMARTER,1,8.285242053875583,7.87493460894554,8.65408688020589,4.71830645976308,4.883961237409272,0.0
1721026800,cloamy,2024,0.1180280636109931,0.1385219413601906,12.0,3.0,SMARTER,1,8.393399711718192,8.285242053875583,8.038553013013921,4.71830645976308,4.870136636334849,0.0
1721113200,cloamy,2024,0.0963457808975476,0.1180280636109931,12.0,3.0,SMARTER,1,8.42224966184949,8.393399711718192,8.079175888672749,4.71830645976308,4.8536514654743215,0.0
1721199600,cloamy,2024,0.1128353007753575,0.0963457808975476,12.0,3.0,SMARTER,1,8.95862980270928,8.42224966184949,9.89638188136864,4.71830645976308,4.870268776880891,0.0
1721286000,cloamy,2024,0.0973110671237928,0.1128353007753575,12.0,3.0,SMARTER,1,9.064272200261884,8.95862980270928,8.856197692783795,4.71830645976308,4.860220833164074,0.0
1721372400,cloamy,2024,0.0717785540563127,0.0973110671237928,12.0,3.0,SMARTER,1,8.973217705621058,9.064272200261884,8.59349226880255,4.71830645976308,4.839673718244117,0.0
1721458800,cloamy,2024,0.0084772764737438,0.0717785540563127,12.0,3.0,SMARTER,1,8.239034204051462,8.973217705621058,6.5994601364997925,4.71830645976308,4.784771359798866,0.0
1721545200,cloamy,2024,-0.0491867423365751,0.0084772764737438,12.0,3.0,SMARTER,1,7.39950575131791,8.239034204051462,6.35886520949269,4.71830645976308,4.7295305501941165,0.0
