timestamp,soil_texture,scenario,r,rOld,kp,ki,irrigation_strategy,irrigation_frequency,delta,deltaOld,et0,opt_avg,obs_avg,daily_pluv
1625986800,silty,2021,0.2600629739971998,0.0,10.0,3.0,ET0,2,7.91,0.0,7.909412676835701,4.71830645976308,4.97836943376028,0.0
1626073200,silty,2021,0.2856971939961295,0.2600629739971998,10.0,3.0,ET0,2,0.0,7.91,8.171899400888595,4.71830645976308,5.004003653759209,0.0
1626159600,silty,2021,0.4417319511227248,0.2600629739971998,10.0,3.0,ET0,2,15.48,7.91,7.307248568315713,4.71830645976308,5.160038410885805,49.2
1626246000,silty,2021,-0.8026669487743242,0.4417319511227248,10.0,3.0,ET0,2,0.0,15.48,3.7200181370317593,4.71830645976308,4.070922966772382,0.0
1626332400,silty,2021,-0.6825461436421562,0.4417319511227248,10.0,3.0,ET0,2,10.31,15.48,6.588938290136868,4.71830645976308,4.035760316120924,0.0
1626418800,silty,2021,-0.7822692422360115,-0.6825461436421562,10.0,3.0,ET0,2,0.0,10.31,4.2070949143533625,4.71830645976308,3.991793977135217,10.8
1626505200,silty,2021,-0.9476895857920266,-0.6825461436421562,10.0,3.0,ET0,2,5.93,10.31,1.7206288405645938,4.71830645976308,3.777182984958357,0.8
1626591600,silty,2021,-1.0039821050305524,-0.9476895857920266,10.0,3.0,ET0,2,0.0,5.93,2.339819333016992,4.71830645976308,3.7297913211057874,0.0
1626678000,silty,2021,-0.7624620419846344,-0.9476895857920266,10.0,3.0,ET0,2,7.88,5.93,5.542148180411579,4.71830645976308,3.955844417778446,0.0
1626764400,silty,2021,-0.6715531828823393,-0.7624620419846344,10.0,3.0,ET0,2,0.0,7.88,6.336708517861463,4.71830645976308,4.051456723606321,0.0
1626850800,silty,2021,-0.3651105564837511,-0.7624620419846344,10.0,3.0,ET0,2,14.06,7.88,7.723088615724408,4.71830645976308,4.353195903279329,0.0
1626937200,silty,2021,-0.413539446191324,-0.3651105564837511,10.0,3.0,ET0,2,0.0,14.06,6.384988487195638,4.71830645976308,4.341363724676863,0.0
1627023600,silty,2021,-0.2286037175924666,-0.3651105564837511,10.0,3.0,ET0,2,13.11,14.06,6.724001721462045,4.71830645976308,4.489702742170613,0.0
1627110000,silty,2021,-0.2928982306071302,-0.2286037175924666,10.0,3.0,ET0,2,0.0,13.11,6.639604206034317,4.71830645976308,4.462761009103392,0.0
1627196400,silty,2021,-0.1431169869221456,-0.2286037175924666,10.0,3.0,ET0,2,12.71,13.11,6.068344799075018,4.71830645976308,4.575189472840934,0.0
1627282800,silty,2021,-0.2992148711760182,-0.1431169869221456,10.0,3.0,ET0,2,0.0,12.71,3.7441148307248353,4.71830645976308,4.4585914325077685,0.0
1627369200,silty,2021,-0.1659919756076898,-0.1431169869221456,10.0,3.0,ET0,2,9.0,12.71,5.25782491390273,4.71830645976308,4.55231448415539,1.0
1627455600,silty,2021,-0.2493999138808233,-0.1659919756076898,10.0,3.0,ET0,2,0.0,9.0,4.067188753317478,4.71830645976308,4.482591230804952,0.0
1627542000,silty,2021,-0.0738850784718697,-0.1659919756076898,10.0,3.0,ET0,2,9.57,9.0,5.501441403272102,4.71830645976308,4.6444213812912105,0.0
1627628400,silty,2021,-0.0462658910407626,-0.0738850784718697,10.0,3.0,ET0,2,0.0,9.57,7.363960029273559,4.71830645976308,4.681297654925033,0.0
1627714800,silty,2021,0.1950039115456381,-0.0738850784718697,10.0,3.0,ET0,2,15.49,9.57,8.127164249908118,4.71830645976308,4.913310371308718,0.0
1627801200,silty,2021,0.0245619552914815,0.1950039115456381,10.0,3.0,ET0,2,0.0,15.49,7.011084171391055,4.71830645976308,4.803081297092812,9.0
1627887600,silty,2021,0.0744416247829573,0.1950039115456381,10.0,3.0,ET0,2,14.32,15.49,7.304828236834061,4.71830645976308,4.792748084546037,0.0
1627974000,silty,2021,-0.0433032947267156,0.0744416247829573,10.0,3.0,ET0,2,0.0,14.32,7.320018177389831,4.71830645976308,4.71612133623747,0.0
1628060400,silty,2021,0.1216796164868149,0.0744416247829573,10.0,3.0,ET0,2,15.56,14.32,8.239496207860649,4.71830645976308,4.839986076249895,0.0
1628146800,silty,2021,-0.0839590704097967,0.1216796164868149,10.0,3.0,ET0,2,0.0,15.56,4.198759507591638,4.71830645976308,4.679422028168787,0.0
1628233200,silty,2021,0.0847050359969317,0.1216796164868149,10.0,3.0,ET0,2,12.46,15.56,8.25634687060054,4.71830645976308,4.803011495760012,0.0
1628319600,silty,2021,0.0280656121137861,0.0847050359969317,10.0,3.0,ET0,2,0.0,12.46,7.823891414052509,4.71830645976308,4.775872304829488,0.0
1628406000,silty,2021,0.1826548289337647,0.0847050359969317,10.0,3.0,ET0,2,14.63,12.46,6.805842568347599,4.71830645976308,4.900961288696845,0.0
1628492400,silty,2021,0.1004023608645427,0.1826548289337647,10.0,3.0,ET0,2,0.0,14.63,8.235329351972808,4.71830645976308,4.850735775519242,0.0
1625986800,silty,2021,0.2600629739971998,0.0,10.0,3.0,ET0,1,7.91,0.0,7.909412676835701,4.71830645976308,4.97836943376028,0.0
1626073200,silty,2021,0.2856971939961295,0.2600629739971998,10.0,3.0,ET0,1,8.17,7.91,8.171899400888595,4.71830645976308,5.004003653759209,0.0
1626159600,silty,2021,0.2421016581405418,0.2856971939961295,10.0,3.0,ET0,1,7.31,8.17,7.307248568315713,4.71830645976308,4.962442885743565,49.2
1626246000,silty,2021,-0.8706895032584264,0.2421016581405418,10.0,3.0,ET0,1,3.72,7.31,3.7200181370317593,4.71830645976308,3.957224587252336,0.0
1626332400,silty,2021,-0.7554825095165254,-0.8706895032584264,10.0,3.0,ET0,1,6.59,3.72,6.588938290136868,4.71830645976308,3.966388816386446,0.0
1626418800,silty,2021,-0.7592481701870201,-0.7554825095165254,10.0,3.0,ET0,1,4.21,6.59,4.2070949143533625,4.71830645976308,3.9717957730213582,10.8
1626505200,silty,2021,-1.0218444961237223,-0.7592481701870201,10.0,3.0,ET0,1,1.72,4.21,1.7206288405645938,4.71830645976308,3.722747699399193,0.8
1626591600,silty,2021,-0.9710772277287422,-1.0218444961237223,10.0,3.0,ET0,1,2.34,1.72,2.339819333016992,4.71830645976308,3.7472292320343374,0.0
1626678000,silty,2021,-0.78123794849305,-0.9710772277287422,10.0,3.0,ET0,1,5.54,2.34,5.542148180411579,4.71830645976308,3.9370685112700303,0.0
1626764400,silty,2021,-0.6412904038263533,-0.78123794849305,10.0,3.0,ET0,1,6.34,5.54,6.336708517861463,4.71830645976308,4.077016055936727,0.0
1626850800,silty,2021,-0.4838870574488235,-0.6412904038263533,10.0,3.0,ET0,1,7.72,6.34,7.723088615724408,4.71830645976308,4.2344194023142565,0.0
1626937200,silty,2021,-0.4315431055772536,-0.4838870574488235,10.0,3.0,ET0,1,6.38,7.72,6.384988487195638,4.71830645976308,4.291352690936844,0.0
1627023600,silty,2021,-0.3509786999736757,-0.4315431055772536,10.0,3.0,ET0,1,6.72,6.38,6.724001721462045,4.71830645976308,4.368030639076114,0.0
1627110000,silty,2021,-0.2928288384075478,-0.3509786999736757,10.0,3.0,ET0,1,6.64,6.72,6.639604206034317,4.71830645976308,4.426511233840518,0.0
1627196400,silty,2021,-0.2613145359354378,-0.2928288384075478,10.0,3.0,ET0,1,6.07,6.64,6.068344799075018,4.71830645976308,4.45811826926603,0.0
1627282800,silty,2021,-0.288804236307016,-0.2613145359354378,10.0,3.0,ET0,1,3.74,6.07,3.7441148307248353,4.71830645976308,4.430150725014177,0.0
1627369200,silty,2021,-0.2055991127909901,-0.288804236307016,10.0,3.0,ET0,1,5.26,3.74,5.25782491390273,4.71830645976308,4.51270734697209,1.0
1627455600,silty,2021,-0.2026909353883865,-0.2055991127909901,10.0,3.0,ET0,1,4.07,5.26,4.067188753317478,4.71830645976308,4.515615524374693,0.0
1627542000,silty,2021,-0.1174668812759039,-0.2026909353883865,10.0,3.0,ET0,1,5.5,4.07,5.501441403272102,4.71830645976308,4.600839578487176,0.0
1627628400,silty,2021,-0.0023408121272553,-0.1174668812759039,10.0,3.0,ET0,1,7.36,5.5,7.363960029273559,4.71830645976308,4.715965647635825,0.0
1627714800,silty,2021,0.0698489880023603,-0.0023408121272553,10.0,3.0,ET0,1,8.13,7.36,8.127164249908118,4.71830645976308,4.788240641113614,0.0
1627801200,silty,2021,0.0291040590313091,0.0698489880023603,10.0,3.0,ET0,1,7.01,8.13,7.011084171391055,4.71830645976308,4.767674062053429,9.0
1627887600,silty,2021,-0.0370638955986864,0.0291040590313091,10.0,3.0,ET0,1,7.3,7.01,7.304828236834061,4.71830645976308,4.684897736238452,0.0
1627974000,silty,2021,-0.0301850438805632,-0.0370638955986864,10.0,3.0,ET0,1,7.32,7.3,7.320018177389831,4.71830645976308,4.690699689621609,0.0
1628060400,silty,2021,0.0150739966806596,-0.0301850438805632,10.0,3.0,ET0,1,8.24,7.32,8.239496207860649,4.71830645976308,4.735050653434443,0.0
1628146800,silty,2021,-0.0738230004177191,0.0150739966806596,10.0,3.0,ET0,1,4.2,8.24,4.198759507591638,4.71830645976308,4.653383453887364,0.0
1628233200,silty,2021,0.0646235235908021,-0.0738230004177191,10.0,3.0,ET0,1,8.26,4.2,8.25634687060054,4.71830645976308,4.782929983353882,0.0
1628319600,silty,2021,0.0873350446538896,0.0646235235908021,10.0,3.0,ET0,1,7.82,8.26,7.823891414052509,4.71830645976308,4.808033191895975,0.0
1628406000,silty,2021,0.075531158491666,0.0873350446538896,10.0,3.0,ET0,1,6.81,7.82,6.805842568347599,4.71830645976308,4.796404099480262,0.0
1628492400,silty,2021,0.127436612013915,0.075531158491666,10.0,3.0,ET0,1,8.24,6.81,8.235329351972808,4.71830645976308,4.84576697162996,0.0
1625986800,silty,2021,0.2600629739971998,0.0,10.0,3.0,ET0,3,7.91,0.0,7.909412676835701,4.71830645976308,4.97836943376028,0.0
1626073200,silty,2021,0.2856971939961295,0.2600629739971998,10.0,3.0,ET0,3,0.0,7.91,8.171899400888595,4.71830645976308,5.004003653759209,0.0
1626159600,silty,2021,0.4417319511227248,0.2600629739971998,10.0,3.0,ET0,3,0.0,7.91,7.307248568315713,4.71830645976308,5.160038410885805,49.2
1626246000,silty,2021,-0.3803837064633253,0.2600629739971998,10.0,3.0,ET0,3,19.2,7.91,3.7200181370317593,4.71830645976308,4.343694684479845,0.0
1626332400,silty,2021,-0.663643454576256,-0.3803837064633253,10.0,3.0,ET0,3,0.0,19.2,6.588938290136868,4.71830645976308,4.157957420112163,0.0
1626418800,silty,2021,-0.6633665739458503,-0.3803837064633253,10.0,3.0,ET0,3,0.0,19.2,4.2070949143533625,4.71830645976308,4.060072941476826,10.8
1626505200,silty,2021,-0.8151807937575033,-0.3803837064633253,10.0,3.0,ET0,3,12.52,19.2,1.7206288405645938,4.71830645976308,3.903228902346451,0.8
1626591600,silty,2021,-1.0313262642305476,-0.8151807937575033,10.0,3.0,ET0,3,0.0,12.52,2.339819333016992,4.71830645976308,3.775152304352211,0.0
1626678000,silty,2021,-0.8222685449366651,-0.8151807937575033,10.0,3.0,ET0,3,0.0,12.52,5.542148180411579,4.71830645976308,3.8960379148264153,0.0
1626764400,silty,2021,-0.5463322446999818,-0.8151807937575033,10.0,3.0,ET0,3,14.22,12.52,6.336708517861463,4.71830645976308,4.1719742150630985,0.0
1626850800,silty,2021,-0.5188480074795758,-0.5463322446999818,10.0,3.0,ET0,3,0.0,14.22,7.723088615724408,4.71830645976308,4.237662658846581,0.0
1626937200,silty,2021,-0.333765321040717,-0.5463322446999818,10.0,3.0,ET0,3,0.0,14.22,6.384988487195638,4.71830645976308,4.384541138722363,0.0
1627023600,silty,2021,-0.0830703446622152,-0.5463322446999818,10.0,3.0,ET0,3,20.83,14.22,6.724001721462045,4.71830645976308,4.635236115100865,0.0
1627110000,silty,2021,-0.252339754814215,-0.0830703446622152,10.0,3.0,ET0,3,0.0,20.83,6.639604206034317,4.71830645976308,4.5172801611430495,0.0
1627196400,silty,2021,-0.2012392471951573,-0.0830703446622152,10.0,3.0,ET0,3,0.0,20.83,6.068344799075018,4.71830645976308,4.517067212567923,0.0
1627282800,silty,2021,-0.0761799002285354,-0.0830703446622152,10.0,3.0,ET0,3,16.45,20.83,3.7441148307248353,4.71830645976308,4.642126559534545,0.0
1627369200,silty,2021,-0.2270279847913048,-0.0761799002285354,10.0,3.0,ET0,3,0.0,16.45,5.25782491390273,4.71830645976308,4.537569126084297,1.0
1627455600,silty,2021,-0.1929444556796694,-0.0761799002285354,10.0,3.0,ET0,3,0.0,16.45,4.067188753317478,4.71830645976308,4.52536200408341,0.0
1627542000,silty,2021,-0.0037627550300105,-0.0761799002285354,10.0,3.0,ET0,3,14.83,16.45,5.501441403272102,4.71830645976308,4.71454370473307,0.0
1627628400,silty,2021,-0.0618130509949488,-0.0037627550300105,10.0,3.0,ET0,3,0.0,14.83,7.363960029273559,4.71830645976308,4.690146037247787,0.0
1627714800,silty,2021,0.1189659697814121,-0.0037627550300105,10.0,3.0,ET0,3,0.0,14.83,8.127164249908118,4.71830645976308,4.837272429544492,0.0
1627801200,silty,2021,0.3246143836147537,-0.0037627550300105,10.0,3.0,ET0,3,22.5,14.83,7.011084171391055,4.71830645976308,5.042920843377834,9.0
1627887600,silty,2021,-0.0186775264512027,0.3246143836147537,10.0,3.0,ET0,3,0.0,22.5,7.304828236834061,4.71830645976308,4.759371936795546,0.0
1627974000,silty,2021,0.0026044702190307,0.3246143836147537,10.0,3.0,ET0,3,0.0,22.5,7.320018177389831,4.71830645976308,4.720910929982111,0.0
1628060400,silty,2021,0.2347877042231887,0.3246143836147537,10.0,3.0,ET0,3,22.86,22.5,8.239496207860649,4.71830645976308,4.953094163986269,0.0
1628146800,silty,2021,-0.0821495527747612,0.2347877042231887,10.0,3.0,ET0,3,0.0,22.86,4.198759507591638,4.71830645976308,4.698288296283128,0.0
1628233200,silty,2021,-0.0010052395799638,0.2347877042231887,10.0,3.0,ET0,3,0.0,22.86,8.25634687060054,4.71830645976308,4.717301220183116,0.0
1628319600,silty,2021,0.227006988809129,0.2347877042231887,10.0,3.0,ET0,3,20.28,22.86,7.823891414052509,4.71830645976308,4.945313448572209,0.0
1628406000,silty,2021,0.0289378016212977,0.227006988809129,10.0,3.0,ET0,3,0.0,20.28,6.805842568347599,4.71830645976308,4.795153374145921,0.0
1628492400,silty,2021,0.121670333134306,0.227006988809129,10.0,3.0,ET0,3,0.0,20.28,8.235329351972808,4.71830645976308,4.839976792897386,0.0
1625986800,silty,2021,0.2600629739971998,0.0,10.0,3.0,ET0,7,7.91,0.0,7.909412676835701,4.71830645976308,4.97836943376028,0.0
1626073200,silty,2021,0.2856971939961295,0.2600629739971998,10.0,3.0,ET0,7,0.0,7.91,8.171899400888595,4.71830645976308,5.004003653759209,0.0
1626159600,silty,2021,0.4417319511227248,0.2600629739971998,10.0,3.0,ET0,7,0.0,7.91,7.307248568315713,4.71830645976308,5.160038410885805,49.2
1626246000,silty,2021,-0.3803837064633253,0.2600629739971998,10.0,3.0,ET0,7,0.0,7.91,3.7200181370317593,4.71830645976308,4.343694684479845,0.0
1626332400,silty,2021,-0.2535775666623319,0.2600629739971998,10.0,3.0,ET0,7,0.0,7.91,6.588938290136868,4.71830645976308,4.464728893100748,0.0
1626418800,silty,2021,-0.1325083765738292,0.2600629739971998,10.0,3.0,ET0,7,0.0,7.91,4.2070949143533625,4.71830645976308,4.585798083189251,10.8
1626505200,silty,2021,-0.2627977044355803,0.2600629739971998,10.0,3.0,ET0,7,0.0,7.91,1.7206288405645938,4.71830645976308,4.4555087553275,0.8
1626591600,silty,2021,-0.2371409552782192,0.2600629739971998,10.0,3.0,ET0,7,34.06,7.91,2.339819333016992,4.71830645976308,4.481165504484861,0.0
1626678000,silty,2021,-0.7371642594475017,-0.2371409552782192,10.0,3.0,ET0,7,0.0,34.06,5.542148180411579,4.71830645976308,4.143850689180248,0.0
1626764400,silty,2021,-0.7573990145219927,-0.2371409552782192,10.0,3.0,ET0,7,0.0,34.06,6.336708517861463,4.71830645976308,3.998682327762791,0.0
1626850800,silty,2021,-0.4593801227028703,-0.2371409552782192,10.0,3.0,ET0,7,0.0,34.06,7.723088615724408,4.71830645976308,4.25892633706021,0.0
1626937200,silty,2021,-0.1996635336495136,-0.2371409552782192,10.0,3.0,ET0,7,0.0,34.06,6.384988487195638,4.71830645976308,4.518642926113567,0.0
1627023600,silty,2021,0.0669939305048896,-0.2371409552782192,10.0,3.0,ET0,7,0.0,34.06,6.724001721462045,4.71830645976308,4.78530039026797,0.0
1627110000,silty,2021,0.2911669458335072,-0.2371409552782192,10.0,3.0,ET0,7,0.0,34.06,6.639604206034317,4.71830645976308,5.009473405596587,0.0
1627196400,silty,2021,0.4563741822310391,-0.2371409552782192,10.0,3.0,ET0,7,45.42,34.06,6.068344799075018,4.71830645976308,5.17468064199412,0.0
1627282800,silty,2021,-0.3185054421336915,0.4563741822310391,10.0,3.0,ET0,7,0.0,45.42,3.7441148307248353,4.71830645976308,4.595993760570008,0.0
1627369200,silty,2021,-0.5277530643232368,0.4563741822310391,10.0,3.0,ET0,7,0.0,45.42,5.25782491390273,4.71830645976308,4.274982891480957,1.0
1627455600,silty,2021,-0.4047078394466828,0.4563741822310391,10.0,3.0,ET0,7,0.0,45.42,4.067188753317478,4.71830645976308,4.313598620316397,0.0
1627542000,silty,2021,-0.2006467204959396,0.4563741822310391,10.0,3.0,ET0,7,0.0,45.42,5.501441403272102,4.71830645976308,4.517659739267141,0.0
1627628400,silty,2021,0.0802455392697043,0.4563741822310391,10.0,3.0,ET0,7,0.0,45.42,7.363960029273559,4.71830645976308,4.798551999032784,0.0
1627714800,silty,2021,0.3522083166451001,0.4563741822310391,10.0,3.0,ET0,7,0.0,45.42,8.127164249908118,4.71830645976308,5.070514776408181,0.0
1627801200,silty,2021,0.5340823878497057,0.4563741822310391,10.0,3.0,ET0,7,41.07,45.42,7.011084171391055,4.71830645976308,5.252388847612786,9.0
1627887600,silty,2021,-0.2111797247614376,0.5340823878497057,10.0,3.0,ET0,7,0.0,41.07,7.304828236834061,4.71830645976308,4.662067653882951,0.0
1627974000,silty,2021,-0.3430715772804628,0.5340823878497057,10.0,3.0,ET0,7,0.0,41.07,7.320018177389831,4.71830645976308,4.420158191097673,0.0
1628060400,silty,2021,-0.1003033250486292,0.5340823878497057,10.0,3.0,ET0,7,0.0,41.07,8.239496207860649,4.71830645976308,4.618003134714451,0.0
1628146800,silty,2021,0.0517008952533437,0.5340823878497057,10.0,3.0,ET0,7,0.0,41.07,4.198759507591638,4.71830645976308,4.770007355016424,0.0
1628233200,silty,2021,0.3345424810561869,0.5340823878497057,10.0,3.0,ET0,7,0.0,41.07,8.25634687060054,4.71830645976308,5.052848940819267,0.0
1628319600,silty,2021,0.5350433234794517,0.5340823878497057,10.0,3.0,ET0,7,0.0,41.07,7.823891414052509,4.71830645976308,5.253349783242532,0.0
1628406000,silty,2021,0.6727025770723735,0.5340823878497057,10.0,3.0,ET0,7,49.95,41.07,6.805842568347599,4.71830645976308,5.391009036835453,0.0
1628492400,silty,2021,-0.1030577982831586,0.6727025770723735,10.0,3.0,ET0,7,0.0,49.95,8.235329351972808,4.71830645976308,4.80070283463099,0.0
1655967600,silty,2022,-0.2841936596952887,0.0,10.0,3.0,ET0,2,5.92,0.0,5.915965904891959,4.71830645976308,4.434112800067791,0.0
1656054000,silty,2022,-0.2772143429074716,-0.2841936596952887,10.0,3.0,ET0,2,0.0,5.92,5.717907755951627,4.71830645976308,4.441092116855609,0.0
1656140400,silty,2022,-0.0722186333158099,-0.2841936596952887,10.0,3.0,ET0,2,14.92,5.92,9.203948870710636,4.71830645976308,4.64608782644727,0.0
1656226800,silty,2022,-0.1614013399578187,-0.0722186333158099,10.0,3.0,ET0,2,0.0,14.92,9.569797117975432,4.71830645976308,4.588761926396199,0.0
1656313200,silty,2022,-0.0438990643478913,-0.0722186333158099,10.0,3.0,ET0,2,18.26,14.92,8.693094774412245,4.71830645976308,4.674407395415189,0.0
1656399600,silty,2022,-0.2473618681923799,-0.0438990643478913,10.0,3.0,ET0,2,0.0,18.26,7.460713537351751,4.71830645976308,4.525232774820797,1.6
1656486000,silty,2022,-0.3252646450291258,-0.0438990643478913,10.0,3.0,ET0,2,9.29,18.26,1.8323231735051733,4.71830645976308,4.3930441027160745,0.0
1656572400,silty,2022,-0.3831189177898237,-0.3252646450291258,10.0,3.0,ET0,2,0.0,9.29,6.425725286268609,4.71830645976308,4.357798135349429,0.0
1656658800,silty,2022,-0.1887020884420647,-0.3252646450291258,10.0,3.0,ET0,2,14.91,9.29,8.481182130641368,4.71830645976308,4.529604371321016,0.0
1656745200,silty,2022,-0.2548798956185298,-0.1887020884420647,10.0,3.0,ET0,2,0.0,14.91,9.684100900879589,4.71830645976308,4.501409308960505,0.0
1656831600,silty,2022,-0.1327671468753191,-0.1887020884420647,10.0,3.0,ET0,2,17.56,14.91,7.875822878948619,4.71830645976308,4.585539312887761,0.0
1656918000,silty,2022,-0.2663826649744718,-0.1327671468753191,10.0,3.0,ET0,2,0.0,17.56,8.846129638751195,4.71830645976308,4.504057329659474,0.0
1657004400,silty,2022,-0.1630772861488098,-0.1327671468753191,10.0,3.0,ET0,2,17.2,17.56,8.353871892123982,4.71830645976308,4.55522917361427,0.0
1657090800,silty,2022,-0.311156133746778,-0.1630772861488098,10.0,3.0,ET0,2,0.0,17.2,8.10868026961472,4.71830645976308,4.466106229177867,0.0
1657177200,silty,2022,-0.2631276522894656,-0.1630772861488098,10.0,3.0,ET0,2,13.39,17.2,5.27960920736311,4.71830645976308,4.455178807473614,11.6
1657263600,silty,2022,-0.5033659858220486,-0.2631276522894656,10.0,3.0,ET0,2,0.0,13.39,7.275206390354677,4.71830645976308,4.302603045862513,0.0
1657350000,silty,2022,-0.3794617896478405,-0.2631276522894656,10.0,3.0,ET0,2,14.4,13.39,7.121172904786319,4.71830645976308,4.33884467011524,0.0
1657436400,silty,2022,-0.4643088193068658,-0.3794617896478405,10.0,3.0,ET0,2,0.0,14.4,7.612583271961939,4.71830645976308,4.309527948313365,0.0
1657522800,silty,2022,-0.2756802810204386,-0.3794617896478405,10.0,3.0,ET0,2,16.08,14.4,8.472336750464112,4.71830645976308,4.442626178742642,0.0
1657609200,silty,2022,-0.3878186926776829,-0.2756802810204386,10.0,3.0,ET0,2,0.0,16.08,7.487993037508327,4.71830645976308,4.386917385242207,0.0
1657695600,silty,2022,-0.3062938919487943,-0.2756802810204386,10.0,3.0,ET0,2,12.93,16.08,5.439558555641069,4.71830645976308,4.412012567814286,0.0
1657782000,silty,2022,-0.3447235989794641,-0.3062938919487943,10.0,3.0,ET0,2,0.0,12.93,8.254676604732598,4.71830645976308,4.415998523260308,0.0
1657868400,silty,2022,-0.1110583409443799,-0.3062938919487943,10.0,3.0,ET0,2,17.7,12.93,9.447916516172471,4.71830645976308,4.6072481188187,0.0
1657954800,silty,2022,-0.2054440214336715,-0.1110583409443799,10.0,3.0,ET0,2,0.0,17.7,8.968687582898376,4.71830645976308,4.56257740547801,0.0
1658041200,silty,2022,-0.0997339400627643,-0.1110583409443799,10.0,3.0,ET0,2,16.67,17.7,7.701644419417017,4.71830645976308,4.618572519700316,0.0
1658127600,silty,2022,-0.2424739871278908,-0.0997339400627643,10.0,3.0,ET0,2,0.0,16.67,7.236620092977568,4.71830645976308,4.531826723412006,0.0
1658214000,silty,2022,-0.1087929211679257,-0.0997339400627643,10.0,3.0,ET0,2,15.21,16.67,7.976539558735554,4.71830645976308,4.609513538595155,0.0
1658300400,silty,2022,-0.170238073455135,-0.1087929211679257,10.0,3.0,ET0,2,0.0,15.21,9.031637030513592,4.71830645976308,4.592767578338346,0.0
1658386800,silty,2022,-0.0059857019893437,-0.1087929211679257,10.0,3.0,ET0,2,17.56,15.21,8.523521442036436,4.71830645976308,4.712320757773736,0.0
1655967600,silty,2022,-0.2841936596952887,0.0,10.0,3.0,ET0,1,5.92,0.0,5.915965904891959,4.71830645976308,4.434112800067791,0.0
1656054000,silty,2022,-0.2772143429074716,-0.2841936596952887,10.0,3.0,ET0,1,5.72,5.92,5.717907755951627,4.71830645976308,4.441092116855609,0.0
1656140400,silty,2022,-0.2010831126002804,-0.2772143429074716,10.0,3.0,ET0,1,9.2,5.72,9.203948870710636,4.71830645976308,4.517223347162799,0.0
1656226800,silty,2022,-0.2110289477598435,-0.2010831126002804,10.0,3.0,ET0,1,9.57,9.2,9.569797117975432,4.71830645976308,4.5186174475786585,0.0
1656313200,silty,2022,-0.2635186443070537,-0.2110289477598435,10.0,3.0,ET0,1,8.69,9.57,8.693094774412245,4.71830645976308,4.476104804203854,0.0
1656399600,silty,2022,-0.3250106619497284,-0.2635186443070537,10.0,3.0,ET0,1,7.46,8.69,7.460713537351751,4.71830645976308,4.412619532427376,1.6
1656486000,silty,2022,-0.4794641849432265,-0.3250106619497284,10.0,3.0,ET0,1,1.83,7.46,1.8323231735051733,4.71830645976308,4.2610446267909685,0.0
1656572400,silty,2022,-0.3641951671352221,-0.4794641849432265,10.0,3.0,ET0,1,6.43,1.83,6.425725286268609,4.71830645976308,4.3541112926278585,0.0
1656658800,silty,2022,-0.2979484748234253,-0.3641951671352221,10.0,3.0,ET0,1,8.48,6.43,8.481182130641368,4.71830645976308,4.420357984939655,0.0
1656745200,silty,2022,-0.2650782289303034,-0.2979484748234253,10.0,3.0,ET0,1,9.68,8.48,9.684100900879589,4.71830645976308,4.459597777278718,0.0
1656831600,silty,2022,-0.3145519780512077,-0.2650782289303034,10.0,3.0,ET0,1,7.88,9.68,7.875822878948619,4.71830645976308,4.426533303967212,0.0
1656918000,silty,2022,-0.300834875873475,-0.3145519780512077,10.0,3.0,ET0,1,8.85,7.88,8.846129638751195,4.71830645976308,4.427512252801773,0.0
1657004400,silty,2022,-0.3103748323316068,-0.300834875873475,10.0,3.0,ET0,1,8.35,8.85,8.353871892123982,4.71830645976308,4.424618208471633,0.0
1657090800,silty,2022,-0.3205936268771175,-0.3103748323316068,10.0,3.0,ET0,1,8.11,8.35,8.10868026961472,4.71830645976308,4.412123909177526,0.0
1657177200,silty,2022,-0.3821857535386931,-0.3205936268771175,10.0,3.0,ET0,1,5.28,8.11,5.27960920736311,4.71830645976308,4.35227014899964,11.6
1657263600,silty,2022,-0.4537704770270191,-0.3821857535386931,10.0,3.0,ET0,1,7.28,5.28,7.275206390354677,4.71830645976308,4.282974877319477,0.0
1657350000,silty,2022,-0.4691694255910176,-0.4537704770270191,10.0,3.0,ET0,1,7.12,7.28,7.121172904786319,4.71830645976308,4.26131595046771,0.0
1657436400,silty,2022,-0.428132529826295,-0.4691694255910176,10.0,3.0,ET0,1,7.61,7.12,7.612583271961939,4.71830645976308,4.297867309021978,0.0
1657522800,silty,2022,-0.3695006025474777,-0.428132529826295,10.0,3.0,ET0,1,8.47,7.61,8.472336750464112,4.71830645976308,4.356323278944725,0.0
1657609200,silty,2022,-0.3675138320648026,-0.3695006025474777,10.0,3.0,ET0,1,7.49,8.47,7.487993037508327,4.71830645976308,4.366082080904236,0.0
1657695600,silty,2022,-0.3960066399639217,-0.3675138320648026,10.0,3.0,ET0,1,5.44,7.49,5.439558555641069,4.71830645976308,4.333658283395548,0.0
1657782000,silty,2022,-0.2872275596286515,-0.3960066399639217,10.0,3.0,ET0,1,8.25,5.44,8.254676604732598,4.71830645976308,4.431078900134429,0.0
1657868400,silty,2022,-0.2099872467279595,-0.2872275596286515,10.0,3.0,ET0,1,9.45,8.25,9.447916516172471,4.71830645976308,4.514049810113838,0.0
1657954800,silty,2022,-0.1950341510986552,-0.2099872467279595,10.0,3.0,ET0,1,8.97,9.45,8.968687582898376,4.71830645976308,4.541184636163401,0.0
1658041200,silty,2022,-0.2163231393623916,-0.1950341510986552,10.0,3.0,ET0,1,7.7,8.97,7.701644419417017,4.71830645976308,4.519940347212255,0.0
1658127600,silty,2022,-0.2154318421268132,-0.2163231393623916,10.0,3.0,ET0,1,7.24,7.7,7.236620092977568,4.71830645976308,4.512320152291907,0.0
1658214000,silty,2022,-0.1725914882802586,-0.2154318421268132,10.0,3.0,ET0,1,7.98,7.24,7.976539558735554,4.71830645976308,4.549821906596962,0.0
1658300400,silty,2022,-0.1164805632777634,-0.1725914882802586,10.0,3.0,ET0,1,9.03,7.98,9.031637030513592,4.71830645976308,4.607035827598465,0.0
1658386800,silty,2022,-0.1094127433021001,-0.1164805632777634,10.0,3.0,ET0,1,8.52,9.03,8.523521442036436,4.71830645976308,4.622434198690802,0.0
1655967600,silty,2022,-0.2841936596952887,0.0,10.0,3.0,ET0,3,5.92,0.0,5.915965904891959,4.71830645976308,4.434112800067791,0.0
1656054000,silty,2022,-0.2772143429074716,-0.2841936596952887,10.0,3.0,ET0,3,0.0,5.92,5.717907755951627,4.71830645976308,4.441092116855609,0.0
1656140400,silty,2022,-0.0722186333158099,-0.2841936596952887,10.0,3.0,ET0,3,0.0,5.92,9.203948870710636,4.71830645976308,4.64608782644727,0.0
1656226800,silty,2022,0.1335830447533419,-0.2841936596952887,10.0,3.0,ET0,3,24.49,5.92,9.569797117975432,4.71830645976308,4.851889504516422,0.0
1656313200,silty,2022,-0.1311148286899417,0.1335830447533419,10.0,3.0,ET0,3,0.0,24.49,8.693094774412245,4.71830645976308,4.639296291971108,0.0
1656399600,silty,2022,-0.1502502337820985,0.1335830447533419,10.0,3.0,ET0,3,0.0,24.49,7.460713537351751,4.71830645976308,4.568056225980982,1.6
1656486000,silty,2022,-0.1214109528637599,0.1335830447533419,10.0,3.0,ET0,3,17.99,24.49,1.8323231735051733,4.71830645976308,4.596895506899321,0.0
1656572400,silty,2022,-0.3184740898963962,-0.1214109528637599,10.0,3.0,ET0,3,0.0,17.99,6.425725286268609,4.71830645976308,4.456509220702877,0.0
1656658800,silty,2022,-0.2244581630530388,-0.1214109528637599,10.0,3.0,ET0,3,0.0,17.99,8.481182130641368,4.71830645976308,4.493848296710041,0.0
1656745200,silty,2022,0.0014892733093111,-0.1214109528637599,10.0,3.0,ET0,3,24.59,17.99,9.684100900879589,4.71830645976308,4.719795733072392,0.0
1656831600,silty,2022,-0.2665996162795999,0.0014892733093111,10.0,3.0,ET0,3,0.0,24.59,7.875822878948619,4.71830645976308,4.521158746655466,0.0
1656918000,silty,2022,-0.2257992228257185,0.0014892733093111,10.0,3.0,ET0,3,0.0,24.59,8.846129638751195,4.71830645976308,4.492678579009539,0.0
1657004400,silty,2022,-0.0224706367491453,0.0014892733093111,10.0,3.0,ET0,3,25.08,24.59,8.353871892123982,4.71830645976308,4.695835823013935,0.0
1657090800,silty,2022,-0.2976791781058968,-0.0224706367491453,10.0,3.0,ET0,3,0.0,25.08,8.10868026961472,4.71830645976308,4.499551014057599,0.0
1657177200,silty,2022,-0.3252357634429867,-0.0224706367491453,10.0,3.0,ET0,3,0.0,25.08,5.27960920736311,4.71830645976308,4.396990004957407,11.6
1657263600,silty,2022,-0.2347993971842176,-0.0224706367491453,10.0,3.0,ET0,3,20.66,25.08,7.275206390354677,4.71830645976308,4.4835070625788624,0.0
1657350000,silty,2022,-0.4913460413717004,-0.2347993971842176,10.0,3.0,ET0,3,0.0,20.66,7.121172904786319,4.71830645976308,4.31745829910398,0.0
1657436400,silty,2022,-0.4090734903335616,-0.2347993971842176,10.0,3.0,ET0,3,0.0,20.66,7.612583271961939,4.71830645976308,4.309589972012992,0.0
1657522800,silty,2022,-0.1624334523745336,-0.2347993971842176,10.0,3.0,ET0,3,23.21,20.66,8.472336750464112,4.71830645976308,4.555873007388547,0.0
1657609200,silty,2022,-0.3813628752210429,-0.1624334523745336,10.0,3.0,ET0,3,0.0,23.21,7.487993037508327,4.71830645976308,4.412738788980594,0.0
1657695600,silty,2022,-0.3764809098754547,-0.1624334523745336,10.0,3.0,ET0,3,0.0,23.21,5.439558555641069,4.71830645976308,4.343979223277802,0.0
1657782000,silty,2022,-0.1313743743286867,-0.1624334523745336,10.0,3.0,ET0,3,21.18,23.21,8.254676604732598,4.71830645976308,4.586932085434394,0.0
1657868400,silty,2022,-0.2506795738957313,-0.1313743743286867,10.0,3.0,ET0,3,0.0,21.18,9.447916516172471,4.71830645976308,4.52578861856524,0.0
1657954800,silty,2022,-0.1414680848939798,-0.1313743743286867,10.0,3.0,ET0,3,0.0,21.18,8.968687582898376,4.71830645976308,4.576838374869101,0.0
1658041200,silty,2022,0.0698563588925943,-0.1313743743286867,10.0,3.0,ET0,3,26.12,21.18,7.701644419417017,4.71830645976308,4.788162818655675,0.0
1658127600,silty,2022,-0.2344997429413453,0.0698563588925943,10.0,3.0,ET0,3,0.0,26.12,7.236620092977568,4.71830645976308,4.563085032483509,0.0
1658214000,silty,2022,-0.1946434433752027,0.0698563588925943,10.0,3.0,ET0,3,0.0,26.12,7.976539558735554,4.71830645976308,4.524759600768373,0.0
1658300400,silty,2022,0.0639506646074632,0.0698563588925943,10.0,3.0,ET0,3,24.24,26.12,9.031637030513592,4.71830645976308,4.782257124370544,0.0
1658386800,silty,2022,-0.164332320713802,0.0639506646074632,10.0,3.0,ET0,3,0.0,24.24,8.523521442036436,4.71830645976308,4.6226880882937005,0.0
1655967600,silty,2022,-0.2841936596952887,0.0,10.0,3.0,ET0,7,5.92,0.0,5.915965904891959,4.71830645976308,4.434112800067791,0.0
1656054000,silty,2022,-0.2772143429074716,-0.2841936596952887,10.0,3.0,ET0,7,0.0,5.92,5.717907755951627,4.71830645976308,4.441092116855609,0.0
1656140400,silty,2022,-0.0722186333158099,-0.2841936596952887,10.0,3.0,ET0,7,0.0,5.92,9.203948870710636,4.71830645976308,4.64608782644727,0.0
1656226800,silty,2022,0.1335830447533419,-0.2841936596952887,10.0,3.0,ET0,7,0.0,5.92,9.569797117975432,4.71830645976308,4.851889504516422,0.0
1656313200,silty,2022,0.3048734141922261,-0.2841936596952887,10.0,3.0,ET0,7,0.0,5.92,8.693094774412245,4.71830645976308,5.023179873955306,0.0
1656399600,silty,2022,0.4238926254860825,-0.2841936596952887,10.0,3.0,ET0,7,0.0,5.92,7.460713537351751,4.71830645976308,5.142199085249163,1.6
1656486000,silty,2022,0.4546122301583968,-0.2841936596952887,10.0,3.0,ET0,7,0.0,5.92,1.8323231735051733,4.71830645976308,5.172918689921477,0.0
1656572400,silty,2022,0.5464058965551826,-0.2841936596952887,10.0,3.0,ET0,7,48.9,5.92,6.425725286268609,4.71830645976308,5.264712356318263,0.0
1656658800,silty,2022,-0.1870631256809657,0.5464058965551826,10.0,3.0,ET0,7,0.0,48.9,8.481182130641368,4.71830645976308,4.703791095779308,0.0
1656745200,silty,2022,-0.3895220384184481,0.5464058965551826,10.0,3.0,ET0,7,0.0,48.9,9.684100900879589,4.71830645976308,4.399205291396845,0.0
1656831600,silty,2022,-0.2094554397846537,0.5464058965551826,10.0,3.0,ET0,7,0.0,48.9,7.875822878948619,4.71830645976308,4.508851019978427,0.0
1656918000,silty,2022,0.0174477266437269,0.5464058965551826,10.0,3.0,ET0,7,0.0,48.9,8.846129638751195,4.71830645976308,4.735754186406807,0.0
1657004400,silty,2022,0.2269451810996328,0.5464058965551826,10.0,3.0,ET0,7,0.0,48.9,8.353871892123982,4.71830645976308,4.945251640862713,0.0
1657090800,silty,2022,0.3972334720379695,0.5464058965551826,10.0,3.0,ET0,7,0.0,48.9,8.10868026961472,4.71830645976308,5.11553993180105,0.0
1657177200,silty,2022,0.4970516094492812,0.5464058965551826,10.0,3.0,ET0,7,56.63,48.9,5.27960920736311,4.71830645976308,5.215358069212361,11.6
1657263600,silty,2022,-0.4084020111122465,0.4970516094492812,10.0,3.0,ET0,7,0.0,56.63,7.275206390354677,4.71830645976308,4.565913023792647,0.0
1657350000,silty,2022,-0.8063430408781924,0.4970516094492812,10.0,3.0,ET0,7,0.0,56.63,7.121172904786319,4.71830645976308,4.0832556414487735,0.0
1657436400,silty,2022,-0.5986120458144439,0.4970516094492812,10.0,3.0,ET0,7,0.0,56.63,7.612583271961939,4.71830645976308,4.11972783257208,0.0
1657522800,silty,2022,-0.3263922248487503,0.4970516094492812,10.0,3.0,ET0,7,0.0,56.63,8.472336750464112,4.71830645976308,4.39191423491433,0.0
1657609200,silty,2022,-0.0919578453588193,0.4970516094492812,10.0,3.0,ET0,7,0.0,56.63,7.487993037508327,4.71830645976308,4.626348614404261,0.0
1657695600,silty,2022,0.0818524929867494,0.4970516094492812,10.0,3.0,ET0,7,0.0,56.63,5.439558555641069,4.71830645976308,4.80015895274983,0.0
1657782000,silty,2022,0.3139962607199924,0.4970516094492812,10.0,3.0,ET0,7,51.66,56.63,8.254676604732598,4.71830645976308,5.032302720483073,0.0
1657868400,silty,2022,-0.3621444615720923,0.3139962607199924,10.0,3.0,ET0,7,0.0,51.66,9.447916516172471,4.71830645976308,4.565512904701343,0.0
1657954800,silty,2022,-0.5724251017309558,0.3139962607199924,10.0,3.0,ET0,7,0.0,51.66,8.968687582898376,4.71830645976308,4.253426585581122,0.0
1658041200,silty,2022,-0.355081446705171,0.3139962607199924,10.0,3.0,ET0,7,0.0,51.66,7.701644419417017,4.71830645976308,4.363225013057909,0.0
1658127600,silty,2022,-0.120136702593765,0.3139962607199924,10.0,3.0,ET0,7,0.0,51.66,7.236620092977568,4.71830645976308,4.598169757169315,0.0
1658214000,silty,2022,0.1352378301853009,0.3139962607199924,10.0,3.0,ET0,7,0.0,51.66,7.976539558735554,4.71830645976308,4.853544289948381,0.0
1658300400,silty,2022,0.3884129848852616,0.3139962607199924,10.0,3.0,ET0,7,0.0,51.66,9.031637030513592,4.71830645976308,5.106719444648342,0.0
1658386800,silty,2022,0.5638687800280204,0.3139962607199924,10.0,3.0,ET0,7,58.89,51.66,8.523521442036436,4.71830645976308,5.2821752397911,0.0
1687503600,silty,2023,-0.4751499057935796,0.0,10.0,3.0,ET0,2,6.42,0.0,6.420277994663035,4.71830645976308,4.2431565539695,0.0
1687590000,silty,2023,-0.4619969558399204,-0.4751499057935796,10.0,3.0,ET0,2,0.0,6.42,6.3387606045021405,4.71830645976308,4.256421902778248,0.0
1687676400,silty,2023,-0.2984196426705343,-0.4751499057935796,10.0,3.0,ET0,2,13.42,6.42,7.077332335884068,4.71830645976308,4.419886817092546,0.0
1687762800,silty,2023,-0.4231536593522381,-0.2984196426705343,10.0,3.0,ET0,2,0.0,13.42,6.229180911248416,4.71830645976308,4.327967467122456,0.0
1687849200,silty,2023,-0.286692721525901,-0.2984196426705343,10.0,3.0,ET0,2,13.95,13.42,7.717627618312005,4.71830645976308,4.431613738237179,0.0
1687935600,silty,2023,-0.3888678914122168,-0.286692721525901,10.0,3.0,ET0,2,0.0,13.95,8.190146658736474,4.71830645976308,4.368731388763107,0.0
1688022000,silty,2023,-0.378976633775238,-0.286692721525901,10.0,3.0,ET0,2,10.84,13.95,2.6534944981591777,4.71830645976308,4.339329825987842,0.0
1688108400,silty,2023,-0.4372054755230571,-0.378976633775238,10.0,3.0,ET0,2,0.0,10.84,7.811921140444205,4.71830645976308,4.310819674705964,0.0
1688194800,silty,2023,-0.3810792965263986,-0.378976633775238,10.0,3.0,ET0,2,10.8,10.84,2.989408376370308,4.71830645976308,4.3372271632366814,0.0
1688281200,silty,2023,-0.533578056103329,-0.3810792965263986,10.0,3.0,ET0,2,0.0,10.8,3.628606534620321,4.71830645976308,4.221220348249246,0.0
1688367600,silty,2023,-0.3884817770184617,-0.3810792965263986,10.0,3.0,ET0,2,9.54,10.8,5.9091258835011,4.71830645976308,4.3298246827446185,0.0
1688454000,silty,2023,-0.4250262888894667,-0.3884817770184617,10.0,3.0,ET0,2,0.0,9.54,6.621532339824514,4.71830645976308,4.30914092393273,0.0
1688540400,silty,2023,-0.2655739951934173,-0.3884817770184617,10.0,3.0,ET0,2,13.02,9.54,6.395412175418061,4.71830645976308,4.452732464569663,0.0
1688626800,silty,2023,-0.342157094288288,-0.2655739951934173,10.0,3.0,ET0,2,0.0,13.02,7.492344925936937,4.71830645976308,4.410216870238702,5.0
1688713200,silty,2023,-0.3465977240759873,-0.2655739951934173,10.0,3.0,ET0,2,10.87,13.02,3.3788724562330463,4.71830645976308,4.3717087356870925,0.0
1688799600,silty,2023,-0.4325142715603672,-0.3465977240759873,10.0,3.0,ET0,2,0.0,10.87,6.518921569415171,4.71830645976308,4.31976232161314,0.0
1688886000,silty,2023,-0.2532817584198259,-0.3465977240759873,10.0,3.0,ET0,2,13.59,10.87,7.0675670514600375,4.71830645976308,4.465024701343254,0.0
1688972400,silty,2023,-0.3448983813408037,-0.2532817584198259,10.0,3.0,ET0,2,0.0,13.59,6.961944041187434,4.71830645976308,4.413233696960819,0.0
1689058800,silty,2023,-0.184765270998005,-0.2532817584198259,10.0,3.0,ET0,2,14.49,13.59,7.523781176422247,4.71830645976308,4.533541188765075,0.0
1689145200,silty,2023,-0.2740829365355073,-0.184765270998005,10.0,3.0,ET0,2,0.0,14.49,7.806608352298979,4.71830645976308,4.485793402158283,0.0
1689231600,silty,2023,-0.1287601449089058,-0.184765270998005,10.0,3.0,ET0,2,15.52,14.49,7.714035948667738,4.71830645976308,4.589546314854174,22.8
1689318000,silty,2023,-0.8000304626117896,-0.1287601449089058,10.0,3.0,ET0,2,0.0,15.52,2.9961159428327533,4.71830645976308,4.047638988395291,0.0
1689404400,silty,2023,-0.70606185947512,-0.1287601449089058,10.0,3.0,ET0,2,8.39,15.52,5.390782029334142,4.71830645976308,4.012786561944048,0.0
1689490800,silty,2023,-0.6544011376041173,-0.70606185947512,10.0,3.0,ET0,2,0.0,8.39,7.109056997180415,4.71830645976308,4.082817436577996,0.0
1689577200,silty,2023,-0.4331530425444255,-0.70606185947512,10.0,3.0,ET0,2,13.72,8.39,6.608581357186508,4.71830645976308,4.285153417218655,0.0
1689663600,silty,2023,-0.4634431931560849,-0.4331530425444255,10.0,3.0,ET0,2,0.0,13.72,7.500311698248804,4.71830645976308,4.295065187326437,0.0
1689750000,silty,2023,-0.2831917578981027,-0.4331530425444255,10.0,3.0,ET0,2,14.56,13.72,7.063404491828016,4.71830645976308,4.435114701864977,0.0
1689836400,silty,2023,-0.3308349261200488,-0.2831917578981027,10.0,3.0,ET0,2,0.0,14.56,7.949048805371062,4.71830645976308,4.43151906315762,0.0
1689922800,silty,2023,-0.2028945893194786,-0.2831917578981027,10.0,3.0,ET0,2,14.15,14.56,6.202164075023188,4.71830645976308,4.515411870443602,0.0
1687503600,silty,2023,-0.4751499057935796,0.0,10.0,3.0,ET0,1,6.42,0.0,6.420277994663035,4.71830645976308,4.2431565539695,0.0
1687590000,silty,2023,-0.4619969558399204,-0.4751499057935796,10.0,3.0,ET0,1,6.34,6.42,6.3387606045021405,4.71830645976308,4.256421902778248,0.0
1687676400,silty,2023,-0.4434544268516833,-0.4619969558399204,10.0,3.0,ET0,1,7.08,6.34,7.077332335884068,4.71830645976308,4.275147745551615,0.0
1687762800,silty,2023,-0.4609139210347142,-0.4434544268516833,10.0,3.0,ET0,1,6.23,7.08,6.229180911248416,4.71830645976308,4.260073815003159,0.0
1687849200,silty,2023,-0.4267444075543304,-0.4609139210347142,10.0,3.0,ET0,1,7.72,6.23,7.717627618312005,4.71830645976308,4.291768709990035,0.0
1687935600,silty,2023,-0.4180256339432227,-0.4267444075543304,10.0,3.0,ET0,1,8.19,7.72,8.190146658736474,4.71830645976308,4.305969551577418,0.0
1688022000,silty,2023,-0.5570494460238743,-0.4180256339432227,10.0,3.0,ET0,1,2.65,8.19,2.6534944981591777,4.71830645976308,4.17890362991514,0.0
1688108400,silty,2023,-0.4305341009931448,-0.5570494460238743,10.0,3.0,ET0,1,7.81,2.65,7.811921140444205,4.71830645976308,4.287772358769935,0.0
1688194800,silty,2023,-0.5341541469628841,-0.4305341009931448,10.0,3.0,ET0,1,2.99,7.81,2.989408376370308,4.71830645976308,4.193359295037519,0.0
1688281200,silty,2023,-0.5138772358443333,-0.5341541469628841,10.0,3.0,ET0,1,3.63,2.99,3.628606534620321,4.71830645976308,4.204429223918747,0.0
1688367600,silty,2023,-0.4345337924685087,-0.5138772358443333,10.0,3.0,ET0,1,5.91,3.63,5.9091258835011,4.71830645976308,4.283772667294572,0.0
1688454000,silty,2023,-0.3879987036718603,-0.4345337924685087,10.0,3.0,ET0,1,6.62,5.91,6.621532339824514,4.71830645976308,4.33030775609122,0.0
1688540400,silty,2023,-0.3749989287713001,-0.3879987036718603,10.0,3.0,ET0,1,6.4,6.62,6.395412175418061,4.71830645976308,4.3438578668065215,0.0
1688626800,silty,2023,-0.3313514007818884,-0.3749989287713001,10.0,3.0,ET0,1,7.49,6.4,7.492344925936937,4.71830645976308,4.387105469270794,5.0
1688713200,silty,2023,-0.4835947390612607,-0.3313514007818884,10.0,3.0,ET0,1,3.38,7.49,3.3788724562330463,4.71830645976308,4.249284109029513,0.0
1688799600,silty,2023,-0.3995280649792356,-0.4835947390612607,10.0,3.0,ET0,1,6.52,3.38,6.518921569415171,4.71830645976308,4.318778394783845,0.0
1688886000,silty,2023,-0.3495460726660457,-0.3995280649792356,10.0,3.0,ET0,1,7.07,6.52,7.0675670514600375,4.71830645976308,4.369216033833009,0.0
1688972400,silty,2023,-0.3252760100827675,-0.3495460726660457,10.0,3.0,ET0,1,6.96,7.07,6.961944041187434,4.71830645976308,4.395556223579619,0.0
1689058800,silty,2023,-0.2856007184379886,-0.3252760100827675,10.0,3.0,ET0,1,7.52,6.96,7.523781176422247,4.71830645976308,4.43467398430789,0.0
1689145200,silty,2023,-0.2566007451709992,-0.2856007184379886,10.0,3.0,ET0,1,7.81,7.52,7.806608352298979,4.71830645976308,4.465622454170696,0.0
1689231600,silty,2023,-0.2441201639262903,-0.2566007451709992,10.0,3.0,ET0,1,7.71,7.81,7.714035948667738,4.71830645976308,4.47990678312379,22.8
1689318000,silty,2023,-0.787695415338007,-0.2441201639262903,10.0,3.0,ET0,1,3.0,7.71,2.9961159428327533,4.71830645976308,3.998980821591564,0.0
1689404400,silty,2023,-0.7041030633640204,-0.787695415338007,10.0,3.0,ET0,1,5.39,3.0,5.390782029334142,4.71830645976308,4.0145368747099015,0.0
1689490800,silty,2023,-0.5810538020679937,-0.7041030633640204,10.0,3.0,ET0,1,7.11,5.39,7.109056997180415,4.71830645976308,4.137377702481466,0.0
1689577200,silty,2023,-0.525255600718983,-0.5810538020679937,10.0,3.0,ET0,1,6.61,7.11,6.608581357186508,4.71830645976308,4.198189555781111,0.0
1689663600,silty,2023,-0.4345248830470488,-0.525255600718983,10.0,3.0,ET0,1,7.5,6.61,7.500311698248804,4.71830645976308,4.285286954941047,0.0
1689750000,silty,2023,-0.3880987426759208,-0.4345248830470488,10.0,3.0,ET0,1,7.06,7.5,7.063404491828016,4.71830645976308,4.335939401796054,0.0
1689836400,silty,2023,-0.3078190170062979,-0.3880987426759208,10.0,3.0,ET0,1,7.95,7.06,7.949048805371062,4.71830645976308,4.413276533125616,0.0
1689922800,silty,2023,-0.3141739301205571,-0.3078190170062979,10.0,3.0,ET0,1,6.2,7.95,6.202164075023188,4.71830645976308,4.412244713404373,0.0
1687503600,silty,2023,-0.4751499057935796,0.0,10.0,3.0,ET0,3,6.42,0.0,6.420277994663035,4.71830645976308,4.2431565539695,0.0
1687590000,silty,2023,-0.4619969558399204,-0.4751499057935796,10.0,3.0,ET0,3,0.0,6.42,6.3387606045021405,4.71830645976308,4.256421902778248,0.0
1687676400,silty,2023,-0.2984196426705343,-0.4751499057935796,10.0,3.0,ET0,3,0.0,6.42,7.077332335884068,4.71830645976308,4.419886817092546,0.0
1687762800,silty,2023,-0.1465180787513434,-0.4751499057935796,10.0,3.0,ET0,3,19.65,6.42,6.229180911248416,4.71830645976308,4.571788381011737,0.0
1687849200,silty,2023,-0.3237380634605035,-0.1465180787513434,10.0,3.0,ET0,3,0.0,19.65,7.717627618312005,4.71830645976308,4.435989294290959,0.0
1687935600,silty,2023,-0.2604102013703457,-0.1465180787513434,10.0,3.0,ET0,3,0.0,19.65,8.190146658736474,4.71830645976308,4.457896258392735,0.0
1688022000,silty,2023,-0.2022448244361249,-0.1465180787513434,10.0,3.0,ET0,3,18.56,19.65,2.6534944981591777,4.71830645976308,4.516061635326955,0.0
1688108400,silty,2023,-0.3685829747635711,-0.2022448244361249,10.0,3.0,ET0,3,0.0,18.56,7.811921140444205,4.71830645976308,4.399914748371624,0.0
1688194800,silty,2023,-0.4093561544414373,-0.2022448244361249,10.0,3.0,ET0,3,0.0,18.56,2.989408376370308,4.71830645976308,4.308950305321643,0.0
1688281200,silty,2023,-0.3152026481817261,-0.2022448244361249,10.0,3.0,ET0,3,14.43,18.56,3.628606534620321,4.71830645976308,4.403103811581354,0.0
1688367600,silty,2023,-0.4502131985336796,-0.3152026481817261,10.0,3.0,ET0,3,0.0,14.43,5.9091258835011,4.71830645976308,4.311019585258695,0.0
1688454000,silty,2023,-0.331075754078543,-0.3152026481817261,10.0,3.0,ET0,3,0.0,14.43,6.621532339824514,4.71830645976308,4.387230705684537,0.0
1688540400,silty,2023,-0.1613199330447481,-0.3152026481817261,10.0,3.0,ET0,3,18.93,14.43,6.395412175418061,4.71830645976308,4.556986526718332,0.0
1688626800,silty,2023,-0.3164814659672691,-0.1613199330447481,10.0,3.0,ET0,3,0.0,18.93,7.492344925936937,4.71830645976308,4.449447785438432,5.0
1688713200,silty,2023,-0.4020000106030767,-0.1613199330447481,10.0,3.0,ET0,3,0.0,18.93,3.3788724562330463,4.71830645976308,4.316798737164005,0.0
1688799600,silty,2023,-0.2330200363936805,-0.1613199330447481,10.0,3.0,ET0,3,17.39,18.93,6.518921569415171,4.71830645976308,4.485286423369399,0.0
1688886000,silty,2023,-0.3682241826241772,-0.2330200363936805,10.0,3.0,ET0,3,0.0,17.39,7.0675670514600375,4.71830645976308,4.400394309716069,0.0
1688972400,silty,2023,-0.2729390939617931,-0.2330200363936805,10.0,3.0,ET0,3,0.0,17.39,6.961944041187434,4.71830645976308,4.445367365801287,0.0
1689058800,silty,2023,-0.0604752257280549,-0.2330200363936805,10.0,3.0,ET0,3,21.55,17.39,7.523781176422247,4.71830645976308,4.657831234035025,0.0
1689145200,silty,2023,-0.2470017580612696,-0.0604752257280549,10.0,3.0,ET0,3,0.0,21.55,7.806608352298979,4.71830645976308,4.52719840912023,0.0
1689231600,silty,2023,-0.1890343355365981,-0.0604752257280549,10.0,3.0,ET0,3,0.0,21.55,7.714035948667738,4.71830645976308,4.529272124226482,22.8
1689318000,silty,2023,-0.5011507980736165,-0.0604752257280549,10.0,3.0,ET0,3,18.52,21.55,2.9961159428327533,4.71830645976308,4.217760714016453,0.0
1689404400,silty,2023,-0.7331321254315437,-0.5011507980736165,10.0,3.0,ET0,3,0.0,18.52,5.390782029334142,4.71830645976308,4.086274115492445,0.0
1689490800,silty,2023,-0.5974398698219959,-0.5011507980736165,10.0,3.0,ET0,3,0.0,18.52,7.109056997180415,4.71830645976308,4.121249342827301,0.0
1689577200,silty,2023,-0.3695441827877529,-0.5011507980736165,10.0,3.0,ET0,3,19.11,18.52,6.608581357186508,4.71830645976308,4.348762276975327,0.0
1689663600,silty,2023,-0.4738139845214076,-0.3695441827877529,10.0,3.0,ET0,3,0.0,19.11,7.500311698248804,4.71830645976308,4.303890454948723,0.0
1689750000,silty,2023,-0.361092867146093,-0.3695441827877529,10.0,3.0,ET0,3,0.0,19.11,7.063404491828016,4.71830645976308,4.357213592616987,0.0
1689836400,silty,2023,-0.100518887316326,-0.3695441827877529,10.0,3.0,ET0,3,22.51,19.11,7.949048805371062,4.71830645976308,4.617787572446754,0.0
1689922800,silty,2023,-0.3290744696891848,-0.100518887316326,10.0,3.0,ET0,3,0.0,22.51,6.202164075023188,4.71830645976308,4.455479556628519,0.0
1687503600,silty,2023,-0.4751499057935796,0.0,10.0,3.0,ET0,7,6.42,0.0,6.420277994663035,4.71830645976308,4.2431565539695,0.0
1687590000,silty,2023,-0.4619969558399204,-0.4751499057935796,10.0,3.0,ET0,7,0.0,6.42,6.3387606045021405,4.71830645976308,4.256421902778248,0.0
1687676400,silty,2023,-0.2984196426705343,-0.4751499057935796,10.0,3.0,ET0,7,0.0,6.42,7.077332335884068,4.71830645976308,4.419886817092546,0.0
1687762800,silty,2023,-0.1465180787513434,-0.4751499057935796,10.0,3.0,ET0,7,0.0,6.42,6.229180911248416,4.71830645976308,4.571788381011737,0.0
1687849200,silty,2023,0.0329278026677812,-0.4751499057935796,10.0,3.0,ET0,7,0.0,6.42,7.717627618312005,4.71830645976308,4.751234262430861,0.0
1687935600,silty,2023,0.2028713720704744,-0.4751499057935796,10.0,3.0,ET0,7,0.0,6.42,8.190146658736474,4.71830645976308,4.921177831833555,0.0
1688022000,silty,2023,0.2513320191834308,-0.4751499057935796,10.0,3.0,ET0,7,0.0,6.42,2.6534944981591777,4.71830645976308,4.969638478946511,0.0
1688108400,silty,2023,0.3800525042383416,-0.4751499057935796,10.0,3.0,ET0,7,46.02,6.42,7.811921140444205,4.71830645976308,5.098358964001422,0.0
1688194800,silty,2023,-0.3936424883892342,0.3800525042383416,10.0,3.0,ET0,7,0.0,46.02,2.989408376370308,4.71830645976308,4.502517314067853,0.0
1688281200,silty,2023,-0.6565888489723468,0.3800525042383416,10.0,3.0,ET0,7,0.0,46.02,3.628606534620321,4.71830645976308,4.147210808510278,0.0
1688367600,silty,2023,-0.4903793048410764,0.3800525042383416,10.0,3.0,ET0,7,0.0,46.02,5.9091258835011,4.71830645976308,4.227927154922003,0.0
1688454000,silty,2023,-0.29733809307161,0.3800525042383416,10.0,3.0,ET0,7,0.0,46.02,6.621532339824514,4.71830645976308,4.42096836669147,0.0
1688540400,silty,2023,-0.1157113338301989,0.3800525042383416,10.0,3.0,ET0,7,0.0,46.02,6.395412175418061,4.71830645976308,4.602595125932881,0.0
1688626800,silty,2023,0.0893550511895042,0.3800525042383416,10.0,3.0,ET0,7,0.0,46.02,7.492344925936937,4.71830645976308,4.807661510952585,5.0
1688713200,silty,2023,0.1657574311019644,0.3800525042383416,10.0,3.0,ET0,7,36.42,46.02,3.3788724562330463,4.71830645976308,4.884063890865045,0.0
1688799600,silty,2023,-0.4084265143539858,0.1657574311019644,10.0,3.0,ET0,7,0.0,36.42,6.518921569415171,4.71830645976308,4.434565099611143,0.0
1688886000,silty,2023,-0.4771678393151992,0.1657574311019644,10.0,3.0,ET0,7,0.0,36.42,7.0675670514600375,4.71830645976308,4.269221514859733,0.0
1688972400,silty,2023,-0.2805294514745969,0.1657574311019644,10.0,3.0,ET0,7,0.0,36.42,6.961944041187434,4.71830645976308,4.437777008288483,0.0
1689058800,silty,2023,-0.0549989696786421,0.1657574311019644,10.0,3.0,ET0,7,0.0,36.42,7.523781176422247,4.71830645976308,4.663307490084439,0.0
1689145200,silty,2023,0.1700691771279339,0.1657574311019644,10.0,3.0,ET0,7,0.0,36.42,7.806608352298979,4.71830645976308,4.888375636891015,0.0
1689231600,silty,2023,0.3585406641291205,0.1657574311019644,10.0,3.0,ET0,7,0.0,36.42,7.714035948667738,4.71830645976308,5.0768471238922,22.8
1689318000,silty,2023,0.1558137933702308,0.1657574311019644,10.0,3.0,ET0,7,46.59,36.42,2.9961159428327533,4.71830645976308,4.874120253133311,0.0
1689404400,silty,2023,-0.6655021147176698,0.1558137933702308,10.0,3.0,ET0,7,0.0,46.59,5.390782029334142,4.71830645976308,4.322208078099149,0.0
1689490800,silty,2023,-0.8216995174368601,0.1558137933702308,10.0,3.0,ET0,7,0.0,46.59,7.109056997180415,4.71830645976308,4.0210393490106,0.0
1689577200,silty,2023,-0.5948963234935567,0.1558137933702308,10.0,3.0,ET0,7,0.0,46.59,6.608581357186508,4.71830645976308,4.123410136269524,0.0
1689663600,silty,2023,-0.3256192057941424,0.1558137933702308,10.0,3.0,ET0,7,0.0,46.59,7.500311698248804,4.71830645976308,4.392687253968938,0.0
1689750000,silty,2023,-0.0778422405183075,0.1558137933702308,10.0,3.0,ET0,7,0.0,46.59,7.063404491828016,4.71830645976308,4.640464219244773,0.0
1689836400,silty,2023,0.187162498965397,0.1558137933702308,10.0,3.0,ET0,7,0.0,46.59,7.949048805371062,4.71830645976308,4.905468958728477,0.0
1689922800,silty,2023,0.3543486415238666,0.1558137933702308,10.0,3.0,ET0,7,47.82,46.59,6.202164075023188,4.71830645976308,5.072655101286947,0.0
1719126000,silty,2024,-0.6244404567664325,0.0,10.0,3.0,ET0,2,1.66,0.0,1.6632265501860408,4.71830645976308,4.093866002996648,1.7999999999999998
1719212400,silty,2024,-0.7305741285293589,-0.6244404567664325,10.0,3.0,ET0,2,0.0,1.66,1.5856569477409397,4.71830645976308,3.9877323312337216,5.8
1719298800,silty,2024,-0.7809997133752613,-0.6244404567664325,10.0,3.0,ET0,2,3.23,1.66,1.643019943771474,4.71830645976308,3.937306746387819,12.6
1719385200,silty,2024,-0.9532291029745104,-0.7809997133752613,10.0,3.0,ET0,2,0.0,3.23,3.7360647761286776,4.71830645976308,3.771681645862439,1.0
1719471600,silty,2024,-0.9333352497799046,-0.7809997133752613,10.0,3.0,ET0,2,7.02,3.23,3.283058105037508,4.71830645976308,3.784971209983176,0.0
1719558000,silty,2024,-0.8587009622982784,-0.9333352497799046,10.0,3.0,ET0,2,0.0,7.02,8.105450401178516,4.71830645976308,3.861855125741669,0.0
1719644400,silty,2024,-0.6657092097527642,-0.9333352497799046,10.0,3.0,ET0,2,14.96,7.02,6.855392222915658,4.71830645976308,4.052597250010316,0.0
1719730800,silty,2024,-0.7761061586729965,-0.6657092097527642,10.0,3.0,ET0,2,0.0,14.96,6.275478723242181,4.71830645976308,3.9888351876685735,0.0
1719817200,silty,2024,-0.577769552750163,-0.6657092097527642,10.0,3.0,ET0,2,15.28,14.96,9.008052630760128,4.71830645976308,4.140536907012917,0.0
1719903600,silty,2024,-0.7066921557343671,-0.577769552750163,10.0,3.0,ET0,2,0.0,15.28,6.40343719338403,4.71830645976308,4.067686711288206,0.0
1719990000,silty,2024,-0.5857962912283537,-0.577769552750163,10.0,3.0,ET0,2,13.23,15.28,6.828302846826217,4.71830645976308,4.132510168534727,0.0
1720076400,silty,2024,-0.7683110686238589,-0.5857962912283537,10.0,3.0,ET0,2,0.0,13.23,3.501203041998366,4.71830645976308,4.010481821658242,0.0
1720162800,silty,2024,-0.6767209503945101,-0.5857962912283537,10.0,3.0,ET0,2,7.61,13.23,4.110755932356144,4.71830645976308,4.04158550936857,0.0
1720249200,silty,2024,-0.6207572788676011,-0.6767209503945101,10.0,3.0,ET0,2,0.0,7.61,7.570021332731803,4.71830645976308,4.103131665877169,0.0
1720335600,silty,2024,-0.3877413443509837,-0.6767209503945101,10.0,3.0,ET0,2,15.81,7.61,8.236770338981968,4.71830645976308,4.330565115412097,0.0
1720422000,silty,2024,-0.5934701721311899,-0.3877413443509837,10.0,3.0,ET0,2,0.0,15.81,3.5751601774979624,4.71830645976308,4.176086465777803,0.0
1720508400,silty,2024,-0.4850286146072165,-0.3877413443509837,10.0,3.0,ET0,2,9.6,15.81,6.021523561190189,4.71830645976308,4.233277845155864,1.0
1720594800,silty,2024,-0.5220012992380317,-0.4850286146072165,10.0,3.0,ET0,2,0.0,9.6,6.408995121084742,4.71830645976308,4.218226456864795,0.0
1720681200,silty,2024,-0.3171092227281235,-0.4850286146072165,10.0,3.0,ET0,2,13.51,9.6,7.100145056634385,4.71830645976308,4.401197237034957,0.0
1720767600,silty,2024,-0.3477996464276185,-0.3171092227281235,10.0,3.0,ET0,2,0.0,13.51,8.417233027045325,4.71830645976308,4.4050308525664885,0.0
1720854000,silty,2024,-0.1228895915154531,-0.3171092227281235,10.0,3.0,ET0,2,17.9,13.51,9.478835789843243,4.71830645976308,4.595416868247627,0.0
1720940400,silty,2024,-0.2345982397281724,-0.1228895915154531,10.0,3.0,ET0,2,0.0,17.9,8.65408688020589,4.71830645976308,4.531379105103404,0.0
1721026800,silty,2024,-0.1221070491415517,-0.1228895915154531,10.0,3.0,ET0,2,16.69,17.9,8.038553013013921,4.71830645976308,4.596199410621528,0.0
1721113200,silty,2024,-0.240880503827197,-0.1221070491415517,10.0,3.0,ET0,2,0.0,16.69,8.079175888672749,4.71830645976308,4.528770579686373,0.0
1721199600,silty,2024,-0.056617512983644,-0.1221070491415517,10.0,3.0,ET0,2,17.98,16.69,9.89638188136864,4.71830645976308,4.661688946779436,0.0
1721286000,silty,2024,-0.1699964527740213,-0.056617512983644,10.0,3.0,ET0,2,0.0,17.98,8.856197692783795,4.71830645976308,4.599089560932698,0.0
1721372400,silty,2024,-0.0478039692090563,-0.056617512983644,10.0,3.0,ET0,2,17.45,17.98,8.59349226880255,4.71830645976308,4.670502490554024,0.0
1721458800,silty,2024,-0.2213463403500752,-0.0478039692090563,10.0,3.0,ET0,2,0.0,17.45,6.5994601364997925,4.71830645976308,4.555963011412896,0.0
1721545200,silty,2024,-0.1435565067310663,-0.0478039692090563,10.0,3.0,ET0,2,12.96,17.45,6.35886520949269,4.71830645976308,4.574749953032014,0.0
1719126000,silty,2024,-0.6244404567664325,0.0,10.0,3.0,ET0,1,1.66,0.0,1.6632265501860408,4.71830645976308,4.093866002996648,1.7999999999999998
1719212400,silty,2024,-0.7305741285293589,-0.6244404567664325,10.0,3.0,ET0,1,1.59,1.66,1.5856569477409397,4.71830645976308,3.9877323312337216,5.8
1719298800,silty,2024,-0.8178614431825778,-0.7305741285293589,10.0,3.0,ET0,1,1.64,1.59,1.643019943771474,4.71830645976308,3.900445016580503,12.6
1719385200,silty,2024,-0.9532503760362812,-0.8178614431825778,10.0,3.0,ET0,1,3.74,1.64,3.7360647761286776,4.71830645976308,3.768153829071789,1.0
1719471600,silty,2024,-1.0229087694892876,-0.9532503760362812,10.0,3.0,ET0,1,3.28,3.74,3.283058105037508,4.71830645976308,3.695950938549438,0.0
1719558000,silty,2024,-0.8639723898148625,-1.0229087694892876,10.0,3.0,ET0,1,8.11,3.28,8.105450401178516,4.71830645976308,3.854334069948218,0.0
1719644400,silty,2024,-0.8480788695345681,-0.8639723898148625,10.0,3.0,ET0,1,6.86,8.11,6.855392222915658,4.71830645976308,3.879932348473506,0.0
1719730800,silty,2024,-0.8251109603422108,-0.8480788695345681,10.0,3.0,ET0,1,6.28,6.86,6.275478723242181,4.71830645976308,3.90010785329609,0.0
1719817200,silty,2024,-0.7114571158342222,-0.8251109603422108,10.0,3.0,ET0,1,9.01,6.28,9.008052630760128,4.71830645976308,4.008210966001685,0.0
1719903600,silty,2024,-0.742180475738897,-0.7114571158342222,10.0,3.0,ET0,1,6.4,9.01,6.40343719338403,4.71830645976308,3.998506471594553,0.0
1719990000,silty,2024,-0.7115487701765387,-0.742180475738897,10.0,3.0,ET0,1,6.83,6.4,6.828302846826217,4.71830645976308,4.013528325513482,0.0
1720076400,silty,2024,-0.7720829908915132,-0.7115487701765387,10.0,3.0,ET0,1,3.5,6.83,3.501203041998366,4.71830645976308,3.958078782961298,0.0
1720162800,silty,2024,-0.7252708382961653,-0.7720829908915132,10.0,3.0,ET0,1,4.11,3.5,4.110755932356144,4.71830645976308,3.993035621466915,0.0
1720249200,silty,2024,-0.587580718818303,-0.7252708382961653,10.0,3.0,ET0,1,7.57,4.11,7.570021332731803,4.71830645976308,4.1307257409447775,0.0
1720335600,silty,2024,-0.5220734042645467,-0.587580718818303,10.0,3.0,ET0,1,8.24,7.57,8.236770338981968,4.71830645976308,4.198729229777738,0.0
1720422000,silty,2024,-0.6189321346145438,-0.5220734042645467,10.0,3.0,ET0,1,3.58,8.24,3.5751601774979624,4.71830645976308,4.114796006098693,0.0
1720508400,silty,2024,-0.5255288789990064,-0.6189321346145438,10.0,3.0,ET0,1,6.02,3.58,6.021523561190189,4.71830645976308,4.192777580764074,1.0
1720594800,silty,2024,-0.4788486685108559,-0.5255288789990064,10.0,3.0,ET0,1,6.41,6.02,6.408995121084742,4.71830645976308,4.239463676253814,0.0
1720681200,silty,2024,-0.4165092514781699,-0.4788486685108559,10.0,3.0,ET0,1,7.1,6.41,7.100145056634385,4.71830645976308,4.302091070172022,0.0
1720767600,silty,2024,-0.3367447447544188,-0.4165092514781699,10.0,3.0,ET0,1,8.42,7.1,8.417233027045325,4.71830645976308,4.382830316910036,0.0
1720854000,silty,2024,-0.2666635508167949,-0.3367447447544188,10.0,3.0,ET0,1,9.48,8.42,9.478835789843243,4.71830645976308,4.458260938198297,0.0
1720940400,silty,2024,-0.2637736641302426,-0.2666635508167949,10.0,3.0,ET0,1,8.65,9.48,8.65408688020589,4.71830645976308,4.472491566606412,0.0
1721026800,silty,2024,-0.2628715761464648,-0.2637736641302426,10.0,3.0,ET0,1,8.04,8.65,8.038553013013921,4.71830645976308,4.470074389233276,0.0
1721113200,silty,2024,-0.242071549745675,-0.2628715761464648,10.0,3.0,ET0,1,8.08,8.04,8.079175888672749,4.71830645976308,4.485163357229552,0.0
1721199600,silty,2024,-0.1643636302424336,-0.242071549745675,10.0,3.0,ET0,1,9.9,8.08,9.89638188136864,4.71830645976308,4.559962558158331,0.0
1721286000,silty,2024,-0.1678751209999531,-0.1643636302424336,10.0,3.0,ET0,1,8.86,9.9,8.856197692783795,4.71830645976308,4.571886379660548,0.0
1721372400,silty,2024,-0.1670369040636175,-0.1678751209999531,10.0,3.0,ET0,1,8.59,8.86,8.59349226880255,4.71830645976308,4.56647171794841,0.0
1721458800,silty,2024,-0.2077520047708904,-0.1670369040636175,10.0,3.0,ET0,1,6.6,8.59,6.5994601364997925,4.71830645976308,4.527722098327328,0.0
1721545200,silty,2024,-0.1990448824865573,-0.2077520047708904,10.0,3.0,ET0,1,6.36,6.6,6.35886520949269,4.71830645976308,4.522294127846289,0.0
1719126000,silty,2024,-0.6244404567664325,0.0,10.0,3.0,ET0,3,1.66,0.0,1.6632265501860408,4.71830645976308,4.093866002996648,1.7999999999999998
1719212400,silty,2024,-0.7305741285293589,-0.6244404567664325,10.0,3.0,ET0,3,0.0,1.66,1.5856569477409397,4.71830645976308,3.9877323312337216,5.8
1719298800,silty,2024,-0.7809997133752613,-0.6244404567664325,10.0,3.0,ET0,3,0.0,1.66,1.643019943771474,4.71830645976308,3.937306746387819,12.6
1719385200,silty,2024,-0.8634879600040835,-0.6244404567664325,10.0,3.0,ET0,3,6.96,1.66,3.7360647761286776,4.71830645976308,3.8548184997589967,1.0
1719471600,silty,2024,-1.0186435812228034,-0.8634879600040835,10.0,3.0,ET0,3,0.0,6.96,3.283058105037508,4.71830645976308,3.714106843723119,0.0
1719558000,silty,2024,-0.7923636471685973,-0.8634879600040835,10.0,3.0,ET0,3,0.0,6.96,8.105450401178516,4.71830645976308,3.925942812594483,0.0
1719644400,silty,2024,-0.5927450644239821,-0.8634879600040835,10.0,3.0,ET0,3,18.24,6.96,6.855392222915658,4.71830645976308,4.125561395339099,0.0
1719730800,silty,2024,-0.7374334618681669,-0.5927450644239821,10.0,3.0,ET0,3,0.0,18.24,6.275478723242181,4.71830645976308,4.030118895302227,0.0
1719817200,silty,2024,-0.5811268896412991,-0.5927450644239821,10.0,3.0,ET0,3,0.0,18.24,9.008052630760128,4.71830645976308,4.1371795701217815,0.0
1719903600,silty,2024,-0.405089071402621,-0.5927450644239821,10.0,3.0,ET0,3,21.69,18.24,6.40343719338403,4.71830645976308,4.313217388360459,0.0
1719990000,silty,2024,-0.6189200254912777,-0.405089071402621,10.0,3.0,ET0,3,0.0,21.69,6.828302846826217,4.71830645976308,4.1668872287302765,0.0
1720076400,silty,2024,-0.6579941605261479,-0.405089071402621,10.0,3.0,ET0,3,0.0,21.69,3.501203041998366,4.71830645976308,4.062920187885291,0.0
1720162800,silty,2024,-0.5300665864462919,-0.405089071402621,10.0,3.0,ET0,3,14.44,21.69,4.110755932356144,4.71830645976308,4.188239873316788,0.0
1720249200,silty,2024,-0.5975823939781792,-0.5300665864462919,10.0,3.0,ET0,3,0.0,14.44,7.570021332731803,4.71830645976308,4.166329775845416,0.0
1720335600,silty,2024,-0.4187941246656622,-0.5300665864462919,10.0,3.0,ET0,3,0.0,14.44,8.236770338981968,4.71830645976308,4.299512335097418,0.0
1720422000,silty,2024,-0.3128757377647671,-0.5300665864462919,10.0,3.0,ET0,3,19.38,14.44,3.5751601774979624,4.71830645976308,4.4054307219983135,0.0
1720508400,silty,2024,-0.4944962629933134,-0.3128757377647671,10.0,3.0,ET0,3,0.0,19.38,6.021523561190189,4.71830645976308,4.280487258768814,1.0
1720594800,silty,2024,-0.4332787809934726,-0.3128757377647671,10.0,3.0,ET0,3,0.0,19.38,6.408995121084742,4.71830645976308,4.285027678769608,0.0
1720681200,silty,2024,-0.2190606664776084,-0.3128757377647671,10.0,3.0,ET0,3,19.53,19.38,7.100145056634385,4.71830645976308,4.499245793285472,0.0
1720767600,silty,2024,-0.3346956288685201,-0.2190606664776084,10.0,3.0,ET0,3,0.0,19.53,8.417233027045325,4.71830645976308,4.434367020969484,0.0
1720854000,silty,2024,-0.1892859343689267,-0.2190606664776084,10.0,3.0,ET0,3,0.0,19.53,9.478835789843243,4.71830645976308,4.529020525394153,0.0
1720940400,silty,2024,0.0522079963686573,-0.2190606664776084,10.0,3.0,ET0,3,26.55,19.53,8.65408688020589,4.71830645976308,4.770514456131737,0.0
1721026800,silty,2024,-0.2377388365443446,0.0522079963686573,10.0,3.0,ET0,3,0.0,26.55,8.038553013013921,4.71830645976308,4.5544031550888455,0.0
1721113200,silty,2024,-0.2036576104293917,0.0522079963686573,10.0,3.0,ET0,3,0.0,26.55,8.079175888672749,4.71830645976308,4.515575725880657,0.0
1721199600,silty,2024,0.073736569295852,0.0522079963686573,10.0,3.0,ET0,3,26.01,26.55,9.89638188136864,4.71830645976308,4.792043029058933,0.0
1721286000,silty,2024,-0.1838768947360108,0.073736569295852,10.0,3.0,ET0,3,0.0,26.01,8.856197692783795,4.71830645976308,4.606672751736439,0.0
1721372400,silty,2024,-0.1345030108317232,0.073736569295852,10.0,3.0,ET0,3,0.0,26.01,8.59349226880255,4.71830645976308,4.584134032333896,0.0
1721458800,silty,2024,0.0473843878608593,0.073736569295852,10.0,3.0,ET0,3,24.05,26.01,6.5994601364997925,4.71830645976308,4.765690847623939,0.0
1721545200,silty,2024,-0.2341539385808274,0.0473843878608593,10.0,3.0,ET0,3,0.0,24.05,6.35886520949269,4.71830645976308,4.559742033222869,0.0
1719126000,silty,2024,-0.6244404567664325,0.0,10.0,3.0,ET0,7,1.66,0.0,1.6632265501860408,4.71830645976308,4.093866002996648,1.7999999999999998
1719212400,silty,2024,-0.7305741285293589,-0.6244404567664325,10.0,3.0,ET0,7,0.0,1.66,1.5856569477409397,4.71830645976308,3.9877323312337216,5.8
1719298800,silty,2024,-0.7809997133752613,-0.6244404567664325,10.0,3.0,ET0,7,0.0,1.66,1.643019943771474,4.71830645976308,3.937306746387819,12.6
1719385200,silty,2024,-0.8634879600040835,-0.6244404567664325,10.0,3.0,ET0,7,0.0,1.66,3.7360647761286776,4.71830645976308,3.8548184997589967,1.0
1719471600,silty,2024,-0.8502740809095322,-0.6244404567664325,10.0,3.0,ET0,7,0.0,1.66,3.283058105037508,4.71830645976308,3.868032378853548,0.0
1719558000,silty,2024,-0.6243521694644522,-0.6244404567664325,10.0,3.0,ET0,7,0.0,1.66,8.105450401178516,4.71830645976308,4.093954290298628,0.0
1719644400,silty,2024,-0.4269995038845924,-0.6244404567664325,10.0,3.0,ET0,7,0.0,1.66,6.855392222915658,4.71830645976308,4.291306955878488,0.0
1719730800,silty,2024,-0.2396545681883629,-0.6244404567664325,10.0,3.0,ET0,7,31.48,1.66,6.275478723242181,4.71830645976308,4.478651891574717,0.0
1719817200,silty,2024,-0.5624564234928211,-0.2396545681883629,10.0,3.0,ET0,7,0.0,31.48,9.008052630760128,4.71830645976308,4.23815897438766,0.0
1719903600,silty,2024,-0.6019140003651208,-0.2396545681883629,10.0,3.0,ET0,7,0.0,31.48,6.40343719338403,4.71830645976308,4.12777371904181,0.0
1719990000,silty,2024,-0.4217837098977207,-0.2396545681883629,10.0,3.0,ET0,7,0.0,31.48,6.828302846826217,4.71830645976308,4.29652274986536,0.0
1720076400,silty,2024,-0.3188777472794442,-0.2396545681883629,10.0,3.0,ET0,7,0.0,31.48,3.501203041998366,4.71830645976308,4.399428712483636,0.0
1720162800,silty,2024,-0.192437717536427,-0.2396545681883629,10.0,3.0,ET0,7,0.0,31.48,4.110755932356144,4.71830645976308,4.5258687422266535,0.0
1720249200,silty,2024,0.0250027374473814,-0.2396545681883629,10.0,3.0,ET0,7,0.0,31.48,7.570021332731803,4.71830645976308,4.743309197210461,0.0
1720335600,silty,2024,0.2276742805980728,-0.2396545681883629,10.0,3.0,ET0,7,45.66,31.48,8.236770338981968,4.71830645976308,4.945980740361153,0.0
1720422000,silty,2024,-0.5310504615763352,0.2276742805980728,10.0,3.0,ET0,7,0.0,45.66,3.5751601774979624,4.71830645976308,4.390712982422502,0.0
1720508400,silty,2024,-0.6993846255109745,0.2276742805980728,10.0,3.0,ET0,7,0.0,45.66,6.021523561190189,4.71830645976308,4.107236876336753,1.0
1720594800,silty,2024,-0.5067897413061223,0.2276742805980728,10.0,3.0,ET0,7,0.0,45.66,6.408995121084742,4.71830645976308,4.2115167184569575,0.0
1720681200,silty,2024,-0.2770829604797529,0.2276742805980728,10.0,3.0,ET0,7,0.0,45.66,7.100145056634385,4.71830645976308,4.441223499283328,0.0
1720767600,silty,2024,-0.0109481022246996,0.2276742805980728,10.0,3.0,ET0,7,0.0,45.66,8.417233027045325,4.71830645976308,4.70735835753838,0.0
1720854000,silty,2024,0.2614139650882887,0.2276742805980728,10.0,3.0,ET0,7,0.0,45.66,9.478835789843243,4.71830645976308,4.979720424851369,0.0
1720940400,silty,2024,0.4532245576926691,0.2276742805980728,10.0,3.0,ET0,7,49.66,45.66,8.65408688020589,4.71830645976308,5.17153101745575,0.0
1721026800,silty,2024,-0.2747235551739186,0.4532245576926691,10.0,3.0,ET0,7,0.0,49.66,8.038553013013921,4.71830645976308,4.632180328505016,0.0
1721113200,silty,2024,-0.4870809728272113,0.4532245576926691,10.0,3.0,ET0,7,0.0,49.66,8.079175888672749,4.71830645976308,4.3170561239248,0.0
1721199600,silty,2024,-0.2054871480010836,0.4532245576926691,10.0,3.0,ET0,7,0.0,49.66,9.89638188136864,4.71830645976308,4.512819311761997,0.0
1721286000,silty,2024,0.0683677532100813,0.4532245576926691,10.0,3.0,ET0,7,0.0,49.66,8.856197692783795,4.71830645976308,4.786674212973161,0.0
1721372400,silty,2024,0.3157483453296429,0.4532245576926691,10.0,3.0,ET0,7,0.0,49.66,8.59349226880255,4.71830645976308,5.034054805092723,0.0
1721458800,silty,2024,0.468564656802431,0.4532245576926691,10.0,3.0,ET0,7,0.0,49.66,6.5994601364997925,4.71830645976308,5.186871116565511,0.0
1721545200,silty,2024,0.5885645299277346,0.4532245576926691,10.0,3.0,ET0,7,56.42,49.66,6.35886520949269,4.71830645976308,5.306870989690815,0.0
1625986800,sandy,2021,0.222797796250514,0.0,7.0,3.0,ET0,2,7.91,0.0,7.909412676835701,4.71830645976308,4.9411042560135945,0.0
1626073200,sandy,2021,0.2003313683592274,0.222797796250514,7.0,3.0,ET0,2,0.0,7.91,8.171899400888595,4.71830645976308,4.918637828122308,0.0
1626159600,sandy,2021,0.368683226154074,0.222797796250514,7.0,3.0,ET0,2,15.48,7.91,7.307248568315713,4.71830645976308,5.086989685917154,49.2
1626246000,sandy,2021,-1.250156623481068,0.368683226154074,7.0,3.0,ET0,2,0.0,15.48,3.7200181370317593,4.71830645976308,3.5393676817872515,0.0
1626332400,sandy,2021,-1.0058021405710065,0.368683226154074,7.0,3.0,ET0,2,10.31,15.48,6.588938290136868,4.71830645976308,3.7125043191920737,0.0
1626418800,sandy,2021,-1.0954528486093815,-1.0058021405710065,7.0,3.0,ET0,2,0.0,10.31,4.2070949143533625,4.71830645976308,3.6230904214205086,10.8
1626505200,sandy,2021,-1.2436994219695416,-1.0058021405710065,7.0,3.0,ET0,2,5.93,10.31,1.7206288405645938,4.71830645976308,3.4746070377935387,0.8
1626591600,sandy,2021,-1.2856986724811346,-1.2436994219695416,7.0,3.0,ET0,2,0.0,5.93,2.339819333016992,4.71830645976308,3.432607787281946,0.0
1626678000,sandy,2021,-1.0258185521733212,-1.2436994219695416,7.0,3.0,ET0,2,7.88,5.93,5.542148180411579,4.71830645976308,3.692487907589759,0.0
1626764400,sandy,2021,-0.9401212860564958,-1.0258185521733212,7.0,3.0,ET0,2,0.0,7.88,6.336708517861463,4.71830645976308,3.778185173706584,0.0
1626850800,sandy,2021,-0.6155207954833247,-1.0258185521733212,7.0,3.0,ET0,2,14.06,7.88,7.723088615724408,4.71830645976308,4.102785664279756,0.0
1626937200,sandy,2021,-0.7584012700800484,-0.6155207954833247,7.0,3.0,ET0,2,0.0,14.06,6.384988487195638,4.71830645976308,3.959905189683032,0.0
1627023600,sandy,2021,-0.5038795828183713,-0.6155207954833247,7.0,3.0,ET0,2,13.11,14.06,6.724001721462045,4.71830645976308,4.214426876944709,0.0
1627110000,sandy,2021,-0.6341405234671865,-0.5038795828183713,7.0,3.0,ET0,2,0.0,13.11,6.639604206034317,4.71830645976308,4.084165936295894,0.0
1627196400,sandy,2021,-0.4224912396448974,-0.5038795828183713,7.0,3.0,ET0,2,12.71,13.11,6.068344799075018,4.71830645976308,4.295815220118183,0.0
1627282800,sandy,2021,-0.6414580385364475,-0.4224912396448974,7.0,3.0,ET0,2,0.0,12.71,3.7441148307248353,4.71830645976308,4.076848421226633,0.0
1627369200,sandy,2021,-0.4510552421253567,-0.4224912396448974,7.0,3.0,ET0,2,9.0,12.71,5.25782491390273,4.71830645976308,4.267251217637724,1.0
1627455600,sandy,2021,-0.5586448867527738,-0.4510552421253567,7.0,3.0,ET0,2,0.0,9.0,4.067188753317478,4.71830645976308,4.159661573010307,0.0
1627542000,sandy,2021,-0.3558420228547591,-0.4510552421253567,7.0,3.0,ET0,2,9.57,9.0,5.501441403272102,4.71830645976308,4.362464436908321,0.0
1627628400,sandy,2021,-0.3560175972995393,-0.3558420228547591,7.0,3.0,ET0,2,0.0,9.57,7.363960029273559,4.71830645976308,4.362288862463541,0.0
1627714800,sandy,2021,-0.0718111946263789,-0.3558420228547591,7.0,3.0,ET0,2,15.49,9.57,8.127164249908118,4.71830645976308,4.646495265136702,0.0
1627801200,sandy,2021,-0.3532421658489572,-0.0718111946263789,7.0,3.0,ET0,2,0.0,15.49,7.011084171391055,4.71830645976308,4.369218842483679,9.0
1627887600,sandy,2021,-0.2240120598475963,-0.0718111946263789,7.0,3.0,ET0,2,14.32,15.49,7.304828236834061,4.71830645976308,4.494294399915484,0.0
1627974000,sandy,2021,-0.417149801927285,-0.2240120598475963,7.0,3.0,ET0,2,0.0,14.32,7.320018177389831,4.71830645976308,4.301156657835795,0.0
1628060400,sandy,2021,-0.1340958667508737,-0.2240120598475963,7.0,3.0,ET0,2,15.56,14.32,8.239496207860649,4.71830645976308,4.584210593012206,0.0
1628146800,sandy,2021,-0.4492242550308776,-0.1340958667508737,7.0,3.0,ET0,2,0.0,15.56,4.198759507591638,4.71830645976308,4.269082204732203,0.0
1628233200,sandy,2021,-0.1457346811669373,-0.1340958667508737,7.0,3.0,ET0,2,12.46,15.56,8.25634687060054,4.71830645976308,4.572571778596143,0.0
1628319600,sandy,2021,-0.2445721305771305,-0.1457346811669373,7.0,3.0,ET0,2,0.0,12.46,7.823891414052509,4.71830645976308,4.47373432918595,0.0
1628406000,sandy,2021,-0.0099837106985029,-0.1457346811669373,7.0,3.0,ET0,2,14.63,12.46,6.805842568347599,4.71830645976308,4.708322749064577,0.0
1628492400,sandy,2021,-0.179548022504652,-0.0099837106985029,7.0,3.0,ET0,2,0.0,14.63,8.235329351972808,4.71830645976308,4.538758437258428,0.0
1625986800,sandy,2021,0.222797796250514,0.0,7.0,3.0,ET0,1,7.91,0.0,7.909412676835701,4.71830645976308,4.9411042560135945,0.0
1626073200,sandy,2021,0.2003313683592274,0.222797796250514,7.0,3.0,ET0,1,8.17,7.91,8.171899400888595,4.71830645976308,4.918637828122308,0.0
1626159600,sandy,2021,0.1220986513380179,0.2003313683592274,7.0,3.0,ET0,1,7.31,8.17,7.307248568315713,4.71830645976308,4.840405111101099,49.2
1626246000,sandy,2021,-1.2405305570698966,0.1220986513380179,7.0,3.0,ET0,1,3.72,7.31,3.7200181370317593,4.71830645976308,3.5397864537593198,0.0
1626332400,sandy,2021,-1.0911842753708416,-1.2405305570698966,7.0,3.0,ET0,1,6.59,3.72,6.588938290136868,4.71830645976308,3.627122184392239,0.0
1626418800,sandy,2021,-1.080340969947894,-1.0911842753708416,7.0,3.0,ET0,1,4.21,6.59,4.2070949143533625,4.71830645976308,3.637965489815186,10.8
1626505200,sandy,2021,-1.333161283296075,-1.080340969947894,7.0,3.0,ET0,1,1.72,4.21,1.7206288405645938,4.71830645976308,3.389160999771583,0.8
1626591600,sandy,2021,-1.2597022888693716,-1.333161283296075,7.0,3.0,ET0,1,2.34,1.72,2.339819333016992,4.71830645976308,3.4586041708937088,0.0
1626678000,sandy,2021,-1.0577903728794544,-1.2597022888693716,7.0,3.0,ET0,1,5.54,2.34,5.542148180411579,4.71830645976308,3.660516086883626,0.0
1626764400,sandy,2021,-0.914887540691136,-1.0577903728794544,7.0,3.0,ET0,1,6.34,5.54,6.336708517861463,4.71830645976308,3.803418919071945,0.0
1626850800,sandy,2021,-0.7638175152106876,-0.914887540691136,7.0,3.0,ET0,1,7.72,6.34,7.723088615724408,4.71830645976308,3.9544889445523927,0.0
1626937200,sandy,2021,-0.7269203174937594,-0.7638175152106876,7.0,3.0,ET0,1,6.38,7.72,6.384988487195638,4.71830645976308,3.9913861422693206,0.0
1627023600,sandy,2021,-0.6481545462902736,-0.7269203174937594,7.0,3.0,ET0,1,6.72,6.38,6.724001721462045,4.71830645976308,4.070151913472807,0.0
1627110000,sandy,2021,-0.5953756582203037,-0.6481545462902736,7.0,3.0,ET0,1,6.64,6.72,6.639604206034317,4.71830645976308,4.122930801542776,0.0
1627196400,sandy,2021,-0.5682734776930799,-0.5953756582203037,7.0,3.0,ET0,1,6.07,6.64,6.068344799075018,4.71830645976308,4.15003298207,0.0
1627282800,sandy,2021,-0.6001637011215092,-0.5682734776930799,7.0,3.0,ET0,1,3.74,6.07,3.7441148307248353,4.71830645976308,4.118142758641571,0.0
1627369200,sandy,2021,-0.5094222352007204,-0.6001637011215092,7.0,3.0,ET0,1,5.26,3.74,5.25782491390273,4.71830645976308,4.20888422456236,1.0
1627455600,sandy,2021,-0.5157805627609022,-0.5094222352007204,7.0,3.0,ET0,1,4.07,5.26,4.067188753317478,4.71830645976308,4.202525897002178,0.0
1627542000,sandy,2021,-0.4268265934493664,-0.5157805627609022,7.0,3.0,ET0,1,5.5,4.07,5.501441403272102,4.71830645976308,4.291479866313714,0.0
1627628400,sandy,2021,-0.3105823434493442,-0.4268265934493664,7.0,3.0,ET0,1,7.36,5.5,7.363960029273559,4.71830645976308,4.407724116313736,0.0
1627714800,sandy,2021,-0.2418137658103992,-0.3105823434493442,7.0,3.0,ET0,1,8.13,7.36,8.127164249908118,4.71830645976308,4.4764926939526815,0.0
1627801200,sandy,2021,-0.2725053691064926,-0.2418137658103992,7.0,3.0,ET0,1,7.01,8.13,7.011084171391055,4.71830645976308,4.445801090656588,9.0
1627887600,sandy,2021,-0.3639439885265415,-0.2725053691064926,7.0,3.0,ET0,1,7.3,7.01,7.304828236834061,4.71830645976308,4.354362471236539,0.0
1627974000,sandy,2021,-0.3394846207957638,-0.3639439885265415,7.0,3.0,ET0,1,7.32,7.3,7.320018177389831,4.71830645976308,4.378821838967316,0.0
1628060400,sandy,2021,-0.2699126543150521,-0.3394846207957638,7.0,3.0,ET0,1,8.24,7.32,8.239496207860649,4.71830645976308,4.4483938054480285,0.0
1628146800,sandy,2021,-0.3659319170700363,-0.2699126543150521,7.0,3.0,ET0,1,4.2,8.24,4.198759507591638,4.71830645976308,4.352374542693044,0.0
1628233200,sandy,2021,-0.1828418177994284,-0.3659319170700363,7.0,3.0,ET0,1,8.26,4.2,8.25634687060054,4.71830645976308,4.535464641963652,0.0
1628319600,sandy,2021,-0.1589967265668769,-0.1828418177994284,7.0,3.0,ET0,1,7.82,8.26,7.823891414052509,4.71830645976308,4.559309733196203,0.0
1628406000,sandy,2021,-0.1614688096777244,-0.1589967265668769,7.0,3.0,ET0,1,6.81,7.82,6.805842568347599,4.71830645976308,4.556837650085356,0.0
1628492400,sandy,2021,-0.0837919195685333,-0.1614688096777244,7.0,3.0,ET0,1,8.24,6.81,8.235329351972808,4.71830645976308,4.634514540194547,0.0
1625986800,sandy,2021,0.222797796250514,0.0,7.0,3.0,ET0,3,7.91,0.0,7.909412676835701,4.71830645976308,4.9411042560135945,0.0
1626073200,sandy,2021,0.2003313683592274,0.222797796250514,7.0,3.0,ET0,3,0.0,7.91,8.171899400888595,4.71830645976308,4.918637828122308,0.0
1626159600,sandy,2021,0.368683226154074,0.222797796250514,7.0,3.0,ET0,3,0.0,7.91,7.307248568315713,4.71830645976308,5.086989685917154,49.2
1626246000,sandy,2021,-0.7865388106714165,0.222797796250514,7.0,3.0,ET0,3,19.2,7.91,3.7200181370317593,4.71830645976308,3.936546081810397,0.0
1626332400,sandy,2021,-1.174649322460216,-0.7865388106714165,7.0,3.0,ET0,3,0.0,19.2,6.588938290136868,4.71830645976308,3.5778877183563647,0.0
1626418800,sandy,2021,-0.9851110970868796,-0.7865388106714165,7.0,3.0,ET0,3,0.0,19.2,4.2070949143533625,4.71830645976308,3.7331953626762,10.8
1626505200,sandy,2021,-1.1326099090849175,-0.7865388106714165,7.0,3.0,ET0,3,12.52,19.2,1.7206288405645938,4.71830645976308,3.5856965506781626,0.8
1626591600,sandy,2021,-1.353999710646857,-1.1326099090849175,7.0,3.0,ET0,3,0.0,12.52,2.339819333016992,4.71830645976308,3.37754556375059,0.0
1626678000,sandy,2021,-1.0857765176994918,-1.1326099090849175,7.0,3.0,ET0,3,0.0,12.52,5.542148180411579,4.71830645976308,3.632529942063589,0.0
1626764400,sandy,2021,-0.7877168500114065,-1.1326099090849175,7.0,3.0,ET0,3,14.22,12.52,6.336708517861463,4.71830645976308,3.930589609751674,0.0
1626850800,sandy,2021,-0.8454527851616644,-0.7877168500114065,7.0,3.0,ET0,3,0.0,14.22,7.723088615724408,4.71830645976308,3.872853674601416,0.0
1626937200,sandy,2021,-0.592001816388345,-0.7877168500114065,7.0,3.0,ET0,3,0.0,14.22,6.384988487195638,4.71830645976308,4.126304643374735,0.0
1627023600,sandy,2021,-0.329165562609499,-0.7877168500114065,7.0,3.0,ET0,3,20.83,14.22,6.724001721462045,4.71830645976308,4.389140897153581,0.0
1627110000,sandy,2021,-0.7119147178294835,-0.329165562609499,7.0,3.0,ET0,3,0.0,20.83,6.639604206034317,4.71830645976308,4.007268202403176,0.0
1627196400,sandy,2021,-0.5000602570953385,-0.329165562609499,7.0,3.0,ET0,3,0.0,20.83,6.068344799075018,4.71830645976308,4.218246202667742,0.0
1627282800,sandy,2021,-0.3525792406195033,-0.329165562609499,7.0,3.0,ET0,3,16.45,20.83,3.7441148307248353,4.71830645976308,4.365727219143577,0.0
1627369200,sandy,2021,-0.6339031285082711,-0.3525792406195033,7.0,3.0,ET0,3,0.0,16.45,5.25782491390273,4.71830645976308,4.084403331254809,1.0
1627455600,sandy,2021,-0.4968935897409985,-0.3525792406195033,7.0,3.0,ET0,3,0.0,16.45,4.067188753317478,4.71830645976308,4.221412870022082,0.0
1627542000,sandy,2021,-0.28377775594951,-0.3525792406195033,7.0,3.0,ET0,3,14.83,16.45,5.501441403272102,4.71830645976308,4.43452870381357,0.0
1627628400,sandy,2021,-0.4507547811227721,-0.28377775594951,7.0,3.0,ET0,3,0.0,14.83,7.363960029273559,4.71830645976308,4.2675516786403085,0.0
1627714800,sandy,2021,-0.1613316891149179,-0.28377775594951,7.0,3.0,ET0,3,0.0,14.83,8.127164249908118,4.71830645976308,4.5569747706481625,0.0
1627801200,sandy,2021,0.061459135634394,-0.28377775594951,7.0,3.0,ET0,3,22.5,14.83,7.011084171391055,4.71830645976308,4.779765595397475,9.0
1627887600,sandy,2021,-0.5430501905258562,0.061459135634394,7.0,3.0,ET0,3,0.0,22.5,7.304828236834061,4.71830645976308,4.178108881379012,0.0
1627974000,sandy,2021,-0.3041094534093422,0.061459135634394,7.0,3.0,ET0,3,0.0,22.5,7.320018177389831,4.71830645976308,4.414197006353738,0.0
1628060400,sandy,2021,-0.0160259375219853,0.061459135634394,7.0,3.0,ET0,3,22.86,22.5,8.239496207860649,4.71830645976308,4.702280522241095,0.0
1628146800,sandy,2021,-0.5717238194565689,-0.0160259375219853,7.0,3.0,ET0,3,0.0,22.86,4.198759507591638,4.71830645976308,4.1496500196459705,0.0
1628233200,sandy,2021,-0.2666992454001362,-0.0160259375219853,7.0,3.0,ET0,3,0.0,22.86,8.25634687060054,4.71830645976308,4.451607214362944,0.0
1628319600,sandy,2021,0.0081956030604685,-0.0160259375219853,7.0,3.0,ET0,3,20.28,22.86,7.823891414052509,4.71830645976308,4.726502062823549,0.0
1628406000,sandy,2021,-0.3927482362339022,0.0081956030604685,7.0,3.0,ET0,3,0.0,20.28,6.805842568347599,4.71830645976308,4.325558223529178,0.0
1628492400,sandy,2021,-0.1039465188114206,0.0081956030604685,7.0,3.0,ET0,3,0.0,20.28,8.235329351972808,4.71830645976308,4.614359940951659,0.0
1625986800,sandy,2021,0.222797796250514,0.0,7.0,3.0,ET0,7,7.91,0.0,7.909412676835701,4.71830645976308,4.9411042560135945,0.0
1626073200,sandy,2021,0.2003313683592274,0.222797796250514,7.0,3.0,ET0,7,0.0,7.91,8.171899400888595,4.71830645976308,4.918637828122308,0.0
1626159600,sandy,2021,0.368683226154074,0.222797796250514,7.0,3.0,ET0,7,0.0,7.91,7.307248568315713,4.71830645976308,5.086989685917154,49.2
1626246000,sandy,2021,-0.7865388106714165,0.222797796250514,7.0,3.0,ET0,7,0.0,7.91,3.7200181370317593,4.71830645976308,3.936546081810397,0.0
1626332400,sandy,2021,-0.6438663602024871,0.222797796250514,7.0,3.0,ET0,7,0.0,7.91,6.588938290136868,4.71830645976308,4.074440099560593,0.0
1626418800,sandy,2021,-0.4808655485267342,0.222797796250514,7.0,3.0,ET0,7,0.0,7.91,4.2070949143533625,4.71830645976308,4.237440911236346,10.8
1626505200,sandy,2021,-0.6456732135149164,0.222797796250514,7.0,3.0,ET0,7,0.0,7.91,1.7206288405645938,4.71830645976308,4.072633246248164,0.8
1626591600,sandy,2021,-0.6068687428119777,0.222797796250514,7.0,3.0,ET0,7,34.06,7.91,2.339819333016992,4.71830645976308,4.111437716951103,0.0
1626678000,sandy,2021,-1.3282873598425995,-0.6068687428119777,7.0,3.0,ET0,7,0.0,34.06,5.542148180411579,4.71830645976308,3.485872105199274,0.0
1626764400,sandy,2021,-1.026819952935491,-0.6068687428119777,7.0,3.0,ET0,7,0.0,34.06,6.336708517861463,4.71830645976308,3.691486506827589,0.0
1626850800,sandy,2021,-0.670569580321529,-0.6068687428119777,7.0,3.0,ET0,7,0.0,34.06,7.723088615724408,4.71830645976308,4.047736879441551,0.0
1626937200,sandy,2021,-0.3898268546684347,-0.6068687428119777,7.0,3.0,ET0,7,0.0,34.06,6.384988487195638,4.71830645976308,4.328479605094645,0.0
1627023600,sandy,2021,-0.1516634040903072,-0.6068687428119777,7.0,3.0,ET0,7,0.0,34.06,6.724001721462045,4.71830645976308,4.566643055672773,0.0
1627110000,sandy,2021,0.0376257615455711,-0.6068687428119777,7.0,3.0,ET0,7,0.0,34.06,6.639604206034317,4.71830645976308,4.755932221308651,0.0
1627196400,sandy,2021,0.1844755087378388,-0.6068687428119777,7.0,3.0,ET0,7,45.42,34.06,6.068344799075018,4.71830645976308,4.90278196850092,0.0
1627282800,sandy,2021,-1.0496278954018203,0.1844755087378388,7.0,3.0,ET0,7,0.0,45.42,3.7441148307248353,4.71830645976308,3.787516995513057,0.0
1627369200,sandy,2021,-0.855080200825961,0.1844755087378388,7.0,3.0,ET0,7,0.0,45.42,5.25782491390273,4.71830645976308,3.86322625893712,1.0
1627455600,sandy,2021,-0.6980003280809185,0.1844755087378388,7.0,3.0,ET0,7,0.0,45.42,4.067188753317478,4.71830645976308,4.020306131682162,0.0
1627542000,sandy,2021,-0.468018476716724,0.1844755087378388,7.0,3.0,ET0,7,0.0,45.42,5.501441403272102,4.71830645976308,4.2502879830463565,0.0
1627628400,sandy,2021,-0.182662963882482,0.1844755087378388,7.0,3.0,ET0,7,0.0,45.42,7.363960029273559,4.71830645976308,4.535643495880598,0.0
1627714800,sandy,2021,0.0615913189570624,0.1844755087378388,7.0,3.0,ET0,7,0.0,45.42,8.127164249908118,4.71830645976308,4.779897778720143,0.0
1627801200,sandy,2021,0.2359031751844501,0.1844755087378388,7.0,3.0,ET0,7,41.07,45.42,7.011084171391055,4.71830645976308,4.954209634947531,9.0
1627887600,sandy,2021,-0.95494259307437,0.2359031751844501,7.0,3.0,ET0,7,0.0,41.07,7.304828236834061,4.71830645976308,3.850247947371457,0.0
1627974000,sandy,2021,-0.7029148462860488,0.2359031751844501,7.0,3.0,ET0,7,0.0,41.07,7.320018177389831,4.71830645976308,4.015391613477031,0.0
1628060400,sandy,2021,-0.3803301046675915,0.2359031751844501,7.0,3.0,ET0,7,0.0,41.07,8.239496207860649,4.71830645976308,4.337976355095488,0.0
1628146800,sandy,2021,-0.218520085334531,0.2359031751844501,7.0,3.0,ET0,7,0.0,41.07,4.198759507591638,4.71830645976308,4.499786374428549,0.0
1628233200,sandy,2021,0.0488248137448431,0.2359031751844501,7.0,3.0,ET0,7,0.0,41.07,8.25634687060054,4.71830645976308,4.767131273507923,0.0
1628319600,sandy,2021,0.2437601444637329,0.2359031751844501,7.0,3.0,ET0,7,0.0,41.07,7.823891414052509,4.71830645976308,4.962066604226814,0.0
1628406000,sandy,2021,0.3890933601571668,0.2359031751844501,7.0,3.0,ET0,7,49.95,41.07,6.805842568347599,4.71830645976308,5.107399819920247,0.0
1628492400,sandy,2021,-0.9321179489136504,0.3890933601571668,7.0,3.0,ET0,7,0.0,49.95,8.235329351972808,4.71830645976308,3.921120269862065,0.0
1655967600,sandy,2022,-0.3034151652091952,0.0,7.0,3.0,ET0,2,5.92,0.0,5.915965904891959,4.71830645976308,4.414891294553885,0.0
1656054000,sandy,2022,-0.3224088483837016,-0.3034151652091952,7.0,3.0,ET0,2,0.0,5.92,5.717907755951627,4.71830645976308,4.395897611379379,0.0
1656140400,sandy,2022,-0.1038018345009445,-0.3034151652091952,7.0,3.0,ET0,2,14.92,5.92,9.203948870710636,4.71830645976308,4.614504625262136,0.0
1656226800,sandy,2022,-0.2990480473301561,-0.1038018345009445,7.0,3.0,ET0,2,0.0,14.92,9.569797117975432,4.71830645976308,4.419258412432924,0.0
1656313200,sandy,2022,-0.106663781149282,-0.1038018345009445,7.0,3.0,ET0,2,18.26,14.92,8.693094774412245,4.71830645976308,4.611642678613798,0.0
1656399600,sandy,2022,-0.4530845433292861,-0.106663781149282,7.0,3.0,ET0,2,0.0,18.26,7.460713537351751,4.71830645976308,4.265255335057238,1.6
1656486000,sandy,2022,-0.4254859218651678,-0.106663781149282,7.0,3.0,ET0,2,9.29,18.26,1.8323231735051733,4.71830645976308,4.292820537897913,0.0
1656572400,sandy,2022,-0.5047703810443589,-0.4254859218651678,7.0,3.0,ET0,2,0.0,9.29,6.425725286268609,4.71830645976308,4.213536078718722,0.0
1656658800,sandy,2022,-0.2882930719291071,-0.4254859218651678,7.0,3.0,ET0,2,14.91,9.29,8.481182130641368,4.71830645976308,4.430013387833973,0.0
1656745200,sandy,2022,-0.4456332991139964,-0.2882930719291071,7.0,3.0,ET0,2,0.0,14.91,9.684100900879589,4.71830645976308,4.272673160649084,0.0
1656831600,sandy,2022,-0.2419070764565606,-0.2882930719291071,7.0,3.0,ET0,2,17.56,14.91,7.875822878948619,4.71830645976308,4.47639938330652,0.0
1656918000,sandy,2022,-0.4964140743267793,-0.2419070764565606,7.0,3.0,ET0,2,0.0,17.56,8.846129638751195,4.71830645976308,4.221892385436301,0.0
1657004400,sandy,2022,-0.2701041943299569,-0.2419070764565606,7.0,3.0,ET0,2,17.2,17.56,8.353871892123982,4.71830645976308,4.448202265433124,0.0
1657090800,sandy,2022,-0.5288907475005801,-0.2701041943299569,7.0,3.0,ET0,2,0.0,17.2,8.10868026961472,4.71830645976308,4.1894157122625,0.0
1657177200,sandy,2022,-0.3797081314493858,-0.2701041943299569,7.0,3.0,ET0,2,13.39,17.2,5.27960920736311,4.71830645976308,4.338598328313695,11.6
1657263600,sandy,2022,-0.7051043970884806,-0.3797081314493858,7.0,3.0,ET0,2,0.0,13.39,7.275206390354677,4.71830645976308,4.025545845132407,0.0
1657350000,sandy,2022,-0.5443790067415941,-0.3797081314493858,7.0,3.0,ET0,2,14.4,13.39,7.121172904786319,4.71830645976308,4.173927453021486,0.0
1657436400,sandy,2022,-0.6956862503456503,-0.5443790067415941,7.0,3.0,ET0,2,0.0,14.4,7.612583271961939,4.71830645976308,4.02262020941743,0.0
1657522800,sandy,2022,-0.426388532114113,-0.5443790067415941,7.0,3.0,ET0,2,16.08,14.4,8.472336750464112,4.71830645976308,4.291917927648967,0.0
1657609200,sandy,2022,-0.6337018611419211,-0.426388532114113,7.0,3.0,ET0,2,0.0,16.08,7.487993037508327,4.71830645976308,4.084604598621159,0.0
1657695600,sandy,2022,-0.4582041410696121,-0.426388532114113,7.0,3.0,ET0,2,12.93,16.08,5.439558555641069,4.71830645976308,4.260102318693468,0.0
1657782000,sandy,2022,-0.5393901186536314,-0.4582041410696121,7.0,3.0,ET0,2,0.0,12.93,8.254676604732598,4.71830645976308,4.178916341109449,0.0
1657868400,sandy,2022,-0.2286480725037197,-0.4582041410696121,7.0,3.0,ET0,2,17.7,12.93,9.447916516172471,4.71830645976308,4.489658387259361,0.0
1657954800,sandy,2022,-0.4589530469345196,-0.2286480725037197,7.0,3.0,ET0,2,0.0,17.7,8.968687582898376,4.71830645976308,4.259353412828561,0.0
1658041200,sandy,2022,-0.2170469211929765,-0.2286480725037197,7.0,3.0,ET0,2,16.67,17.7,7.701644419417017,4.71830645976308,4.501259538570103,0.0
1658127600,sandy,2022,-0.4669234621363504,-0.2170469211929765,7.0,3.0,ET0,2,0.0,16.67,7.236620092977568,4.71830645976308,4.25138299762673,0.0
1658214000,sandy,2022,-0.209306810009413,-0.2170469211929765,7.0,3.0,ET0,2,15.21,16.67,7.976539558735554,4.71830645976308,4.508999649753667,0.0
1658300400,sandy,2022,-0.3562730487872201,-0.209306810009413,7.0,3.0,ET0,2,0.0,15.21,9.031637030513592,4.71830645976308,4.36203341097586,0.0
1658386800,sandy,2022,-0.0856704770405204,-0.209306810009413,7.0,3.0,ET0,2,17.56,15.21,8.523521442036436,4.71830645976308,4.63263598272256,0.0
1655967600,sandy,2022,-0.3034151652091952,0.0,7.0,3.0,ET0,1,5.92,0.0,5.915965904891959,4.71830645976308,4.414891294553885,0.0
1656054000,sandy,2022,-0.3224088483837016,-0.3034151652091952,7.0,3.0,ET0,1,5.72,5.92,5.717907755951627,4.71830645976308,4.395897611379379,0.0
1656140400,sandy,2022,-0.2529687476700359,-0.3224088483837016,7.0,3.0,ET0,1,9.2,5.72,9.203948870710636,4.71830645976308,4.465337712093044,0.0
1656226800,sandy,2022,-0.2847671359622729,-0.2529687476700359,7.0,3.0,ET0,1,9.57,9.2,9.569797117975432,4.71830645976308,4.433539323800807,0.0
1656313200,sandy,2022,-0.3527818019273399,-0.2847671359622729,7.0,3.0,ET0,1,8.69,9.57,8.693094774412245,4.71830645976308,4.36552465783574,0.0
1656399600,sandy,2022,-0.420411222833094,-0.3527818019273399,7.0,3.0,ET0,1,7.46,8.69,7.460713537351751,4.71830645976308,4.297895236929986,1.6
1656486000,sandy,2022,-0.5910540871744195,-0.420411222833094,7.0,3.0,ET0,1,1.83,7.46,1.8323231735051733,4.71830645976308,4.127252372588661,0.0
1656572400,sandy,2022,-0.4715959899390301,-0.5910540871744195,7.0,3.0,ET0,1,6.43,1.83,6.425725286268609,4.71830645976308,4.24671046982405,0.0
1656658800,sandy,2022,-0.4184192408935404,-0.4715959899390301,7.0,3.0,ET0,1,8.48,6.43,8.481182130641368,4.71830645976308,4.29988721886954,0.0
1656745200,sandy,2022,-0.3966268369347528,-0.4184192408935404,7.0,3.0,ET0,1,9.68,8.48,9.684100900879589,4.71830645976308,4.321679622828327,0.0
1656831600,sandy,2022,-0.4554657321483138,-0.3966268369347528,7.0,3.0,ET0,1,7.88,9.68,7.875822878948619,4.71830645976308,4.262840727614766,0.0
1656918000,sandy,2022,-0.432852195366025,-0.4554657321483138,7.0,3.0,ET0,1,8.85,7.88,8.846129638751195,4.71830645976308,4.285454264397055,0.0
1657004400,sandy,2022,-0.4445395081155178,-0.432852195366025,7.0,3.0,ET0,1,8.35,8.85,8.353871892123982,4.71830645976308,4.273766951647563,0.0
1657090800,sandy,2022,-0.4538854808817222,-0.4445395081155178,7.0,3.0,ET0,1,8.11,8.35,8.10868026961472,4.71830645976308,4.264420978881358,0.0
1657177200,sandy,2022,-0.5229469590274427,-0.4538854808817222,7.0,3.0,ET0,1,5.28,8.11,5.27960920736311,4.71830645976308,4.195359500735638,11.6
1657263600,sandy,2022,-0.6160443240955038,-0.5229469590274427,7.0,3.0,ET0,1,7.28,5.28,7.275206390354677,4.71830645976308,4.102909918302148,0.0
1657350000,sandy,2022,-0.6596276162194028,-0.6160443240955038,7.0,3.0,ET0,1,7.12,7.28,7.121172904786319,4.71830645976308,4.058678843543677,0.0
1657436400,sandy,2022,-0.614811334687015,-0.6596276162194028,7.0,3.0,ET0,1,7.61,7.12,7.612583271961939,4.71830645976308,4.103495125076066,0.0
1657522800,sandy,2022,-0.550704735899806,-0.614811334687015,7.0,3.0,ET0,1,8.47,7.61,8.472336750464112,4.71830645976308,4.1676017238632745,0.0
1657609200,sandy,2022,-0.5491503280672925,-0.550704735899806,7.0,3.0,ET0,1,7.49,8.47,7.487993037508327,4.71830645976308,4.169156131695788,0.0
1657695600,sandy,2022,-0.5764253071313382,-0.5491503280672925,7.0,3.0,ET0,1,5.44,7.49,5.439558555641069,4.71830645976308,4.141881152631743,0.0
1657782000,sandy,2022,-0.4524533850138991,-0.5764253071313382,7.0,3.0,ET0,1,8.25,5.44,8.254676604732598,4.71830645976308,4.265853074749181,0.0
1657868400,sandy,2022,-0.3731791988244594,-0.4524533850138991,7.0,3.0,ET0,1,9.45,8.25,9.447916516172471,4.71830645976308,4.345127260938621,0.0
1657954800,sandy,2022,-0.358519611362578,-0.3731791988244594,7.0,3.0,ET0,1,8.97,9.45,8.968687582898376,4.71830645976308,4.359786848400503,0.0
1658041200,sandy,2022,-0.373286596164001,-0.358519611362578,7.0,3.0,ET0,1,7.7,8.97,7.701644419417017,4.71830645976308,4.345019863599079,0.0
1658127600,sandy,2022,-0.3634204435184893,-0.373286596164001,7.0,3.0,ET0,1,7.24,7.7,7.236620092977568,4.71830645976308,4.354886016244591,0.0
1658214000,sandy,2022,-0.3113958589229385,-0.3634204435184893,7.0,3.0,ET0,1,7.98,7.24,7.976539558735554,4.71830645976308,4.406910600840142,0.0
1658300400,sandy,2022,-0.248192605277711,-0.3113958589229385,7.0,3.0,ET0,1,9.03,7.98,9.031637030513592,4.71830645976308,4.470113854485369,0.0
1658386800,sandy,2022,-0.2426699870986378,-0.248192605277711,7.0,3.0,ET0,1,8.52,9.03,8.523521442036436,4.71830645976308,4.475636472664442,0.0
1655967600,sandy,2022,-0.3034151652091952,0.0,7.0,3.0,ET0,3,5.92,0.0,5.915965904891959,4.71830645976308,4.414891294553885,0.0
1656054000,sandy,2022,-0.3224088483837016,-0.3034151652091952,7.0,3.0,ET0,3,0.0,5.92,5.717907755951627,4.71830645976308,4.395897611379379,0.0
1656140400,sandy,2022,-0.1038018345009445,-0.3034151652091952,7.0,3.0,ET0,3,0.0,5.92,9.203948870710636,4.71830645976308,4.614504625262136,0.0
1656226800,sandy,2022,0.0945450853327174,-0.3034151652091952,7.0,3.0,ET0,3,24.49,5.92,9.569797117975432,4.71830645976308,4.812851545095798,0.0
1656313200,sandy,2022,-0.4271582357236487,0.0945450853327174,7.0,3.0,ET0,3,0.0,24.49,8.693094774412245,4.71830645976308,4.293275146895235,0.0
1656399600,sandy,2022,-0.2627712271872138,0.0945450853327174,7.0,3.0,ET0,3,0.0,24.49,7.460713537351751,4.71830645976308,4.455535232575866,1.6
1656486000,sandy,2022,-0.2201571702218617,0.0945450853327174,7.0,3.0,ET0,3,17.99,24.49,1.8323231735051733,4.71830645976308,4.498149289541218,0.0
1656572400,sandy,2022,-0.559062293812955,-0.2201571702218617,7.0,3.0,ET0,3,0.0,17.99,6.425725286268609,4.71830645976308,4.159448761220235,0.0
1656658800,sandy,2022,-0.3428790742691331,-0.2201571702218617,7.0,3.0,ET0,3,0.0,17.99,8.481182130641368,4.71830645976308,4.375427385493947,0.0
1656745200,sandy,2022,-0.0934164782974488,-0.2201571702218617,7.0,3.0,ET0,3,24.59,17.99,9.684100900879589,4.71830645976308,4.624889981465631,0.0
1656831600,sandy,2022,-0.5878301265392888,-0.0934164782974488,7.0,3.0,ET0,3,0.0,24.59,7.875822878948619,4.71830645976308,4.135966200090724,0.0
1656918000,sandy,2022,-0.3517849327931829,-0.0934164782974488,7.0,3.0,ET0,3,0.0,24.59,8.846129638751195,4.71830645976308,4.366521526969898,0.0
1657004400,sandy,2022,-0.1190620324085375,-0.0934164782974488,7.0,3.0,ET0,3,25.08,24.59,8.353871892123982,4.71830645976308,4.599244427354543,0.0
1657090800,sandy,2022,-0.6202831182838953,-0.1190620324085375,7.0,3.0,ET0,3,0.0,25.08,8.10868026961472,4.71830645976308,4.106661259143077,0.0
1657177200,sandy,2022,-0.4691967668994089,-0.1190620324085375,7.0,3.0,ET0,3,0.0,25.08,5.27960920736311,4.71830645976308,4.249109692863671,11.6
1657263600,sandy,2022,-0.3794346438301021,-0.1190620324085375,7.0,3.0,ET0,3,20.66,25.08,7.275206390354677,4.71830645976308,4.338871815932978,0.0
1657350000,sandy,2022,-0.8190331539867846,-0.3794346438301021,7.0,3.0,ET0,3,0.0,20.66,7.121172904786319,4.71830645976308,3.9110180047679006,0.0
1657436400,sandy,2022,-0.5888802579283309,-0.3794346438301021,7.0,3.0,ET0,3,0.0,20.66,7.612583271961939,4.71830645976308,4.129426201834749,0.0
1657522800,sandy,2022,-0.3081691040735639,-0.3794346438301021,7.0,3.0,ET0,3,23.21,20.66,8.472336750464112,4.71830645976308,4.410137355689517,0.0
1657609200,sandy,2022,-0.7293953045824516,-0.3081691040735639,7.0,3.0,ET0,3,0.0,23.21,7.487993037508327,4.71830645976308,3.9960331265820064,0.0
1657695600,sandy,2022,-0.5528551277627156,-0.3081691040735639,7.0,3.0,ET0,3,0.0,23.21,5.439558555641069,4.71830645976308,4.165451332000365,0.0
1657782000,sandy,2022,-0.2694805667201658,-0.3081691040735639,7.0,3.0,ET0,3,21.18,23.21,8.254676604732598,4.71830645976308,4.4488258930429145,0.0
1657868400,sandy,2022,-0.572761483866519,-0.2694805667201658,7.0,3.0,ET0,3,0.0,21.18,9.447916516172471,4.71830645976308,4.14588456607886,0.0
1657954800,sandy,2022,-0.2825514333806725,-0.2694805667201658,7.0,3.0,ET0,3,0.0,21.18,8.968687582898376,4.71830645976308,4.435755026382408,0.0
1658041200,sandy,2022,-0.037816861273665,-0.2694805667201658,7.0,3.0,ET0,3,26.12,21.18,7.701644419417017,4.71830645976308,4.680489598489415,0.0
1658127600,sandy,2022,-0.5959287841439612,-0.037816861273665,7.0,3.0,ET0,3,0.0,26.12,7.236620092977568,4.71830645976308,4.131727680634226,0.0
1658214000,sandy,2022,-0.3370745951850832,-0.037816861273665,7.0,3.0,ET0,3,0.0,26.12,7.976539558735554,4.71830645976308,4.381231864577997,0.0
1658300400,sandy,2022,-0.0337484705273968,-0.037816861273665,7.0,3.0,ET0,3,24.24,26.12,9.031637030513592,4.71830645976308,4.684557989235684,0.0
1658386800,sandy,2022,-0.5002609742857143,-0.0337484705273968,7.0,3.0,ET0,3,0.0,24.24,8.523521442036436,4.71830645976308,4.221732277859426,0.0
1655967600,sandy,2022,-0.3034151652091952,0.0,7.0,3.0,ET0,7,5.92,0.0,5.915965904891959,4.71830645976308,4.414891294553885,0.0
1656054000,sandy,2022,-0.3224088483837016,-0.3034151652091952,7.0,3.0,ET0,7,0.0,5.92,5.717907755951627,4.71830645976308,4.395897611379379,0.0
1656140400,sandy,2022,-0.1038018345009445,-0.3034151652091952,7.0,3.0,ET0,7,0.0,5.92,9.203948870710636,4.71830645976308,4.614504625262136,0.0
1656226800,sandy,2022,0.0945450853327174,-0.3034151652091952,7.0,3.0,ET0,7,0.0,5.92,9.569797117975432,4.71830645976308,4.812851545095798,0.0
1656313200,sandy,2022,0.2377490806580626,-0.3034151652091952,7.0,3.0,ET0,7,0.0,5.92,8.693094774412245,4.71830645976308,4.956055540421143,0.0
1656399600,sandy,2022,0.340223566076775,-0.3034151652091952,7.0,3.0,ET0,7,0.0,5.92,7.460713537351751,4.71830645976308,5.058530025839855,1.6
1656486000,sandy,2022,0.3663233295588519,-0.3034151652091952,7.0,3.0,ET0,7,0.0,5.92,1.8323231735051733,4.71830645976308,5.084629789321932,0.0
1656572400,sandy,2022,0.4493983508980367,-0.3034151652091952,7.0,3.0,ET0,7,48.9,5.92,6.425725286268609,4.71830645976308,5.167704810661117,0.0
1656658800,sandy,2022,-0.8435549045888623,0.4493983508980367,7.0,3.0,ET0,7,0.0,48.9,8.481182130641368,4.71830645976308,3.995399934952954,0.0
1656745200,sandy,2022,-0.5858720794792419,0.4493983508980367,7.0,3.0,ET0,7,0.0,48.9,9.684100900879589,4.71830645976308,4.132434380283838,0.0
1656831600,sandy,2022,-0.3682306763520609,0.4493983508980367,7.0,3.0,ET0,7,0.0,48.9,7.875822878948619,4.71830645976308,4.350075783411019,0.0
1656918000,sandy,2022,-0.1272702030364401,0.4493983508980367,7.0,3.0,ET0,7,0.0,48.9,8.846129638751195,4.71830645976308,4.59103625672664,0.0
1657004400,sandy,2022,0.0647915959738559,0.4493983508980367,7.0,3.0,ET0,7,0.0,48.9,8.353871892123982,4.71830645976308,4.783098055736936,0.0
1657090800,sandy,2022,0.2186236882419042,0.4493983508980367,7.0,3.0,ET0,7,0.0,48.9,8.10868026961472,4.71830645976308,4.9369301480049845,0.0
1657177200,sandy,2022,0.3113622620251938,0.4493983508980367,7.0,3.0,ET0,7,56.63,48.9,5.27960920736311,4.71830645976308,5.0296687217882745,11.6
1657263600,sandy,2022,-1.3075322319830227,0.3113622620251938,7.0,3.0,ET0,7,0.0,56.63,7.275206390354677,4.71830645976308,3.6929268538003863,0.0
1657350000,sandy,2022,-1.1276003107446937,0.3113622620251938,7.0,3.0,ET0,7,0.0,56.63,7.121172904786319,4.71830645976308,3.590706149018387,0.0
1657436400,sandy,2022,-0.8655082265413039,0.3113622620251938,7.0,3.0,ET0,7,0.0,56.63,7.612583271961939,4.71830645976308,3.852798233221777,0.0
1657522800,sandy,2022,-0.5560898264448655,0.3113622620251938,7.0,3.0,ET0,7,0.0,56.63,8.472336750464112,4.71830645976308,4.162216633318215,0.0
1657609200,sandy,2022,-0.2947597787510533,0.3113622620251938,7.0,3.0,ET0,7,0.0,56.63,7.487993037508327,4.71830645976308,4.423546681012027,0.0
1657695600,sandy,2022,-0.1305368468211914,0.3113622620251938,7.0,3.0,ET0,7,0.0,56.63,5.439558555641069,4.71830645976308,4.587769612941889,0.0
1657782000,sandy,2022,0.0791670003097396,0.3113622620251938,7.0,3.0,ET0,7,51.66,56.63,8.254676604732598,4.71830645976308,4.79747346007282,0.0
1657868400,sandy,2022,-1.1252158575654692,0.0791670003097396,7.0,3.0,ET0,7,0.0,51.66,9.447916516172471,4.71830645976308,3.761210175061279,0.0
1657954800,sandy,2022,-0.8262743324499711,0.0791670003097396,7.0,3.0,ET0,7,0.0,51.66,8.968687582898376,4.71830645976308,3.892032127313109,0.0
1658041200,sandy,2022,-0.5549191958020449,0.0791670003097396,7.0,3.0,ET0,7,0.0,51.66,7.701644419417017,4.71830645976308,4.163387263961035,0.0
1658127600,sandy,2022,-0.2937883111049562,0.0791670003097396,7.0,3.0,ET0,7,0.0,51.66,7.236620092977568,4.71830645976308,4.424518148658124,0.0
1658214000,sandy,2022,-0.047191061287153,0.0791670003097396,7.0,3.0,ET0,7,0.0,51.66,7.976539558735554,4.71830645976308,4.671115398475927,0.0
1658300400,sandy,2022,0.1786699428415026,0.0791670003097396,7.0,3.0,ET0,7,0.0,51.66,9.031637030513592,4.71830645976308,4.896976402604583,0.0
1658386800,sandy,2022,0.3531599596868482,0.0791670003097396,7.0,3.0,ET0,7,58.89,51.66,8.523521442036436,4.71830645976308,5.071466419449928,0.0
1687503600,sandy,2023,-0.5182796207433059,0.0,7.0,3.0,ET0,2,6.42,0.0,6.420277994663035,4.71830645976308,4.200026839019774,0.0
1687590000,sandy,2023,-0.5439491935832576,-0.5182796207433059,7.0,3.0,ET0,2,0.0,6.42,6.3387606045021405,4.71830645976308,4.174357266179823,0.0
1687676400,sandy,2023,-0.3710589876033476,-0.5182796207433059,7.0,3.0,ET0,2,13.42,6.42,7.077332335884068,4.71830645976308,4.347247472159733,0.0
1687762800,sandy,2023,-0.5753912673083525,-0.3710589876033476,7.0,3.0,ET0,2,0.0,13.42,6.229180911248416,4.71830645976308,4.142915192454728,0.0
1687849200,sandy,2023,-0.3845144418822286,-0.3710589876033476,7.0,3.0,ET0,2,13.95,13.42,7.717627618312005,4.71830645976308,4.333792017880851,0.0
1687935600,sandy,2023,-0.560129587388129,-0.3845144418822286,7.0,3.0,ET0,2,0.0,13.95,8.190146658736474,4.71830645976308,4.158176872374951,0.0
1688022000,sandy,2023,-0.4944371014691686,-0.3845144418822286,7.0,3.0,ET0,2,10.84,13.95,2.6534944981591777,4.71830645976308,4.223869358293912,0.0
1688108400,sandy,2023,-0.5804273233495515,-0.4944371014691686,7.0,3.0,ET0,2,0.0,10.84,7.811921140444205,4.71830645976308,4.137879136413528,0.0
1688194800,sandy,2023,-0.5034133729623891,-0.4944371014691686,7.0,3.0,ET0,2,10.8,10.84,2.989408376370308,4.71830645976308,4.214893086800691,0.0
1688281200,sandy,2023,-0.6859663131581831,-0.5034133729623891,7.0,3.0,ET0,2,0.0,10.8,3.628606534620321,4.71830645976308,4.032340146604897,0.0
1688367600,sandy,2023,-0.5169708644116201,-0.5034133729623891,7.0,3.0,ET0,2,9.54,10.8,5.9091258835011,4.71830645976308,4.20133559535146,0.0
1688454000,sandy,2023,-0.5725777059083457,-0.5169708644116201,7.0,3.0,ET0,2,0.0,9.54,6.621532339824514,4.71830645976308,4.145728753854734,0.0
1688540400,sandy,2023,-0.3895866966547355,-0.5169708644116201,7.0,3.0,ET0,2,13.02,9.54,6.395412175418061,4.71830645976308,4.328719763108345,0.0
1688626800,sandy,2023,-0.5306302901243317,-0.3895866966547355,7.0,3.0,ET0,2,0.0,13.02,7.492344925936937,4.71830645976308,4.187676169638748,5.0
1688713200,sandy,2023,-0.4920716392383798,-0.3895866966547355,7.0,3.0,ET0,2,10.87,13.02,3.3788724562330463,4.71830645976308,4.2262348205247005,0.0
1688799600,sandy,2023,-0.6154411033014353,-0.4920716392383798,7.0,3.0,ET0,2,0.0,10.87,6.518921569415171,4.71830645976308,4.102865356461645,0.0
1688886000,sandy,2023,-0.4001354725505963,-0.4920716392383798,7.0,3.0,ET0,2,13.59,10.87,7.0675670514600375,4.71830645976308,4.318170987212484,0.0
1688972400,sandy,2023,-0.5617412453968552,-0.4001354725505963,7.0,3.0,ET0,2,0.0,13.59,6.961944041187434,4.71830645976308,4.156565214366225,0.0
1689058800,sandy,2023,-0.3285259260982567,-0.4001354725505963,7.0,3.0,ET0,2,14.49,13.59,7.523781176422247,4.71830645976308,4.389780533664824,0.0
1689145200,sandy,2023,-0.4970666982107902,-0.3285259260982567,7.0,3.0,ET0,2,0.0,14.49,7.806608352298979,4.71830645976308,4.22123976155229,0.0
1689231600,sandy,2023,-0.2643986365731844,-0.3285259260982567,7.0,3.0,ET0,2,15.52,14.49,7.714035948667738,4.71830645976308,4.453907823189896,22.8
1689318000,sandy,2023,-1.117899487756694,-0.2643986365731844,7.0,3.0,ET0,2,0.0,15.52,2.9961159428327533,4.71830645976308,3.6311593874050407,0.0
1689404400,sandy,2023,-0.9359392611234644,-0.2643986365731844,7.0,3.0,ET0,2,8.39,15.52,5.390782029334142,4.71830645976308,3.782367198639616,0.0
1689490800,sandy,2023,-0.8738927478380635,-0.9359392611234644,7.0,3.0,ET0,2,0.0,8.39,7.109056997180415,4.71830645976308,3.844413711925017,0.0
1689577200,sandy,2023,-0.6244137377075687,-0.9359392611234644,7.0,3.0,ET0,2,13.72,8.39,6.608581357186508,4.71830645976308,4.093892722055512,0.0
1689663600,sandy,2023,-0.7193644952585412,-0.6244137377075687,7.0,3.0,ET0,2,0.0,13.72,7.500311698248804,4.71830645976308,3.998941964504539,0.0
1689750000,sandy,2023,-0.4679963808865578,-0.6244137377075687,7.0,3.0,ET0,2,14.56,13.72,7.063404491828016,4.71830645976308,4.250310078876522,0.0
1689836400,sandy,2023,-0.5977791654947014,-0.4679963808865578,7.0,3.0,ET0,2,0.0,14.56,7.949048805371062,4.71830645976308,4.120527294268379,0.0
1689922800,sandy,2023,-0.3867252554169833,-0.4679963808865578,7.0,3.0,ET0,2,14.15,14.56,6.202164075023188,4.71830645976308,4.331581204346097,0.0
1687503600,sandy,2023,-0.5182796207433059,0.0,7.0,3.0,ET0,1,6.42,0.0,6.420277994663035,4.71830645976308,4.200026839019774,0.0
1687590000,sandy,2023,-0.5439491935832576,-0.5182796207433059,7.0,3.0,ET0,1,6.34,6.42,6.3387606045021405,4.71830645976308,4.174357266179823,0.0
1687676400,sandy,2023,-0.5362409741203457,-0.5439491935832576,7.0,3.0,ET0,1,7.08,6.34,7.077332335884068,4.71830645976308,4.182065485642735,0.0
1687762800,sandy,2023,-0.5664072426897164,-0.5362409741203457,7.0,3.0,ET0,1,6.23,7.08,6.229180911248416,4.71830645976308,4.151899217073364,0.0
1687849200,sandy,2023,-0.5365971515034111,-0.5664072426897164,7.0,3.0,ET0,1,7.72,6.23,7.717627618312005,4.71830645976308,4.181709308259669,0.0
1687935600,sandy,2023,-0.5377314952637147,-0.5365971515034111,7.0,3.0,ET0,1,8.19,7.72,8.190146658736474,4.71830645976308,4.180574964499366,0.0
1688022000,sandy,2023,-0.687334457822581,-0.5377314952637147,7.0,3.0,ET0,1,2.65,8.19,2.6534944981591777,4.71830645976308,4.0309720019405,0.0
1688108400,sandy,2023,-0.55039759163483,-0.687334457822581,7.0,3.0,ET0,1,7.81,2.65,7.811921140444205,4.71830645976308,4.16790886812825,0.0
1688194800,sandy,2023,-0.6729626856453038,-0.55039759163483,7.0,3.0,ET0,1,2.99,7.81,2.989408376370308,4.71830645976308,4.045343774117776,0.0
1688281200,sandy,2023,-0.647154784392474,-0.6729626856453038,7.0,3.0,ET0,1,3.63,2.99,3.628606534620321,4.71830645976308,4.071151675370606,0.0
1688367600,sandy,2023,-0.566228088723061,-0.647154784392474,7.0,3.0,ET0,1,5.91,3.63,5.9091258835011,4.71830645976308,4.15207837104002,0.0
1688454000,sandy,2023,-0.5272190276177758,-0.566228088723061,7.0,3.0,ET0,1,6.62,5.91,6.621532339824514,4.71830645976308,4.191087432145304,0.0
1688540400,sandy,2023,-0.5224250807845441,-0.5272190276177758,7.0,3.0,ET0,1,6.4,6.62,6.395412175418061,4.71830645976308,4.1958813789785365,0.0
1688626800,sandy,2023,-0.4797104239348537,-0.5224250807845441,7.0,3.0,ET0,1,7.49,6.4,7.492344925936937,4.71830645976308,4.238596035828227,5.0
1688713200,sandy,2023,-0.6548023837174428,-0.4797104239348537,7.0,3.0,ET0,1,3.38,7.49,3.3788724562330463,4.71830645976308,4.063504076045637,0.0
1688799600,sandy,2023,-0.5635616083330961,-0.6548023837174428,7.0,3.0,ET0,1,6.52,3.38,6.518921569415171,4.71830645976308,4.154744851429984,0.0
1688886000,sandy,2023,-0.519228665892936,-0.5635616083330961,7.0,3.0,ET0,1,7.07,6.52,7.0675670514600375,4.71830645976308,4.199077793870144,0.0
1688972400,sandy,2023,-0.4991282350821462,-0.519228665892936,7.0,3.0,ET0,1,6.96,7.07,6.961944041187434,4.71830645976308,4.219178224680934,0.0
1689058800,sandy,2023,-0.4574997268440908,-0.4991282350821462,7.0,3.0,ET0,1,7.52,6.96,7.523781176422247,4.71830645976308,4.260806732918989,0.0
1689145200,sandy,2023,-0.4272551974093013,-0.4574997268440908,7.0,3.0,ET0,1,7.81,7.52,7.806608352298979,4.71830645976308,4.291051262353779,0.0
1689231600,sandy,2023,-0.4128941824871783,-0.4272551974093013,7.0,3.0,ET0,1,7.71,7.81,7.714035948667738,4.71830645976308,4.305412277275902,22.8
1689318000,sandy,2023,-1.0547545760157278,-0.4128941824871783,7.0,3.0,ET0,1,3.0,7.71,2.9961159428327533,4.71830645976308,3.674694244630665,0.0
1689404400,sandy,2023,-0.9497118216242318,-1.0547545760157278,7.0,3.0,ET0,1,5.39,3.0,5.390782029334142,4.71830645976308,3.768594638138848,0.0
1689490800,sandy,2023,-0.8125109557112223,-0.9497118216242318,7.0,3.0,ET0,1,7.11,5.39,7.109056997180415,4.71830645976308,3.905795504051858,0.0
1689577200,sandy,2023,-0.7531552939615959,-0.8125109557112223,7.0,3.0,ET0,1,6.61,7.11,6.608581357186508,4.71830645976308,3.965151165801484,0.0
1689663600,sandy,2023,-0.6544247568207063,-0.7531552939615959,7.0,3.0,ET0,1,7.5,6.61,7.500311698248804,4.71830645976308,4.063881702942374,0.0
1689750000,sandy,2023,-0.6090640922634339,-0.6544247568207063,7.0,3.0,ET0,1,7.06,7.5,7.063404491828016,4.71830645976308,4.109242367499646,0.0
1689836400,sandy,2023,-0.5246296480139007,-0.6090640922634339,7.0,3.0,ET0,1,7.95,7.06,7.949048805371062,4.71830645976308,4.19367681174918,0.0
1689922800,sandy,2023,-0.5352083579382328,-0.5246296480139007,7.0,3.0,ET0,1,6.2,7.95,6.202164075023188,4.71830645976308,4.183098101824847,0.0
1687503600,sandy,2023,-0.5182796207433059,0.0,7.0,3.0,ET0,3,6.42,0.0,6.420277994663035,4.71830645976308,4.200026839019774,0.0
1687590000,sandy,2023,-0.5439491935832576,-0.5182796207433059,7.0,3.0,ET0,3,0.0,6.42,6.3387606045021405,4.71830645976308,4.174357266179823,0.0
1687676400,sandy,2023,-0.3710589876033476,-0.5182796207433059,7.0,3.0,ET0,3,0.0,6.42,7.077332335884068,4.71830645976308,4.347247472159733,0.0
1687762800,sandy,2023,-0.2158296842605726,-0.5182796207433059,7.0,3.0,ET0,3,19.65,6.42,6.229180911248416,4.71830645976308,4.502476775502507,0.0
1687849200,sandy,2023,-0.5826601013287667,-0.2158296842605726,7.0,3.0,ET0,3,0.0,19.65,7.717627618312005,4.71830645976308,4.135646358434314,0.0
1687935600,sandy,2023,-0.382252044110199,-0.2158296842605726,7.0,3.0,ET0,3,0.0,19.65,8.190146658736474,4.71830645976308,4.336054415652881,0.0
1688022000,sandy,2023,-0.3084200600475131,-0.2158296842605726,7.0,3.0,ET0,3,18.56,19.65,2.6534944981591777,4.71830645976308,4.409886399715568,0.0
1688108400,sandy,2023,-0.625926820690349,-0.3084200600475131,7.0,3.0,ET0,3,0.0,18.56,7.811921140444205,4.71830645976308,4.0923835618183,0.0
1688194800,sandy,2023,-0.548674446159027,-0.3084200600475131,7.0,3.0,ET0,3,0.0,18.56,2.989408376370308,4.71830645976308,4.169632013604053,0.0
1688281200,sandy,2023,-0.442941300605441,-0.3084200600475131,7.0,3.0,ET0,3,14.43,18.56,3.628606534620321,4.71830645976308,4.275365159157639,0.0
1688367600,sandy,2023,-0.6613243402735932,-0.442941300605441,7.0,3.0,ET0,3,0.0,14.43,5.9091258835011,4.71830645976308,4.056982119489487,0.0
1688454000,sandy,2023,-0.4706550625721939,-0.442941300605441,7.0,3.0,ET0,3,0.0,14.43,6.621532339824514,4.71830645976308,4.247651397190887,0.0
1688540400,sandy,2023,-0.2818700926892798,-0.442941300605441,7.0,3.0,ET0,3,18.93,14.43,6.395412175418061,4.71830645976308,4.4364363670738,0.0
1688626800,sandy,2023,-0.6006222111259166,-0.2818700926892798,7.0,3.0,ET0,3,0.0,18.93,7.492344925936937,4.71830645976308,4.117684248637164,5.0
1688713200,sandy,2023,-0.5645310957719024,-0.2818700926892798,7.0,3.0,ET0,3,0.0,18.93,3.3788724562330463,4.71830645976308,4.153775363991178,0.0
1688799600,sandy,2023,-0.380354952306033,-0.2818700926892798,7.0,3.0,ET0,3,17.39,18.93,6.518921569415171,4.71830645976308,4.337951507457047,0.0
1688886000,sandy,2023,-0.650426761400663,-0.380354952306033,7.0,3.0,ET0,3,0.0,17.39,7.0675670514600375,4.71830645976308,4.067879698362417,0.0
1688972400,sandy,2023,-0.4370883711986341,-0.380354952306033,7.0,3.0,ET0,3,0.0,17.39,6.961944041187434,4.71830645976308,4.281218088564446,0.0
1689058800,sandy,2023,-0.1962125205165282,-0.380354952306033,7.0,3.0,ET0,3,21.55,17.39,7.523781176422247,4.71830645976308,4.5220939392465525,0.0
1689145200,sandy,2023,-0.5881423906685496,-0.1962125205165282,7.0,3.0,ET0,3,0.0,21.55,7.806608352298979,4.71830645976308,4.130969856304477,0.0
1689231600,sandy,2023,-0.3536401642959562,-0.1962125205165282,7.0,3.0,ET0,3,0.0,21.55,7.714035948667738,4.71830645976308,4.364666295467124,22.8
1689318000,sandy,2023,-0.7444047548113486,-0.1962125205165282,7.0,3.0,ET0,3,18.52,21.55,2.9961159428327533,4.71830645976308,3.973901704951732,0.0
1689404400,sandy,2023,-1.0876861798221849,-0.7444047548113486,7.0,3.0,ET0,3,0.0,18.52,5.390782029334142,4.71830645976308,3.6525764498309057,0.0
1689490800,sandy,2023,-0.8227968554370064,-0.7444047548113486,7.0,3.0,ET0,3,0.0,18.52,7.109056997180415,4.71830645976308,3.8955096043260737,0.0
1689577200,sandy,2023,-0.5636571399316928,-0.7444047548113486,7.0,3.0,ET0,3,19.11,18.52,6.608581357186508,4.71830645976308,4.154649319831387,0.0
1689663600,sandy,2023,-0.8119012566234082,-0.5636571399316928,7.0,3.0,ET0,3,0.0,19.11,7.500311698248804,4.71830645976308,3.907064057676912,0.0
1689750000,sandy,2023,-0.5590091601214251,-0.5636571399316928,7.0,3.0,ET0,3,0.0,19.11,7.063404491828016,4.71830645976308,4.159297299641655,0.0
1689836400,sandy,2023,-0.2669413217687285,-0.5636571399316928,7.0,3.0,ET0,3,22.51,19.11,7.949048805371062,4.71830645976308,4.451365137994352,0.0
1689922800,sandy,2023,-0.7109587338905723,-0.2669413217687285,7.0,3.0,ET0,3,0.0,22.51,6.202164075023188,4.71830645976308,4.010528844345672,0.0
1687503600,sandy,2023,-0.5182796207433059,0.0,7.0,3.0,ET0,7,6.42,0.0,6.420277994663035,4.71830645976308,4.200026839019774,0.0
1687590000,sandy,2023,-0.5439491935832576,-0.5182796207433059,7.0,3.0,ET0,7,0.0,6.42,6.3387606045021405,4.71830645976308,4.174357266179823,0.0
1687676400,sandy,2023,-0.3710589876033476,-0.5182796207433059,7.0,3.0,ET0,7,0.0,6.42,7.077332335884068,4.71830645976308,4.347247472159733,0.0
1687762800,sandy,2023,-0.2158296842605726,-0.5182796207433059,7.0,3.0,ET0,7,0.0,6.42,6.229180911248416,4.71830645976308,4.502476775502507,0.0
1687849200,sandy,2023,-0.0549305374947793,-0.5182796207433059,7.0,3.0,ET0,7,0.0,6.42,7.717627618312005,4.71830645976308,4.663375922268301,0.0
1687935600,sandy,2023,0.0886458527236685,-0.5182796207433059,7.0,3.0,ET0,7,0.0,6.42,8.190146658736474,4.71830645976308,4.806952312486748,0.0
1688022000,sandy,2023,0.1311021028385921,-0.5182796207433059,7.0,3.0,ET0,7,0.0,6.42,2.6534944981591777,4.71830645976308,4.849408562601672,0.0
1688108400,sandy,2023,0.2486912828416815,-0.5182796207433059,7.0,3.0,ET0,7,46.02,6.42,7.811921140444205,4.71830645976308,4.966997742604762,0.0
1688194800,sandy,2023,-1.002630377052859,0.2486912828416815,7.0,3.0,ET0,7,0.0,46.02,2.989408376370308,4.71830645976308,3.8311072459731936,0.0
1688281200,sandy,2023,-0.8958676867220177,0.2486912828416815,7.0,3.0,ET0,7,0.0,46.02,3.628606534620321,4.71830645976308,3.822438773041063,0.0
1688367600,sandy,2023,-0.7165698486926714,0.2486912828416815,7.0,3.0,ET0,7,0.0,46.02,5.9091258835011,4.71830645976308,4.001736611070409,0.0
1688454000,sandy,2023,-0.5049083328786174,0.2486912828416815,7.0,3.0,ET0,7,0.0,46.02,6.621532339824514,4.71830645976308,4.213398126884463,0.0
1688540400,sandy,2023,-0.3072256848237966,0.2486912828416815,7.0,3.0,ET0,7,0.0,46.02,6.395412175418061,4.71830645976308,4.411080774939284,0.0
1688626800,sandy,2023,-0.1128145987860068,0.2486912828416815,7.0,3.0,ET0,7,0.0,46.02,7.492344925936937,4.71830645976308,4.605491860977073,5.0
1688713200,sandy,2023,-0.0453358954526035,0.2486912828416815,7.0,3.0,ET0,7,36.42,46.02,3.3788724562330463,4.71830645976308,4.672970564310477,0.0
1688799600,sandy,2023,-0.9615993389190356,-0.0453358954526035,7.0,3.0,ET0,7,0.0,36.42,6.518921569415171,4.71830645976308,3.8184826395965854,0.0
1688886000,sandy,2023,-0.7403227731789465,-0.0453358954526035,7.0,3.0,ET0,7,0.0,36.42,7.0675670514600375,4.71830645976308,3.9779836865841336,0.0
1688972400,sandy,2023,-0.5094522943144562,-0.0453358954526035,7.0,3.0,ET0,7,0.0,36.42,6.961944041187434,4.71830645976308,4.208854165448624,0.0
1689058800,sandy,2023,-0.259992703708272,-0.0453358954526035,7.0,3.0,ET0,7,0.0,36.42,7.523781176422247,4.71830645976308,4.4583137560548085,0.0
1689145200,sandy,2023,-0.0470612065011762,-0.0453358954526035,7.0,3.0,ET0,7,0.0,36.42,7.806608352298979,4.71830645976308,4.671245253261904,0.0
1689231600,sandy,2023,0.1276061373611464,-0.0453358954526035,7.0,3.0,ET0,7,0.0,36.42,7.714035948667738,4.71830645976308,4.845912597124227,22.8
1689318000,sandy,2023,-0.1994922633390975,-0.0453358954526035,7.0,3.0,ET0,7,46.59,36.42,2.9961159428327533,4.71830645976308,4.518814196423983,0.0
1689404400,sandy,2023,-1.3958407735611065,-0.1994922633390975,7.0,3.0,ET0,7,0.0,46.59,5.390782029334142,4.71830645976308,3.5257781449587497,0.0
1689490800,sandy,2023,-1.140391627465076,-0.1994922633390975,7.0,3.0,ET0,7,0.0,46.59,7.109056997180415,4.71830645976308,3.577914832298004,0.0
1689577200,sandy,2023,-0.8808900277751218,-0.1994922633390975,7.0,3.0,ET0,7,0.0,46.59,6.608581357186508,4.71830645976308,3.8374164319879593,0.0
1689663600,sandy,2023,-0.5764101296539934,-0.1994922633390975,7.0,3.0,ET0,7,0.0,46.59,7.500311698248804,4.71830645976308,4.141896330109087,0.0
1689750000,sandy,2023,-0.3105424886238997,-0.1994922633390975,7.0,3.0,ET0,7,0.0,46.59,7.063404491828016,4.71830645976308,4.407763971139181,0.0
1689836400,sandy,2023,-0.0719008333481715,-0.1994922633390975,7.0,3.0,ET0,7,0.0,46.59,7.949048805371062,4.71830645976308,4.646405626414909,0.0
1689922800,sandy,2023,0.0803320224156549,-0.1994922633390975,7.0,3.0,ET0,7,47.82,46.59,6.202164075023188,4.71830645976308,4.798638482178736,0.0
1719126000,sandy,2024,-0.6661195040992536,0.0,7.0,3.0,ET0,2,1.66,0.0,1.6632265501860408,4.71830645976308,4.052186955663827,1.7999999999999998
1719212400,sandy,2024,-0.7989613815910367,-0.6661195040992536,7.0,3.0,ET0,2,0.0,1.66,1.5856569477409397,4.71830645976308,3.9193450781720434,5.8
1719298800,sandy,2024,-0.8649911004990017,-0.6661195040992536,7.0,3.0,ET0,2,3.23,1.66,1.643019943771474,4.71830645976308,3.8533153592640783,12.6
1719385200,sandy,2024,-1.0737413611101636,-0.8649911004990017,7.0,3.0,ET0,2,0.0,3.23,3.7360647761286776,4.71830645976308,3.645329888630851,1.0
1719471600,sandy,2024,-1.0388015983926149,-0.8649911004990017,7.0,3.0,ET0,2,7.02,3.23,3.283058105037508,4.71830645976308,3.6795048613704657,0.0
1719558000,sandy,2024,-0.958962575368414,-1.0388015983926149,7.0,3.0,ET0,2,0.0,7.02,8.105450401178516,4.71830645976308,3.7593438843946654,0.0
1719644400,sandy,2024,-0.7467588916203238,-1.0388015983926149,7.0,3.0,ET0,2,14.96,7.02,6.855392222915658,4.71830645976308,3.971547568142757,0.0
1719730800,sandy,2024,-0.9358560918132056,-0.7467588916203238,7.0,3.0,ET0,2,0.0,14.96,6.275478723242181,4.71830645976308,3.7824503679498735,0.0
1719817200,sandy,2024,-0.6671127246941158,-0.7467588916203238,7.0,3.0,ET0,2,15.28,14.96,9.008052630760128,4.71830645976308,4.051193735068964,0.0
1719903600,sandy,2024,-0.8745036936433703,-0.6671127246941158,7.0,3.0,ET0,2,0.0,15.28,6.40343719338403,4.71830645976308,3.84380276611971,0.0
1719990000,sandy,2024,-0.6788889727582423,-0.6671127246941158,7.0,3.0,ET0,2,13.23,15.28,6.828302846826217,4.71830645976308,4.039417487004838,0.0
1720076400,sandy,2024,-0.9098092092744476,-0.6788889727582423,7.0,3.0,ET0,2,0.0,13.23,3.501203041998366,4.71830645976308,3.808512955616844,0.0
1720162800,sandy,2024,-0.7738506396269456,-0.6788889727582423,7.0,3.0,ET0,2,7.61,13.23,4.110755932356144,4.71830645976308,3.944455820136135,0.0
1720249200,sandy,2024,-0.7232522937821063,-0.7738506396269456,7.0,3.0,ET0,2,0.0,7.61,7.570021332731803,4.71830645976308,3.995054165980974,0.0
1720335600,sandy,2024,-0.4716255992551439,-0.7738506396269456,7.0,3.0,ET0,2,15.81,7.61,8.236770338981968,4.71830645976308,4.2466808605079365,0.0
1720422000,sandy,2024,-0.7872676840040654,-0.4716255992551439,7.0,3.0,ET0,2,0.0,15.81,3.5751601774979624,4.71830645976308,3.931038775759015,0.0
1720508400,sandy,2024,-0.5928482834126015,-0.4716255992551439,7.0,3.0,ET0,2,9.6,15.81,6.021523561190189,4.71830645976308,4.125458176350479,1.0
1720594800,sandy,2024,-0.6489158963402233,-0.5928482834126015,7.0,3.0,ET0,2,0.0,9.6,6.408995121084742,4.71830645976308,4.069390563422857,0.0
1720681200,sandy,2024,-0.4181096578501493,-0.5928482834126015,7.0,3.0,ET0,2,13.51,9.6,7.100145056634385,4.71830645976308,4.300196801912931,0.0
1720767600,sandy,2024,-0.5258673332610335,-0.4181096578501493,7.0,3.0,ET0,2,0.0,13.51,8.417233027045325,4.71830645976308,4.192439126502046,0.0
1720854000,sandy,2024,-0.2252778555114496,-0.4181096578501493,7.0,3.0,ET0,2,17.9,13.51,9.478835789843243,4.71830645976308,4.493028604251631,0.0
1720940400,sandy,2024,-0.4845463076407964,-0.2252778555114496,7.0,3.0,ET0,2,0.0,17.9,8.65408688020589,4.71830645976308,4.233760152122284,0.0
1721026800,sandy,2024,-0.2347040555103838,-0.2252778555114496,7.0,3.0,ET0,2,16.69,17.9,8.038553013013921,4.71830645976308,4.4836024042526965,0.0
1721113200,sandy,2024,-0.4642280429708291,-0.2347040555103838,7.0,3.0,ET0,2,0.0,16.69,8.079175888672749,4.71830645976308,4.254078416792251,0.0
1721199600,sandy,2024,-0.1464796615100226,-0.2347040555103838,7.0,3.0,ET0,2,17.98,16.69,9.89638188136864,4.71830645976308,4.571826798253058,0.0
1721286000,sandy,2024,-0.4008920636312704,-0.1464796615100226,7.0,3.0,ET0,2,0.0,17.98,8.856197692783795,4.71830645976308,4.317414396131809,0.0
1721372400,sandy,2024,-0.1343541309693421,-0.1464796615100226,7.0,3.0,ET0,2,17.45,17.98,8.59349226880255,4.71830645976308,4.583952328793738,0.0
1721458800,sandy,2024,-0.4427917169881643,-0.1343541309693421,7.0,3.0,ET0,2,0.0,17.45,6.5994601364997925,4.71830645976308,4.275514742774916,0.0
1721545200,sandy,2024,-0.2436127568357181,-0.1343541309693421,7.0,3.0,ET0,2,12.96,17.45,6.35886520949269,4.71830645976308,4.474693702927362,0.0
1719126000,sandy,2024,-0.6661195040992536,0.0,7.0,3.0,ET0,1,1.66,0.0,1.6632265501860408,4.71830645976308,4.052186955663827,1.7999999999999998
1719212400,sandy,2024,-0.7989613815910367,-0.6661195040992536,7.0,3.0,ET0,1,1.59,1.66,1.5856569477409397,4.71830645976308,3.9193450781720434,5.8
1719298800,sandy,2024,-0.9048760421430118,-0.7989613815910367,7.0,3.0,ET0,1,1.64,1.59,1.643019943771474,4.71830645976308,3.8134304176200686,12.6
1719385200,sandy,2024,-1.0738504365213848,-0.9048760421430118,7.0,3.0,ET0,1,3.74,1.64,3.7360647761286776,4.71830645976308,3.644565837318481,1.0
1719471600,sandy,2024,-1.1328436912117308,-1.0738504365213848,7.0,3.0,ET0,1,3.28,3.74,3.283058105037508,4.71830645976308,3.5854627685513494,0.0
1719558000,sandy,2024,-0.956799341571549,-1.1328436912117308,7.0,3.0,ET0,1,8.11,3.28,8.105450401178516,4.71830645976308,3.761507118191531,0.0
1719644400,sandy,2024,-0.944815378879182,-0.956799341571549,7.0,3.0,ET0,1,6.86,8.11,6.855392222915658,4.71830645976308,3.773491080883898,0.0
1719730800,sandy,2024,-0.9199041051697112,-0.944815378879182,7.0,3.0,ET0,1,6.28,6.86,6.275478723242181,4.71830645976308,3.798402354593369,0.0
1719817200,sandy,2024,-0.8070209444037344,-0.9199041051697112,7.0,3.0,ET0,1,9.01,6.28,9.008052630760128,4.71830645976308,3.9112855153593458,0.0
1719903600,sandy,2024,-0.8482933594183716,-0.8070209444037344,7.0,3.0,ET0,1,6.4,9.01,6.40343719338403,4.71830645976308,3.8700131003447087,0.0
1719990000,sandy,2024,-0.8148162745014765,-0.8482933594183716,7.0,3.0,ET0,1,6.83,6.4,6.828302846826217,4.71830645976308,3.903490185261604,0.0
1720076400,sandy,2024,-0.8800922527176498,-0.8148162745014765,7.0,3.0,ET0,1,3.5,6.83,3.501203041998366,4.71830645976308,3.8382142070454304,0.0
1720162800,sandy,2024,-0.8302055963351772,-0.8800922527176498,7.0,3.0,ET0,1,4.11,3.5,4.110755932356144,4.71830645976308,3.888100863427903,0.0
1720249200,sandy,2024,-0.6905970273359551,-0.8302055963351772,7.0,3.0,ET0,1,7.57,4.11,7.570021332731803,4.71830645976308,4.027709432427125,0.0
1720335600,sandy,2024,-0.6387860028297556,-0.6905970273359551,7.0,3.0,ET0,1,8.24,7.57,8.236770338981968,4.71830645976308,4.0795204569333245,0.0
1720422000,sandy,2024,-0.7474433819239167,-0.6387860028297556,7.0,3.0,ET0,1,3.58,8.24,3.5751601774979624,4.71830645976308,3.970863077839164,0.0
1720508400,sandy,2024,-0.644941273210987,-0.7474433819239167,7.0,3.0,ET0,1,6.02,3.58,6.021523561190189,4.71830645976308,4.073365186552094,1.0
1720594800,sandy,2024,-0.6073213480038028,-0.644941273210987,7.0,3.0,ET0,1,6.41,6.02,6.408995121084742,4.71830645976308,4.110985111759278,0.0
1720681200,sandy,2024,-0.5516157889902252,-0.6073213480038028,7.0,3.0,ET0,1,7.1,6.41,7.100145056634385,4.71830645976308,4.166690670772855,0.0
1720767600,sandy,2024,-0.4768414838535566,-0.5516157889902252,7.0,3.0,ET0,1,8.42,7.1,8.417233027045325,4.71830645976308,4.241464975909524,0.0
1720854000,sandy,2024,-0.4127362577876904,-0.4768414838535566,7.0,3.0,ET0,1,9.48,8.42,9.478835789843243,4.71830645976308,4.30557020197539,0.0
1720940400,sandy,2024,-0.4144637145966586,-0.4127362577876904,7.0,3.0,ET0,1,8.65,9.48,8.65408688020589,4.71830645976308,4.303842745166421,0.0
1721026800,sandy,2024,-0.4095382703099723,-0.4144637145966586,7.0,3.0,ET0,1,8.04,8.65,8.038553013013921,4.71830645976308,4.308768189453108,0.0
1721113200,sandy,2024,-0.381924310886348,-0.4095382703099723,7.0,3.0,ET0,1,8.08,8.04,8.079175888672749,4.71830645976308,4.336382148876732,0.0
1721199600,sandy,2024,-0.2936979278847061,-0.381924310886348,7.0,3.0,ET0,1,9.9,8.08,9.89638188136864,4.71830645976308,4.424608531878374,0.0
1721286000,sandy,2024,-0.3028568276552666,-0.2936979278847061,7.0,3.0,ET0,1,8.86,9.9,8.856197692783795,4.71830645976308,4.415449632107814,0.0
1721372400,sandy,2024,-0.2944098251775893,-0.3028568276552666,7.0,3.0,ET0,1,8.59,8.86,8.59349226880255,4.71830645976308,4.423896634585491,0.0
1721458800,sandy,2024,-0.3381685084561625,-0.2944098251775893,7.0,3.0,ET0,1,6.6,8.59,6.5994601364997925,4.71830645976308,4.380137951306918,0.0
1721545200,sandy,2024,-0.327129628384815,-0.3381685084561625,7.0,3.0,ET0,1,6.36,6.6,6.35886520949269,4.71830645976308,4.3911768313782655,0.0
1719126000,sandy,2024,-0.6661195040992536,0.0,7.0,3.0,ET0,3,1.66,0.0,1.6632265501860408,4.71830645976308,4.052186955663827,1.7999999999999998
1719212400,sandy,2024,-0.7989613815910367,-0.6661195040992536,7.0,3.0,ET0,3,0.0,1.66,1.5856569477409397,4.71830645976308,3.9193450781720434,5.8
1719298800,sandy,2024,-0.8649911004990017,-0.6661195040992536,7.0,3.0,ET0,3,0.0,1.66,1.643019943771474,4.71830645976308,3.8533153592640783,12.6
1719385200,sandy,2024,-0.980648666367316,-0.6661195040992536,7.0,3.0,ET0,3,6.96,1.66,3.7360647761286776,4.71830645976308,3.737657793395764,1.0
1719471600,sandy,2024,-1.1334010614607368,-0.980648666367316,7.0,3.0,ET0,3,0.0,6.96,3.283058105037508,4.71830645976308,3.584905398302343,0.0
1719558000,sandy,2024,-0.8801859240886623,-0.980648666367316,7.0,3.0,ET0,3,0.0,6.96,8.105450401178516,4.71830645976308,3.838120535674418,0.0
1719644400,sandy,2024,-0.6601302411319843,-0.980648666367316,7.0,3.0,ET0,3,18.24,6.96,6.855392222915658,4.71830645976308,4.058176218631096,0.0
1719730800,sandy,2024,-0.9404852991344448,-0.6601302411319843,7.0,3.0,ET0,3,0.0,18.24,6.275478723242181,4.71830645976308,3.778149488509467,0.0
1719817200,sandy,2024,-0.6718789746033349,-0.6601302411319843,7.0,3.0,ET0,3,0.0,18.24,9.008052630760128,4.71830645976308,4.046427485159746,0.0
1719903600,sandy,2024,-0.4774635958692387,-0.6601302411319843,7.0,3.0,ET0,3,21.69,18.24,6.40343719338403,4.71830645976308,4.240842863893842,0.0
1719990000,sandy,2024,-0.87223656139505,-0.4774635958692387,7.0,3.0,ET0,3,0.0,21.69,6.828302846826217,4.71830645976308,3.850680514728556,0.0
1720076400,sandy,2024,-0.7635939428031059,-0.4774635958692387,7.0,3.0,ET0,3,0.0,21.69,3.501203041998366,4.71830645976308,3.954712516959974,0.0
1720162800,sandy,2024,-0.6222483406667199,-0.4774635958692387,7.0,3.0,ET0,3,14.44,21.69,4.110755932356144,4.71830645976308,4.0960581190963605,0.0
1720249200,sandy,2024,-0.7664146341421167,-0.6222483406667199,7.0,3.0,ET0,3,0.0,14.44,7.570021332731803,4.71830645976308,3.9518918256209634,0.0
1720335600,sandy,2024,-0.5177240172068049,-0.6222483406667199,7.0,3.0,ET0,3,0.0,14.44,8.236770338981968,4.71830645976308,4.200582442556275,0.0
1720422000,sandy,2024,-0.3999558277744859,-0.6222483406667199,7.0,3.0,ET0,3,19.38,14.44,3.5751601774979624,4.71830645976308,4.3183506319885945,0.0
1720508400,sandy,2024,-0.7479399028431591,-0.3999558277744859,7.0,3.0,ET0,3,0.0,19.38,6.021523561190189,4.71830645976308,3.9708546974407737,1.0
1720594800,sandy,2024,-0.5526603728604833,-0.3999558277744859,7.0,3.0,ET0,3,0.0,19.38,6.408995121084742,4.71830645976308,4.165646086902597,0.0
1720681200,sandy,2024,-0.3156169472691205,-0.3999558277744859,7.0,3.0,ET0,3,19.53,19.38,7.100145056634385,4.71830645976308,4.40268951249396,0.0
1720767600,sandy,2024,-0.6093978789824178,-0.3156169472691205,7.0,3.0,ET0,3,0.0,19.53,8.417233027045325,4.71830645976308,4.108908580780662,0.0
1720854000,sandy,2024,-0.3064049256077037,-0.3156169472691205,7.0,3.0,ET0,3,0.0,19.53,9.478835789843243,4.71830645976308,4.411901534155376,0.0
1720940400,sandy,2024,-0.0444138141970108,-0.3156169472691205,7.0,3.0,ET0,3,26.55,19.53,8.65408688020589,4.71830645976308,4.673892645566069,0.0
1721026800,sandy,2024,-0.6024699905753919,-0.0444138141970108,7.0,3.0,ET0,3,0.0,26.55,8.038553013013921,4.71830645976308,4.122731684703584,0.0
1721113200,sandy,2024,-0.3456705347603116,-0.0444138141970108,7.0,3.0,ET0,3,0.0,26.55,8.079175888672749,4.71830645976308,4.372635925002768,0.0
1721199600,sandy,2024,-0.0254598183351893,-0.0444138141970108,7.0,3.0,ET0,3,26.01,26.55,9.89638188136864,4.71830645976308,4.692846641427891,0.0
1721286000,sandy,2024,-0.5410337029066302,-0.0254598183351893,7.0,3.0,ET0,3,0.0,26.01,8.856197692783795,4.71830645976308,4.182613357328778,0.0
1721372400,sandy,2024,-0.269617879075109,-0.0254598183351893,7.0,3.0,ET0,3,0.0,26.01,8.59349226880255,4.71830645976308,4.448688580687971,0.0
1721458800,sandy,2024,-0.0541311234865021,-0.0254598183351893,7.0,3.0,ET0,3,24.05,26.01,6.5994601364997925,4.71830645976308,4.664175336276578,0.0
1721545200,sandy,2024,-0.570316481982547,-0.0541311234865021,7.0,3.0,ET0,3,0.0,24.05,6.35886520949269,4.71830645976308,4.154031794734495,0.0
1719126000,sandy,2024,-0.6661195040992536,0.0,7.0,3.0,ET0,7,1.66,0.0,1.6632265501860408,4.71830645976308,4.052186955663827,1.7999999999999998
1719212400,sandy,2024,-0.7989613815910367,-0.6661195040992536,7.0,3.0,ET0,7,0.0,1.66,1.5856569477409397,4.71830645976308,3.9193450781720434,5.8
1719298800,sandy,2024,-0.8649911004990017,-0.6661195040992536,7.0,3.0,ET0,7,0.0,1.66,1.643019943771474,4.71830645976308,3.8533153592640783,12.6
1719385200,sandy,2024,-0.980648666367316,-0.6661195040992536,7.0,3.0,ET0,7,0.0,1.66,3.7360647761286776,4.71830645976308,3.737657793395764,1.0
1719471600,sandy,2024,-0.9527146087757212,-0.6661195040992536,7.0,3.0,ET0,7,0.0,1.66,3.283058105037508,4.71830645976308,3.765591850987359,0.0
1719558000,sandy,2024,-0.6993054878777293,-0.6661195040992536,7.0,3.0,ET0,7,0.0,1.66,8.105450401178516,4.71830645976308,4.019000971885351,0.0
1719644400,sandy,2024,-0.4873557487563966,-0.6661195040992536,7.0,3.0,ET0,7,0.0,1.66,6.855392222915658,4.71830645976308,4.230950711006684,0.0
1719730800,sandy,2024,-0.3150122992728207,-0.6661195040992536,7.0,3.0,ET0,7,31.48,1.66,6.275478723242181,4.71830645976308,4.403294160490259,0.0
1719817200,sandy,2024,-0.943651244198427,-0.3150122992728207,7.0,3.0,ET0,7,0.0,31.48,9.008052630760128,4.71830645976308,3.797979249106188,0.0
1719903600,sandy,2024,-0.7498151665444681,-0.3150122992728207,7.0,3.0,ET0,7,0.0,31.48,6.40343719338403,4.71830645976308,3.968491293218612,0.0
1719990000,sandy,2024,-0.5463678039393164,-0.3150122992728207,7.0,3.0,ET0,7,0.0,31.48,6.828302846826217,4.71830645976308,4.171938655823764,0.0
1720076400,sandy,2024,-0.4342066425275069,-0.3150122992728207,7.0,3.0,ET0,7,0.0,31.48,3.501203041998366,4.71830645976308,4.284099817235573,0.0
1720162800,sandy,2024,-0.3055087097233817,-0.3150122992728207,7.0,3.0,ET0,7,0.0,31.48,4.110755932356144,4.71830645976308,4.412797750039698,0.0
1720249200,sandy,2024,-0.1113577149048648,-0.3150122992728207,7.0,3.0,ET0,7,0.0,31.48,7.570021332731803,4.71830645976308,4.606948744858215,0.0
1720335600,sandy,2024,0.0639121781973142,-0.3150122992728207,7.0,3.0,ET0,7,45.66,31.48,8.236770338981968,4.71830645976308,4.782218637960394,0.0
1720422000,sandy,2024,-1.113815133002613,0.0639121781973142,7.0,3.0,ET0,7,0.0,45.66,3.5751601774979624,4.71830645976308,3.729809452296285,0.0
1720508400,sandy,2024,-0.9149221705053758,0.0639121781973142,7.0,3.0,ET0,7,0.0,45.66,6.021523561190189,4.71830645976308,3.803384289257704,1.0
1720594800,sandy,2024,-0.7056195325902843,0.0639121781973142,7.0,3.0,ET0,7,0.0,45.66,6.408995121084742,4.71830645976308,4.012686927172796,0.0
1720681200,sandy,2024,-0.4539816029469208,0.0639121781973142,7.0,3.0,ET0,7,0.0,45.66,7.100145056634385,4.71830645976308,4.26432485681616,0.0
1720767600,sandy,2024,-0.1823584299832375,0.0639121781973142,7.0,3.0,ET0,7,0.0,45.66,8.417233027045325,4.71830645976308,4.535948029779843,0.0
1720854000,sandy,2024,0.0593814780390195,0.0639121781973142,7.0,3.0,ET0,7,0.0,45.66,9.478835789843243,4.71830645976308,4.7776879378021,0.0
1720940400,sandy,2024,0.2393782160201357,0.0639121781973142,7.0,3.0,ET0,7,49.66,45.66,8.65408688020589,4.71830645976308,4.957684675783216,0.0
1721026800,sandy,2024,-1.010710892088254,0.2393782160201357,7.0,3.0,ET0,7,0.0,49.66,8.038553013013921,4.71830645976308,3.8422994061229274,0.0
1721113200,sandy,2024,-0.7434554094867811,0.2393782160201357,7.0,3.0,ET0,7,0.0,49.66,8.079175888672749,4.71830645976308,3.9748510502762993,0.0
1721199600,sandy,2024,-0.3931449231314474,0.2393782160201357,7.0,3.0,ET0,7,0.0,49.66,9.89638188136864,4.71830645976308,4.325161536631633,0.0
1721286000,sandy,2024,-0.1000135251043359,0.2393782160201357,7.0,3.0,ET0,7,0.0,49.66,8.856197692783795,4.71830645976308,4.6182929346587445,0.0
1721372400,sandy,2024,0.1202372715094966,0.2393782160201357,7.0,3.0,ET0,7,0.0,49.66,8.59349226880255,4.71830645976308,4.838543731272577,0.0
1721458800,sandy,2024,0.2607960615517122,0.2393782160201357,7.0,3.0,ET0,7,0.0,49.66,6.5994601364997925,4.71830645976308,4.979102521314792,0.0
1721545200,sandy,2024,0.3796442563824785,0.2393782160201357,7.0,3.0,ET0,7,56.42,49.66,6.35886520949269,4.71830645976308,5.097950716145559,0.0
1625986800,cloamy,2021,0.1540847297511718,0.0,12.0,3.0,ET0,2,7.91,0.0,7.909412676835701,4.71830645976308,4.872391189514252,0.0
1626073200,cloamy,2021,0.1632299162079175,0.1540847297511718,12.0,3.0,ET0,2,0.0,7.91,8.171899400888595,4.71830645976308,4.888490697919358,0.0
1626159600,cloamy,2021,0.2583073521861568,0.1540847297511718,12.0,3.0,ET0,2,15.48,7.91,7.307248568315713,4.71830645976308,4.976613811949237,49.2
1626246000,cloamy,2021,-0.5266381479799017,0.2583073521861568,12.0,3.0,ET0,2,0.0,15.48,3.7200181370317593,4.71830645976308,4.359565570371304,0.0
1626332400,cloamy,2021,-0.6219986765964148,0.2583073521861568,12.0,3.0,ET0,2,10.31,15.48,6.588938290136868,4.71830645976308,4.164123487026854,0.0
1626418800,cloamy,2021,-0.768169297030247,-0.6219986765964148,12.0,3.0,ET0,2,0.0,10.31,4.2070949143533625,4.71830645976308,4.072527449547529,10.8
1626505200,cloamy,2021,-0.9186046292077592,-0.6219986765964148,12.0,3.0,ET0,2,5.93,10.31,1.7206288405645938,4.71830645976308,3.909255413991232,0.8
1626591600,cloamy,2021,-1.0338766822438843,-0.9186046292077592,12.0,3.0,ET0,2,0.0,5.93,2.339819333016992,4.71830645976308,3.8074892385620234,0.0
1626678000,cloamy,2021,-0.9756465863435164,-0.9186046292077592,12.0,3.0,ET0,2,7.88,5.93,5.542148180411579,4.71830645976308,3.789781427042493,0.0
1626764400,cloamy,2021,-0.9746481340780334,-0.9756465863435164,12.0,3.0,ET0,2,0.0,7.88,6.336708517861463,4.71830645976308,3.819304673759938,0.0
1626850800,cloamy,2021,-0.8278369120929381,-0.9756465863435164,12.0,3.0,ET0,2,14.06,7.88,7.723088615724408,4.71830645976308,3.9050281057994023,0.0
1626937200,cloamy,2021,-0.8761588772770593,-0.8278369120929381,12.0,3.0,ET0,2,0.0,14.06,6.384988487195638,4.71830645976308,3.951344729770352,0.0
1627023600,cloamy,2021,-0.7440551330944359,-0.8278369120929381,12.0,3.0,ET0,2,13.11,14.06,6.724001721462045,4.71830645976308,4.006980491437853,0.0
1627110000,cloamy,2021,-0.7743024692212981,-0.7440551330944359,12.0,3.0,ET0,2,0.0,13.11,6.639604206034317,4.71830645976308,4.055271848486855,0.0
1627196400,cloamy,2021,-0.6672884217319133,-0.7440551330944359,12.0,3.0,ET0,2,12.71,13.11,6.068344799075018,4.71830645976308,4.086229028042911,0.0
1627282800,cloamy,2021,-0.7668699516747003,-0.6672884217319133,12.0,3.0,ET0,2,0.0,12.71,3.7441148307248353,4.71830645976308,4.070959228109202,0.0
1627369200,cloamy,2021,-0.6814126578196257,-0.6672884217319133,12.0,3.0,ET0,2,9.0,12.71,5.25782491390273,4.71830645976308,4.079159450106932,1.0
1627455600,cloamy,2021,-0.7271683876498203,-0.6814126578196257,12.0,3.0,ET0,2,0.0,9.0,4.067188753317478,4.71830645976308,4.0795369731488185,0.0
1627542000,cloamy,2021,-0.6213548706594109,-0.6814126578196257,12.0,3.0,ET0,2,9.57,9.0,5.501441403272102,4.71830645976308,4.121232030592542,0.0
1627628400,cloamy,2021,-0.5808716145920665,-0.6213548706594109,12.0,3.0,ET0,2,0.0,9.57,7.363960029273559,4.71830645976308,4.201807905472829,0.0
1627714800,cloamy,2021,-0.4036116640137255,-0.6213548706594109,12.0,3.0,ET0,2,15.49,9.57,8.127164249908118,4.71830645976308,4.323226062617178,0.0
1627801200,cloamy,2021,-0.4769863907850745,-0.4036116640137255,12.0,3.0,ET0,2,0.0,15.49,7.011084171391055,4.71830645976308,4.352666803968647,9.0
1627887600,cloamy,2021,-0.4045893127786527,-0.4036116640137255,12.0,3.0,ET0,2,14.32,15.49,7.304828236834061,4.71830645976308,4.35671569237171,0.0
1627974000,cloamy,2021,-0.4943297877391825,-0.4045893127786527,12.0,3.0,ET0,2,0.0,14.32,7.320018177389831,4.71830645976308,4.34543357489035,0.0
1628060400,cloamy,2021,-0.376022359855625,-0.4045893127786527,12.0,3.0,ET0,2,15.56,14.32,8.239496207860649,4.71830645976308,4.373565338105523,0.0
1628146800,cloamy,2021,-0.5395879463135927,-0.376022359855625,12.0,3.0,ET0,2,0.0,15.56,4.198759507591638,4.71830645976308,4.314087906787903,0.0
1628233200,cloamy,2021,-0.4088081049234482,-0.376022359855625,12.0,3.0,ET0,2,12.46,15.56,8.25634687060054,4.71830645976308,4.345890679410893,0.0
1628319600,cloamy,2021,-0.4385939325752166,-0.4088081049234482,12.0,3.0,ET0,2,0.0,12.46,7.823891414052509,4.71830645976308,4.375046759876111,0.0
1628406000,cloamy,2021,-0.327098614985941,-0.4088081049234482,12.0,3.0,ET0,2,14.63,12.46,6.805842568347599,4.71830645976308,4.412957626254908,0.0
1628492400,cloamy,2021,-0.3730487276053157,-0.327098614985941,12.0,3.0,ET0,2,0.0,14.63,8.235329351972808,4.71830645976308,4.445069323546054,0.0
1625986800,cloamy,2021,0.1540847297511718,0.0,12.0,3.0,ET0,1,7.91,0.0,7.909412676835701,4.71830645976308,4.872391189514252,0.0
1626073200,cloamy,2021,0.1632299162079175,0.1540847297511718,12.0,3.0,ET0,1,8.17,7.91,8.171899400888595,4.71830645976308,4.888490697919358,0.0
1626159600,cloamy,2021,0.1276576978170304,0.1632299162079175,12.0,3.0,ET0,1,7.31,8.17,7.307248568315713,4.71830645976308,4.865777024080197,49.2
1626246000,cloamy,2021,-0.5507680483622136,0.1276576978170304,12.0,3.0,ET0,1,3.72,7.31,3.7200181370317593,4.71830645976308,4.315059102677043,0.0
1626332400,cloamy,2021,-0.6893395694603732,-0.5507680483622136,12.0,3.0,ET0,1,6.59,3.72,6.588938290136868,4.71830645976308,4.123371149901831,0.0
1626418800,cloamy,2021,-0.7845880206714374,-0.6893395694603732,12.0,3.0,ET0,1,4.21,6.59,4.2070949143533625,4.71830645976308,4.035100959643223,10.8
1626505200,cloamy,2021,-0.9884826136453682,-0.7845880206714374,12.0,3.0,ET0,1,1.72,4.21,1.7206288405645938,4.71830645976308,3.874453003978212,0.8
1626591600,cloamy,2021,-1.046484086436365,-0.9884826136453682,12.0,3.0,ET0,1,2.34,1.72,2.339819333016992,4.71830645976308,3.771800128086052,0.0
1626678000,cloamy,2021,-1.010814844210741,-1.046484086436365,12.0,3.0,ET0,1,5.54,2.34,5.542148180411579,4.71830645976308,3.762835111923633,0.0
1626764400,cloamy,2021,-0.9775977652793708,-1.010814844210741,12.0,3.0,ET0,1,6.34,5.54,6.336708517861463,4.71830645976308,3.798970990327069,0.0
1626850800,cloamy,2021,-0.9122204864884744,-0.9775977652793708,12.0,3.0,ET0,1,7.72,6.34,7.723088615724408,4.71830645976308,3.86886802505046,0.0
1626937200,cloamy,2021,-0.8828515654222636,-0.9122204864884744,12.0,3.0,ET0,1,6.38,7.72,6.384988487195638,4.71830645976308,3.916476194415668,0.0
1627023600,cloamy,2021,-0.8275433936385411,-0.8828515654222636,12.0,3.0,ET0,1,6.72,6.38,6.724001721462045,4.71830645976308,3.96828603544266,0.0
1627110000,cloamy,2021,-0.7821339817785442,-0.8275433936385411,12.0,3.0,ET0,1,6.64,6.72,6.639604206034317,4.71830645976308,4.014610614430862,0.0
1627196400,cloamy,2021,-0.755673858119888,-0.7821339817785442,12.0,3.0,ET0,1,6.07,6.64,6.068344799075018,4.71830645976308,4.042369215621674,0.0
1627282800,cloamy,2021,-0.7745125603629064,-0.755673858119888,12.0,3.0,ET0,1,3.74,6.07,3.7441148307248353,4.71830645976308,4.025667674418517,0.0
1627369200,cloamy,2021,-0.7223245521050511,-0.7745125603629064,12.0,3.0,ET0,1,5.26,3.74,5.25782491390273,4.71830645976308,4.051861292943252,1.0
1627455600,cloamy,2021,-0.7171448029180773,-0.7223245521050511,12.0,3.0,ET0,1,4.07,5.26,4.067188753317478,4.71830645976308,4.061295045096054,0.0
1627542000,cloamy,2021,-0.6567544743766026,-0.7171448029180773,12.0,3.0,ET0,1,5.5,4.07,5.501441403272102,4.71830645976308,4.105803720387551,0.0
1627628400,cloamy,2021,-0.5621836039994045,-0.6567544743766026,12.0,3.0,ET0,1,7.36,5.5,7.363960029273559,4.71830645976308,4.197336077565812,0.0
1627714800,cloamy,2021,-0.4773086697909579,-0.5621836039994045,12.0,3.0,ET0,1,8.13,7.36,8.127164249908118,4.71830645976308,4.291848472846861,0.0
1627801200,cloamy,2021,-0.4496442324956961,-0.4773086697909579,12.0,3.0,ET0,1,7.01,8.13,7.011084171391055,4.71830645976308,4.339844074304254,9.0
1627887600,cloamy,2021,-0.4762409386995606,-0.4496442324956961,12.0,3.0,ET0,1,7.3,7.01,7.304828236834061,4.71830645976308,4.328735495230253,0.0
1627974000,cloamy,2021,-0.4795005636349301,-0.4762409386995606,12.0,3.0,ET0,1,7.32,7.3,7.320018177389831,4.71830645976308,4.319789583107425,0.0
1628060400,cloamy,2021,-0.452095796536234,-0.4795005636349301,12.0,3.0,ET0,1,8.24,7.32,8.239496207860649,4.71830645976308,4.340580167854742,0.0
1628146800,cloamy,2021,-0.5237385602908163,-0.452095796536234,12.0,3.0,ET0,1,4.2,8.24,4.198759507591638,4.71830645976308,4.285512143700623,0.0
1628233200,cloamy,2021,-0.4321872701741256,-0.5237385602908163,12.0,3.0,ET0,1,8.26,4.2,8.25634687060054,4.71830645976308,4.336234697776765,0.0
1628319600,cloamy,2021,-0.3989875346379026,-0.4321872701741256,12.0,3.0,ET0,1,7.82,8.26,7.823891414052509,4.71830645976308,4.38369464431496,0.0
1628406000,cloamy,2021,-0.3871059068121323,-0.3989875346379026,12.0,3.0,ET0,1,6.81,7.82,6.805842568347599,4.71830645976308,4.400676955541274,0.0
1628492400,cloamy,2021,-0.333683281959002,-0.3871059068121323,12.0,3.0,ET0,1,8.24,6.81,8.235329351972808,4.71830645976308,4.443764254013832,0.0
1625986800,cloamy,2021,0.1540847297511718,0.0,12.0,3.0,ET0,3,7.91,0.0,7.909412676835701,4.71830645976308,4.872391189514252,0.0
1626073200,cloamy,2021,0.1632299162079175,0.1540847297511718,12.0,3.0,ET0,3,0.0,7.91,8.171899400888595,4.71830645976308,4.888490697919358,0.0
1626159600,cloamy,2021,0.2583073521861568,0.1540847297511718,12.0,3.0,ET0,3,0.0,7.91,7.307248568315713,4.71830645976308,4.976613811949237,49.2
1626246000,cloamy,2021,-0.2128454478077862,0.1540847297511718,12.0,3.0,ET0,3,19.2,7.91,3.7200181370317593,4.71830645976308,4.544961423398723,0.0
1626332400,cloamy,2021,-0.5631678276957686,-0.2128454478077862,12.0,3.0,ET0,3,0.0,19.2,6.588938290136868,4.71830645976308,4.324731525979253,0.0
1626418800,cloamy,2021,-0.6370572038016348,-0.2128454478077862,12.0,3.0,ET0,3,0.0,19.2,4.2070949143533625,4.71830645976308,4.156481001060862,10.8
1626505200,cloamy,2021,-0.7737425946968719,-0.2128454478077862,12.0,3.0,ET0,3,12.52,19.2,1.7206288405645938,4.71830645976308,4.0151925084182345,0.8
1626591600,cloamy,2021,-0.9959929398104544,-0.7737425946968719,12.0,3.0,ET0,3,0.0,12.52,2.339819333016992,4.71830645976308,3.8929112734985134,0.0
1626678000,cloamy,2021,-0.9675252165861504,-0.7737425946968719,12.0,3.0,ET0,3,0.0,12.52,5.542148180411579,4.71830645976308,3.830380295849364,0.0
1626764400,cloamy,2021,-0.8653085020973905,-0.7737425946968719,12.0,3.0,ET0,3,14.22,12.52,6.336708517861463,4.71830645976308,3.8681698456800095,0.0
1626850800,cloamy,2021,-0.8991082210782649,-0.8653085020973905,12.0,3.0,ET0,3,0.0,14.22,7.723088615724408,4.71830645976308,3.929941138718006,0.0
1626937200,cloamy,2021,-0.7911259900242227,-0.8653085020973905,12.0,3.0,ET0,3,0.0,14.22,6.384988487195638,4.71830645976308,3.964134240448281,0.0
1627023600,cloamy,2021,-0.6423277070014954,-0.8653085020973905,12.0,3.0,ET0,3,20.83,14.22,6.724001721462045,4.71830645976308,4.077110866395354,0.0
1627110000,cloamy,2021,-0.7722365301495093,-0.6423277070014954,12.0,3.0,ET0,3,0.0,20.83,6.639604206034317,4.71830645976308,4.098083386991044,0.0
1627196400,cloamy,2021,-0.6879428062150554,-0.6423277070014954,12.0,3.0,ET0,3,0.0,20.83,6.068344799075018,4.71830645976308,4.090088501757766,0.0
1627282800,cloamy,2021,-0.6197815541978104,-0.6423277070014954,12.0,3.0,ET0,3,16.45,20.83,3.7441148307248353,4.71830645976308,4.110936658918299,0.0
1627369200,cloamy,2021,-0.7311096932554595,-0.6197815541978104,12.0,3.0,ET0,3,0.0,16.45,5.25782491390273,4.71830645976308,4.120658236600267,1.0
1627455600,cloamy,2021,-0.6832474169981438,-0.6197815541978104,12.0,3.0,ET0,3,0.0,16.45,4.067188753317478,4.71830645976308,4.091622781339468,0.0
1627542000,cloamy,2021,-0.5759059852710992,-0.6197815541978104,12.0,3.0,ET0,3,14.83,16.45,5.501441403272102,4.71830645976308,4.150666731702526,0.0
1627628400,cloamy,2021,-0.6080023620949305,-0.5759059852710992,12.0,3.0,ET0,3,0.0,14.83,7.363960029273559,4.71830645976308,4.211397621964862,0.0
1627714800,cloamy,2021,-0.4452058879360459,-0.5759059852710992,12.0,3.0,ET0,3,0.0,14.83,8.127164249908118,4.71830645976308,4.296081831487514,0.0
1627801200,cloamy,2021,-0.2934307301440054,-0.5759059852710992,12.0,3.0,ET0,3,22.5,14.83,7.011084171391055,4.71830645976308,4.424875729619075,9.0
1627887600,cloamy,2021,-0.5229984396617763,-0.2934307301440054,12.0,3.0,ET0,3,0.0,22.5,7.304828236834061,4.71830645976308,4.364081412446335,0.0
1627974000,cloamy,2021,-0.4516273684415597,-0.2934307301440054,12.0,3.0,ET0,3,0.0,22.5,7.320018177389831,4.71830645976308,4.3255716639007336,0.0
1628060400,cloamy,2021,-0.3164434134877738,-0.2934307301440054,12.0,3.0,ET0,3,22.86,22.5,8.239496207860649,4.71830645976308,4.40675453408531,0.0
1628146800,cloamy,2021,-0.5748771016745641,-0.3164434134877738,12.0,3.0,ET0,3,0.0,22.86,4.198759507591638,4.71830645976308,4.323435138796063,0.0
1628233200,cloamy,2021,-0.4605464649434188,-0.3164434134877738,12.0,3.0,ET0,3,0.0,22.86,8.25634687060054,4.71830645976308,4.317079494920878,0.0
1628319600,cloamy,2021,-0.3234403228563274,-0.3164434134877738,12.0,3.0,ET0,3,20.28,22.86,7.823891414052509,4.71830645976308,4.400005161179216,0.0
1628406000,cloamy,2021,-0.4765317559013154,-0.3234403228563274,12.0,3.0,ET0,3,0.0,20.28,6.805842568347599,4.71830645976308,4.385313328923391,0.0
1628492400,cloamy,2021,-0.3481159678920548,-0.3234403228563274,12.0,3.0,ET0,3,0.0,20.28,8.235329351972808,4.71830645976308,4.40987690256144,0.0
1625986800,cloamy,2021,0.1540847297511718,0.0,12.0,3.0,ET0,7,7.91,0.0,7.909412676835701,4.71830645976308,4.872391189514252,0.0
1626073200,cloamy,2021,0.1632299162079175,0.1540847297511718,12.0,3.0,ET0,7,0.0,7.91,8.171899400888595,4.71830645976308,4.888490697919358,0.0
1626159600,cloamy,2021,0.2583073521861568,0.1540847297511718,12.0,3.0,ET0,7,0.0,7.91,7.307248568315713,4.71830645976308,4.976613811949237,49.2
1626246000,cloamy,2021,-0.2128454478077862,0.1540847297511718,12.0,3.0,ET0,7,0.0,7.91,3.7200181370317593,4.71830645976308,4.544961423398723,0.0
1626332400,cloamy,2021,-0.2454815470044006,0.1540847297511718,12.0,3.0,ET0,7,0.0,7.91,6.588938290136868,4.71830645976308,4.476800854905806,0.0
1626418800,cloamy,2021,-0.2260810998698033,0.1540847297511718,12.0,3.0,ET0,7,0.0,7.91,4.2070949143533625,4.71830645976308,4.492225359893277,10.8
1626505200,cloamy,2021,-0.314080002221226,0.1540847297511718,12.0,3.0,ET0,7,0.0,7.91,1.7206288405645938,4.71830645976308,4.405019448022623,0.8
1626591600,cloamy,2021,-0.3355145121398729,0.1540847297511718,12.0,3.0,ET0,7,34.06,7.91,2.339819333016992,4.71830645976308,4.382791947623208,0.0
1626678000,cloamy,2021,-0.7621977942678522,-0.3355145121398729,12.0,3.0,ET0,7,0.0,34.06,5.542148180411579,4.71830645976308,4.204501598688163,0.0
1626764400,cloamy,2021,-0.8171183214987342,-0.3355145121398729,12.0,3.0,ET0,7,0.0,34.06,6.336708517861463,4.71830645976308,4.027567393243252,0.0
1626850800,cloamy,2021,-0.7299517262358325,-0.3355145121398729,12.0,3.0,ET0,7,0.0,34.06,7.723088615724408,4.71830645976308,4.023900267319966,0.0
1626937200,cloamy,2021,-0.6085610226275047,-0.3355145121398729,12.0,3.0,ET0,7,0.0,34.06,6.384988487195638,4.71830645976308,4.110212279010619,0.0
1627023600,cloamy,2021,-0.4485590433617039,-0.3355145121398729,12.0,3.0,ET0,7,0.0,34.06,6.724001721462045,4.71830645976308,4.269747416401376,0.0
1627110000,cloamy,2021,-0.277568240259758,-0.3355145121398729,12.0,3.0,ET0,7,0.0,34.06,6.639604206034317,4.71830645976308,4.440738219503322,0.0
1627196400,cloamy,2021,-0.11251022960367,-0.3355145121398729,12.0,3.0,ET0,7,45.42,34.06,6.068344799075018,4.71830645976308,4.60579623015941,0.0
1627282800,cloamy,2021,-0.6617547482477009,-0.11251022960367,12.0,3.0,ET0,7,0.0,45.42,3.7441148307248353,4.71830645976308,4.323998560848257,0.0
1627369200,cloamy,2021,-0.7400447638069976,-0.11251022960367,12.0,3.0,ET0,7,0.0,45.42,5.25782491390273,4.71830645976308,4.130537213646694,1.0
1627455600,cloamy,2021,-0.7091044776095998,-0.11251022960367,12.0,3.0,ET0,7,0.0,45.42,4.067188753317478,4.71830645976308,4.074849962416382,0.0
1627542000,cloamy,2021,-0.6161147980377545,-0.11251022960367,12.0,3.0,ET0,7,0.0,45.42,5.501441403272102,4.71830645976308,4.112521765784119,0.0
1627628400,cloamy,2021,-0.4512400942825658,-0.11251022960367,12.0,3.0,ET0,7,0.0,45.42,7.363960029273559,4.71830645976308,4.267066365480514,0.0
1627714800,cloamy,2021,-0.2482409301110701,-0.11251022960367,12.0,3.0,ET0,7,0.0,45.42,8.127164249908118,4.71830645976308,4.47006552965201,0.0
1627801200,cloamy,2021,-0.0565295942938208,-0.11251022960367,12.0,3.0,ET0,7,41.07,45.42,7.011084171391055,4.71830645976308,4.66177686546926,9.0
1627887600,cloamy,2021,-0.5504676025071413,-0.0565295942938208,12.0,3.0,ET0,7,0.0,41.07,7.304828236834061,4.71830645976308,4.410527818180065,0.0
1627974000,cloamy,2021,-0.5826213732359933,-0.0565295942938208,12.0,3.0,ET0,7,0.0,41.07,7.320018177389831,4.71830645976308,4.255124681889975,0.0
1628060400,cloamy,2021,-0.4732025631413246,-0.0565295942938208,12.0,3.0,ET0,7,0.0,41.07,8.239496207860649,4.71830645976308,4.272832625551918,0.0
1628146800,cloamy,2021,-0.4080525159001529,-0.0565295942938208,12.0,3.0,ET0,7,0.0,41.07,4.198759507591638,4.71830645976308,4.310956658830864,0.0
1628233200,cloamy,2021,-0.2219830384097475,-0.0565295942938208,12.0,3.0,ET0,7,0.0,41.07,8.25634687060054,4.71830645976308,4.496323421353333,0.0
1628319600,cloamy,2021,-0.0277163772754368,-0.0565295942938208,12.0,3.0,ET0,7,0.0,41.07,7.823891414052509,4.71830645976308,4.690590082487644,0.0
1628406000,cloamy,2021,0.1602483934959604,-0.0565295942938208,12.0,3.0,ET0,7,49.95,41.07,6.805842568347599,4.71830645976308,4.878554853259041,0.0
1628492400,cloamy,2021,-0.3999669118399094,0.1602483934959604,12.0,3.0,ET0,7,0.0,49.95,8.235329351972808,4.71830645976308,4.571053086078084,0.0
1655967600,cloamy,2022,-0.3316156685861205,0.0,12.0,3.0,ET0,2,5.92,0.0,5.915965904891959,4.71830645976308,4.386690791176959,0.0
1656054000,cloamy,2022,-0.3313512930583903,-0.3316156685861205,12.0,3.0,ET0,2,0.0,5.92,5.717907755951627,4.71830645976308,4.400606690575314,0.0
1656140400,cloamy,2022,-0.2061589320108429,-0.3316156685861205,12.0,3.0,ET0,2,14.92,5.92,9.203948870710636,4.71830645976308,4.512147527752237,0.0
1656226800,cloamy,2022,-0.2762752446375565,-0.2061589320108429,12.0,3.0,ET0,2,0.0,14.92,9.569797117975432,4.71830645976308,4.498819497708527,0.0
1656313200,cloamy,2022,-0.1765456146353089,-0.2061589320108429,12.0,3.0,ET0,2,18.26,14.92,8.693094774412245,4.71830645976308,4.546142516384985,0.0
1656399600,cloamy,2022,-0.3460129408080249,-0.1765456146353089,12.0,3.0,ET0,2,0.0,18.26,7.460713537351751,4.71830645976308,4.480685655206678,1.6
1656486000,cloamy,2022,-0.3749142855270864,-0.1765456146353089,12.0,3.0,ET0,2,9.29,18.26,1.8323231735051733,4.71830645976308,4.381339588233825,0.0
1656572400,cloamy,2022,-0.4277961054630501,-0.3749142855270864,12.0,3.0,ET0,2,0.0,9.29,6.425725286268609,4.71830645976308,4.362437604570236,0.0
1656658800,cloamy,2022,-0.3298159133393808,-0.3749142855270864,12.0,3.0,ET0,2,14.91,9.29,8.481182130641368,4.71830645976308,4.398867246642241,0.0
1656745200,cloamy,2022,-0.398404515029347,-0.3298159133393808,12.0,3.0,ET0,2,0.0,14.91,9.684100900879589,4.71830645976308,4.4108019724068654,0.0
1656831600,cloamy,2022,-0.309443749201839,-0.3298159133393808,12.0,3.0,ET0,2,17.56,14.91,7.875822878948619,4.71830645976308,4.426532095426439,0.0
1656918000,cloamy,2022,-0.4298670787541063,-0.309443749201839,12.0,3.0,ET0,2,0.0,17.56,8.846129638751195,4.71830645976308,4.413293740924901,0.0
1657004400,cloamy,2022,-0.3372461037608288,-0.309443749201839,12.0,3.0,ET0,2,17.2,17.56,8.353871892123982,4.71830645976308,4.412474193388122,0.0
1657090800,cloamy,2022,-0.4681188118219494,-0.3372461037608288,12.0,3.0,ET0,2,0.0,17.2,8.10868026961472,4.71830645976308,4.388259314152337,0.0
1657177200,cloamy,2022,-0.429363263591962,-0.3372461037608288,12.0,3.0,ET0,2,13.39,17.2,5.27960920736311,4.71830645976308,4.33501261208397,11.6
1657263600,cloamy,2022,-0.5728719120269407,-0.429363263591962,12.0,3.0,ET0,2,0.0,13.39,7.275206390354677,4.71830645976308,4.303133739912004,0.0
1657350000,cloamy,2022,-0.5132977846774512,-0.429363263591962,12.0,3.0,ET0,2,14.4,13.39,7.121172904786319,4.71830645976308,4.263737206073926,0.0
1657436400,cloamy,2022,-0.597192199978488,-0.5132977846774512,12.0,3.0,ET0,2,0.0,14.4,7.612583271961939,4.71830645976308,4.260952405821688,0.0
1657522800,cloamy,2022,-0.4806683867223175,-0.5132977846774512,12.0,3.0,ET0,2,16.08,14.4,8.472336750464112,4.71830645976308,4.279429566712491,0.0
1657609200,cloamy,2022,-0.5851470973188023,-0.4806683867223175,12.0,3.0,ET0,2,0.0,16.08,7.487993037508327,4.71830645976308,4.277398024334888,0.0
1657695600,cloamy,2022,-0.5230348082770336,-0.4806683867223175,12.0,3.0,ET0,2,12.93,16.08,5.439558555641069,4.71830645976308,4.247685560694093,0.0
1657782000,cloamy,2022,-0.5582124904000927,-0.5230348082770336,12.0,3.0,ET0,2,0.0,12.93,8.254676604732598,4.71830645976308,4.275660350619245,0.0
1657868400,cloamy,2022,-0.4002322509979518,-0.5230348082770336,12.0,3.0,ET0,2,17.7,12.93,9.447916516172471,4.71830645976308,4.343756092217469,0.0
1657954800,cloamy,2022,-0.4829582664054276,-0.4002322509979518,12.0,3.0,ET0,2,0.0,17.7,8.968687582898376,4.71830645976308,4.370651929635551,0.0
1658041200,cloamy,2022,-0.3733672189987607,-0.4002322509979518,12.0,3.0,ET0,2,16.67,17.7,7.701644419417017,4.71830645976308,4.383153414377222,0.0
1658127600,cloamy,2022,-0.4870200630956517,-0.3733672189987607,12.0,3.0,ET0,2,0.0,16.67,7.236620092977568,4.71830645976308,4.372438049379367,0.0
1658214000,cloamy,2022,-0.3712086119373803,-0.3733672189987607,12.0,3.0,ET0,2,15.21,16.67,7.976539558735554,4.71830645976308,4.386479919481287,0.0
1658300400,cloamy,2022,-0.4200980421460855,-0.3712086119373803,12.0,3.0,ET0,2,0.0,15.21,9.031637030513592,4.71830645976308,4.418623014789213,0.0
1658386800,cloamy,2022,-0.2888271844245054,-0.3712086119373803,12.0,3.0,ET0,2,17.56,15.21,8.523521442036436,4.71830645976308,4.457240921226862,0.0
1655967600,cloamy,2022,-0.3316156685861205,0.0,12.0,3.0,ET0,1,5.92,0.0,5.915965904891959,4.71830645976308,4.386690791176959,0.0
1656054000,cloamy,2022,-0.3313512930583903,-0.3316156685861205,12.0,3.0,ET0,1,5.72,5.92,5.717907755951627,4.71830645976308,4.400606690575314,0.0
1656140400,cloamy,2022,-0.2817521604037835,-0.3313512930583903,12.0,3.0,ET0,1,9.2,5.72,9.203948870710636,4.71830645976308,4.453436082815895,0.0
1656226800,cloamy,2022,-0.2835655755985731,-0.2817521604037835,12.0,3.0,ET0,1,9.57,9.2,9.569797117975432,4.71830645976308,4.474908172322545,0.0
1656313200,cloamy,2022,-0.3174865914248788,-0.2835655755985731,12.0,3.0,ET0,1,8.69,9.57,8.693094774412245,4.71830645976308,4.460631687158515,0.0
1656399600,cloamy,2022,-0.3685422429921335,-0.3174865914248788,12.0,3.0,ET0,1,7.46,8.69,7.460713537351751,4.71830645976308,4.420053382967084,1.6
1656486000,cloamy,2022,-0.4918684262009908,-0.3685422429921335,12.0,3.0,ET0,1,1.83,7.46,1.8323231735051733,4.71830645976308,4.315226756431038,0.0
1656572400,cloamy,2022,-0.4545739237939775,-0.4918684262009908,12.0,3.0,ET0,1,6.43,1.83,6.425725286268609,4.71830645976308,4.298592778852018,0.0
1656658800,cloamy,2022,-0.4275083720259747,-0.4545739237939775,12.0,3.0,ET0,1,8.48,6.43,8.481182130641368,4.71830645976308,4.332071249257426,0.0
1656745200,cloamy,2022,-0.4077821152548558,-0.4275083720259747,12.0,3.0,ET0,1,9.68,8.48,9.684100900879589,4.71830645976308,4.366957567373935,0.0
1656831600,cloamy,2022,-0.4405417275518926,-0.4077821152548558,12.0,3.0,ET0,1,7.88,9.68,7.875822878948619,4.71830645976308,4.35816702979321,0.0
1656918000,cloamy,2022,-0.4363356518916372,-0.4405417275518926,12.0,3.0,ET0,1,8.85,7.88,8.846129638751195,4.71830645976308,4.358461518787473,0.0
1657004400,cloamy,2022,-0.4513316409377548,-0.4363356518916372,12.0,3.0,ET0,1,8.35,8.85,8.353871892123982,4.71830645976308,4.352257473153417,0.0
1657090800,cloamy,2022,-0.4682771233500071,-0.4513316409377548,12.0,3.0,ET0,1,8.11,8.35,8.10868026961472,4.71830645976308,4.337624258943261,0.0
1657177200,cloamy,2022,-0.5254802922009757,-0.4682771233500071,12.0,3.0,ET0,1,5.28,8.11,5.27960920736311,4.71830645976308,4.288969771521924,11.6
1657263600,cloamy,2022,-0.5561349189250155,-0.5254802922009757,12.0,3.0,ET0,1,7.28,5.28,7.275206390354677,4.71830645976308,4.268749699318347,0.0
1657350000,cloamy,2022,-0.5857777688379637,-0.5561349189250155,12.0,3.0,ET0,1,7.12,7.28,7.121172904786319,4.71830645976308,4.237916776460066,0.0
1657436400,cloamy,2022,-0.579704111216747,-0.5857777688379637,12.0,3.0,ET0,1,7.61,7.12,7.612583271961939,4.71830645976308,4.233379061317093,0.0
1657522800,cloamy,2022,-0.5552460451318815,-0.579704111216747,12.0,3.0,ET0,1,8.47,7.61,8.472336750464112,4.71830645976308,4.252279192020871,0.0
1657609200,cloamy,2022,-0.56221929214934,-0.5552460451318815,12.0,3.0,ET0,1,7.49,8.47,7.487993037508327,4.71830645976308,4.253177674855175,0.0
1657695600,cloamy,2022,-0.5923049619922668,-0.56221929214934,12.0,3.0,ET0,1,5.44,7.49,5.439558555641069,4.71830645976308,4.224270212287383,0.0
1657782000,cloamy,2022,-0.531842882049708,-0.5923049619922668,12.0,3.0,ET0,1,8.25,5.44,8.254676604732598,4.71830645976308,4.256005799385585,0.0
1657868400,cloamy,2022,-0.4742750138740073,-0.531842882049708,12.0,3.0,ET0,1,9.45,8.25,9.447916516172471,4.71830645976308,4.318251634010976,0.0
1657954800,cloamy,2022,-0.4501110338573016,-0.4742750138740073,12.0,3.0,ET0,1,8.97,9.45,8.968687582898376,4.71830645976308,4.356121854553903,0.0
1658041200,cloamy,2022,-0.4552097806434182,-0.4501110338573016,12.0,3.0,ET0,1,7.7,8.97,7.701644419417017,4.71830645976308,4.357162734560155,0.0
1658127600,cloamy,2022,-0.4541062975538459,-0.4552097806434182,12.0,3.0,ET0,1,7.24,7.7,7.236620092977568,4.71830645976308,4.351748395396112,0.0
1658214000,cloamy,2022,-0.4247530935055618,-0.4541062975538459,12.0,3.0,ET0,1,7.98,7.24,7.976539558735554,4.71830645976308,4.370855320887987,0.0
1658300400,cloamy,2022,-0.3773194229116944,-0.4247530935055618,12.0,3.0,ET0,1,9.03,7.98,9.031637030513592,4.71830645976308,4.414224323274768,0.0
1658386800,cloamy,2022,-0.361003791307274,-0.3773194229116944,12.0,3.0,ET0,1,8.52,9.03,8.523521442036436,4.71830645976308,4.438689814152427,0.0
1655967600,cloamy,2022,-0.3316156685861205,0.0,12.0,3.0,ET0,3,5.92,0.0,5.915965904891959,4.71830645976308,4.386690791176959,0.0
1656054000,cloamy,2022,-0.3313512930583903,-0.3316156685861205,12.0,3.0,ET0,3,0.0,5.92,5.717907755951627,4.71830645976308,4.400606690575314,0.0
1656140400,cloamy,2022,-0.2061589320108429,-0.3316156685861205,12.0,3.0,ET0,3,0.0,5.92,9.203948870710636,4.71830645976308,4.512147527752237,0.0
1656226800,cloamy,2022,-0.06693668505863,-0.3316156685861205,12.0,3.0,ET0,3,24.49,5.92,9.569797117975432,4.71830645976308,4.65136977470445,0.0
1656313200,cloamy,2022,-0.2908114341844072,-0.06693668505863,12.0,3.0,ET0,3,0.0,24.49,8.693094774412245,4.71830645976308,4.536952458421407,0.0
1656399600,cloamy,2022,-0.2350719164921652,-0.06693668505863,12.0,3.0,ET0,3,0.0,24.49,7.460713537351751,4.71830645976308,4.505662055353052,1.6
1656486000,cloamy,2022,-0.2343858040139928,-0.06693668505863,12.0,3.0,ET0,3,17.99,24.49,1.8323231735051733,4.71830645976308,4.486317309566932,0.0
1656572400,cloamy,2022,-0.4034595112442569,-0.2343858040139928,12.0,3.0,ET0,3,0.0,17.99,6.425725286268609,4.71830645976308,4.429826758336451,0.0
1656658800,cloamy,2022,-0.3197501339568271,-0.2343858040139928,12.0,3.0,ET0,3,0.0,17.99,8.481182130641368,4.71830645976308,4.425862676534283,0.0
1656745200,cloamy,2022,-0.1949519353340477,-0.2343858040139928,12.0,3.0,ET0,3,24.59,17.99,9.684100900879589,4.71830645976308,4.523354524429032,0.0
1656831600,cloamy,2022,-0.4266753741154001,-0.1949519353340477,12.0,3.0,ET0,3,0.0,24.59,7.875822878948619,4.71830645976308,4.44758225889665,0.0
1656918000,cloamy,2022,-0.3430651568231957,-0.1949519353340477,12.0,3.0,ET0,3,0.0,24.59,8.846129638751195,4.71830645976308,4.419467212792732,0.0
1657004400,cloamy,2022,-0.2319756756277144,-0.1949519353340477,12.0,3.0,ET0,3,25.08,24.59,8.353871892123982,4.71830645976308,4.487703079921859,0.0
1657090800,cloamy,2022,-0.4684019096655199,-0.2319756756277144,12.0,3.0,ET0,3,0.0,25.08,8.10868026961472,4.71830645976308,4.42607855551369,0.0
1657177200,cloamy,2022,-0.4439053977458341,-0.2319756756277144,12.0,3.0,ET0,3,0.0,25.08,5.27960920736311,4.71830645976308,4.339574496575309,11.6
1657263600,cloamy,2022,-0.3841949082182131,-0.2319756756277144,12.0,3.0,ET0,3,20.66,25.08,7.275206390354677,4.71830645976308,4.363667880917801,0.0
1657350000,cloamy,2022,-0.6044536618941466,-0.3841949082182131,12.0,3.0,ET0,3,0.0,20.66,7.121172904786319,4.71830645976308,4.307101591030529,0.0
1657436400,cloamy,2022,-0.530061111903433,-0.3841949082182131,12.0,3.0,ET0,3,0.0,20.66,7.612583271961939,4.71830645976308,4.2613558245510506,0.0
1657522800,cloamy,2022,-0.3997478405567281,-0.3841949082182131,12.0,3.0,ET0,3,23.21,20.66,8.472336750464112,4.71830645976308,4.3264066520251925,0.0
1657609200,cloamy,2022,-0.5958218774697002,-0.3997478405567281,12.0,3.0,ET0,3,0.0,23.21,7.487993037508327,4.71830645976308,4.305715836685889,0.0
1657695600,cloamy,2022,-0.5464633132266098,-0.3997478405567281,12.0,3.0,ET0,3,0.0,23.21,5.439558555641069,4.71830645976308,4.246070072728984,0.0
1657782000,cloamy,2022,-0.4110840422633779,-0.3997478405567281,12.0,3.0,ET0,3,21.18,23.21,8.254676604732598,4.71830645976308,4.3155680199553,0.0
1657868400,cloamy,2022,-0.5244136616856059,-0.4110840422633779,12.0,3.0,ET0,3,0.0,21.18,9.447916516172471,4.71830645976308,4.346921441764799,0.0
1657954800,cloamy,2022,-0.3895967770502118,-0.4110840422633779,12.0,3.0,ET0,3,0.0,21.18,8.968687582898376,4.71830645976308,4.373386491568071,0.0
1658041200,cloamy,2022,-0.2595174994364462,-0.4110840422633779,12.0,3.0,ET0,3,26.12,21.18,7.701644419417017,4.71830645976308,4.460717134806209,0.0
1658127600,cloamy,2022,-0.4976333664709493,-0.2595174994364462,12.0,3.0,ET0,3,0.0,26.12,7.236620092977568,4.71830645976308,4.408213015096384,0.0
1658214000,cloamy,2022,-0.4045474020186109,-0.2595174994364462,12.0,3.0,ET0,3,0.0,26.12,7.976539558735554,4.71830645976308,4.378183504391274,0.0
1658300400,cloamy,2022,-0.2479568636367854,-0.2595174994364462,12.0,3.0,ET0,3,24.24,26.12,9.031637030513592,4.71830645976308,4.475084712021107,0.0
1658386800,cloamy,2022,-0.436326716822726,-0.2479568636367854,12.0,3.0,ET0,3,0.0,24.24,8.523521442036436,4.71830645976308,4.451827299245847,0.0
1655967600,cloamy,2022,-0.3316156685861205,0.0,12.0,3.0,ET0,7,5.92,0.0,5.915965904891959,4.71830645976308,4.386690791176959,0.0
1656054000,cloamy,2022,-0.3313512930583903,-0.3316156685861205,12.0,3.0,ET0,7,0.0,5.92,5.717907755951627,4.71830645976308,4.400606690575314,0.0
1656140400,cloamy,2022,-0.2061589320108429,-0.3316156685861205,12.0,3.0,ET0,7,0.0,5.92,9.203948870710636,4.71830645976308,4.512147527752237,0.0
1656226800,cloamy,2022,-0.06693668505863,-0.3316156685861205,12.0,3.0,ET0,7,0.0,5.92,9.569797117975432,4.71830645976308,4.65136977470445,0.0
1656313200,cloamy,2022,0.0666946411057242,-0.3316156685861205,12.0,3.0,ET0,7,0.0,5.92,8.693094774412245,4.71830645976308,4.785001100868804,0.0
1656399600,cloamy,2022,0.184505622383857,-0.3316156685861205,12.0,3.0,ET0,7,0.0,5.92,7.460713537351751,4.71830645976308,4.902812082146937,1.6
1656486000,cloamy,2022,0.2194018297847084,-0.3316156685861205,12.0,3.0,ET0,7,0.0,5.92,1.8323231735051733,4.71830645976308,4.937708289547789,0.0
1656572400,cloamy,2022,0.3304091545255211,-0.3316156685861205,12.0,3.0,ET0,7,48.9,5.92,6.425725286268609,4.71830645976308,5.048715614288601,0.0
1656658800,cloamy,2022,-0.2817456824040522,0.3304091545255211,12.0,3.0,ET0,7,0.0,48.9,8.481182130641368,4.71830645976308,4.641367667108681,0.0
1656745200,cloamy,2022,-0.3152851192112468,0.3304091545255211,12.0,3.0,ET0,7,0.0,48.9,9.684100900879589,4.71830645976308,4.482030109989178,0.0
1656831600,cloamy,2022,-0.2315199458710103,0.3304091545255211,12.0,3.0,ET0,7,0.0,48.9,7.875822878948619,4.71830645976308,4.497631592667246,0.0
1656918000,cloamy,2022,-0.1104625191135579,0.3304091545255211,12.0,3.0,ET0,7,0.0,48.9,8.846129638751195,4.71830645976308,4.607843940649523,0.0
1657004400,cloamy,2022,0.0209603350018473,0.3304091545255211,12.0,3.0,ET0,7,0.0,48.9,8.353871892123982,4.71830645976308,4.739266794764927,0.0
1657090800,cloamy,2022,0.1589394828087176,0.3304091545255211,12.0,3.0,ET0,7,0.0,48.9,8.10868026961472,4.71830645976308,4.877245942571798,0.0
1657177200,cloamy,2022,0.2605935221978581,0.3304091545255211,12.0,3.0,ET0,7,56.63,48.9,5.27960920736311,4.71830645976308,4.9788999819609385,11.6
1657263600,cloamy,2022,-0.4925201670420315,0.2605935221978581,12.0,3.0,ET0,7,0.0,56.63,7.275206390354677,4.71830645976308,4.561601554363339,0.0
1657350000,cloamy,2022,-0.6425044012647013,0.2605935221978581,12.0,3.0,ET0,7,0.0,56.63,7.121172904786319,4.71830645976308,4.257330625433468,0.0
1657436400,cloamy,2022,-0.5544823987181489,0.2605935221978581,12.0,3.0,ET0,7,0.0,56.63,7.612583271961939,4.71830645976308,4.226494054725836,0.0
1657522800,cloamy,2022,-0.4175150800701721,0.2605935221978581,12.0,3.0,ET0,7,0.0,56.63,8.472336750464112,4.71830645976308,4.304555188857901,0.0
1657609200,cloamy,2022,-0.2827391977573874,0.2605935221978581,12.0,3.0,ET0,7,0.0,56.63,7.487993037508327,4.71830645976308,4.4355672620056925,0.0
1657695600,cloamy,2022,-0.1691776942285641,0.2605935221978581,12.0,3.0,ET0,7,0.0,56.63,5.439558555641069,4.71830645976308,4.549128765534516,0.0
1657782000,cloamy,2022,0.0121161395464159,0.2605935221978581,12.0,3.0,ET0,7,51.66,56.63,8.254676604732598,4.71830645976308,4.730422599309496,0.0
1657868400,cloamy,2022,-0.5163153751743579,0.0121161395464159,12.0,3.0,ET0,7,0.0,51.66,9.447916516172471,4.71830645976308,4.488570404338947,0.0
1657954800,cloamy,2022,-0.5420948312841685,0.0121161395464159,12.0,3.0,ET0,7,0.0,51.66,8.968687582898376,4.71830645976308,4.314787097684077,0.0
1658041200,cloamy,2022,-0.43721994099009,0.0121161395464159,12.0,3.0,ET0,7,0.0,51.66,7.701644419417017,4.71830645976308,4.317706101876603,0.0
1658127600,cloamy,2022,-0.3107128004105904,0.0121161395464159,12.0,3.0,ET0,7,0.0,51.66,7.236620092977568,4.71830645976308,4.407888048226472,0.0
1658214000,cloamy,2022,-0.1475839693197676,0.0121161395464159,12.0,3.0,ET0,7,0.0,51.66,7.976539558735554,4.71830645976308,4.570722490443313,0.0
1658300400,cloamy,2022,0.0525313187406707,0.0121161395464159,12.0,3.0,ET0,7,0.0,51.66,9.031637030513592,4.71830645976308,4.770837778503752,0.0
1658386800,cloamy,2022,0.2551668409845432,0.0121161395464159,12.0,3.0,ET0,7,58.89,51.66,8.523521442036436,4.71830645976308,4.973473300747624,0.0
1687503600,cloamy,2023,-0.5785463241166519,0.0,12.0,3.0,ET0,2,6.42,0.0,6.420277994663035,4.71830645976308,4.139760135646428,0.0
1687590000,cloamy,2023,-0.5449160352030861,-0.5785463241166519,12.0,3.0,ET0,2,0.0,6.42,6.3387606045021405,4.71830645976308,4.187929692895215,0.0
1687676400,cloamy,2023,-0.4256816860136958,-0.5785463241166519,12.0,3.0,ET0,2,13.42,6.42,7.077332335884068,4.71830645976308,4.292624773749385,0.0
1687762800,cloamy,2023,-0.5059959001389491,-0.4256816860136958,12.0,3.0,ET0,2,0.0,13.42,6.229180911248416,4.71830645976308,4.267221700275093,0.0
1687849200,cloamy,2023,-0.4030594674305185,-0.4256816860136958,12.0,3.0,ET0,2,13.95,13.42,7.717627618312005,4.71830645976308,4.320450606540399,0.0
1687935600,cloamy,2023,-0.4765979284482707,-0.4030594674305185,12.0,3.0,ET0,2,0.0,13.95,8.190146658736474,4.71830645976308,4.314821911567349,0.0
1688022000,cloamy,2023,-0.4712167207101201,-0.4030594674305185,12.0,3.0,ET0,2,10.84,13.95,2.6534944981591777,4.71830645976308,4.264915386783314,0.0
1688108400,cloamy,2023,-0.5117188075037443,-0.4712167207101201,12.0,3.0,ET0,2,0.0,10.84,7.811921140444205,4.71830645976308,4.272469818312522,0.0
1688194800,cloamy,2023,-0.4942376982380232,-0.4712167207101201,12.0,3.0,ET0,2,10.8,10.84,2.989408376370308,4.71830645976308,4.2403433727981215,0.0
1688281200,cloamy,2023,-0.5977832150737795,-0.4942376982380232,12.0,3.0,ET0,2,0.0,10.8,3.628606534620321,4.71830645976308,4.19825280962953,0.0
1688367600,cloamy,2023,-0.5254720566362049,-0.4942376982380232,12.0,3.0,ET0,2,9.54,10.8,5.9091258835011,4.71830645976308,4.210141647066281,0.0
1688454000,cloamy,2023,-0.5495169446694596,-0.5254720566362049,12.0,3.0,ET0,2,0.0,9.54,6.621532339824514,4.71830645976308,4.228078933189059,0.0
1688540400,cloamy,2023,-0.4593078149698457,-0.5254720566362049,12.0,3.0,ET0,2,13.02,9.54,6.395412175418061,4.71830645976308,4.268154638543892,0.0
1688626800,cloamy,2023,-0.5121959232518175,-0.4593078149698457,12.0,3.0,ET0,2,0.0,13.02,7.492344925936937,4.71830645976308,4.285028726804824,5.0
1688713200,cloamy,2023,-0.5022765563265807,-0.4593078149698457,12.0,3.0,ET0,2,10.87,13.02,3.3788724562330463,4.71830645976308,4.2491776957458525,0.0
1688799600,cloamy,2023,-0.5617370705621914,-0.5022765563265807,12.0,3.0,ET0,2,0.0,10.87,6.518921569415171,4.71830645976308,4.24471729371662,0.0
1688886000,cloamy,2023,-0.4645340544799109,-0.5022765563265807,12.0,3.0,ET0,2,13.59,10.87,7.0675670514600375,4.71830645976308,4.273381786714189,0.0
1688972400,cloamy,2023,-0.5367597178590069,-0.4645340544799109,12.0,3.0,ET0,2,0.0,13.59,6.961944041187434,4.71830645976308,4.280679668456658,0.0
1689058800,cloamy,2023,-0.4274795108472382,-0.4645340544799109,12.0,3.0,ET0,2,14.49,13.59,7.523781176422247,4.71830645976308,4.314264101185089,0.0
1689145200,cloamy,2023,-0.4966374536414398,-0.4274795108472382,12.0,3.0,ET0,2,0.0,14.49,7.806608352298979,4.71830645976308,4.328846847623985,0.0
1689231600,cloamy,2023,-0.3873043443921526,-0.4274795108472382,12.0,3.0,ET0,2,15.52,14.49,7.714035948667738,4.71830645976308,4.357154419216236,22.8
1689318000,cloamy,2023,-0.765839233367456,-0.3873043443921526,12.0,3.0,ET0,2,0.0,15.52,2.9961159428327533,4.71830645976308,4.172430974212208,0.0
1689404400,cloamy,2023,-0.7464645388286427,-0.3873043443921526,12.0,3.0,ET0,2,8.39,15.52,5.390782029334142,4.71830645976308,4.074268134119312,0.0
1689490800,cloamy,2023,-0.746008277615613,-0.7464645388286427,12.0,3.0,ET0,2,0.0,8.39,7.109056997180415,4.71830645976308,4.082544076933138,0.0
1689577200,cloamy,2023,-0.635430244507511,-0.7464645388286427,12.0,3.0,ET0,2,13.72,8.39,6.608581357186508,4.71830645976308,4.115627435446831,0.0
1689663600,cloamy,2023,-0.6686771185272451,-0.635430244507511,12.0,3.0,ET0,2,0.0,13.72,7.500311698248804,4.71830645976308,4.1648846010554506,0.0
1689750000,cloamy,2023,-0.5425317790387825,-0.635430244507511,12.0,3.0,ET0,2,14.56,13.72,7.063404491828016,4.71830645976308,4.20895542721548,0.0
1689836400,cloamy,2023,-0.5808113469128011,-0.5425317790387825,12.0,3.0,ET0,2,0.0,14.56,7.949048805371062,4.71830645976308,4.255223373293718,0.0
1689922800,cloamy,2023,-0.483156181356241,-0.5425317790387825,12.0,3.0,ET0,2,14.15,14.56,6.202164075023188,4.71830645976308,4.269897263661996,0.0
1687503600,cloamy,2023,-0.5785463241166519,0.0,12.0,3.0,ET0,1,6.42,0.0,6.420277994663035,4.71830645976308,4.139760135646428,0.0
1687590000,cloamy,2023,-0.5449160352030861,-0.5785463241166519,12.0,3.0,ET0,1,6.34,6.42,6.3387606045021405,4.71830645976308,4.187929692895215,0.0
1687676400,cloamy,2023,-0.5119676850669284,-0.5449160352030861,12.0,3.0,ET0,1,7.08,6.34,7.077332335884068,4.71830645976308,4.229381279463448,0.0
1687762800,cloamy,2023,-0.5175209610545235,-0.5119676850669284,12.0,3.0,ET0,1,6.23,7.08,6.229180911248416,4.71830645976308,4.2358349491311404,0.0
1687849200,cloamy,2023,-0.4974296921494914,-0.5175209610545235,12.0,3.0,ET0,1,7.72,6.23,7.717627618312005,4.71830645976308,4.2566851302629,0.0
1687935600,cloamy,2023,-0.4936772081393637,-0.4974296921494914,12.0,3.0,ET0,1,8.19,7.72,8.190146658736474,4.71830645976308,4.272697334238113,0.0
1688022000,cloamy,2023,-0.5936934663122255,-0.4936772081393637,12.0,3.0,ET0,1,2.65,8.19,2.6534944981591777,4.71830645976308,4.197302306364101,0.0
1688108400,cloamy,2023,-0.5329412189224596,-0.5936934663122255,12.0,3.0,ET0,1,7.81,2.65,7.811921140444205,4.71830645976308,4.217274069785165,0.0
1688194800,cloamy,2023,-0.6118659846841311,-0.5329412189224596,12.0,3.0,ET0,1,2.99,7.81,2.989408376370308,4.71830645976308,4.169371137237222,0.0
1688281200,cloamy,2023,-0.6172768375229934,-0.6118659846841311,12.0,3.0,ET0,1,3.63,2.99,3.628606534620321,4.71830645976308,4.140041797123978,0.0
1688367600,cloamy,2023,-0.5784978431554942,-0.6172768375229934,12.0,3.0,ET0,1,5.91,3.63,5.9091258835011,4.71830645976308,4.16704482633292,0.0
1688454000,cloamy,2023,-0.5505289507235186,-0.5784978431554942,12.0,3.0,ET0,1,6.62,5.91,6.621532339824514,4.71830645976308,4.203338912782212,0.0
1688540400,cloamy,2023,-0.5407685652561928,-0.5505289507235186,12.0,3.0,ET0,1,6.4,6.62,6.395412175418061,4.71830645976308,4.222873594729545,0.0
1688626800,cloamy,2023,-0.5114272934529909,-0.5407685652561928,12.0,3.0,ET0,1,7.49,6.4,7.492344925936937,4.71830645976308,4.25402535532048,5.0
1688713200,cloamy,2023,-0.6014465822683484,-0.5114272934529909,12.0,3.0,ET0,1,3.38,7.49,3.3788724562330463,4.71830645976308,4.199607527261185,0.0
1688799600,cloamy,2023,-0.5657219760691228,-0.6014465822683484,12.0,3.0,ET0,1,6.52,3.38,6.518921569415171,4.71830645976308,4.200794785083502,0.0
1688886000,cloamy,2023,-0.5427413878365203,-0.5657219760691228,12.0,3.0,ET0,1,7.07,6.52,7.0675670514600375,4.71830645976308,4.229034800571775,0.0
1688972400,cloamy,2023,-0.5307437109884297,-0.5427413878365203,12.0,3.0,ET0,1,6.96,7.07,6.961944041187434,4.71830645976308,4.248533252648833,0.0
1689058800,cloamy,2023,-0.5056967575839089,-0.5307437109884297,12.0,3.0,ET0,1,7.52,6.96,7.523781176422247,4.71830645976308,4.2747369493178935,0.0
1689145200,cloamy,2023,-0.4857830953597815,-0.5056967575839089,12.0,3.0,ET0,1,7.81,7.52,7.806608352298979,4.71830645976308,4.299335859465574,0.0
1689231600,cloamy,2023,-0.4734634973505425,-0.4857830953597815,12.0,3.0,ET0,1,7.71,7.81,7.714035948667738,4.71830645976308,4.317327691801105,22.8
1689318000,cloamy,2023,-0.7548465835883902,-0.4734634973505425,12.0,3.0,ET0,1,3.0,7.71,2.9961159428327533,4.71830645976308,4.137806434747319,0.0
1689404400,cloamy,2023,-0.765857819681669,-0.7548465835883902,12.0,3.0,ET0,1,5.39,3.0,5.390782029334142,4.71830645976308,4.059380354909387,0.0
1689490800,cloamy,2023,-0.7216428387670525,-0.765857819681669,12.0,3.0,ET0,1,7.11,5.39,7.109056997180415,4.71830645976308,4.078420331611059,0.0
1689577200,cloamy,2023,-0.6997808589514444,-0.7216428387670525,12.0,3.0,ET0,1,6.61,7.11,6.608581357186508,4.71830645976308,4.104264329742837,0.0
1689663600,cloamy,2023,-0.6471996905445371,-0.6997808589514444,12.0,3.0,ET0,1,7.5,6.61,7.500311698248804,4.71830645976308,4.14951867789846,0.0
1689750000,cloamy,2023,-0.615591042560974,-0.6471996905445371,12.0,3.0,ET0,1,7.06,7.5,7.063404491828016,4.71830645976308,4.1851526000647,0.0
1689836400,cloamy,2023,-0.557938749353064,-0.615591042560974,12.0,3.0,ET0,1,7.95,7.06,7.949048805371062,4.71830645976308,4.236922412601014,0.0
1689922800,cloamy,2023,-0.5606119371285855,-0.557938749353064,12.0,3.0,ET0,1,6.2,7.95,6.202164075023188,4.71830645976308,4.243622767456581,0.0
1687503600,cloamy,2023,-0.5785463241166519,0.0,12.0,3.0,ET0,3,6.42,0.0,6.420277994663035,4.71830645976308,4.139760135646428,0.0
1687590000,cloamy,2023,-0.5449160352030861,-0.5785463241166519,12.0,3.0,ET0,3,0.0,6.42,6.3387606045021405,4.71830645976308,4.187929692895215,0.0
1687676400,cloamy,2023,-0.4256816860136958,-0.5785463241166519,12.0,3.0,ET0,3,0.0,6.42,7.077332335884068,4.71830645976308,4.292624773749385,0.0
1687762800,cloamy,2023,-0.3179875967226657,-0.5785463241166519,12.0,3.0,ET0,3,19.65,6.42,6.229180911248416,4.71830645976308,4.400318863040415,0.0
1687849200,cloamy,2023,-0.4660529239238816,-0.3179875967226657,12.0,3.0,ET0,3,0.0,19.65,7.717627618312005,4.71830645976308,4.3363445907281175,0.0
1687935600,cloamy,2023,-0.3693632100794032,-0.3179875967226657,12.0,3.0,ET0,3,0.0,19.65,8.190146658736474,4.71830645976308,4.361679991032896,0.0
1688022000,cloamy,2023,-0.3459938884629575,-0.3179875967226657,12.0,3.0,ET0,3,18.56,19.65,2.6534944981591777,4.71830645976308,4.372312571300123,0.0
1688108400,cloamy,2023,-0.4902692681425594,-0.3459938884629575,12.0,3.0,ET0,3,0.0,18.56,7.811921140444205,4.71830645976308,4.331654103938524,0.0
1688194800,cloamy,2023,-0.4894906559404017,-0.3459938884629575,12.0,3.0,ET0,3,0.0,18.56,2.989408376370308,4.71830645976308,4.26096973015147,0.0
1688281200,cloamy,2023,-0.4506586032388779,-0.3459938884629575,12.0,3.0,ET0,3,14.43,18.56,3.628606534620321,4.71830645976308,4.270739143185295,0.0
1688367600,cloamy,2023,-0.5543300665521079,-0.4506586032388779,12.0,3.0,ET0,3,0.0,14.43,5.9091258835011,4.71830645976308,4.252966885188484,0.0
1688454000,cloamy,2023,-0.4710092280663335,-0.4506586032388779,12.0,3.0,ET0,3,0.0,14.43,6.621532339824514,4.71830645976308,4.267770153450002,0.0
1688540400,cloamy,2023,-0.3737852302541408,-0.4506586032388779,12.0,3.0,ET0,3,18.93,14.43,6.395412175418061,4.71830645976308,4.344521229508939,0.0
1688626800,cloamy,2023,-0.508866976193567,-0.3737852302541408,12.0,3.0,ET0,3,0.0,18.93,7.492344925936937,4.71830645976308,4.323137083094504,5.0
1688713200,cloamy,2023,-0.5135690021755395,-0.3737852302541408,12.0,3.0,ET0,3,0.0,18.93,3.3788724562330463,4.71830645976308,4.255187843211809,0.0
1688799600,cloamy,2023,-0.4276796496627035,-0.3737852302541408,12.0,3.0,ET0,3,17.39,18.93,6.518921569415171,4.71830645976308,4.297055551832296,0.0
1688886000,cloamy,2023,-0.5474676692732336,-0.4276796496627035,12.0,3.0,ET0,3,0.0,17.39,7.0675670514600375,4.71830645976308,4.292248432521394,0.0
1688972400,cloamy,2023,-0.4620942729751613,-0.4276796496627035,12.0,3.0,ET0,3,0.0,17.39,6.961944041187434,4.71830645976308,4.291223256055842,0.0
1689058800,cloamy,2023,-0.338612817174353,-0.4276796496627035,12.0,3.0,ET0,3,21.55,17.39,7.523781176422247,4.71830645976308,4.380133907844617,0.0
1689145200,cloamy,2023,-0.4998138727460646,-0.338612817174353,12.0,3.0,ET0,3,0.0,21.55,7.806608352298979,4.71830645976308,4.361505724920037,0.0
1689231600,cloamy,2023,-0.4046933189191947,-0.338612817174353,12.0,3.0,ET0,3,0.0,21.55,7.714035948667738,4.71830645976308,4.356023549913698,22.8
1689318000,cloamy,2023,-0.5368329053496207,-0.338612817174353,12.0,3.0,ET0,3,18.52,21.55,2.9961159428327533,4.71830645976308,4.252210248263532,0.0
1689404400,cloamy,2023,-0.7540834122293715,-0.5368329053496207,12.0,3.0,ET0,3,0.0,18.52,5.390782029334142,4.71830645976308,4.174458363109563,0.0
1689490800,cloamy,2023,-0.6729488034388469,-0.5368329053496207,12.0,3.0,ET0,3,0.0,18.52,7.109056997180415,4.71830645976308,4.134304424637128,0.0
1689577200,cloamy,2023,-0.5658792588889083,-0.5368329053496207,12.0,3.0,ET0,3,19.11,18.52,6.608581357186508,4.71830645976308,4.1703814745026575,0.0
1689663600,cloamy,2023,-0.6761023050357374,-0.5658792588889083,12.0,3.0,ET0,3,0.0,19.11,7.500311698248804,4.71830645976308,4.200460820870277,0.0
1689750000,cloamy,2023,-0.565383530135572,-0.5658792588889083,12.0,3.0,ET0,3,0.0,19.11,7.063404491828016,4.71830645976308,4.209871684273854,0.0
1689836400,cloamy,2023,-0.411744609883495,-0.5658792588889083,12.0,3.0,ET0,3,22.51,19.11,7.949048805371062,4.71830645976308,4.3109306762036015,0.0
1689922800,cloamy,2023,-0.6014429993107826,-0.411744609883495,12.0,3.0,ET0,3,0.0,22.51,6.202164075023188,4.71830645976308,4.288112209947845,0.0
1687503600,cloamy,2023,-0.5785463241166519,0.0,12.0,3.0,ET0,7,6.42,0.0,6.420277994663035,4.71830645976308,4.139760135646428,0.0
1687590000,cloamy,2023,-0.5449160352030861,-0.5785463241166519,12.0,3.0,ET0,7,0.0,6.42,6.3387606045021405,4.71830645976308,4.187929692895215,0.0
1687676400,cloamy,2023,-0.4256816860136958,-0.5785463241166519,12.0,3.0,ET0,7,0.0,6.42,7.077332335884068,4.71830645976308,4.292624773749385,0.0
1687762800,cloamy,2023,-0.3179875967226657,-0.5785463241166519,12.0,3.0,ET0,7,0.0,6.42,6.229180911248416,4.71830645976308,4.400318863040415,0.0
1687849200,cloamy,2023,-0.1846083217873006,-0.5785463241166519,12.0,3.0,ET0,7,0.0,6.42,7.717627618312005,4.71830645976308,4.53369813797578,0.0
1687935600,cloamy,2023,-0.0402999884106259,-0.5785463241166519,12.0,3.0,ET0,7,0.0,6.42,8.190146658736474,4.71830645976308,4.678006471352455,0.0
1688022000,cloamy,2023,0.0081863085460014,-0.5785463241166519,12.0,3.0,ET0,7,0.0,6.42,2.6534944981591777,4.71830645976308,4.726492768309082,0.0
1688108400,cloamy,2023,0.1486413790082816,-0.5785463241166519,12.0,3.0,ET0,7,46.02,6.42,7.811921140444205,4.71830645976308,4.866947838771362,0.0
1688194800,cloamy,2023,-0.4752859339495674,0.1486413790082816,12.0,3.0,ET0,7,0.0,46.02,2.989408376370308,4.71830645976308,4.445703076308085,0.0
1688281200,cloamy,2023,-0.5831376231368451,0.1486413790082816,12.0,3.0,ET0,7,0.0,46.02,3.628606534620321,4.71830645976308,4.233702092981675,0.0
1688367600,cloamy,2023,-0.5204286846365221,0.1486413790082816,12.0,3.0,ET0,7,0.0,46.02,5.9091258835011,4.71830645976308,4.22143854851287,0.0
1688454000,cloamy,2023,-0.4193698444664082,0.1486413790082816,12.0,3.0,ET0,7,0.0,46.02,6.621532339824514,4.71830645976308,4.298936615296672,0.0
1688540400,cloamy,2023,-0.3076027365217068,0.1486413790082816,12.0,3.0,ET0,7,0.0,46.02,6.395412175418061,4.71830645976308,4.410703723241373,0.0
1688626800,cloamy,2023,-0.1678200158474929,0.1486413790082816,12.0,3.0,ET0,7,0.0,46.02,7.492344925936937,4.71830645976308,4.550486443915587,5.0
1688713200,cloamy,2023,-0.1019558117356039,0.1486413790082816,12.0,3.0,ET0,7,36.42,46.02,3.3788724562330463,4.71830645976308,4.616350648027477,0.0
1688799600,cloamy,2023,-0.5195701355491033,-0.1019558117356039,12.0,3.0,ET0,7,0.0,36.42,6.518921569415171,4.71830645976308,4.397689103597583,0.0
1688886000,cloamy,2023,-0.5039580231257847,-0.1019558117356039,12.0,3.0,ET0,7,0.0,36.42,7.0675670514600375,4.71830645976308,4.297145465142194,0.0
1688972400,cloamy,2023,-0.4105633905976927,-0.1019558117356039,12.0,3.0,ET0,7,0.0,36.42,6.961944041187434,4.71830645976308,4.322076329443152,0.0
1689058800,cloamy,2023,-0.2806626749661443,-0.1019558117356039,12.0,3.0,ET0,7,0.0,36.42,7.523781176422247,4.71830645976308,4.437643784796936,0.0
1689145200,cloamy,2023,-0.1337060181955847,-0.1019558117356039,12.0,3.0,ET0,7,0.0,36.42,7.806608352298979,4.71830645976308,4.584600441567496,0.0
1689231600,cloamy,2023,0.0213799681708201,-0.1019558117356039,12.0,3.0,ET0,7,0.0,36.42,7.714035948667738,4.71830645976308,4.739686427933901,22.8
1689318000,cloamy,2023,-0.0180219817281962,-0.1019558117356039,12.0,3.0,ET0,7,46.59,36.42,2.9961159428327533,4.71830645976308,4.700284478034884,0.0
1689404400,cloamy,2023,-0.6598545288721254,-0.0180219817281962,12.0,3.0,ET0,7,0.0,46.59,5.390782029334142,4.71830645976308,4.379266112067878,0.0
1689490800,cloamy,2023,-0.7111498017786531,-0.0180219817281962,12.0,3.0,ET0,7,0.0,46.59,7.109056997180415,4.71830645976308,4.173775956261139,0.0
1689577200,cloamy,2023,-0.6264812092158752,-0.0180219817281962,12.0,3.0,ET0,7,0.0,46.59,6.608581357186508,4.71830645976308,4.151713030569205,0.0
1689663600,cloamy,2023,-0.4881461100559871,-0.0180219817281962,12.0,3.0,ET0,7,0.0,46.59,7.500311698248804,4.71830645976308,4.234105255679828,0.0
1689750000,cloamy,2023,-0.3398135444717157,-0.0180219817281962,12.0,3.0,ET0,7,0.0,46.59,7.063404491828016,4.71830645976308,4.378492915291364,0.0
1689836400,cloamy,2023,-0.1557697242053053,-0.0180219817281962,12.0,3.0,ET0,7,0.0,46.59,7.949048805371062,4.71830645976308,4.562536735557775,0.0
1689922800,cloamy,2023,-0.0057912300132691,-0.0180219817281962,12.0,3.0,ET0,7,47.82,46.59,6.202164075023188,4.71830645976308,4.712515229749811,0.0
1719126000,cloamy,2024,-0.6176911353959775,0.0,12.0,3.0,ET0,2,1.66,0.0,1.6632265501860408,4.71830645976308,4.100615324367102,1.7999999999999998
1719212400,cloamy,2024,-0.6606995946691682,-0.6176911353959775,12.0,3.0,ET0,2,0.0,1.66,1.5856569477409397,4.71830645976308,4.057722589454166,5.8
1719298800,cloamy,2024,-0.6875374677363125,-0.6176911353959775,12.0,3.0,ET0,2,3.23,1.66,1.643019943771474,4.71830645976308,4.030768992026768,12.6
1719385200,cloamy,2024,-0.7435119179694191,-0.6875374677363125,12.0,3.0,ET0,2,0.0,3.23,3.7360647761286776,4.71830645976308,3.994701220122829,1.0
1719471600,cloamy,2024,-0.7668507176364496,-0.6875374677363125,12.0,3.0,ET0,2,7.02,3.23,3.283058105037508,4.71830645976308,3.955228874217249,0.0
1719558000,cloamy,2024,-0.7487428890926067,-0.7668507176364496,12.0,3.0,ET0,2,0.0,7.02,8.105450401178516,4.71830645976308,3.997721450041541,0.0
1719644400,cloamy,2024,-0.6523780027546601,-0.7668507176364496,12.0,3.0,ET0,2,14.96,7.02,6.855392222915658,4.71830645976308,4.066295031843422,0.0
1719730800,cloamy,2024,-0.7557699054860483,-0.6523780027546601,12.0,3.0,ET0,2,0.0,14.96,6.275478723242181,4.71830645976308,4.048340877849565,0.0
1719817200,cloamy,2024,-0.6243174583305798,-0.6523780027546601,12.0,3.0,ET0,2,15.28,14.96,9.008052630760128,4.71830645976308,4.109479401681834,0.0
1719903600,cloamy,2024,-0.734272403287779,-0.6243174583305798,12.0,3.0,ET0,2,0.0,15.28,6.40343719338403,4.71830645976308,4.096578982356874,0.0
1719990000,cloamy,2024,-0.6553282327837935,-0.6243174583305798,12.0,3.0,ET0,2,13.23,15.28,6.828302846826217,4.71830645976308,4.096096229648726,0.0
1720076400,cloamy,2024,-0.7897285164022998,-0.6553282327837935,12.0,3.0,ET0,2,0.0,13.23,3.501203041998366,4.71830645976308,4.052043090343086,0.0
1720162800,cloamy,2024,-0.7454606924572169,-0.6553282327837935,12.0,3.0,ET0,2,7.61,13.23,4.110755932356144,4.71830645976308,4.020990900605387,0.0
1720249200,cloamy,2024,-0.7221653520543505,-0.7454606924572169,12.0,3.0,ET0,2,0.0,7.61,7.570021332731803,4.71830645976308,4.061048613903153,0.0
1720335600,cloamy,2024,-0.5938164752992359,-0.7454606924572169,12.0,3.0,ET0,2,15.81,7.61,8.236770338981968,4.71830645976308,4.133477271292834,0.0
1720422000,cloamy,2024,-0.7479164758211445,-0.5938164752992359,12.0,3.0,ET0,2,0.0,15.81,3.5751601774979624,4.71830645976308,4.095659945628089,0.0
1720508400,cloamy,2024,-0.6677339839627039,-0.5938164752992359,12.0,3.0,ET0,2,9.6,15.81,6.021523561190189,4.71830645976308,4.092972615571396,1.0
1720594800,cloamy,2024,-0.6933571810326233,-0.6677339839627039,12.0,3.0,ET0,2,0.0,9.6,6.408995121084742,4.71830645976308,4.111161021217624,0.0
1720681200,cloamy,2024,-0.580601971680644,-0.6677339839627039,12.0,3.0,ET0,2,13.51,9.6,7.100145056634385,4.71830645976308,4.156722714012624,0.0
1720767600,cloamy,2024,-0.6095327720914603,-0.580601971680644,12.0,3.0,ET0,2,0.0,13.51,8.417233027045325,4.71830645976308,4.203982688396858,0.0
1720854000,cloamy,2024,-0.4531251487406172,-0.580601971680644,12.0,3.0,ET0,2,17.9,13.51,9.478835789843243,4.71830645976308,4.282737549876831,0.0
1720940400,cloamy,2024,-0.5474284238931336,-0.4531251487406172,12.0,3.0,ET0,2,0.0,17.9,8.65408688020589,4.71830645976308,4.302034800156734,0.0
1721026800,cloamy,2024,-0.4346739119652848,-0.4531251487406172,12.0,3.0,ET0,2,16.69,17.9,8.038553013013921,4.71830645976308,4.319420438962973,0.0
1721113200,cloamy,2024,-0.5291204089424602,-0.4346739119652848,12.0,3.0,ET0,2,0.0,16.69,8.079175888672749,4.71830645976308,4.327110813536485,0.0
1721199600,cloamy,2024,-0.3711087474751369,-0.4346739119652848,12.0,3.0,ET0,2,17.98,16.69,9.89638188136864,4.71830645976308,4.380142687869576,0.0
1721286000,cloamy,2024,-0.4667363024664665,-0.3711087474751369,12.0,3.0,ET0,2,0.0,17.98,8.856197692783795,4.71830645976308,4.393776487594631,0.0
1721372400,cloamy,2024,-0.3436289134706823,-0.3711087474751369,12.0,3.0,ET0,2,17.45,17.98,8.59349226880255,4.71830645976308,4.412353943646824,0.0
1721458800,cloamy,2024,-0.4865208646021455,-0.3436289134706823,12.0,3.0,ET0,2,0.0,17.45,6.5994601364997925,4.71830645976308,4.380358981723378,0.0
1721545200,cloamy,2024,-0.4153264599267368,-0.3436289134706823,12.0,3.0,ET0,2,12.96,17.45,6.35886520949269,4.71830645976308,4.351653675920106,0.0
1719126000,cloamy,2024,-0.6176911353959775,0.0,12.0,3.0,ET0,1,1.66,0.0,1.6632265501860408,4.71830645976308,4.100615324367102,1.7999999999999998
1719212400,cloamy,2024,-0.6606995946691682,-0.6176911353959775,12.0,3.0,ET0,1,1.59,1.66,1.5856569477409397,4.71830645976308,4.057722589454166,5.8
1719298800,cloamy,2024,-0.7099197025556935,-0.6606995946691682,12.0,3.0,ET0,1,1.64,1.59,1.643019943771474,4.71830645976308,4.010587578031339,12.6
1719385200,cloamy,2024,-0.7447100399657732,-0.7099197025556935,12.0,3.0,ET0,1,3.74,1.64,3.7360647761286776,4.71830645976308,3.989431276539469,1.0
1719471600,cloamy,2024,-0.822132765369041,-0.7447100399657732,12.0,3.0,ET0,1,3.28,3.74,3.283058105037508,4.71830645976308,3.9239864797051855,0.0
1719558000,cloamy,2024,-0.7587609299740465,-0.822132765369041,12.0,3.0,ET0,1,8.11,3.28,8.105450401178516,4.71830645976308,3.976867477196007,0.0
1719644400,cloamy,2024,-0.7698692123657336,-0.7587609299740465,12.0,3.0,ET0,1,6.86,8.11,6.855392222915658,4.71830645976308,3.9954308607140128,0.0
1719730800,cloamy,2024,-0.7742441867233002,-0.7698692123657336,12.0,3.0,ET0,1,6.28,6.86,6.275478723242181,4.71830645976308,4.000587790597944,0.0
1719817200,cloamy,2024,-0.7218552672465133,-0.7742441867233002,12.0,3.0,ET0,1,9.01,6.28,9.008052630760128,4.71830645976308,4.048352792354936,0.0
1719903600,cloamy,2024,-0.7533357923524342,-0.7218552672465133,12.0,3.0,ET0,1,6.4,9.01,6.40343719338403,4.71830645976308,4.047015291540053,0.0
1719990000,cloamy,2024,-0.7518108637355401,-0.7533357923524342,12.0,3.0,ET0,1,6.83,6.4,6.828302846826217,4.71830645976308,4.043165829972266,0.0
1720076400,cloamy,2024,-0.8052153683300359,-0.7518108637355401,12.0,3.0,ET0,1,3.5,6.83,3.501203041998366,4.71830645976308,4.002578837696415,0.0
1720162800,cloamy,2024,-0.7973240501718545,-0.8052153683300359,12.0,3.0,ET0,1,4.11,3.5,4.110755932356144,4.71830645976308,3.9839822450639137,0.0
1720249200,cloamy,2024,-0.7291731724369647,-0.7973240501718545,12.0,3.0,ET0,1,7.57,4.11,7.570021332731803,4.71830645976308,4.030893925021547,0.0
1720335600,cloamy,2024,-0.693608608793545,-0.7291731724369647,12.0,3.0,ET0,1,8.24,7.57,8.236770338981968,4.71830645976308,4.08314146323133,0.0
1720422000,cloamy,2024,-0.7555452657162172,-0.693608608793545,12.0,3.0,ET0,1,3.58,8.24,3.5751601774979624,4.71830645976308,4.051568465383669,0.0
1720508400,cloamy,2024,-0.7128483894965635,-0.7555452657162172,12.0,3.0,ET0,1,6.02,3.58,6.021523561190189,4.71830645976308,4.060725985076289,1.0
1720594800,cloamy,2024,-0.6899384442708364,-0.7128483894965635,12.0,3.0,ET0,1,6.41,6.02,6.408995121084742,4.71830645976308,4.087850414872371,0.0
1720681200,cloamy,2024,-0.6557677284783024,-0.6899384442708364,12.0,3.0,ET0,1,7.1,6.41,7.100145056634385,4.71830645976308,4.123253438064356,0.0
1720767600,cloamy,2024,-0.6059715072515601,-0.6557677284783024,12.0,3.0,ET0,1,8.42,7.1,8.417233027045325,4.71830645976308,4.174867985013415,0.0
1720854000,cloamy,2024,-0.5553786665856436,-0.6059715072515601,12.0,3.0,ET0,1,9.48,8.42,9.478835789843243,4.71830645976308,4.234546497222386,0.0
1720940400,cloamy,2024,-0.5450330589311312,-0.5553786665856436,12.0,3.0,ET0,1,8.65,9.48,8.65408688020589,4.71830645976308,4.2624564896251576,0.0
1721026800,cloamy,2024,-0.5392210041822023,-0.5450330589311312,12.0,3.0,ET0,1,8.04,8.65,8.038553013013921,4.71830645976308,4.272185598234972,0.0
1721113200,cloamy,2024,-0.5236031163289487,-0.5392210041822023,12.0,3.0,ET0,1,8.08,8.04,8.079175888672749,4.71830645976308,4.283979517197431,0.0
1721199600,cloamy,2024,-0.4630333712429629,-0.5236031163289487,12.0,3.0,ET0,1,9.9,8.08,9.89638188136864,4.71830645976308,4.336149892196226,0.0
1721286000,cloamy,2024,-0.4527246898088309,-0.4630333712429629,12.0,3.0,ET0,1,8.86,9.9,8.856197692783795,4.71830645976308,4.36051133553736,0.0
1721372400,cloamy,2024,-0.4405415240482194,-0.4527246898088309,12.0,3.0,ET0,1,8.59,8.86,8.59349226880255,4.71830645976308,4.370940699209198,0.0
1721458800,cloamy,2024,-0.4684378782336506,-0.4405415240482194,12.0,3.0,ET0,1,6.6,8.59,6.5994601364997925,4.71830645976308,4.3465729762638015,0.0
1721545200,cloamy,2024,-0.4713306356260151,-0.4684378782336506,12.0,3.0,ET0,1,6.36,6.6,6.35886520949269,4.71830645976308,4.3289528587255575,0.0
1719126000,cloamy,2024,-0.6176911353959775,0.0,12.0,3.0,ET0,3,1.66,0.0,1.6632265501860408,4.71830645976308,4.100615324367102,1.7999999999999998
1719212400,cloamy,2024,-0.6606995946691682,-0.6176911353959775,12.0,3.0,ET0,3,0.0,1.66,1.5856569477409397,4.71830645976308,4.057722589454166,5.8
1719298800,cloamy,2024,-0.6875374677363125,-0.6176911353959775,12.0,3.0,ET0,3,0.0,1.66,1.643019943771474,4.71830645976308,4.030768992026768,12.6
1719385200,cloamy,2024,-0.68968989462014,-0.6176911353959775,12.0,3.0,ET0,3,6.96,1.66,3.7360647761286776,4.71830645976308,4.029385376148843,1.0
1719471600,cloamy,2024,-0.8126949258567998,-0.68968989462014,12.0,3.0,ET0,3,0.0,6.96,3.283058105037508,4.71830645976308,3.94326188611932,0.0
1719558000,cloamy,2024,-0.7082427100978241,-0.68968989462014,12.0,3.0,ET0,3,0.0,6.96,8.105450401178516,4.71830645976308,4.011957144583213,0.0
1719644400,cloamy,2024,-0.6049305670608425,-0.68968989462014,12.0,3.0,ET0,3,18.24,6.96,6.855392222915658,4.71830645976308,4.113375892702238,0.0
1719730800,cloamy,2024,-0.7494269377847337,-0.6049305670608425,12.0,3.0,ET0,3,0.0,18.24,6.275478723242181,4.71830645976308,4.066242380426372,0.0
1719817200,cloamy,2024,-0.6194388010739743,-0.6049305670608425,12.0,3.0,ET0,3,0.0,18.24,9.008052630760128,4.71830645976308,4.1182767198542765,0.0
1719903600,cloamy,2024,-0.5203752703197934,-0.6049305670608425,12.0,3.0,ET0,3,21.69,18.24,6.40343719338403,4.71830645976308,4.197931189443287,0.0
1719990000,cloamy,2024,-0.7080399273914207,-0.5203752703197934,12.0,3.0,ET0,3,0.0,21.69,6.828302846826217,4.71830645976308,4.152949038875999,0.0
1720076400,cloamy,2024,-0.692953262433535,-0.5203752703197934,12.0,3.0,ET0,3,0.0,21.69,3.501203041998366,4.71830645976308,4.082481006278002,0.0
1720162800,cloamy,2024,-0.6366695117099602,-0.5203752703197934,12.0,3.0,ET0,3,14.44,21.69,4.110755932356144,4.71830645976308,4.092543221046667,0.0
1720249200,cloamy,2024,-0.7005286432808969,-0.6366695117099602,12.0,3.0,ET0,3,0.0,14.44,7.570021332731803,4.71830645976308,4.119999120923205,0.0
1720335600,cloamy,2024,-0.5844303323026788,-0.6366695117099602,12.0,3.0,ET0,3,0.0,14.44,8.236770338981968,4.71830645976308,4.159337832576498,0.0
1720422000,cloamy,2024,-0.5298725837600142,-0.6366695117099602,12.0,3.0,ET0,3,19.38,14.44,3.5751601774979624,4.71830645976308,4.189554442847252,0.0
1720508400,cloamy,2024,-0.686310968400082,-0.5298725837600142,12.0,3.0,ET0,3,0.0,19.38,6.021523561190189,4.71830645976308,4.169050539940933,1.0
1720594800,cloamy,2024,-0.6114630974190137,-0.5298725837600142,12.0,3.0,ET0,3,0.0,19.38,6.408995121084742,4.71830645976308,4.155899579713176,0.0
1720681200,cloamy,2024,-0.4950844985254551,-0.5298725837600142,12.0,3.0,ET0,3,19.53,19.38,7.100145056634385,4.71830645976308,4.226848709617647,0.0
1720767600,cloamy,2024,-0.6074345880540309,-0.4950844985254551,12.0,3.0,ET0,3,0.0,19.53,8.417233027045325,4.71830645976308,4.244824374590878,0.0
1720854000,cloamy,2024,-0.4692970349341558,-0.4950844985254551,12.0,3.0,ET0,3,0.0,19.53,9.478835789843243,4.71830645976308,4.284362284184018,0.0
1720940400,cloamy,2024,-0.3203811725898635,-0.4950844985254551,12.0,3.0,ET0,3,26.55,19.53,8.65408688020589,4.71830645976308,4.397990975642848,0.0
1721026800,cloamy,2024,-0.5457528602184895,-0.3203811725898635,12.0,3.0,ET0,3,0.0,26.55,8.038553013013921,4.71830645976308,4.354771243039339,0.0
1721113200,cloamy,2024,-0.451199510370765,-0.3203811725898635,12.0,3.0,ET0,3,0.0,26.55,8.079175888672749,4.71830645976308,4.329338087006931,0.0
1721199600,cloamy,2024,-0.2772524224613,-0.3203811725898635,12.0,3.0,ET0,3,26.01,26.55,9.89638188136864,4.71830645976308,4.444172368818195,0.0
1721286000,cloamy,2024,-0.4814496946854113,-0.2772524224613,12.0,3.0,ET0,3,0.0,26.01,8.856197692783795,4.71830645976308,4.420390476451051,0.0
1721372400,cloamy,2024,-0.376891386734842,-0.2772524224613,12.0,3.0,ET0,3,0.0,26.01,8.59349226880255,4.71830645976308,4.399406536330813,0.0
1721458800,cloamy,2024,-0.2756183944802079,-0.2772524224613,12.0,3.0,ET0,3,24.05,26.01,6.5994601364997925,4.71830645976308,4.449256028156755,0.0
1721545200,cloamy,2024,-0.5054592790226685,-0.2756183944802079,12.0,3.0,ET0,3,0.0,24.05,6.35886520949269,4.71830645976308,4.395651890811325,0.0
1719126000,cloamy,2024,-0.6176911353959775,0.0,12.0,3.0,ET0,7,1.66,0.0,1.6632265501860408,4.71830645976308,4.100615324367102,1.7999999999999998
1719212400,cloamy,2024,-0.6606995946691682,-0.6176911353959775,12.0,3.0,ET0,7,0.0,1.66,1.5856569477409397,4.71830645976308,4.057722589454166,5.8
1719298800,cloamy,2024,-0.6875374677363125,-0.6176911353959775,12.0,3.0,ET0,7,0.0,1.66,1.643019943771474,4.71830645976308,4.030768992026768,12.6
1719385200,cloamy,2024,-0.68968989462014,-0.6176911353959775,12.0,3.0,ET0,7,0.0,1.66,3.7360647761286776,4.71830645976308,4.029385376148843,1.0
1719471600,cloamy,2024,-0.7104163482762802,-0.6176911353959775,12.0,3.0,ET0,7,0.0,1.66,3.283058105037508,4.71830645976308,4.0078901114868,0.0
1719558000,cloamy,2024,-0.594446487639717,-0.6176911353959775,12.0,3.0,ET0,7,0.0,1.66,8.105450401178516,4.71830645976308,4.123859972123364,0.0
1719644400,cloamy,2024,-0.4822385648446316,-0.6176911353959775,12.0,3.0,ET0,7,0.0,1.66,6.855392222915658,4.71830645976308,4.236067894918449,0.0
1719730800,cloamy,2024,-0.3653092311794138,-0.6176911353959775,12.0,3.0,ET0,7,31.48,1.66,6.275478723242181,4.71830645976308,4.352997228583667,0.0
1719817200,cloamy,2024,-0.6383040225338448,-0.3653092311794138,12.0,3.0,ET0,7,0.0,31.48,9.008052630760128,4.71830645976308,4.223709300862951,0.0
1719903600,cloamy,2024,-0.5950458217407069,-0.3653092311794138,12.0,3.0,ET0,7,0.0,31.48,6.40343719338403,4.71830645976308,4.170948702176725,0.0
1719990000,cloamy,2024,-0.504433655268674,-0.3653092311794138,12.0,3.0,ET0,7,0.0,31.48,6.828302846826217,4.71830645976308,4.218553705713672,0.0
1720076400,cloamy,2024,-0.4528514816694127,-0.3653092311794138,12.0,3.0,ET0,7,0.0,31.48,3.501203041998366,4.71830645976308,4.265454978093668,0.0
1720162800,cloamy,2024,-0.3788031551953387,-0.3653092311794138,12.0,3.0,ET0,7,0.0,31.48,4.110755932356144,4.71830645976308,4.339503304567741,0.0
1720249200,cloamy,2024,-0.2328648963864684,-0.3653092311794138,12.0,3.0,ET0,7,0.0,31.48,7.570021332731803,4.71830645976308,4.485441563376612,0.0
1720335600,cloamy,2024,-0.0705799734998927,-0.3653092311794138,12.0,3.0,ET0,7,45.66,31.48,8.236770338981968,4.71830645976308,4.647726486263188,0.0
1720422000,cloamy,2024,-0.6385576085706279,-0.0705799734998927,12.0,3.0,ET0,7,0.0,45.66,3.5751601774979624,4.71830645976308,4.3295393267514095,0.0
1720508400,cloamy,2024,-0.6861853651327481,-0.0705799734998927,12.0,3.0,ET0,7,0.0,45.66,6.021523561190189,4.71830645976308,4.161077730795032,1.0
1720594800,cloamy,2024,-0.611137080619931,-0.0705799734998927,12.0,3.0,ET0,7,0.0,45.66,6.408995121084742,4.71830645976308,4.1480503678562775,0.0
1720681200,cloamy,2024,-0.4909334443394628,-0.0705799734998927,12.0,3.0,ET0,7,0.0,45.66,7.100145056634385,4.71830645976308,4.228117288393929,0.0
1720767600,cloamy,2024,-0.3281928414004036,-0.0705799734998927,12.0,3.0,ET0,7,0.0,45.66,8.417233027045325,4.71830645976308,4.390113618362677,0.0
1720854000,cloamy,2024,-0.1277056979047925,-0.0705799734998927,12.0,3.0,ET0,7,0.0,45.66,9.478835789843243,4.71830645976308,4.590600761858288,0.0
1720940400,cloamy,2024,0.0662137937016643,-0.0705799734998927,12.0,3.0,ET0,7,49.66,45.66,8.65408688020589,4.71830645976308,4.784520253464745,0.0
1721026800,cloamy,2024,-0.4838425103358976,0.0662137937016643,12.0,3.0,ET0,7,0.0,49.66,8.038553013013921,4.71830645976308,4.485544813362658,0.0
1721113200,cloamy,2024,-0.5167014596903472,0.0662137937016643,12.0,3.0,ET0,7,0.0,49.66,8.079175888672749,4.71830645976308,4.322081367912684,0.0
1721199600,cloamy,2024,-0.36007881080417,0.0662137937016643,12.0,3.0,ET0,7,0.0,49.66,9.89638188136864,4.71830645976308,4.380090309261715,0.0
1721286000,cloamy,2024,-0.196275400926585,0.0662137937016643,12.0,3.0,ET0,7,0.0,49.66,8.856197692783795,4.71830645976308,4.522031058836495,0.0
1721372400,cloamy,2024,-0.0254170536249822,0.0662137937016643,12.0,3.0,ET0,7,0.0,49.66,8.59349226880255,4.71830645976308,4.692889406138098,0.0
1721458800,cloamy,2024,0.1195849891742727,0.0662137937016643,12.0,3.0,ET0,7,0.0,49.66,6.5994601364997925,4.71830645976308,4.837891448937353,0.0
1721545200,cloamy,2024,0.2655876259382135,0.0662137937016643,12.0,3.0,ET0,7,56.42,49.66,6.35886520949269,4.71830645976308,4.983894085701293,0.0
1625986800,silty,2021,0.2600629739971998,0.0,5.0,1.5,ET0,1,7.91,0.0,7.909412676835701,4.71830645976308,4.97836943376028,0.0
1626073200,silty,2021,0.2856971939961295,0.2600629739971998,5.0,1.5,ET0,1,8.17,7.91,8.171899400888595,4.71830645976308,5.004003653759209,0.0
1626159600,silty,2021,0.2421016581405418,0.2856971939961295,5.0,1.5,ET0,1,7.31,8.17,7.307248568315713,4.71830645976308,4.962442885743565,49.2
1626246000,silty,2021,-0.8706895032584264,0.2421016581405418,5.0,1.5,ET0,1,3.72,7.31,3.7200181370317593,4.71830645976308,3.957224587252336,0.0
1626332400,silty,2021,-0.7554825095165254,-0.8706895032584264,5.0,1.5,ET0,1,6.59,3.72,6.588938290136868,4.71830645976308,3.966388816386446,0.0
1626418800,silty,2021,-0.7592481701870201,-0.7554825095165254,5.0,1.5,ET0,1,4.21,6.59,4.2070949143533625,4.71830645976308,3.9717957730213582,10.8
1626505200,silty,2021,-1.0218444961237223,-0.7592481701870201,5.0,1.5,ET0,1,1.72,4.21,1.7206288405645938,4.71830645976308,3.722747699399193,0.8
1626591600,silty,2021,-0.9710772277287422,-1.0218444961237223,5.0,1.5,ET0,1,2.34,1.72,2.339819333016992,4.71830645976308,3.7472292320343374,0.0
1626678000,silty,2021,-0.78123794849305,-0.9710772277287422,5.0,1.5,ET0,1,5.54,2.34,5.542148180411579,4.71830645976308,3.9370685112700303,0.0
1626764400,silty,2021,-0.6412904038263533,-0.78123794849305,5.0,1.5,ET0,1,6.34,5.54,6.336708517861463,4.71830645976308,4.077016055936727,0.0
1626850800,silty,2021,-0.4838870574488235,-0.6412904038263533,5.0,1.5,ET0,1,7.72,6.34,7.723088615724408,4.71830645976308,4.2344194023142565,0.0
1626937200,silty,2021,-0.4315431055772536,-0.4838870574488235,5.0,1.5,ET0,1,6.38,7.72,6.384988487195638,4.71830645976308,4.291352690936844,0.0
1627023600,silty,2021,-0.3509786999736757,-0.4315431055772536,5.0,1.5,ET0,1,6.72,6.38,6.724001721462045,4.71830645976308,4.368030639076114,0.0
1627110000,silty,2021,-0.2928288384075478,-0.3509786999736757,5.0,1.5,ET0,1,6.64,6.72,6.639604206034317,4.71830645976308,4.426511233840518,0.0
1627196400,silty,2021,-0.2613145359354378,-0.2928288384075478,5.0,1.5,ET0,1,6.07,6.64,6.068344799075018,4.71830645976308,4.45811826926603,0.0
1627282800,silty,2021,-0.288804236307016,-0.2613145359354378,5.0,1.5,ET0,1,3.74,6.07,3.7441148307248353,4.71830645976308,4.430150725014177,0.0
1627369200,silty,2021,-0.2055991127909901,-0.288804236307016,5.0,1.5,ET0,1,5.26,3.74,5.25782491390273,4.71830645976308,4.51270734697209,1.0
1627455600,silty,2021,-0.2026909353883865,-0.2055991127909901,5.0,1.5,ET0,1,4.07,5.26,4.067188753317478,4.71830645976308,4.515615524374693,0.0
1627542000,silty,2021,-0.1174668812759039,-0.2026909353883865,5.0,1.5,ET0,1,5.5,4.07,5.501441403272102,4.71830645976308,4.600839578487176,0.0
1627628400,silty,2021,-0.0023408121272553,-0.1174668812759039,5.0,1.5,ET0,1,7.36,5.5,7.363960029273559,4.71830645976308,4.715965647635825,0.0
1627714800,silty,2021,0.0698489880023603,-0.0023408121272553,5.0,1.5,ET0,1,8.13,7.36,8.127164249908118,4.71830645976308,4.788240641113614,0.0
1627801200,silty,2021,0.0291040590313091,0.0698489880023603,5.0,1.5,ET0,1,7.01,8.13,7.011084171391055,4.71830645976308,4.767674062053429,9.0
1627887600,silty,2021,-0.0370638955986864,0.0291040590313091,5.0,1.5,ET0,1,7.3,7.01,7.304828236834061,4.71830645976308,4.684897736238452,0.0
1627974000,silty,2021,-0.0301850438805632,-0.0370638955986864,5.0,1.5,ET0,1,7.32,7.3,7.320018177389831,4.71830645976308,4.690699689621609,0.0
1628060400,silty,2021,0.0150739966806596,-0.0301850438805632,5.0,1.5,ET0,1,8.24,7.32,8.239496207860649,4.71830645976308,4.735050653434443,0.0
1628146800,silty,2021,-0.0738230004177191,0.0150739966806596,5.0,1.5,ET0,1,4.2,8.24,4.198759507591638,4.71830645976308,4.653383453887364,0.0
1628233200,silty,2021,0.0646235235908021,-0.0738230004177191,5.0,1.5,ET0,1,8.26,4.2,8.25634687060054,4.71830645976308,4.782929983353882,0.0
1628319600,silty,2021,0.0873350446538896,0.0646235235908021,5.0,1.5,ET0,1,7.82,8.26,7.823891414052509,4.71830645976308,4.808033191895975,0.0
1628406000,silty,2021,0.075531158491666,0.0873350446538896,5.0,1.5,ET0,1,6.81,7.82,6.805842568347599,4.71830645976308,4.796404099480262,0.0
1628492400,silty,2021,0.127436612013915,0.075531158491666,5.0,1.5,ET0,1,8.24,6.81,8.235329351972808,4.71830645976308,4.84576697162996,0.0
1655967600,silty,2022,-0.2841936596952887,0.0,5.0,1.5,ET0,1,5.92,0.0,5.915965904891959,4.71830645976308,4.434112800067791,0.0
1656054000,silty,2022,-0.2772143429074716,-0.2841936596952887,5.0,1.5,ET0,1,5.72,5.92,5.717907755951627,4.71830645976308,4.441092116855609,0.0
1656140400,silty,2022,-0.2010831126002804,-0.2772143429074716,5.0,1.5,ET0,1,9.2,5.72,9.203948870710636,4.71830645976308,4.517223347162799,0.0
1656226800,silty,2022,-0.2110289477598435,-0.2010831126002804,5.0,1.5,ET0,1,9.57,9.2,9.569797117975432,4.71830645976308,4.5186174475786585,0.0
1656313200,silty,2022,-0.2635186443070537,-0.2110289477598435,5.0,1.5,ET0,1,8.69,9.57,8.693094774412245,4.71830645976308,4.476104804203854,0.0
1656399600,silty,2022,-0.3250106619497284,-0.2635186443070537,5.0,1.5,ET0,1,7.46,8.69,7.460713537351751,4.71830645976308,4.412619532427376,1.6
1656486000,silty,2022,-0.4794641849432265,-0.3250106619497284,5.0,1.5,ET0,1,1.83,7.46,1.8323231735051733,4.71830645976308,4.2610446267909685,0.0
1656572400,silty,2022,-0.3641951671352221,-0.4794641849432265,5.0,1.5,ET0,1,6.43,1.83,6.425725286268609,4.71830645976308,4.3541112926278585,0.0
1656658800,silty,2022,-0.2979484748234253,-0.3641951671352221,5.0,1.5,ET0,1,8.48,6.43,8.481182130641368,4.71830645976308,4.420357984939655,0.0
1656745200,silty,2022,-0.2650782289303034,-0.2979484748234253,5.0,1.5,ET0,1,9.68,8.48,9.684100900879589,4.71830645976308,4.459597777278718,0.0
1656831600,silty,2022,-0.3145519780512077,-0.2650782289303034,5.0,1.5,ET0,1,7.88,9.68,7.875822878948619,4.71830645976308,4.426533303967212,0.0
1656918000,silty,2022,-0.300834875873475,-0.3145519780512077,5.0,1.5,ET0,1,8.85,7.88,8.846129638751195,4.71830645976308,4.427512252801773,0.0
1657004400,silty,2022,-0.3103748323316068,-0.300834875873475,5.0,1.5,ET0,1,8.35,8.85,8.353871892123982,4.71830645976308,4.424618208471633,0.0
1657090800,silty,2022,-0.3205936268771175,-0.3103748323316068,5.0,1.5,ET0,1,8.11,8.35,8.10868026961472,4.71830645976308,4.412123909177526,0.0
1657177200,silty,2022,-0.3821857535386931,-0.3205936268771175,5.0,1.5,ET0,1,5.28,8.11,5.27960920736311,4.71830645976308,4.35227014899964,11.6
1657263600,silty,2022,-0.4537704770270191,-0.3821857535386931,5.0,1.5,ET0,1,7.28,5.28,7.275206390354677,4.71830645976308,4.282974877319477,0.0
1657350000,silty,2022,-0.4691694255910176,-0.4537704770270191,5.0,1.5,ET0,1,7.12,7.28,7.121172904786319,4.71830645976308,4.26131595046771,0.0
1657436400,silty,2022,-0.428132529826295,-0.4691694255910176,5.0,1.5,ET0,1,7.61,7.12,7.612583271961939,4.71830645976308,4.297867309021978,0.0
1657522800,silty,2022,-0.3695006025474777,-0.428132529826295,5.0,1.5,ET0,1,8.47,7.61,8.472336750464112,4.71830645976308,4.356323278944725,0.0
1657609200,silty,2022,-0.3675138320648026,-0.3695006025474777,5.0,1.5,ET0,1,7.49,8.47,7.487993037508327,4.71830645976308,4.366082080904236,0.0
1657695600,silty,2022,-0.3960066399639217,-0.3675138320648026,5.0,1.5,ET0,1,5.44,7.49,5.439558555641069,4.71830645976308,4.333658283395548,0.0
1657782000,silty,2022,-0.2872275596286515,-0.3960066399639217,5.0,1.5,ET0,1,8.25,5.44,8.254676604732598,4.71830645976308,4.431078900134429,0.0
1657868400,silty,2022,-0.2099872467279595,-0.2872275596286515,5.0,1.5,ET0,1,9.45,8.25,9.447916516172471,4.71830645976308,4.514049810113838,0.0
1657954800,silty,2022,-0.1950341510986552,-0.2099872467279595,5.0,1.5,ET0,1,8.97,9.45,8.968687582898376,4.71830645976308,4.541184636163401,0.0
1658041200,silty,2022,-0.2163231393623916,-0.1950341510986552,5.0,1.5,ET0,1,7.7,8.97,7.701644419417017,4.71830645976308,4.519940347212255,0.0
1658127600,silty,2022,-0.2154318421268132,-0.2163231393623916,5.0,1.5,ET0,1,7.24,7.7,7.236620092977568,4.71830645976308,4.512320152291907,0.0
1658214000,silty,2022,-0.1725914882802586,-0.2154318421268132,5.0,1.5,ET0,1,7.98,7.24,7.976539558735554,4.71830645976308,4.549821906596962,0.0
1658300400,silty,2022,-0.1164805632777634,-0.1725914882802586,5.0,1.5,ET0,1,9.03,7.98,9.031637030513592,4.71830645976308,4.607035827598465,0.0
1658386800,silty,2022,-0.1094127433021001,-0.1164805632777634,5.0,1.5,ET0,1,8.52,9.03,8.523521442036436,4.71830645976308,4.622434198690802,0.0
1687503600,silty,2023,-0.4751499057935796,0.0,5.0,1.5,ET0,1,6.42,0.0,6.420277994663035,4.71830645976308,4.2431565539695,0.0
1687590000,silty,2023,-0.4619969558399204,-0.4751499057935796,5.0,1.5,ET0,1,6.34,6.42,6.3387606045021405,4.71830645976308,4.256421902778248,0.0
1687676400,silty,2023,-0.4434544268516833,-0.4619969558399204,5.0,1.5,ET0,1,7.08,6.34,7.077332335884068,4.71830645976308,4.275147745551615,0.0
1687762800,silty,2023,-0.4609139210347142,-0.4434544268516833,5.0,1.5,ET0,1,6.23,7.08,6.229180911248416,4.71830645976308,4.260073815003159,0.0
1687849200,silty,2023,-0.4267444075543304,-0.4609139210347142,5.0,1.5,ET0,1,7.72,6.23,7.717627618312005,4.71830645976308,4.291768709990035,0.0
1687935600,silty,2023,-0.4180256339432227,-0.4267444075543304,5.0,1.5,ET0,1,8.19,7.72,8.190146658736474,4.71830645976308,4.305969551577418,0.0
1688022000,silty,2023,-0.5570494460238743,-0.4180256339432227,5.0,1.5,ET0,1,2.65,8.19,2.6534944981591777,4.71830645976308,4.17890362991514,0.0
1688108400,silty,2023,-0.4305341009931448,-0.5570494460238743,5.0,1.5,ET0,1,7.81,2.65,7.811921140444205,4.71830645976308,4.287772358769935,0.0
1688194800,silty,2023,-0.5341541469628841,-0.4305341009931448,5.0,1.5,ET0,1,2.99,7.81,2.989408376370308,4.71830645976308,4.193359295037519,0.0
1688281200,silty,2023,-0.5138772358443333,-0.5341541469628841,5.0,1.5,ET0,1,3.63,2.99,3.628606534620321,4.71830645976308,4.204429223918747,0.0
1688367600,silty,2023,-0.4345337924685087,-0.5138772358443333,5.0,1.5,ET0,1,5.91,3.63,5.9091258835011,4.71830645976308,4.283772667294572,0.0
1688454000,silty,2023,-0.3879987036718603,-0.4345337924685087,5.0,1.5,ET0,1,6.62,5.91,6.621532339824514,4.71830645976308,4.33030775609122,0.0
1688540400,silty,2023,-0.3749989287713001,-0.3879987036718603,5.0,1.5,ET0,1,6.4,6.62,6.395412175418061,4.71830645976308,4.3438578668065215,0.0
1688626800,silty,2023,-0.3313514007818884,-0.3749989287713001,5.0,1.5,ET0,1,7.49,6.4,7.492344925936937,4.71830645976308,4.387105469270794,5.0
1688713200,silty,2023,-0.4835947390612607,-0.3313514007818884,5.0,1.5,ET0,1,3.38,7.49,3.3788724562330463,4.71830645976308,4.249284109029513,0.0
1688799600,silty,2023,-0.3995280649792356,-0.4835947390612607,5.0,1.5,ET0,1,6.52,3.38,6.518921569415171,4.71830645976308,4.318778394783845,0.0
1688886000,silty,2023,-0.3495460726660457,-0.3995280649792356,5.0,1.5,ET0,1,7.07,6.52,7.0675670514600375,4.71830645976308,4.369216033833009,0.0
1688972400,silty,2023,-0.3252760100827675,-0.3495460726660457,5.0,1.5,ET0,1,6.96,7.07,6.961944041187434,4.71830645976308,4.395556223579619,0.0
1689058800,silty,2023,-0.2856007184379886,-0.3252760100827675,5.0,1.5,ET0,1,7.52,6.96,7.523781176422247,4.71830645976308,4.43467398430789,0.0
1689145200,silty,2023,-0.2566007451709992,-0.2856007184379886,5.0,1.5,ET0,1,7.81,7.52,7.806608352298979,4.71830645976308,4.465622454170696,0.0
1689231600,silty,2023,-0.2441201639262903,-0.2566007451709992,5.0,1.5,ET0,1,7.71,7.81,7.714035948667738,4.71830645976308,4.47990678312379,22.8
1689318000,silty,2023,-0.787695415338007,-0.2441201639262903,5.0,1.5,ET0,1,3.0,7.71,2.9961159428327533,4.71830645976308,3.998980821591564,0.0
1689404400,silty,2023,-0.7041030633640204,-0.787695415338007,5.0,1.5,ET0,1,5.39,3.0,5.390782029334142,4.71830645976308,4.0145368747099015,0.0
1689490800,silty,2023,-0.5810538020679937,-0.7041030633640204,5.0,1.5,ET0,1,7.11,5.39,7.109056997180415,4.71830645976308,4.137377702481466,0.0
1689577200,silty,2023,-0.525255600718983,-0.5810538020679937,5.0,1.5,ET0,1,6.61,7.11,6.608581357186508,4.71830645976308,4.198189555781111,0.0
1689663600,silty,2023,-0.4345248830470488,-0.525255600718983,5.0,1.5,ET0,1,7.5,6.61,7.500311698248804,4.71830645976308,4.285286954941047,0.0
1689750000,silty,2023,-0.3880987426759208,-0.4345248830470488,5.0,1.5,ET0,1,7.06,7.5,7.063404491828016,4.71830645976308,4.335939401796054,0.0
1689836400,silty,2023,-0.3078190170062979,-0.3880987426759208,5.0,1.5,ET0,1,7.95,7.06,7.949048805371062,4.71830645976308,4.413276533125616,0.0
1689922800,silty,2023,-0.3141739301205571,-0.3078190170062979,5.0,1.5,ET0,1,6.2,7.95,6.202164075023188,4.71830645976308,4.412244713404373,0.0
1719126000,silty,2024,-0.6244404567664325,0.0,5.0,1.5,ET0,1,1.66,0.0,1.6632265501860408,4.71830645976308,4.093866002996648,1.7999999999999998
1719212400,silty,2024,-0.7305741285293589,-0.6244404567664325,5.0,1.5,ET0,1,1.59,1.66,1.5856569477409397,4.71830645976308,3.9877323312337216,5.8
1719298800,silty,2024,-0.8178614431825778,-0.7305741285293589,5.0,1.5,ET0,1,1.64,1.59,1.643019943771474,4.71830645976308,3.900445016580503,12.6
1719385200,silty,2024,-0.9532503760362812,-0.8178614431825778,5.0,1.5,ET0,1,3.74,1.64,3.7360647761286776,4.71830645976308,3.768153829071789,1.0
1719471600,silty,2024,-1.0229087694892876,-0.9532503760362812,5.0,1.5,ET0,1,3.28,3.74,3.283058105037508,4.71830645976308,3.695950938549438,0.0
1719558000,silty,2024,-0.8639723898148625,-1.0229087694892876,5.0,1.5,ET0,1,8.11,3.28,8.105450401178516,4.71830645976308,3.854334069948218,0.0
1719644400,silty,2024,-0.8480788695345681,-0.8639723898148625,5.0,1.5,ET0,1,6.86,8.11,6.855392222915658,4.71830645976308,3.879932348473506,0.0
1719730800,silty,2024,-0.8251109603422108,-0.8480788695345681,5.0,1.5,ET0,1,6.28,6.86,6.275478723242181,4.71830645976308,3.90010785329609,0.0
1719817200,silty,2024,-0.7114571158342222,-0.8251109603422108,5.0,1.5,ET0,1,9.01,6.28,9.008052630760128,4.71830645976308,4.008210966001685,0.0
1719903600,silty,2024,-0.742180475738897,-0.7114571158342222,5.0,1.5,ET0,1,6.4,9.01,6.40343719338403,4.71830645976308,3.998506471594553,0.0
1719990000,silty,2024,-0.7115487701765387,-0.742180475738897,5.0,1.5,ET0,1,6.83,6.4,6.828302846826217,4.71830645976308,4.013528325513482,0.0
1720076400,silty,2024,-0.7720829908915132,-0.7115487701765387,5.0,1.5,ET0,1,3.5,6.83,3.501203041998366,4.71830645976308,3.958078782961298,0.0
1720162800,silty,2024,-0.7252708382961653,-0.7720829908915132,5.0,1.5,ET0,1,4.11,3.5,4.110755932356144,4.71830645976308,3.993035621466915,0.0
1720249200,silty,2024,-0.587580718818303,-0.7252708382961653,5.0,1.5,ET0,1,7.57,4.11,7.570021332731803,4.71830645976308,4.1307257409447775,0.0
1720335600,silty,2024,-0.5220734042645467,-0.587580718818303,5.0,1.5,ET0,1,8.24,7.57,8.236770338981968,4.71830645976308,4.198729229777738,0.0
1720422000,silty,2024,-0.6189321346145438,-0.5220734042645467,5.0,1.5,ET0,1,3.58,8.24,3.5751601774979624,4.71830645976308,4.114796006098693,0.0
1720508400,silty,2024,-0.5255288789990064,-0.6189321346145438,5.0,1.5,ET0,1,6.02,3.58,6.021523561190189,4.71830645976308,4.192777580764074,1.0
1720594800,silty,2024,-0.4788486685108559,-0.5255288789990064,5.0,1.5,ET0,1,6.41,6.02,6.408995121084742,4.71830645976308,4.239463676253814,0.0
1720681200,silty,2024,-0.4165092514781699,-0.4788486685108559,5.0,1.5,ET0,1,7.1,6.41,7.100145056634385,4.71830645976308,4.302091070172022,0.0
1720767600,silty,2024,-0.3367447447544188,-0.4165092514781699,5.0,1.5,ET0,1,8.42,7.1,8.417233027045325,4.71830645976308,4.382830316910036,0.0
1720854000,silty,2024,-0.2666635508167949,-0.3367447447544188,5.0,1.5,ET0,1,9.48,8.42,9.478835789843243,4.71830645976308,4.458260938198297,0.0
1720940400,silty,2024,-0.2637736641302426,-0.2666635508167949,5.0,1.5,ET0,1,8.65,9.48,8.65408688020589,4.71830645976308,4.472491566606412,0.0
1721026800,silty,2024,-0.2628715761464648,-0.2637736641302426,5.0,1.5,ET0,1,8.04,8.65,8.038553013013921,4.71830645976308,4.470074389233276,0.0
1721113200,silty,2024,-0.242071549745675,-0.2628715761464648,5.0,1.5,ET0,1,8.08,8.04,8.079175888672749,4.71830645976308,4.485163357229552,0.0
1721199600,silty,2024,-0.1643636302424336,-0.242071549745675,5.0,1.5,ET0,1,9.9,8.08,9.89638188136864,4.71830645976308,4.559962558158331,0.0
1721286000,silty,2024,-0.1678751209999531,-0.1643636302424336,5.0,1.5,ET0,1,8.86,9.9,8.856197692783795,4.71830645976308,4.571886379660548,0.0
1721372400,silty,2024,-0.1670369040636175,-0.1678751209999531,5.0,1.5,ET0,1,8.59,8.86,8.59349226880255,4.71830645976308,4.56647171794841,0.0
1721458800,silty,2024,-0.2077520047708904,-0.1670369040636175,5.0,1.5,ET0,1,6.6,8.59,6.5994601364997925,4.71830645976308,4.527722098327328,0.0
1721545200,silty,2024,-0.1990448824865573,-0.2077520047708904,5.0,1.5,ET0,1,6.36,6.6,6.35886520949269,4.71830645976308,4.522294127846289,0.0
1626073200,cloamy,2021,-0.1646438530509126,0.0,12.0,3.0,ET0,5,0.0,0.0,8.171899400888595,4.71830645976308,4.696994811000847,0.0
1626159600,cloamy,2021,-0.1741231465610073,0.0,12.0,3.0,ET0,5,0.0,0.0,7.307248568315713,4.71830645976308,4.585801040618721,49.2
1626246000,cloamy,2021,-0.7362371832216018,0.0,12.0,3.0,ET0,5,0.0,0.0,3.7200181370317593,4.71830645976308,4.14710315278247,0.0
1626332400,cloamy,2021,-0.7865100893841356,0.0,12.0,3.0,ET0,5,0.0,0.0,6.588938290136868,4.71830645976308,4.001585725048803,0.0
1626418800,cloamy,2021,-0.772581047766824,0.0,12.0,3.0,ET0,5,30.0,0.0,4.2070949143533625,4.71830645976308,3.964679023304394,10.8
1626505200,cloamy,2021,-1.3022649511696316,-0.772581047766824,12.0,3.0,ET0,5,0.0,30.0,1.7206288405645938,4.71830645976308,3.795120671999788,0.8
1626591600,cloamy,2021,-1.3637476367507082,-0.772581047766824,12.0,3.0,ET0,5,0.0,30.0,2.339819333016992,4.71830645976308,3.6083040993844375,0.0
1626678000,cloamy,2021,-1.311423085885567,-0.772581047766824,12.0,3.0,ET0,5,0.0,30.0,5.542148180411579,4.71830645976308,3.537466125321765,0.0
1626764400,cloamy,2021,-1.2011645588378146,-0.772581047766824,12.0,3.0,ET0,5,0.0,30.0,6.336708517861463,4.71830645976308,3.5566236628438364,0.0
1626850800,cloamy,2021,-1.023493844818168,-0.772581047766824,12.0,3.0,ET0,5,23.66,30.0,7.723088615724408,4.71830645976308,3.694812614944912,0.0
1626937200,cloamy,2021,-1.1729977921503862,-1.023493844818168,12.0,3.0,ET0,5,0.0,23.66,6.384988487195638,4.71830645976308,3.731769048216685,0.0
1627023600,cloamy,2021,-1.0379748770680135,-1.023493844818168,12.0,3.0,ET0,5,0.0,23.66,6.724001721462045,4.71830645976308,3.7646681009398986,0.0
1627110000,cloamy,2021,-0.8818563865807629,-1.023493844818168,12.0,3.0,ET0,5,0.0,23.66,6.639604206034317,4.71830645976308,3.853614157124467,0.0
1627196400,cloamy,2021,-0.7258600168020014,-1.023493844818168,12.0,3.0,ET0,5,0.0,23.66,6.068344799075018,4.71830645976308,3.992446442961079,0.0
1627282800,cloamy,2021,-0.6194589771094259,-1.023493844818168,12.0,3.0,ET0,5,29.56,23.66,3.7441148307248353,4.71830645976308,4.098847482653654,0.0
1627369200,cloamy,2021,-0.8851566351380414,-0.6194589771094259,12.0,3.0,ET0,5,0.0,29.56,5.25782491390273,4.71830645976308,4.033609383494691,1.0
1627455600,cloamy,2021,-0.8472773417779725,-0.6194589771094259,12.0,3.0,ET0,5,0.0,29.56,4.067188753317478,4.71830645976308,3.971817920675915,0.0
1627542000,cloamy,2021,-0.7314953090395575,-0.6194589771094259,12.0,3.0,ET0,5,0.0,29.56,5.501441403272102,4.71830645976308,4.014602397128905,0.0
1627628400,cloamy,2021,-0.5486685189711196,-0.6194589771094259,12.0,3.0,ET0,5,0.0,29.56,7.363960029273559,4.71830645976308,4.169637940791961,0.0
1627714800,cloamy,2021,-0.3323277475938334,-0.6194589771094259,12.0,3.0,ET0,5,30.32,29.56,8.127164249908118,4.71830645976308,4.385978712169247,0.0
1627801200,cloamy,2021,-0.6081528914517063,-0.3323277475938334,12.0,3.0,ET0,5,0.0,30.32,7.011084171391055,4.71830645976308,4.313528788408183,9.0
1627887600,cloamy,2021,-0.5606469564855375,-0.3323277475938334,12.0,3.0,ET0,5,0.0,30.32,7.304828236834061,4.71830645976308,4.248777402865711,0.0
1627974000,cloamy,2021,-0.4436314592037847,-0.3323277475938334,12.0,3.0,ET0,5,0.0,30.32,7.320018177389831,4.71830645976308,4.292567785418279,0.0
1628060400,cloamy,2021,-0.2794613897840023,-0.3323277475938334,12.0,3.0,ET0,5,0.0,30.32,8.239496207860649,4.71830645976308,4.438845069979078,0.0
1628146800,cloamy,2021,-0.1881262533087142,-0.3323277475938334,12.0,3.0,ET0,5,34.07,30.32,4.198759507591638,4.71830645976308,4.530180206454366,0.0
1628233200,cloamy,2021,-0.4767641969496674,-0.1881262533087142,12.0,3.0,ET0,5,0.0,34.07,8.25634687060054,4.71830645976308,4.441632864989444,0.0
1628319600,cloamy,2021,-0.3980221814724457,-0.1881262533087142,12.0,3.0,ET0,5,0.0,34.07,7.823891414052509,4.71830645976308,4.394111754313381,0.0
1628406000,cloamy,2021,-0.2803752773821303,-0.1881262533087142,12.0,3.0,ET0,5,0.0,34.07,6.805842568347599,4.71830645976308,4.448957163013167,0.0
1628492400,cloamy,2021,-0.1084674018729556,-0.1881262533087142,12.0,3.0,ET0,5,0.0,34.07,8.235329351972808,4.71830645976308,4.609839057890125,0.0
1656054000,cloamy,2022,-0.6686402105982798,0.0,12.0,3.0,ET0,5,0.0,0.0,5.717907755951627,4.71830645976308,4.268635241557346,0.0
1656140400,cloamy,2022,-0.613857153780027,0.0,12.0,3.0,ET0,5,0.0,0.0,9.203948870710636,4.71830645976308,4.192299997801246,0.0
1656226800,cloamy,2022,-0.4989658083042109,0.0,12.0,3.0,ET0,5,0.0,0.0,9.569797117975432,4.71830645976308,4.230747582916918,0.0
1656313200,cloamy,2022,-0.374558840922411,0.0,12.0,3.0,ET0,5,0.0,0.0,8.693094774412245,4.71830645976308,4.343747618840669,0.0
1656399600,cloamy,2022,-0.2595564767174173,0.0,12.0,3.0,ET0,5,40.65,0.0,7.460713537351751,4.71830645976308,4.458749983045663,1.6
1656486000,cloamy,2022,-0.7798327326633931,-0.2595564767174173,12.0,3.0,ET0,5,0.0,40.65,1.8323231735051733,4.71830645976308,4.221733732828068,0.0
1656572400,cloamy,2022,-0.7925106859548456,-0.2595564767174173,12.0,3.0,ET0,5,0.0,40.65,6.425725286268609,4.71830645976308,4.0789819075407205,0.0
1656658800,cloamy,2022,-0.68318125775095,-0.2595564767174173,12.0,3.0,ET0,5,0.0,40.65,8.481182130641368,4.71830645976308,4.083173905251051,0.0
1656745200,cloamy,2022,-0.5377340632858425,-0.2595564767174173,12.0,3.0,ET0,5,0.0,40.65,9.684100900879589,4.71830645976308,4.180572396477237,0.0
1656831600,cloamy,2022,-0.404260585756841,-0.2595564767174173,12.0,3.0,ET0,5,34.3,40.65,7.875822878948619,4.71830645976308,4.314045874006239,0.0
1656918000,cloamy,2022,-0.7081494045177331,-0.404260585756841,12.0,3.0,ET0,5,0.0,34.3,8.846129638751195,4.71830645976308,4.229629873716519,0.0
1657004400,cloamy,2022,-0.6526711063952342,-0.404260585756841,12.0,3.0,ET0,5,0.0,34.3,8.353871892123982,4.71830645976308,4.163554596908238,0.0
1657090800,cloamy,2022,-0.5444795866618175,-0.404260585756841,12.0,3.0,ET0,5,0.0,34.3,8.10868026961472,4.71830645976308,4.193328560264091,0.0
1657177200,cloamy,2022,-0.4548350409832964,-0.404260585756841,12.0,3.0,ET0,5,0.0,34.3,5.27960920736311,4.71830645976308,4.263471418779784,11.6
1657263600,cloamy,2022,-0.3413925201483315,-0.404260585756841,12.0,3.0,ET0,5,37.86,34.3,7.275206390354677,4.71830645976308,4.376913939614749,0.0
1657350000,cloamy,2022,-0.7874381116893713,-0.3413925201483315,12.0,3.0,ET0,5,0.0,37.86,7.121172904786319,4.71830645976308,4.218886278608334,0.0
1657436400,cloamy,2022,-0.7692529574891028,-0.3413925201483315,12.0,3.0,ET0,5,0.0,37.86,7.612583271961939,4.71830645976308,4.098752317196526,0.0
1657522800,cloamy,2022,-0.6472345389760281,-0.3413925201483315,12.0,3.0,ET0,5,0.0,37.86,8.472336750464112,4.71830645976308,4.115870344218579,0.0
1657609200,cloamy,2022,-0.5177652599102252,-0.3413925201483315,12.0,3.0,ET0,5,0.0,37.86,7.487993037508327,4.71830645976308,4.201288944146969,0.0
1657695600,cloamy,2022,-0.4075107038247265,-0.3413925201483315,12.0,3.0,ET0,5,36.13,37.86,5.439558555641069,4.71830645976308,4.310795755938353,0.0
1657782000,cloamy,2022,-0.7314992007991357,-0.4075107038247265,12.0,3.0,ET0,5,0.0,36.13,8.254676604732598,4.71830645976308,4.233853304757559,0.0
1657868400,cloamy,2022,-0.6427260636562725,-0.4075107038247265,12.0,3.0,ET0,5,0.0,36.13,9.447916516172471,4.71830645976308,4.187403976844912,0.0
1657954800,cloamy,2022,-0.4942982661397744,-0.4075107038247265,12.0,3.0,ET0,5,0.0,36.13,8.968687582898376,4.71830645976308,4.245398949653731,0.0
1658041200,cloamy,2022,-0.3487538320768857,-0.4075107038247265,12.0,3.0,ET0,5,0.0,36.13,7.701644419417017,4.71830645976308,4.369552627686194,0.0
1658127600,cloamy,2022,-0.195736029304598,-0.4075107038247265,12.0,3.0,ET0,5,41.61,36.13,7.236620092977568,4.71830645976308,4.522570430458482,0.0
1658214000,cloamy,2022,-0.6065723119439742,-0.195736029304598,12.0,3.0,ET0,5,0.0,41.61,7.976539558735554,4.71830645976308,4.370428220426411,0.0
1658300400,cloamy,2022,-0.5525900662237543,-0.195736029304598,12.0,3.0,ET0,5,0.0,41.61,9.031637030513592,4.71830645976308,4.282497046073374,0.0
1658386800,cloamy,2022,-0.4152471617240211,-0.195736029304598,12.0,3.0,ET0,5,0.0,41.61,8.523521442036436,4.71830645976308,4.326828974650575,0.0
1687590000,cloamy,2023,-0.8775400518819243,0.0,12.0,3.0,ET0,5,0.0,0.0,6.3387606045021405,4.71830645976308,4.051979483470968,0.0
1687676400,cloamy,2023,-0.8306187841579568,0.0,12.0,3.0,ET0,5,0.0,0.0,7.077332335884068,4.71830645976308,3.977675694214788,0.0
1687762800,cloamy,2023,-0.7464465156267941,0.0,12.0,3.0,ET0,5,0.0,0.0,6.229180911248416,4.71830645976308,3.992262526207738,0.0
1687849200,cloamy,2023,-0.6202427880804766,0.0,12.0,3.0,ET0,5,0.0,0.0,7.717627618312005,4.71830645976308,4.098063671682604,0.0
1687935600,cloamy,2023,-0.4760569906915179,0.0,12.0,3.0,ET0,5,35.55,0.0,8.190146658736474,4.71830645976308,4.242249469071562,0.0
1688022000,cloamy,2023,-0.9038587227363916,-0.4760569906915179,12.0,3.0,ET0,5,0.0,35.55,2.6534944981591777,4.71830645976308,4.058425286532665,0.0
1688108400,cloamy,2023,-0.8610136812960276,-0.4760569906915179,12.0,3.0,ET0,5,0.0,35.55,7.811921140444205,4.71830645976308,3.97694805464606,0.0
1688194800,cloamy,2023,-0.8249361019627607,-0.4760569906915179,12.0,3.0,ET0,5,0.0,35.55,2.989408376370308,4.71830645976308,3.941138043769013,0.0
1688281200,cloamy,2023,-0.7695334118712231,-0.4760569906915179,12.0,3.0,ET0,5,0.0,35.55,3.628606534620321,4.71830645976308,3.9560204802436414,0.0
1688367600,cloamy,2023,-0.6637672280241416,-0.4760569906915179,12.0,3.0,ET0,5,22.99,35.55,5.9091258835011,4.71830645976308,4.054539231738938,0.0
1688454000,cloamy,2023,-0.8453898951332547,-0.6637672280241416,12.0,3.0,ET0,5,0.0,22.99,6.621532339824514,4.71830645976308,4.031203219819663,0.0
1688540400,cloamy,2023,-0.7667780211902311,-0.6637672280241416,12.0,3.0,ET0,5,0.0,22.99,6.395412175418061,4.71830645976308,4.014129708044509,0.0
1688626800,cloamy,2023,-0.6441997463483917,-0.6637672280241416,12.0,3.0,ET0,5,0.0,22.99,7.492344925936937,4.71830645976308,4.081071984000793,5.0
1688713200,cloamy,2023,-0.5961704018807689,-0.6637672280241416,12.0,3.0,ET0,5,0.0,22.99,3.3788724562330463,4.71830645976308,4.1226005525262925,0.0
1688799600,cloamy,2023,-0.4795576981975444,-0.6637672280241416,12.0,3.0,ET0,5,30.41,22.99,6.518921569415171,4.71830645976308,4.238748761565536,0.0
1688886000,cloamy,2023,-0.7628891482966316,-0.4795576981975444,12.0,3.0,ET0,5,0.0,30.41,7.0675670514600375,4.71830645976308,4.158528213369246,0.0
1688972400,cloamy,2023,-0.7023441000031438,-0.4795576981975444,12.0,3.0,ET0,5,0.0,30.41,6.961944041187434,4.71830645976308,4.104570113987225,0.0
1689058800,cloamy,2023,-0.583204856726075,-0.4795576981975444,12.0,3.0,ET0,5,0.0,30.41,7.523781176422247,4.71830645976308,4.1517329526799145,0.0
1689145200,cloamy,2023,-0.4392954749451678,-0.4795576981975444,12.0,3.0,ET0,5,0.0,30.41,7.806608352298979,4.71830645976308,4.279010984817912,0.0
1689231600,cloamy,2023,-0.2846949452305956,-0.4795576981975444,12.0,3.0,ET0,5,37.07,30.41,7.714035948667738,4.71830645976308,4.433611514532485,22.8
1689318000,cloamy,2023,-0.9291477954925712,-0.2846949452305956,12.0,3.0,ET0,5,0.0,37.07,2.9961159428327533,4.71830645976308,4.11995195704743,0.0
1689404400,cloamy,2023,-0.9709751715221852,-0.2846949452305956,12.0,3.0,ET0,5,0.0,37.07,5.390782029334142,4.71830645976308,3.942092520322949,0.0
1689490800,cloamy,2023,-0.868269499248864,-0.2846949452305956,12.0,3.0,ET0,5,0.0,37.07,7.109056997180415,4.71830645976308,3.9300597397314103,0.0
1689577200,cloamy,2023,-0.7440969789121263,-0.2846949452305956,12.0,3.0,ET0,5,0.0,37.07,6.608581357186508,4.71830645976308,3.98650534389852,0.0
1689663600,cloamy,2023,-0.5793820305341091,-0.2846949452305956,12.0,3.0,ET0,5,29.6,37.07,7.500311698248804,4.71830645976308,4.138924429228971,0.0
1689750000,cloamy,2023,-0.8237684586734012,-0.5793820305341091,12.0,3.0,ET0,5,0.0,29.6,7.063404491828016,4.71830645976308,4.10798147474095,0.0
1689836400,cloamy,2023,-0.7153737004412764,-0.5793820305341091,12.0,3.0,ET0,5,0.0,29.6,7.949048805371062,4.71830645976308,4.096750439403468,0.0
1689922800,cloamy,2023,-0.6039036675944602,-0.5793820305341091,12.0,3.0,ET0,5,0.0,29.6,6.202164075023188,4.71830645976308,4.135300133345274,0.0
1719212400,cloamy,2024,-1.089680582619951,0.0,12.0,3.0,ET0,5,0.0,0.0,1.5856569477409397,4.71830645976308,3.888208599964273,5.8
1719298800,cloamy,2024,-1.1544470906248372,0.0,12.0,3.0,ET0,5,0.0,0.0,1.643019943771474,4.71830645976308,3.7388380352788,12.6
1719385200,cloamy,2024,-1.2019831677891917,0.0,12.0,3.0,ET0,5,0.0,0.0,3.7360647761286776,4.71830645976308,3.665089631873096,1.0
1719471600,cloamy,2024,-1.2396709760394595,0.0,12.0,3.0,ET0,5,0.0,0.0,3.283058105037508,4.71830645976308,3.581501427443032,0.0
1719558000,cloamy,2024,-1.1486598491267956,0.0,12.0,3.0,ET0,5,18.35,0.0,8.105450401178516,4.71830645976308,3.599233867234607,0.0
1719644400,cloamy,2024,-1.2892753107887849,-1.1486598491267956,12.0,3.0,ET0,5,0.0,18.35,6.855392222915658,4.71830645976308,3.6159317266838498,0.0
1719730800,cloamy,2024,-1.2149730024167678,-1.1486598491267956,12.0,3.0,ET0,5,0.0,18.35,6.275478723242181,4.71830645976308,3.609371613318712,0.0
1719817200,cloamy,2024,-1.0787539543526856,-1.1486598491267956,12.0,3.0,ET0,5,0.0,18.35,9.008052630760128,4.71830645976308,3.666270543442786,0.0
1719903600,cloamy,2024,-0.9702490975601328,-1.1486598491267956,12.0,3.0,ET0,5,0.0,18.35,6.40343719338403,4.71830645976308,3.7480573622029474,0.0
1719990000,cloamy,2024,-0.8469394264664981,-1.1486598491267956,12.0,3.0,ET0,5,35.37,18.35,6.828302846826217,4.71830645976308,3.871367033296582,0.0
1720076400,cloamy,2024,-1.2374750170226971,-0.8469394264664981,12.0,3.0,ET0,5,0.0,35.37,3.501203041998366,4.71830645976308,3.753751790779992,0.0
1720162800,cloamy,2024,-1.2143918775106632,-0.8469394264664981,12.0,3.0,ET0,5,0.0,35.37,4.110755932356144,4.71830645976308,3.683346644970083,0.0
1720249200,cloamy,2024,-1.0939297151530494,-0.8469394264664981,12.0,3.0,ET0,5,0.0,35.37,7.570021332731803,4.71830645976308,3.7025098767979134,0.0
1720335600,cloamy,2024,-0.9525397528358044,-0.8469394264664981,12.0,3.0,ET0,5,0.0,35.37,8.236770338981968,4.71830645976308,3.77433883778586,0.0
1720422000,cloamy,2024,-0.8819880642236809,-0.8469394264664981,12.0,3.0,ET0,5,26.99,35.37,3.5751601774979624,4.71830645976308,3.8363183955394,0.0
1720508400,cloamy,2024,-1.1200963966599844,-0.8819880642236809,12.0,3.0,ET0,5,0.0,26.99,6.021523561190189,4.71830645976308,3.815529874920879,1.0
1720594800,cloamy,2024,-1.0388853540507634,-0.8819880642236809,12.0,3.0,ET0,5,0.0,26.99,6.408995121084742,4.71830645976308,3.7959063935783424,0.0
1720681200,cloamy,2024,-0.9109915323677968,-0.8819880642236809,12.0,3.0,ET0,5,0.0,26.99,7.100145056634385,4.71830645976308,3.84055884795088,0.0
1720767600,cloamy,2024,-0.7402689078437996,-0.8819880642236809,12.0,3.0,ET0,5,0.0,26.99,8.417233027045325,4.71830645976308,3.978037551919281,0.0
1720854000,cloamy,2024,-0.528879572766963,-0.8819880642236809,12.0,3.0,ET0,5,37.43,26.99,9.478835789843243,4.71830645976308,4.1894268869961175,0.0
1720940400,cloamy,2024,-0.845471808012704,-0.528879572766963,12.0,3.0,ET0,5,0.0,37.43,8.65408688020589,4.71830645976308,4.105868416190346,0.0
1721026800,cloamy,2024,-0.7809913877231127,-0.528879572766963,12.0,3.0,ET0,5,0.0,37.43,8.038553013013921,4.71830645976308,4.049771403765683,0.0
1721113200,cloamy,2024,-0.645728530751243,-0.528879572766963,12.0,3.0,ET0,5,0.0,37.43,8.079175888672749,4.71830645976308,4.097769225404141,0.0
1721199600,cloamy,2024,-0.4456024776086898,-0.528879572766963,12.0,3.0,ET0,5,0.0,37.43,9.89638188136864,4.71830645976308,4.272703982154391,0.0
1721286000,cloamy,2024,-0.2512169487024572,-0.528879572766963,12.0,3.0,ET0,5,43.52,37.43,8.856197692783795,4.71830645976308,4.467089511060623,0.0
1721372400,cloamy,2024,-0.6757225164876965,-0.2512169487024572,12.0,3.0,ET0,5,0.0,43.52,8.59349226880255,4.71830645976308,4.306008924919879,0.0
1721458800,cloamy,2024,-0.6962036943814427,-0.2512169487024572,12.0,3.0,ET0,5,0.0,43.52,6.5994601364997925,4.71830645976308,4.15935492268926,0.0
1721545200,cloamy,2024,-0.6063678977590888,-0.2512169487024572,12.0,3.0,ET0,5,0.0,43.52,6.35886520949269,4.71830645976308,4.155038119773265,0.0
1626073200,sandy,2021,-0.4565868715372571,0.0,7.0,3.0,ET0,5,0.0,0.0,8.171899400888595,4.71830645976308,4.284300504868814,0.0
1626159600,sandy,2021,-0.2176070605338097,0.0,7.0,3.0,ET0,5,0.0,0.0,7.307248568315713,4.71830645976308,4.50069939922927,49.2
1626246000,sandy,2021,-1.3079902951390356,0.0,7.0,3.0,ET0,5,0.0,0.0,3.7200181370317593,4.71830645976308,3.4640242397364154,0.0
1626332400,sandy,2021,-1.05675466507131,0.0,7.0,3.0,ET0,5,0.0,0.0,6.588938290136868,4.71830645976308,3.6615517946917695,0.0
1626418800,sandy,2021,-0.8745372479107343,0.0,7.0,3.0,ET0,5,30.0,0.0,4.2070949143533625,4.71830645976308,3.843769211852346,10.8
1626505200,sandy,2021,-1.7357296322029725,-0.8745372479107343,7.0,3.0,ET0,5,0.0,30.0,1.7206288405645938,4.71830645976308,3.172425484198858,0.8
1626591600,sandy,2021,-1.5688170746021135,-0.8745372479107343,7.0,3.0,ET0,5,0.0,30.0,2.339819333016992,4.71830645976308,3.157944366685674,0.0
1626678000,sandy,2021,-1.3108504824415546,-0.8745372479107343,7.0,3.0,ET0,5,0.0,30.0,5.542148180411579,4.71830645976308,3.4074559773215256,0.0
1626764400,sandy,2021,-1.0366276263994332,-0.8745372479107343,7.0,3.0,ET0,5,0.0,30.0,6.336708517861463,4.71830645976308,3.681678833363647,0.0
1626850800,sandy,2021,-0.6980382943075133,-0.8745372479107343,7.0,3.0,ET0,5,23.66,30.0,7.723088615724408,4.71830645976308,4.020268165455567,0.0
1626937200,sandy,2021,-1.0893821417249263,-0.6980382943075133,7.0,3.0,ET0,5,0.0,23.66,6.384988487195638,4.71830645976308,3.6397069635185417,0.0
1627023600,sandy,2021,-0.8252681274144759,-0.6980382943075133,7.0,3.0,ET0,5,0.0,23.66,6.724001721462045,4.71830645976308,3.893038332348605,0.0
1627110000,sandy,2021,-0.5637344785102181,-0.6980382943075133,7.0,3.0,ET0,5,0.0,23.66,6.639604206034317,4.71830645976308,4.154571981252862,0.0
1627196400,sandy,2021,-0.3439951203902709,-0.6980382943075133,7.0,3.0,ET0,5,0.0,23.66,6.068344799075018,4.71830645976308,4.3743113393728095,0.0
1627282800,sandy,2021,-0.2236799900162966,-0.6980382943075133,7.0,3.0,ET0,5,29.56,23.66,3.7441148307248353,4.71830645976308,4.494626469746784,0.0
1627369200,sandy,2021,-0.9148012924639396,-0.2236799900162966,7.0,3.0,ET0,5,0.0,29.56,5.25782491390273,4.71830645976308,3.826461214171718,1.0
1627455600,sandy,2021,-0.7709563782189895,-0.2236799900162966,7.0,3.0,ET0,5,0.0,29.56,4.067188753317478,4.71830645976308,3.9473500815440903,0.0
1627542000,sandy,2021,-0.5468155562989746,-0.2236799900162966,7.0,3.0,ET0,5,0.0,29.56,5.501441403272102,4.71830645976308,4.171490903464106,0.0
1627628400,sandy,2021,-0.2562015058364942,-0.2236799900162966,7.0,3.0,ET0,5,0.0,29.56,7.363960029273559,4.71830645976308,4.462104953926586,0.0
1627714800,sandy,2021,-0.0052659499976221,-0.2236799900162966,7.0,3.0,ET0,5,30.32,29.56,8.127164249908118,4.71830645976308,4.713040509765458,0.0
1627801200,sandy,2021,-0.7785380573232213,-0.0052659499976221,7.0,3.0,ET0,5,0.0,30.32,7.011084171391055,4.71830645976308,3.992943026471125,9.0
1627887600,sandy,2021,-0.628112302478518,-0.0052659499976221,7.0,3.0,ET0,5,0.0,30.32,7.304828236834061,4.71830645976308,4.090194157284563,0.0
1627974000,sandy,2021,-0.3518024346444126,-0.0052659499976221,7.0,3.0,ET0,5,0.0,30.32,7.320018177389831,4.71830645976308,4.366504025118668,0.0
1628060400,sandy,2021,-0.0692657234033419,-0.0052659499976221,7.0,3.0,ET0,5,0.0,30.32,8.239496207860649,4.71830645976308,4.649040736359738,0.0
1628146800,sandy,2021,0.0481769437863824,-0.0052659499976221,7.0,3.0,ET0,5,34.07,30.32,4.198759507591638,4.71830645976308,4.766483403549462,0.0
1628233200,sandy,2021,-0.7289214108819788,0.0481769437863824,7.0,3.0,ET0,5,0.0,34.07,8.25634687060054,4.71830645976308,4.016299931928524,0.0
1628319600,sandy,2021,-0.448552622710117,0.0481769437863824,7.0,3.0,ET0,5,0.0,34.07,7.823891414052509,4.71830645976308,4.269753837052964,0.0
1628406000,sandy,2021,-0.1840658543445847,0.0481769437863824,7.0,3.0,ET0,5,0.0,34.07,6.805842568347599,4.71830645976308,4.534240605418495,0.0
1628492400,sandy,2021,0.0807633708828955,0.0481769437863824,7.0,3.0,ET0,5,0.0,34.07,8.235329351972808,4.71830645976308,4.799069830645975,0.0
1656054000,sandy,2022,-0.9310306804547832,0.0,7.0,3.0,ET0,5,0.0,0.0,5.717907755951627,4.71830645976308,3.869555934664173,0.0
1656140400,sandy,2022,-0.7085877116559035,0.0,7.0,3.0,ET0,5,0.0,0.0,9.203948870710636,4.71830645976308,4.0097187481071765,0.0
1656226800,sandy,2022,-0.4662184004477082,0.0,7.0,3.0,ET0,5,0.0,0.0,9.569797117975432,4.71830645976308,4.252088059315372,0.0
1656313200,sandy,2022,-0.2401594063456223,0.0,7.0,3.0,ET0,5,0.0,0.0,8.693094774412245,4.71830645976308,4.478147053417458,0.0
1656399600,sandy,2022,-0.0753181744709607,0.0,7.0,3.0,ET0,5,40.65,0.0,7.460713537351751,4.71830645976308,4.64298828529212,1.6
1656486000,sandy,2022,-1.1142531415192958,-0.0753181744709607,7.0,3.0,ET0,5,0.0,40.65,1.8323231735051733,4.71830645976308,3.722273908399128,0.0
1656572400,sandy,2022,-0.9325536191130892,-0.0753181744709607,7.0,3.0,ET0,5,0.0,40.65,6.425725286268609,4.71830645976308,3.785752840649991,0.0
1656658800,sandy,2022,-0.6855668204245753,-0.0753181744709607,7.0,3.0,ET0,5,0.0,40.65,8.481182130641368,4.71830645976308,4.032739639338505,0.0
1656745200,sandy,2022,-0.393719922384252,-0.0753181744709607,7.0,3.0,ET0,5,0.0,40.65,9.684100900879589,4.71830645976308,4.324586537378829,0.0
1656831600,sandy,2022,-0.178044045111521,-0.0753181744709607,7.0,3.0,ET0,5,34.3,40.65,7.875822878948619,4.71830645976308,4.54026241465156,0.0
1656918000,sandy,2022,-0.8880530833586779,-0.178044045111521,7.0,3.0,ET0,5,0.0,34.3,8.846129638751195,4.71830645976308,3.868480273353995,0.0
1657004400,sandy,2022,-0.6378855404521955,-0.178044045111521,7.0,3.0,ET0,5,0.0,34.3,8.353871892123982,4.71830645976308,4.0804209193108845,0.0
1657090800,sandy,2022,-0.3959886920465122,-0.178044045111521,7.0,3.0,ET0,5,0.0,34.3,8.10868026961472,4.71830645976308,4.322317767716568,0.0
1657177200,sandy,2022,-0.2338599507630715,-0.178044045111521,7.0,3.0,ET0,5,0.0,34.3,5.27960920736311,4.71830645976308,4.4844465090000085,11.6
1657263600,sandy,2022,-0.1293832655096309,-0.178044045111521,7.0,3.0,ET0,5,37.86,34.3,7.275206390354677,4.71830645976308,4.588923194253449,0.0
1657350000,sandy,2022,-1.0976416029965703,-0.1293832655096309,7.0,3.0,ET0,5,0.0,37.86,7.121172904786319,4.71830645976308,3.716595474484932,0.0
1657436400,sandy,2022,-0.8640187184481574,-0.1293832655096309,7.0,3.0,ET0,5,0.0,37.86,7.612583271961939,4.71830645976308,3.854287741314923,0.0
1657522800,sandy,2022,-0.5734917489730194,-0.1293832655096309,7.0,3.0,ET0,5,0.0,37.86,8.472336750464112,4.71830645976308,4.144814710790061,0.0
1657609200,sandy,2022,-0.3193491249280505,-0.1293832655096309,7.0,3.0,ET0,5,0.0,37.86,7.487993037508327,4.71830645976308,4.39895733483503,0.0
1657695600,sandy,2022,-0.1523976139074482,-0.1293832655096309,7.0,3.0,ET0,5,36.13,37.86,5.439558555641069,4.71830645976308,4.565908845855632,0.0
1657782000,sandy,2022,-0.9266953363065517,-0.1523976139074482,7.0,3.0,ET0,5,0.0,36.13,8.254676604732598,4.71830645976308,3.8443463822047175,0.0
1657868400,sandy,2022,-0.6052950274813116,-0.1523976139074482,7.0,3.0,ET0,5,0.0,36.13,9.447916516172471,4.71830645976308,4.113011432281769,0.0
1657954800,sandy,2022,-0.2936115354785654,-0.1523976139074482,7.0,3.0,ET0,5,0.0,36.13,8.968687582898376,4.71830645976308,4.424694924284514,0.0
1658041200,sandy,2022,-0.058694106397364,-0.1523976139074482,7.0,3.0,ET0,5,0.0,36.13,7.701644419417017,4.71830645976308,4.659612353365716,0.0
1658127600,sandy,2022,0.1225663673577572,-0.1523976139074482,7.0,3.0,ET0,5,41.61,36.13,7.236620092977568,4.71830645976308,4.840872827120838,0.0
1658214000,sandy,2022,-0.8843623657974952,0.1225663673577572,7.0,3.0,ET0,5,0.0,41.61,7.976539558735554,4.71830645976308,3.913573689453135,0.0
1658300400,sandy,2022,-0.5780626059713974,0.1225663673577572,7.0,3.0,ET0,5,0.0,41.61,9.031637030513592,4.71830645976308,4.140243853791683,0.0
1658386800,sandy,2022,-0.2755987116067118,0.1225663673577572,7.0,3.0,ET0,5,0.0,41.61,8.523521442036436,4.71830645976308,4.442707748156368,0.0
1687590000,sandy,2023,-1.140692062279521,0.0,7.0,3.0,ET0,5,0.0,0.0,6.3387606045021405,4.71830645976308,3.659596466419238,0.0
1687676400,sandy,2023,-0.9488720986737456,0.0,7.0,3.0,ET0,5,0.0,0.0,7.077332335884068,4.71830645976308,3.7694343610893344,0.0
1687762800,sandy,2023,-0.7637594777183139,0.0,7.0,3.0,ET0,5,0.0,0.0,6.229180911248416,4.71830645976308,3.9545469820447674,0.0
1687849200,sandy,2023,-0.5357906355553098,0.0,7.0,3.0,ET0,5,0.0,0.0,7.717627618312005,4.71830645976308,4.18251582420777,0.0
1687935600,sandy,2023,-0.3127562463786053,0.0,7.0,3.0,ET0,5,35.55,0.0,8.190146658736474,4.71830645976308,4.405550213384475,0.0
1688022000,sandy,2023,-1.1602713588496685,-0.3127562463786053,7.0,3.0,ET0,5,0.0,35.55,2.6534944981591777,4.71830645976308,3.635981501611037,0.0
1688108400,sandy,2023,-0.933296981221152,-0.3127562463786053,7.0,3.0,ET0,5,0.0,35.55,7.811921140444205,4.71830645976308,3.785009478541928,0.0
1688194800,sandy,2023,-0.8331854888016461,-0.3127562463786053,7.0,3.0,ET0,5,0.0,35.55,2.989408376370308,4.71830645976308,3.885120970961434,0.0
1688281200,sandy,2023,-0.7084079348367031,-0.3127562463786053,7.0,3.0,ET0,5,0.0,35.55,3.628606534620321,4.71830645976308,4.009898524926377,0.0
1688367600,sandy,2023,-0.5118024236358112,-0.3127562463786053,7.0,3.0,ET0,5,22.99,35.55,5.9091258835011,4.71830645976308,4.206504036127269,0.0
1688454000,sandy,2023,-0.92107788932404,-0.5118024236358112,7.0,3.0,ET0,5,0.0,22.99,6.621532339824514,4.71830645976308,3.8036078008385954,0.0
1688540400,sandy,2023,-0.7218013655985672,-0.5118024236358112,7.0,3.0,ET0,5,0.0,22.99,6.395412175418061,4.71830645976308,3.996505094164513,0.0
1688626800,sandy,2023,-0.4830907465913087,-0.5118024236358112,7.0,3.0,ET0,5,0.0,22.99,7.492344925936937,4.71830645976308,4.235215713171772,5.0
1688713200,sandy,2023,-0.4149363886751177,-0.5118024236358112,7.0,3.0,ET0,5,0.0,22.99,3.3788724562330463,4.71830645976308,4.303370071087962,0.0
1688799600,sandy,2023,-0.2472417023371445,-0.5118024236358112,7.0,3.0,ET0,5,30.41,22.99,6.518921569415171,4.71830645976308,4.471064757425936,0.0
1688886000,sandy,2023,-0.9149295479346212,-0.2472417023371445,7.0,3.0,ET0,5,0.0,30.41,7.0675670514600375,4.71830645976308,3.831263110018192,0.0
1688972400,sandy,2023,-0.6925165542195006,-0.2472417023371445,7.0,3.0,ET0,5,0.0,30.41,6.961944041187434,4.71830645976308,4.025789905543579,0.0
1689058800,sandy,2023,-0.4365519527196685,-0.2472417023371445,7.0,3.0,ET0,5,0.0,30.41,7.523781176422247,4.71830645976308,4.281754507043412,0.0
1689145200,sandy,2023,-0.1913599017406038,-0.2472417023371445,7.0,3.0,ET0,5,0.0,30.41,7.806608352298979,4.71830645976308,4.526946558022477,0.0
1689231600,sandy,2023,0.0048603199206491,-0.2472417023371445,7.0,3.0,ET0,5,37.07,30.41,7.714035948667738,4.71830645976308,4.723166779683729,22.8
1689318000,sandy,2023,-1.4312483855786804,0.0048603199206491,7.0,3.0,ET0,5,0.0,37.07,2.9961159428327533,4.71830645976308,3.448453094930012,0.0
1689404400,sandy,2023,-1.2367142524987125,0.0048603199206491,7.0,3.0,ET0,5,0.0,37.07,5.390782029334142,4.71830645976308,3.481592207264368,0.0
1689490800,sandy,2023,-0.9515835909114924,0.0048603199206491,7.0,3.0,ET0,5,0.0,37.07,7.109056997180415,4.71830645976308,3.766722868851588,0.0
1689577200,sandy,2023,-0.6823582333524232,0.0048603199206491,7.0,3.0,ET0,5,0.0,37.07,6.608581357186508,4.71830645976308,4.035948226410657,0.0
1689663600,sandy,2023,-0.3865303446349469,0.0048603199206491,7.0,3.0,ET0,5,29.6,37.07,7.500311698248804,4.71830645976308,4.331776115128133,0.0
1689750000,sandy,2023,-0.9814742309409652,-0.3865303446349469,7.0,3.0,ET0,5,0.0,29.6,7.063404491828016,4.71830645976308,3.762098836778199,0.0
1689836400,sandy,2023,-0.6895672268068843,-0.3865303446349469,7.0,3.0,ET0,5,0.0,29.6,7.949048805371062,4.71830645976308,4.028739232956196,0.0
1689922800,sandy,2023,-0.4554430875382253,-0.3865303446349469,7.0,3.0,ET0,5,0.0,29.6,6.202164075023188,4.71830645976308,4.262863372224855,0.0
1719212400,sandy,2024,-1.5143026099694323,0.0,7.0,3.0,ET0,5,0.0,0.0,1.5856569477409397,4.71830645976308,3.4322490629318083,5.8
1719298800,sandy,2024,-1.5041198898140775,0.0,7.0,3.0,ET0,5,0.0,0.0,1.643019943771474,4.71830645976308,3.254141521774357,12.6
1719385200,sandy,2024,-1.5667586301346903,0.0,7.0,3.0,ET0,5,0.0,0.0,3.7360647761286776,4.71830645976308,3.182630481802092,1.0
1719471600,sandy,2024,-1.4698591790246918,0.0,7.0,3.0,ET0,5,0.0,0.0,3.283058105037508,4.71830645976308,3.2484472807383886,0.0
1719558000,sandy,2024,-1.2121134964799112,0.0,7.0,3.0,ET0,5,18.35,0.0,8.105450401178516,4.71830645976308,3.506192963283169,0.0
1719644400,sandy,2024,-1.4258238833004648,-1.2121134964799112,7.0,3.0,ET0,5,0.0,18.35,6.855392222915658,4.71830645976308,3.3126179770131765,0.0
1719730800,sandy,2024,-1.211455067269777,-1.2121134964799112,7.0,3.0,ET0,5,0.0,18.35,6.275478723242181,4.71830645976308,3.506851392493304,0.0
1719817200,sandy,2024,-0.917913085399196,-1.2121134964799112,7.0,3.0,ET0,5,0.0,18.35,9.008052630760128,4.71830645976308,3.800393374363885,0.0
1719903600,sandy,2024,-0.6988945470666855,-1.2121134964799112,7.0,3.0,ET0,5,0.0,18.35,6.40343719338403,4.71830645976308,4.019411912696395,0.0
1719990000,sandy,2024,-0.4818036677309016,-1.2121134964799112,7.0,3.0,ET0,5,35.37,18.35,6.828302846826217,4.71830645976308,4.236502792032178,0.0
1720076400,sandy,2024,-1.28794779585714,-0.4818036677309016,7.0,3.0,ET0,5,0.0,35.37,3.501203041998366,4.71830645976308,3.5116037044689388,0.0
1720162800,sandy,2024,-1.125447129757836,-0.4818036677309016,7.0,3.0,ET0,5,0.0,35.37,4.110755932356144,4.71830645976308,3.5928593300052443,0.0
1720249200,sandy,2024,-0.8616521841941392,-0.4818036677309016,7.0,3.0,ET0,5,0.0,35.37,7.570021332731803,4.71830645976308,3.856654275568941,0.0
1720335600,sandy,2024,-0.579529816712444,-0.4818036677309016,7.0,3.0,ET0,5,0.0,35.37,8.236770338981968,4.71830645976308,4.138776643050636,0.0
1720422000,sandy,2024,-0.4532838857351385,-0.4818036677309016,7.0,3.0,ET0,5,26.99,35.37,3.5751601774979624,4.71830645976308,4.265022574027942,0.0
1720508400,sandy,2024,-0.992199515809164,-0.4532838857351385,7.0,3.0,ET0,5,0.0,26.99,6.021523561190189,4.71830645976308,3.742959746692043,1.0
1720594800,sandy,2024,-0.7846174070501291,-0.4532838857351385,7.0,3.0,ET0,5,0.0,26.99,6.408995121084742,4.71830645976308,3.933689052712951,0.0
1720681200,sandy,2024,-0.5329662032779511,-0.4532838857351385,7.0,3.0,ET0,5,0.0,26.99,7.100145056634385,4.71830645976308,4.185340256485129,0.0
1720767600,sandy,2024,-0.2538152952267178,-0.4532838857351385,7.0,3.0,ET0,5,0.0,26.99,8.417233027045325,4.71830645976308,4.464491164536362,0.0
1720854000,sandy,2024,-0.0032350777958469,-0.4532838857351385,7.0,3.0,ET0,5,37.43,26.99,9.478835789843243,4.71830645976308,4.715071381967233,0.0
1720940400,sandy,2024,-0.8722788844106995,-0.0032350777958469,7.0,3.0,ET0,5,0.0,37.43,8.65408688020589,4.71830645976308,3.8941349606074,0.0
1721026800,sandy,2024,-0.6059461980218318,-0.0032350777958469,7.0,3.0,ET0,5,0.0,37.43,8.038553013013921,4.71830645976308,4.112360261741248,0.0
1721113200,sandy,2024,-0.3247415723131304,-0.0032350777958469,7.0,3.0,ET0,5,0.0,37.43,8.079175888672749,4.71830645976308,4.3935648874499496,0.0
1721199600,sandy,2024,-0.0216255544040638,-0.0032350777958469,7.0,3.0,ET0,5,0.0,37.43,9.89638188136864,4.71830645976308,4.696680905359016,0.0
1721286000,sandy,2024,0.188976782863163,-0.0032350777958469,7.0,3.0,ET0,5,43.52,37.43,8.856197692783795,4.71830645976308,4.907283242626243,0.0
1721372400,sandy,2024,-0.8861020782054939,0.188976782863163,7.0,3.0,ET0,5,0.0,43.52,8.59349226880255,4.71830645976308,3.920154769885588,0.0
1721458800,sandy,2024,-0.6703023479658775,0.188976782863163,7.0,3.0,ET0,5,0.0,43.52,6.5994601364997925,4.71830645976308,4.048004111797202,0.0
1721545200,sandy,2024,-0.447484481792231,0.188976782863163,7.0,3.0,ET0,5,0.0,43.52,6.35886520949269,4.71830645976308,4.270821977970849,0.0
1626073200,silty,2021,-0.101030788517728,0.0,10.0,3.0,ET0,5,0.0,0.0,8.171899400888595,4.71830645976308,4.710198255019911,0.0
1626159600,silty,2021,-0.1361217543160498,0.0,10.0,3.0,ET0,5,0.0,0.0,7.307248568315713,4.71830645976308,4.589877991180494,49.2
1626246000,silty,2021,-1.0014876752096715,0.0,10.0,3.0,ET0,5,0.0,0.0,3.7200181370317593,4.71830645976308,3.801837872960924,0.0
1626332400,silty,2021,-0.7659089285500023,0.0,10.0,3.0,ET0,5,0.0,0.0,6.588938290136868,4.71830645976308,3.952397531213078,0.0
1626418800,silty,2021,-0.5945882827254089,0.0,10.0,3.0,ET0,5,30.0,0.0,4.2070949143533625,4.71830645976308,4.123718177037671,10.8
1626505200,silty,2021,-1.358276628264638,-0.5945882827254089,10.0,3.0,ET0,5,0.0,30.0,1.7206288405645938,4.71830645976308,3.620709899107633,0.8
1626591600,silty,2021,-1.3963634417213104,-0.5945882827254089,10.0,3.0,ET0,5,0.0,30.0,2.339819333016992,4.71830645976308,3.427527396066852,0.0
1626678000,silty,2021,-1.1197900224698756,-0.5945882827254089,10.0,3.0,ET0,5,0.0,30.0,5.542148180411579,4.71830645976308,3.598516437293205,0.0
1626764400,silty,2021,-0.8410852916433755,-0.5945882827254089,10.0,3.0,ET0,5,0.0,30.0,6.336708517861463,4.71830645976308,3.877221168119705,0.0
1626850800,silty,2021,-0.5138672350588831,-0.5945882827254089,10.0,3.0,ET0,5,23.66,30.0,7.723088615724408,4.71830645976308,4.204439224704197,0.0
1626937200,silty,2021,-0.6873981626237123,-0.5138672350588831,10.0,3.0,ET0,5,0.0,23.66,6.384988487195638,4.71830645976308,4.098545217278225,0.0
1627023600,silty,2021,-0.5956965719675146,-0.5138672350588831,10.0,3.0,ET0,5,0.0,23.66,6.724001721462045,4.71830645976308,4.123522283230477,0.0
1627110000,silty,2021,-0.3599150816500474,-0.5138672350588831,10.0,3.0,ET0,5,0.0,23.66,6.639604206034317,4.71830645976308,4.358391378113033,0.0
1627196400,silty,2021,-0.1441529890620959,-0.5138672350588831,10.0,3.0,ET0,5,0.0,23.66,6.068344799075018,4.71830645976308,4.574153470700984,0.0
1627282800,silty,2021,-0.007365590785791,-0.5138672350588831,10.0,3.0,ET0,5,29.56,23.66,3.7441148307248353,4.71830645976308,4.710940868977289,0.0
1627369200,silty,2021,-0.4032396723376744,-0.007365590785791,10.0,3.0,ET0,5,0.0,29.56,5.25782491390273,4.71830645976308,4.399830396291878,1.0
1627455600,silty,2021,-0.4888168251058443,-0.007365590785791,10.0,3.0,ET0,5,0.0,29.56,4.067188753317478,4.71830645976308,4.242343294319539,0.0
1627542000,silty,2021,-0.2955627890485885,-0.007365590785791,10.0,3.0,ET0,5,0.0,29.56,5.501441403272102,4.71830645976308,4.422743670714492,0.0
1627628400,silty,2021,-0.0226163811004812,-0.007365590785791,10.0,3.0,ET0,5,0.0,29.56,7.363960029273559,4.71830645976308,4.695690078662599,0.0
1627714800,silty,2021,0.2571385550917381,-0.007365590785791,10.0,3.0,ET0,5,30.32,29.56,8.127164249908118,4.71830645976308,4.975445014854818,0.0
1627801200,silty,2021,-0.2101373532510539,0.2571385550917381,10.0,3.0,ET0,5,0.0,30.32,7.011084171391055,4.71830645976308,4.632094086512471,9.0
1627887600,silty,2021,-0.2694478607245475,0.2571385550917381,10.0,3.0,ET0,5,0.0,30.32,7.304828236834061,4.71830645976308,4.458032244407891,0.0
1627974000,silty,2021,-0.0532298473778073,0.2571385550917381,10.0,3.0,ET0,5,0.0,30.32,7.320018177389831,4.71830645976308,4.665076612385273,0.0
1628060400,silty,2021,0.2150217028209129,0.2571385550917381,10.0,3.0,ET0,5,0.0,30.32,8.239496207860649,4.71830645976308,4.933328162583993,0.0
1628146800,silty,2021,0.3475301142625308,0.2571385550917381,10.0,3.0,ET0,5,34.07,30.32,4.198759507591638,4.71830645976308,5.065836574025611,0.0
1628233200,silty,2021,-0.0992896307584865,0.3475301142625308,10.0,3.0,ET0,5,0.0,34.07,8.25634687060054,4.71830645976308,4.70894202073513,0.0
1628319600,silty,2021,-0.1271096783923889,0.3475301142625308,10.0,3.0,ET0,5,0.0,34.07,7.823891414052509,4.71830645976308,4.601572931716232,0.0
1628406000,silty,2021,0.0736690966456509,0.3475301142625308,10.0,3.0,ET0,5,0.0,34.07,6.805842568347599,4.71830645976308,4.791975556408731,0.0
1628492400,silty,2021,0.3318196216419347,0.3475301142625308,10.0,3.0,ET0,5,0.0,34.07,8.235329351972808,4.71830645976308,5.050126081405015,0.0
1656054000,silty,2022,-0.7202232296381661,0.0,10.0,3.0,ET0,5,0.0,0.0,5.717907755951627,4.71830645976308,4.170662110517763,0.0
1656140400,silty,2022,-0.6377147499585037,0.0,10.0,3.0,ET0,5,0.0,0.0,9.203948870710636,4.71830645976308,4.103533522719131,0.0
1656226800,silty,2022,-0.4008980984983258,0.0,10.0,3.0,ET0,5,0.0,0.0,9.569797117975432,4.71830645976308,4.3174083612647545,0.0
1656313200,silty,2022,-0.1897247641399307,0.0,10.0,3.0,ET0,5,0.0,0.0,8.693094774412245,4.71830645976308,4.528581695623149,0.0
1656399600,silty,2022,-0.0156188151292421,0.0,10.0,3.0,ET0,5,40.65,0.0,7.460713537351751,4.71830645976308,4.702687644633838,1.6
1656486000,silty,2022,-0.7420844742305863,-0.0156188151292421,10.0,3.0,ET0,5,0.0,40.65,1.8323231735051733,4.71830645976308,4.1927938891626,0.0
1656572400,silty,2022,-0.8184234059922117,-0.0156188151292421,10.0,3.0,ET0,5,0.0,40.65,6.425725286268609,4.71830645976308,3.982631056843462,0.0
1656658800,silty,2022,-0.579951893484784,-0.0156188151292421,10.0,3.0,ET0,5,0.0,40.65,8.481182130641368,4.71830645976308,4.138354566278296,0.0
1656745200,silty,2022,-0.3216529884673813,-0.0156188151292421,10.0,3.0,ET0,5,0.0,40.65,9.684100900879589,4.71830645976308,4.396653471295699,0.0
1656831600,silty,2022,-0.1104222755315698,-0.0156188151292421,10.0,3.0,ET0,5,34.3,40.65,7.875822878948619,4.71830645976308,4.60788418423151,0.0
1656918000,silty,2022,-0.512249491716539,-0.1104222755315698,10.0,3.0,ET0,5,0.0,34.3,8.846129638751195,4.71830645976308,4.319900925231266,0.0
1657004400,silty,2022,-0.5162676401524818,-0.1104222755315698,10.0,3.0,ET0,5,0.0,34.3,8.353871892123982,4.71830645976308,4.222416339487122,0.0
1657090800,silty,2022,-0.3024122613220404,-0.1104222755315698,10.0,3.0,ET0,5,0.0,34.3,8.10868026961472,4.71830645976308,4.41589419844104,0.0
1657177200,silty,2022,-0.1493986820549302,-0.1104222755315698,10.0,3.0,ET0,5,0.0,34.3,5.27960920736311,4.71830645976308,4.56890777770815,11.6
1657263600,silty,2022,-0.0099634358468291,-0.1104222755315698,10.0,3.0,ET0,5,37.86,34.3,7.275206390354677,4.71830645976308,4.708343023916251,0.0
1657350000,silty,2022,-0.6406353465603036,-0.0099634358468291,10.0,3.0,ET0,5,0.0,37.86,7.121172904786319,4.71830645976308,4.268250709387723,0.0
1657436400,silty,2022,-0.6774734073456566,-0.0099634358468291,10.0,3.0,ET0,5,0.0,37.86,7.612583271961939,4.71830645976308,4.094689839813637,0.0
1657522800,silty,2022,-0.4176576934178536,-0.0099634358468291,10.0,3.0,ET0,5,0.0,37.86,8.472336750464112,4.71830645976308,4.300648766345226,0.0
1657609200,silty,2022,-0.188507637345653,-0.0099634358468291,10.0,3.0,ET0,5,0.0,37.86,7.487993037508327,4.71830645976308,4.529798822417427,0.0
1657695600,silty,2022,-0.0155663115207906,-0.0099634358468291,10.0,3.0,ET0,5,36.13,37.86,5.439558555641069,4.71830645976308,4.70274014824229,0.0
1657782000,silty,2022,-0.4668344056731975,-0.0155663115207906,10.0,3.0,ET0,5,0.0,36.13,8.254676604732598,4.71830645976308,4.384014677852902,0.0
1657868400,silty,2022,-0.4342058177763119,-0.0155663115207906,10.0,3.0,ET0,5,0.0,36.13,9.447916516172471,4.71830645976308,4.307257096933602,0.0
1657954800,silty,2022,-0.1695270045224124,-0.0155663115207906,10.0,3.0,ET0,5,0.0,36.13,8.968687582898376,4.71830645976308,4.548779455240668,0.0
1658041200,silty,2022,0.0646265168383763,-0.0155663115207906,10.0,3.0,ET0,5,0.0,36.13,7.701644419417017,4.71830645976308,4.782932976601456,0.0
1658127600,silty,2022,0.2750854098947501,-0.0155663115207906,10.0,3.0,ET0,5,41.61,36.13,7.236620092977568,4.71830645976308,4.99339186965783,0.0
1658214000,silty,2022,-0.3352975954636324,0.2750854098947501,10.0,3.0,ET0,5,0.0,41.61,7.976539558735554,4.71830645976308,4.547606134386992,0.0
1658300400,silty,2022,-0.3815268355645791,0.2750854098947501,10.0,3.0,ET0,5,0.0,41.61,9.031637030513592,4.71830645976308,4.3813460738605015,0.0
1658386800,silty,2022,-0.1298724241079647,0.2750854098947501,10.0,3.0,ET0,5,0.0,41.61,8.523521442036436,4.71830645976308,4.588434035655116,0.0
1687590000,silty,2023,-0.8911979601235588,0.0,10.0,3.0,ET0,5,0.0,0.0,6.3387606045021405,4.71830645976308,3.992923293753264,0.0
1687676400,silty,2023,-0.8577476938000802,0.0,10.0,3.0,ET0,5,0.0,0.0,7.077332335884068,4.71830645976308,3.8914942792386937,0.0
1687762800,silty,2023,-0.680270362737249,0.0,10.0,3.0,ET0,5,0.0,0.0,6.229180911248416,4.71830645976308,4.038036097025832,0.0
1687849200,silty,2023,-0.4757457144900624,0.0,10.0,3.0,ET0,5,0.0,0.0,7.717627618312005,4.71830645976308,4.242560745273018,0.0
1687935600,silty,2023,-0.2648160971046173,0.0,10.0,3.0,ET0,5,35.55,0.0,8.190146658736474,4.71830645976308,4.453490362658463,0.0
1688022000,silty,2023,-0.8495154283259416,-0.2648160971046173,10.0,3.0,ET0,5,0.0,35.55,2.6534944981591777,4.71830645976308,4.029414837988065,0.0
1688108400,silty,2023,-0.8518302456617592,-0.2648160971046173,10.0,3.0,ET0,5,0.0,35.55,7.811921140444205,4.71830645976308,3.9121556402907696,0.0
1688194800,silty,2023,-0.7556342303696755,-0.2648160971046173,10.0,3.0,ET0,5,0.0,35.55,2.989408376370308,4.71830645976308,3.9626722293934047,0.0
1688281200,silty,2023,-0.6450173167097664,-0.2648160971046173,10.0,3.0,ET0,5,0.0,35.55,3.628606534620321,4.71830645976308,4.073289143053314,0.0
1688367600,silty,2023,-0.4677540047482878,-0.2648160971046173,10.0,3.0,ET0,5,22.99,35.55,5.9091258835011,4.71830645976308,4.250552455014793,0.0
1688454000,silty,2023,-0.679015146079692,-0.4677540047482878,10.0,3.0,ET0,5,0.0,22.99,6.621532339824514,4.71830645976308,4.108726642671924,0.0
1688540400,silty,2023,-0.6393425025299114,-0.4677540047482878,10.0,3.0,ET0,5,0.0,22.99,6.395412175418061,4.71830645976308,4.080657980899292,0.0
1688626800,silty,2023,-0.4219794286895776,-0.4677540047482878,10.0,3.0,ET0,5,0.0,22.99,7.492344925936937,4.71830645976308,4.296327031073503,5.0
1688713200,silty,2023,-0.3559967935620556,-0.4677540047482878,10.0,3.0,ET0,5,0.0,22.99,3.3788724562330463,4.71830645976308,4.362309666201025,0.0
1688799600,silty,2023,-0.1799284602980299,-0.4677540047482878,10.0,3.0,ET0,5,30.41,22.99,6.518921569415171,4.71830645976308,4.53837799946505,0.0
1688886000,silty,2023,-0.5544650125481401,-0.1799284602980299,10.0,3.0,ET0,5,0.0,30.41,7.0675670514600375,4.71830645976308,4.263933397810108,0.0
1688972400,silty,2023,-0.5546314285621228,-0.1799284602980299,10.0,3.0,ET0,5,0.0,30.41,6.961944041187434,4.71830645976308,4.175761037997323,0.0
1689058800,silty,2023,-0.3286646672333881,-0.1799284602980299,10.0,3.0,ET0,5,0.0,30.41,7.523781176422247,4.71830645976308,4.389641792529692,0.0
1689145200,silty,2023,-0.0911445756486614,-0.1799284602980299,10.0,3.0,ET0,5,0.0,30.41,7.806608352298979,4.71830645976308,4.627161884114419,0.0
1689231600,silty,2023,0.1325192093454489,-0.1799284602980299,10.0,3.0,ET0,5,37.07,30.41,7.714035948667738,4.71830645976308,4.850825669108529,22.8
1689318000,silty,2023,-0.9309197578797942,0.1325192093454489,10.0,3.0,ET0,5,0.0,37.07,2.9961159428327533,4.71830645976308,4.036870346212714,0.0
1689404400,silty,2023,-1.0113716002514082,0.1325192093454489,10.0,3.0,ET0,5,0.0,37.07,5.390782029334142,4.71830645976308,3.7987533035064094,0.0
1689490800,silty,2023,-0.7482832456332856,0.1325192093454489,10.0,3.0,ET0,5,0.0,37.07,7.109056997180415,4.71830645976308,3.970023214129794,0.0
1689577200,silty,2023,-0.5061001405686038,0.1325192093454489,10.0,3.0,ET0,5,0.0,37.07,6.608581357186508,4.71830645976308,4.212206319194476,0.0
1689663600,silty,2023,-0.2308764571092983,0.1325192093454489,10.0,3.0,ET0,5,29.6,37.07,7.500311698248804,4.71830645976308,4.487430002653782,0.0
1689750000,silty,2023,-0.5519899480517684,-0.2308764571092983,10.0,3.0,ET0,5,0.0,29.6,7.063404491828016,4.71830645976308,4.259907567025026,0.0
1689836400,silty,2023,-0.4886009340438828,-0.2308764571092983,10.0,3.0,ET0,5,0.0,29.6,7.949048805371062,4.71830645976308,4.238150648339464,0.0
1689922800,silty,2023,-0.2879457043445101,-0.2308764571092983,10.0,3.0,ET0,5,0.0,29.6,6.202164075023188,4.71830645976308,4.43036075541857,0.0
1719212400,silty,2024,-1.3332681901541792,0.0,10.0,3.0,ET0,5,0.0,0.0,1.5856569477409397,4.71830645976308,3.702953797818156,5.8
1719298800,silty,2024,-1.4645292539324903,0.0,10.0,3.0,ET0,5,0.0,0.0,1.643019943771474,4.71830645976308,3.425573296224045,12.6
1719385200,silty,2024,-1.5454588723662908,0.0,10.0,3.0,ET0,5,0.0,0.0,3.7360647761286776,4.71830645976308,3.2854653734291754,1.0
1719471600,silty,2024,-1.4411367160200297,0.0,10.0,3.0,ET0,5,0.0,0.0,3.283058105037508,4.71830645976308,3.2803241601485724,0.0
1719558000,silty,2024,-1.1793899733260378,0.0,10.0,3.0,ET0,5,18.35,0.0,8.105450401178516,4.71830645976308,3.5389164864370426,0.0
1719644400,silty,2024,-1.3030452339392926,-1.1793899733260378,10.0,3.0,ET0,5,0.0,18.35,6.855392222915658,4.71830645976308,3.504057953114704,0.0
1719730800,silty,2024,-1.188765214686732,-1.1793899733260378,10.0,3.0,ET0,5,0.0,18.35,6.275478723242181,4.71830645976308,3.5320369614976386,0.0
1719817200,silty,2024,-0.9119467503692924,-1.1793899733260378,10.0,3.0,ET0,5,0.0,18.35,9.008052630760128,4.71830645976308,3.806359709393788,0.0
1719903600,silty,2024,-0.7131946564808966,-1.1793899733260378,10.0,3.0,ET0,5,0.0,18.35,6.40343719338403,4.71830645976308,4.005111803282183,0.0
1719990000,silty,2024,-0.5055557576787725,-1.1793899733260378,10.0,3.0,ET0,5,35.37,18.35,6.828302846826217,4.71830645976308,4.212750702084308,0.0
1720076400,silty,2024,-1.0428040415233293,-0.5055557576787725,10.0,3.0,ET0,5,0.0,35.37,3.501203041998366,4.71830645976308,3.8362793834425792,0.0
1720162800,silty,2024,-1.1028506949938126,-0.5055557576787725,10.0,3.0,ET0,5,0.0,35.37,4.110755932356144,4.71830645976308,3.6790039817686777,0.0
1720249200,silty,2024,-0.8471406541270504,-0.5055557576787725,10.0,3.0,ET0,5,0.0,35.37,7.570021332731803,4.71830645976308,3.87116580563603,0.0
1720335600,silty,2024,-0.5870270606161718,-0.5055557576787725,10.0,3.0,ET0,5,0.0,35.37,8.236770338981968,4.71830645976308,4.131279399146909,0.0
1720422000,silty,2024,-0.4666091244892544,-0.5055557576787725,10.0,3.0,ET0,5,26.99,35.37,3.5751601774979624,4.71830645976308,4.251697335273826,0.0
1720508400,silty,2024,-0.7612380523358067,-0.4666091244892544,10.0,3.0,ET0,5,0.0,26.99,6.021523561190189,4.71830645976308,4.045782971209633,1.0
1720594800,silty,2024,-0.7362339462625963,-0.4666091244892544,10.0,3.0,ET0,5,0.0,26.99,6.408995121084742,4.71830645976308,3.990677693319769,0.0
1720681200,silty,2024,-0.5042969180964509,-0.4666091244892544,10.0,3.0,ET0,5,0.0,26.99,7.100145056634385,4.71830645976308,4.21400954166663,0.0
1720767600,silty,2024,-0.2299841000318632,-0.4666091244892544,10.0,3.0,ET0,5,0.0,26.99,8.417233027045325,4.71830645976308,4.488322359731217,0.0
1720854000,silty,2024,0.071021974353966,-0.4666091244892544,10.0,3.0,ET0,5,37.43,26.99,9.478835789843243,4.71830645976308,4.789328434117047,0.0
1720940400,silty,2024,-0.4156141983564802,0.071021974353966,10.0,3.0,ET0,5,0.0,37.43,8.65408688020589,4.71830645976308,4.424643629291774,0.0
1721026800,silty,2024,-0.4456089123804412,0.071021974353966,10.0,3.0,ET0,5,0.0,37.43,8.038553013013921,4.71830645976308,4.298456926057911,0.0
1721113200,silty,2024,-0.2047220505984337,0.071021974353966,10.0,3.0,ET0,5,0.0,37.43,8.079175888672749,4.71830645976308,4.513584409164647,0.0
1721199600,silty,2024,0.1035617316839858,0.071021974353966,10.0,3.0,ET0,5,0.0,37.43,9.89638188136864,4.71830645976308,4.8218681914470665,0.0
1721286000,silty,2024,0.3472972455523299,0.071021974353966,10.0,3.0,ET0,5,43.52,37.43,8.856197692783795,4.71830645976308,5.06560370531541,0.0
1721372400,silty,2024,-0.3062519462079601,0.3472972455523299,10.0,3.0,ET0,5,0.0,43.52,8.59349226880255,4.71830645976308,4.589137406312994,0.0
1721458800,silty,2024,-0.4524358232985047,0.3472972455523299,10.0,3.0,ET0,5,0.0,43.52,6.5994601364997925,4.71830645976308,4.3293068786011935,0.0
1721545200,silty,2024,-0.2583739248225062,0.3472972455523299,10.0,3.0,ET0,5,0.0,43.52,6.35886520949269,4.71830645976308,4.459932534940574,0.0
