Unnamed: 0,timestamp,soil_texture,scenario,r,rOld,kp,ki,irrigation_strategy,irrigation_frequency,delta,deltaOld,et0,opt_avg,obs_avg,daily_pluv,last_r,last_irrigation,datetime
120.0,1625986800.0,silty,2021,0.2600629739971998,0.0,10.0,3.0,ET0,2,7.91,0.0,7.909412676835701,4.71830645976308,4.97836943376028,0.0,,,2021-07-11 07:00:00
121.0,1626073200.0,silty,2021,0.2856971939961295,0.2600629739971998,10.0,3.0,ET0,2,0.0,7.91,8.171899400888595,4.71830645976308,5.004003653759209,0.0,,,2021-07-12 07:00:00
122.0,1626159600.0,silty,2021,0.4417319511227248,0.2600629739971998,10.0,3.0,ET0,2,15.48,7.91,7.307248568315713,4.71830645976308,5.160038410885805,49.2,,,2021-07-13 07:00:00
123.0,1626246000.0,silty,2021,-0.8026669487743242,0.4417319511227248,10.0,3.0,ET0,2,0.0,15.48,3.7200181370317593,4.71830645976308,4.070922966772382,0.0,,,2021-07-14 07:00:00
124.0,1626332400.0,silty,2021,-0.6825461436421562,0.4417319511227248,10.0,3.0,ET0,2,10.31,15.48,6.588938290136868,4.71830645976308,4.035760316120924,0.0,,,2021-07-15 07:00:00
125.0,1626418800.0,silty,2021,-0.7822692422360115,-0.6825461436421562,10.0,3.0,ET0,2,0.0,10.31,4.2070949143533625,4.71830645976308,3.991793977135217,10.8,,,2021-07-16 07:00:00
126.0,1626505200.0,silty,2021,-0.9476895857920266,-0.6825461436421562,10.0,3.0,ET0,2,5.93,10.31,1.7206288405645938,4.71830645976308,3.777182984958357,0.8,,,2021-07-17 07:00:00
127.0,1626591600.0,silty,2021,-1.0039821050305524,-0.9476895857920266,10.0,3.0,ET0,2,0.0,5.93,2.339819333016992,4.71830645976308,3.7297913211057874,0.0,,,2021-07-18 07:00:00
128.0,1626678000.0,silty,2021,-0.7624620419846344,-0.9476895857920266,10.0,3.0,ET0,2,7.88,5.93,5.542148180411579,4.71830645976308,3.955844417778446,0.0,,,2021-07-19 07:00:00
129.0,1626764400.0,silty,2021,-0.6715531828823393,-0.7624620419846344,10.0,3.0,ET0,2,0.0,7.88,6.336708517861463,4.71830645976308,4.051456723606321,0.0,,,2021-07-20 07:00:00
130.0,1626850800.0,silty,2021,-0.3651105564837511,-0.7624620419846344,10.0,3.0,ET0,2,14.06,7.88,7.723088615724408,4.71830645976308,4.353195903279329,0.0,,,2021-07-21 07:00:00
131.0,1626937200.0,silty,2021,-0.413539446191324,-0.3651105564837511,10.0,3.0,ET0,2,0.0,14.06,6.384988487195638,4.71830645976308,4.341363724676863,0.0,,,2021-07-22 07:00:00
132.0,1627023600.0,silty,2021,-0.2286037175924666,-0.3651105564837511,10.0,3.0,ET0,2,13.11,14.06,6.724001721462045,4.71830645976308,4.489702742170613,0.0,,,2021-07-23 07:00:00
133.0,1627110000.0,silty,2021,-0.2928982306071302,-0.2286037175924666,10.0,3.0,ET0,2,0.0,13.11,6.639604206034317,4.71830645976308,4.462761009103392,0.0,,,2021-07-24 07:00:00
134.0,1627196400.0,silty,2021,-0.1431169869221456,-0.2286037175924666,10.0,3.0,ET0,2,12.71,13.11,6.068344799075018,4.71830645976308,4.575189472840934,0.0,,,2021-07-25 07:00:00
135.0,1627282800.0,silty,2021,-0.2992148711760182,-0.1431169869221456,10.0,3.0,ET0,2,0.0,12.71,3.7441148307248353,4.71830645976308,4.4585914325077685,0.0,,,2021-07-26 07:00:00
136.0,1627369200.0,silty,2021,-0.1659919756076898,-0.1431169869221456,10.0,3.0,ET0,2,9.0,12.71,5.25782491390273,4.71830645976308,4.55231448415539,1.0,,,2021-07-27 07:00:00
137.0,1627455600.0,silty,2021,-0.2493999138808233,-0.1659919756076898,10.0,3.0,ET0,2,0.0,9.0,4.067188753317478,4.71830645976308,4.482591230804952,0.0,,,2021-07-28 07:00:00
138.0,1627542000.0,silty,2021,-0.0738850784718697,-0.1659919756076898,10.0,3.0,ET0,2,9.57,9.0,5.501441403272102,4.71830645976308,4.6444213812912105,0.0,,,2021-07-29 07:00:00
139.0,1627628400.0,silty,2021,-0.0462658910407626,-0.0738850784718697,10.0,3.0,ET0,2,0.0,9.57,7.363960029273559,4.71830645976308,4.681297654925033,0.0,,,2021-07-30 07:00:00
140.0,1627714800.0,silty,2021,0.1950039115456381,-0.0738850784718697,10.0,3.0,ET0,2,15.49,9.57,8.127164249908118,4.71830645976308,4.913310371308718,0.0,,,2021-07-31 07:00:00
141.0,1627801200.0,silty,2021,0.0245619552914815,0.1950039115456381,10.0,3.0,ET0,2,0.0,15.49,7.011084171391055,4.71830645976308,4.803081297092812,9.0,,,2021-08-01 07:00:00
142.0,1627887600.0,silty,2021,0.0744416247829573,0.1950039115456381,10.0,3.0,ET0,2,14.32,15.49,7.304828236834061,4.71830645976308,4.792748084546037,0.0,,,2021-08-02 07:00:00
143.0,1627974000.0,silty,2021,-0.0433032947267156,0.0744416247829573,10.0,3.0,ET0,2,0.0,14.32,7.320018177389831,4.71830645976308,4.71612133623747,0.0,,,2021-08-03 07:00:00
144.0,1628060400.0,silty,2021,0.1216796164868149,0.0744416247829573,10.0,3.0,ET0,2,15.56,14.32,8.239496207860649,4.71830645976308,4.839986076249895,0.0,,,2021-08-04 07:00:00
145.0,1628146800.0,silty,2021,-0.0839590704097967,0.1216796164868149,10.0,3.0,ET0,2,0.0,15.56,4.198759507591638,4.71830645976308,4.679422028168787,0.0,,,2021-08-05 07:00:00
146.0,1628233200.0,silty,2021,0.0847050359969317,0.1216796164868149,10.0,3.0,ET0,2,12.46,15.56,8.25634687060054,4.71830645976308,4.803011495760012,0.0,,,2021-08-06 07:00:00
147.0,1628319600.0,silty,2021,0.0280656121137861,0.0847050359969317,10.0,3.0,ET0,2,0.0,12.46,7.823891414052509,4.71830645976308,4.775872304829488,0.0,,,2021-08-07 07:00:00
148.0,1628406000.0,silty,2021,0.1826548289337647,0.0847050359969317,10.0,3.0,ET0,2,14.63,12.46,6.805842568347599,4.71830645976308,4.900961288696845,0.0,,,2021-08-08 07:00:00
149.0,1628492400.0,silty,2021,0.1004023608645427,0.1826548289337647,10.0,3.0,ET0,2,0.0,14.63,8.235329351972808,4.71830645976308,4.850735775519242,0.0,,,2021-08-09 07:00:00
150.0,1625986800.0,silty,2021,0.2600629739971998,0.0,10.0,3.0,ET0,1,7.91,0.0,7.909412676835701,4.71830645976308,4.97836943376028,0.0,,,2021-07-11 07:00:00
151.0,1626073200.0,silty,2021,0.2856971939961295,0.2600629739971998,10.0,3.0,ET0,1,8.17,7.91,8.171899400888595,4.71830645976308,5.004003653759209,0.0,,,2021-07-12 07:00:00
152.0,1626159600.0,silty,2021,0.2421016581405418,0.2856971939961295,10.0,3.0,ET0,1,7.31,8.17,7.307248568315713,4.71830645976308,4.962442885743565,49.2,,,2021-07-13 07:00:00
153.0,1626246000.0,silty,2021,-0.8706895032584264,0.2421016581405418,10.0,3.0,ET0,1,3.72,7.31,3.7200181370317593,4.71830645976308,3.957224587252336,0.0,,,2021-07-14 07:00:00
154.0,1626332400.0,silty,2021,-0.7554825095165254,-0.8706895032584264,10.0,3.0,ET0,1,6.59,3.72,6.588938290136868,4.71830645976308,3.966388816386446,0.0,,,2021-07-15 07:00:00
155.0,1626418800.0,silty,2021,-0.7592481701870201,-0.7554825095165254,10.0,3.0,ET0,1,4.21,6.59,4.2070949143533625,4.71830645976308,3.9717957730213582,10.8,,,2021-07-16 07:00:00
156.0,1626505200.0,silty,2021,-1.0218444961237223,-0.7592481701870201,10.0,3.0,ET0,1,1.72,4.21,1.7206288405645938,4.71830645976308,3.722747699399193,0.8,,,2021-07-17 07:00:00
157.0,1626591600.0,silty,2021,-0.9710772277287422,-1.0218444961237223,10.0,3.0,ET0,1,2.34,1.72,2.339819333016992,4.71830645976308,3.7472292320343374,0.0,,,2021-07-18 07:00:00
158.0,1626678000.0,silty,2021,-0.78123794849305,-0.9710772277287422,10.0,3.0,ET0,1,5.54,2.34,5.542148180411579,4.71830645976308,3.9370685112700303,0.0,,,2021-07-19 07:00:00
159.0,1626764400.0,silty,2021,-0.6412904038263533,-0.78123794849305,10.0,3.0,ET0,1,6.34,5.54,6.336708517861463,4.71830645976308,4.077016055936727,0.0,,,2021-07-20 07:00:00
160.0,1626850800.0,silty,2021,-0.4838870574488235,-0.6412904038263533,10.0,3.0,ET0,1,7.72,6.34,7.723088615724408,4.71830645976308,4.2344194023142565,0.0,,,2021-07-21 07:00:00
161.0,1626937200.0,silty,2021,-0.4315431055772536,-0.4838870574488235,10.0,3.0,ET0,1,6.38,7.72,6.384988487195638,4.71830645976308,4.291352690936844,0.0,,,2021-07-22 07:00:00
162.0,1627023600.0,silty,2021,-0.3509786999736757,-0.4315431055772536,10.0,3.0,ET0,1,6.72,6.38,6.724001721462045,4.71830645976308,4.368030639076114,0.0,,,2021-07-23 07:00:00
163.0,1627110000.0,silty,2021,-0.2928288384075478,-0.3509786999736757,10.0,3.0,ET0,1,6.64,6.72,6.639604206034317,4.71830645976308,4.426511233840518,0.0,,,2021-07-24 07:00:00
164.0,1627196400.0,silty,2021,-0.2613145359354378,-0.2928288384075478,10.0,3.0,ET0,1,6.07,6.64,6.068344799075018,4.71830645976308,4.45811826926603,0.0,,,2021-07-25 07:00:00
165.0,1627282800.0,silty,2021,-0.288804236307016,-0.2613145359354378,10.0,3.0,ET0,1,3.74,6.07,3.7441148307248353,4.71830645976308,4.430150725014177,0.0,,,2021-07-26 07:00:00
166.0,1627369200.0,silty,2021,-0.2055991127909901,-0.288804236307016,10.0,3.0,ET0,1,5.26,3.74,5.25782491390273,4.71830645976308,4.51270734697209,1.0,,,2021-07-27 07:00:00
167.0,1627455600.0,silty,2021,-0.2026909353883865,-0.2055991127909901,10.0,3.0,ET0,1,4.07,5.26,4.067188753317478,4.71830645976308,4.515615524374693,0.0,,,2021-07-28 07:00:00
168.0,1627542000.0,silty,2021,-0.1174668812759039,-0.2026909353883865,10.0,3.0,ET0,1,5.5,4.07,5.501441403272102,4.71830645976308,4.600839578487176,0.0,,,2021-07-29 07:00:00
169.0,1627628400.0,silty,2021,-0.0023408121272553,-0.1174668812759039,10.0,3.0,ET0,1,7.36,5.5,7.363960029273559,4.71830645976308,4.715965647635825,0.0,,,2021-07-30 07:00:00
170.0,1627714800.0,silty,2021,0.0698489880023603,-0.0023408121272553,10.0,3.0,ET0,1,8.13,7.36,8.127164249908118,4.71830645976308,4.788240641113614,0.0,,,2021-07-31 07:00:00
171.0,1627801200.0,silty,2021,0.0291040590313091,0.0698489880023603,10.0,3.0,ET0,1,7.01,8.13,7.011084171391055,4.71830645976308,4.767674062053429,9.0,,,2021-08-01 07:00:00
172.0,1627887600.0,silty,2021,-0.0370638955986864,0.0291040590313091,10.0,3.0,ET0,1,7.3,7.01,7.304828236834061,4.71830645976308,4.684897736238452,0.0,,,2021-08-02 07:00:00
173.0,1627974000.0,silty,2021,-0.0301850438805632,-0.0370638955986864,10.0,3.0,ET0,1,7.32,7.3,7.320018177389831,4.71830645976308,4.690699689621609,0.0,,,2021-08-03 07:00:00
174.0,1628060400.0,silty,2021,0.0150739966806596,-0.0301850438805632,10.0,3.0,ET0,1,8.24,7.32,8.239496207860649,4.71830645976308,4.735050653434443,0.0,,,2021-08-04 07:00:00
175.0,1628146800.0,silty,2021,-0.0738230004177191,0.0150739966806596,10.0,3.0,ET0,1,4.2,8.24,4.198759507591638,4.71830645976308,4.653383453887364,0.0,,,2021-08-05 07:00:00
176.0,1628233200.0,silty,2021,0.0646235235908021,-0.0738230004177191,10.0,3.0,ET0,1,8.26,4.2,8.25634687060054,4.71830645976308,4.782929983353882,0.0,,,2021-08-06 07:00:00
177.0,1628319600.0,silty,2021,0.0873350446538896,0.0646235235908021,10.0,3.0,ET0,1,7.82,8.26,7.823891414052509,4.71830645976308,4.808033191895975,0.0,,,2021-08-07 07:00:00
178.0,1628406000.0,silty,2021,0.075531158491666,0.0873350446538896,10.0,3.0,ET0,1,6.81,7.82,6.805842568347599,4.71830645976308,4.796404099480262,0.0,,,2021-08-08 07:00:00
179.0,1628492400.0,silty,2021,0.127436612013915,0.075531158491666,10.0,3.0,ET0,1,8.24,6.81,8.235329351972808,4.71830645976308,4.84576697162996,0.0,,,2021-08-09 07:00:00
180.0,1625986800.0,silty,2021,0.2600629739971998,0.0,10.0,3.0,ET0,3,7.91,0.0,7.909412676835701,4.71830645976308,4.97836943376028,0.0,,,2021-07-11 07:00:00
181.0,1626073200.0,silty,2021,0.2856971939961295,0.2600629739971998,10.0,3.0,ET0,3,0.0,7.91,8.171899400888595,4.71830645976308,5.004003653759209,0.0,,,2021-07-12 07:00:00
182.0,1626159600.0,silty,2021,0.4417319511227248,0.2600629739971998,10.0,3.0,ET0,3,0.0,7.91,7.307248568315713,4.71830645976308,5.160038410885805,49.2,,,2021-07-13 07:00:00
183.0,1626246000.0,silty,2021,-0.3803837064633253,0.2600629739971998,10.0,3.0,ET0,3,19.2,7.91,3.7200181370317593,4.71830645976308,4.343694684479845,0.0,,,2021-07-14 07:00:00
184.0,1626332400.0,silty,2021,-0.663643454576256,-0.3803837064633253,10.0,3.0,ET0,3,0.0,19.2,6.588938290136868,4.71830645976308,4.157957420112163,0.0,,,2021-07-15 07:00:00
185.0,1626418800.0,silty,2021,-0.6633665739458503,-0.3803837064633253,10.0,3.0,ET0,3,0.0,19.2,4.2070949143533625,4.71830645976308,4.060072941476826,10.8,,,2021-07-16 07:00:00
186.0,1626505200.0,silty,2021,-0.8151807937575033,-0.3803837064633253,10.0,3.0,ET0,3,12.52,19.2,1.7206288405645938,4.71830645976308,3.903228902346451,0.8,,,2021-07-17 07:00:00
187.0,1626591600.0,silty,2021,-1.0313262642305476,-0.8151807937575033,10.0,3.0,ET0,3,0.0,12.52,2.339819333016992,4.71830645976308,3.775152304352211,0.0,,,2021-07-18 07:00:00
188.0,1626678000.0,silty,2021,-0.8222685449366651,-0.8151807937575033,10.0,3.0,ET0,3,0.0,12.52,5.542148180411579,4.71830645976308,3.8960379148264153,0.0,,,2021-07-19 07:00:00
189.0,1626764400.0,silty,2021,-0.5463322446999818,-0.8151807937575033,10.0,3.0,ET0,3,14.22,12.52,6.336708517861463,4.71830645976308,4.1719742150630985,0.0,,,2021-07-20 07:00:00
190.0,1626850800.0,silty,2021,-0.5188480074795758,-0.5463322446999818,10.0,3.0,ET0,3,0.0,14.22,7.723088615724408,4.71830645976308,4.237662658846581,0.0,,,2021-07-21 07:00:00
191.0,1626937200.0,silty,2021,-0.333765321040717,-0.5463322446999818,10.0,3.0,ET0,3,0.0,14.22,6.384988487195638,4.71830645976308,4.384541138722363,0.0,,,2021-07-22 07:00:00
192.0,1627023600.0,silty,2021,-0.0830703446622152,-0.5463322446999818,10.0,3.0,ET0,3,20.83,14.22,6.724001721462045,4.71830645976308,4.635236115100865,0.0,,,2021-07-23 07:00:00
193.0,1627110000.0,silty,2021,-0.252339754814215,-0.0830703446622152,10.0,3.0,ET0,3,0.0,20.83,6.639604206034317,4.71830645976308,4.5172801611430495,0.0,,,2021-07-24 07:00:00
194.0,1627196400.0,silty,2021,-0.2012392471951573,-0.0830703446622152,10.0,3.0,ET0,3,0.0,20.83,6.068344799075018,4.71830645976308,4.517067212567923,0.0,,,2021-07-25 07:00:00
195.0,1627282800.0,silty,2021,-0.0761799002285354,-0.0830703446622152,10.0,3.0,ET0,3,16.45,20.83,3.7441148307248353,4.71830645976308,4.642126559534545,0.0,,,2021-07-26 07:00:00
196.0,1627369200.0,silty,2021,-0.2270279847913048,-0.0761799002285354,10.0,3.0,ET0,3,0.0,16.45,5.25782491390273,4.71830645976308,4.537569126084297,1.0,,,2021-07-27 07:00:00
197.0,1627455600.0,silty,2021,-0.1929444556796694,-0.0761799002285354,10.0,3.0,ET0,3,0.0,16.45,4.067188753317478,4.71830645976308,4.52536200408341,0.0,,,2021-07-28 07:00:00
198.0,1627542000.0,silty,2021,-0.0037627550300105,-0.0761799002285354,10.0,3.0,ET0,3,14.83,16.45,5.501441403272102,4.71830645976308,4.71454370473307,0.0,,,2021-07-29 07:00:00
199.0,1627628400.0,silty,2021,-0.0618130509949488,-0.0037627550300105,10.0,3.0,ET0,3,0.0,14.83,7.363960029273559,4.71830645976308,4.690146037247787,0.0,,,2021-07-30 07:00:00
200.0,1627714800.0,silty,2021,0.1189659697814121,-0.0037627550300105,10.0,3.0,ET0,3,0.0,14.83,8.127164249908118,4.71830645976308,4.837272429544492,0.0,,,2021-07-31 07:00:00
201.0,1627801200.0,silty,2021,0.3246143836147537,-0.0037627550300105,10.0,3.0,ET0,3,22.5,14.83,7.011084171391055,4.71830645976308,5.042920843377834,9.0,,,2021-08-01 07:00:00
202.0,1627887600.0,silty,2021,-0.0186775264512027,0.3246143836147537,10.0,3.0,ET0,3,0.0,22.5,7.304828236834061,4.71830645976308,4.759371936795546,0.0,,,2021-08-02 07:00:00
203.0,1627974000.0,silty,2021,0.0026044702190307,0.3246143836147537,10.0,3.0,ET0,3,0.0,22.5,7.320018177389831,4.71830645976308,4.720910929982111,0.0,,,2021-08-03 07:00:00
204.0,1628060400.0,silty,2021,0.2347877042231887,0.3246143836147537,10.0,3.0,ET0,3,22.86,22.5,8.239496207860649,4.71830645976308,4.953094163986269,0.0,,,2021-08-04 07:00:00
205.0,1628146800.0,silty,2021,-0.0821495527747612,0.2347877042231887,10.0,3.0,ET0,3,0.0,22.86,4.198759507591638,4.71830645976308,4.698288296283128,0.0,,,2021-08-05 07:00:00
206.0,1628233200.0,silty,2021,-0.0010052395799638,0.2347877042231887,10.0,3.0,ET0,3,0.0,22.86,8.25634687060054,4.71830645976308,4.717301220183116,0.0,,,2021-08-06 07:00:00
207.0,1628319600.0,silty,2021,0.227006988809129,0.2347877042231887,10.0,3.0,ET0,3,20.28,22.86,7.823891414052509,4.71830645976308,4.945313448572209,0.0,,,2021-08-07 07:00:00
208.0,1628406000.0,silty,2021,0.0289378016212977,0.227006988809129,10.0,3.0,ET0,3,0.0,20.28,6.805842568347599,4.71830645976308,4.795153374145921,0.0,,,2021-08-08 07:00:00
209.0,1628492400.0,silty,2021,0.121670333134306,0.227006988809129,10.0,3.0,ET0,3,0.0,20.28,8.235329351972808,4.71830645976308,4.839976792897386,0.0,,,2021-08-09 07:00:00
210.0,1625986800.0,silty,2021,0.2600629739971998,0.0,10.0,3.0,ET0,7,7.91,0.0,7.909412676835701,4.71830645976308,4.97836943376028,0.0,,,2021-07-11 07:00:00
211.0,1626073200.0,silty,2021,0.2856971939961295,0.2600629739971998,10.0,3.0,ET0,7,0.0,7.91,8.171899400888595,4.71830645976308,5.004003653759209,0.0,,,2021-07-12 07:00:00
212.0,1626159600.0,silty,2021,0.4417319511227248,0.2600629739971998,10.0,3.0,ET0,7,0.0,7.91,7.307248568315713,4.71830645976308,5.160038410885805,49.2,,,2021-07-13 07:00:00
213.0,1626246000.0,silty,2021,-0.3803837064633253,0.2600629739971998,10.0,3.0,ET0,7,0.0,7.91,3.7200181370317593,4.71830645976308,4.343694684479845,0.0,,,2021-07-14 07:00:00
214.0,1626332400.0,silty,2021,-0.2535775666623319,0.2600629739971998,10.0,3.0,ET0,7,0.0,7.91,6.588938290136868,4.71830645976308,4.464728893100748,0.0,,,2021-07-15 07:00:00
215.0,1626418800.0,silty,2021,-0.1325083765738292,0.2600629739971998,10.0,3.0,ET0,7,0.0,7.91,4.2070949143533625,4.71830645976308,4.585798083189251,10.8,,,2021-07-16 07:00:00
216.0,1626505200.0,silty,2021,-0.2627977044355803,0.2600629739971998,10.0,3.0,ET0,7,0.0,7.91,1.7206288405645938,4.71830645976308,4.4555087553275,0.8,,,2021-07-17 07:00:00
217.0,1626591600.0,silty,2021,-0.2371409552782192,0.2600629739971998,10.0,3.0,ET0,7,34.06,7.91,2.339819333016992,4.71830645976308,4.481165504484861,0.0,,,2021-07-18 07:00:00
218.0,1626678000.0,silty,2021,-0.7371642594475017,-0.2371409552782192,10.0,3.0,ET0,7,0.0,34.06,5.542148180411579,4.71830645976308,4.143850689180248,0.0,,,2021-07-19 07:00:00
219.0,1626764400.0,silty,2021,-0.7573990145219927,-0.2371409552782192,10.0,3.0,ET0,7,0.0,34.06,6.336708517861463,4.71830645976308,3.998682327762791,0.0,,,2021-07-20 07:00:00
220.0,1626850800.0,silty,2021,-0.4593801227028703,-0.2371409552782192,10.0,3.0,ET0,7,0.0,34.06,7.723088615724408,4.71830645976308,4.25892633706021,0.0,,,2021-07-21 07:00:00
221.0,1626937200.0,silty,2021,-0.1996635336495136,-0.2371409552782192,10.0,3.0,ET0,7,0.0,34.06,6.384988487195638,4.71830645976308,4.518642926113567,0.0,,,2021-07-22 07:00:00
222.0,1627023600.0,silty,2021,0.0669939305048896,-0.2371409552782192,10.0,3.0,ET0,7,0.0,34.06,6.724001721462045,4.71830645976308,4.78530039026797,0.0,,,2021-07-23 07:00:00
223.0,1627110000.0,silty,2021,0.2911669458335072,-0.2371409552782192,10.0,3.0,ET0,7,0.0,34.06,6.639604206034317,4.71830645976308,5.009473405596587,0.0,,,2021-07-24 07:00:00
224.0,1627196400.0,silty,2021,0.4563741822310391,-0.2371409552782192,10.0,3.0,ET0,7,45.42,34.06,6.068344799075018,4.71830645976308,5.17468064199412,0.0,,,2021-07-25 07:00:00
225.0,1627282800.0,silty,2021,-0.3185054421336915,0.4563741822310391,10.0,3.0,ET0,7,0.0,45.42,3.7441148307248353,4.71830645976308,4.595993760570008,0.0,,,2021-07-26 07:00:00
226.0,1627369200.0,silty,2021,-0.5277530643232368,0.4563741822310391,10.0,3.0,ET0,7,0.0,45.42,5.25782491390273,4.71830645976308,4.274982891480957,1.0,,,2021-07-27 07:00:00
227.0,1627455600.0,silty,2021,-0.4047078394466828,0.4563741822310391,10.0,3.0,ET0,7,0.0,45.42,4.067188753317478,4.71830645976308,4.313598620316397,0.0,,,2021-07-28 07:00:00
228.0,1627542000.0,silty,2021,-0.2006467204959396,0.4563741822310391,10.0,3.0,ET0,7,0.0,45.42,5.501441403272102,4.71830645976308,4.517659739267141,0.0,,,2021-07-29 07:00:00
229.0,1627628400.0,silty,2021,0.0802455392697043,0.4563741822310391,10.0,3.0,ET0,7,0.0,45.42,7.363960029273559,4.71830645976308,4.798551999032784,0.0,,,2021-07-30 07:00:00
230.0,1627714800.0,silty,2021,0.3522083166451001,0.4563741822310391,10.0,3.0,ET0,7,0.0,45.42,8.127164249908118,4.71830645976308,5.070514776408181,0.0,,,2021-07-31 07:00:00
231.0,1627801200.0,silty,2021,0.5340823878497057,0.4563741822310391,10.0,3.0,ET0,7,41.07,45.42,7.011084171391055,4.71830645976308,5.252388847612786,9.0,,,2021-08-01 07:00:00
232.0,1627887600.0,silty,2021,-0.2111797247614376,0.5340823878497057,10.0,3.0,ET0,7,0.0,41.07,7.304828236834061,4.71830645976308,4.662067653882951,0.0,,,2021-08-02 07:00:00
233.0,1627974000.0,silty,2021,-0.3430715772804628,0.5340823878497057,10.0,3.0,ET0,7,0.0,41.07,7.320018177389831,4.71830645976308,4.420158191097673,0.0,,,2021-08-03 07:00:00
234.0,1628060400.0,silty,2021,-0.1003033250486292,0.5340823878497057,10.0,3.0,ET0,7,0.0,41.07,8.239496207860649,4.71830645976308,4.618003134714451,0.0,,,2021-08-04 07:00:00
235.0,1628146800.0,silty,2021,0.0517008952533437,0.5340823878497057,10.0,3.0,ET0,7,0.0,41.07,4.198759507591638,4.71830645976308,4.770007355016424,0.0,,,2021-08-05 07:00:00
236.0,1628233200.0,silty,2021,0.3345424810561869,0.5340823878497057,10.0,3.0,ET0,7,0.0,41.07,8.25634687060054,4.71830645976308,5.052848940819267,0.0,,,2021-08-06 07:00:00
237.0,1628319600.0,silty,2021,0.5350433234794517,0.5340823878497057,10.0,3.0,ET0,7,0.0,41.07,7.823891414052509,4.71830645976308,5.253349783242532,0.0,,,2021-08-07 07:00:00
238.0,1628406000.0,silty,2021,0.6727025770723735,0.5340823878497057,10.0,3.0,ET0,7,49.95,41.07,6.805842568347599,4.71830645976308,5.391009036835453,0.0,,,2021-08-08 07:00:00
239.0,1628492400.0,silty,2021,-0.1030577982831586,0.6727025770723735,10.0,3.0,ET0,7,0.0,49.95,8.235329351972808,4.71830645976308,4.80070283463099,0.0,,,2021-08-09 07:00:00
356.0,1655967600.0,silty,2022,-0.2841936596952887,0.0,10.0,3.0,ET0,2,5.92,0.0,5.915965904891959,4.71830645976308,4.434112800067791,0.0,,,2022-06-23 07:00:00
357.0,1656054000.0,silty,2022,-0.2772143429074716,-0.2841936596952887,10.0,3.0,ET0,2,0.0,5.92,5.717907755951627,4.71830645976308,4.441092116855609,0.0,,,2022-06-24 07:00:00
358.0,1656140400.0,silty,2022,-0.0722186333158099,-0.2841936596952887,10.0,3.0,ET0,2,14.92,5.92,9.203948870710636,4.71830645976308,4.64608782644727,0.0,,,2022-06-25 07:00:00
359.0,1656226800.0,silty,2022,-0.1614013399578187,-0.0722186333158099,10.0,3.0,ET0,2,0.0,14.92,9.569797117975432,4.71830645976308,4.588761926396199,0.0,,,2022-06-26 07:00:00
360.0,1656313200.0,silty,2022,-0.0438990643478913,-0.0722186333158099,10.0,3.0,ET0,2,18.26,14.92,8.693094774412245,4.71830645976308,4.674407395415189,0.0,,,2022-06-27 07:00:00
361.0,1656399600.0,silty,2022,-0.2473618681923799,-0.0438990643478913,10.0,3.0,ET0,2,0.0,18.26,7.460713537351751,4.71830645976308,4.525232774820797,1.6,,,2022-06-28 07:00:00
362.0,1656486000.0,silty,2022,-0.3252646450291258,-0.0438990643478913,10.0,3.0,ET0,2,9.29,18.26,1.8323231735051733,4.71830645976308,4.3930441027160745,0.0,,,2022-06-29 07:00:00
363.0,1656572400.0,silty,2022,-0.3831189177898237,-0.3252646450291258,10.0,3.0,ET0,2,0.0,9.29,6.425725286268609,4.71830645976308,4.357798135349429,0.0,,,2022-06-30 07:00:00
364.0,1656658800.0,silty,2022,-0.1887020884420647,-0.3252646450291258,10.0,3.0,ET0,2,14.91,9.29,8.481182130641368,4.71830645976308,4.529604371321016,0.0,,,2022-07-01 07:00:00
365.0,1656745200.0,silty,2022,-0.2548798956185298,-0.1887020884420647,10.0,3.0,ET0,2,0.0,14.91,9.684100900879589,4.71830645976308,4.501409308960505,0.0,,,2022-07-02 07:00:00
366.0,1656831600.0,silty,2022,-0.1327671468753191,-0.1887020884420647,10.0,3.0,ET0,2,17.56,14.91,7.875822878948619,4.71830645976308,4.585539312887761,0.0,,,2022-07-03 07:00:00
367.0,1656918000.0,silty,2022,-0.2663826649744718,-0.1327671468753191,10.0,3.0,ET0,2,0.0,17.56,8.846129638751195,4.71830645976308,4.504057329659474,0.0,,,2022-07-04 07:00:00
368.0,1657004400.0,silty,2022,-0.1630772861488098,-0.1327671468753191,10.0,3.0,ET0,2,17.2,17.56,8.353871892123982,4.71830645976308,4.55522917361427,0.0,,,2022-07-05 07:00:00
369.0,1657090800.0,silty,2022,-0.311156133746778,-0.1630772861488098,10.0,3.0,ET0,2,0.0,17.2,8.10868026961472,4.71830645976308,4.466106229177867,0.0,,,2022-07-06 07:00:00
370.0,1657177200.0,silty,2022,-0.2631276522894656,-0.1630772861488098,10.0,3.0,ET0,2,13.39,17.2,5.27960920736311,4.71830645976308,4.455178807473614,11.6,,,2022-07-07 07:00:00
371.0,1657263600.0,silty,2022,-0.5033659858220486,-0.2631276522894656,10.0,3.0,ET0,2,0.0,13.39,7.275206390354677,4.71830645976308,4.302603045862513,0.0,,,2022-07-08 07:00:00
372.0,1657350000.0,silty,2022,-0.3794617896478405,-0.2631276522894656,10.0,3.0,ET0,2,14.4,13.39,7.121172904786319,4.71830645976308,4.33884467011524,0.0,,,2022-07-09 07:00:00
373.0,1657436400.0,silty,2022,-0.4643088193068658,-0.3794617896478405,10.0,3.0,ET0,2,0.0,14.4,7.612583271961939,4.71830645976308,4.309527948313365,0.0,,,2022-07-10 07:00:00
374.0,1657522800.0,silty,2022,-0.2756802810204386,-0.3794617896478405,10.0,3.0,ET0,2,16.08,14.4,8.472336750464112,4.71830645976308,4.442626178742642,0.0,,,2022-07-11 07:00:00
375.0,1657609200.0,silty,2022,-0.3878186926776829,-0.2756802810204386,10.0,3.0,ET0,2,0.0,16.08,7.487993037508327,4.71830645976308,4.386917385242207,0.0,,,2022-07-12 07:00:00
376.0,1657695600.0,silty,2022,-0.3062938919487943,-0.2756802810204386,10.0,3.0,ET0,2,12.93,16.08,5.439558555641069,4.71830645976308,4.412012567814286,0.0,,,2022-07-13 07:00:00
377.0,1657782000.0,silty,2022,-0.3447235989794641,-0.3062938919487943,10.0,3.0,ET0,2,0.0,12.93,8.254676604732598,4.71830645976308,4.415998523260308,0.0,,,2022-07-14 07:00:00
378.0,1657868400.0,silty,2022,-0.1110583409443799,-0.3062938919487943,10.0,3.0,ET0,2,17.7,12.93,9.447916516172471,4.71830645976308,4.6072481188187,0.0,,,2022-07-15 07:00:00
379.0,1657954800.0,silty,2022,-0.2054440214336715,-0.1110583409443799,10.0,3.0,ET0,2,0.0,17.7,8.968687582898376,4.71830645976308,4.56257740547801,0.0,,,2022-07-16 07:00:00
380.0,1658041200.0,silty,2022,-0.0997339400627643,-0.1110583409443799,10.0,3.0,ET0,2,16.67,17.7,7.701644419417017,4.71830645976308,4.618572519700316,0.0,,,2022-07-17 07:00:00
381.0,1658127600.0,silty,2022,-0.2424739871278908,-0.0997339400627643,10.0,3.0,ET0,2,0.0,16.67,7.236620092977568,4.71830645976308,4.531826723412006,0.0,,,2022-07-18 07:00:00
382.0,1658214000.0,silty,2022,-0.1087929211679257,-0.0997339400627643,10.0,3.0,ET0,2,15.21,16.67,7.976539558735554,4.71830645976308,4.609513538595155,0.0,,,2022-07-19 07:00:00
383.0,1658300400.0,silty,2022,-0.170238073455135,-0.1087929211679257,10.0,3.0,ET0,2,0.0,15.21,9.031637030513592,4.71830645976308,4.592767578338346,0.0,,,2022-07-20 07:00:00
384.0,1658386800.0,silty,2022,-0.0059857019893437,-0.1087929211679257,10.0,3.0,ET0,2,17.56,15.21,8.523521442036436,4.71830645976308,4.712320757773736,0.0,,,2022-07-21 07:00:00
385.0,1655967600.0,silty,2022,-0.2841936596952887,0.0,10.0,3.0,ET0,1,5.92,0.0,5.915965904891959,4.71830645976308,4.434112800067791,0.0,,,2022-06-23 07:00:00
386.0,1656054000.0,silty,2022,-0.2772143429074716,-0.2841936596952887,10.0,3.0,ET0,1,5.72,5.92,5.717907755951627,4.71830645976308,4.441092116855609,0.0,,,2022-06-24 07:00:00
387.0,1656140400.0,silty,2022,-0.2010831126002804,-0.2772143429074716,10.0,3.0,ET0,1,9.2,5.72,9.203948870710636,4.71830645976308,4.517223347162799,0.0,,,2022-06-25 07:00:00
388.0,1656226800.0,silty,2022,-0.2110289477598435,-0.2010831126002804,10.0,3.0,ET0,1,9.57,9.2,9.569797117975432,4.71830645976308,4.5186174475786585,0.0,,,2022-06-26 07:00:00
389.0,1656313200.0,silty,2022,-0.2635186443070537,-0.2110289477598435,10.0,3.0,ET0,1,8.69,9.57,8.693094774412245,4.71830645976308,4.476104804203854,0.0,,,2022-06-27 07:00:00
390.0,1656399600.0,silty,2022,-0.3250106619497284,-0.2635186443070537,10.0,3.0,ET0,1,7.46,8.69,7.460713537351751,4.71830645976308,4.412619532427376,1.6,,,2022-06-28 07:00:00
391.0,1656486000.0,silty,2022,-0.4794641849432265,-0.3250106619497284,10.0,3.0,ET0,1,1.83,7.46,1.8323231735051733,4.71830645976308,4.2610446267909685,0.0,,,2022-06-29 07:00:00
392.0,1656572400.0,silty,2022,-0.3641951671352221,-0.4794641849432265,10.0,3.0,ET0,1,6.43,1.83,6.425725286268609,4.71830645976308,4.3541112926278585,0.0,,,2022-06-30 07:00:00
393.0,1656658800.0,silty,2022,-0.2979484748234253,-0.3641951671352221,10.0,3.0,ET0,1,8.48,6.43,8.481182130641368,4.71830645976308,4.420357984939655,0.0,,,2022-07-01 07:00:00
394.0,1656745200.0,silty,2022,-0.2650782289303034,-0.2979484748234253,10.0,3.0,ET0,1,9.68,8.48,9.684100900879589,4.71830645976308,4.459597777278718,0.0,,,2022-07-02 07:00:00
395.0,1656831600.0,silty,2022,-0.3145519780512077,-0.2650782289303034,10.0,3.0,ET0,1,7.88,9.68,7.875822878948619,4.71830645976308,4.426533303967212,0.0,,,2022-07-03 07:00:00
396.0,1656918000.0,silty,2022,-0.300834875873475,-0.3145519780512077,10.0,3.0,ET0,1,8.85,7.88,8.846129638751195,4.71830645976308,4.427512252801773,0.0,,,2022-07-04 07:00:00
397.0,1657004400.0,silty,2022,-0.3103748323316068,-0.300834875873475,10.0,3.0,ET0,1,8.35,8.85,8.353871892123982,4.71830645976308,4.424618208471633,0.0,,,2022-07-05 07:00:00
398.0,1657090800.0,silty,2022,-0.3205936268771175,-0.3103748323316068,10.0,3.0,ET0,1,8.11,8.35,8.10868026961472,4.71830645976308,4.412123909177526,0.0,,,2022-07-06 07:00:00
399.0,1657177200.0,silty,2022,-0.3821857535386931,-0.3205936268771175,10.0,3.0,ET0,1,5.28,8.11,5.27960920736311,4.71830645976308,4.35227014899964,11.6,,,2022-07-07 07:00:00
400.0,1657263600.0,silty,2022,-0.4537704770270191,-0.3821857535386931,10.0,3.0,ET0,1,7.28,5.28,7.275206390354677,4.71830645976308,4.282974877319477,0.0,,,2022-07-08 07:00:00
401.0,1657350000.0,silty,2022,-0.4691694255910176,-0.4537704770270191,10.0,3.0,ET0,1,7.12,7.28,7.121172904786319,4.71830645976308,4.26131595046771,0.0,,,2022-07-09 07:00:00
402.0,1657436400.0,silty,2022,-0.428132529826295,-0.4691694255910176,10.0,3.0,ET0,1,7.61,7.12,7.612583271961939,4.71830645976308,4.297867309021978,0.0,,,2022-07-10 07:00:00
403.0,1657522800.0,silty,2022,-0.3695006025474777,-0.428132529826295,10.0,3.0,ET0,1,8.47,7.61,8.472336750464112,4.71830645976308,4.356323278944725,0.0,,,2022-07-11 07:00:00
404.0,1657609200.0,silty,2022,-0.3675138320648026,-0.3695006025474777,10.0,3.0,ET0,1,7.49,8.47,7.487993037508327,4.71830645976308,4.366082080904236,0.0,,,2022-07-12 07:00:00
405.0,1657695600.0,silty,2022,-0.3960066399639217,-0.3675138320648026,10.0,3.0,ET0,1,5.44,7.49,5.439558555641069,4.71830645976308,4.333658283395548,0.0,,,2022-07-13 07:00:00
406.0,1657782000.0,silty,2022,-0.2872275596286515,-0.3960066399639217,10.0,3.0,ET0,1,8.25,5.44,8.254676604732598,4.71830645976308,4.431078900134429,0.0,,,2022-07-14 07:00:00
407.0,1657868400.0,silty,2022,-0.2099872467279595,-0.2872275596286515,10.0,3.0,ET0,1,9.45,8.25,9.447916516172471,4.71830645976308,4.514049810113838,0.0,,,2022-07-15 07:00:00
408.0,1657954800.0,silty,2022,-0.1950341510986552,-0.2099872467279595,10.0,3.0,ET0,1,8.97,9.45,8.968687582898376,4.71830645976308,4.541184636163401,0.0,,,2022-07-16 07:00:00
409.0,1658041200.0,silty,2022,-0.2163231393623916,-0.1950341510986552,10.0,3.0,ET0,1,7.7,8.97,7.701644419417017,4.71830645976308,4.519940347212255,0.0,,,2022-07-17 07:00:00
410.0,1658127600.0,silty,2022,-0.2154318421268132,-0.2163231393623916,10.0,3.0,ET0,1,7.24,7.7,7.236620092977568,4.71830645976308,4.512320152291907,0.0,,,2022-07-18 07:00:00
411.0,1658214000.0,silty,2022,-0.1725914882802586,-0.2154318421268132,10.0,3.0,ET0,1,7.98,7.24,7.976539558735554,4.71830645976308,4.549821906596962,0.0,,,2022-07-19 07:00:00
412.0,1658300400.0,silty,2022,-0.1164805632777634,-0.1725914882802586,10.0,3.0,ET0,1,9.03,7.98,9.031637030513592,4.71830645976308,4.607035827598465,0.0,,,2022-07-20 07:00:00
413.0,1658386800.0,silty,2022,-0.1094127433021001,-0.1164805632777634,10.0,3.0,ET0,1,8.52,9.03,8.523521442036436,4.71830645976308,4.622434198690802,0.0,,,2022-07-21 07:00:00
414.0,1655967600.0,silty,2022,-0.2841936596952887,0.0,10.0,3.0,ET0,3,5.92,0.0,5.915965904891959,4.71830645976308,4.434112800067791,0.0,,,2022-06-23 07:00:00
415.0,1656054000.0,silty,2022,-0.2772143429074716,-0.2841936596952887,10.0,3.0,ET0,3,0.0,5.92,5.717907755951627,4.71830645976308,4.441092116855609,0.0,,,2022-06-24 07:00:00
416.0,1656140400.0,silty,2022,-0.0722186333158099,-0.2841936596952887,10.0,3.0,ET0,3,0.0,5.92,9.203948870710636,4.71830645976308,4.64608782644727,0.0,,,2022-06-25 07:00:00
417.0,1656226800.0,silty,2022,0.1335830447533419,-0.2841936596952887,10.0,3.0,ET0,3,24.49,5.92,9.569797117975432,4.71830645976308,4.851889504516422,0.0,,,2022-06-26 07:00:00
418.0,1656313200.0,silty,2022,-0.1311148286899417,0.1335830447533419,10.0,3.0,ET0,3,0.0,24.49,8.693094774412245,4.71830645976308,4.639296291971108,0.0,,,2022-06-27 07:00:00
419.0,1656399600.0,silty,2022,-0.1502502337820985,0.1335830447533419,10.0,3.0,ET0,3,0.0,24.49,7.460713537351751,4.71830645976308,4.568056225980982,1.6,,,2022-06-28 07:00:00
420.0,1656486000.0,silty,2022,-0.1214109528637599,0.1335830447533419,10.0,3.0,ET0,3,17.99,24.49,1.8323231735051733,4.71830645976308,4.596895506899321,0.0,,,2022-06-29 07:00:00
421.0,1656572400.0,silty,2022,-0.3184740898963962,-0.1214109528637599,10.0,3.0,ET0,3,0.0,17.99,6.425725286268609,4.71830645976308,4.456509220702877,0.0,,,2022-06-30 07:00:00
422.0,1656658800.0,silty,2022,-0.2244581630530388,-0.1214109528637599,10.0,3.0,ET0,3,0.0,17.99,8.481182130641368,4.71830645976308,4.493848296710041,0.0,,,2022-07-01 07:00:00
423.0,1656745200.0,silty,2022,0.0014892733093111,-0.1214109528637599,10.0,3.0,ET0,3,24.59,17.99,9.684100900879589,4.71830645976308,4.719795733072392,0.0,,,2022-07-02 07:00:00
424.0,1656831600.0,silty,2022,-0.2665996162795999,0.0014892733093111,10.0,3.0,ET0,3,0.0,24.59,7.875822878948619,4.71830645976308,4.521158746655466,0.0,,,2022-07-03 07:00:00
425.0,1656918000.0,silty,2022,-0.2257992228257185,0.0014892733093111,10.0,3.0,ET0,3,0.0,24.59,8.846129638751195,4.71830645976308,4.492678579009539,0.0,,,2022-07-04 07:00:00
426.0,1657004400.0,silty,2022,-0.0224706367491453,0.0014892733093111,10.0,3.0,ET0,3,25.08,24.59,8.353871892123982,4.71830645976308,4.695835823013935,0.0,,,2022-07-05 07:00:00
427.0,1657090800.0,silty,2022,-0.2976791781058968,-0.0224706367491453,10.0,3.0,ET0,3,0.0,25.08,8.10868026961472,4.71830645976308,4.499551014057599,0.0,,,2022-07-06 07:00:00
428.0,1657177200.0,silty,2022,-0.3252357634429867,-0.0224706367491453,10.0,3.0,ET0,3,0.0,25.08,5.27960920736311,4.71830645976308,4.396990004957407,11.6,,,2022-07-07 07:00:00
429.0,1657263600.0,silty,2022,-0.2347993971842176,-0.0224706367491453,10.0,3.0,ET0,3,20.66,25.08,7.275206390354677,4.71830645976308,4.4835070625788624,0.0,,,2022-07-08 07:00:00
430.0,1657350000.0,silty,2022,-0.4913460413717004,-0.2347993971842176,10.0,3.0,ET0,3,0.0,20.66,7.121172904786319,4.71830645976308,4.31745829910398,0.0,,,2022-07-09 07:00:00
431.0,1657436400.0,silty,2022,-0.4090734903335616,-0.2347993971842176,10.0,3.0,ET0,3,0.0,20.66,7.612583271961939,4.71830645976308,4.309589972012992,0.0,,,2022-07-10 07:00:00
432.0,1657522800.0,silty,2022,-0.1624334523745336,-0.2347993971842176,10.0,3.0,ET0,3,23.21,20.66,8.472336750464112,4.71830645976308,4.555873007388547,0.0,,,2022-07-11 07:00:00
433.0,1657609200.0,silty,2022,-0.3813628752210429,-0.1624334523745336,10.0,3.0,ET0,3,0.0,23.21,7.487993037508327,4.71830645976308,4.412738788980594,0.0,,,2022-07-12 07:00:00
434.0,1657695600.0,silty,2022,-0.3764809098754547,-0.1624334523745336,10.0,3.0,ET0,3,0.0,23.21,5.439558555641069,4.71830645976308,4.343979223277802,0.0,,,2022-07-13 07:00:00
435.0,1657782000.0,silty,2022,-0.1313743743286867,-0.1624334523745336,10.0,3.0,ET0,3,21.18,23.21,8.254676604732598,4.71830645976308,4.586932085434394,0.0,,,2022-07-14 07:00:00
436.0,1657868400.0,silty,2022,-0.2506795738957313,-0.1313743743286867,10.0,3.0,ET0,3,0.0,21.18,9.447916516172471,4.71830645976308,4.52578861856524,0.0,,,2022-07-15 07:00:00
437.0,1657954800.0,silty,2022,-0.1414680848939798,-0.1313743743286867,10.0,3.0,ET0,3,0.0,21.18,8.968687582898376,4.71830645976308,4.576838374869101,0.0,,,2022-07-16 07:00:00
438.0,1658041200.0,silty,2022,0.0698563588925943,-0.1313743743286867,10.0,3.0,ET0,3,26.12,21.18,7.701644419417017,4.71830645976308,4.788162818655675,0.0,,,2022-07-17 07:00:00
439.0,1658127600.0,silty,2022,-0.2344997429413453,0.0698563588925943,10.0,3.0,ET0,3,0.0,26.12,7.236620092977568,4.71830645976308,4.563085032483509,0.0,,,2022-07-18 07:00:00
440.0,1658214000.0,silty,2022,-0.1946434433752027,0.0698563588925943,10.0,3.0,ET0,3,0.0,26.12,7.976539558735554,4.71830645976308,4.524759600768373,0.0,,,2022-07-19 07:00:00
441.0,1658300400.0,silty,2022,0.0639506646074632,0.0698563588925943,10.0,3.0,ET0,3,24.24,26.12,9.031637030513592,4.71830645976308,4.782257124370544,0.0,,,2022-07-20 07:00:00
442.0,1658386800.0,silty,2022,-0.164332320713802,0.0639506646074632,10.0,3.0,ET0,3,0.0,24.24,8.523521442036436,4.71830645976308,4.6226880882937005,0.0,,,2022-07-21 07:00:00
443.0,1655967600.0,silty,2022,-0.2841936596952887,0.0,10.0,3.0,ET0,7,5.92,0.0,5.915965904891959,4.71830645976308,4.434112800067791,0.0,,,2022-06-23 07:00:00
444.0,1656054000.0,silty,2022,-0.2772143429074716,-0.2841936596952887,10.0,3.0,ET0,7,0.0,5.92,5.717907755951627,4.71830645976308,4.441092116855609,0.0,,,2022-06-24 07:00:00
445.0,1656140400.0,silty,2022,-0.0722186333158099,-0.2841936596952887,10.0,3.0,ET0,7,0.0,5.92,9.203948870710636,4.71830645976308,4.64608782644727,0.0,,,2022-06-25 07:00:00
446.0,1656226800.0,silty,2022,0.1335830447533419,-0.2841936596952887,10.0,3.0,ET0,7,0.0,5.92,9.569797117975432,4.71830645976308,4.851889504516422,0.0,,,2022-06-26 07:00:00
447.0,1656313200.0,silty,2022,0.3048734141922261,-0.2841936596952887,10.0,3.0,ET0,7,0.0,5.92,8.693094774412245,4.71830645976308,5.023179873955306,0.0,,,2022-06-27 07:00:00
448.0,1656399600.0,silty,2022,0.4238926254860825,-0.2841936596952887,10.0,3.0,ET0,7,0.0,5.92,7.460713537351751,4.71830645976308,5.142199085249163,1.6,,,2022-06-28 07:00:00
449.0,1656486000.0,silty,2022,0.4546122301583968,-0.2841936596952887,10.0,3.0,ET0,7,0.0,5.92,1.8323231735051733,4.71830645976308,5.172918689921477,0.0,,,2022-06-29 07:00:00
450.0,1656572400.0,silty,2022,0.5464058965551826,-0.2841936596952887,10.0,3.0,ET0,7,48.9,5.92,6.425725286268609,4.71830645976308,5.264712356318263,0.0,,,2022-06-30 07:00:00
451.0,1656658800.0,silty,2022,-0.1870631256809657,0.5464058965551826,10.0,3.0,ET0,7,0.0,48.9,8.481182130641368,4.71830645976308,4.703791095779308,0.0,,,2022-07-01 07:00:00
452.0,1656745200.0,silty,2022,-0.3895220384184481,0.5464058965551826,10.0,3.0,ET0,7,0.0,48.9,9.684100900879589,4.71830645976308,4.399205291396845,0.0,,,2022-07-02 07:00:00
453.0,1656831600.0,silty,2022,-0.2094554397846537,0.5464058965551826,10.0,3.0,ET0,7,0.0,48.9,7.875822878948619,4.71830645976308,4.508851019978427,0.0,,,2022-07-03 07:00:00
454.0,1656918000.0,silty,2022,0.0174477266437269,0.5464058965551826,10.0,3.0,ET0,7,0.0,48.9,8.846129638751195,4.71830645976308,4.735754186406807,0.0,,,2022-07-04 07:00:00
455.0,1657004400.0,silty,2022,0.2269451810996328,0.5464058965551826,10.0,3.0,ET0,7,0.0,48.9,8.353871892123982,4.71830645976308,4.945251640862713,0.0,,,2022-07-05 07:00:00
456.0,1657090800.0,silty,2022,0.3972334720379695,0.5464058965551826,10.0,3.0,ET0,7,0.0,48.9,8.10868026961472,4.71830645976308,5.11553993180105,0.0,,,2022-07-06 07:00:00
457.0,1657177200.0,silty,2022,0.4970516094492812,0.5464058965551826,10.0,3.0,ET0,7,56.63,48.9,5.27960920736311,4.71830645976308,5.215358069212361,11.6,,,2022-07-07 07:00:00
458.0,1657263600.0,silty,2022,-0.4084020111122465,0.4970516094492812,10.0,3.0,ET0,7,0.0,56.63,7.275206390354677,4.71830645976308,4.565913023792647,0.0,,,2022-07-08 07:00:00
459.0,1657350000.0,silty,2022,-0.8063430408781924,0.4970516094492812,10.0,3.0,ET0,7,0.0,56.63,7.121172904786319,4.71830645976308,4.0832556414487735,0.0,,,2022-07-09 07:00:00
460.0,1657436400.0,silty,2022,-0.5986120458144439,0.4970516094492812,10.0,3.0,ET0,7,0.0,56.63,7.612583271961939,4.71830645976308,4.11972783257208,0.0,,,2022-07-10 07:00:00
461.0,1657522800.0,silty,2022,-0.3263922248487503,0.4970516094492812,10.0,3.0,ET0,7,0.0,56.63,8.472336750464112,4.71830645976308,4.39191423491433,0.0,,,2022-07-11 07:00:00
462.0,1657609200.0,silty,2022,-0.0919578453588193,0.4970516094492812,10.0,3.0,ET0,7,0.0,56.63,7.487993037508327,4.71830645976308,4.626348614404261,0.0,,,2022-07-12 07:00:00
463.0,1657695600.0,silty,2022,0.0818524929867494,0.4970516094492812,10.0,3.0,ET0,7,0.0,56.63,5.439558555641069,4.71830645976308,4.80015895274983,0.0,,,2022-07-13 07:00:00
464.0,1657782000.0,silty,2022,0.3139962607199924,0.4970516094492812,10.0,3.0,ET0,7,51.66,56.63,8.254676604732598,4.71830645976308,5.032302720483073,0.0,,,2022-07-14 07:00:00
465.0,1657868400.0,silty,2022,-0.3621444615720923,0.3139962607199924,10.0,3.0,ET0,7,0.0,51.66,9.447916516172471,4.71830645976308,4.565512904701343,0.0,,,2022-07-15 07:00:00
466.0,1657954800.0,silty,2022,-0.5724251017309558,0.3139962607199924,10.0,3.0,ET0,7,0.0,51.66,8.968687582898376,4.71830645976308,4.253426585581122,0.0,,,2022-07-16 07:00:00
467.0,1658041200.0,silty,2022,-0.355081446705171,0.3139962607199924,10.0,3.0,ET0,7,0.0,51.66,7.701644419417017,4.71830645976308,4.363225013057909,0.0,,,2022-07-17 07:00:00
468.0,1658127600.0,silty,2022,-0.120136702593765,0.3139962607199924,10.0,3.0,ET0,7,0.0,51.66,7.236620092977568,4.71830645976308,4.598169757169315,0.0,,,2022-07-18 07:00:00
469.0,1658214000.0,silty,2022,0.1352378301853009,0.3139962607199924,10.0,3.0,ET0,7,0.0,51.66,7.976539558735554,4.71830645976308,4.853544289948381,0.0,,,2022-07-19 07:00:00
470.0,1658300400.0,silty,2022,0.3884129848852616,0.3139962607199924,10.0,3.0,ET0,7,0.0,51.66,9.031637030513592,4.71830645976308,5.106719444648342,0.0,,,2022-07-20 07:00:00
471.0,1658386800.0,silty,2022,0.5638687800280204,0.3139962607199924,10.0,3.0,ET0,7,58.89,51.66,8.523521442036436,4.71830645976308,5.2821752397911,0.0,,,2022-07-21 07:00:00
588.0,1687503600.0,silty,2023,-0.4751499057935796,0.0,10.0,3.0,ET0,2,6.42,0.0,6.420277994663035,4.71830645976308,4.2431565539695,0.0,,,2023-06-23 07:00:00
589.0,1687590000.0,silty,2023,-0.4619969558399204,-0.4751499057935796,10.0,3.0,ET0,2,0.0,6.42,6.3387606045021405,4.71830645976308,4.256421902778248,0.0,,,2023-06-24 07:00:00
590.0,1687676400.0,silty,2023,-0.2984196426705343,-0.4751499057935796,10.0,3.0,ET0,2,13.42,6.42,7.077332335884068,4.71830645976308,4.419886817092546,0.0,,,2023-06-25 07:00:00
591.0,1687762800.0,silty,2023,-0.4231536593522381,-0.2984196426705343,10.0,3.0,ET0,2,0.0,13.42,6.229180911248416,4.71830645976308,4.327967467122456,0.0,,,2023-06-26 07:00:00
592.0,1687849200.0,silty,2023,-0.286692721525901,-0.2984196426705343,10.0,3.0,ET0,2,13.95,13.42,7.717627618312005,4.71830645976308,4.431613738237179,0.0,,,2023-06-27 07:00:00
593.0,1687935600.0,silty,2023,-0.3888678914122168,-0.286692721525901,10.0,3.0,ET0,2,0.0,13.95,8.190146658736474,4.71830645976308,4.368731388763107,0.0,,,2023-06-28 07:00:00
594.0,1688022000.0,silty,2023,-0.378976633775238,-0.286692721525901,10.0,3.0,ET0,2,10.84,13.95,2.6534944981591777,4.71830645976308,4.339329825987842,0.0,,,2023-06-29 07:00:00
595.0,1688108400.0,silty,2023,-0.4372054755230571,-0.378976633775238,10.0,3.0,ET0,2,0.0,10.84,7.811921140444205,4.71830645976308,4.310819674705964,0.0,,,2023-06-30 07:00:00
596.0,1688194800.0,silty,2023,-0.3810792965263986,-0.378976633775238,10.0,3.0,ET0,2,10.8,10.84,2.989408376370308,4.71830645976308,4.3372271632366814,0.0,,,2023-07-01 07:00:00
597.0,1688281200.0,silty,2023,-0.533578056103329,-0.3810792965263986,10.0,3.0,ET0,2,0.0,10.8,3.628606534620321,4.71830645976308,4.221220348249246,0.0,,,2023-07-02 07:00:00
598.0,1688367600.0,silty,2023,-0.3884817770184617,-0.3810792965263986,10.0,3.0,ET0,2,9.54,10.8,5.9091258835011,4.71830645976308,4.3298246827446185,0.0,,,2023-07-03 07:00:00
599.0,1688454000.0,silty,2023,-0.4250262888894667,-0.3884817770184617,10.0,3.0,ET0,2,0.0,9.54,6.621532339824514,4.71830645976308,4.30914092393273,0.0,,,2023-07-04 07:00:00
600.0,1688540400.0,silty,2023,-0.2655739951934173,-0.3884817770184617,10.0,3.0,ET0,2,13.02,9.54,6.395412175418061,4.71830645976308,4.452732464569663,0.0,,,2023-07-05 07:00:00
601.0,1688626800.0,silty,2023,-0.342157094288288,-0.2655739951934173,10.0,3.0,ET0,2,0.0,13.02,7.492344925936937,4.71830645976308,4.410216870238702,5.0,,,2023-07-06 07:00:00
602.0,1688713200.0,silty,2023,-0.3465977240759873,-0.2655739951934173,10.0,3.0,ET0,2,10.87,13.02,3.3788724562330463,4.71830645976308,4.3717087356870925,0.0,,,2023-07-07 07:00:00
603.0,1688799600.0,silty,2023,-0.4325142715603672,-0.3465977240759873,10.0,3.0,ET0,2,0.0,10.87,6.518921569415171,4.71830645976308,4.31976232161314,0.0,,,2023-07-08 07:00:00
604.0,1688886000.0,silty,2023,-0.2532817584198259,-0.3465977240759873,10.0,3.0,ET0,2,13.59,10.87,7.0675670514600375,4.71830645976308,4.465024701343254,0.0,,,2023-07-09 07:00:00
605.0,1688972400.0,silty,2023,-0.3448983813408037,-0.2532817584198259,10.0,3.0,ET0,2,0.0,13.59,6.961944041187434,4.71830645976308,4.413233696960819,0.0,,,2023-07-10 07:00:00
606.0,1689058800.0,silty,2023,-0.184765270998005,-0.2532817584198259,10.0,3.0,ET0,2,14.49,13.59,7.523781176422247,4.71830645976308,4.533541188765075,0.0,,,2023-07-11 07:00:00
607.0,1689145200.0,silty,2023,-0.2740829365355073,-0.184765270998005,10.0,3.0,ET0,2,0.0,14.49,7.806608352298979,4.71830645976308,4.485793402158283,0.0,,,2023-07-12 07:00:00
608.0,1689231600.0,silty,2023,-0.1287601449089058,-0.184765270998005,10.0,3.0,ET0,2,15.52,14.49,7.714035948667738,4.71830645976308,4.589546314854174,22.8,,,2023-07-13 07:00:00
609.0,1689318000.0,silty,2023,-0.8000304626117896,-0.1287601449089058,10.0,3.0,ET0,2,0.0,15.52,2.9961159428327533,4.71830645976308,4.047638988395291,0.0,,,2023-07-14 07:00:00
610.0,1689404400.0,silty,2023,-0.70606185947512,-0.1287601449089058,10.0,3.0,ET0,2,8.39,15.52,5.390782029334142,4.71830645976308,4.012786561944048,0.0,,,2023-07-15 07:00:00
611.0,1689490800.0,silty,2023,-0.6544011376041173,-0.70606185947512,10.0,3.0,ET0,2,0.0,8.39,7.109056997180415,4.71830645976308,4.082817436577996,0.0,,,2023-07-16 07:00:00
612.0,1689577200.0,silty,2023,-0.4331530425444255,-0.70606185947512,10.0,3.0,ET0,2,13.72,8.39,6.608581357186508,4.71830645976308,4.285153417218655,0.0,,,2023-07-17 07:00:00
613.0,1689663600.0,silty,2023,-0.4634431931560849,-0.4331530425444255,10.0,3.0,ET0,2,0.0,13.72,7.500311698248804,4.71830645976308,4.295065187326437,0.0,,,2023-07-18 07:00:00
614.0,1689750000.0,silty,2023,-0.2831917578981027,-0.4331530425444255,10.0,3.0,ET0,2,14.56,13.72,7.063404491828016,4.71830645976308,4.435114701864977,0.0,,,2023-07-19 07:00:00
615.0,1689836400.0,silty,2023,-0.3308349261200488,-0.2831917578981027,10.0,3.0,ET0,2,0.0,14.56,7.949048805371062,4.71830645976308,4.43151906315762,0.0,,,2023-07-20 07:00:00
616.0,1689922800.0,silty,2023,-0.2028945893194786,-0.2831917578981027,10.0,3.0,ET0,2,14.15,14.56,6.202164075023188,4.71830645976308,4.515411870443602,0.0,,,2023-07-21 07:00:00
617.0,1687503600.0,silty,2023,-0.4751499057935796,0.0,10.0,3.0,ET0,1,6.42,0.0,6.420277994663035,4.71830645976308,4.2431565539695,0.0,,,2023-06-23 07:00:00
618.0,1687590000.0,silty,2023,-0.4619969558399204,-0.4751499057935796,10.0,3.0,ET0,1,6.34,6.42,6.3387606045021405,4.71830645976308,4.256421902778248,0.0,,,2023-06-24 07:00:00
619.0,1687676400.0,silty,2023,-0.4434544268516833,-0.4619969558399204,10.0,3.0,ET0,1,7.08,6.34,7.077332335884068,4.71830645976308,4.275147745551615,0.0,,,2023-06-25 07:00:00
620.0,1687762800.0,silty,2023,-0.4609139210347142,-0.4434544268516833,10.0,3.0,ET0,1,6.23,7.08,6.229180911248416,4.71830645976308,4.260073815003159,0.0,,,2023-06-26 07:00:00
621.0,1687849200.0,silty,2023,-0.4267444075543304,-0.4609139210347142,10.0,3.0,ET0,1,7.72,6.23,7.717627618312005,4.71830645976308,4.291768709990035,0.0,,,2023-06-27 07:00:00
622.0,1687935600.0,silty,2023,-0.4180256339432227,-0.4267444075543304,10.0,3.0,ET0,1,8.19,7.72,8.190146658736474,4.71830645976308,4.305969551577418,0.0,,,2023-06-28 07:00:00
623.0,1688022000.0,silty,2023,-0.5570494460238743,-0.4180256339432227,10.0,3.0,ET0,1,2.65,8.19,2.6534944981591777,4.71830645976308,4.17890362991514,0.0,,,2023-06-29 07:00:00
624.0,1688108400.0,silty,2023,-0.4305341009931448,-0.5570494460238743,10.0,3.0,ET0,1,7.81,2.65,7.811921140444205,4.71830645976308,4.287772358769935,0.0,,,2023-06-30 07:00:00
625.0,1688194800.0,silty,2023,-0.5341541469628841,-0.4305341009931448,10.0,3.0,ET0,1,2.99,7.81,2.989408376370308,4.71830645976308,4.193359295037519,0.0,,,2023-07-01 07:00:00
626.0,1688281200.0,silty,2023,-0.5138772358443333,-0.5341541469628841,10.0,3.0,ET0,1,3.63,2.99,3.628606534620321,4.71830645976308,4.204429223918747,0.0,,,2023-07-02 07:00:00
627.0,1688367600.0,silty,2023,-0.4345337924685087,-0.5138772358443333,10.0,3.0,ET0,1,5.91,3.63,5.9091258835011,4.71830645976308,4.283772667294572,0.0,,,2023-07-03 07:00:00
628.0,1688454000.0,silty,2023,-0.3879987036718603,-0.4345337924685087,10.0,3.0,ET0,1,6.62,5.91,6.621532339824514,4.71830645976308,4.33030775609122,0.0,,,2023-07-04 07:00:00
629.0,1688540400.0,silty,2023,-0.3749989287713001,-0.3879987036718603,10.0,3.0,ET0,1,6.4,6.62,6.395412175418061,4.71830645976308,4.3438578668065215,0.0,,,2023-07-05 07:00:00
630.0,1688626800.0,silty,2023,-0.3313514007818884,-0.3749989287713001,10.0,3.0,ET0,1,7.49,6.4,7.492344925936937,4.71830645976308,4.387105469270794,5.0,,,2023-07-06 07:00:00
631.0,1688713200.0,silty,2023,-0.4835947390612607,-0.3313514007818884,10.0,3.0,ET0,1,3.38,7.49,3.3788724562330463,4.71830645976308,4.249284109029513,0.0,,,2023-07-07 07:00:00
632.0,1688799600.0,silty,2023,-0.3995280649792356,-0.4835947390612607,10.0,3.0,ET0,1,6.52,3.38,6.518921569415171,4.71830645976308,4.318778394783845,0.0,,,2023-07-08 07:00:00
633.0,1688886000.0,silty,2023,-0.3495460726660457,-0.3995280649792356,10.0,3.0,ET0,1,7.07,6.52,7.0675670514600375,4.71830645976308,4.369216033833009,0.0,,,2023-07-09 07:00:00
634.0,1688972400.0,silty,2023,-0.3252760100827675,-0.3495460726660457,10.0,3.0,ET0,1,6.96,7.07,6.961944041187434,4.71830645976308,4.395556223579619,0.0,,,2023-07-10 07:00:00
635.0,1689058800.0,silty,2023,-0.2856007184379886,-0.3252760100827675,10.0,3.0,ET0,1,7.52,6.96,7.523781176422247,4.71830645976308,4.43467398430789,0.0,,,2023-07-11 07:00:00
636.0,1689145200.0,silty,2023,-0.2566007451709992,-0.2856007184379886,10.0,3.0,ET0,1,7.81,7.52,7.806608352298979,4.71830645976308,4.465622454170696,0.0,,,2023-07-12 07:00:00
637.0,1689231600.0,silty,2023,-0.2441201639262903,-0.2566007451709992,10.0,3.0,ET0,1,7.71,7.81,7.714035948667738,4.71830645976308,4.47990678312379,22.8,,,2023-07-13 07:00:00
638.0,1689318000.0,silty,2023,-0.787695415338007,-0.2441201639262903,10.0,3.0,ET0,1,3.0,7.71,2.9961159428327533,4.71830645976308,3.998980821591564,0.0,,,2023-07-14 07:00:00
639.0,1689404400.0,silty,2023,-0.7041030633640204,-0.787695415338007,10.0,3.0,ET0,1,5.39,3.0,5.390782029334142,4.71830645976308,4.0145368747099015,0.0,,,2023-07-15 07:00:00
640.0,1689490800.0,silty,2023,-0.5810538020679937,-0.7041030633640204,10.0,3.0,ET0,1,7.11,5.39,7.109056997180415,4.71830645976308,4.137377702481466,0.0,,,2023-07-16 07:00:00
641.0,1689577200.0,silty,2023,-0.525255600718983,-0.5810538020679937,10.0,3.0,ET0,1,6.61,7.11,6.608581357186508,4.71830645976308,4.198189555781111,0.0,,,2023-07-17 07:00:00
642.0,1689663600.0,silty,2023,-0.4345248830470488,-0.525255600718983,10.0,3.0,ET0,1,7.5,6.61,7.500311698248804,4.71830645976308,4.285286954941047,0.0,,,2023-07-18 07:00:00
643.0,1689750000.0,silty,2023,-0.3880987426759208,-0.4345248830470488,10.0,3.0,ET0,1,7.06,7.5,7.063404491828016,4.71830645976308,4.335939401796054,0.0,,,2023-07-19 07:00:00
644.0,1689836400.0,silty,2023,-0.3078190170062979,-0.3880987426759208,10.0,3.0,ET0,1,7.95,7.06,7.949048805371062,4.71830645976308,4.413276533125616,0.0,,,2023-07-20 07:00:00
645.0,1689922800.0,silty,2023,-0.3141739301205571,-0.3078190170062979,10.0,3.0,ET0,1,6.2,7.95,6.202164075023188,4.71830645976308,4.412244713404373,0.0,,,2023-07-21 07:00:00
646.0,1687503600.0,silty,2023,-0.4751499057935796,0.0,10.0,3.0,ET0,3,6.42,0.0,6.420277994663035,4.71830645976308,4.2431565539695,0.0,,,2023-06-23 07:00:00
647.0,1687590000.0,silty,2023,-0.4619969558399204,-0.4751499057935796,10.0,3.0,ET0,3,0.0,6.42,6.3387606045021405,4.71830645976308,4.256421902778248,0.0,,,2023-06-24 07:00:00
648.0,1687676400.0,silty,2023,-0.2984196426705343,-0.4751499057935796,10.0,3.0,ET0,3,0.0,6.42,7.077332335884068,4.71830645976308,4.419886817092546,0.0,,,2023-06-25 07:00:00
649.0,1687762800.0,silty,2023,-0.1465180787513434,-0.4751499057935796,10.0,3.0,ET0,3,19.65,6.42,6.229180911248416,4.71830645976308,4.571788381011737,0.0,,,2023-06-26 07:00:00
650.0,1687849200.0,silty,2023,-0.3237380634605035,-0.1465180787513434,10.0,3.0,ET0,3,0.0,19.65,7.717627618312005,4.71830645976308,4.435989294290959,0.0,,,2023-06-27 07:00:00
651.0,1687935600.0,silty,2023,-0.2604102013703457,-0.1465180787513434,10.0,3.0,ET0,3,0.0,19.65,8.190146658736474,4.71830645976308,4.457896258392735,0.0,,,2023-06-28 07:00:00
652.0,1688022000.0,silty,2023,-0.2022448244361249,-0.1465180787513434,10.0,3.0,ET0,3,18.56,19.65,2.6534944981591777,4.71830645976308,4.516061635326955,0.0,,,2023-06-29 07:00:00
653.0,1688108400.0,silty,2023,-0.3685829747635711,-0.2022448244361249,10.0,3.0,ET0,3,0.0,18.56,7.811921140444205,4.71830645976308,4.399914748371624,0.0,,,2023-06-30 07:00:00
654.0,1688194800.0,silty,2023,-0.4093561544414373,-0.2022448244361249,10.0,3.0,ET0,3,0.0,18.56,2.989408376370308,4.71830645976308,4.308950305321643,0.0,,,2023-07-01 07:00:00
655.0,1688281200.0,silty,2023,-0.3152026481817261,-0.2022448244361249,10.0,3.0,ET0,3,14.43,18.56,3.628606534620321,4.71830645976308,4.403103811581354,0.0,,,2023-07-02 07:00:00
656.0,1688367600.0,silty,2023,-0.4502131985336796,-0.3152026481817261,10.0,3.0,ET0,3,0.0,14.43,5.9091258835011,4.71830645976308,4.311019585258695,0.0,,,2023-07-03 07:00:00
657.0,1688454000.0,silty,2023,-0.331075754078543,-0.3152026481817261,10.0,3.0,ET0,3,0.0,14.43,6.621532339824514,4.71830645976308,4.387230705684537,0.0,,,2023-07-04 07:00:00
658.0,1688540400.0,silty,2023,-0.1613199330447481,-0.3152026481817261,10.0,3.0,ET0,3,18.93,14.43,6.395412175418061,4.71830645976308,4.556986526718332,0.0,,,2023-07-05 07:00:00
659.0,1688626800.0,silty,2023,-0.3164814659672691,-0.1613199330447481,10.0,3.0,ET0,3,0.0,18.93,7.492344925936937,4.71830645976308,4.449447785438432,5.0,,,2023-07-06 07:00:00
660.0,1688713200.0,silty,2023,-0.4020000106030767,-0.1613199330447481,10.0,3.0,ET0,3,0.0,18.93,3.3788724562330463,4.71830645976308,4.316798737164005,0.0,,,2023-07-07 07:00:00
661.0,1688799600.0,silty,2023,-0.2330200363936805,-0.1613199330447481,10.0,3.0,ET0,3,17.39,18.93,6.518921569415171,4.71830645976308,4.485286423369399,0.0,,,2023-07-08 07:00:00
662.0,1688886000.0,silty,2023,-0.3682241826241772,-0.2330200363936805,10.0,3.0,ET0,3,0.0,17.39,7.0675670514600375,4.71830645976308,4.400394309716069,0.0,,,2023-07-09 07:00:00
663.0,1688972400.0,silty,2023,-0.2729390939617931,-0.2330200363936805,10.0,3.0,ET0,3,0.0,17.39,6.961944041187434,4.71830645976308,4.445367365801287,0.0,,,2023-07-10 07:00:00
664.0,1689058800.0,silty,2023,-0.0604752257280549,-0.2330200363936805,10.0,3.0,ET0,3,21.55,17.39,7.523781176422247,4.71830645976308,4.657831234035025,0.0,,,2023-07-11 07:00:00
665.0,1689145200.0,silty,2023,-0.2470017580612696,-0.0604752257280549,10.0,3.0,ET0,3,0.0,21.55,7.806608352298979,4.71830645976308,4.52719840912023,0.0,,,2023-07-12 07:00:00
666.0,1689231600.0,silty,2023,-0.1890343355365981,-0.0604752257280549,10.0,3.0,ET0,3,0.0,21.55,7.714035948667738,4.71830645976308,4.529272124226482,22.8,,,2023-07-13 07:00:00
667.0,1689318000.0,silty,2023,-0.5011507980736165,-0.0604752257280549,10.0,3.0,ET0,3,18.52,21.55,2.9961159428327533,4.71830645976308,4.217760714016453,0.0,,,2023-07-14 07:00:00
668.0,1689404400.0,silty,2023,-0.7331321254315437,-0.5011507980736165,10.0,3.0,ET0,3,0.0,18.52,5.390782029334142,4.71830645976308,4.086274115492445,0.0,,,2023-07-15 07:00:00
669.0,1689490800.0,silty,2023,-0.5974398698219959,-0.5011507980736165,10.0,3.0,ET0,3,0.0,18.52,7.109056997180415,4.71830645976308,4.121249342827301,0.0,,,2023-07-16 07:00:00
670.0,1689577200.0,silty,2023,-0.3695441827877529,-0.5011507980736165,10.0,3.0,ET0,3,19.11,18.52,6.608581357186508,4.71830645976308,4.348762276975327,0.0,,,2023-07-17 07:00:00
671.0,1689663600.0,silty,2023,-0.4738139845214076,-0.3695441827877529,10.0,3.0,ET0,3,0.0,19.11,7.500311698248804,4.71830645976308,4.303890454948723,0.0,,,2023-07-18 07:00:00
672.0,1689750000.0,silty,2023,-0.361092867146093,-0.3695441827877529,10.0,3.0,ET0,3,0.0,19.11,7.063404491828016,4.71830645976308,4.357213592616987,0.0,,,2023-07-19 07:00:00
673.0,1689836400.0,silty,2023,-0.100518887316326,-0.3695441827877529,10.0,3.0,ET0,3,22.51,19.11,7.949048805371062,4.71830645976308,4.617787572446754,0.0,,,2023-07-20 07:00:00
674.0,1689922800.0,silty,2023,-0.3290744696891848,-0.100518887316326,10.0,3.0,ET0,3,0.0,22.51,6.202164075023188,4.71830645976308,4.455479556628519,0.0,,,2023-07-21 07:00:00
675.0,1687503600.0,silty,2023,-0.4751499057935796,0.0,10.0,3.0,ET0,7,6.42,0.0,6.420277994663035,4.71830645976308,4.2431565539695,0.0,,,2023-06-23 07:00:00
676.0,1687590000.0,silty,2023,-0.4619969558399204,-0.4751499057935796,10.0,3.0,ET0,7,0.0,6.42,6.3387606045021405,4.71830645976308,4.256421902778248,0.0,,,2023-06-24 07:00:00
677.0,1687676400.0,silty,2023,-0.2984196426705343,-0.4751499057935796,10.0,3.0,ET0,7,0.0,6.42,7.077332335884068,4.71830645976308,4.419886817092546,0.0,,,2023-06-25 07:00:00
678.0,1687762800.0,silty,2023,-0.1465180787513434,-0.4751499057935796,10.0,3.0,ET0,7,0.0,6.42,6.229180911248416,4.71830645976308,4.571788381011737,0.0,,,2023-06-26 07:00:00
679.0,1687849200.0,silty,2023,0.0329278026677812,-0.4751499057935796,10.0,3.0,ET0,7,0.0,6.42,7.717627618312005,4.71830645976308,4.751234262430861,0.0,,,2023-06-27 07:00:00
680.0,1687935600.0,silty,2023,0.2028713720704744,-0.4751499057935796,10.0,3.0,ET0,7,0.0,6.42,8.190146658736474,4.71830645976308,4.921177831833555,0.0,,,2023-06-28 07:00:00
681.0,1688022000.0,silty,2023,0.2513320191834308,-0.4751499057935796,10.0,3.0,ET0,7,0.0,6.42,2.6534944981591777,4.71830645976308,4.969638478946511,0.0,,,2023-06-29 07:00:00
682.0,1688108400.0,silty,2023,0.3800525042383416,-0.4751499057935796,10.0,3.0,ET0,7,46.02,6.42,7.811921140444205,4.71830645976308,5.098358964001422,0.0,,,2023-06-30 07:00:00
683.0,1688194800.0,silty,2023,-0.3936424883892342,0.3800525042383416,10.0,3.0,ET0,7,0.0,46.02,2.989408376370308,4.71830645976308,4.502517314067853,0.0,,,2023-07-01 07:00:00
684.0,1688281200.0,silty,2023,-0.6565888489723468,0.3800525042383416,10.0,3.0,ET0,7,0.0,46.02,3.628606534620321,4.71830645976308,4.147210808510278,0.0,,,2023-07-02 07:00:00
685.0,1688367600.0,silty,2023,-0.4903793048410764,0.3800525042383416,10.0,3.0,ET0,7,0.0,46.02,5.9091258835011,4.71830645976308,4.227927154922003,0.0,,,2023-07-03 07:00:00
686.0,1688454000.0,silty,2023,-0.29733809307161,0.3800525042383416,10.0,3.0,ET0,7,0.0,46.02,6.621532339824514,4.71830645976308,4.42096836669147,0.0,,,2023-07-04 07:00:00
687.0,1688540400.0,silty,2023,-0.1157113338301989,0.3800525042383416,10.0,3.0,ET0,7,0.0,46.02,6.395412175418061,4.71830645976308,4.602595125932881,0.0,,,2023-07-05 07:00:00
688.0,1688626800.0,silty,2023,0.0893550511895042,0.3800525042383416,10.0,3.0,ET0,7,0.0,46.02,7.492344925936937,4.71830645976308,4.807661510952585,5.0,,,2023-07-06 07:00:00
689.0,1688713200.0,silty,2023,0.1657574311019644,0.3800525042383416,10.0,3.0,ET0,7,36.42,46.02,3.3788724562330463,4.71830645976308,4.884063890865045,0.0,,,2023-07-07 07:00:00
690.0,1688799600.0,silty,2023,-0.4084265143539858,0.1657574311019644,10.0,3.0,ET0,7,0.0,36.42,6.518921569415171,4.71830645976308,4.434565099611143,0.0,,,2023-07-08 07:00:00
691.0,1688886000.0,silty,2023,-0.4771678393151992,0.1657574311019644,10.0,3.0,ET0,7,0.0,36.42,7.0675670514600375,4.71830645976308,4.269221514859733,0.0,,,2023-07-09 07:00:00
692.0,1688972400.0,silty,2023,-0.2805294514745969,0.1657574311019644,10.0,3.0,ET0,7,0.0,36.42,6.961944041187434,4.71830645976308,4.437777008288483,0.0,,,2023-07-10 07:00:00
693.0,1689058800.0,silty,2023,-0.0549989696786421,0.1657574311019644,10.0,3.0,ET0,7,0.0,36.42,7.523781176422247,4.71830645976308,4.663307490084439,0.0,,,2023-07-11 07:00:00
694.0,1689145200.0,silty,2023,0.1700691771279339,0.1657574311019644,10.0,3.0,ET0,7,0.0,36.42,7.806608352298979,4.71830645976308,4.888375636891015,0.0,,,2023-07-12 07:00:00
695.0,1689231600.0,silty,2023,0.3585406641291205,0.1657574311019644,10.0,3.0,ET0,7,0.0,36.42,7.714035948667738,4.71830645976308,5.0768471238922,22.8,,,2023-07-13 07:00:00
696.0,1689318000.0,silty,2023,0.1558137933702308,0.1657574311019644,10.0,3.0,ET0,7,46.59,36.42,2.9961159428327533,4.71830645976308,4.874120253133311,0.0,,,2023-07-14 07:00:00
697.0,1689404400.0,silty,2023,-0.6655021147176698,0.1558137933702308,10.0,3.0,ET0,7,0.0,46.59,5.390782029334142,4.71830645976308,4.322208078099149,0.0,,,2023-07-15 07:00:00
698.0,1689490800.0,silty,2023,-0.8216995174368601,0.1558137933702308,10.0,3.0,ET0,7,0.0,46.59,7.109056997180415,4.71830645976308,4.0210393490106,0.0,,,2023-07-16 07:00:00
699.0,1689577200.0,silty,2023,-0.5948963234935567,0.1558137933702308,10.0,3.0,ET0,7,0.0,46.59,6.608581357186508,4.71830645976308,4.123410136269524,0.0,,,2023-07-17 07:00:00
700.0,1689663600.0,silty,2023,-0.3256192057941424,0.1558137933702308,10.0,3.0,ET0,7,0.0,46.59,7.500311698248804,4.71830645976308,4.392687253968938,0.0,,,2023-07-18 07:00:00
701.0,1689750000.0,silty,2023,-0.0778422405183075,0.1558137933702308,10.0,3.0,ET0,7,0.0,46.59,7.063404491828016,4.71830645976308,4.640464219244773,0.0,,,2023-07-19 07:00:00
702.0,1689836400.0,silty,2023,0.187162498965397,0.1558137933702308,10.0,3.0,ET0,7,0.0,46.59,7.949048805371062,4.71830645976308,4.905468958728477,0.0,,,2023-07-20 07:00:00
703.0,1689922800.0,silty,2023,0.3543486415238666,0.1558137933702308,10.0,3.0,ET0,7,47.82,46.59,6.202164075023188,4.71830645976308,5.072655101286947,0.0,,,2023-07-21 07:00:00
820.0,1719126000.0,silty,2024,-0.6244404567664325,0.0,10.0,3.0,ET0,2,1.66,0.0,1.6632265501860408,4.71830645976308,4.093866002996648,1.7999999999999998,,,2024-06-23 07:00:00
821.0,1719212400.0,silty,2024,-0.7305741285293589,-0.6244404567664325,10.0,3.0,ET0,2,0.0,1.66,1.5856569477409397,4.71830645976308,3.9877323312337216,5.8,,,2024-06-24 07:00:00
822.0,1719298800.0,silty,2024,-0.7809997133752613,-0.6244404567664325,10.0,3.0,ET0,2,3.23,1.66,1.643019943771474,4.71830645976308,3.937306746387819,12.6,,,2024-06-25 07:00:00
823.0,1719385200.0,silty,2024,-0.9532291029745104,-0.7809997133752613,10.0,3.0,ET0,2,0.0,3.23,3.7360647761286776,4.71830645976308,3.771681645862439,1.0,,,2024-06-26 07:00:00
824.0,1719471600.0,silty,2024,-0.9333352497799046,-0.7809997133752613,10.0,3.0,ET0,2,7.02,3.23,3.283058105037508,4.71830645976308,3.784971209983176,0.0,,,2024-06-27 07:00:00
825.0,1719558000.0,silty,2024,-0.8587009622982784,-0.9333352497799046,10.0,3.0,ET0,2,0.0,7.02,8.105450401178516,4.71830645976308,3.861855125741669,0.0,,,2024-06-28 07:00:00
826.0,1719644400.0,silty,2024,-0.6657092097527642,-0.9333352497799046,10.0,3.0,ET0,2,14.96,7.02,6.855392222915658,4.71830645976308,4.052597250010316,0.0,,,2024-06-29 07:00:00
827.0,1719730800.0,silty,2024,-0.7761061586729965,-0.6657092097527642,10.0,3.0,ET0,2,0.0,14.96,6.275478723242181,4.71830645976308,3.9888351876685735,0.0,,,2024-06-30 07:00:00
828.0,1719817200.0,silty,2024,-0.577769552750163,-0.6657092097527642,10.0,3.0,ET0,2,15.28,14.96,9.008052630760128,4.71830645976308,4.140536907012917,0.0,,,2024-07-01 07:00:00
829.0,1719903600.0,silty,2024,-0.7066921557343671,-0.577769552750163,10.0,3.0,ET0,2,0.0,15.28,6.40343719338403,4.71830645976308,4.067686711288206,0.0,,,2024-07-02 07:00:00
830.0,1719990000.0,silty,2024,-0.5857962912283537,-0.577769552750163,10.0,3.0,ET0,2,13.23,15.28,6.828302846826217,4.71830645976308,4.132510168534727,0.0,,,2024-07-03 07:00:00
831.0,1720076400.0,silty,2024,-0.7683110686238589,-0.5857962912283537,10.0,3.0,ET0,2,0.0,13.23,3.501203041998366,4.71830645976308,4.010481821658242,0.0,,,2024-07-04 07:00:00
832.0,1720162800.0,silty,2024,-0.6767209503945101,-0.5857962912283537,10.0,3.0,ET0,2,7.61,13.23,4.110755932356144,4.71830645976308,4.04158550936857,0.0,,,2024-07-05 07:00:00
833.0,1720249200.0,silty,2024,-0.6207572788676011,-0.6767209503945101,10.0,3.0,ET0,2,0.0,7.61,7.570021332731803,4.71830645976308,4.103131665877169,0.0,,,2024-07-06 07:00:00
834.0,1720335600.0,silty,2024,-0.3877413443509837,-0.6767209503945101,10.0,3.0,ET0,2,15.81,7.61,8.236770338981968,4.71830645976308,4.330565115412097,0.0,,,2024-07-07 07:00:00
835.0,1720422000.0,silty,2024,-0.5934701721311899,-0.3877413443509837,10.0,3.0,ET0,2,0.0,15.81,3.5751601774979624,4.71830645976308,4.176086465777803,0.0,,,2024-07-08 07:00:00
836.0,1720508400.0,silty,2024,-0.4850286146072165,-0.3877413443509837,10.0,3.0,ET0,2,9.6,15.81,6.021523561190189,4.71830645976308,4.233277845155864,1.0,,,2024-07-09 07:00:00
837.0,1720594800.0,silty,2024,-0.5220012992380317,-0.4850286146072165,10.0,3.0,ET0,2,0.0,9.6,6.408995121084742,4.71830645976308,4.218226456864795,0.0,,,2024-07-10 07:00:00
838.0,1720681200.0,silty,2024,-0.3171092227281235,-0.4850286146072165,10.0,3.0,ET0,2,13.51,9.6,7.100145056634385,4.71830645976308,4.401197237034957,0.0,,,2024-07-11 07:00:00
839.0,1720767600.0,silty,2024,-0.3477996464276185,-0.3171092227281235,10.0,3.0,ET0,2,0.0,13.51,8.417233027045325,4.71830645976308,4.4050308525664885,0.0,,,2024-07-12 07:00:00
840.0,1720854000.0,silty,2024,-0.1228895915154531,-0.3171092227281235,10.0,3.0,ET0,2,17.9,13.51,9.478835789843243,4.71830645976308,4.595416868247627,0.0,,,2024-07-13 07:00:00
841.0,1720940400.0,silty,2024,-0.2345982397281724,-0.1228895915154531,10.0,3.0,ET0,2,0.0,17.9,8.65408688020589,4.71830645976308,4.531379105103404,0.0,,,2024-07-14 07:00:00
842.0,1721026800.0,silty,2024,-0.1221070491415517,-0.1228895915154531,10.0,3.0,ET0,2,16.69,17.9,8.038553013013921,4.71830645976308,4.596199410621528,0.0,,,2024-07-15 07:00:00
843.0,1721113200.0,silty,2024,-0.240880503827197,-0.1221070491415517,10.0,3.0,ET0,2,0.0,16.69,8.079175888672749,4.71830645976308,4.528770579686373,0.0,,,2024-07-16 07:00:00
844.0,1721199600.0,silty,2024,-0.056617512983644,-0.1221070491415517,10.0,3.0,ET0,2,17.98,16.69,9.89638188136864,4.71830645976308,4.661688946779436,0.0,,,2024-07-17 07:00:00
845.0,1721286000.0,silty,2024,-0.1699964527740213,-0.056617512983644,10.0,3.0,ET0,2,0.0,17.98,8.856197692783795,4.71830645976308,4.599089560932698,0.0,,,2024-07-18 07:00:00
846.0,1721372400.0,silty,2024,-0.0478039692090563,-0.056617512983644,10.0,3.0,ET0,2,17.45,17.98,8.59349226880255,4.71830645976308,4.670502490554024,0.0,,,2024-07-19 07:00:00
847.0,1721458800.0,silty,2024,-0.2213463403500752,-0.0478039692090563,10.0,3.0,ET0,2,0.0,17.45,6.5994601364997925,4.71830645976308,4.555963011412896,0.0,,,2024-07-20 07:00:00
848.0,1721545200.0,silty,2024,-0.1435565067310663,-0.0478039692090563,10.0,3.0,ET0,2,12.96,17.45,6.35886520949269,4.71830645976308,4.574749953032014,0.0,,,2024-07-21 07:00:00
849.0,1719126000.0,silty,2024,-0.6244404567664325,0.0,10.0,3.0,ET0,1,1.66,0.0,1.6632265501860408,4.71830645976308,4.093866002996648,1.7999999999999998,,,2024-06-23 07:00:00
850.0,1719212400.0,silty,2024,-0.7305741285293589,-0.6244404567664325,10.0,3.0,ET0,1,1.59,1.66,1.5856569477409397,4.71830645976308,3.9877323312337216,5.8,,,2024-06-24 07:00:00
851.0,1719298800.0,silty,2024,-0.8178614431825778,-0.7305741285293589,10.0,3.0,ET0,1,1.64,1.59,1.643019943771474,4.71830645976308,3.900445016580503,12.6,,,2024-06-25 07:00:00
852.0,1719385200.0,silty,2024,-0.9532503760362812,-0.8178614431825778,10.0,3.0,ET0,1,3.74,1.64,3.7360647761286776,4.71830645976308,3.768153829071789,1.0,,,2024-06-26 07:00:00
853.0,1719471600.0,silty,2024,-1.0229087694892876,-0.9532503760362812,10.0,3.0,ET0,1,3.28,3.74,3.283058105037508,4.71830645976308,3.695950938549438,0.0,,,2024-06-27 07:00:00
854.0,1719558000.0,silty,2024,-0.8639723898148625,-1.0229087694892876,10.0,3.0,ET0,1,8.11,3.28,8.105450401178516,4.71830645976308,3.854334069948218,0.0,,,2024-06-28 07:00:00
855.0,1719644400.0,silty,2024,-0.8480788695345681,-0.8639723898148625,10.0,3.0,ET0,1,6.86,8.11,6.855392222915658,4.71830645976308,3.879932348473506,0.0,,,2024-06-29 07:00:00
856.0,1719730800.0,silty,2024,-0.8251109603422108,-0.8480788695345681,10.0,3.0,ET0,1,6.28,6.86,6.275478723242181,4.71830645976308,3.90010785329609,0.0,,,2024-06-30 07:00:00
857.0,1719817200.0,silty,2024,-0.7114571158342222,-0.8251109603422108,10.0,3.0,ET0,1,9.01,6.28,9.008052630760128,4.71830645976308,4.008210966001685,0.0,,,2024-07-01 07:00:00
858.0,1719903600.0,silty,2024,-0.742180475738897,-0.7114571158342222,10.0,3.0,ET0,1,6.4,9.01,6.40343719338403,4.71830645976308,3.998506471594553,0.0,,,2024-07-02 07:00:00
859.0,1719990000.0,silty,2024,-0.7115487701765387,-0.742180475738897,10.0,3.0,ET0,1,6.83,6.4,6.828302846826217,4.71830645976308,4.013528325513482,0.0,,,2024-07-03 07:00:00
860.0,1720076400.0,silty,2024,-0.7720829908915132,-0.7115487701765387,10.0,3.0,ET0,1,3.5,6.83,3.501203041998366,4.71830645976308,3.958078782961298,0.0,,,2024-07-04 07:00:00
861.0,1720162800.0,silty,2024,-0.7252708382961653,-0.7720829908915132,10.0,3.0,ET0,1,4.11,3.5,4.110755932356144,4.71830645976308,3.993035621466915,0.0,,,2024-07-05 07:00:00
862.0,1720249200.0,silty,2024,-0.587580718818303,-0.7252708382961653,10.0,3.0,ET0,1,7.57,4.11,7.570021332731803,4.71830645976308,4.1307257409447775,0.0,,,2024-07-06 07:00:00
863.0,1720335600.0,silty,2024,-0.5220734042645467,-0.587580718818303,10.0,3.0,ET0,1,8.24,7.57,8.236770338981968,4.71830645976308,4.198729229777738,0.0,,,2024-07-07 07:00:00
864.0,1720422000.0,silty,2024,-0.6189321346145438,-0.5220734042645467,10.0,3.0,ET0,1,3.58,8.24,3.5751601774979624,4.71830645976308,4.114796006098693,0.0,,,2024-07-08 07:00:00
865.0,1720508400.0,silty,2024,-0.5255288789990064,-0.6189321346145438,10.0,3.0,ET0,1,6.02,3.58,6.021523561190189,4.71830645976308,4.192777580764074,1.0,,,2024-07-09 07:00:00
866.0,1720594800.0,silty,2024,-0.4788486685108559,-0.5255288789990064,10.0,3.0,ET0,1,6.41,6.02,6.408995121084742,4.71830645976308,4.239463676253814,0.0,,,2024-07-10 07:00:00
867.0,1720681200.0,silty,2024,-0.4165092514781699,-0.4788486685108559,10.0,3.0,ET0,1,7.1,6.41,7.100145056634385,4.71830645976308,4.302091070172022,0.0,,,2024-07-11 07:00:00
868.0,1720767600.0,silty,2024,-0.3367447447544188,-0.4165092514781699,10.0,3.0,ET0,1,8.42,7.1,8.417233027045325,4.71830645976308,4.382830316910036,0.0,,,2024-07-12 07:00:00
869.0,1720854000.0,silty,2024,-0.2666635508167949,-0.3367447447544188,10.0,3.0,ET0,1,9.48,8.42,9.478835789843243,4.71830645976308,4.458260938198297,0.0,,,2024-07-13 07:00:00
870.0,1720940400.0,silty,2024,-0.2637736641302426,-0.2666635508167949,10.0,3.0,ET0,1,8.65,9.48,8.65408688020589,4.71830645976308,4.472491566606412,0.0,,,2024-07-14 07:00:00
871.0,1721026800.0,silty,2024,-0.2628715761464648,-0.2637736641302426,10.0,3.0,ET0,1,8.04,8.65,8.038553013013921,4.71830645976308,4.470074389233276,0.0,,,2024-07-15 07:00:00
872.0,1721113200.0,silty,2024,-0.242071549745675,-0.2628715761464648,10.0,3.0,ET0,1,8.08,8.04,8.079175888672749,4.71830645976308,4.485163357229552,0.0,,,2024-07-16 07:00:00
873.0,1721199600.0,silty,2024,-0.1643636302424336,-0.242071549745675,10.0,3.0,ET0,1,9.9,8.08,9.89638188136864,4.71830645976308,4.559962558158331,0.0,,,2024-07-17 07:00:00
874.0,1721286000.0,silty,2024,-0.1678751209999531,-0.1643636302424336,10.0,3.0,ET0,1,8.86,9.9,8.856197692783795,4.71830645976308,4.571886379660548,0.0,,,2024-07-18 07:00:00
875.0,1721372400.0,silty,2024,-0.1670369040636175,-0.1678751209999531,10.0,3.0,ET0,1,8.59,8.86,8.59349226880255,4.71830645976308,4.56647171794841,0.0,,,2024-07-19 07:00:00
876.0,1721458800.0,silty,2024,-0.2077520047708904,-0.1670369040636175,10.0,3.0,ET0,1,6.6,8.59,6.5994601364997925,4.71830645976308,4.527722098327328,0.0,,,2024-07-20 07:00:00
877.0,1721545200.0,silty,2024,-0.1990448824865573,-0.2077520047708904,10.0,3.0,ET0,1,6.36,6.6,6.35886520949269,4.71830645976308,4.522294127846289,0.0,,,2024-07-21 07:00:00
878.0,1719126000.0,silty,2024,-0.6244404567664325,0.0,10.0,3.0,ET0,3,1.66,0.0,1.6632265501860408,4.71830645976308,4.093866002996648,1.7999999999999998,,,2024-06-23 07:00:00
879.0,1719212400.0,silty,2024,-0.7305741285293589,-0.6244404567664325,10.0,3.0,ET0,3,0.0,1.66,1.5856569477409397,4.71830645976308,3.9877323312337216,5.8,,,2024-06-24 07:00:00
880.0,1719298800.0,silty,2024,-0.7809997133752613,-0.6244404567664325,10.0,3.0,ET0,3,0.0,1.66,1.643019943771474,4.71830645976308,3.937306746387819,12.6,,,2024-06-25 07:00:00
881.0,1719385200.0,silty,2024,-0.8634879600040835,-0.6244404567664325,10.0,3.0,ET0,3,6.96,1.66,3.7360647761286776,4.71830645976308,3.8548184997589967,1.0,,,2024-06-26 07:00:00
882.0,1719471600.0,silty,2024,-1.0186435812228034,-0.8634879600040835,10.0,3.0,ET0,3,0.0,6.96,3.283058105037508,4.71830645976308,3.714106843723119,0.0,,,2024-06-27 07:00:00
883.0,1719558000.0,silty,2024,-0.7923636471685973,-0.8634879600040835,10.0,3.0,ET0,3,0.0,6.96,8.105450401178516,4.71830645976308,3.925942812594483,0.0,,,2024-06-28 07:00:00
884.0,1719644400.0,silty,2024,-0.5927450644239821,-0.8634879600040835,10.0,3.0,ET0,3,18.24,6.96,6.855392222915658,4.71830645976308,4.125561395339099,0.0,,,2024-06-29 07:00:00
885.0,1719730800.0,silty,2024,-0.7374334618681669,-0.5927450644239821,10.0,3.0,ET0,3,0.0,18.24,6.275478723242181,4.71830645976308,4.030118895302227,0.0,,,2024-06-30 07:00:00
886.0,1719817200.0,silty,2024,-0.5811268896412991,-0.5927450644239821,10.0,3.0,ET0,3,0.0,18.24,9.008052630760128,4.71830645976308,4.1371795701217815,0.0,,,2024-07-01 07:00:00
887.0,1719903600.0,silty,2024,-0.405089071402621,-0.5927450644239821,10.0,3.0,ET0,3,21.69,18.24,6.40343719338403,4.71830645976308,4.313217388360459,0.0,,,2024-07-02 07:00:00
888.0,1719990000.0,silty,2024,-0.6189200254912777,-0.405089071402621,10.0,3.0,ET0,3,0.0,21.69,6.828302846826217,4.71830645976308,4.1668872287302765,0.0,,,2024-07-03 07:00:00
889.0,1720076400.0,silty,2024,-0.6579941605261479,-0.405089071402621,10.0,3.0,ET0,3,0.0,21.69,3.501203041998366,4.71830645976308,4.062920187885291,0.0,,,2024-07-04 07:00:00
890.0,1720162800.0,silty,2024,-0.5300665864462919,-0.405089071402621,10.0,3.0,ET0,3,14.44,21.69,4.110755932356144,4.71830645976308,4.188239873316788,0.0,,,2024-07-05 07:00:00
891.0,1720249200.0,silty,2024,-0.5975823939781792,-0.5300665864462919,10.0,3.0,ET0,3,0.0,14.44,7.570021332731803,4.71830645976308,4.166329775845416,0.0,,,2024-07-06 07:00:00
892.0,1720335600.0,silty,2024,-0.4187941246656622,-0.5300665864462919,10.0,3.0,ET0,3,0.0,14.44,8.236770338981968,4.71830645976308,4.299512335097418,0.0,,,2024-07-07 07:00:00
893.0,1720422000.0,silty,2024,-0.3128757377647671,-0.5300665864462919,10.0,3.0,ET0,3,19.38,14.44,3.5751601774979624,4.71830645976308,4.4054307219983135,0.0,,,2024-07-08 07:00:00
894.0,1720508400.0,silty,2024,-0.4944962629933134,-0.3128757377647671,10.0,3.0,ET0,3,0.0,19.38,6.021523561190189,4.71830645976308,4.280487258768814,1.0,,,2024-07-09 07:00:00
895.0,1720594800.0,silty,2024,-0.4332787809934726,-0.3128757377647671,10.0,3.0,ET0,3,0.0,19.38,6.408995121084742,4.71830645976308,4.285027678769608,0.0,,,2024-07-10 07:00:00
896.0,1720681200.0,silty,2024,-0.2190606664776084,-0.3128757377647671,10.0,3.0,ET0,3,19.53,19.38,7.100145056634385,4.71830645976308,4.499245793285472,0.0,,,2024-07-11 07:00:00
897.0,1720767600.0,silty,2024,-0.3346956288685201,-0.2190606664776084,10.0,3.0,ET0,3,0.0,19.53,8.417233027045325,4.71830645976308,4.434367020969484,0.0,,,2024-07-12 07:00:00
898.0,1720854000.0,silty,2024,-0.1892859343689267,-0.2190606664776084,10.0,3.0,ET0,3,0.0,19.53,9.478835789843243,4.71830645976308,4.529020525394153,0.0,,,2024-07-13 07:00:00
899.0,1720940400.0,silty,2024,0.0522079963686573,-0.2190606664776084,10.0,3.0,ET0,3,26.55,19.53,8.65408688020589,4.71830645976308,4.770514456131737,0.0,,,2024-07-14 07:00:00
900.0,1721026800.0,silty,2024,-0.2377388365443446,0.0522079963686573,10.0,3.0,ET0,3,0.0,26.55,8.038553013013921,4.71830645976308,4.5544031550888455,0.0,,,2024-07-15 07:00:00
901.0,1721113200.0,silty,2024,-0.2036576104293917,0.0522079963686573,10.0,3.0,ET0,3,0.0,26.55,8.079175888672749,4.71830645976308,4.515575725880657,0.0,,,2024-07-16 07:00:00
902.0,1721199600.0,silty,2024,0.073736569295852,0.0522079963686573,10.0,3.0,ET0,3,26.01,26.55,9.89638188136864,4.71830645976308,4.792043029058933,0.0,,,2024-07-17 07:00:00
903.0,1721286000.0,silty,2024,-0.1838768947360108,0.073736569295852,10.0,3.0,ET0,3,0.0,26.01,8.856197692783795,4.71830645976308,4.606672751736439,0.0,,,2024-07-18 07:00:00
904.0,1721372400.0,silty,2024,-0.1345030108317232,0.073736569295852,10.0,3.0,ET0,3,0.0,26.01,8.59349226880255,4.71830645976308,4.584134032333896,0.0,,,2024-07-19 07:00:00
905.0,1721458800.0,silty,2024,0.0473843878608593,0.073736569295852,10.0,3.0,ET0,3,24.05,26.01,6.5994601364997925,4.71830645976308,4.765690847623939,0.0,,,2024-07-20 07:00:00
906.0,1721545200.0,silty,2024,-0.2341539385808274,0.0473843878608593,10.0,3.0,ET0,3,0.0,24.05,6.35886520949269,4.71830645976308,4.559742033222869,0.0,,,2024-07-21 07:00:00
907.0,1719126000.0,silty,2024,-0.6244404567664325,0.0,10.0,3.0,ET0,7,1.66,0.0,1.6632265501860408,4.71830645976308,4.093866002996648,1.7999999999999998,,,2024-06-23 07:00:00
908.0,1719212400.0,silty,2024,-0.7305741285293589,-0.6244404567664325,10.0,3.0,ET0,7,0.0,1.66,1.5856569477409397,4.71830645976308,3.9877323312337216,5.8,,,2024-06-24 07:00:00
909.0,1719298800.0,silty,2024,-0.7809997133752613,-0.6244404567664325,10.0,3.0,ET0,7,0.0,1.66,1.643019943771474,4.71830645976308,3.937306746387819,12.6,,,2024-06-25 07:00:00
910.0,1719385200.0,silty,2024,-0.8634879600040835,-0.6244404567664325,10.0,3.0,ET0,7,0.0,1.66,3.7360647761286776,4.71830645976308,3.8548184997589967,1.0,,,2024-06-26 07:00:00
911.0,1719471600.0,silty,2024,-0.8502740809095322,-0.6244404567664325,10.0,3.0,ET0,7,0.0,1.66,3.283058105037508,4.71830645976308,3.868032378853548,0.0,,,2024-06-27 07:00:00
912.0,1719558000.0,silty,2024,-0.6243521694644522,-0.6244404567664325,10.0,3.0,ET0,7,0.0,1.66,8.105450401178516,4.71830645976308,4.093954290298628,0.0,,,2024-06-28 07:00:00
913.0,1719644400.0,silty,2024,-0.4269995038845924,-0.6244404567664325,10.0,3.0,ET0,7,0.0,1.66,6.855392222915658,4.71830645976308,4.291306955878488,0.0,,,2024-06-29 07:00:00
914.0,1719730800.0,silty,2024,-0.2396545681883629,-0.6244404567664325,10.0,3.0,ET0,7,31.48,1.66,6.275478723242181,4.71830645976308,4.478651891574717,0.0,,,2024-06-30 07:00:00
915.0,1719817200.0,silty,2024,-0.5624564234928211,-0.2396545681883629,10.0,3.0,ET0,7,0.0,31.48,9.008052630760128,4.71830645976308,4.23815897438766,0.0,,,2024-07-01 07:00:00
916.0,1719903600.0,silty,2024,-0.6019140003651208,-0.2396545681883629,10.0,3.0,ET0,7,0.0,31.48,6.40343719338403,4.71830645976308,4.12777371904181,0.0,,,2024-07-02 07:00:00
917.0,1719990000.0,silty,2024,-0.4217837098977207,-0.2396545681883629,10.0,3.0,ET0,7,0.0,31.48,6.828302846826217,4.71830645976308,4.29652274986536,0.0,,,2024-07-03 07:00:00
918.0,1720076400.0,silty,2024,-0.3188777472794442,-0.2396545681883629,10.0,3.0,ET0,7,0.0,31.48,3.501203041998366,4.71830645976308,4.399428712483636,0.0,,,2024-07-04 07:00:00
919.0,1720162800.0,silty,2024,-0.192437717536427,-0.2396545681883629,10.0,3.0,ET0,7,0.0,31.48,4.110755932356144,4.71830645976308,4.5258687422266535,0.0,,,2024-07-05 07:00:00
920.0,1720249200.0,silty,2024,0.0250027374473814,-0.2396545681883629,10.0,3.0,ET0,7,0.0,31.48,7.570021332731803,4.71830645976308,4.743309197210461,0.0,,,2024-07-06 07:00:00
921.0,1720335600.0,silty,2024,0.2276742805980728,-0.2396545681883629,10.0,3.0,ET0,7,45.66,31.48,8.236770338981968,4.71830645976308,4.945980740361153,0.0,,,2024-07-07 07:00:00
922.0,1720422000.0,silty,2024,-0.5310504615763352,0.2276742805980728,10.0,3.0,ET0,7,0.0,45.66,3.5751601774979624,4.71830645976308,4.390712982422502,0.0,,,2024-07-08 07:00:00
923.0,1720508400.0,silty,2024,-0.6993846255109745,0.2276742805980728,10.0,3.0,ET0,7,0.0,45.66,6.021523561190189,4.71830645976308,4.107236876336753,1.0,,,2024-07-09 07:00:00
924.0,1720594800.0,silty,2024,-0.5067897413061223,0.2276742805980728,10.0,3.0,ET0,7,0.0,45.66,6.408995121084742,4.71830645976308,4.2115167184569575,0.0,,,2024-07-10 07:00:00
925.0,1720681200.0,silty,2024,-0.2770829604797529,0.2276742805980728,10.0,3.0,ET0,7,0.0,45.66,7.100145056634385,4.71830645976308,4.441223499283328,0.0,,,2024-07-11 07:00:00
926.0,1720767600.0,silty,2024,-0.0109481022246996,0.2276742805980728,10.0,3.0,ET0,7,0.0,45.66,8.417233027045325,4.71830645976308,4.70735835753838,0.0,,,2024-07-12 07:00:00
927.0,1720854000.0,silty,2024,0.2614139650882887,0.2276742805980728,10.0,3.0,ET0,7,0.0,45.66,9.478835789843243,4.71830645976308,4.979720424851369,0.0,,,2024-07-13 07:00:00
928.0,1720940400.0,silty,2024,0.4532245576926691,0.2276742805980728,10.0,3.0,ET0,7,49.66,45.66,8.65408688020589,4.71830645976308,5.17153101745575,0.0,,,2024-07-14 07:00:00
929.0,1721026800.0,silty,2024,-0.2747235551739186,0.4532245576926691,10.0,3.0,ET0,7,0.0,49.66,8.038553013013921,4.71830645976308,4.632180328505016,0.0,,,2024-07-15 07:00:00
930.0,1721113200.0,silty,2024,-0.4870809728272113,0.4532245576926691,10.0,3.0,ET0,7,0.0,49.66,8.079175888672749,4.71830645976308,4.3170561239248,0.0,,,2024-07-16 07:00:00
931.0,1721199600.0,silty,2024,-0.2054871480010836,0.4532245576926691,10.0,3.0,ET0,7,0.0,49.66,9.89638188136864,4.71830645976308,4.512819311761997,0.0,,,2024-07-17 07:00:00
932.0,1721286000.0,silty,2024,0.0683677532100813,0.4532245576926691,10.0,3.0,ET0,7,0.0,49.66,8.856197692783795,4.71830645976308,4.786674212973161,0.0,,,2024-07-18 07:00:00
933.0,1721372400.0,silty,2024,0.3157483453296429,0.4532245576926691,10.0,3.0,ET0,7,0.0,49.66,8.59349226880255,4.71830645976308,5.034054805092723,0.0,,,2024-07-19 07:00:00
934.0,1721458800.0,silty,2024,0.468564656802431,0.4532245576926691,10.0,3.0,ET0,7,0.0,49.66,6.5994601364997925,4.71830645976308,5.186871116565511,0.0,,,2024-07-20 07:00:00
935.0,1721545200.0,silty,2024,0.5885645299277346,0.4532245576926691,10.0,3.0,ET0,7,56.42,49.66,6.35886520949269,4.71830645976308,5.306870989690815,0.0,,,2024-07-21 07:00:00
1056.0,1625986800.0,sandy,2021,0.222797796250514,0.0,7.0,3.0,ET0,2,7.91,0.0,7.909412676835701,4.71830645976308,4.9411042560135945,0.0,,,2021-07-11 07:00:00
1057.0,1626073200.0,sandy,2021,0.2003313683592274,0.222797796250514,7.0,3.0,ET0,2,0.0,7.91,8.171899400888595,4.71830645976308,4.918637828122308,0.0,,,2021-07-12 07:00:00
1058.0,1626159600.0,sandy,2021,0.368683226154074,0.222797796250514,7.0,3.0,ET0,2,15.48,7.91,7.307248568315713,4.71830645976308,5.086989685917154,49.2,,,2021-07-13 07:00:00
1059.0,1626246000.0,sandy,2021,-1.250156623481068,0.368683226154074,7.0,3.0,ET0,2,0.0,15.48,3.7200181370317593,4.71830645976308,3.5393676817872515,0.0,,,2021-07-14 07:00:00
1060.0,1626332400.0,sandy,2021,-1.0058021405710065,0.368683226154074,7.0,3.0,ET0,2,10.31,15.48,6.588938290136868,4.71830645976308,3.7125043191920737,0.0,,,2021-07-15 07:00:00
1061.0,1626418800.0,sandy,2021,-1.0954528486093815,-1.0058021405710065,7.0,3.0,ET0,2,0.0,10.31,4.2070949143533625,4.71830645976308,3.6230904214205086,10.8,,,2021-07-16 07:00:00
1062.0,1626505200.0,sandy,2021,-1.2436994219695416,-1.0058021405710065,7.0,3.0,ET0,2,5.93,10.31,1.7206288405645938,4.71830645976308,3.4746070377935387,0.8,,,2021-07-17 07:00:00
1063.0,1626591600.0,sandy,2021,-1.2856986724811346,-1.2436994219695416,7.0,3.0,ET0,2,0.0,5.93,2.339819333016992,4.71830645976308,3.432607787281946,0.0,,,2021-07-18 07:00:00
1064.0,1626678000.0,sandy,2021,-1.0258185521733212,-1.2436994219695416,7.0,3.0,ET0,2,7.88,5.93,5.542148180411579,4.71830645976308,3.692487907589759,0.0,,,2021-07-19 07:00:00
1065.0,1626764400.0,sandy,2021,-0.9401212860564958,-1.0258185521733212,7.0,3.0,ET0,2,0.0,7.88,6.336708517861463,4.71830645976308,3.778185173706584,0.0,,,2021-07-20 07:00:00
1066.0,1626850800.0,sandy,2021,-0.6155207954833247,-1.0258185521733212,7.0,3.0,ET0,2,14.06,7.88,7.723088615724408,4.71830645976308,4.102785664279756,0.0,,,2021-07-21 07:00:00
1067.0,1626937200.0,sandy,2021,-0.7584012700800484,-0.6155207954833247,7.0,3.0,ET0,2,0.0,14.06,6.384988487195638,4.71830645976308,3.959905189683032,0.0,,,2021-07-22 07:00:00
1068.0,1627023600.0,sandy,2021,-0.5038795828183713,-0.6155207954833247,7.0,3.0,ET0,2,13.11,14.06,6.724001721462045,4.71830645976308,4.214426876944709,0.0,,,2021-07-23 07:00:00
1069.0,1627110000.0,sandy,2021,-0.6341405234671865,-0.5038795828183713,7.0,3.0,ET0,2,0.0,13.11,6.639604206034317,4.71830645976308,4.084165936295894,0.0,,,2021-07-24 07:00:00
1070.0,1627196400.0,sandy,2021,-0.4224912396448974,-0.5038795828183713,7.0,3.0,ET0,2,12.71,13.11,6.068344799075018,4.71830645976308,4.295815220118183,0.0,,,2021-07-25 07:00:00
1071.0,1627282800.0,sandy,2021,-0.6414580385364475,-0.4224912396448974,7.0,3.0,ET0,2,0.0,12.71,3.7441148307248353,4.71830645976308,4.076848421226633,0.0,,,2021-07-26 07:00:00
1072.0,1627369200.0,sandy,2021,-0.4510552421253567,-0.4224912396448974,7.0,3.0,ET0,2,9.0,12.71,5.25782491390273,4.71830645976308,4.267251217637724,1.0,,,2021-07-27 07:00:00
1073.0,1627455600.0,sandy,2021,-0.5586448867527738,-0.4510552421253567,7.0,3.0,ET0,2,0.0,9.0,4.067188753317478,4.71830645976308,4.159661573010307,0.0,,,2021-07-28 07:00:00
1074.0,1627542000.0,sandy,2021,-0.3558420228547591,-0.4510552421253567,7.0,3.0,ET0,2,9.57,9.0,5.501441403272102,4.71830645976308,4.362464436908321,0.0,,,2021-07-29 07:00:00
1075.0,1627628400.0,sandy,2021,-0.3560175972995393,-0.3558420228547591,7.0,3.0,ET0,2,0.0,9.57,7.363960029273559,4.71830645976308,4.362288862463541,0.0,,,2021-07-30 07:00:00
1076.0,1627714800.0,sandy,2021,-0.0718111946263789,-0.3558420228547591,7.0,3.0,ET0,2,15.49,9.57,8.127164249908118,4.71830645976308,4.646495265136702,0.0,,,2021-07-31 07:00:00
1077.0,1627801200.0,sandy,2021,-0.3532421658489572,-0.0718111946263789,7.0,3.0,ET0,2,0.0,15.49,7.011084171391055,4.71830645976308,4.369218842483679,9.0,,,2021-08-01 07:00:00
1078.0,1627887600.0,sandy,2021,-0.2240120598475963,-0.0718111946263789,7.0,3.0,ET0,2,14.32,15.49,7.304828236834061,4.71830645976308,4.494294399915484,0.0,,,2021-08-02 07:00:00
1079.0,1627974000.0,sandy,2021,-0.417149801927285,-0.2240120598475963,7.0,3.0,ET0,2,0.0,14.32,7.320018177389831,4.71830645976308,4.301156657835795,0.0,,,2021-08-03 07:00:00
1080.0,1628060400.0,sandy,2021,-0.1340958667508737,-0.2240120598475963,7.0,3.0,ET0,2,15.56,14.32,8.239496207860649,4.71830645976308,4.584210593012206,0.0,,,2021-08-04 07:00:00
1081.0,1628146800.0,sandy,2021,-0.4492242550308776,-0.1340958667508737,7.0,3.0,ET0,2,0.0,15.56,4.198759507591638,4.71830645976308,4.269082204732203,0.0,,,2021-08-05 07:00:00
1082.0,1628233200.0,sandy,2021,-0.1457346811669373,-0.1340958667508737,7.0,3.0,ET0,2,12.46,15.56,8.25634687060054,4.71830645976308,4.572571778596143,0.0,,,2021-08-06 07:00:00
1083.0,1628319600.0,sandy,2021,-0.2445721305771305,-0.1457346811669373,7.0,3.0,ET0,2,0.0,12.46,7.823891414052509,4.71830645976308,4.47373432918595,0.0,,,2021-08-07 07:00:00
1084.0,1628406000.0,sandy,2021,-0.0099837106985029,-0.1457346811669373,7.0,3.0,ET0,2,14.63,12.46,6.805842568347599,4.71830645976308,4.708322749064577,0.0,,,2021-08-08 07:00:00
1085.0,1628492400.0,sandy,2021,-0.179548022504652,-0.0099837106985029,7.0,3.0,ET0,2,0.0,14.63,8.235329351972808,4.71830645976308,4.538758437258428,0.0,,,2021-08-09 07:00:00
1086.0,1625986800.0,sandy,2021,0.222797796250514,0.0,7.0,3.0,ET0,1,7.91,0.0,7.909412676835701,4.71830645976308,4.9411042560135945,0.0,,,2021-07-11 07:00:00
1087.0,1626073200.0,sandy,2021,0.2003313683592274,0.222797796250514,7.0,3.0,ET0,1,8.17,7.91,8.171899400888595,4.71830645976308,4.918637828122308,0.0,,,2021-07-12 07:00:00
1088.0,1626159600.0,sandy,2021,0.1220986513380179,0.2003313683592274,7.0,3.0,ET0,1,7.31,8.17,7.307248568315713,4.71830645976308,4.840405111101099,49.2,,,2021-07-13 07:00:00
1089.0,1626246000.0,sandy,2021,-1.2405305570698966,0.1220986513380179,7.0,3.0,ET0,1,3.72,7.31,3.7200181370317593,4.71830645976308,3.53978645375932,0.0,,,2021-07-14 07:00:00
1090.0,1626332400.0,sandy,2021,-1.0911842753708416,-1.2405305570698966,7.0,3.0,ET0,1,6.59,3.72,6.588938290136868,4.71830645976308,3.627122184392239,0.0,,,2021-07-15 07:00:00
1091.0,1626418800.0,sandy,2021,-1.080340969947894,-1.0911842753708416,7.0,3.0,ET0,1,4.21,6.59,4.2070949143533625,4.71830645976308,3.637965489815186,10.8,,,2021-07-16 07:00:00
1092.0,1626505200.0,sandy,2021,-1.333161283296075,-1.080340969947894,7.0,3.0,ET0,1,1.72,4.21,1.7206288405645938,4.71830645976308,3.389160999771583,0.8,,,2021-07-17 07:00:00
1093.0,1626591600.0,sandy,2021,-1.2597022888693716,-1.333161283296075,7.0,3.0,ET0,1,2.34,1.72,2.339819333016992,4.71830645976308,3.4586041708937088,0.0,,,2021-07-18 07:00:00
1094.0,1626678000.0,sandy,2021,-1.0577903728794544,-1.2597022888693716,7.0,3.0,ET0,1,5.54,2.34,5.542148180411579,4.71830645976308,3.660516086883626,0.0,,,2021-07-19 07:00:00
1095.0,1626764400.0,sandy,2021,-0.914887540691136,-1.0577903728794544,7.0,3.0,ET0,1,6.34,5.54,6.336708517861463,4.71830645976308,3.803418919071945,0.0,,,2021-07-20 07:00:00
1096.0,1626850800.0,sandy,2021,-0.7638175152106876,-0.914887540691136,7.0,3.0,ET0,1,7.72,6.34,7.723088615724408,4.71830645976308,3.9544889445523927,0.0,,,2021-07-21 07:00:00
1097.0,1626937200.0,sandy,2021,-0.7269203174937594,-0.7638175152106876,7.0,3.0,ET0,1,6.38,7.72,6.384988487195638,4.71830645976308,3.9913861422693206,0.0,,,2021-07-22 07:00:00
1098.0,1627023600.0,sandy,2021,-0.6481545462902736,-0.7269203174937594,7.0,3.0,ET0,1,6.72,6.38,6.724001721462045,4.71830645976308,4.070151913472807,0.0,,,2021-07-23 07:00:00
1099.0,1627110000.0,sandy,2021,-0.5953756582203037,-0.6481545462902736,7.0,3.0,ET0,1,6.64,6.72,6.639604206034317,4.71830645976308,4.122930801542776,0.0,,,2021-07-24 07:00:00
1100.0,1627196400.0,sandy,2021,-0.5682734776930799,-0.5953756582203037,7.0,3.0,ET0,1,6.07,6.64,6.068344799075018,4.71830645976308,4.15003298207,0.0,,,2021-07-25 07:00:00
1101.0,1627282800.0,sandy,2021,-0.6001637011215092,-0.5682734776930799,7.0,3.0,ET0,1,3.74,6.07,3.7441148307248353,4.71830645976308,4.118142758641571,0.0,,,2021-07-26 07:00:00
1102.0,1627369200.0,sandy,2021,-0.5094222352007204,-0.6001637011215092,7.0,3.0,ET0,1,5.26,3.74,5.25782491390273,4.71830645976308,4.20888422456236,1.0,,,2021-07-27 07:00:00
1103.0,1627455600.0,sandy,2021,-0.5157805627609022,-0.5094222352007204,7.0,3.0,ET0,1,4.07,5.26,4.067188753317478,4.71830645976308,4.202525897002178,0.0,,,2021-07-28 07:00:00
1104.0,1627542000.0,sandy,2021,-0.4268265934493664,-0.5157805627609022,7.0,3.0,ET0,1,5.5,4.07,5.501441403272102,4.71830645976308,4.291479866313714,0.0,,,2021-07-29 07:00:00
1105.0,1627628400.0,sandy,2021,-0.3105823434493442,-0.4268265934493664,7.0,3.0,ET0,1,7.36,5.5,7.363960029273559,4.71830645976308,4.407724116313736,0.0,,,2021-07-30 07:00:00
1106.0,1627714800.0,sandy,2021,-0.2418137658103992,-0.3105823434493442,7.0,3.0,ET0,1,8.13,7.36,8.127164249908118,4.71830645976308,4.4764926939526815,0.0,,,2021-07-31 07:00:00
1107.0,1627801200.0,sandy,2021,-0.2725053691064926,-0.2418137658103992,7.0,3.0,ET0,1,7.01,8.13,7.011084171391055,4.71830645976308,4.445801090656588,9.0,,,2021-08-01 07:00:00
1108.0,1627887600.0,sandy,2021,-0.3639439885265415,-0.2725053691064926,7.0,3.0,ET0,1,7.3,7.01,7.304828236834061,4.71830645976308,4.354362471236539,0.0,,,2021-08-02 07:00:00
1109.0,1627974000.0,sandy,2021,-0.3394846207957638,-0.3639439885265415,7.0,3.0,ET0,1,7.32,7.3,7.320018177389831,4.71830645976308,4.378821838967316,0.0,,,2021-08-03 07:00:00
1110.0,1628060400.0,sandy,2021,-0.2699126543150521,-0.3394846207957638,7.0,3.0,ET0,1,8.24,7.32,8.239496207860649,4.71830645976308,4.4483938054480285,0.0,,,2021-08-04 07:00:00
1111.0,1628146800.0,sandy,2021,-0.3659319170700363,-0.2699126543150521,7.0,3.0,ET0,1,4.2,8.24,4.198759507591638,4.71830645976308,4.352374542693044,0.0,,,2021-08-05 07:00:00
1112.0,1628233200.0,sandy,2021,-0.1828418177994284,-0.3659319170700363,7.0,3.0,ET0,1,8.26,4.2,8.25634687060054,4.71830645976308,4.535464641963652,0.0,,,2021-08-06 07:00:00
1113.0,1628319600.0,sandy,2021,-0.1589967265668769,-0.1828418177994284,7.0,3.0,ET0,1,7.82,8.26,7.823891414052509,4.71830645976308,4.559309733196203,0.0,,,2021-08-07 07:00:00
1114.0,1628406000.0,sandy,2021,-0.1614688096777244,-0.1589967265668769,7.0,3.0,ET0,1,6.81,7.82,6.805842568347599,4.71830645976308,4.556837650085356,0.0,,,2021-08-08 07:00:00
1115.0,1628492400.0,sandy,2021,-0.0837919195685333,-0.1614688096777244,7.0,3.0,ET0,1,8.24,6.81,8.235329351972808,4.71830645976308,4.634514540194547,0.0,,,2021-08-09 07:00:00
1116.0,1625986800.0,sandy,2021,0.222797796250514,0.0,7.0,3.0,ET0,3,7.91,0.0,7.909412676835701,4.71830645976308,4.9411042560135945,0.0,,,2021-07-11 07:00:00
1117.0,1626073200.0,sandy,2021,0.2003313683592274,0.222797796250514,7.0,3.0,ET0,3,0.0,7.91,8.171899400888595,4.71830645976308,4.918637828122308,0.0,,,2021-07-12 07:00:00
1118.0,1626159600.0,sandy,2021,0.368683226154074,0.222797796250514,7.0,3.0,ET0,3,0.0,7.91,7.307248568315713,4.71830645976308,5.086989685917154,49.2,,,2021-07-13 07:00:00
1119.0,1626246000.0,sandy,2021,-0.7865388106714165,0.222797796250514,7.0,3.0,ET0,3,19.2,7.91,3.7200181370317593,4.71830645976308,3.936546081810397,0.0,,,2021-07-14 07:00:00
1120.0,1626332400.0,sandy,2021,-1.174649322460216,-0.7865388106714165,7.0,3.0,ET0,3,0.0,19.2,6.588938290136868,4.71830645976308,3.5778877183563647,0.0,,,2021-07-15 07:00:00
1121.0,1626418800.0,sandy,2021,-0.9851110970868796,-0.7865388106714165,7.0,3.0,ET0,3,0.0,19.2,4.2070949143533625,4.71830645976308,3.7331953626762,10.8,,,2021-07-16 07:00:00
1122.0,1626505200.0,sandy,2021,-1.1326099090849175,-0.7865388106714165,7.0,3.0,ET0,3,12.52,19.2,1.7206288405645938,4.71830645976308,3.5856965506781626,0.8,,,2021-07-17 07:00:00
1123.0,1626591600.0,sandy,2021,-1.353999710646857,-1.1326099090849175,7.0,3.0,ET0,3,0.0,12.52,2.339819333016992,4.71830645976308,3.37754556375059,0.0,,,2021-07-18 07:00:00
1124.0,1626678000.0,sandy,2021,-1.0857765176994918,-1.1326099090849175,7.0,3.0,ET0,3,0.0,12.52,5.542148180411579,4.71830645976308,3.632529942063589,0.0,,,2021-07-19 07:00:00
1125.0,1626764400.0,sandy,2021,-0.7877168500114065,-1.1326099090849175,7.0,3.0,ET0,3,14.22,12.52,6.336708517861463,4.71830645976308,3.930589609751674,0.0,,,2021-07-20 07:00:00
1126.0,1626850800.0,sandy,2021,-0.8454527851616644,-0.7877168500114065,7.0,3.0,ET0,3,0.0,14.22,7.723088615724408,4.71830645976308,3.872853674601416,0.0,,,2021-07-21 07:00:00
1127.0,1626937200.0,sandy,2021,-0.592001816388345,-0.7877168500114065,7.0,3.0,ET0,3,0.0,14.22,6.384988487195638,4.71830645976308,4.126304643374735,0.0,,,2021-07-22 07:00:00
1128.0,1627023600.0,sandy,2021,-0.329165562609499,-0.7877168500114065,7.0,3.0,ET0,3,20.83,14.22,6.724001721462045,4.71830645976308,4.389140897153581,0.0,,,2021-07-23 07:00:00
1129.0,1627110000.0,sandy,2021,-0.7119147178294835,-0.329165562609499,7.0,3.0,ET0,3,0.0,20.83,6.639604206034317,4.71830645976308,4.007268202403176,0.0,,,2021-07-24 07:00:00
1130.0,1627196400.0,sandy,2021,-0.5000602570953385,-0.329165562609499,7.0,3.0,ET0,3,0.0,20.83,6.068344799075018,4.71830645976308,4.218246202667742,0.0,,,2021-07-25 07:00:00
1131.0,1627282800.0,sandy,2021,-0.3525792406195033,-0.329165562609499,7.0,3.0,ET0,3,16.45,20.83,3.7441148307248353,4.71830645976308,4.365727219143577,0.0,,,2021-07-26 07:00:00
1132.0,1627369200.0,sandy,2021,-0.6339031285082711,-0.3525792406195033,7.0,3.0,ET0,3,0.0,16.45,5.25782491390273,4.71830645976308,4.084403331254809,1.0,,,2021-07-27 07:00:00
1133.0,1627455600.0,sandy,2021,-0.4968935897409985,-0.3525792406195033,7.0,3.0,ET0,3,0.0,16.45,4.067188753317478,4.71830645976308,4.221412870022082,0.0,,,2021-07-28 07:00:00
1134.0,1627542000.0,sandy,2021,-0.28377775594951,-0.3525792406195033,7.0,3.0,ET0,3,14.83,16.45,5.501441403272102,4.71830645976308,4.43452870381357,0.0,,,2021-07-29 07:00:00
1135.0,1627628400.0,sandy,2021,-0.4507547811227721,-0.28377775594951,7.0,3.0,ET0,3,0.0,14.83,7.363960029273559,4.71830645976308,4.2675516786403085,0.0,,,2021-07-30 07:00:00
1136.0,1627714800.0,sandy,2021,-0.1613316891149179,-0.28377775594951,7.0,3.0,ET0,3,0.0,14.83,8.127164249908118,4.71830645976308,4.5569747706481625,0.0,,,2021-07-31 07:00:00
1137.0,1627801200.0,sandy,2021,0.061459135634394,-0.28377775594951,7.0,3.0,ET0,3,22.5,14.83,7.011084171391055,4.71830645976308,4.779765595397475,9.0,,,2021-08-01 07:00:00
1138.0,1627887600.0,sandy,2021,-0.5430501905258562,0.061459135634394,7.0,3.0,ET0,3,0.0,22.5,7.304828236834061,4.71830645976308,4.178108881379012,0.0,,,2021-08-02 07:00:00
1139.0,1627974000.0,sandy,2021,-0.3041094534093422,0.061459135634394,7.0,3.0,ET0,3,0.0,22.5,7.320018177389831,4.71830645976308,4.414197006353738,0.0,,,2021-08-03 07:00:00
1140.0,1628060400.0,sandy,2021,-0.0160259375219853,0.061459135634394,7.0,3.0,ET0,3,22.86,22.5,8.239496207860649,4.71830645976308,4.702280522241095,0.0,,,2021-08-04 07:00:00
1141.0,1628146800.0,sandy,2021,-0.5717238194565689,-0.0160259375219853,7.0,3.0,ET0,3,0.0,22.86,4.198759507591638,4.71830645976308,4.1496500196459705,0.0,,,2021-08-05 07:00:00
1142.0,1628233200.0,sandy,2021,-0.2666992454001362,-0.0160259375219853,7.0,3.0,ET0,3,0.0,22.86,8.25634687060054,4.71830645976308,4.451607214362944,0.0,,,2021-08-06 07:00:00
1143.0,1628319600.0,sandy,2021,0.0081956030604685,-0.0160259375219853,7.0,3.0,ET0,3,20.28,22.86,7.823891414052509,4.71830645976308,4.726502062823549,0.0,,,2021-08-07 07:00:00
1144.0,1628406000.0,sandy,2021,-0.3927482362339022,0.0081956030604685,7.0,3.0,ET0,3,0.0,20.28,6.805842568347599,4.71830645976308,4.325558223529178,0.0,,,2021-08-08 07:00:00
1145.0,1628492400.0,sandy,2021,-0.1039465188114206,0.0081956030604685,7.0,3.0,ET0,3,0.0,20.28,8.235329351972808,4.71830645976308,4.614359940951659,0.0,,,2021-08-09 07:00:00
1146.0,1625986800.0,sandy,2021,0.222797796250514,0.0,7.0,3.0,ET0,7,7.91,0.0,7.909412676835701,4.71830645976308,4.9411042560135945,0.0,,,2021-07-11 07:00:00
1147.0,1626073200.0,sandy,2021,0.2003313683592274,0.222797796250514,7.0,3.0,ET0,7,0.0,7.91,8.171899400888595,4.71830645976308,4.918637828122308,0.0,,,2021-07-12 07:00:00
1148.0,1626159600.0,sandy,2021,0.368683226154074,0.222797796250514,7.0,3.0,ET0,7,0.0,7.91,7.307248568315713,4.71830645976308,5.086989685917154,49.2,,,2021-07-13 07:00:00
1149.0,1626246000.0,sandy,2021,-0.7865388106714165,0.222797796250514,7.0,3.0,ET0,7,0.0,7.91,3.7200181370317593,4.71830645976308,3.936546081810397,0.0,,,2021-07-14 07:00:00
1150.0,1626332400.0,sandy,2021,-0.6438663602024871,0.222797796250514,7.0,3.0,ET0,7,0.0,7.91,6.588938290136868,4.71830645976308,4.074440099560593,0.0,,,2021-07-15 07:00:00
1151.0,1626418800.0,sandy,2021,-0.4808655485267342,0.222797796250514,7.0,3.0,ET0,7,0.0,7.91,4.2070949143533625,4.71830645976308,4.237440911236346,10.8,,,2021-07-16 07:00:00
1152.0,1626505200.0,sandy,2021,-0.6456732135149164,0.222797796250514,7.0,3.0,ET0,7,0.0,7.91,1.7206288405645938,4.71830645976308,4.072633246248164,0.8,,,2021-07-17 07:00:00
1153.0,1626591600.0,sandy,2021,-0.6068687428119777,0.222797796250514,7.0,3.0,ET0,7,34.06,7.91,2.339819333016992,4.71830645976308,4.111437716951103,0.0,,,2021-07-18 07:00:00
1154.0,1626678000.0,sandy,2021,-1.3282873598425995,-0.6068687428119777,7.0,3.0,ET0,7,0.0,34.06,5.542148180411579,4.71830645976308,3.485872105199274,0.0,,,2021-07-19 07:00:00
1155.0,1626764400.0,sandy,2021,-1.026819952935491,-0.6068687428119777,7.0,3.0,ET0,7,0.0,34.06,6.336708517861463,4.71830645976308,3.691486506827589,0.0,,,2021-07-20 07:00:00
1156.0,1626850800.0,sandy,2021,-0.670569580321529,-0.6068687428119777,7.0,3.0,ET0,7,0.0,34.06,7.723088615724408,4.71830645976308,4.047736879441551,0.0,,,2021-07-21 07:00:00
1157.0,1626937200.0,sandy,2021,-0.3898268546684347,-0.6068687428119777,7.0,3.0,ET0,7,0.0,34.06,6.384988487195638,4.71830645976308,4.328479605094645,0.0,,,2021-07-22 07:00:00
1158.0,1627023600.0,sandy,2021,-0.1516634040903072,-0.6068687428119777,7.0,3.0,ET0,7,0.0,34.06,6.724001721462045,4.71830645976308,4.566643055672773,0.0,,,2021-07-23 07:00:00
1159.0,1627110000.0,sandy,2021,0.0376257615455711,-0.6068687428119777,7.0,3.0,ET0,7,0.0,34.06,6.639604206034317,4.71830645976308,4.755932221308651,0.0,,,2021-07-24 07:00:00
1160.0,1627196400.0,sandy,2021,0.1844755087378388,-0.6068687428119777,7.0,3.0,ET0,7,45.42,34.06,6.068344799075018,4.71830645976308,4.90278196850092,0.0,,,2021-07-25 07:00:00
1161.0,1627282800.0,sandy,2021,-1.0496278954018203,0.1844755087378388,7.0,3.0,ET0,7,0.0,45.42,3.7441148307248353,4.71830645976308,3.787516995513057,0.0,,,2021-07-26 07:00:00
1162.0,1627369200.0,sandy,2021,-0.855080200825961,0.1844755087378388,7.0,3.0,ET0,7,0.0,45.42,5.25782491390273,4.71830645976308,3.86322625893712,1.0,,,2021-07-27 07:00:00
1163.0,1627455600.0,sandy,2021,-0.6980003280809185,0.1844755087378388,7.0,3.0,ET0,7,0.0,45.42,4.067188753317478,4.71830645976308,4.020306131682162,0.0,,,2021-07-28 07:00:00
1164.0,1627542000.0,sandy,2021,-0.468018476716724,0.1844755087378388,7.0,3.0,ET0,7,0.0,45.42,5.501441403272102,4.71830645976308,4.2502879830463565,0.0,,,2021-07-29 07:00:00
1165.0,1627628400.0,sandy,2021,-0.182662963882482,0.1844755087378388,7.0,3.0,ET0,7,0.0,45.42,7.363960029273559,4.71830645976308,4.535643495880598,0.0,,,2021-07-30 07:00:00
1166.0,1627714800.0,sandy,2021,0.0615913189570624,0.1844755087378388,7.0,3.0,ET0,7,0.0,45.42,8.127164249908118,4.71830645976308,4.779897778720143,0.0,,,2021-07-31 07:00:00
1167.0,1627801200.0,sandy,2021,0.2359031751844501,0.1844755087378388,7.0,3.0,ET0,7,41.07,45.42,7.011084171391055,4.71830645976308,4.954209634947531,9.0,,,2021-08-01 07:00:00
1168.0,1627887600.0,sandy,2021,-0.95494259307437,0.2359031751844501,7.0,3.0,ET0,7,0.0,41.07,7.304828236834061,4.71830645976308,3.850247947371457,0.0,,,2021-08-02 07:00:00
1169.0,1627974000.0,sandy,2021,-0.7029148462860488,0.2359031751844501,7.0,3.0,ET0,7,0.0,41.07,7.320018177389831,4.71830645976308,4.015391613477031,0.0,,,2021-08-03 07:00:00
1170.0,1628060400.0,sandy,2021,-0.3803301046675915,0.2359031751844501,7.0,3.0,ET0,7,0.0,41.07,8.239496207860649,4.71830645976308,4.337976355095488,0.0,,,2021-08-04 07:00:00
1171.0,1628146800.0,sandy,2021,-0.218520085334531,0.2359031751844501,7.0,3.0,ET0,7,0.0,41.07,4.198759507591638,4.71830645976308,4.499786374428549,0.0,,,2021-08-05 07:00:00
1172.0,1628233200.0,sandy,2021,0.0488248137448431,0.2359031751844501,7.0,3.0,ET0,7,0.0,41.07,8.25634687060054,4.71830645976308,4.767131273507923,0.0,,,2021-08-06 07:00:00
1173.0,1628319600.0,sandy,2021,0.2437601444637329,0.2359031751844501,7.0,3.0,ET0,7,0.0,41.07,7.823891414052509,4.71830645976308,4.962066604226814,0.0,,,2021-08-07 07:00:00
1174.0,1628406000.0,sandy,2021,0.3890933601571668,0.2359031751844501,7.0,3.0,ET0,7,49.95,41.07,6.805842568347599,4.71830645976308,5.107399819920247,0.0,,,2021-08-08 07:00:00
1175.0,1628492400.0,sandy,2021,-0.9321179489136504,0.3890933601571668,7.0,3.0,ET0,7,0.0,49.95,8.235329351972808,4.71830645976308,3.921120269862065,0.0,,,2021-08-09 07:00:00
1292.0,1655967600.0,sandy,2022,-0.3034151652091952,0.0,7.0,3.0,ET0,2,5.92,0.0,5.915965904891959,4.71830645976308,4.414891294553885,0.0,,,2022-06-23 07:00:00
1293.0,1656054000.0,sandy,2022,-0.3224088483837016,-0.3034151652091952,7.0,3.0,ET0,2,0.0,5.92,5.717907755951627,4.71830645976308,4.395897611379379,0.0,,,2022-06-24 07:00:00
1294.0,1656140400.0,sandy,2022,-0.1038018345009445,-0.3034151652091952,7.0,3.0,ET0,2,14.92,5.92,9.203948870710636,4.71830645976308,4.614504625262136,0.0,,,2022-06-25 07:00:00
1295.0,1656226800.0,sandy,2022,-0.2990480473301561,-0.1038018345009445,7.0,3.0,ET0,2,0.0,14.92,9.569797117975432,4.71830645976308,4.419258412432924,0.0,,,2022-06-26 07:00:00
1296.0,1656313200.0,sandy,2022,-0.106663781149282,-0.1038018345009445,7.0,3.0,ET0,2,18.26,14.92,8.693094774412245,4.71830645976308,4.611642678613798,0.0,,,2022-06-27 07:00:00
1297.0,1656399600.0,sandy,2022,-0.4530845433292861,-0.106663781149282,7.0,3.0,ET0,2,0.0,18.26,7.460713537351751,4.71830645976308,4.265255335057238,1.6,,,2022-06-28 07:00:00
1298.0,1656486000.0,sandy,2022,-0.4254859218651678,-0.106663781149282,7.0,3.0,ET0,2,9.29,18.26,1.8323231735051733,4.71830645976308,4.292820537897913,0.0,,,2022-06-29 07:00:00
1299.0,1656572400.0,sandy,2022,-0.5047703810443589,-0.4254859218651678,7.0,3.0,ET0,2,0.0,9.29,6.425725286268609,4.71830645976308,4.213536078718722,0.0,,,2022-06-30 07:00:00
1300.0,1656658800.0,sandy,2022,-0.2882930719291071,-0.4254859218651678,7.0,3.0,ET0,2,14.91,9.29,8.481182130641368,4.71830645976308,4.430013387833973,0.0,,,2022-07-01 07:00:00
1301.0,1656745200.0,sandy,2022,-0.4456332991139964,-0.2882930719291071,7.0,3.0,ET0,2,0.0,14.91,9.684100900879589,4.71830645976308,4.272673160649084,0.0,,,2022-07-02 07:00:00
1302.0,1656831600.0,sandy,2022,-0.2419070764565606,-0.2882930719291071,7.0,3.0,ET0,2,17.56,14.91,7.875822878948619,4.71830645976308,4.47639938330652,0.0,,,2022-07-03 07:00:00
1303.0,1656918000.0,sandy,2022,-0.4964140743267793,-0.2419070764565606,7.0,3.0,ET0,2,0.0,17.56,8.846129638751195,4.71830645976308,4.221892385436301,0.0,,,2022-07-04 07:00:00
1304.0,1657004400.0,sandy,2022,-0.2701041943299569,-0.2419070764565606,7.0,3.0,ET0,2,17.2,17.56,8.353871892123982,4.71830645976308,4.448202265433124,0.0,,,2022-07-05 07:00:00
1305.0,1657090800.0,sandy,2022,-0.5288907475005801,-0.2701041943299569,7.0,3.0,ET0,2,0.0,17.2,8.10868026961472,4.71830645976308,4.1894157122625,0.0,,,2022-07-06 07:00:00
1306.0,1657177200.0,sandy,2022,-0.3797081314493858,-0.2701041943299569,7.0,3.0,ET0,2,13.39,17.2,5.27960920736311,4.71830645976308,4.338598328313695,11.6,,,2022-07-07 07:00:00
1307.0,1657263600.0,sandy,2022,-0.7051043970884806,-0.3797081314493858,7.0,3.0,ET0,2,0.0,13.39,7.275206390354677,4.71830645976308,4.025545845132407,0.0,,,2022-07-08 07:00:00
1308.0,1657350000.0,sandy,2022,-0.5443790067415941,-0.3797081314493858,7.0,3.0,ET0,2,14.4,13.39,7.121172904786319,4.71830645976308,4.173927453021486,0.0,,,2022-07-09 07:00:00
1309.0,1657436400.0,sandy,2022,-0.6956862503456503,-0.5443790067415941,7.0,3.0,ET0,2,0.0,14.4,7.612583271961939,4.71830645976308,4.02262020941743,0.0,,,2022-07-10 07:00:00
1310.0,1657522800.0,sandy,2022,-0.426388532114113,-0.5443790067415941,7.0,3.0,ET0,2,16.08,14.4,8.472336750464112,4.71830645976308,4.291917927648967,0.0,,,2022-07-11 07:00:00
1311.0,1657609200.0,sandy,2022,-0.6337018611419211,-0.426388532114113,7.0,3.0,ET0,2,0.0,16.08,7.487993037508327,4.71830645976308,4.084604598621159,0.0,,,2022-07-12 07:00:00
1312.0,1657695600.0,sandy,2022,-0.4582041410696121,-0.426388532114113,7.0,3.0,ET0,2,12.93,16.08,5.439558555641069,4.71830645976308,4.260102318693468,0.0,,,2022-07-13 07:00:00
1313.0,1657782000.0,sandy,2022,-0.5393901186536314,-0.4582041410696121,7.0,3.0,ET0,2,0.0,12.93,8.254676604732598,4.71830645976308,4.178916341109449,0.0,,,2022-07-14 07:00:00
1314.0,1657868400.0,sandy,2022,-0.2286480725037197,-0.4582041410696121,7.0,3.0,ET0,2,17.7,12.93,9.447916516172471,4.71830645976308,4.489658387259361,0.0,,,2022-07-15 07:00:00
1315.0,1657954800.0,sandy,2022,-0.4589530469345196,-0.2286480725037197,7.0,3.0,ET0,2,0.0,17.7,8.968687582898376,4.71830645976308,4.259353412828561,0.0,,,2022-07-16 07:00:00
1316.0,1658041200.0,sandy,2022,-0.2170469211929765,-0.2286480725037197,7.0,3.0,ET0,2,16.67,17.7,7.701644419417017,4.71830645976308,4.501259538570103,0.0,,,2022-07-17 07:00:00
1317.0,1658127600.0,sandy,2022,-0.4669234621363504,-0.2170469211929765,7.0,3.0,ET0,2,0.0,16.67,7.236620092977568,4.71830645976308,4.25138299762673,0.0,,,2022-07-18 07:00:00
1318.0,1658214000.0,sandy,2022,-0.209306810009413,-0.2170469211929765,7.0,3.0,ET0,2,15.21,16.67,7.976539558735554,4.71830645976308,4.508999649753667,0.0,,,2022-07-19 07:00:00
1319.0,1658300400.0,sandy,2022,-0.3562730487872201,-0.209306810009413,7.0,3.0,ET0,2,0.0,15.21,9.031637030513592,4.71830645976308,4.36203341097586,0.0,,,2022-07-20 07:00:00
1320.0,1658386800.0,sandy,2022,-0.0856704770405204,-0.209306810009413,7.0,3.0,ET0,2,17.56,15.21,8.523521442036436,4.71830645976308,4.63263598272256,0.0,,,2022-07-21 07:00:00
1321.0,1655967600.0,sandy,2022,-0.3034151652091952,0.0,7.0,3.0,ET0,1,5.92,0.0,5.915965904891959,4.71830645976308,4.414891294553885,0.0,,,2022-06-23 07:00:00
1322.0,1656054000.0,sandy,2022,-0.3224088483837016,-0.3034151652091952,7.0,3.0,ET0,1,5.72,5.92,5.717907755951627,4.71830645976308,4.395897611379379,0.0,,,2022-06-24 07:00:00
1323.0,1656140400.0,sandy,2022,-0.2529687476700359,-0.3224088483837016,7.0,3.0,ET0,1,9.2,5.72,9.203948870710636,4.71830645976308,4.465337712093044,0.0,,,2022-06-25 07:00:00
1324.0,1656226800.0,sandy,2022,-0.2847671359622729,-0.2529687476700359,7.0,3.0,ET0,1,9.57,9.2,9.569797117975432,4.71830645976308,4.433539323800807,0.0,,,2022-06-26 07:00:00
1325.0,1656313200.0,sandy,2022,-0.3527818019273399,-0.2847671359622729,7.0,3.0,ET0,1,8.69,9.57,8.693094774412245,4.71830645976308,4.36552465783574,0.0,,,2022-06-27 07:00:00
1326.0,1656399600.0,sandy,2022,-0.420411222833094,-0.3527818019273399,7.0,3.0,ET0,1,7.46,8.69,7.460713537351751,4.71830645976308,4.297895236929986,1.6,,,2022-06-28 07:00:00
1327.0,1656486000.0,sandy,2022,-0.5910540871744195,-0.420411222833094,7.0,3.0,ET0,1,1.83,7.46,1.8323231735051733,4.71830645976308,4.127252372588661,0.0,,,2022-06-29 07:00:00
1328.0,1656572400.0,sandy,2022,-0.4715959899390301,-0.5910540871744195,7.0,3.0,ET0,1,6.43,1.83,6.425725286268609,4.71830645976308,4.24671046982405,0.0,,,2022-06-30 07:00:00
1329.0,1656658800.0,sandy,2022,-0.4184192408935404,-0.4715959899390301,7.0,3.0,ET0,1,8.48,6.43,8.481182130641368,4.71830645976308,4.29988721886954,0.0,,,2022-07-01 07:00:00
1330.0,1656745200.0,sandy,2022,-0.3966268369347528,-0.4184192408935404,7.0,3.0,ET0,1,9.68,8.48,9.684100900879589,4.71830645976308,4.321679622828327,0.0,,,2022-07-02 07:00:00
1331.0,1656831600.0,sandy,2022,-0.4554657321483138,-0.3966268369347528,7.0,3.0,ET0,1,7.88,9.68,7.875822878948619,4.71830645976308,4.262840727614766,0.0,,,2022-07-03 07:00:00
1332.0,1656918000.0,sandy,2022,-0.432852195366025,-0.4554657321483138,7.0,3.0,ET0,1,8.85,7.88,8.846129638751195,4.71830645976308,4.285454264397055,0.0,,,2022-07-04 07:00:00
1333.0,1657004400.0,sandy,2022,-0.4445395081155178,-0.432852195366025,7.0,3.0,ET0,1,8.35,8.85,8.353871892123982,4.71830645976308,4.273766951647563,0.0,,,2022-07-05 07:00:00
1334.0,1657090800.0,sandy,2022,-0.4538854808817222,-0.4445395081155178,7.0,3.0,ET0,1,8.11,8.35,8.10868026961472,4.71830645976308,4.264420978881358,0.0,,,2022-07-06 07:00:00
1335.0,1657177200.0,sandy,2022,-0.5229469590274427,-0.4538854808817222,7.0,3.0,ET0,1,5.28,8.11,5.27960920736311,4.71830645976308,4.195359500735638,11.6,,,2022-07-07 07:00:00
1336.0,1657263600.0,sandy,2022,-0.6160443240955038,-0.5229469590274427,7.0,3.0,ET0,1,7.28,5.28,7.275206390354677,4.71830645976308,4.102909918302148,0.0,,,2022-07-08 07:00:00
1337.0,1657350000.0,sandy,2022,-0.6596276162194028,-0.6160443240955038,7.0,3.0,ET0,1,7.12,7.28,7.121172904786319,4.71830645976308,4.058678843543677,0.0,,,2022-07-09 07:00:00
1338.0,1657436400.0,sandy,2022,-0.614811334687015,-0.6596276162194028,7.0,3.0,ET0,1,7.61,7.12,7.612583271961939,4.71830645976308,4.103495125076066,0.0,,,2022-07-10 07:00:00
1339.0,1657522800.0,sandy,2022,-0.550704735899806,-0.614811334687015,7.0,3.0,ET0,1,8.47,7.61,8.472336750464112,4.71830645976308,4.1676017238632745,0.0,,,2022-07-11 07:00:00
1340.0,1657609200.0,sandy,2022,-0.5491503280672925,-0.550704735899806,7.0,3.0,ET0,1,7.49,8.47,7.487993037508327,4.71830645976308,4.169156131695788,0.0,,,2022-07-12 07:00:00
1341.0,1657695600.0,sandy,2022,-0.5764253071313382,-0.5491503280672925,7.0,3.0,ET0,1,5.44,7.49,5.439558555641069,4.71830645976308,4.141881152631743,0.0,,,2022-07-13 07:00:00
1342.0,1657782000.0,sandy,2022,-0.4524533850138991,-0.5764253071313382,7.0,3.0,ET0,1,8.25,5.44,8.254676604732598,4.71830645976308,4.265853074749181,0.0,,,2022-07-14 07:00:00
1343.0,1657868400.0,sandy,2022,-0.3731791988244594,-0.4524533850138991,7.0,3.0,ET0,1,9.45,8.25,9.447916516172471,4.71830645976308,4.345127260938621,0.0,,,2022-07-15 07:00:00
1344.0,1657954800.0,sandy,2022,-0.358519611362578,-0.3731791988244594,7.0,3.0,ET0,1,8.97,9.45,8.968687582898376,4.71830645976308,4.359786848400503,0.0,,,2022-07-16 07:00:00
1345.0,1658041200.0,sandy,2022,-0.373286596164001,-0.358519611362578,7.0,3.0,ET0,1,7.7,8.97,7.701644419417017,4.71830645976308,4.345019863599079,0.0,,,2022-07-17 07:00:00
1346.0,1658127600.0,sandy,2022,-0.3634204435184893,-0.373286596164001,7.0,3.0,ET0,1,7.24,7.7,7.236620092977568,4.71830645976308,4.354886016244591,0.0,,,2022-07-18 07:00:00
1347.0,1658214000.0,sandy,2022,-0.3113958589229385,-0.3634204435184893,7.0,3.0,ET0,1,7.98,7.24,7.976539558735554,4.71830645976308,4.406910600840142,0.0,,,2022-07-19 07:00:00
1348.0,1658300400.0,sandy,2022,-0.248192605277711,-0.3113958589229385,7.0,3.0,ET0,1,9.03,7.98,9.031637030513592,4.71830645976308,4.470113854485369,0.0,,,2022-07-20 07:00:00
1349.0,1658386800.0,sandy,2022,-0.2426699870986378,-0.248192605277711,7.0,3.0,ET0,1,8.52,9.03,8.523521442036436,4.71830645976308,4.475636472664442,0.0,,,2022-07-21 07:00:00
1350.0,1655967600.0,sandy,2022,-0.3034151652091952,0.0,7.0,3.0,ET0,3,5.92,0.0,5.915965904891959,4.71830645976308,4.414891294553885,0.0,,,2022-06-23 07:00:00
1351.0,1656054000.0,sandy,2022,-0.3224088483837016,-0.3034151652091952,7.0,3.0,ET0,3,0.0,5.92,5.717907755951627,4.71830645976308,4.395897611379379,0.0,,,2022-06-24 07:00:00
1352.0,1656140400.0,sandy,2022,-0.1038018345009445,-0.3034151652091952,7.0,3.0,ET0,3,0.0,5.92,9.203948870710636,4.71830645976308,4.614504625262136,0.0,,,2022-06-25 07:00:00
1353.0,1656226800.0,sandy,2022,0.0945450853327174,-0.3034151652091952,7.0,3.0,ET0,3,24.49,5.92,9.569797117975432,4.71830645976308,4.812851545095798,0.0,,,2022-06-26 07:00:00
1354.0,1656313200.0,sandy,2022,-0.4271582357236487,0.0945450853327174,7.0,3.0,ET0,3,0.0,24.49,8.693094774412245,4.71830645976308,4.293275146895235,0.0,,,2022-06-27 07:00:00
1355.0,1656399600.0,sandy,2022,-0.2627712271872138,0.0945450853327174,7.0,3.0,ET0,3,0.0,24.49,7.460713537351751,4.71830645976308,4.455535232575866,1.6,,,2022-06-28 07:00:00
1356.0,1656486000.0,sandy,2022,-0.2201571702218617,0.0945450853327174,7.0,3.0,ET0,3,17.99,24.49,1.8323231735051733,4.71830645976308,4.498149289541218,0.0,,,2022-06-29 07:00:00
1357.0,1656572400.0,sandy,2022,-0.559062293812955,-0.2201571702218617,7.0,3.0,ET0,3,0.0,17.99,6.425725286268609,4.71830645976308,4.159448761220235,0.0,,,2022-06-30 07:00:00
1358.0,1656658800.0,sandy,2022,-0.3428790742691331,-0.2201571702218617,7.0,3.0,ET0,3,0.0,17.99,8.481182130641368,4.71830645976308,4.375427385493947,0.0,,,2022-07-01 07:00:00
1359.0,1656745200.0,sandy,2022,-0.0934164782974488,-0.2201571702218617,7.0,3.0,ET0,3,24.59,17.99,9.684100900879589,4.71830645976308,4.624889981465631,0.0,,,2022-07-02 07:00:00
1360.0,1656831600.0,sandy,2022,-0.5878301265392888,-0.0934164782974488,7.0,3.0,ET0,3,0.0,24.59,7.875822878948619,4.71830645976308,4.135966200090724,0.0,,,2022-07-03 07:00:00
1361.0,1656918000.0,sandy,2022,-0.3517849327931829,-0.0934164782974488,7.0,3.0,ET0,3,0.0,24.59,8.846129638751195,4.71830645976308,4.366521526969898,0.0,,,2022-07-04 07:00:00
1362.0,1657004400.0,sandy,2022,-0.1190620324085375,-0.0934164782974488,7.0,3.0,ET0,3,25.08,24.59,8.353871892123982,4.71830645976308,4.599244427354543,0.0,,,2022-07-05 07:00:00
1363.0,1657090800.0,sandy,2022,-0.6202831182838953,-0.1190620324085375,7.0,3.0,ET0,3,0.0,25.08,8.10868026961472,4.71830645976308,4.106661259143077,0.0,,,2022-07-06 07:00:00
1364.0,1657177200.0,sandy,2022,-0.4691967668994089,-0.1190620324085375,7.0,3.0,ET0,3,0.0,25.08,5.27960920736311,4.71830645976308,4.249109692863671,11.6,,,2022-07-07 07:00:00
1365.0,1657263600.0,sandy,2022,-0.3794346438301021,-0.1190620324085375,7.0,3.0,ET0,3,20.66,25.08,7.275206390354677,4.71830645976308,4.338871815932978,0.0,,,2022-07-08 07:00:00
1366.0,1657350000.0,sandy,2022,-0.8190331539867846,-0.3794346438301021,7.0,3.0,ET0,3,0.0,20.66,7.121172904786319,4.71830645976308,3.9110180047679006,0.0,,,2022-07-09 07:00:00
1367.0,1657436400.0,sandy,2022,-0.5888802579283309,-0.3794346438301021,7.0,3.0,ET0,3,0.0,20.66,7.612583271961939,4.71830645976308,4.129426201834749,0.0,,,2022-07-10 07:00:00
1368.0,1657522800.0,sandy,2022,-0.3081691040735639,-0.3794346438301021,7.0,3.0,ET0,3,23.21,20.66,8.472336750464112,4.71830645976308,4.410137355689517,0.0,,,2022-07-11 07:00:00
1369.0,1657609200.0,sandy,2022,-0.7293953045824516,-0.3081691040735639,7.0,3.0,ET0,3,0.0,23.21,7.487993037508327,4.71830645976308,3.9960331265820064,0.0,,,2022-07-12 07:00:00
1370.0,1657695600.0,sandy,2022,-0.5528551277627156,-0.3081691040735639,7.0,3.0,ET0,3,0.0,23.21,5.439558555641069,4.71830645976308,4.165451332000365,0.0,,,2022-07-13 07:00:00
1371.0,1657782000.0,sandy,2022,-0.2694805667201658,-0.3081691040735639,7.0,3.0,ET0,3,21.18,23.21,8.254676604732598,4.71830645976308,4.4488258930429145,0.0,,,2022-07-14 07:00:00
1372.0,1657868400.0,sandy,2022,-0.572761483866519,-0.2694805667201658,7.0,3.0,ET0,3,0.0,21.18,9.447916516172471,4.71830645976308,4.14588456607886,0.0,,,2022-07-15 07:00:00
1373.0,1657954800.0,sandy,2022,-0.2825514333806725,-0.2694805667201658,7.0,3.0,ET0,3,0.0,21.18,8.968687582898376,4.71830645976308,4.435755026382408,0.0,,,2022-07-16 07:00:00
1374.0,1658041200.0,sandy,2022,-0.037816861273665,-0.2694805667201658,7.0,3.0,ET0,3,26.12,21.18,7.701644419417017,4.71830645976308,4.680489598489415,0.0,,,2022-07-17 07:00:00
1375.0,1658127600.0,sandy,2022,-0.5959287841439612,-0.037816861273665,7.0,3.0,ET0,3,0.0,26.12,7.236620092977568,4.71830645976308,4.131727680634226,0.0,,,2022-07-18 07:00:00
1376.0,1658214000.0,sandy,2022,-0.3370745951850832,-0.037816861273665,7.0,3.0,ET0,3,0.0,26.12,7.976539558735554,4.71830645976308,4.381231864577997,0.0,,,2022-07-19 07:00:00
1377.0,1658300400.0,sandy,2022,-0.0337484705273968,-0.037816861273665,7.0,3.0,ET0,3,24.24,26.12,9.031637030513592,4.71830645976308,4.684557989235684,0.0,,,2022-07-20 07:00:00
1378.0,1658386800.0,sandy,2022,-0.5002609742857143,-0.0337484705273968,7.0,3.0,ET0,3,0.0,24.24,8.523521442036436,4.71830645976308,4.221732277859426,0.0,,,2022-07-21 07:00:00
1379.0,1655967600.0,sandy,2022,-0.3034151652091952,0.0,7.0,3.0,ET0,7,5.92,0.0,5.915965904891959,4.71830645976308,4.414891294553885,0.0,,,2022-06-23 07:00:00
1380.0,1656054000.0,sandy,2022,-0.3224088483837016,-0.3034151652091952,7.0,3.0,ET0,7,0.0,5.92,5.717907755951627,4.71830645976308,4.395897611379379,0.0,,,2022-06-24 07:00:00
1381.0,1656140400.0,sandy,2022,-0.1038018345009445,-0.3034151652091952,7.0,3.0,ET0,7,0.0,5.92,9.203948870710636,4.71830645976308,4.614504625262136,0.0,,,2022-06-25 07:00:00
1382.0,1656226800.0,sandy,2022,0.0945450853327174,-0.3034151652091952,7.0,3.0,ET0,7,0.0,5.92,9.569797117975432,4.71830645976308,4.812851545095798,0.0,,,2022-06-26 07:00:00
1383.0,1656313200.0,sandy,2022,0.2377490806580626,-0.3034151652091952,7.0,3.0,ET0,7,0.0,5.92,8.693094774412245,4.71830645976308,4.956055540421143,0.0,,,2022-06-27 07:00:00
1384.0,1656399600.0,sandy,2022,0.340223566076775,-0.3034151652091952,7.0,3.0,ET0,7,0.0,5.92,7.460713537351751,4.71830645976308,5.058530025839855,1.6,,,2022-06-28 07:00:00
1385.0,1656486000.0,sandy,2022,0.3663233295588519,-0.3034151652091952,7.0,3.0,ET0,7,0.0,5.92,1.8323231735051733,4.71830645976308,5.084629789321932,0.0,,,2022-06-29 07:00:00
1386.0,1656572400.0,sandy,2022,0.4493983508980367,-0.3034151652091952,7.0,3.0,ET0,7,48.9,5.92,6.425725286268609,4.71830645976308,5.167704810661117,0.0,,,2022-06-30 07:00:00
1387.0,1656658800.0,sandy,2022,-0.8435549045888623,0.4493983508980367,7.0,3.0,ET0,7,0.0,48.9,8.481182130641368,4.71830645976308,3.995399934952954,0.0,,,2022-07-01 07:00:00
1388.0,1656745200.0,sandy,2022,-0.5858720794792419,0.4493983508980367,7.0,3.0,ET0,7,0.0,48.9,9.684100900879589,4.71830645976308,4.132434380283838,0.0,,,2022-07-02 07:00:00
1389.0,1656831600.0,sandy,2022,-0.3682306763520609,0.4493983508980367,7.0,3.0,ET0,7,0.0,48.9,7.875822878948619,4.71830645976308,4.350075783411019,0.0,,,2022-07-03 07:00:00
1390.0,1656918000.0,sandy,2022,-0.1272702030364401,0.4493983508980367,7.0,3.0,ET0,7,0.0,48.9,8.846129638751195,4.71830645976308,4.59103625672664,0.0,,,2022-07-04 07:00:00
1391.0,1657004400.0,sandy,2022,0.0647915959738559,0.4493983508980367,7.0,3.0,ET0,7,0.0,48.9,8.353871892123982,4.71830645976308,4.783098055736936,0.0,,,2022-07-05 07:00:00
1392.0,1657090800.0,sandy,2022,0.2186236882419042,0.4493983508980367,7.0,3.0,ET0,7,0.0,48.9,8.10868026961472,4.71830645976308,4.9369301480049845,0.0,,,2022-07-06 07:00:00
1393.0,1657177200.0,sandy,2022,0.3113622620251938,0.4493983508980367,7.0,3.0,ET0,7,56.63,48.9,5.27960920736311,4.71830645976308,5.0296687217882745,11.6,,,2022-07-07 07:00:00
1394.0,1657263600.0,sandy,2022,-1.3075322319830227,0.3113622620251938,7.0,3.0,ET0,7,0.0,56.63,7.275206390354677,4.71830645976308,3.6929268538003854,0.0,,,2022-07-08 07:00:00
1395.0,1657350000.0,sandy,2022,-1.1276003107446937,0.3113622620251938,7.0,3.0,ET0,7,0.0,56.63,7.121172904786319,4.71830645976308,3.590706149018387,0.0,,,2022-07-09 07:00:00
1396.0,1657436400.0,sandy,2022,-0.8655082265413039,0.3113622620251938,7.0,3.0,ET0,7,0.0,56.63,7.612583271961939,4.71830645976308,3.852798233221777,0.0,,,2022-07-10 07:00:00
1397.0,1657522800.0,sandy,2022,-0.5560898264448655,0.3113622620251938,7.0,3.0,ET0,7,0.0,56.63,8.472336750464112,4.71830645976308,4.162216633318215,0.0,,,2022-07-11 07:00:00
1398.0,1657609200.0,sandy,2022,-0.2947597787510533,0.3113622620251938,7.0,3.0,ET0,7,0.0,56.63,7.487993037508327,4.71830645976308,4.423546681012027,0.0,,,2022-07-12 07:00:00
1399.0,1657695600.0,sandy,2022,-0.1305368468211914,0.3113622620251938,7.0,3.0,ET0,7,0.0,56.63,5.439558555641069,4.71830645976308,4.587769612941889,0.0,,,2022-07-13 07:00:00
1400.0,1657782000.0,sandy,2022,0.0791670003097396,0.3113622620251938,7.0,3.0,ET0,7,51.66,56.63,8.254676604732598,4.71830645976308,4.79747346007282,0.0,,,2022-07-14 07:00:00
1401.0,1657868400.0,sandy,2022,-1.1252158575654692,0.0791670003097396,7.0,3.0,ET0,7,0.0,51.66,9.447916516172471,4.71830645976308,3.761210175061279,0.0,,,2022-07-15 07:00:00
1402.0,1657954800.0,sandy,2022,-0.8262743324499711,0.0791670003097396,7.0,3.0,ET0,7,0.0,51.66,8.968687582898376,4.71830645976308,3.892032127313109,0.0,,,2022-07-16 07:00:00
1403.0,1658041200.0,sandy,2022,-0.5549191958020449,0.0791670003097396,7.0,3.0,ET0,7,0.0,51.66,7.701644419417017,4.71830645976308,4.163387263961035,0.0,,,2022-07-17 07:00:00
1404.0,1658127600.0,sandy,2022,-0.2937883111049562,0.0791670003097396,7.0,3.0,ET0,7,0.0,51.66,7.236620092977568,4.71830645976308,4.424518148658124,0.0,,,2022-07-18 07:00:00
1405.0,1658214000.0,sandy,2022,-0.047191061287153,0.0791670003097396,7.0,3.0,ET0,7,0.0,51.66,7.976539558735554,4.71830645976308,4.671115398475927,0.0,,,2022-07-19 07:00:00
1406.0,1658300400.0,sandy,2022,0.1786699428415026,0.0791670003097396,7.0,3.0,ET0,7,0.0,51.66,9.031637030513592,4.71830645976308,4.896976402604583,0.0,,,2022-07-20 07:00:00
1407.0,1658386800.0,sandy,2022,0.3531599596868482,0.0791670003097396,7.0,3.0,ET0,7,58.89,51.66,8.523521442036436,4.71830645976308,5.071466419449928,0.0,,,2022-07-21 07:00:00
1524.0,1687503600.0,sandy,2023,-0.5182796207433059,0.0,7.0,3.0,ET0,2,6.42,0.0,6.420277994663035,4.71830645976308,4.200026839019774,0.0,,,2023-06-23 07:00:00
1525.0,1687590000.0,sandy,2023,-0.5439491935832576,-0.5182796207433059,7.0,3.0,ET0,2,0.0,6.42,6.3387606045021405,4.71830645976308,4.174357266179823,0.0,,,2023-06-24 07:00:00
1526.0,1687676400.0,sandy,2023,-0.3710589876033476,-0.5182796207433059,7.0,3.0,ET0,2,13.42,6.42,7.077332335884068,4.71830645976308,4.347247472159733,0.0,,,2023-06-25 07:00:00
1527.0,1687762800.0,sandy,2023,-0.5753912673083525,-0.3710589876033476,7.0,3.0,ET0,2,0.0,13.42,6.229180911248416,4.71830645976308,4.142915192454728,0.0,,,2023-06-26 07:00:00
1528.0,1687849200.0,sandy,2023,-0.3845144418822286,-0.3710589876033476,7.0,3.0,ET0,2,13.95,13.42,7.717627618312005,4.71830645976308,4.333792017880851,0.0,,,2023-06-27 07:00:00
1529.0,1687935600.0,sandy,2023,-0.560129587388129,-0.3845144418822286,7.0,3.0,ET0,2,0.0,13.95,8.190146658736474,4.71830645976308,4.158176872374951,0.0,,,2023-06-28 07:00:00
1530.0,1688022000.0,sandy,2023,-0.4944371014691686,-0.3845144418822286,7.0,3.0,ET0,2,10.84,13.95,2.6534944981591777,4.71830645976308,4.223869358293912,0.0,,,2023-06-29 07:00:00
1531.0,1688108400.0,sandy,2023,-0.5804273233495515,-0.4944371014691686,7.0,3.0,ET0,2,0.0,10.84,7.811921140444205,4.71830645976308,4.137879136413528,0.0,,,2023-06-30 07:00:00
1532.0,1688194800.0,sandy,2023,-0.5034133729623891,-0.4944371014691686,7.0,3.0,ET0,2,10.8,10.84,2.989408376370308,4.71830645976308,4.214893086800691,0.0,,,2023-07-01 07:00:00
1533.0,1688281200.0,sandy,2023,-0.6859663131581831,-0.5034133729623891,7.0,3.0,ET0,2,0.0,10.8,3.628606534620321,4.71830645976308,4.032340146604897,0.0,,,2023-07-02 07:00:00
1534.0,1688367600.0,sandy,2023,-0.5169708644116201,-0.5034133729623891,7.0,3.0,ET0,2,9.54,10.8,5.9091258835011,4.71830645976308,4.20133559535146,0.0,,,2023-07-03 07:00:00
1535.0,1688454000.0,sandy,2023,-0.5725777059083457,-0.5169708644116201,7.0,3.0,ET0,2,0.0,9.54,6.621532339824514,4.71830645976308,4.145728753854734,0.0,,,2023-07-04 07:00:00
1536.0,1688540400.0,sandy,2023,-0.3895866966547355,-0.5169708644116201,7.0,3.0,ET0,2,13.02,9.54,6.395412175418061,4.71830645976308,4.328719763108345,0.0,,,2023-07-05 07:00:00
1537.0,1688626800.0,sandy,2023,-0.5306302901243317,-0.3895866966547355,7.0,3.0,ET0,2,0.0,13.02,7.492344925936937,4.71830645976308,4.187676169638748,5.0,,,2023-07-06 07:00:00
1538.0,1688713200.0,sandy,2023,-0.4920716392383798,-0.3895866966547355,7.0,3.0,ET0,2,10.87,13.02,3.3788724562330463,4.71830645976308,4.2262348205247005,0.0,,,2023-07-07 07:00:00
1539.0,1688799600.0,sandy,2023,-0.6154411033014353,-0.4920716392383798,7.0,3.0,ET0,2,0.0,10.87,6.518921569415171,4.71830645976308,4.102865356461645,0.0,,,2023-07-08 07:00:00
1540.0,1688886000.0,sandy,2023,-0.4001354725505963,-0.4920716392383798,7.0,3.0,ET0,2,13.59,10.87,7.0675670514600375,4.71830645976308,4.318170987212484,0.0,,,2023-07-09 07:00:00
1541.0,1688972400.0,sandy,2023,-0.5617412453968552,-0.4001354725505963,7.0,3.0,ET0,2,0.0,13.59,6.961944041187434,4.71830645976308,4.156565214366225,0.0,,,2023-07-10 07:00:00
1542.0,1689058800.0,sandy,2023,-0.3285259260982567,-0.4001354725505963,7.0,3.0,ET0,2,14.49,13.59,7.523781176422247,4.71830645976308,4.389780533664824,0.0,,,2023-07-11 07:00:00
1543.0,1689145200.0,sandy,2023,-0.4970666982107902,-0.3285259260982567,7.0,3.0,ET0,2,0.0,14.49,7.806608352298979,4.71830645976308,4.22123976155229,0.0,,,2023-07-12 07:00:00
1544.0,1689231600.0,sandy,2023,-0.2643986365731844,-0.3285259260982567,7.0,3.0,ET0,2,15.52,14.49,7.714035948667738,4.71830645976308,4.453907823189896,22.8,,,2023-07-13 07:00:00
1545.0,1689318000.0,sandy,2023,-1.117899487756694,-0.2643986365731844,7.0,3.0,ET0,2,0.0,15.52,2.9961159428327533,4.71830645976308,3.6311593874050407,0.0,,,2023-07-14 07:00:00
1546.0,1689404400.0,sandy,2023,-0.9359392611234644,-0.2643986365731844,7.0,3.0,ET0,2,8.39,15.52,5.390782029334142,4.71830645976308,3.782367198639616,0.0,,,2023-07-15 07:00:00
1547.0,1689490800.0,sandy,2023,-0.8738927478380635,-0.9359392611234644,7.0,3.0,ET0,2,0.0,8.39,7.109056997180415,4.71830645976308,3.844413711925017,0.0,,,2023-07-16 07:00:00
1548.0,1689577200.0,sandy,2023,-0.6244137377075687,-0.9359392611234644,7.0,3.0,ET0,2,13.72,8.39,6.608581357186508,4.71830645976308,4.093892722055512,0.0,,,2023-07-17 07:00:00
1549.0,1689663600.0,sandy,2023,-0.7193644952585412,-0.6244137377075687,7.0,3.0,ET0,2,0.0,13.72,7.500311698248804,4.71830645976308,3.998941964504539,0.0,,,2023-07-18 07:00:00
1550.0,1689750000.0,sandy,2023,-0.4679963808865578,-0.6244137377075687,7.0,3.0,ET0,2,14.56,13.72,7.063404491828016,4.71830645976308,4.250310078876522,0.0,,,2023-07-19 07:00:00
1551.0,1689836400.0,sandy,2023,-0.5977791654947014,-0.4679963808865578,7.0,3.0,ET0,2,0.0,14.56,7.949048805371062,4.71830645976308,4.120527294268379,0.0,,,2023-07-20 07:00:00
1552.0,1689922800.0,sandy,2023,-0.3867252554169833,-0.4679963808865578,7.0,3.0,ET0,2,14.15,14.56,6.202164075023188,4.71830645976308,4.331581204346097,0.0,,,2023-07-21 07:00:00
1553.0,1687503600.0,sandy,2023,-0.5182796207433059,0.0,7.0,3.0,ET0,1,6.42,0.0,6.420277994663035,4.71830645976308,4.200026839019774,0.0,,,2023-06-23 07:00:00
1554.0,1687590000.0,sandy,2023,-0.5439491935832576,-0.5182796207433059,7.0,3.0,ET0,1,6.34,6.42,6.3387606045021405,4.71830645976308,4.174357266179823,0.0,,,2023-06-24 07:00:00
1555.0,1687676400.0,sandy,2023,-0.5362409741203457,-0.5439491935832576,7.0,3.0,ET0,1,7.08,6.34,7.077332335884068,4.71830645976308,4.182065485642735,0.0,,,2023-06-25 07:00:00
1556.0,1687762800.0,sandy,2023,-0.5664072426897164,-0.5362409741203457,7.0,3.0,ET0,1,6.23,7.08,6.229180911248416,4.71830645976308,4.151899217073364,0.0,,,2023-06-26 07:00:00
1557.0,1687849200.0,sandy,2023,-0.5365971515034111,-0.5664072426897164,7.0,3.0,ET0,1,7.72,6.23,7.717627618312005,4.71830645976308,4.181709308259669,0.0,,,2023-06-27 07:00:00
1558.0,1687935600.0,sandy,2023,-0.5377314952637147,-0.5365971515034111,7.0,3.0,ET0,1,8.19,7.72,8.190146658736474,4.71830645976308,4.180574964499366,0.0,,,2023-06-28 07:00:00
1559.0,1688022000.0,sandy,2023,-0.687334457822581,-0.5377314952637147,7.0,3.0,ET0,1,2.65,8.19,2.6534944981591777,4.71830645976308,4.0309720019405,0.0,,,2023-06-29 07:00:00
1560.0,1688108400.0,sandy,2023,-0.55039759163483,-0.687334457822581,7.0,3.0,ET0,1,7.81,2.65,7.811921140444205,4.71830645976308,4.16790886812825,0.0,,,2023-06-30 07:00:00
1561.0,1688194800.0,sandy,2023,-0.6729626856453038,-0.55039759163483,7.0,3.0,ET0,1,2.99,7.81,2.989408376370308,4.71830645976308,4.045343774117776,0.0,,,2023-07-01 07:00:00
1562.0,1688281200.0,sandy,2023,-0.647154784392474,-0.6729626856453038,7.0,3.0,ET0,1,3.63,2.99,3.628606534620321,4.71830645976308,4.071151675370606,0.0,,,2023-07-02 07:00:00
1563.0,1688367600.0,sandy,2023,-0.566228088723061,-0.647154784392474,7.0,3.0,ET0,1,5.91,3.63,5.9091258835011,4.71830645976308,4.15207837104002,0.0,,,2023-07-03 07:00:00
1564.0,1688454000.0,sandy,2023,-0.5272190276177758,-0.566228088723061,7.0,3.0,ET0,1,6.62,5.91,6.621532339824514,4.71830645976308,4.191087432145304,0.0,,,2023-07-04 07:00:00
1565.0,1688540400.0,sandy,2023,-0.5224250807845441,-0.5272190276177758,7.0,3.0,ET0,1,6.4,6.62,6.395412175418061,4.71830645976308,4.1958813789785365,0.0,,,2023-07-05 07:00:00
1566.0,1688626800.0,sandy,2023,-0.4797104239348537,-0.5224250807845441,7.0,3.0,ET0,1,7.49,6.4,7.492344925936937,4.71830645976308,4.238596035828227,5.0,,,2023-07-06 07:00:00
1567.0,1688713200.0,sandy,2023,-0.6548023837174428,-0.4797104239348537,7.0,3.0,ET0,1,3.38,7.49,3.3788724562330463,4.71830645976308,4.063504076045637,0.0,,,2023-07-07 07:00:00
1568.0,1688799600.0,sandy,2023,-0.5635616083330961,-0.6548023837174428,7.0,3.0,ET0,1,6.52,3.38,6.518921569415171,4.71830645976308,4.154744851429984,0.0,,,2023-07-08 07:00:00
1569.0,1688886000.0,sandy,2023,-0.519228665892936,-0.5635616083330961,7.0,3.0,ET0,1,7.07,6.52,7.0675670514600375,4.71830645976308,4.199077793870144,0.0,,,2023-07-09 07:00:00
1570.0,1688972400.0,sandy,2023,-0.4991282350821462,-0.519228665892936,7.0,3.0,ET0,1,6.96,7.07,6.961944041187434,4.71830645976308,4.219178224680934,0.0,,,2023-07-10 07:00:00
1571.0,1689058800.0,sandy,2023,-0.4574997268440908,-0.4991282350821462,7.0,3.0,ET0,1,7.52,6.96,7.523781176422247,4.71830645976308,4.260806732918989,0.0,,,2023-07-11 07:00:00
1572.0,1689145200.0,sandy,2023,-0.4272551974093013,-0.4574997268440908,7.0,3.0,ET0,1,7.81,7.52,7.806608352298979,4.71830645976308,4.291051262353779,0.0,,,2023-07-12 07:00:00
1573.0,1689231600.0,sandy,2023,-0.4128941824871783,-0.4272551974093013,7.0,3.0,ET0,1,7.71,7.81,7.714035948667738,4.71830645976308,4.305412277275902,22.8,,,2023-07-13 07:00:00
1574.0,1689318000.0,sandy,2023,-1.0547545760157278,-0.4128941824871783,7.0,3.0,ET0,1,3.0,7.71,2.9961159428327533,4.71830645976308,3.674694244630665,0.0,,,2023-07-14 07:00:00
1575.0,1689404400.0,sandy,2023,-0.9497118216242318,-1.0547545760157278,7.0,3.0,ET0,1,5.39,3.0,5.390782029334142,4.71830645976308,3.768594638138848,0.0,,,2023-07-15 07:00:00
1576.0,1689490800.0,sandy,2023,-0.8125109557112223,-0.9497118216242318,7.0,3.0,ET0,1,7.11,5.39,7.109056997180415,4.71830645976308,3.905795504051858,0.0,,,2023-07-16 07:00:00
1577.0,1689577200.0,sandy,2023,-0.7531552939615959,-0.8125109557112223,7.0,3.0,ET0,1,6.61,7.11,6.608581357186508,4.71830645976308,3.965151165801484,0.0,,,2023-07-17 07:00:00
1578.0,1689663600.0,sandy,2023,-0.6544247568207063,-0.7531552939615959,7.0,3.0,ET0,1,7.5,6.61,7.500311698248804,4.71830645976308,4.063881702942374,0.0,,,2023-07-18 07:00:00
1579.0,1689750000.0,sandy,2023,-0.6090640922634339,-0.6544247568207063,7.0,3.0,ET0,1,7.06,7.5,7.063404491828016,4.71830645976308,4.109242367499646,0.0,,,2023-07-19 07:00:00
1580.0,1689836400.0,sandy,2023,-0.5246296480139007,-0.6090640922634339,7.0,3.0,ET0,1,7.95,7.06,7.949048805371062,4.71830645976308,4.19367681174918,0.0,,,2023-07-20 07:00:00
1581.0,1689922800.0,sandy,2023,-0.5352083579382328,-0.5246296480139007,7.0,3.0,ET0,1,6.2,7.95,6.202164075023188,4.71830645976308,4.183098101824847,0.0,,,2023-07-21 07:00:00
1582.0,1687503600.0,sandy,2023,-0.5182796207433059,0.0,7.0,3.0,ET0,3,6.42,0.0,6.420277994663035,4.71830645976308,4.200026839019774,0.0,,,2023-06-23 07:00:00
1583.0,1687590000.0,sandy,2023,-0.5439491935832576,-0.5182796207433059,7.0,3.0,ET0,3,0.0,6.42,6.3387606045021405,4.71830645976308,4.174357266179823,0.0,,,2023-06-24 07:00:00
1584.0,1687676400.0,sandy,2023,-0.3710589876033476,-0.5182796207433059,7.0,3.0,ET0,3,0.0,6.42,7.077332335884068,4.71830645976308,4.347247472159733,0.0,,,2023-06-25 07:00:00
1585.0,1687762800.0,sandy,2023,-0.2158296842605726,-0.5182796207433059,7.0,3.0,ET0,3,19.65,6.42,6.229180911248416,4.71830645976308,4.502476775502507,0.0,,,2023-06-26 07:00:00
1586.0,1687849200.0,sandy,2023,-0.5826601013287667,-0.2158296842605726,7.0,3.0,ET0,3,0.0,19.65,7.717627618312005,4.71830645976308,4.135646358434314,0.0,,,2023-06-27 07:00:00
1587.0,1687935600.0,sandy,2023,-0.382252044110199,-0.2158296842605726,7.0,3.0,ET0,3,0.0,19.65,8.190146658736474,4.71830645976308,4.336054415652881,0.0,,,2023-06-28 07:00:00
1588.0,1688022000.0,sandy,2023,-0.3084200600475131,-0.2158296842605726,7.0,3.0,ET0,3,18.56,19.65,2.6534944981591777,4.71830645976308,4.409886399715568,0.0,,,2023-06-29 07:00:00
1589.0,1688108400.0,sandy,2023,-0.625926820690349,-0.3084200600475131,7.0,3.0,ET0,3,0.0,18.56,7.811921140444205,4.71830645976308,4.0923835618183,0.0,,,2023-06-30 07:00:00
1590.0,1688194800.0,sandy,2023,-0.548674446159027,-0.3084200600475131,7.0,3.0,ET0,3,0.0,18.56,2.989408376370308,4.71830645976308,4.169632013604053,0.0,,,2023-07-01 07:00:00
1591.0,1688281200.0,sandy,2023,-0.442941300605441,-0.3084200600475131,7.0,3.0,ET0,3,14.43,18.56,3.628606534620321,4.71830645976308,4.275365159157639,0.0,,,2023-07-02 07:00:00
1592.0,1688367600.0,sandy,2023,-0.6613243402735932,-0.442941300605441,7.0,3.0,ET0,3,0.0,14.43,5.9091258835011,4.71830645976308,4.056982119489487,0.0,,,2023-07-03 07:00:00
1593.0,1688454000.0,sandy,2023,-0.4706550625721939,-0.442941300605441,7.0,3.0,ET0,3,0.0,14.43,6.621532339824514,4.71830645976308,4.247651397190887,0.0,,,2023-07-04 07:00:00
1594.0,1688540400.0,sandy,2023,-0.2818700926892798,-0.442941300605441,7.0,3.0,ET0,3,18.93,14.43,6.395412175418061,4.71830645976308,4.4364363670738,0.0,,,2023-07-05 07:00:00
1595.0,1688626800.0,sandy,2023,-0.6006222111259166,-0.2818700926892798,7.0,3.0,ET0,3,0.0,18.93,7.492344925936937,4.71830645976308,4.117684248637164,5.0,,,2023-07-06 07:00:00
1596.0,1688713200.0,sandy,2023,-0.5645310957719024,-0.2818700926892798,7.0,3.0,ET0,3,0.0,18.93,3.3788724562330463,4.71830645976308,4.153775363991178,0.0,,,2023-07-07 07:00:00
1597.0,1688799600.0,sandy,2023,-0.380354952306033,-0.2818700926892798,7.0,3.0,ET0,3,17.39,18.93,6.518921569415171,4.71830645976308,4.337951507457047,0.0,,,2023-07-08 07:00:00
1598.0,1688886000.0,sandy,2023,-0.650426761400663,-0.380354952306033,7.0,3.0,ET0,3,0.0,17.39,7.0675670514600375,4.71830645976308,4.067879698362417,0.0,,,2023-07-09 07:00:00
1599.0,1688972400.0,sandy,2023,-0.4370883711986341,-0.380354952306033,7.0,3.0,ET0,3,0.0,17.39,6.961944041187434,4.71830645976308,4.281218088564446,0.0,,,2023-07-10 07:00:00
1600.0,1689058800.0,sandy,2023,-0.1962125205165282,-0.380354952306033,7.0,3.0,ET0,3,21.55,17.39,7.523781176422247,4.71830645976308,4.5220939392465525,0.0,,,2023-07-11 07:00:00
1601.0,1689145200.0,sandy,2023,-0.5881423906685496,-0.1962125205165282,7.0,3.0,ET0,3,0.0,21.55,7.806608352298979,4.71830645976308,4.130969856304477,0.0,,,2023-07-12 07:00:00
1602.0,1689231600.0,sandy,2023,-0.3536401642959562,-0.1962125205165282,7.0,3.0,ET0,3,0.0,21.55,7.714035948667738,4.71830645976308,4.364666295467124,22.8,,,2023-07-13 07:00:00
1603.0,1689318000.0,sandy,2023,-0.7444047548113486,-0.1962125205165282,7.0,3.0,ET0,3,18.52,21.55,2.9961159428327533,4.71830645976308,3.973901704951732,0.0,,,2023-07-14 07:00:00
1604.0,1689404400.0,sandy,2023,-1.0876861798221849,-0.7444047548113486,7.0,3.0,ET0,3,0.0,18.52,5.390782029334142,4.71830645976308,3.6525764498309057,0.0,,,2023-07-15 07:00:00
1605.0,1689490800.0,sandy,2023,-0.8227968554370064,-0.7444047548113486,7.0,3.0,ET0,3,0.0,18.52,7.109056997180415,4.71830645976308,3.8955096043260737,0.0,,,2023-07-16 07:00:00
1606.0,1689577200.0,sandy,2023,-0.5636571399316928,-0.7444047548113486,7.0,3.0,ET0,3,19.11,18.52,6.608581357186508,4.71830645976308,4.154649319831387,0.0,,,2023-07-17 07:00:00
1607.0,1689663600.0,sandy,2023,-0.8119012566234082,-0.5636571399316928,7.0,3.0,ET0,3,0.0,19.11,7.500311698248804,4.71830645976308,3.907064057676912,0.0,,,2023-07-18 07:00:00
1608.0,1689750000.0,sandy,2023,-0.5590091601214251,-0.5636571399316928,7.0,3.0,ET0,3,0.0,19.11,7.063404491828016,4.71830645976308,4.159297299641655,0.0,,,2023-07-19 07:00:00
1609.0,1689836400.0,sandy,2023,-0.2669413217687285,-0.5636571399316928,7.0,3.0,ET0,3,22.51,19.11,7.949048805371062,4.71830645976308,4.451365137994352,0.0,,,2023-07-20 07:00:00
1610.0,1689922800.0,sandy,2023,-0.7109587338905723,-0.2669413217687285,7.0,3.0,ET0,3,0.0,22.51,6.202164075023188,4.71830645976308,4.010528844345672,0.0,,,2023-07-21 07:00:00
1611.0,1687503600.0,sandy,2023,-0.5182796207433059,0.0,7.0,3.0,ET0,7,6.42,0.0,6.420277994663035,4.71830645976308,4.200026839019774,0.0,,,2023-06-23 07:00:00
1612.0,1687590000.0,sandy,2023,-0.5439491935832576,-0.5182796207433059,7.0,3.0,ET0,7,0.0,6.42,6.3387606045021405,4.71830645976308,4.174357266179823,0.0,,,2023-06-24 07:00:00
1613.0,1687676400.0,sandy,2023,-0.3710589876033476,-0.5182796207433059,7.0,3.0,ET0,7,0.0,6.42,7.077332335884068,4.71830645976308,4.347247472159733,0.0,,,2023-06-25 07:00:00
1614.0,1687762800.0,sandy,2023,-0.2158296842605726,-0.5182796207433059,7.0,3.0,ET0,7,0.0,6.42,6.229180911248416,4.71830645976308,4.502476775502507,0.0,,,2023-06-26 07:00:00
1615.0,1687849200.0,sandy,2023,-0.0549305374947793,-0.5182796207433059,7.0,3.0,ET0,7,0.0,6.42,7.717627618312005,4.71830645976308,4.663375922268301,0.0,,,2023-06-27 07:00:00
1616.0,1687935600.0,sandy,2023,0.0886458527236685,-0.5182796207433059,7.0,3.0,ET0,7,0.0,6.42,8.190146658736474,4.71830645976308,4.806952312486748,0.0,,,2023-06-28 07:00:00
1617.0,1688022000.0,sandy,2023,0.1311021028385921,-0.5182796207433059,7.0,3.0,ET0,7,0.0,6.42,2.6534944981591777,4.71830645976308,4.849408562601672,0.0,,,2023-06-29 07:00:00
1618.0,1688108400.0,sandy,2023,0.2486912828416815,-0.5182796207433059,7.0,3.0,ET0,7,46.02,6.42,7.811921140444205,4.71830645976308,4.966997742604762,0.0,,,2023-06-30 07:00:00
1619.0,1688194800.0,sandy,2023,-1.002630377052859,0.2486912828416815,7.0,3.0,ET0,7,0.0,46.02,2.989408376370308,4.71830645976308,3.8311072459731936,0.0,,,2023-07-01 07:00:00
1620.0,1688281200.0,sandy,2023,-0.8958676867220177,0.2486912828416815,7.0,3.0,ET0,7,0.0,46.02,3.628606534620321,4.71830645976308,3.822438773041063,0.0,,,2023-07-02 07:00:00
1621.0,1688367600.0,sandy,2023,-0.7165698486926714,0.2486912828416815,7.0,3.0,ET0,7,0.0,46.02,5.9091258835011,4.71830645976308,4.001736611070409,0.0,,,2023-07-03 07:00:00
1622.0,1688454000.0,sandy,2023,-0.5049083328786174,0.2486912828416815,7.0,3.0,ET0,7,0.0,46.02,6.621532339824514,4.71830645976308,4.213398126884463,0.0,,,2023-07-04 07:00:00
1623.0,1688540400.0,sandy,2023,-0.3072256848237966,0.2486912828416815,7.0,3.0,ET0,7,0.0,46.02,6.395412175418061,4.71830645976308,4.411080774939284,0.0,,,2023-07-05 07:00:00
1624.0,1688626800.0,sandy,2023,-0.1128145987860068,0.2486912828416815,7.0,3.0,ET0,7,0.0,46.02,7.492344925936937,4.71830645976308,4.605491860977073,5.0,,,2023-07-06 07:00:00
1625.0,1688713200.0,sandy,2023,-0.0453358954526035,0.2486912828416815,7.0,3.0,ET0,7,36.42,46.02,3.3788724562330463,4.71830645976308,4.672970564310477,0.0,,,2023-07-07 07:00:00
1626.0,1688799600.0,sandy,2023,-0.9615993389190356,-0.0453358954526035,7.0,3.0,ET0,7,0.0,36.42,6.518921569415171,4.71830645976308,3.8184826395965854,0.0,,,2023-07-08 07:00:00
1627.0,1688886000.0,sandy,2023,-0.7403227731789465,-0.0453358954526035,7.0,3.0,ET0,7,0.0,36.42,7.0675670514600375,4.71830645976308,3.9779836865841336,0.0,,,2023-07-09 07:00:00
1628.0,1688972400.0,sandy,2023,-0.5094522943144562,-0.0453358954526035,7.0,3.0,ET0,7,0.0,36.42,6.961944041187434,4.71830645976308,4.208854165448624,0.0,,,2023-07-10 07:00:00
1629.0,1689058800.0,sandy,2023,-0.259992703708272,-0.0453358954526035,7.0,3.0,ET0,7,0.0,36.42,7.523781176422247,4.71830645976308,4.4583137560548085,0.0,,,2023-07-11 07:00:00
1630.0,1689145200.0,sandy,2023,-0.0470612065011762,-0.0453358954526035,7.0,3.0,ET0,7,0.0,36.42,7.806608352298979,4.71830645976308,4.671245253261904,0.0,,,2023-07-12 07:00:00
1631.0,1689231600.0,sandy,2023,0.1276061373611464,-0.0453358954526035,7.0,3.0,ET0,7,0.0,36.42,7.714035948667738,4.71830645976308,4.845912597124227,22.8,,,2023-07-13 07:00:00
1632.0,1689318000.0,sandy,2023,-0.1994922633390975,-0.0453358954526035,7.0,3.0,ET0,7,46.59,36.42,2.9961159428327533,4.71830645976308,4.518814196423983,0.0,,,2023-07-14 07:00:00
1633.0,1689404400.0,sandy,2023,-1.3958407735611065,-0.1994922633390975,7.0,3.0,ET0,7,0.0,46.59,5.390782029334142,4.71830645976308,3.5257781449587497,0.0,,,2023-07-15 07:00:00
1634.0,1689490800.0,sandy,2023,-1.140391627465076,-0.1994922633390975,7.0,3.0,ET0,7,0.0,46.59,7.109056997180415,4.71830645976308,3.577914832298004,0.0,,,2023-07-16 07:00:00
1635.0,1689577200.0,sandy,2023,-0.8808900277751218,-0.1994922633390975,7.0,3.0,ET0,7,0.0,46.59,6.608581357186508,4.71830645976308,3.8374164319879593,0.0,,,2023-07-17 07:00:00
1636.0,1689663600.0,sandy,2023,-0.5764101296539934,-0.1994922633390975,7.0,3.0,ET0,7,0.0,46.59,7.500311698248804,4.71830645976308,4.141896330109087,0.0,,,2023-07-18 07:00:00
1637.0,1689750000.0,sandy,2023,-0.3105424886238997,-0.1994922633390975,7.0,3.0,ET0,7,0.0,46.59,7.063404491828016,4.71830645976308,4.407763971139181,0.0,,,2023-07-19 07:00:00
1638.0,1689836400.0,sandy,2023,-0.0719008333481715,-0.1994922633390975,7.0,3.0,ET0,7,0.0,46.59,7.949048805371062,4.71830645976308,4.646405626414909,0.0,,,2023-07-20 07:00:00
1639.0,1689922800.0,sandy,2023,0.0803320224156549,-0.1994922633390975,7.0,3.0,ET0,7,47.82,46.59,6.202164075023188,4.71830645976308,4.798638482178736,0.0,,,2023-07-21 07:00:00
1756.0,1719126000.0,sandy,2024,-0.6661195040992536,0.0,7.0,3.0,ET0,2,1.66,0.0,1.6632265501860408,4.71830645976308,4.052186955663827,1.7999999999999998,,,2024-06-23 07:00:00
1757.0,1719212400.0,sandy,2024,-0.7989613815910367,-0.6661195040992536,7.0,3.0,ET0,2,0.0,1.66,1.5856569477409397,4.71830645976308,3.9193450781720434,5.8,,,2024-06-24 07:00:00
1758.0,1719298800.0,sandy,2024,-0.8649911004990017,-0.6661195040992536,7.0,3.0,ET0,2,3.23,1.66,1.643019943771474,4.71830645976308,3.8533153592640783,12.6,,,2024-06-25 07:00:00
1759.0,1719385200.0,sandy,2024,-1.0737413611101636,-0.8649911004990017,7.0,3.0,ET0,2,0.0,3.23,3.7360647761286776,4.71830645976308,3.645329888630851,1.0,,,2024-06-26 07:00:00
1760.0,1719471600.0,sandy,2024,-1.0388015983926149,-0.8649911004990017,7.0,3.0,ET0,2,7.02,3.23,3.283058105037508,4.71830645976308,3.6795048613704657,0.0,,,2024-06-27 07:00:00
1761.0,1719558000.0,sandy,2024,-0.958962575368414,-1.0388015983926149,7.0,3.0,ET0,2,0.0,7.02,8.105450401178516,4.71830645976308,3.7593438843946654,0.0,,,2024-06-28 07:00:00
1762.0,1719644400.0,sandy,2024,-0.7467588916203238,-1.0388015983926149,7.0,3.0,ET0,2,14.96,7.02,6.855392222915658,4.71830645976308,3.971547568142757,0.0,,,2024-06-29 07:00:00
1763.0,1719730800.0,sandy,2024,-0.9358560918132056,-0.7467588916203238,7.0,3.0,ET0,2,0.0,14.96,6.275478723242181,4.71830645976308,3.7824503679498735,0.0,,,2024-06-30 07:00:00
1764.0,1719817200.0,sandy,2024,-0.6671127246941158,-0.7467588916203238,7.0,3.0,ET0,2,15.28,14.96,9.008052630760128,4.71830645976308,4.051193735068964,0.0,,,2024-07-01 07:00:00
1765.0,1719903600.0,sandy,2024,-0.8745036936433703,-0.6671127246941158,7.0,3.0,ET0,2,0.0,15.28,6.40343719338403,4.71830645976308,3.84380276611971,0.0,,,2024-07-02 07:00:00
1766.0,1719990000.0,sandy,2024,-0.6788889727582423,-0.6671127246941158,7.0,3.0,ET0,2,13.23,15.28,6.828302846826217,4.71830645976308,4.039417487004838,0.0,,,2024-07-03 07:00:00
1767.0,1720076400.0,sandy,2024,-0.9098092092744476,-0.6788889727582423,7.0,3.0,ET0,2,0.0,13.23,3.501203041998366,4.71830645976308,3.808512955616844,0.0,,,2024-07-04 07:00:00
1768.0,1720162800.0,sandy,2024,-0.7738506396269456,-0.6788889727582423,7.0,3.0,ET0,2,7.61,13.23,4.110755932356144,4.71830645976308,3.944455820136135,0.0,,,2024-07-05 07:00:00
1769.0,1720249200.0,sandy,2024,-0.7232522937821063,-0.7738506396269456,7.0,3.0,ET0,2,0.0,7.61,7.570021332731803,4.71830645976308,3.995054165980974,0.0,,,2024-07-06 07:00:00
1770.0,1720335600.0,sandy,2024,-0.4716255992551439,-0.7738506396269456,7.0,3.0,ET0,2,15.81,7.61,8.236770338981968,4.71830645976308,4.2466808605079365,0.0,,,2024-07-07 07:00:00
1771.0,1720422000.0,sandy,2024,-0.7872676840040654,-0.4716255992551439,7.0,3.0,ET0,2,0.0,15.81,3.5751601774979624,4.71830645976308,3.931038775759015,0.0,,,2024-07-08 07:00:00
1772.0,1720508400.0,sandy,2024,-0.5928482834126015,-0.4716255992551439,7.0,3.0,ET0,2,9.6,15.81,6.021523561190189,4.71830645976308,4.125458176350479,1.0,,,2024-07-09 07:00:00
1773.0,1720594800.0,sandy,2024,-0.6489158963402233,-0.5928482834126015,7.0,3.0,ET0,2,0.0,9.6,6.408995121084742,4.71830645976308,4.069390563422857,0.0,,,2024-07-10 07:00:00
1774.0,1720681200.0,sandy,2024,-0.4181096578501493,-0.5928482834126015,7.0,3.0,ET0,2,13.51,9.6,7.100145056634385,4.71830645976308,4.300196801912931,0.0,,,2024-07-11 07:00:00
1775.0,1720767600.0,sandy,2024,-0.5258673332610335,-0.4181096578501493,7.0,3.0,ET0,2,0.0,13.51,8.417233027045325,4.71830645976308,4.192439126502046,0.0,,,2024-07-12 07:00:00
1776.0,1720854000.0,sandy,2024,-0.2252778555114496,-0.4181096578501493,7.0,3.0,ET0,2,17.9,13.51,9.478835789843243,4.71830645976308,4.493028604251631,0.0,,,2024-07-13 07:00:00
1777.0,1720940400.0,sandy,2024,-0.4845463076407964,-0.2252778555114496,7.0,3.0,ET0,2,0.0,17.9,8.65408688020589,4.71830645976308,4.233760152122284,0.0,,,2024-07-14 07:00:00
1778.0,1721026800.0,sandy,2024,-0.2347040555103838,-0.2252778555114496,7.0,3.0,ET0,2,16.69,17.9,8.038553013013921,4.71830645976308,4.4836024042526965,0.0,,,2024-07-15 07:00:00
1779.0,1721113200.0,sandy,2024,-0.4642280429708291,-0.2347040555103838,7.0,3.0,ET0,2,0.0,16.69,8.079175888672749,4.71830645976308,4.254078416792251,0.0,,,2024-07-16 07:00:00
1780.0,1721199600.0,sandy,2024,-0.1464796615100226,-0.2347040555103838,7.0,3.0,ET0,2,17.98,16.69,9.89638188136864,4.71830645976308,4.571826798253058,0.0,,,2024-07-17 07:00:00
1781.0,1721286000.0,sandy,2024,-0.4008920636312704,-0.1464796615100226,7.0,3.0,ET0,2,0.0,17.98,8.856197692783795,4.71830645976308,4.317414396131809,0.0,,,2024-07-18 07:00:00
1782.0,1721372400.0,sandy,2024,-0.1343541309693421,-0.1464796615100226,7.0,3.0,ET0,2,17.45,17.98,8.59349226880255,4.71830645976308,4.583952328793738,0.0,,,2024-07-19 07:00:00
1783.0,1721458800.0,sandy,2024,-0.4427917169881643,-0.1343541309693421,7.0,3.0,ET0,2,0.0,17.45,6.5994601364997925,4.71830645976308,4.275514742774916,0.0,,,2024-07-20 07:00:00
1784.0,1721545200.0,sandy,2024,-0.2436127568357181,-0.1343541309693421,7.0,3.0,ET0,2,12.96,17.45,6.35886520949269,4.71830645976308,4.474693702927362,0.0,,,2024-07-21 07:00:00
1785.0,1719126000.0,sandy,2024,-0.6661195040992536,0.0,7.0,3.0,ET0,1,1.66,0.0,1.6632265501860408,4.71830645976308,4.052186955663827,1.7999999999999998,,,2024-06-23 07:00:00
1786.0,1719212400.0,sandy,2024,-0.7989613815910367,-0.6661195040992536,7.0,3.0,ET0,1,1.59,1.66,1.5856569477409397,4.71830645976308,3.9193450781720434,5.8,,,2024-06-24 07:00:00
1787.0,1719298800.0,sandy,2024,-0.9048760421430118,-0.7989613815910367,7.0,3.0,ET0,1,1.64,1.59,1.643019943771474,4.71830645976308,3.8134304176200686,12.6,,,2024-06-25 07:00:00
1788.0,1719385200.0,sandy,2024,-1.0738504365213848,-0.9048760421430118,7.0,3.0,ET0,1,3.74,1.64,3.7360647761286776,4.71830645976308,3.644565837318481,1.0,,,2024-06-26 07:00:00
1789.0,1719471600.0,sandy,2024,-1.1328436912117308,-1.0738504365213848,7.0,3.0,ET0,1,3.28,3.74,3.283058105037508,4.71830645976308,3.5854627685513494,0.0,,,2024-06-27 07:00:00
1790.0,1719558000.0,sandy,2024,-0.956799341571549,-1.1328436912117308,7.0,3.0,ET0,1,8.11,3.28,8.105450401178516,4.71830645976308,3.761507118191531,0.0,,,2024-06-28 07:00:00
1791.0,1719644400.0,sandy,2024,-0.944815378879182,-0.956799341571549,7.0,3.0,ET0,1,6.86,8.11,6.855392222915658,4.71830645976308,3.773491080883898,0.0,,,2024-06-29 07:00:00
1792.0,1719730800.0,sandy,2024,-0.9199041051697112,-0.944815378879182,7.0,3.0,ET0,1,6.28,6.86,6.275478723242181,4.71830645976308,3.798402354593369,0.0,,,2024-06-30 07:00:00
1793.0,1719817200.0,sandy,2024,-0.8070209444037344,-0.9199041051697112,7.0,3.0,ET0,1,9.01,6.28,9.008052630760128,4.71830645976308,3.9112855153593458,0.0,,,2024-07-01 07:00:00
1794.0,1719903600.0,sandy,2024,-0.8482933594183716,-0.8070209444037344,7.0,3.0,ET0,1,6.4,9.01,6.40343719338403,4.71830645976308,3.8700131003447087,0.0,,,2024-07-02 07:00:00
1795.0,1719990000.0,sandy,2024,-0.8148162745014765,-0.8482933594183716,7.0,3.0,ET0,1,6.83,6.4,6.828302846826217,4.71830645976308,3.903490185261604,0.0,,,2024-07-03 07:00:00
1796.0,1720076400.0,sandy,2024,-0.8800922527176498,-0.8148162745014765,7.0,3.0,ET0,1,3.5,6.83,3.501203041998366,4.71830645976308,3.8382142070454304,0.0,,,2024-07-04 07:00:00
1797.0,1720162800.0,sandy,2024,-0.8302055963351772,-0.8800922527176498,7.0,3.0,ET0,1,4.11,3.5,4.110755932356144,4.71830645976308,3.888100863427903,0.0,,,2024-07-05 07:00:00
1798.0,1720249200.0,sandy,2024,-0.6905970273359551,-0.8302055963351772,7.0,3.0,ET0,1,7.57,4.11,7.570021332731803,4.71830645976308,4.027709432427125,0.0,,,2024-07-06 07:00:00
1799.0,1720335600.0,sandy,2024,-0.6387860028297556,-0.6905970273359551,7.0,3.0,ET0,1,8.24,7.57,8.236770338981968,4.71830645976308,4.0795204569333245,0.0,,,2024-07-07 07:00:00
1800.0,1720422000.0,sandy,2024,-0.7474433819239167,-0.6387860028297556,7.0,3.0,ET0,1,3.58,8.24,3.5751601774979624,4.71830645976308,3.970863077839164,0.0,,,2024-07-08 07:00:00
1801.0,1720508400.0,sandy,2024,-0.644941273210987,-0.7474433819239167,7.0,3.0,ET0,1,6.02,3.58,6.021523561190189,4.71830645976308,4.073365186552094,1.0,,,2024-07-09 07:00:00
1802.0,1720594800.0,sandy,2024,-0.6073213480038028,-0.644941273210987,7.0,3.0,ET0,1,6.41,6.02,6.408995121084742,4.71830645976308,4.110985111759278,0.0,,,2024-07-10 07:00:00
1803.0,1720681200.0,sandy,2024,-0.5516157889902252,-0.6073213480038028,7.0,3.0,ET0,1,7.1,6.41,7.100145056634385,4.71830645976308,4.166690670772855,0.0,,,2024-07-11 07:00:00
1804.0,1720767600.0,sandy,2024,-0.4768414838535566,-0.5516157889902252,7.0,3.0,ET0,1,8.42,7.1,8.417233027045325,4.71830645976308,4.241464975909524,0.0,,,2024-07-12 07:00:00
1805.0,1720854000.0,sandy,2024,-0.4127362577876904,-0.4768414838535566,7.0,3.0,ET0,1,9.48,8.42,9.478835789843243,4.71830645976308,4.30557020197539,0.0,,,2024-07-13 07:00:00
1806.0,1720940400.0,sandy,2024,-0.4144637145966586,-0.4127362577876904,7.0,3.0,ET0,1,8.65,9.48,8.65408688020589,4.71830645976308,4.303842745166421,0.0,,,2024-07-14 07:00:00
1807.0,1721026800.0,sandy,2024,-0.4095382703099723,-0.4144637145966586,7.0,3.0,ET0,1,8.04,8.65,8.038553013013921,4.71830645976308,4.308768189453108,0.0,,,2024-07-15 07:00:00
1808.0,1721113200.0,sandy,2024,-0.381924310886348,-0.4095382703099723,7.0,3.0,ET0,1,8.08,8.04,8.079175888672749,4.71830645976308,4.336382148876732,0.0,,,2024-07-16 07:00:00
1809.0,1721199600.0,sandy,2024,-0.2936979278847061,-0.381924310886348,7.0,3.0,ET0,1,9.9,8.08,9.89638188136864,4.71830645976308,4.424608531878374,0.0,,,2024-07-17 07:00:00
1810.0,1721286000.0,sandy,2024,-0.3028568276552666,-0.2936979278847061,7.0,3.0,ET0,1,8.86,9.9,8.856197692783795,4.71830645976308,4.415449632107814,0.0,,,2024-07-18 07:00:00
1811.0,1721372400.0,sandy,2024,-0.2944098251775893,-0.3028568276552666,7.0,3.0,ET0,1,8.59,8.86,8.59349226880255,4.71830645976308,4.423896634585491,0.0,,,2024-07-19 07:00:00
1812.0,1721458800.0,sandy,2024,-0.3381685084561625,-0.2944098251775893,7.0,3.0,ET0,1,6.6,8.59,6.5994601364997925,4.71830645976308,4.380137951306918,0.0,,,2024-07-20 07:00:00
1813.0,1721545200.0,sandy,2024,-0.327129628384815,-0.3381685084561625,7.0,3.0,ET0,1,6.36,6.6,6.35886520949269,4.71830645976308,4.3911768313782655,0.0,,,2024-07-21 07:00:00
1814.0,1719126000.0,sandy,2024,-0.6661195040992536,0.0,7.0,3.0,ET0,3,1.66,0.0,1.6632265501860408,4.71830645976308,4.052186955663827,1.7999999999999998,,,2024-06-23 07:00:00
1815.0,1719212400.0,sandy,2024,-0.7989613815910367,-0.6661195040992536,7.0,3.0,ET0,3,0.0,1.66,1.5856569477409397,4.71830645976308,3.9193450781720434,5.8,,,2024-06-24 07:00:00
1816.0,1719298800.0,sandy,2024,-0.8649911004990017,-0.6661195040992536,7.0,3.0,ET0,3,0.0,1.66,1.643019943771474,4.71830645976308,3.8533153592640783,12.6,,,2024-06-25 07:00:00
1817.0,1719385200.0,sandy,2024,-0.980648666367316,-0.6661195040992536,7.0,3.0,ET0,3,6.96,1.66,3.7360647761286776,4.71830645976308,3.737657793395764,1.0,,,2024-06-26 07:00:00
1818.0,1719471600.0,sandy,2024,-1.1334010614607368,-0.980648666367316,7.0,3.0,ET0,3,0.0,6.96,3.283058105037508,4.71830645976308,3.584905398302343,0.0,,,2024-06-27 07:00:00
1819.0,1719558000.0,sandy,2024,-0.8801859240886623,-0.980648666367316,7.0,3.0,ET0,3,0.0,6.96,8.105450401178516,4.71830645976308,3.838120535674418,0.0,,,2024-06-28 07:00:00
1820.0,1719644400.0,sandy,2024,-0.6601302411319843,-0.980648666367316,7.0,3.0,ET0,3,18.24,6.96,6.855392222915658,4.71830645976308,4.058176218631096,0.0,,,2024-06-29 07:00:00
1821.0,1719730800.0,sandy,2024,-0.9404852991344448,-0.6601302411319843,7.0,3.0,ET0,3,0.0,18.24,6.275478723242181,4.71830645976308,3.778149488509467,0.0,,,2024-06-30 07:00:00
1822.0,1719817200.0,sandy,2024,-0.6718789746033349,-0.6601302411319843,7.0,3.0,ET0,3,0.0,18.24,9.008052630760128,4.71830645976308,4.046427485159746,0.0,,,2024-07-01 07:00:00
1823.0,1719903600.0,sandy,2024,-0.4774635958692387,-0.6601302411319843,7.0,3.0,ET0,3,21.69,18.24,6.40343719338403,4.71830645976308,4.240842863893842,0.0,,,2024-07-02 07:00:00
1824.0,1719990000.0,sandy,2024,-0.87223656139505,-0.4774635958692387,7.0,3.0,ET0,3,0.0,21.69,6.828302846826217,4.71830645976308,3.850680514728556,0.0,,,2024-07-03 07:00:00
1825.0,1720076400.0,sandy,2024,-0.7635939428031059,-0.4774635958692387,7.0,3.0,ET0,3,0.0,21.69,3.501203041998366,4.71830645976308,3.954712516959974,0.0,,,2024-07-04 07:00:00
1826.0,1720162800.0,sandy,2024,-0.6222483406667199,-0.4774635958692387,7.0,3.0,ET0,3,14.44,21.69,4.110755932356144,4.71830645976308,4.0960581190963605,0.0,,,2024-07-05 07:00:00
1827.0,1720249200.0,sandy,2024,-0.7664146341421167,-0.6222483406667199,7.0,3.0,ET0,3,0.0,14.44,7.570021332731803,4.71830645976308,3.9518918256209634,0.0,,,2024-07-06 07:00:00
1828.0,1720335600.0,sandy,2024,-0.5177240172068049,-0.6222483406667199,7.0,3.0,ET0,3,0.0,14.44,8.236770338981968,4.71830645976308,4.200582442556275,0.0,,,2024-07-07 07:00:00
1829.0,1720422000.0,sandy,2024,-0.3999558277744859,-0.6222483406667199,7.0,3.0,ET0,3,19.38,14.44,3.5751601774979624,4.71830645976308,4.3183506319885945,0.0,,,2024-07-08 07:00:00
1830.0,1720508400.0,sandy,2024,-0.7479399028431591,-0.3999558277744859,7.0,3.0,ET0,3,0.0,19.38,6.021523561190189,4.71830645976308,3.9708546974407737,1.0,,,2024-07-09 07:00:00
1831.0,1720594800.0,sandy,2024,-0.5526603728604833,-0.3999558277744859,7.0,3.0,ET0,3,0.0,19.38,6.408995121084742,4.71830645976308,4.165646086902597,0.0,,,2024-07-10 07:00:00
1832.0,1720681200.0,sandy,2024,-0.3156169472691205,-0.3999558277744859,7.0,3.0,ET0,3,19.53,19.38,7.100145056634385,4.71830645976308,4.40268951249396,0.0,,,2024-07-11 07:00:00
1833.0,1720767600.0,sandy,2024,-0.6093978789824178,-0.3156169472691205,7.0,3.0,ET0,3,0.0,19.53,8.417233027045325,4.71830645976308,4.108908580780662,0.0,,,2024-07-12 07:00:00
1834.0,1720854000.0,sandy,2024,-0.3064049256077037,-0.3156169472691205,7.0,3.0,ET0,3,0.0,19.53,9.478835789843243,4.71830645976308,4.411901534155376,0.0,,,2024-07-13 07:00:00
1835.0,1720940400.0,sandy,2024,-0.0444138141970108,-0.3156169472691205,7.0,3.0,ET0,3,26.55,19.53,8.65408688020589,4.71830645976308,4.673892645566069,0.0,,,2024-07-14 07:00:00
1836.0,1721026800.0,sandy,2024,-0.6024699905753919,-0.0444138141970108,7.0,3.0,ET0,3,0.0,26.55,8.038553013013921,4.71830645976308,4.122731684703584,0.0,,,2024-07-15 07:00:00
1837.0,1721113200.0,sandy,2024,-0.3456705347603116,-0.0444138141970108,7.0,3.0,ET0,3,0.0,26.55,8.079175888672749,4.71830645976308,4.372635925002768,0.0,,,2024-07-16 07:00:00
1838.0,1721199600.0,sandy,2024,-0.0254598183351893,-0.0444138141970108,7.0,3.0,ET0,3,26.01,26.55,9.89638188136864,4.71830645976308,4.692846641427891,0.0,,,2024-07-17 07:00:00
1839.0,1721286000.0,sandy,2024,-0.5410337029066302,-0.0254598183351893,7.0,3.0,ET0,3,0.0,26.01,8.856197692783795,4.71830645976308,4.182613357328778,0.0,,,2024-07-18 07:00:00
1840.0,1721372400.0,sandy,2024,-0.269617879075109,-0.0254598183351893,7.0,3.0,ET0,3,0.0,26.01,8.59349226880255,4.71830645976308,4.448688580687971,0.0,,,2024-07-19 07:00:00
1841.0,1721458800.0,sandy,2024,-0.0541311234865021,-0.0254598183351893,7.0,3.0,ET0,3,24.05,26.01,6.5994601364997925,4.71830645976308,4.664175336276578,0.0,,,2024-07-20 07:00:00
1842.0,1721545200.0,sandy,2024,-0.570316481982547,-0.0541311234865021,7.0,3.0,ET0,3,0.0,24.05,6.35886520949269,4.71830645976308,4.154031794734495,0.0,,,2024-07-21 07:00:00
1843.0,1719126000.0,sandy,2024,-0.6661195040992536,0.0,7.0,3.0,ET0,7,1.66,0.0,1.6632265501860408,4.71830645976308,4.052186955663827,1.7999999999999998,,,2024-06-23 07:00:00
1844.0,1719212400.0,sandy,2024,-0.7989613815910367,-0.6661195040992536,7.0,3.0,ET0,7,0.0,1.66,1.5856569477409397,4.71830645976308,3.9193450781720434,5.8,,,2024-06-24 07:00:00
1845.0,1719298800.0,sandy,2024,-0.8649911004990017,-0.6661195040992536,7.0,3.0,ET0,7,0.0,1.66,1.643019943771474,4.71830645976308,3.8533153592640783,12.6,,,2024-06-25 07:00:00
1846.0,1719385200.0,sandy,2024,-0.980648666367316,-0.6661195040992536,7.0,3.0,ET0,7,0.0,1.66,3.7360647761286776,4.71830645976308,3.737657793395764,1.0,,,2024-06-26 07:00:00
1847.0,1719471600.0,sandy,2024,-0.9527146087757212,-0.6661195040992536,7.0,3.0,ET0,7,0.0,1.66,3.283058105037508,4.71830645976308,3.765591850987359,0.0,,,2024-06-27 07:00:00
1848.0,1719558000.0,sandy,2024,-0.6993054878777293,-0.6661195040992536,7.0,3.0,ET0,7,0.0,1.66,8.105450401178516,4.71830645976308,4.019000971885351,0.0,,,2024-06-28 07:00:00
1849.0,1719644400.0,sandy,2024,-0.4873557487563966,-0.6661195040992536,7.0,3.0,ET0,7,0.0,1.66,6.855392222915658,4.71830645976308,4.230950711006684,0.0,,,2024-06-29 07:00:00
1850.0,1719730800.0,sandy,2024,-0.3150122992728207,-0.6661195040992536,7.0,3.0,ET0,7,31.48,1.66,6.275478723242181,4.71830645976308,4.403294160490259,0.0,,,2024-06-30 07:00:00
1851.0,1719817200.0,sandy,2024,-0.943651244198427,-0.3150122992728207,7.0,3.0,ET0,7,0.0,31.48,9.008052630760128,4.71830645976308,3.797979249106188,0.0,,,2024-07-01 07:00:00
1852.0,1719903600.0,sandy,2024,-0.7498151665444681,-0.3150122992728207,7.0,3.0,ET0,7,0.0,31.48,6.40343719338403,4.71830645976308,3.968491293218612,0.0,,,2024-07-02 07:00:00
1853.0,1719990000.0,sandy,2024,-0.5463678039393164,-0.3150122992728207,7.0,3.0,ET0,7,0.0,31.48,6.828302846826217,4.71830645976308,4.171938655823764,0.0,,,2024-07-03 07:00:00
1854.0,1720076400.0,sandy,2024,-0.4342066425275069,-0.3150122992728207,7.0,3.0,ET0,7,0.0,31.48,3.501203041998366,4.71830645976308,4.284099817235573,0.0,,,2024-07-04 07:00:00
1855.0,1720162800.0,sandy,2024,-0.3055087097233817,-0.3150122992728207,7.0,3.0,ET0,7,0.0,31.48,4.110755932356144,4.71830645976308,4.412797750039698,0.0,,,2024-07-05 07:00:00
1856.0,1720249200.0,sandy,2024,-0.1113577149048648,-0.3150122992728207,7.0,3.0,ET0,7,0.0,31.48,7.570021332731803,4.71830645976308,4.606948744858215,0.0,,,2024-07-06 07:00:00
1857.0,1720335600.0,sandy,2024,0.0639121781973142,-0.3150122992728207,7.0,3.0,ET0,7,45.66,31.48,8.236770338981968,4.71830645976308,4.782218637960394,0.0,,,2024-07-07 07:00:00
1858.0,1720422000.0,sandy,2024,-1.113815133002613,0.0639121781973142,7.0,3.0,ET0,7,0.0,45.66,3.5751601774979624,4.71830645976308,3.729809452296285,0.0,,,2024-07-08 07:00:00
1859.0,1720508400.0,sandy,2024,-0.9149221705053758,0.0639121781973142,7.0,3.0,ET0,7,0.0,45.66,6.021523561190189,4.71830645976308,3.803384289257704,1.0,,,2024-07-09 07:00:00
1860.0,1720594800.0,sandy,2024,-0.7056195325902843,0.0639121781973142,7.0,3.0,ET0,7,0.0,45.66,6.408995121084742,4.71830645976308,4.012686927172796,0.0,,,2024-07-10 07:00:00
1861.0,1720681200.0,sandy,2024,-0.4539816029469208,0.0639121781973142,7.0,3.0,ET0,7,0.0,45.66,7.100145056634385,4.71830645976308,4.26432485681616,0.0,,,2024-07-11 07:00:00
1862.0,1720767600.0,sandy,2024,-0.1823584299832375,0.0639121781973142,7.0,3.0,ET0,7,0.0,45.66,8.417233027045325,4.71830645976308,4.535948029779843,0.0,,,2024-07-12 07:00:00
1863.0,1720854000.0,sandy,2024,0.0593814780390195,0.0639121781973142,7.0,3.0,ET0,7,0.0,45.66,9.478835789843243,4.71830645976308,4.7776879378021,0.0,,,2024-07-13 07:00:00
1864.0,1720940400.0,sandy,2024,0.2393782160201357,0.0639121781973142,7.0,3.0,ET0,7,49.66,45.66,8.65408688020589,4.71830645976308,4.957684675783216,0.0,,,2024-07-14 07:00:00
1865.0,1721026800.0,sandy,2024,-1.010710892088254,0.2393782160201357,7.0,3.0,ET0,7,0.0,49.66,8.038553013013921,4.71830645976308,3.842299406122928,0.0,,,2024-07-15 07:00:00
1866.0,1721113200.0,sandy,2024,-0.7434554094867811,0.2393782160201357,7.0,3.0,ET0,7,0.0,49.66,8.079175888672749,4.71830645976308,3.9748510502762993,0.0,,,2024-07-16 07:00:00
1867.0,1721199600.0,sandy,2024,-0.3931449231314474,0.2393782160201357,7.0,3.0,ET0,7,0.0,49.66,9.89638188136864,4.71830645976308,4.325161536631633,0.0,,,2024-07-17 07:00:00
1868.0,1721286000.0,sandy,2024,-0.1000135251043359,0.2393782160201357,7.0,3.0,ET0,7,0.0,49.66,8.856197692783795,4.71830645976308,4.6182929346587445,0.0,,,2024-07-18 07:00:00
1869.0,1721372400.0,sandy,2024,0.1202372715094966,0.2393782160201357,7.0,3.0,ET0,7,0.0,49.66,8.59349226880255,4.71830645976308,4.838543731272577,0.0,,,2024-07-19 07:00:00
1870.0,1721458800.0,sandy,2024,0.2607960615517122,0.2393782160201357,7.0,3.0,ET0,7,0.0,49.66,6.5994601364997925,4.71830645976308,4.979102521314792,0.0,,,2024-07-20 07:00:00
1871.0,1721545200.0,sandy,2024,0.3796442563824785,0.2393782160201357,7.0,3.0,ET0,7,56.42,49.66,6.35886520949269,4.71830645976308,5.097950716145559,0.0,,,2024-07-21 07:00:00
1992.0,1625986800.0,cloamy,2021,0.1540847297511718,0.0,12.0,3.0,ET0,2,7.91,0.0,7.909412676835701,4.71830645976308,4.872391189514252,0.0,,,2021-07-11 07:00:00
1993.0,1626073200.0,cloamy,2021,0.1632299162079175,0.1540847297511718,12.0,3.0,ET0,2,0.0,7.91,8.171899400888595,4.71830645976308,4.888490697919358,0.0,,,2021-07-12 07:00:00
1994.0,1626159600.0,cloamy,2021,0.2583073521861568,0.1540847297511718,12.0,3.0,ET0,2,15.48,7.91,7.307248568315713,4.71830645976308,4.976613811949237,49.2,,,2021-07-13 07:00:00
1995.0,1626246000.0,cloamy,2021,-0.5266381479799017,0.2583073521861568,12.0,3.0,ET0,2,0.0,15.48,3.7200181370317593,4.71830645976308,4.359565570371304,0.0,,,2021-07-14 07:00:00
1996.0,1626332400.0,cloamy,2021,-0.6219986765964148,0.2583073521861568,12.0,3.0,ET0,2,10.31,15.48,6.588938290136868,4.71830645976308,4.164123487026854,0.0,,,2021-07-15 07:00:00
1997.0,1626418800.0,cloamy,2021,-0.768169297030247,-0.6219986765964148,12.0,3.0,ET0,2,0.0,10.31,4.2070949143533625,4.71830645976308,4.072527449547529,10.8,,,2021-07-16 07:00:00
1998.0,1626505200.0,cloamy,2021,-0.9186046292077592,-0.6219986765964148,12.0,3.0,ET0,2,5.93,10.31,1.7206288405645938,4.71830645976308,3.909255413991232,0.8,,,2021-07-17 07:00:00
1999.0,1626591600.0,cloamy,2021,-1.0338766822438843,-0.9186046292077592,12.0,3.0,ET0,2,0.0,5.93,2.339819333016992,4.71830645976308,3.807489238562024,0.0,,,2021-07-18 07:00:00
2000.0,1626678000.0,cloamy,2021,-0.9756465863435164,-0.9186046292077592,12.0,3.0,ET0,2,7.88,5.93,5.542148180411579,4.71830645976308,3.789781427042493,0.0,,,2021-07-19 07:00:00
2001.0,1626764400.0,cloamy,2021,-0.9746481340780334,-0.9756465863435164,12.0,3.0,ET0,2,0.0,7.88,6.336708517861463,4.71830645976308,3.819304673759938,0.0,,,2021-07-20 07:00:00
2002.0,1626850800.0,cloamy,2021,-0.8278369120929381,-0.9756465863435164,12.0,3.0,ET0,2,14.06,7.88,7.723088615724408,4.71830645976308,3.9050281057994014,0.0,,,2021-07-21 07:00:00
2003.0,1626937200.0,cloamy,2021,-0.8761588772770593,-0.8278369120929381,12.0,3.0,ET0,2,0.0,14.06,6.384988487195638,4.71830645976308,3.951344729770352,0.0,,,2021-07-22 07:00:00
2004.0,1627023600.0,cloamy,2021,-0.7440551330944359,-0.8278369120929381,12.0,3.0,ET0,2,13.11,14.06,6.724001721462045,4.71830645976308,4.006980491437853,0.0,,,2021-07-23 07:00:00
2005.0,1627110000.0,cloamy,2021,-0.7743024692212981,-0.7440551330944359,12.0,3.0,ET0,2,0.0,13.11,6.639604206034317,4.71830645976308,4.055271848486855,0.0,,,2021-07-24 07:00:00
2006.0,1627196400.0,cloamy,2021,-0.6672884217319133,-0.7440551330944359,12.0,3.0,ET0,2,12.71,13.11,6.068344799075018,4.71830645976308,4.086229028042911,0.0,,,2021-07-25 07:00:00
2007.0,1627282800.0,cloamy,2021,-0.7668699516747003,-0.6672884217319133,12.0,3.0,ET0,2,0.0,12.71,3.7441148307248353,4.71830645976308,4.070959228109202,0.0,,,2021-07-26 07:00:00
2008.0,1627369200.0,cloamy,2021,-0.6814126578196257,-0.6672884217319133,12.0,3.0,ET0,2,9.0,12.71,5.25782491390273,4.71830645976308,4.079159450106932,1.0,,,2021-07-27 07:00:00
2009.0,1627455600.0,cloamy,2021,-0.7271683876498203,-0.6814126578196257,12.0,3.0,ET0,2,0.0,9.0,4.067188753317478,4.71830645976308,4.0795369731488185,0.0,,,2021-07-28 07:00:00
2010.0,1627542000.0,cloamy,2021,-0.6213548706594109,-0.6814126578196257,12.0,3.0,ET0,2,9.57,9.0,5.501441403272102,4.71830645976308,4.121232030592542,0.0,,,2021-07-29 07:00:00
2011.0,1627628400.0,cloamy,2021,-0.5808716145920665,-0.6213548706594109,12.0,3.0,ET0,2,0.0,9.57,7.363960029273559,4.71830645976308,4.201807905472829,0.0,,,2021-07-30 07:00:00
2012.0,1627714800.0,cloamy,2021,-0.4036116640137255,-0.6213548706594109,12.0,3.0,ET0,2,15.49,9.57,8.127164249908118,4.71830645976308,4.323226062617178,0.0,,,2021-07-31 07:00:00
2013.0,1627801200.0,cloamy,2021,-0.4769863907850745,-0.4036116640137255,12.0,3.0,ET0,2,0.0,15.49,7.011084171391055,4.71830645976308,4.352666803968647,9.0,,,2021-08-01 07:00:00
2014.0,1627887600.0,cloamy,2021,-0.4045893127786527,-0.4036116640137255,12.0,3.0,ET0,2,14.32,15.49,7.304828236834061,4.71830645976308,4.35671569237171,0.0,,,2021-08-02 07:00:00
2015.0,1627974000.0,cloamy,2021,-0.4943297877391825,-0.4045893127786527,12.0,3.0,ET0,2,0.0,14.32,7.320018177389831,4.71830645976308,4.34543357489035,0.0,,,2021-08-03 07:00:00
2016.0,1628060400.0,cloamy,2021,-0.376022359855625,-0.4045893127786527,12.0,3.0,ET0,2,15.56,14.32,8.239496207860649,4.71830645976308,4.373565338105523,0.0,,,2021-08-04 07:00:00
2017.0,1628146800.0,cloamy,2021,-0.5395879463135927,-0.376022359855625,12.0,3.0,ET0,2,0.0,15.56,4.198759507591638,4.71830645976308,4.314087906787903,0.0,,,2021-08-05 07:00:00
2018.0,1628233200.0,cloamy,2021,-0.4088081049234482,-0.376022359855625,12.0,3.0,ET0,2,12.46,15.56,8.25634687060054,4.71830645976308,4.345890679410893,0.0,,,2021-08-06 07:00:00
2019.0,1628319600.0,cloamy,2021,-0.4385939325752166,-0.4088081049234482,12.0,3.0,ET0,2,0.0,12.46,7.823891414052509,4.71830645976308,4.375046759876111,0.0,,,2021-08-07 07:00:00
2020.0,1628406000.0,cloamy,2021,-0.327098614985941,-0.4088081049234482,12.0,3.0,ET0,2,14.63,12.46,6.805842568347599,4.71830645976308,4.412957626254908,0.0,,,2021-08-08 07:00:00
2021.0,1628492400.0,cloamy,2021,-0.3730487276053157,-0.327098614985941,12.0,3.0,ET0,2,0.0,14.63,8.235329351972808,4.71830645976308,4.445069323546054,0.0,,,2021-08-09 07:00:00
2022.0,1625986800.0,cloamy,2021,0.1540847297511718,0.0,12.0,3.0,ET0,1,7.91,0.0,7.909412676835701,4.71830645976308,4.872391189514252,0.0,,,2021-07-11 07:00:00
2023.0,1626073200.0,cloamy,2021,0.1632299162079175,0.1540847297511718,12.0,3.0,ET0,1,8.17,7.91,8.171899400888595,4.71830645976308,4.888490697919358,0.0,,,2021-07-12 07:00:00
2024.0,1626159600.0,cloamy,2021,0.1276576978170304,0.1632299162079175,12.0,3.0,ET0,1,7.31,8.17,7.307248568315713,4.71830645976308,4.865777024080197,49.2,,,2021-07-13 07:00:00
2025.0,1626246000.0,cloamy,2021,-0.5507680483622136,0.1276576978170304,12.0,3.0,ET0,1,3.72,7.31,3.7200181370317593,4.71830645976308,4.315059102677043,0.0,,,2021-07-14 07:00:00
2026.0,1626332400.0,cloamy,2021,-0.6893395694603732,-0.5507680483622136,12.0,3.0,ET0,1,6.59,3.72,6.588938290136868,4.71830645976308,4.123371149901831,0.0,,,2021-07-15 07:00:00
2027.0,1626418800.0,cloamy,2021,-0.7845880206714374,-0.6893395694603732,12.0,3.0,ET0,1,4.21,6.59,4.2070949143533625,4.71830645976308,4.035100959643223,10.8,,,2021-07-16 07:00:00
2028.0,1626505200.0,cloamy,2021,-0.9884826136453682,-0.7845880206714374,12.0,3.0,ET0,1,1.72,4.21,1.7206288405645938,4.71830645976308,3.874453003978212,0.8,,,2021-07-17 07:00:00
2029.0,1626591600.0,cloamy,2021,-1.046484086436365,-0.9884826136453682,12.0,3.0,ET0,1,2.34,1.72,2.339819333016992,4.71830645976308,3.771800128086052,0.0,,,2021-07-18 07:00:00
2030.0,1626678000.0,cloamy,2021,-1.010814844210741,-1.046484086436365,12.0,3.0,ET0,1,5.54,2.34,5.542148180411579,4.71830645976308,3.762835111923633,0.0,,,2021-07-19 07:00:00
2031.0,1626764400.0,cloamy,2021,-0.9775977652793708,-1.010814844210741,12.0,3.0,ET0,1,6.34,5.54,6.336708517861463,4.71830645976308,3.798970990327069,0.0,,,2021-07-20 07:00:00
2032.0,1626850800.0,cloamy,2021,-0.9122204864884744,-0.9775977652793708,12.0,3.0,ET0,1,7.72,6.34,7.723088615724408,4.71830645976308,3.86886802505046,0.0,,,2021-07-21 07:00:00
2033.0,1626937200.0,cloamy,2021,-0.8828515654222636,-0.9122204864884744,12.0,3.0,ET0,1,6.38,7.72,6.384988487195638,4.71830645976308,3.916476194415668,0.0,,,2021-07-22 07:00:00
2034.0,1627023600.0,cloamy,2021,-0.8275433936385411,-0.8828515654222636,12.0,3.0,ET0,1,6.72,6.38,6.724001721462045,4.71830645976308,3.96828603544266,0.0,,,2021-07-23 07:00:00
2035.0,1627110000.0,cloamy,2021,-0.7821339817785442,-0.8275433936385411,12.0,3.0,ET0,1,6.64,6.72,6.639604206034317,4.71830645976308,4.014610614430862,0.0,,,2021-07-24 07:00:00
2036.0,1627196400.0,cloamy,2021,-0.755673858119888,-0.7821339817785442,12.0,3.0,ET0,1,6.07,6.64,6.068344799075018,4.71830645976308,4.042369215621674,0.0,,,2021-07-25 07:00:00
2037.0,1627282800.0,cloamy,2021,-0.7745125603629064,-0.755673858119888,12.0,3.0,ET0,1,3.74,6.07,3.7441148307248353,4.71830645976308,4.025667674418517,0.0,,,2021-07-26 07:00:00
2038.0,1627369200.0,cloamy,2021,-0.7223245521050511,-0.7745125603629064,12.0,3.0,ET0,1,5.26,3.74,5.25782491390273,4.71830645976308,4.051861292943252,1.0,,,2021-07-27 07:00:00
2039.0,1627455600.0,cloamy,2021,-0.7171448029180773,-0.7223245521050511,12.0,3.0,ET0,1,4.07,5.26,4.067188753317478,4.71830645976308,4.061295045096054,0.0,,,2021-07-28 07:00:00
2040.0,1627542000.0,cloamy,2021,-0.6567544743766026,-0.7171448029180773,12.0,3.0,ET0,1,5.5,4.07,5.501441403272102,4.71830645976308,4.105803720387551,0.0,,,2021-07-29 07:00:00
2041.0,1627628400.0,cloamy,2021,-0.5621836039994045,-0.6567544743766026,12.0,3.0,ET0,1,7.36,5.5,7.363960029273559,4.71830645976308,4.197336077565812,0.0,,,2021-07-30 07:00:00
2042.0,1627714800.0,cloamy,2021,-0.4773086697909579,-0.5621836039994045,12.0,3.0,ET0,1,8.13,7.36,8.127164249908118,4.71830645976308,4.291848472846861,0.0,,,2021-07-31 07:00:00
2043.0,1627801200.0,cloamy,2021,-0.4496442324956961,-0.4773086697909579,12.0,3.0,ET0,1,7.01,8.13,7.011084171391055,4.71830645976308,4.339844074304254,9.0,,,2021-08-01 07:00:00
2044.0,1627887600.0,cloamy,2021,-0.4762409386995606,-0.4496442324956961,12.0,3.0,ET0,1,7.3,7.01,7.304828236834061,4.71830645976308,4.328735495230253,0.0,,,2021-08-02 07:00:00
2045.0,1627974000.0,cloamy,2021,-0.4795005636349301,-0.4762409386995606,12.0,3.0,ET0,1,7.32,7.3,7.320018177389831,4.71830645976308,4.319789583107425,0.0,,,2021-08-03 07:00:00
2046.0,1628060400.0,cloamy,2021,-0.452095796536234,-0.4795005636349301,12.0,3.0,ET0,1,8.24,7.32,8.239496207860649,4.71830645976308,4.340580167854742,0.0,,,2021-08-04 07:00:00
2047.0,1628146800.0,cloamy,2021,-0.5237385602908163,-0.452095796536234,12.0,3.0,ET0,1,4.2,8.24,4.198759507591638,4.71830645976308,4.285512143700623,0.0,,,2021-08-05 07:00:00
2048.0,1628233200.0,cloamy,2021,-0.4321872701741256,-0.5237385602908163,12.0,3.0,ET0,1,8.26,4.2,8.25634687060054,4.71830645976308,4.336234697776765,0.0,,,2021-08-06 07:00:00
2049.0,1628319600.0,cloamy,2021,-0.3989875346379026,-0.4321872701741256,12.0,3.0,ET0,1,7.82,8.26,7.823891414052509,4.71830645976308,4.38369464431496,0.0,,,2021-08-07 07:00:00
2050.0,1628406000.0,cloamy,2021,-0.3871059068121323,-0.3989875346379026,12.0,3.0,ET0,1,6.81,7.82,6.805842568347599,4.71830645976308,4.400676955541274,0.0,,,2021-08-08 07:00:00
2051.0,1628492400.0,cloamy,2021,-0.333683281959002,-0.3871059068121323,12.0,3.0,ET0,1,8.24,6.81,8.235329351972808,4.71830645976308,4.443764254013832,0.0,,,2021-08-09 07:00:00
2052.0,1625986800.0,cloamy,2021,0.1540847297511718,0.0,12.0,3.0,ET0,3,7.91,0.0,7.909412676835701,4.71830645976308,4.872391189514252,0.0,,,2021-07-11 07:00:00
2053.0,1626073200.0,cloamy,2021,0.1632299162079175,0.1540847297511718,12.0,3.0,ET0,3,0.0,7.91,8.171899400888595,4.71830645976308,4.888490697919358,0.0,,,2021-07-12 07:00:00
2054.0,1626159600.0,cloamy,2021,0.2583073521861568,0.1540847297511718,12.0,3.0,ET0,3,0.0,7.91,7.307248568315713,4.71830645976308,4.976613811949237,49.2,,,2021-07-13 07:00:00
2055.0,1626246000.0,cloamy,2021,-0.2128454478077862,0.1540847297511718,12.0,3.0,ET0,3,19.2,7.91,3.7200181370317593,4.71830645976308,4.544961423398723,0.0,,,2021-07-14 07:00:00
2056.0,1626332400.0,cloamy,2021,-0.5631678276957686,-0.2128454478077862,12.0,3.0,ET0,3,0.0,19.2,6.588938290136868,4.71830645976308,4.324731525979253,0.0,,,2021-07-15 07:00:00
2057.0,1626418800.0,cloamy,2021,-0.6370572038016348,-0.2128454478077862,12.0,3.0,ET0,3,0.0,19.2,4.2070949143533625,4.71830645976308,4.156481001060862,10.8,,,2021-07-16 07:00:00
2058.0,1626505200.0,cloamy,2021,-0.7737425946968719,-0.2128454478077862,12.0,3.0,ET0,3,12.52,19.2,1.7206288405645938,4.71830645976308,4.0151925084182345,0.8,,,2021-07-17 07:00:00
2059.0,1626591600.0,cloamy,2021,-0.9959929398104544,-0.7737425946968719,12.0,3.0,ET0,3,0.0,12.52,2.339819333016992,4.71830645976308,3.8929112734985134,0.0,,,2021-07-18 07:00:00
2060.0,1626678000.0,cloamy,2021,-0.9675252165861504,-0.7737425946968719,12.0,3.0,ET0,3,0.0,12.52,5.542148180411579,4.71830645976308,3.830380295849364,0.0,,,2021-07-19 07:00:00
2061.0,1626764400.0,cloamy,2021,-0.8653085020973905,-0.7737425946968719,12.0,3.0,ET0,3,14.22,12.52,6.336708517861463,4.71830645976308,3.8681698456800095,0.0,,,2021-07-20 07:00:00
2062.0,1626850800.0,cloamy,2021,-0.8991082210782649,-0.8653085020973905,12.0,3.0,ET0,3,0.0,14.22,7.723088615724408,4.71830645976308,3.929941138718006,0.0,,,2021-07-21 07:00:00
2063.0,1626937200.0,cloamy,2021,-0.7911259900242227,-0.8653085020973905,12.0,3.0,ET0,3,0.0,14.22,6.384988487195638,4.71830645976308,3.964134240448281,0.0,,,2021-07-22 07:00:00
2064.0,1627023600.0,cloamy,2021,-0.6423277070014954,-0.8653085020973905,12.0,3.0,ET0,3,20.83,14.22,6.724001721462045,4.71830645976308,4.077110866395354,0.0,,,2021-07-23 07:00:00
2065.0,1627110000.0,cloamy,2021,-0.7722365301495093,-0.6423277070014954,12.0,3.0,ET0,3,0.0,20.83,6.639604206034317,4.71830645976308,4.098083386991044,0.0,,,2021-07-24 07:00:00
2066.0,1627196400.0,cloamy,2021,-0.6879428062150554,-0.6423277070014954,12.0,3.0,ET0,3,0.0,20.83,6.068344799075018,4.71830645976308,4.090088501757766,0.0,,,2021-07-25 07:00:00
2067.0,1627282800.0,cloamy,2021,-0.6197815541978104,-0.6423277070014954,12.0,3.0,ET0,3,16.45,20.83,3.7441148307248353,4.71830645976308,4.110936658918299,0.0,,,2021-07-26 07:00:00
2068.0,1627369200.0,cloamy,2021,-0.7311096932554595,-0.6197815541978104,12.0,3.0,ET0,3,0.0,16.45,5.25782491390273,4.71830645976308,4.120658236600267,1.0,,,2021-07-27 07:00:00
2069.0,1627455600.0,cloamy,2021,-0.6832474169981438,-0.6197815541978104,12.0,3.0,ET0,3,0.0,16.45,4.067188753317478,4.71830645976308,4.091622781339468,0.0,,,2021-07-28 07:00:00
2070.0,1627542000.0,cloamy,2021,-0.5759059852710992,-0.6197815541978104,12.0,3.0,ET0,3,14.83,16.45,5.501441403272102,4.71830645976308,4.150666731702526,0.0,,,2021-07-29 07:00:00
2071.0,1627628400.0,cloamy,2021,-0.6080023620949305,-0.5759059852710992,12.0,3.0,ET0,3,0.0,14.83,7.363960029273559,4.71830645976308,4.211397621964862,0.0,,,2021-07-30 07:00:00
2072.0,1627714800.0,cloamy,2021,-0.4452058879360459,-0.5759059852710992,12.0,3.0,ET0,3,0.0,14.83,8.127164249908118,4.71830645976308,4.296081831487514,0.0,,,2021-07-31 07:00:00
2073.0,1627801200.0,cloamy,2021,-0.2934307301440054,-0.5759059852710992,12.0,3.0,ET0,3,22.5,14.83,7.011084171391055,4.71830645976308,4.424875729619075,9.0,,,2021-08-01 07:00:00
2074.0,1627887600.0,cloamy,2021,-0.5229984396617763,-0.2934307301440054,12.0,3.0,ET0,3,0.0,22.5,7.304828236834061,4.71830645976308,4.364081412446335,0.0,,,2021-08-02 07:00:00
2075.0,1627974000.0,cloamy,2021,-0.4516273684415597,-0.2934307301440054,12.0,3.0,ET0,3,0.0,22.5,7.320018177389831,4.71830645976308,4.3255716639007336,0.0,,,2021-08-03 07:00:00
2076.0,1628060400.0,cloamy,2021,-0.3164434134877738,-0.2934307301440054,12.0,3.0,ET0,3,22.86,22.5,8.239496207860649,4.71830645976308,4.40675453408531,0.0,,,2021-08-04 07:00:00
2077.0,1628146800.0,cloamy,2021,-0.5748771016745641,-0.3164434134877738,12.0,3.0,ET0,3,0.0,22.86,4.198759507591638,4.71830645976308,4.323435138796063,0.0,,,2021-08-05 07:00:00
2078.0,1628233200.0,cloamy,2021,-0.4605464649434188,-0.3164434134877738,12.0,3.0,ET0,3,0.0,22.86,8.25634687060054,4.71830645976308,4.317079494920878,0.0,,,2021-08-06 07:00:00
2079.0,1628319600.0,cloamy,2021,-0.3234403228563274,-0.3164434134877738,12.0,3.0,ET0,3,20.28,22.86,7.823891414052509,4.71830645976308,4.400005161179216,0.0,,,2021-08-07 07:00:00
2080.0,1628406000.0,cloamy,2021,-0.4765317559013154,-0.3234403228563274,12.0,3.0,ET0,3,0.0,20.28,6.805842568347599,4.71830645976308,4.385313328923391,0.0,,,2021-08-08 07:00:00
2081.0,1628492400.0,cloamy,2021,-0.3481159678920548,-0.3234403228563274,12.0,3.0,ET0,3,0.0,20.28,8.235329351972808,4.71830645976308,4.40987690256144,0.0,,,2021-08-09 07:00:00
2082.0,1625986800.0,cloamy,2021,0.1540847297511718,0.0,12.0,3.0,ET0,7,7.91,0.0,7.909412676835701,4.71830645976308,4.872391189514252,0.0,,,2021-07-11 07:00:00
2083.0,1626073200.0,cloamy,2021,0.1632299162079175,0.1540847297511718,12.0,3.0,ET0,7,0.0,7.91,8.171899400888595,4.71830645976308,4.888490697919358,0.0,,,2021-07-12 07:00:00
2084.0,1626159600.0,cloamy,2021,0.2583073521861568,0.1540847297511718,12.0,3.0,ET0,7,0.0,7.91,7.307248568315713,4.71830645976308,4.976613811949237,49.2,,,2021-07-13 07:00:00
2085.0,1626246000.0,cloamy,2021,-0.2128454478077862,0.1540847297511718,12.0,3.0,ET0,7,0.0,7.91,3.7200181370317593,4.71830645976308,4.544961423398723,0.0,,,2021-07-14 07:00:00
2086.0,1626332400.0,cloamy,2021,-0.2454815470044006,0.1540847297511718,12.0,3.0,ET0,7,0.0,7.91,6.588938290136868,4.71830645976308,4.476800854905806,0.0,,,2021-07-15 07:00:00
2087.0,1626418800.0,cloamy,2021,-0.2260810998698033,0.1540847297511718,12.0,3.0,ET0,7,0.0,7.91,4.2070949143533625,4.71830645976308,4.492225359893277,10.8,,,2021-07-16 07:00:00
2088.0,1626505200.0,cloamy,2021,-0.314080002221226,0.1540847297511718,12.0,3.0,ET0,7,0.0,7.91,1.7206288405645938,4.71830645976308,4.405019448022623,0.8,,,2021-07-17 07:00:00
2089.0,1626591600.0,cloamy,2021,-0.3355145121398729,0.1540847297511718,12.0,3.0,ET0,7,34.06,7.91,2.339819333016992,4.71830645976308,4.382791947623208,0.0,,,2021-07-18 07:00:00
2090.0,1626678000.0,cloamy,2021,-0.7621977942678522,-0.3355145121398729,12.0,3.0,ET0,7,0.0,34.06,5.542148180411579,4.71830645976308,4.204501598688163,0.0,,,2021-07-19 07:00:00
2091.0,1626764400.0,cloamy,2021,-0.8171183214987342,-0.3355145121398729,12.0,3.0,ET0,7,0.0,34.06,6.336708517861463,4.71830645976308,4.027567393243252,0.0,,,2021-07-20 07:00:00
2092.0,1626850800.0,cloamy,2021,-0.7299517262358325,-0.3355145121398729,12.0,3.0,ET0,7,0.0,34.06,7.723088615724408,4.71830645976308,4.023900267319966,0.0,,,2021-07-21 07:00:00
2093.0,1626937200.0,cloamy,2021,-0.6085610226275047,-0.3355145121398729,12.0,3.0,ET0,7,0.0,34.06,6.384988487195638,4.71830645976308,4.110212279010619,0.0,,,2021-07-22 07:00:00
2094.0,1627023600.0,cloamy,2021,-0.4485590433617039,-0.3355145121398729,12.0,3.0,ET0,7,0.0,34.06,6.724001721462045,4.71830645976308,4.269747416401376,0.0,,,2021-07-23 07:00:00
2095.0,1627110000.0,cloamy,2021,-0.277568240259758,-0.3355145121398729,12.0,3.0,ET0,7,0.0,34.06,6.639604206034317,4.71830645976308,4.440738219503322,0.0,,,2021-07-24 07:00:00
2096.0,1627196400.0,cloamy,2021,-0.11251022960367,-0.3355145121398729,12.0,3.0,ET0,7,45.42,34.06,6.068344799075018,4.71830645976308,4.60579623015941,0.0,,,2021-07-25 07:00:00
2097.0,1627282800.0,cloamy,2021,-0.6617547482477009,-0.11251022960367,12.0,3.0,ET0,7,0.0,45.42,3.7441148307248353,4.71830645976308,4.323998560848257,0.0,,,2021-07-26 07:00:00
2098.0,1627369200.0,cloamy,2021,-0.7400447638069976,-0.11251022960367,12.0,3.0,ET0,7,0.0,45.42,5.25782491390273,4.71830645976308,4.130537213646694,1.0,,,2021-07-27 07:00:00
2099.0,1627455600.0,cloamy,2021,-0.7091044776095998,-0.11251022960367,12.0,3.0,ET0,7,0.0,45.42,4.067188753317478,4.71830645976308,4.074849962416382,0.0,,,2021-07-28 07:00:00
2100.0,1627542000.0,cloamy,2021,-0.6161147980377545,-0.11251022960367,12.0,3.0,ET0,7,0.0,45.42,5.501441403272102,4.71830645976308,4.112521765784119,0.0,,,2021-07-29 07:00:00
2101.0,1627628400.0,cloamy,2021,-0.4512400942825658,-0.11251022960367,12.0,3.0,ET0,7,0.0,45.42,7.363960029273559,4.71830645976308,4.267066365480514,0.0,,,2021-07-30 07:00:00
2102.0,1627714800.0,cloamy,2021,-0.2482409301110701,-0.11251022960367,12.0,3.0,ET0,7,0.0,45.42,8.127164249908118,4.71830645976308,4.47006552965201,0.0,,,2021-07-31 07:00:00
2103.0,1627801200.0,cloamy,2021,-0.0565295942938208,-0.11251022960367,12.0,3.0,ET0,7,41.07,45.42,7.011084171391055,4.71830645976308,4.66177686546926,9.0,,,2021-08-01 07:00:00
2104.0,1627887600.0,cloamy,2021,-0.5504676025071413,-0.0565295942938208,12.0,3.0,ET0,7,0.0,41.07,7.304828236834061,4.71830645976308,4.410527818180065,0.0,,,2021-08-02 07:00:00
2105.0,1627974000.0,cloamy,2021,-0.5826213732359933,-0.0565295942938208,12.0,3.0,ET0,7,0.0,41.07,7.320018177389831,4.71830645976308,4.255124681889975,0.0,,,2021-08-03 07:00:00
2106.0,1628060400.0,cloamy,2021,-0.4732025631413246,-0.0565295942938208,12.0,3.0,ET0,7,0.0,41.07,8.239496207860649,4.71830645976308,4.272832625551918,0.0,,,2021-08-04 07:00:00
2107.0,1628146800.0,cloamy,2021,-0.4080525159001529,-0.0565295942938208,12.0,3.0,ET0,7,0.0,41.07,4.198759507591638,4.71830645976308,4.310956658830864,0.0,,,2021-08-05 07:00:00
2108.0,1628233200.0,cloamy,2021,-0.2219830384097475,-0.0565295942938208,12.0,3.0,ET0,7,0.0,41.07,8.25634687060054,4.71830645976308,4.496323421353333,0.0,,,2021-08-06 07:00:00
2109.0,1628319600.0,cloamy,2021,-0.0277163772754368,-0.0565295942938208,12.0,3.0,ET0,7,0.0,41.07,7.823891414052509,4.71830645976308,4.690590082487644,0.0,,,2021-08-07 07:00:00
2110.0,1628406000.0,cloamy,2021,0.1602483934959604,-0.0565295942938208,12.0,3.0,ET0,7,49.95,41.07,6.805842568347599,4.71830645976308,4.878554853259041,0.0,,,2021-08-08 07:00:00
2111.0,1628492400.0,cloamy,2021,-0.3999669118399094,0.1602483934959604,12.0,3.0,ET0,7,0.0,49.95,8.235329351972808,4.71830645976308,4.571053086078084,0.0,,,2021-08-09 07:00:00
2228.0,1655967600.0,cloamy,2022,-0.3316156685861205,0.0,12.0,3.0,ET0,2,5.92,0.0,5.915965904891959,4.71830645976308,4.386690791176959,0.0,,,2022-06-23 07:00:00
2229.0,1656054000.0,cloamy,2022,-0.3313512930583903,-0.3316156685861205,12.0,3.0,ET0,2,0.0,5.92,5.717907755951627,4.71830645976308,4.400606690575314,0.0,,,2022-06-24 07:00:00
2230.0,1656140400.0,cloamy,2022,-0.2061589320108429,-0.3316156685861205,12.0,3.0,ET0,2,14.92,5.92,9.203948870710636,4.71830645976308,4.512147527752237,0.0,,,2022-06-25 07:00:00
2231.0,1656226800.0,cloamy,2022,-0.2762752446375565,-0.2061589320108429,12.0,3.0,ET0,2,0.0,14.92,9.569797117975432,4.71830645976308,4.498819497708527,0.0,,,2022-06-26 07:00:00
2232.0,1656313200.0,cloamy,2022,-0.1765456146353089,-0.2061589320108429,12.0,3.0,ET0,2,18.26,14.92,8.693094774412245,4.71830645976308,4.546142516384985,0.0,,,2022-06-27 07:00:00
2233.0,1656399600.0,cloamy,2022,-0.3460129408080249,-0.1765456146353089,12.0,3.0,ET0,2,0.0,18.26,7.460713537351751,4.71830645976308,4.480685655206678,1.6,,,2022-06-28 07:00:00
2234.0,1656486000.0,cloamy,2022,-0.3749142855270864,-0.1765456146353089,12.0,3.0,ET0,2,9.29,18.26,1.8323231735051733,4.71830645976308,4.381339588233825,0.0,,,2022-06-29 07:00:00
2235.0,1656572400.0,cloamy,2022,-0.4277961054630501,-0.3749142855270864,12.0,3.0,ET0,2,0.0,9.29,6.425725286268609,4.71830645976308,4.362437604570236,0.0,,,2022-06-30 07:00:00
2236.0,1656658800.0,cloamy,2022,-0.3298159133393808,-0.3749142855270864,12.0,3.0,ET0,2,14.91,9.29,8.481182130641368,4.71830645976308,4.398867246642241,0.0,,,2022-07-01 07:00:00
2237.0,1656745200.0,cloamy,2022,-0.398404515029347,-0.3298159133393808,12.0,3.0,ET0,2,0.0,14.91,9.684100900879589,4.71830645976308,4.4108019724068654,0.0,,,2022-07-02 07:00:00
2238.0,1656831600.0,cloamy,2022,-0.309443749201839,-0.3298159133393808,12.0,3.0,ET0,2,17.56,14.91,7.875822878948619,4.71830645976308,4.426532095426439,0.0,,,2022-07-03 07:00:00
2239.0,1656918000.0,cloamy,2022,-0.4298670787541063,-0.309443749201839,12.0,3.0,ET0,2,0.0,17.56,8.846129638751195,4.71830645976308,4.413293740924901,0.0,,,2022-07-04 07:00:00
2240.0,1657004400.0,cloamy,2022,-0.3372461037608288,-0.309443749201839,12.0,3.0,ET0,2,17.2,17.56,8.353871892123982,4.71830645976308,4.412474193388122,0.0,,,2022-07-05 07:00:00
2241.0,1657090800.0,cloamy,2022,-0.4681188118219494,-0.3372461037608288,12.0,3.0,ET0,2,0.0,17.2,8.10868026961472,4.71830645976308,4.388259314152337,0.0,,,2022-07-06 07:00:00
2242.0,1657177200.0,cloamy,2022,-0.429363263591962,-0.3372461037608288,12.0,3.0,ET0,2,13.39,17.2,5.27960920736311,4.71830645976308,4.33501261208397,11.6,,,2022-07-07 07:00:00
2243.0,1657263600.0,cloamy,2022,-0.5728719120269407,-0.429363263591962,12.0,3.0,ET0,2,0.0,13.39,7.275206390354677,4.71830645976308,4.303133739912004,0.0,,,2022-07-08 07:00:00
2244.0,1657350000.0,cloamy,2022,-0.5132977846774512,-0.429363263591962,12.0,3.0,ET0,2,14.4,13.39,7.121172904786319,4.71830645976308,4.263737206073926,0.0,,,2022-07-09 07:00:00
2245.0,1657436400.0,cloamy,2022,-0.597192199978488,-0.5132977846774512,12.0,3.0,ET0,2,0.0,14.4,7.612583271961939,4.71830645976308,4.260952405821688,0.0,,,2022-07-10 07:00:00
2246.0,1657522800.0,cloamy,2022,-0.4806683867223175,-0.5132977846774512,12.0,3.0,ET0,2,16.08,14.4,8.472336750464112,4.71830645976308,4.279429566712491,0.0,,,2022-07-11 07:00:00
2247.0,1657609200.0,cloamy,2022,-0.5851470973188023,-0.4806683867223175,12.0,3.0,ET0,2,0.0,16.08,7.487993037508327,4.71830645976308,4.277398024334888,0.0,,,2022-07-12 07:00:00
2248.0,1657695600.0,cloamy,2022,-0.5230348082770336,-0.4806683867223175,12.0,3.0,ET0,2,12.93,16.08,5.439558555641069,4.71830645976308,4.247685560694093,0.0,,,2022-07-13 07:00:00
2249.0,1657782000.0,cloamy,2022,-0.5582124904000927,-0.5230348082770336,12.0,3.0,ET0,2,0.0,12.93,8.254676604732598,4.71830645976308,4.275660350619245,0.0,,,2022-07-14 07:00:00
2250.0,1657868400.0,cloamy,2022,-0.4002322509979518,-0.5230348082770336,12.0,3.0,ET0,2,17.7,12.93,9.447916516172471,4.71830645976308,4.343756092217469,0.0,,,2022-07-15 07:00:00
2251.0,1657954800.0,cloamy,2022,-0.4829582664054276,-0.4002322509979518,12.0,3.0,ET0,2,0.0,17.7,8.968687582898376,4.71830645976308,4.370651929635551,0.0,,,2022-07-16 07:00:00
2252.0,1658041200.0,cloamy,2022,-0.3733672189987607,-0.4002322509979518,12.0,3.0,ET0,2,16.67,17.7,7.701644419417017,4.71830645976308,4.383153414377222,0.0,,,2022-07-17 07:00:00
2253.0,1658127600.0,cloamy,2022,-0.4870200630956517,-0.3733672189987607,12.0,3.0,ET0,2,0.0,16.67,7.236620092977568,4.71830645976308,4.372438049379367,0.0,,,2022-07-18 07:00:00
2254.0,1658214000.0,cloamy,2022,-0.3712086119373803,-0.3733672189987607,12.0,3.0,ET0,2,15.21,16.67,7.976539558735554,4.71830645976308,4.386479919481287,0.0,,,2022-07-19 07:00:00
2255.0,1658300400.0,cloamy,2022,-0.4200980421460855,-0.3712086119373803,12.0,3.0,ET0,2,0.0,15.21,9.031637030513592,4.71830645976308,4.418623014789213,0.0,,,2022-07-20 07:00:00
2256.0,1658386800.0,cloamy,2022,-0.2888271844245054,-0.3712086119373803,12.0,3.0,ET0,2,17.56,15.21,8.523521442036436,4.71830645976308,4.457240921226862,0.0,,,2022-07-21 07:00:00
2257.0,1655967600.0,cloamy,2022,-0.3316156685861205,0.0,12.0,3.0,ET0,1,5.92,0.0,5.915965904891959,4.71830645976308,4.386690791176959,0.0,,,2022-06-23 07:00:00
2258.0,1656054000.0,cloamy,2022,-0.3313512930583903,-0.3316156685861205,12.0,3.0,ET0,1,5.72,5.92,5.717907755951627,4.71830645976308,4.400606690575314,0.0,,,2022-06-24 07:00:00
2259.0,1656140400.0,cloamy,2022,-0.2817521604037835,-0.3313512930583903,12.0,3.0,ET0,1,9.2,5.72,9.203948870710636,4.71830645976308,4.453436082815895,0.0,,,2022-06-25 07:00:00
2260.0,1656226800.0,cloamy,2022,-0.2835655755985731,-0.2817521604037835,12.0,3.0,ET0,1,9.57,9.2,9.569797117975432,4.71830645976308,4.474908172322545,0.0,,,2022-06-26 07:00:00
2261.0,1656313200.0,cloamy,2022,-0.3174865914248788,-0.2835655755985731,12.0,3.0,ET0,1,8.69,9.57,8.693094774412245,4.71830645976308,4.460631687158515,0.0,,,2022-06-27 07:00:00
2262.0,1656399600.0,cloamy,2022,-0.3685422429921335,-0.3174865914248788,12.0,3.0,ET0,1,7.46,8.69,7.460713537351751,4.71830645976308,4.420053382967084,1.6,,,2022-06-28 07:00:00
2263.0,1656486000.0,cloamy,2022,-0.4918684262009908,-0.3685422429921335,12.0,3.0,ET0,1,1.83,7.46,1.8323231735051733,4.71830645976308,4.315226756431038,0.0,,,2022-06-29 07:00:00
2264.0,1656572400.0,cloamy,2022,-0.4545739237939775,-0.4918684262009908,12.0,3.0,ET0,1,6.43,1.83,6.425725286268609,4.71830645976308,4.298592778852018,0.0,,,2022-06-30 07:00:00
2265.0,1656658800.0,cloamy,2022,-0.4275083720259747,-0.4545739237939775,12.0,3.0,ET0,1,8.48,6.43,8.481182130641368,4.71830645976308,4.332071249257426,0.0,,,2022-07-01 07:00:00
2266.0,1656745200.0,cloamy,2022,-0.4077821152548558,-0.4275083720259747,12.0,3.0,ET0,1,9.68,8.48,9.684100900879589,4.71830645976308,4.366957567373935,0.0,,,2022-07-02 07:00:00
2267.0,1656831600.0,cloamy,2022,-0.4405417275518926,-0.4077821152548558,12.0,3.0,ET0,1,7.88,9.68,7.875822878948619,4.71830645976308,4.35816702979321,0.0,,,2022-07-03 07:00:00
2268.0,1656918000.0,cloamy,2022,-0.4363356518916372,-0.4405417275518926,12.0,3.0,ET0,1,8.85,7.88,8.846129638751195,4.71830645976308,4.358461518787473,0.0,,,2022-07-04 07:00:00
2269.0,1657004400.0,cloamy,2022,-0.4513316409377548,-0.4363356518916372,12.0,3.0,ET0,1,8.35,8.85,8.353871892123982,4.71830645976308,4.352257473153417,0.0,,,2022-07-05 07:00:00
2270.0,1657090800.0,cloamy,2022,-0.4682771233500071,-0.4513316409377548,12.0,3.0,ET0,1,8.11,8.35,8.10868026961472,4.71830645976308,4.337624258943261,0.0,,,2022-07-06 07:00:00
2271.0,1657177200.0,cloamy,2022,-0.5254802922009757,-0.4682771233500071,12.0,3.0,ET0,1,5.28,8.11,5.27960920736311,4.71830645976308,4.288969771521924,11.6,,,2022-07-07 07:00:00
2272.0,1657263600.0,cloamy,2022,-0.5561349189250155,-0.5254802922009757,12.0,3.0,ET0,1,7.28,5.28,7.275206390354677,4.71830645976308,4.268749699318347,0.0,,,2022-07-08 07:00:00
2273.0,1657350000.0,cloamy,2022,-0.5857777688379637,-0.5561349189250155,12.0,3.0,ET0,1,7.12,7.28,7.121172904786319,4.71830645976308,4.237916776460066,0.0,,,2022-07-09 07:00:00
2274.0,1657436400.0,cloamy,2022,-0.579704111216747,-0.5857777688379637,12.0,3.0,ET0,1,7.61,7.12,7.612583271961939,4.71830645976308,4.233379061317093,0.0,,,2022-07-10 07:00:00
2275.0,1657522800.0,cloamy,2022,-0.5552460451318815,-0.579704111216747,12.0,3.0,ET0,1,8.47,7.61,8.472336750464112,4.71830645976308,4.252279192020871,0.0,,,2022-07-11 07:00:00
2276.0,1657609200.0,cloamy,2022,-0.56221929214934,-0.5552460451318815,12.0,3.0,ET0,1,7.49,8.47,7.487993037508327,4.71830645976308,4.253177674855175,0.0,,,2022-07-12 07:00:00
2277.0,1657695600.0,cloamy,2022,-0.5923049619922668,-0.56221929214934,12.0,3.0,ET0,1,5.44,7.49,5.439558555641069,4.71830645976308,4.224270212287383,0.0,,,2022-07-13 07:00:00
2278.0,1657782000.0,cloamy,2022,-0.531842882049708,-0.5923049619922668,12.0,3.0,ET0,1,8.25,5.44,8.254676604732598,4.71830645976308,4.256005799385585,0.0,,,2022-07-14 07:00:00
2279.0,1657868400.0,cloamy,2022,-0.4742750138740073,-0.531842882049708,12.0,3.0,ET0,1,9.45,8.25,9.447916516172471,4.71830645976308,4.318251634010976,0.0,,,2022-07-15 07:00:00
2280.0,1657954800.0,cloamy,2022,-0.4501110338573016,-0.4742750138740073,12.0,3.0,ET0,1,8.97,9.45,8.968687582898376,4.71830645976308,4.356121854553903,0.0,,,2022-07-16 07:00:00
2281.0,1658041200.0,cloamy,2022,-0.4552097806434182,-0.4501110338573016,12.0,3.0,ET0,1,7.7,8.97,7.701644419417017,4.71830645976308,4.357162734560155,0.0,,,2022-07-17 07:00:00
2282.0,1658127600.0,cloamy,2022,-0.4541062975538459,-0.4552097806434182,12.0,3.0,ET0,1,7.24,7.7,7.236620092977568,4.71830645976308,4.351748395396112,0.0,,,2022-07-18 07:00:00
2283.0,1658214000.0,cloamy,2022,-0.4247530935055618,-0.4541062975538459,12.0,3.0,ET0,1,7.98,7.24,7.976539558735554,4.71830645976308,4.370855320887987,0.0,,,2022-07-19 07:00:00
2284.0,1658300400.0,cloamy,2022,-0.3773194229116944,-0.4247530935055618,12.0,3.0,ET0,1,9.03,7.98,9.031637030513592,4.71830645976308,4.414224323274768,0.0,,,2022-07-20 07:00:00
2285.0,1658386800.0,cloamy,2022,-0.361003791307274,-0.3773194229116944,12.0,3.0,ET0,1,8.52,9.03,8.523521442036436,4.71830645976308,4.438689814152427,0.0,,,2022-07-21 07:00:00
2286.0,1655967600.0,cloamy,2022,-0.3316156685861205,0.0,12.0,3.0,ET0,3,5.92,0.0,5.915965904891959,4.71830645976308,4.386690791176959,0.0,,,2022-06-23 07:00:00
2287.0,1656054000.0,cloamy,2022,-0.3313512930583903,-0.3316156685861205,12.0,3.0,ET0,3,0.0,5.92,5.717907755951627,4.71830645976308,4.400606690575314,0.0,,,2022-06-24 07:00:00
2288.0,1656140400.0,cloamy,2022,-0.2061589320108429,-0.3316156685861205,12.0,3.0,ET0,3,0.0,5.92,9.203948870710636,4.71830645976308,4.512147527752237,0.0,,,2022-06-25 07:00:00
2289.0,1656226800.0,cloamy,2022,-0.06693668505863,-0.3316156685861205,12.0,3.0,ET0,3,24.49,5.92,9.569797117975432,4.71830645976308,4.65136977470445,0.0,,,2022-06-26 07:00:00
2290.0,1656313200.0,cloamy,2022,-0.2908114341844072,-0.06693668505863,12.0,3.0,ET0,3,0.0,24.49,8.693094774412245,4.71830645976308,4.536952458421407,0.0,,,2022-06-27 07:00:00
2291.0,1656399600.0,cloamy,2022,-0.2350719164921652,-0.06693668505863,12.0,3.0,ET0,3,0.0,24.49,7.460713537351751,4.71830645976308,4.505662055353052,1.6,,,2022-06-28 07:00:00
2292.0,1656486000.0,cloamy,2022,-0.2343858040139928,-0.06693668505863,12.0,3.0,ET0,3,17.99,24.49,1.8323231735051733,4.71830645976308,4.486317309566932,0.0,,,2022-06-29 07:00:00
2293.0,1656572400.0,cloamy,2022,-0.4034595112442569,-0.2343858040139928,12.0,3.0,ET0,3,0.0,17.99,6.425725286268609,4.71830645976308,4.429826758336451,0.0,,,2022-06-30 07:00:00
2294.0,1656658800.0,cloamy,2022,-0.3197501339568271,-0.2343858040139928,12.0,3.0,ET0,3,0.0,17.99,8.481182130641368,4.71830645976308,4.425862676534283,0.0,,,2022-07-01 07:00:00
2295.0,1656745200.0,cloamy,2022,-0.1949519353340477,-0.2343858040139928,12.0,3.0,ET0,3,24.59,17.99,9.684100900879589,4.71830645976308,4.523354524429032,0.0,,,2022-07-02 07:00:00
2296.0,1656831600.0,cloamy,2022,-0.4266753741154001,-0.1949519353340477,12.0,3.0,ET0,3,0.0,24.59,7.875822878948619,4.71830645976308,4.44758225889665,0.0,,,2022-07-03 07:00:00
2297.0,1656918000.0,cloamy,2022,-0.3430651568231957,-0.1949519353340477,12.0,3.0,ET0,3,0.0,24.59,8.846129638751195,4.71830645976308,4.419467212792732,0.0,,,2022-07-04 07:00:00
2298.0,1657004400.0,cloamy,2022,-0.2319756756277144,-0.1949519353340477,12.0,3.0,ET0,3,25.08,24.59,8.353871892123982,4.71830645976308,4.487703079921859,0.0,,,2022-07-05 07:00:00
2299.0,1657090800.0,cloamy,2022,-0.4684019096655199,-0.2319756756277144,12.0,3.0,ET0,3,0.0,25.08,8.10868026961472,4.71830645976308,4.42607855551369,0.0,,,2022-07-06 07:00:00
2300.0,1657177200.0,cloamy,2022,-0.4439053977458341,-0.2319756756277144,12.0,3.0,ET0,3,0.0,25.08,5.27960920736311,4.71830645976308,4.339574496575309,11.6,,,2022-07-07 07:00:00
2301.0,1657263600.0,cloamy,2022,-0.3841949082182131,-0.2319756756277144,12.0,3.0,ET0,3,20.66,25.08,7.275206390354677,4.71830645976308,4.363667880917801,0.0,,,2022-07-08 07:00:00
2302.0,1657350000.0,cloamy,2022,-0.6044536618941466,-0.3841949082182131,12.0,3.0,ET0,3,0.0,20.66,7.121172904786319,4.71830645976308,4.307101591030529,0.0,,,2022-07-09 07:00:00
2303.0,1657436400.0,cloamy,2022,-0.530061111903433,-0.3841949082182131,12.0,3.0,ET0,3,0.0,20.66,7.612583271961939,4.71830645976308,4.2613558245510506,0.0,,,2022-07-10 07:00:00
2304.0,1657522800.0,cloamy,2022,-0.3997478405567281,-0.3841949082182131,12.0,3.0,ET0,3,23.21,20.66,8.472336750464112,4.71830645976308,4.3264066520251925,0.0,,,2022-07-11 07:00:00
2305.0,1657609200.0,cloamy,2022,-0.5958218774697002,-0.3997478405567281,12.0,3.0,ET0,3,0.0,23.21,7.487993037508327,4.71830645976308,4.305715836685889,0.0,,,2022-07-12 07:00:00
2306.0,1657695600.0,cloamy,2022,-0.5464633132266098,-0.3997478405567281,12.0,3.0,ET0,3,0.0,23.21,5.439558555641069,4.71830645976308,4.246070072728984,0.0,,,2022-07-13 07:00:00
2307.0,1657782000.0,cloamy,2022,-0.4110840422633779,-0.3997478405567281,12.0,3.0,ET0,3,21.18,23.21,8.254676604732598,4.71830645976308,4.3155680199553,0.0,,,2022-07-14 07:00:00
2308.0,1657868400.0,cloamy,2022,-0.5244136616856059,-0.4110840422633779,12.0,3.0,ET0,3,0.0,21.18,9.447916516172471,4.71830645976308,4.346921441764799,0.0,,,2022-07-15 07:00:00
2309.0,1657954800.0,cloamy,2022,-0.3895967770502118,-0.4110840422633779,12.0,3.0,ET0,3,0.0,21.18,8.968687582898376,4.71830645976308,4.373386491568071,0.0,,,2022-07-16 07:00:00
2310.0,1658041200.0,cloamy,2022,-0.2595174994364462,-0.4110840422633779,12.0,3.0,ET0,3,26.12,21.18,7.701644419417017,4.71830645976308,4.460717134806209,0.0,,,2022-07-17 07:00:00
2311.0,1658127600.0,cloamy,2022,-0.4976333664709493,-0.2595174994364462,12.0,3.0,ET0,3,0.0,26.12,7.236620092977568,4.71830645976308,4.408213015096384,0.0,,,2022-07-18 07:00:00
2312.0,1658214000.0,cloamy,2022,-0.4045474020186109,-0.2595174994364462,12.0,3.0,ET0,3,0.0,26.12,7.976539558735554,4.71830645976308,4.378183504391274,0.0,,,2022-07-19 07:00:00
2313.0,1658300400.0,cloamy,2022,-0.2479568636367854,-0.2595174994364462,12.0,3.0,ET0,3,24.24,26.12,9.031637030513592,4.71830645976308,4.475084712021107,0.0,,,2022-07-20 07:00:00
2314.0,1658386800.0,cloamy,2022,-0.436326716822726,-0.2479568636367854,12.0,3.0,ET0,3,0.0,24.24,8.523521442036436,4.71830645976308,4.451827299245847,0.0,,,2022-07-21 07:00:00
2315.0,1655967600.0,cloamy,2022,-0.3316156685861205,0.0,12.0,3.0,ET0,7,5.92,0.0,5.915965904891959,4.71830645976308,4.386690791176959,0.0,,,2022-06-23 07:00:00
2316.0,1656054000.0,cloamy,2022,-0.3313512930583903,-0.3316156685861205,12.0,3.0,ET0,7,0.0,5.92,5.717907755951627,4.71830645976308,4.400606690575314,0.0,,,2022-06-24 07:00:00
2317.0,1656140400.0,cloamy,2022,-0.2061589320108429,-0.3316156685861205,12.0,3.0,ET0,7,0.0,5.92,9.203948870710636,4.71830645976308,4.512147527752237,0.0,,,2022-06-25 07:00:00
2318.0,1656226800.0,cloamy,2022,-0.06693668505863,-0.3316156685861205,12.0,3.0,ET0,7,0.0,5.92,9.569797117975432,4.71830645976308,4.65136977470445,0.0,,,2022-06-26 07:00:00
2319.0,1656313200.0,cloamy,2022,0.0666946411057242,-0.3316156685861205,12.0,3.0,ET0,7,0.0,5.92,8.693094774412245,4.71830645976308,4.785001100868804,0.0,,,2022-06-27 07:00:00
2320.0,1656399600.0,cloamy,2022,0.184505622383857,-0.3316156685861205,12.0,3.0,ET0,7,0.0,5.92,7.460713537351751,4.71830645976308,4.902812082146937,1.6,,,2022-06-28 07:00:00
2321.0,1656486000.0,cloamy,2022,0.2194018297847084,-0.3316156685861205,12.0,3.0,ET0,7,0.0,5.92,1.8323231735051733,4.71830645976308,4.937708289547789,0.0,,,2022-06-29 07:00:00
2322.0,1656572400.0,cloamy,2022,0.3304091545255211,-0.3316156685861205,12.0,3.0,ET0,7,48.9,5.92,6.425725286268609,4.71830645976308,5.048715614288601,0.0,,,2022-06-30 07:00:00
2323.0,1656658800.0,cloamy,2022,-0.2817456824040522,0.3304091545255211,12.0,3.0,ET0,7,0.0,48.9,8.481182130641368,4.71830645976308,4.641367667108681,0.0,,,2022-07-01 07:00:00
2324.0,1656745200.0,cloamy,2022,-0.3152851192112468,0.3304091545255211,12.0,3.0,ET0,7,0.0,48.9,9.684100900879589,4.71830645976308,4.482030109989178,0.0,,,2022-07-02 07:00:00
2325.0,1656831600.0,cloamy,2022,-0.2315199458710103,0.3304091545255211,12.0,3.0,ET0,7,0.0,48.9,7.875822878948619,4.71830645976308,4.497631592667246,0.0,,,2022-07-03 07:00:00
2326.0,1656918000.0,cloamy,2022,-0.1104625191135579,0.3304091545255211,12.0,3.0,ET0,7,0.0,48.9,8.846129638751195,4.71830645976308,4.607843940649523,0.0,,,2022-07-04 07:00:00
2327.0,1657004400.0,cloamy,2022,0.0209603350018473,0.3304091545255211,12.0,3.0,ET0,7,0.0,48.9,8.353871892123982,4.71830645976308,4.739266794764927,0.0,,,2022-07-05 07:00:00
2328.0,1657090800.0,cloamy,2022,0.1589394828087176,0.3304091545255211,12.0,3.0,ET0,7,0.0,48.9,8.10868026961472,4.71830645976308,4.877245942571798,0.0,,,2022-07-06 07:00:00
2329.0,1657177200.0,cloamy,2022,0.2605935221978581,0.3304091545255211,12.0,3.0,ET0,7,56.63,48.9,5.27960920736311,4.71830645976308,4.9788999819609385,11.6,,,2022-07-07 07:00:00
2330.0,1657263600.0,cloamy,2022,-0.4925201670420315,0.2605935221978581,12.0,3.0,ET0,7,0.0,56.63,7.275206390354677,4.71830645976308,4.561601554363339,0.0,,,2022-07-08 07:00:00
2331.0,1657350000.0,cloamy,2022,-0.6425044012647013,0.2605935221978581,12.0,3.0,ET0,7,0.0,56.63,7.121172904786319,4.71830645976308,4.257330625433468,0.0,,,2022-07-09 07:00:00
2332.0,1657436400.0,cloamy,2022,-0.5544823987181489,0.2605935221978581,12.0,3.0,ET0,7,0.0,56.63,7.612583271961939,4.71830645976308,4.226494054725836,0.0,,,2022-07-10 07:00:00
2333.0,1657522800.0,cloamy,2022,-0.4175150800701721,0.2605935221978581,12.0,3.0,ET0,7,0.0,56.63,8.472336750464112,4.71830645976308,4.304555188857901,0.0,,,2022-07-11 07:00:00
2334.0,1657609200.0,cloamy,2022,-0.2827391977573874,0.2605935221978581,12.0,3.0,ET0,7,0.0,56.63,7.487993037508327,4.71830645976308,4.4355672620056925,0.0,,,2022-07-12 07:00:00
2335.0,1657695600.0,cloamy,2022,-0.1691776942285641,0.2605935221978581,12.0,3.0,ET0,7,0.0,56.63,5.439558555641069,4.71830645976308,4.549128765534516,0.0,,,2022-07-13 07:00:00
2336.0,1657782000.0,cloamy,2022,0.0121161395464159,0.2605935221978581,12.0,3.0,ET0,7,51.66,56.63,8.254676604732598,4.71830645976308,4.730422599309496,0.0,,,2022-07-14 07:00:00
2337.0,1657868400.0,cloamy,2022,-0.5163153751743579,0.0121161395464159,12.0,3.0,ET0,7,0.0,51.66,9.447916516172471,4.71830645976308,4.488570404338947,0.0,,,2022-07-15 07:00:00
2338.0,1657954800.0,cloamy,2022,-0.5420948312841685,0.0121161395464159,12.0,3.0,ET0,7,0.0,51.66,8.968687582898376,4.71830645976308,4.314787097684077,0.0,,,2022-07-16 07:00:00
2339.0,1658041200.0,cloamy,2022,-0.43721994099009,0.0121161395464159,12.0,3.0,ET0,7,0.0,51.66,7.701644419417017,4.71830645976308,4.317706101876603,0.0,,,2022-07-17 07:00:00
2340.0,1658127600.0,cloamy,2022,-0.3107128004105904,0.0121161395464159,12.0,3.0,ET0,7,0.0,51.66,7.236620092977568,4.71830645976308,4.407888048226472,0.0,,,2022-07-18 07:00:00
2341.0,1658214000.0,cloamy,2022,-0.1475839693197676,0.0121161395464159,12.0,3.0,ET0,7,0.0,51.66,7.976539558735554,4.71830645976308,4.570722490443313,0.0,,,2022-07-19 07:00:00
2342.0,1658300400.0,cloamy,2022,0.0525313187406707,0.0121161395464159,12.0,3.0,ET0,7,0.0,51.66,9.031637030513592,4.71830645976308,4.770837778503752,0.0,,,2022-07-20 07:00:00
2343.0,1658386800.0,cloamy,2022,0.2551668409845432,0.0121161395464159,12.0,3.0,ET0,7,58.89,51.66,8.523521442036436,4.71830645976308,4.973473300747624,0.0,,,2022-07-21 07:00:00
2460.0,1687503600.0,cloamy,2023,-0.5785463241166519,0.0,12.0,3.0,ET0,2,6.42,0.0,6.420277994663035,4.71830645976308,4.139760135646428,0.0,,,2023-06-23 07:00:00
2461.0,1687590000.0,cloamy,2023,-0.5449160352030861,-0.5785463241166519,12.0,3.0,ET0,2,0.0,6.42,6.3387606045021405,4.71830645976308,4.187929692895215,0.0,,,2023-06-24 07:00:00
2462.0,1687676400.0,cloamy,2023,-0.4256816860136958,-0.5785463241166519,12.0,3.0,ET0,2,13.42,6.42,7.077332335884068,4.71830645976308,4.292624773749385,0.0,,,2023-06-25 07:00:00
2463.0,1687762800.0,cloamy,2023,-0.5059959001389491,-0.4256816860136958,12.0,3.0,ET0,2,0.0,13.42,6.229180911248416,4.71830645976308,4.267221700275093,0.0,,,2023-06-26 07:00:00
2464.0,1687849200.0,cloamy,2023,-0.4030594674305185,-0.4256816860136958,12.0,3.0,ET0,2,13.95,13.42,7.717627618312005,4.71830645976308,4.320450606540399,0.0,,,2023-06-27 07:00:00
2465.0,1687935600.0,cloamy,2023,-0.4765979284482707,-0.4030594674305185,12.0,3.0,ET0,2,0.0,13.95,8.190146658736474,4.71830645976308,4.314821911567349,0.0,,,2023-06-28 07:00:00
2466.0,1688022000.0,cloamy,2023,-0.4712167207101201,-0.4030594674305185,12.0,3.0,ET0,2,10.84,13.95,2.6534944981591777,4.71830645976308,4.264915386783314,0.0,,,2023-06-29 07:00:00
2467.0,1688108400.0,cloamy,2023,-0.5117188075037443,-0.4712167207101201,12.0,3.0,ET0,2,0.0,10.84,7.811921140444205,4.71830645976308,4.272469818312522,0.0,,,2023-06-30 07:00:00
2468.0,1688194800.0,cloamy,2023,-0.4942376982380232,-0.4712167207101201,12.0,3.0,ET0,2,10.8,10.84,2.989408376370308,4.71830645976308,4.2403433727981215,0.0,,,2023-07-01 07:00:00
2469.0,1688281200.0,cloamy,2023,-0.5977832150737795,-0.4942376982380232,12.0,3.0,ET0,2,0.0,10.8,3.628606534620321,4.71830645976308,4.19825280962953,0.0,,,2023-07-02 07:00:00
2470.0,1688367600.0,cloamy,2023,-0.5254720566362049,-0.4942376982380232,12.0,3.0,ET0,2,9.54,10.8,5.9091258835011,4.71830645976308,4.210141647066281,0.0,,,2023-07-03 07:00:00
2471.0,1688454000.0,cloamy,2023,-0.5495169446694596,-0.5254720566362049,12.0,3.0,ET0,2,0.0,9.54,6.621532339824514,4.71830645976308,4.228078933189059,0.0,,,2023-07-04 07:00:00
2472.0,1688540400.0,cloamy,2023,-0.4593078149698457,-0.5254720566362049,12.0,3.0,ET0,2,13.02,9.54,6.395412175418061,4.71830645976308,4.268154638543892,0.0,,,2023-07-05 07:00:00
2473.0,1688626800.0,cloamy,2023,-0.5121959232518175,-0.4593078149698457,12.0,3.0,ET0,2,0.0,13.02,7.492344925936937,4.71830645976308,4.285028726804824,5.0,,,2023-07-06 07:00:00
2474.0,1688713200.0,cloamy,2023,-0.5022765563265807,-0.4593078149698457,12.0,3.0,ET0,2,10.87,13.02,3.3788724562330463,4.71830645976308,4.2491776957458525,0.0,,,2023-07-07 07:00:00
2475.0,1688799600.0,cloamy,2023,-0.5617370705621914,-0.5022765563265807,12.0,3.0,ET0,2,0.0,10.87,6.518921569415171,4.71830645976308,4.24471729371662,0.0,,,2023-07-08 07:00:00
2476.0,1688886000.0,cloamy,2023,-0.4645340544799109,-0.5022765563265807,12.0,3.0,ET0,2,13.59,10.87,7.0675670514600375,4.71830645976308,4.273381786714189,0.0,,,2023-07-09 07:00:00
2477.0,1688972400.0,cloamy,2023,-0.5367597178590069,-0.4645340544799109,12.0,3.0,ET0,2,0.0,13.59,6.961944041187434,4.71830645976308,4.280679668456658,0.0,,,2023-07-10 07:00:00
2478.0,1689058800.0,cloamy,2023,-0.4274795108472382,-0.4645340544799109,12.0,3.0,ET0,2,14.49,13.59,7.523781176422247,4.71830645976308,4.314264101185089,0.0,,,2023-07-11 07:00:00
2479.0,1689145200.0,cloamy,2023,-0.4966374536414398,-0.4274795108472382,12.0,3.0,ET0,2,0.0,14.49,7.806608352298979,4.71830645976308,4.328846847623985,0.0,,,2023-07-12 07:00:00
2480.0,1689231600.0,cloamy,2023,-0.3873043443921526,-0.4274795108472382,12.0,3.0,ET0,2,15.52,14.49,7.714035948667738,4.71830645976308,4.357154419216236,22.8,,,2023-07-13 07:00:00
2481.0,1689318000.0,cloamy,2023,-0.765839233367456,-0.3873043443921526,12.0,3.0,ET0,2,0.0,15.52,2.9961159428327533,4.71830645976308,4.172430974212208,0.0,,,2023-07-14 07:00:00
2482.0,1689404400.0,cloamy,2023,-0.7464645388286427,-0.3873043443921526,12.0,3.0,ET0,2,8.39,15.52,5.390782029334142,4.71830645976308,4.074268134119312,0.0,,,2023-07-15 07:00:00
2483.0,1689490800.0,cloamy,2023,-0.746008277615613,-0.7464645388286427,12.0,3.0,ET0,2,0.0,8.39,7.109056997180415,4.71830645976308,4.082544076933138,0.0,,,2023-07-16 07:00:00
2484.0,1689577200.0,cloamy,2023,-0.635430244507511,-0.7464645388286427,12.0,3.0,ET0,2,13.72,8.39,6.608581357186508,4.71830645976308,4.115627435446831,0.0,,,2023-07-17 07:00:00
2485.0,1689663600.0,cloamy,2023,-0.6686771185272451,-0.635430244507511,12.0,3.0,ET0,2,0.0,13.72,7.500311698248804,4.71830645976308,4.1648846010554506,0.0,,,2023-07-18 07:00:00
2486.0,1689750000.0,cloamy,2023,-0.5425317790387825,-0.635430244507511,12.0,3.0,ET0,2,14.56,13.72,7.063404491828016,4.71830645976308,4.20895542721548,0.0,,,2023-07-19 07:00:00
2487.0,1689836400.0,cloamy,2023,-0.5808113469128011,-0.5425317790387825,12.0,3.0,ET0,2,0.0,14.56,7.949048805371062,4.71830645976308,4.255223373293718,0.0,,,2023-07-20 07:00:00
2488.0,1689922800.0,cloamy,2023,-0.483156181356241,-0.5425317790387825,12.0,3.0,ET0,2,14.15,14.56,6.202164075023188,4.71830645976308,4.269897263661996,0.0,,,2023-07-21 07:00:00
2489.0,1687503600.0,cloamy,2023,-0.5785463241166519,0.0,12.0,3.0,ET0,1,6.42,0.0,6.420277994663035,4.71830645976308,4.139760135646428,0.0,,,2023-06-23 07:00:00
2490.0,1687590000.0,cloamy,2023,-0.5449160352030861,-0.5785463241166519,12.0,3.0,ET0,1,6.34,6.42,6.3387606045021405,4.71830645976308,4.187929692895215,0.0,,,2023-06-24 07:00:00
2491.0,1687676400.0,cloamy,2023,-0.5119676850669284,-0.5449160352030861,12.0,3.0,ET0,1,7.08,6.34,7.077332335884068,4.71830645976308,4.229381279463448,0.0,,,2023-06-25 07:00:00
2492.0,1687762800.0,cloamy,2023,-0.5175209610545235,-0.5119676850669284,12.0,3.0,ET0,1,6.23,7.08,6.229180911248416,4.71830645976308,4.2358349491311404,0.0,,,2023-06-26 07:00:00
2493.0,1687849200.0,cloamy,2023,-0.4974296921494914,-0.5175209610545235,12.0,3.0,ET0,1,7.72,6.23,7.717627618312005,4.71830645976308,4.2566851302629,0.0,,,2023-06-27 07:00:00
2494.0,1687935600.0,cloamy,2023,-0.4936772081393637,-0.4974296921494914,12.0,3.0,ET0,1,8.19,7.72,8.190146658736474,4.71830645976308,4.272697334238113,0.0,,,2023-06-28 07:00:00
2495.0,1688022000.0,cloamy,2023,-0.5936934663122255,-0.4936772081393637,12.0,3.0,ET0,1,2.65,8.19,2.6534944981591777,4.71830645976308,4.197302306364101,0.0,,,2023-06-29 07:00:00
2496.0,1688108400.0,cloamy,2023,-0.5329412189224596,-0.5936934663122255,12.0,3.0,ET0,1,7.81,2.65,7.811921140444205,4.71830645976308,4.217274069785165,0.0,,,2023-06-30 07:00:00
2497.0,1688194800.0,cloamy,2023,-0.6118659846841311,-0.5329412189224596,12.0,3.0,ET0,1,2.99,7.81,2.989408376370308,4.71830645976308,4.169371137237222,0.0,,,2023-07-01 07:00:00
2498.0,1688281200.0,cloamy,2023,-0.6172768375229934,-0.6118659846841311,12.0,3.0,ET0,1,3.63,2.99,3.628606534620321,4.71830645976308,4.140041797123978,0.0,,,2023-07-02 07:00:00
2499.0,1688367600.0,cloamy,2023,-0.5784978431554942,-0.6172768375229934,12.0,3.0,ET0,1,5.91,3.63,5.9091258835011,4.71830645976308,4.16704482633292,0.0,,,2023-07-03 07:00:00
2500.0,1688454000.0,cloamy,2023,-0.5505289507235186,-0.5784978431554942,12.0,3.0,ET0,1,6.62,5.91,6.621532339824514,4.71830645976308,4.203338912782212,0.0,,,2023-07-04 07:00:00
2501.0,1688540400.0,cloamy,2023,-0.5407685652561928,-0.5505289507235186,12.0,3.0,ET0,1,6.4,6.62,6.395412175418061,4.71830645976308,4.222873594729545,0.0,,,2023-07-05 07:00:00
2502.0,1688626800.0,cloamy,2023,-0.5114272934529909,-0.5407685652561928,12.0,3.0,ET0,1,7.49,6.4,7.492344925936937,4.71830645976308,4.25402535532048,5.0,,,2023-07-06 07:00:00
2503.0,1688713200.0,cloamy,2023,-0.6014465822683484,-0.5114272934529909,12.0,3.0,ET0,1,3.38,7.49,3.3788724562330463,4.71830645976308,4.199607527261185,0.0,,,2023-07-07 07:00:00
2504.0,1688799600.0,cloamy,2023,-0.5657219760691228,-0.6014465822683484,12.0,3.0,ET0,1,6.52,3.38,6.518921569415171,4.71830645976308,4.200794785083502,0.0,,,2023-07-08 07:00:00
2505.0,1688886000.0,cloamy,2023,-0.5427413878365203,-0.5657219760691228,12.0,3.0,ET0,1,7.07,6.52,7.0675670514600375,4.71830645976308,4.229034800571775,0.0,,,2023-07-09 07:00:00
2506.0,1688972400.0,cloamy,2023,-0.5307437109884297,-0.5427413878365203,12.0,3.0,ET0,1,6.96,7.07,6.961944041187434,4.71830645976308,4.248533252648833,0.0,,,2023-07-10 07:00:00
2507.0,1689058800.0,cloamy,2023,-0.5056967575839089,-0.5307437109884297,12.0,3.0,ET0,1,7.52,6.96,7.523781176422247,4.71830645976308,4.2747369493178935,0.0,,,2023-07-11 07:00:00
2508.0,1689145200.0,cloamy,2023,-0.4857830953597815,-0.5056967575839089,12.0,3.0,ET0,1,7.81,7.52,7.806608352298979,4.71830645976308,4.299335859465574,0.0,,,2023-07-12 07:00:00
2509.0,1689231600.0,cloamy,2023,-0.4734634973505425,-0.4857830953597815,12.0,3.0,ET0,1,7.71,7.81,7.714035948667738,4.71830645976308,4.317327691801105,22.8,,,2023-07-13 07:00:00
2510.0,1689318000.0,cloamy,2023,-0.7548465835883902,-0.4734634973505425,12.0,3.0,ET0,1,3.0,7.71,2.9961159428327533,4.71830645976308,4.137806434747319,0.0,,,2023-07-14 07:00:00
2511.0,1689404400.0,cloamy,2023,-0.765857819681669,-0.7548465835883902,12.0,3.0,ET0,1,5.39,3.0,5.390782029334142,4.71830645976308,4.059380354909387,0.0,,,2023-07-15 07:00:00
2512.0,1689490800.0,cloamy,2023,-0.7216428387670525,-0.765857819681669,12.0,3.0,ET0,1,7.11,5.39,7.109056997180415,4.71830645976308,4.078420331611059,0.0,,,2023-07-16 07:00:00
2513.0,1689577200.0,cloamy,2023,-0.6997808589514444,-0.7216428387670525,12.0,3.0,ET0,1,6.61,7.11,6.608581357186508,4.71830645976308,4.104264329742837,0.0,,,2023-07-17 07:00:00
2514.0,1689663600.0,cloamy,2023,-0.6471996905445371,-0.6997808589514444,12.0,3.0,ET0,1,7.5,6.61,7.500311698248804,4.71830645976308,4.14951867789846,0.0,,,2023-07-18 07:00:00
2515.0,1689750000.0,cloamy,2023,-0.615591042560974,-0.6471996905445371,12.0,3.0,ET0,1,7.06,7.5,7.063404491828016,4.71830645976308,4.1851526000647,0.0,,,2023-07-19 07:00:00
2516.0,1689836400.0,cloamy,2023,-0.557938749353064,-0.615591042560974,12.0,3.0,ET0,1,7.95,7.06,7.949048805371062,4.71830645976308,4.236922412601014,0.0,,,2023-07-20 07:00:00
2517.0,1689922800.0,cloamy,2023,-0.5606119371285855,-0.557938749353064,12.0,3.0,ET0,1,6.2,7.95,6.202164075023188,4.71830645976308,4.243622767456581,0.0,,,2023-07-21 07:00:00
2518.0,1687503600.0,cloamy,2023,-0.5785463241166519,0.0,12.0,3.0,ET0,3,6.42,0.0,6.420277994663035,4.71830645976308,4.139760135646428,0.0,,,2023-06-23 07:00:00
2519.0,1687590000.0,cloamy,2023,-0.5449160352030861,-0.5785463241166519,12.0,3.0,ET0,3,0.0,6.42,6.3387606045021405,4.71830645976308,4.187929692895215,0.0,,,2023-06-24 07:00:00
2520.0,1687676400.0,cloamy,2023,-0.4256816860136958,-0.5785463241166519,12.0,3.0,ET0,3,0.0,6.42,7.077332335884068,4.71830645976308,4.292624773749385,0.0,,,2023-06-25 07:00:00
2521.0,1687762800.0,cloamy,2023,-0.3179875967226657,-0.5785463241166519,12.0,3.0,ET0,3,19.65,6.42,6.229180911248416,4.71830645976308,4.400318863040415,0.0,,,2023-06-26 07:00:00
2522.0,1687849200.0,cloamy,2023,-0.4660529239238816,-0.3179875967226657,12.0,3.0,ET0,3,0.0,19.65,7.717627618312005,4.71830645976308,4.3363445907281175,0.0,,,2023-06-27 07:00:00
2523.0,1687935600.0,cloamy,2023,-0.3693632100794032,-0.3179875967226657,12.0,3.0,ET0,3,0.0,19.65,8.190146658736474,4.71830645976308,4.361679991032896,0.0,,,2023-06-28 07:00:00
2524.0,1688022000.0,cloamy,2023,-0.3459938884629575,-0.3179875967226657,12.0,3.0,ET0,3,18.56,19.65,2.6534944981591777,4.71830645976308,4.372312571300123,0.0,,,2023-06-29 07:00:00
2525.0,1688108400.0,cloamy,2023,-0.4902692681425594,-0.3459938884629575,12.0,3.0,ET0,3,0.0,18.56,7.811921140444205,4.71830645976308,4.331654103938524,0.0,,,2023-06-30 07:00:00
2526.0,1688194800.0,cloamy,2023,-0.4894906559404017,-0.3459938884629575,12.0,3.0,ET0,3,0.0,18.56,2.989408376370308,4.71830645976308,4.26096973015147,0.0,,,2023-07-01 07:00:00
2527.0,1688281200.0,cloamy,2023,-0.4506586032388779,-0.3459938884629575,12.0,3.0,ET0,3,14.43,18.56,3.628606534620321,4.71830645976308,4.270739143185295,0.0,,,2023-07-02 07:00:00
2528.0,1688367600.0,cloamy,2023,-0.5543300665521079,-0.4506586032388779,12.0,3.0,ET0,3,0.0,14.43,5.9091258835011,4.71830645976308,4.252966885188484,0.0,,,2023-07-03 07:00:00
2529.0,1688454000.0,cloamy,2023,-0.4710092280663335,-0.4506586032388779,12.0,3.0,ET0,3,0.0,14.43,6.621532339824514,4.71830645976308,4.267770153450002,0.0,,,2023-07-04 07:00:00
2530.0,1688540400.0,cloamy,2023,-0.3737852302541408,-0.4506586032388779,12.0,3.0,ET0,3,18.93,14.43,6.395412175418061,4.71830645976308,4.344521229508939,0.0,,,2023-07-05 07:00:00
2531.0,1688626800.0,cloamy,2023,-0.508866976193567,-0.3737852302541408,12.0,3.0,ET0,3,0.0,18.93,7.492344925936937,4.71830645976308,4.323137083094504,5.0,,,2023-07-06 07:00:00
2532.0,1688713200.0,cloamy,2023,-0.5135690021755395,-0.3737852302541408,12.0,3.0,ET0,3,0.0,18.93,3.3788724562330463,4.71830645976308,4.255187843211809,0.0,,,2023-07-07 07:00:00
2533.0,1688799600.0,cloamy,2023,-0.4276796496627035,-0.3737852302541408,12.0,3.0,ET0,3,17.39,18.93,6.518921569415171,4.71830645976308,4.297055551832296,0.0,,,2023-07-08 07:00:00
2534.0,1688886000.0,cloamy,2023,-0.5474676692732336,-0.4276796496627035,12.0,3.0,ET0,3,0.0,17.39,7.0675670514600375,4.71830645976308,4.292248432521394,0.0,,,2023-07-09 07:00:00
2535.0,1688972400.0,cloamy,2023,-0.4620942729751613,-0.4276796496627035,12.0,3.0,ET0,3,0.0,17.39,6.961944041187434,4.71830645976308,4.291223256055842,0.0,,,2023-07-10 07:00:00
2536.0,1689058800.0,cloamy,2023,-0.338612817174353,-0.4276796496627035,12.0,3.0,ET0,3,21.55,17.39,7.523781176422247,4.71830645976308,4.380133907844617,0.0,,,2023-07-11 07:00:00
2537.0,1689145200.0,cloamy,2023,-0.4998138727460646,-0.338612817174353,12.0,3.0,ET0,3,0.0,21.55,7.806608352298979,4.71830645976308,4.361505724920037,0.0,,,2023-07-12 07:00:00
2538.0,1689231600.0,cloamy,2023,-0.4046933189191947,-0.338612817174353,12.0,3.0,ET0,3,0.0,21.55,7.714035948667738,4.71830645976308,4.356023549913698,22.8,,,2023-07-13 07:00:00
2539.0,1689318000.0,cloamy,2023,-0.5368329053496207,-0.338612817174353,12.0,3.0,ET0,3,18.52,21.55,2.9961159428327533,4.71830645976308,4.252210248263532,0.0,,,2023-07-14 07:00:00
2540.0,1689404400.0,cloamy,2023,-0.7540834122293715,-0.5368329053496207,12.0,3.0,ET0,3,0.0,18.52,5.390782029334142,4.71830645976308,4.174458363109563,0.0,,,2023-07-15 07:00:00
2541.0,1689490800.0,cloamy,2023,-0.6729488034388469,-0.5368329053496207,12.0,3.0,ET0,3,0.0,18.52,7.109056997180415,4.71830645976308,4.134304424637128,0.0,,,2023-07-16 07:00:00
2542.0,1689577200.0,cloamy,2023,-0.5658792588889083,-0.5368329053496207,12.0,3.0,ET0,3,19.11,18.52,6.608581357186508,4.71830645976308,4.1703814745026575,0.0,,,2023-07-17 07:00:00
2543.0,1689663600.0,cloamy,2023,-0.6761023050357374,-0.5658792588889083,12.0,3.0,ET0,3,0.0,19.11,7.500311698248804,4.71830645976308,4.200460820870277,0.0,,,2023-07-18 07:00:00
2544.0,1689750000.0,cloamy,2023,-0.565383530135572,-0.5658792588889083,12.0,3.0,ET0,3,0.0,19.11,7.063404491828016,4.71830645976308,4.209871684273854,0.0,,,2023-07-19 07:00:00
2545.0,1689836400.0,cloamy,2023,-0.411744609883495,-0.5658792588889083,12.0,3.0,ET0,3,22.51,19.11,7.949048805371062,4.71830645976308,4.3109306762036015,0.0,,,2023-07-20 07:00:00
2546.0,1689922800.0,cloamy,2023,-0.6014429993107826,-0.411744609883495,12.0,3.0,ET0,3,0.0,22.51,6.202164075023188,4.71830645976308,4.288112209947845,0.0,,,2023-07-21 07:00:00
2547.0,1687503600.0,cloamy,2023,-0.5785463241166519,0.0,12.0,3.0,ET0,7,6.42,0.0,6.420277994663035,4.71830645976308,4.139760135646428,0.0,,,2023-06-23 07:00:00
2548.0,1687590000.0,cloamy,2023,-0.5449160352030861,-0.5785463241166519,12.0,3.0,ET0,7,0.0,6.42,6.3387606045021405,4.71830645976308,4.187929692895215,0.0,,,2023-06-24 07:00:00
2549.0,1687676400.0,cloamy,2023,-0.4256816860136958,-0.5785463241166519,12.0,3.0,ET0,7,0.0,6.42,7.077332335884068,4.71830645976308,4.292624773749385,0.0,,,2023-06-25 07:00:00
2550.0,1687762800.0,cloamy,2023,-0.3179875967226657,-0.5785463241166519,12.0,3.0,ET0,7,0.0,6.42,6.229180911248416,4.71830645976308,4.400318863040415,0.0,,,2023-06-26 07:00:00
2551.0,1687849200.0,cloamy,2023,-0.1846083217873006,-0.5785463241166519,12.0,3.0,ET0,7,0.0,6.42,7.717627618312005,4.71830645976308,4.53369813797578,0.0,,,2023-06-27 07:00:00
2552.0,1687935600.0,cloamy,2023,-0.0402999884106259,-0.5785463241166519,12.0,3.0,ET0,7,0.0,6.42,8.190146658736474,4.71830645976308,4.678006471352455,0.0,,,2023-06-28 07:00:00
2553.0,1688022000.0,cloamy,2023,0.0081863085460014,-0.5785463241166519,12.0,3.0,ET0,7,0.0,6.42,2.6534944981591777,4.71830645976308,4.726492768309082,0.0,,,2023-06-29 07:00:00
2554.0,1688108400.0,cloamy,2023,0.1486413790082816,-0.5785463241166519,12.0,3.0,ET0,7,46.02,6.42,7.811921140444205,4.71830645976308,4.866947838771362,0.0,,,2023-06-30 07:00:00
2555.0,1688194800.0,cloamy,2023,-0.4752859339495674,0.1486413790082816,12.0,3.0,ET0,7,0.0,46.02,2.989408376370308,4.71830645976308,4.445703076308085,0.0,,,2023-07-01 07:00:00
2556.0,1688281200.0,cloamy,2023,-0.5831376231368451,0.1486413790082816,12.0,3.0,ET0,7,0.0,46.02,3.628606534620321,4.71830645976308,4.233702092981675,0.0,,,2023-07-02 07:00:00
2557.0,1688367600.0,cloamy,2023,-0.5204286846365221,0.1486413790082816,12.0,3.0,ET0,7,0.0,46.02,5.9091258835011,4.71830645976308,4.22143854851287,0.0,,,2023-07-03 07:00:00
2558.0,1688454000.0,cloamy,2023,-0.4193698444664082,0.1486413790082816,12.0,3.0,ET0,7,0.0,46.02,6.621532339824514,4.71830645976308,4.298936615296672,0.0,,,2023-07-04 07:00:00
2559.0,1688540400.0,cloamy,2023,-0.3076027365217068,0.1486413790082816,12.0,3.0,ET0,7,0.0,46.02,6.395412175418061,4.71830645976308,4.410703723241373,0.0,,,2023-07-05 07:00:00
2560.0,1688626800.0,cloamy,2023,-0.1678200158474929,0.1486413790082816,12.0,3.0,ET0,7,0.0,46.02,7.492344925936937,4.71830645976308,4.550486443915587,5.0,,,2023-07-06 07:00:00
2561.0,1688713200.0,cloamy,2023,-0.1019558117356039,0.1486413790082816,12.0,3.0,ET0,7,36.42,46.02,3.3788724562330463,4.71830645976308,4.616350648027477,0.0,,,2023-07-07 07:00:00
2562.0,1688799600.0,cloamy,2023,-0.5195701355491033,-0.1019558117356039,12.0,3.0,ET0,7,0.0,36.42,6.518921569415171,4.71830645976308,4.397689103597583,0.0,,,2023-07-08 07:00:00
2563.0,1688886000.0,cloamy,2023,-0.5039580231257847,-0.1019558117356039,12.0,3.0,ET0,7,0.0,36.42,7.0675670514600375,4.71830645976308,4.297145465142194,0.0,,,2023-07-09 07:00:00
2564.0,1688972400.0,cloamy,2023,-0.4105633905976927,-0.1019558117356039,12.0,3.0,ET0,7,0.0,36.42,6.961944041187434,4.71830645976308,4.322076329443152,0.0,,,2023-07-10 07:00:00
2565.0,1689058800.0,cloamy,2023,-0.2806626749661443,-0.1019558117356039,12.0,3.0,ET0,7,0.0,36.42,7.523781176422247,4.71830645976308,4.437643784796936,0.0,,,2023-07-11 07:00:00
2566.0,1689145200.0,cloamy,2023,-0.1337060181955847,-0.1019558117356039,12.0,3.0,ET0,7,0.0,36.42,7.806608352298979,4.71830645976308,4.584600441567496,0.0,,,2023-07-12 07:00:00
2567.0,1689231600.0,cloamy,2023,0.0213799681708201,-0.1019558117356039,12.0,3.0,ET0,7,0.0,36.42,7.714035948667738,4.71830645976308,4.739686427933901,22.8,,,2023-07-13 07:00:00
2568.0,1689318000.0,cloamy,2023,-0.0180219817281962,-0.1019558117356039,12.0,3.0,ET0,7,46.59,36.42,2.9961159428327533,4.71830645976308,4.700284478034884,0.0,,,2023-07-14 07:00:00
2569.0,1689404400.0,cloamy,2023,-0.6598545288721254,-0.0180219817281962,12.0,3.0,ET0,7,0.0,46.59,5.390782029334142,4.71830645976308,4.379266112067878,0.0,,,2023-07-15 07:00:00
2570.0,1689490800.0,cloamy,2023,-0.7111498017786531,-0.0180219817281962,12.0,3.0,ET0,7,0.0,46.59,7.109056997180415,4.71830645976308,4.173775956261139,0.0,,,2023-07-16 07:00:00
2571.0,1689577200.0,cloamy,2023,-0.6264812092158752,-0.0180219817281962,12.0,3.0,ET0,7,0.0,46.59,6.608581357186508,4.71830645976308,4.151713030569205,0.0,,,2023-07-17 07:00:00
2572.0,1689663600.0,cloamy,2023,-0.4881461100559871,-0.0180219817281962,12.0,3.0,ET0,7,0.0,46.59,7.500311698248804,4.71830645976308,4.234105255679828,0.0,,,2023-07-18 07:00:00
2573.0,1689750000.0,cloamy,2023,-0.3398135444717157,-0.0180219817281962,12.0,3.0,ET0,7,0.0,46.59,7.063404491828016,4.71830645976308,4.378492915291364,0.0,,,2023-07-19 07:00:00
2574.0,1689836400.0,cloamy,2023,-0.1557697242053053,-0.0180219817281962,12.0,3.0,ET0,7,0.0,46.59,7.949048805371062,4.71830645976308,4.562536735557775,0.0,,,2023-07-20 07:00:00
2575.0,1689922800.0,cloamy,2023,-0.0057912300132691,-0.0180219817281962,12.0,3.0,ET0,7,47.82,46.59,6.202164075023188,4.71830645976308,4.712515229749811,0.0,,,2023-07-21 07:00:00
2692.0,1719126000.0,cloamy,2024,-0.6176911353959775,0.0,12.0,3.0,ET0,2,1.66,0.0,1.6632265501860408,4.71830645976308,4.100615324367102,1.7999999999999998,,,2024-06-23 07:00:00
2693.0,1719212400.0,cloamy,2024,-0.6606995946691682,-0.6176911353959775,12.0,3.0,ET0,2,0.0,1.66,1.5856569477409397,4.71830645976308,4.057722589454166,5.8,,,2024-06-24 07:00:00
2694.0,1719298800.0,cloamy,2024,-0.6875374677363125,-0.6176911353959775,12.0,3.0,ET0,2,3.23,1.66,1.643019943771474,4.71830645976308,4.030768992026768,12.6,,,2024-06-25 07:00:00
2695.0,1719385200.0,cloamy,2024,-0.7435119179694191,-0.6875374677363125,12.0,3.0,ET0,2,0.0,3.23,3.7360647761286776,4.71830645976308,3.994701220122829,1.0,,,2024-06-26 07:00:00
2696.0,1719471600.0,cloamy,2024,-0.7668507176364496,-0.6875374677363125,12.0,3.0,ET0,2,7.02,3.23,3.283058105037508,4.71830645976308,3.955228874217249,0.0,,,2024-06-27 07:00:00
2697.0,1719558000.0,cloamy,2024,-0.7487428890926067,-0.7668507176364496,12.0,3.0,ET0,2,0.0,7.02,8.105450401178516,4.71830645976308,3.997721450041541,0.0,,,2024-06-28 07:00:00
2698.0,1719644400.0,cloamy,2024,-0.6523780027546601,-0.7668507176364496,12.0,3.0,ET0,2,14.96,7.02,6.855392222915658,4.71830645976308,4.066295031843422,0.0,,,2024-06-29 07:00:00
2699.0,1719730800.0,cloamy,2024,-0.7557699054860483,-0.6523780027546601,12.0,3.0,ET0,2,0.0,14.96,6.275478723242181,4.71830645976308,4.048340877849565,0.0,,,2024-06-30 07:00:00
2700.0,1719817200.0,cloamy,2024,-0.6243174583305798,-0.6523780027546601,12.0,3.0,ET0,2,15.28,14.96,9.008052630760128,4.71830645976308,4.109479401681834,0.0,,,2024-07-01 07:00:00
2701.0,1719903600.0,cloamy,2024,-0.734272403287779,-0.6243174583305798,12.0,3.0,ET0,2,0.0,15.28,6.40343719338403,4.71830645976308,4.096578982356874,0.0,,,2024-07-02 07:00:00
2702.0,1719990000.0,cloamy,2024,-0.6553282327837935,-0.6243174583305798,12.0,3.0,ET0,2,13.23,15.28,6.828302846826217,4.71830645976308,4.096096229648726,0.0,,,2024-07-03 07:00:00
2703.0,1720076400.0,cloamy,2024,-0.7897285164022998,-0.6553282327837935,12.0,3.0,ET0,2,0.0,13.23,3.501203041998366,4.71830645976308,4.052043090343086,0.0,,,2024-07-04 07:00:00
2704.0,1720162800.0,cloamy,2024,-0.7454606924572169,-0.6553282327837935,12.0,3.0,ET0,2,7.61,13.23,4.110755932356144,4.71830645976308,4.020990900605387,0.0,,,2024-07-05 07:00:00
2705.0,1720249200.0,cloamy,2024,-0.7221653520543505,-0.7454606924572169,12.0,3.0,ET0,2,0.0,7.61,7.570021332731803,4.71830645976308,4.061048613903153,0.0,,,2024-07-06 07:00:00
2706.0,1720335600.0,cloamy,2024,-0.5938164752992359,-0.7454606924572169,12.0,3.0,ET0,2,15.81,7.61,8.236770338981968,4.71830645976308,4.133477271292834,0.0,,,2024-07-07 07:00:00
2707.0,1720422000.0,cloamy,2024,-0.7479164758211445,-0.5938164752992359,12.0,3.0,ET0,2,0.0,15.81,3.5751601774979624,4.71830645976308,4.095659945628089,0.0,,,2024-07-08 07:00:00
2708.0,1720508400.0,cloamy,2024,-0.6677339839627039,-0.5938164752992359,12.0,3.0,ET0,2,9.6,15.81,6.021523561190189,4.71830645976308,4.092972615571396,1.0,,,2024-07-09 07:00:00
2709.0,1720594800.0,cloamy,2024,-0.6933571810326233,-0.6677339839627039,12.0,3.0,ET0,2,0.0,9.6,6.408995121084742,4.71830645976308,4.111161021217624,0.0,,,2024-07-10 07:00:00
2710.0,1720681200.0,cloamy,2024,-0.580601971680644,-0.6677339839627039,12.0,3.0,ET0,2,13.51,9.6,7.100145056634385,4.71830645976308,4.156722714012624,0.0,,,2024-07-11 07:00:00
2711.0,1720767600.0,cloamy,2024,-0.6095327720914603,-0.580601971680644,12.0,3.0,ET0,2,0.0,13.51,8.417233027045325,4.71830645976308,4.203982688396858,0.0,,,2024-07-12 07:00:00
2712.0,1720854000.0,cloamy,2024,-0.4531251487406172,-0.580601971680644,12.0,3.0,ET0,2,17.9,13.51,9.478835789843243,4.71830645976308,4.282737549876831,0.0,,,2024-07-13 07:00:00
2713.0,1720940400.0,cloamy,2024,-0.5474284238931336,-0.4531251487406172,12.0,3.0,ET0,2,0.0,17.9,8.65408688020589,4.71830645976308,4.302034800156734,0.0,,,2024-07-14 07:00:00
2714.0,1721026800.0,cloamy,2024,-0.4346739119652848,-0.4531251487406172,12.0,3.0,ET0,2,16.69,17.9,8.038553013013921,4.71830645976308,4.319420438962973,0.0,,,2024-07-15 07:00:00
2715.0,1721113200.0,cloamy,2024,-0.5291204089424602,-0.4346739119652848,12.0,3.0,ET0,2,0.0,16.69,8.079175888672749,4.71830645976308,4.327110813536485,0.0,,,2024-07-16 07:00:00
2716.0,1721199600.0,cloamy,2024,-0.3711087474751369,-0.4346739119652848,12.0,3.0,ET0,2,17.98,16.69,9.89638188136864,4.71830645976308,4.380142687869576,0.0,,,2024-07-17 07:00:00
2717.0,1721286000.0,cloamy,2024,-0.4667363024664665,-0.3711087474751369,12.0,3.0,ET0,2,0.0,17.98,8.856197692783795,4.71830645976308,4.393776487594631,0.0,,,2024-07-18 07:00:00
2718.0,1721372400.0,cloamy,2024,-0.3436289134706823,-0.3711087474751369,12.0,3.0,ET0,2,17.45,17.98,8.59349226880255,4.71830645976308,4.412353943646824,0.0,,,2024-07-19 07:00:00
2719.0,1721458800.0,cloamy,2024,-0.4865208646021455,-0.3436289134706823,12.0,3.0,ET0,2,0.0,17.45,6.5994601364997925,4.71830645976308,4.380358981723378,0.0,,,2024-07-20 07:00:00
2720.0,1721545200.0,cloamy,2024,-0.4153264599267368,-0.3436289134706823,12.0,3.0,ET0,2,12.96,17.45,6.35886520949269,4.71830645976308,4.351653675920106,0.0,,,2024-07-21 07:00:00
2721.0,1719126000.0,cloamy,2024,-0.6176911353959775,0.0,12.0,3.0,ET0,1,1.66,0.0,1.6632265501860408,4.71830645976308,4.100615324367102,1.7999999999999998,,,2024-06-23 07:00:00
2722.0,1719212400.0,cloamy,2024,-0.6606995946691682,-0.6176911353959775,12.0,3.0,ET0,1,1.59,1.66,1.5856569477409397,4.71830645976308,4.057722589454166,5.8,,,2024-06-24 07:00:00
2723.0,1719298800.0,cloamy,2024,-0.7099197025556935,-0.6606995946691682,12.0,3.0,ET0,1,1.64,1.59,1.643019943771474,4.71830645976308,4.010587578031339,12.6,,,2024-06-25 07:00:00
2724.0,1719385200.0,cloamy,2024,-0.7447100399657732,-0.7099197025556935,12.0,3.0,ET0,1,3.74,1.64,3.7360647761286776,4.71830645976308,3.989431276539469,1.0,,,2024-06-26 07:00:00
2725.0,1719471600.0,cloamy,2024,-0.822132765369041,-0.7447100399657732,12.0,3.0,ET0,1,3.28,3.74,3.283058105037508,4.71830645976308,3.9239864797051855,0.0,,,2024-06-27 07:00:00
2726.0,1719558000.0,cloamy,2024,-0.7587609299740465,-0.822132765369041,12.0,3.0,ET0,1,8.11,3.28,8.105450401178516,4.71830645976308,3.976867477196007,0.0,,,2024-06-28 07:00:00
2727.0,1719644400.0,cloamy,2024,-0.7698692123657336,-0.7587609299740465,12.0,3.0,ET0,1,6.86,8.11,6.855392222915658,4.71830645976308,3.9954308607140128,0.0,,,2024-06-29 07:00:00
2728.0,1719730800.0,cloamy,2024,-0.7742441867233002,-0.7698692123657336,12.0,3.0,ET0,1,6.28,6.86,6.275478723242181,4.71830645976308,4.000587790597944,0.0,,,2024-06-30 07:00:00
2729.0,1719817200.0,cloamy,2024,-0.7218552672465133,-0.7742441867233002,12.0,3.0,ET0,1,9.01,6.28,9.008052630760128,4.71830645976308,4.048352792354936,0.0,,,2024-07-01 07:00:00
2730.0,1719903600.0,cloamy,2024,-0.7533357923524342,-0.7218552672465133,12.0,3.0,ET0,1,6.4,9.01,6.40343719338403,4.71830645976308,4.047015291540053,0.0,,,2024-07-02 07:00:00
2731.0,1719990000.0,cloamy,2024,-0.7518108637355401,-0.7533357923524342,12.0,3.0,ET0,1,6.83,6.4,6.828302846826217,4.71830645976308,4.043165829972266,0.0,,,2024-07-03 07:00:00
2732.0,1720076400.0,cloamy,2024,-0.8052153683300359,-0.7518108637355401,12.0,3.0,ET0,1,3.5,6.83,3.501203041998366,4.71830645976308,4.002578837696415,0.0,,,2024-07-04 07:00:00
2733.0,1720162800.0,cloamy,2024,-0.7973240501718545,-0.8052153683300359,12.0,3.0,ET0,1,4.11,3.5,4.110755932356144,4.71830645976308,3.9839822450639137,0.0,,,2024-07-05 07:00:00
2734.0,1720249200.0,cloamy,2024,-0.7291731724369647,-0.7973240501718545,12.0,3.0,ET0,1,7.57,4.11,7.570021332731803,4.71830645976308,4.030893925021547,0.0,,,2024-07-06 07:00:00
2735.0,1720335600.0,cloamy,2024,-0.693608608793545,-0.7291731724369647,12.0,3.0,ET0,1,8.24,7.57,8.236770338981968,4.71830645976308,4.08314146323133,0.0,,,2024-07-07 07:00:00
2736.0,1720422000.0,cloamy,2024,-0.7555452657162172,-0.693608608793545,12.0,3.0,ET0,1,3.58,8.24,3.5751601774979624,4.71830645976308,4.051568465383669,0.0,,,2024-07-08 07:00:00
2737.0,1720508400.0,cloamy,2024,-0.7128483894965635,-0.7555452657162172,12.0,3.0,ET0,1,6.02,3.58,6.021523561190189,4.71830645976308,4.060725985076289,1.0,,,2024-07-09 07:00:00
2738.0,1720594800.0,cloamy,2024,-0.6899384442708364,-0.7128483894965635,12.0,3.0,ET0,1,6.41,6.02,6.408995121084742,4.71830645976308,4.087850414872371,0.0,,,2024-07-10 07:00:00
2739.0,1720681200.0,cloamy,2024,-0.6557677284783024,-0.6899384442708364,12.0,3.0,ET0,1,7.1,6.41,7.100145056634385,4.71830645976308,4.123253438064356,0.0,,,2024-07-11 07:00:00
2740.0,1720767600.0,cloamy,2024,-0.6059715072515601,-0.6557677284783024,12.0,3.0,ET0,1,8.42,7.1,8.417233027045325,4.71830645976308,4.174867985013415,0.0,,,2024-07-12 07:00:00
2741.0,1720854000.0,cloamy,2024,-0.5553786665856436,-0.6059715072515601,12.0,3.0,ET0,1,9.48,8.42,9.478835789843243,4.71830645976308,4.234546497222386,0.0,,,2024-07-13 07:00:00
2742.0,1720940400.0,cloamy,2024,-0.5450330589311312,-0.5553786665856436,12.0,3.0,ET0,1,8.65,9.48,8.65408688020589,4.71830645976308,4.2624564896251576,0.0,,,2024-07-14 07:00:00
2743.0,1721026800.0,cloamy,2024,-0.5392210041822023,-0.5450330589311312,12.0,3.0,ET0,1,8.04,8.65,8.038553013013921,4.71830645976308,4.272185598234972,0.0,,,2024-07-15 07:00:00
2744.0,1721113200.0,cloamy,2024,-0.5236031163289487,-0.5392210041822023,12.0,3.0,ET0,1,8.08,8.04,8.079175888672749,4.71830645976308,4.283979517197431,0.0,,,2024-07-16 07:00:00
2745.0,1721199600.0,cloamy,2024,-0.4630333712429629,-0.5236031163289487,12.0,3.0,ET0,1,9.9,8.08,9.89638188136864,4.71830645976308,4.336149892196226,0.0,,,2024-07-17 07:00:00
2746.0,1721286000.0,cloamy,2024,-0.4527246898088309,-0.4630333712429629,12.0,3.0,ET0,1,8.86,9.9,8.856197692783795,4.71830645976308,4.36051133553736,0.0,,,2024-07-18 07:00:00
2747.0,1721372400.0,cloamy,2024,-0.4405415240482194,-0.4527246898088309,12.0,3.0,ET0,1,8.59,8.86,8.59349226880255,4.71830645976308,4.370940699209198,0.0,,,2024-07-19 07:00:00
2748.0,1721458800.0,cloamy,2024,-0.4684378782336506,-0.4405415240482194,12.0,3.0,ET0,1,6.6,8.59,6.5994601364997925,4.71830645976308,4.3465729762638015,0.0,,,2024-07-20 07:00:00
2749.0,1721545200.0,cloamy,2024,-0.4713306356260151,-0.4684378782336506,12.0,3.0,ET0,1,6.36,6.6,6.35886520949269,4.71830645976308,4.3289528587255575,0.0,,,2024-07-21 07:00:00
2750.0,1719126000.0,cloamy,2024,-0.6176911353959775,0.0,12.0,3.0,ET0,3,1.66,0.0,1.6632265501860408,4.71830645976308,4.100615324367102,1.7999999999999998,,,2024-06-23 07:00:00
2751.0,1719212400.0,cloamy,2024,-0.6606995946691682,-0.6176911353959775,12.0,3.0,ET0,3,0.0,1.66,1.5856569477409397,4.71830645976308,4.057722589454166,5.8,,,2024-06-24 07:00:00
2752.0,1719298800.0,cloamy,2024,-0.6875374677363125,-0.6176911353959775,12.0,3.0,ET0,3,0.0,1.66,1.643019943771474,4.71830645976308,4.030768992026768,12.6,,,2024-06-25 07:00:00
2753.0,1719385200.0,cloamy,2024,-0.68968989462014,-0.6176911353959775,12.0,3.0,ET0,3,6.96,1.66,3.7360647761286776,4.71830645976308,4.029385376148843,1.0,,,2024-06-26 07:00:00
2754.0,1719471600.0,cloamy,2024,-0.8126949258567998,-0.68968989462014,12.0,3.0,ET0,3,0.0,6.96,3.283058105037508,4.71830645976308,3.94326188611932,0.0,,,2024-06-27 07:00:00
2755.0,1719558000.0,cloamy,2024,-0.7082427100978241,-0.68968989462014,12.0,3.0,ET0,3,0.0,6.96,8.105450401178516,4.71830645976308,4.011957144583213,0.0,,,2024-06-28 07:00:00
2756.0,1719644400.0,cloamy,2024,-0.6049305670608425,-0.68968989462014,12.0,3.0,ET0,3,18.24,6.96,6.855392222915658,4.71830645976308,4.113375892702238,0.0,,,2024-06-29 07:00:00
2757.0,1719730800.0,cloamy,2024,-0.7494269377847337,-0.6049305670608425,12.0,3.0,ET0,3,0.0,18.24,6.275478723242181,4.71830645976308,4.066242380426372,0.0,,,2024-06-30 07:00:00
2758.0,1719817200.0,cloamy,2024,-0.6194388010739743,-0.6049305670608425,12.0,3.0,ET0,3,0.0,18.24,9.008052630760128,4.71830645976308,4.1182767198542765,0.0,,,2024-07-01 07:00:00
2759.0,1719903600.0,cloamy,2024,-0.5203752703197934,-0.6049305670608425,12.0,3.0,ET0,3,21.69,18.24,6.40343719338403,4.71830645976308,4.197931189443287,0.0,,,2024-07-02 07:00:00
2760.0,1719990000.0,cloamy,2024,-0.7080399273914207,-0.5203752703197934,12.0,3.0,ET0,3,0.0,21.69,6.828302846826217,4.71830645976308,4.152949038875999,0.0,,,2024-07-03 07:00:00
2761.0,1720076400.0,cloamy,2024,-0.692953262433535,-0.5203752703197934,12.0,3.0,ET0,3,0.0,21.69,3.501203041998366,4.71830645976308,4.082481006278002,0.0,,,2024-07-04 07:00:00
2762.0,1720162800.0,cloamy,2024,-0.6366695117099602,-0.5203752703197934,12.0,3.0,ET0,3,14.44,21.69,4.110755932356144,4.71830645976308,4.092543221046667,0.0,,,2024-07-05 07:00:00
2763.0,1720249200.0,cloamy,2024,-0.7005286432808969,-0.6366695117099602,12.0,3.0,ET0,3,0.0,14.44,7.570021332731803,4.71830645976308,4.119999120923205,0.0,,,2024-07-06 07:00:00
2764.0,1720335600.0,cloamy,2024,-0.5844303323026788,-0.6366695117099602,12.0,3.0,ET0,3,0.0,14.44,8.236770338981968,4.71830645976308,4.159337832576498,0.0,,,2024-07-07 07:00:00
2765.0,1720422000.0,cloamy,2024,-0.5298725837600142,-0.6366695117099602,12.0,3.0,ET0,3,19.38,14.44,3.5751601774979624,4.71830645976308,4.189554442847252,0.0,,,2024-07-08 07:00:00
2766.0,1720508400.0,cloamy,2024,-0.686310968400082,-0.5298725837600142,12.0,3.0,ET0,3,0.0,19.38,6.021523561190189,4.71830645976308,4.169050539940933,1.0,,,2024-07-09 07:00:00
2767.0,1720594800.0,cloamy,2024,-0.6114630974190137,-0.5298725837600142,12.0,3.0,ET0,3,0.0,19.38,6.408995121084742,4.71830645976308,4.155899579713176,0.0,,,2024-07-10 07:00:00
2768.0,1720681200.0,cloamy,2024,-0.4950844985254551,-0.5298725837600142,12.0,3.0,ET0,3,19.53,19.38,7.100145056634385,4.71830645976308,4.226848709617647,0.0,,,2024-07-11 07:00:00
2769.0,1720767600.0,cloamy,2024,-0.6074345880540309,-0.4950844985254551,12.0,3.0,ET0,3,0.0,19.53,8.417233027045325,4.71830645976308,4.244824374590878,0.0,,,2024-07-12 07:00:00
2770.0,1720854000.0,cloamy,2024,-0.4692970349341558,-0.4950844985254551,12.0,3.0,ET0,3,0.0,19.53,9.478835789843243,4.71830645976308,4.284362284184018,0.0,,,2024-07-13 07:00:00
2771.0,1720940400.0,cloamy,2024,-0.3203811725898635,-0.4950844985254551,12.0,3.0,ET0,3,26.55,19.53,8.65408688020589,4.71830645976308,4.397990975642848,0.0,,,2024-07-14 07:00:00
2772.0,1721026800.0,cloamy,2024,-0.5457528602184895,-0.3203811725898635,12.0,3.0,ET0,3,0.0,26.55,8.038553013013921,4.71830645976308,4.354771243039339,0.0,,,2024-07-15 07:00:00
2773.0,1721113200.0,cloamy,2024,-0.451199510370765,-0.3203811725898635,12.0,3.0,ET0,3,0.0,26.55,8.079175888672749,4.71830645976308,4.329338087006931,0.0,,,2024-07-16 07:00:00
2774.0,1721199600.0,cloamy,2024,-0.2772524224613,-0.3203811725898635,12.0,3.0,ET0,3,26.01,26.55,9.89638188136864,4.71830645976308,4.444172368818195,0.0,,,2024-07-17 07:00:00
2775.0,1721286000.0,cloamy,2024,-0.4814496946854113,-0.2772524224613,12.0,3.0,ET0,3,0.0,26.01,8.856197692783795,4.71830645976308,4.420390476451051,0.0,,,2024-07-18 07:00:00
2776.0,1721372400.0,cloamy,2024,-0.376891386734842,-0.2772524224613,12.0,3.0,ET0,3,0.0,26.01,8.59349226880255,4.71830645976308,4.399406536330813,0.0,,,2024-07-19 07:00:00
2777.0,1721458800.0,cloamy,2024,-0.2756183944802079,-0.2772524224613,12.0,3.0,ET0,3,24.05,26.01,6.5994601364997925,4.71830645976308,4.449256028156755,0.0,,,2024-07-20 07:00:00
2778.0,1721545200.0,cloamy,2024,-0.5054592790226685,-0.2756183944802079,12.0,3.0,ET0,3,0.0,24.05,6.35886520949269,4.71830645976308,4.395651890811325,0.0,,,2024-07-21 07:00:00
2779.0,1719126000.0,cloamy,2024,-0.6176911353959775,0.0,12.0,3.0,ET0,7,1.66,0.0,1.6632265501860408,4.71830645976308,4.100615324367102,1.7999999999999998,,,2024-06-23 07:00:00
2780.0,1719212400.0,cloamy,2024,-0.6606995946691682,-0.6176911353959775,12.0,3.0,ET0,7,0.0,1.66,1.5856569477409397,4.71830645976308,4.057722589454166,5.8,,,2024-06-24 07:00:00
2781.0,1719298800.0,cloamy,2024,-0.6875374677363125,-0.6176911353959775,12.0,3.0,ET0,7,0.0,1.66,1.643019943771474,4.71830645976308,4.030768992026768,12.6,,,2024-06-25 07:00:00
2782.0,1719385200.0,cloamy,2024,-0.68968989462014,-0.6176911353959775,12.0,3.0,ET0,7,0.0,1.66,3.7360647761286776,4.71830645976308,4.029385376148843,1.0,,,2024-06-26 07:00:00
2783.0,1719471600.0,cloamy,2024,-0.7104163482762802,-0.6176911353959775,12.0,3.0,ET0,7,0.0,1.66,3.283058105037508,4.71830645976308,4.0078901114868,0.0,,,2024-06-27 07:00:00
2784.0,1719558000.0,cloamy,2024,-0.594446487639717,-0.6176911353959775,12.0,3.0,ET0,7,0.0,1.66,8.105450401178516,4.71830645976308,4.123859972123364,0.0,,,2024-06-28 07:00:00
2785.0,1719644400.0,cloamy,2024,-0.4822385648446316,-0.6176911353959775,12.0,3.0,ET0,7,0.0,1.66,6.855392222915658,4.71830645976308,4.236067894918449,0.0,,,2024-06-29 07:00:00
2786.0,1719730800.0,cloamy,2024,-0.3653092311794138,-0.6176911353959775,12.0,3.0,ET0,7,31.48,1.66,6.275478723242181,4.71830645976308,4.352997228583667,0.0,,,2024-06-30 07:00:00
2787.0,1719817200.0,cloamy,2024,-0.6383040225338448,-0.3653092311794138,12.0,3.0,ET0,7,0.0,31.48,9.008052630760128,4.71830645976308,4.223709300862951,0.0,,,2024-07-01 07:00:00
2788.0,1719903600.0,cloamy,2024,-0.5950458217407069,-0.3653092311794138,12.0,3.0,ET0,7,0.0,31.48,6.40343719338403,4.71830645976308,4.170948702176725,0.0,,,2024-07-02 07:00:00
2789.0,1719990000.0,cloamy,2024,-0.504433655268674,-0.3653092311794138,12.0,3.0,ET0,7,0.0,31.48,6.828302846826217,4.71830645976308,4.218553705713672,0.0,,,2024-07-03 07:00:00
2790.0,1720076400.0,cloamy,2024,-0.4528514816694127,-0.3653092311794138,12.0,3.0,ET0,7,0.0,31.48,3.501203041998366,4.71830645976308,4.265454978093668,0.0,,,2024-07-04 07:00:00
2791.0,1720162800.0,cloamy,2024,-0.3788031551953387,-0.3653092311794138,12.0,3.0,ET0,7,0.0,31.48,4.110755932356144,4.71830645976308,4.339503304567741,0.0,,,2024-07-05 07:00:00
2792.0,1720249200.0,cloamy,2024,-0.2328648963864684,-0.3653092311794138,12.0,3.0,ET0,7,0.0,31.48,7.570021332731803,4.71830645976308,4.485441563376612,0.0,,,2024-07-06 07:00:00
2793.0,1720335600.0,cloamy,2024,-0.0705799734998927,-0.3653092311794138,12.0,3.0,ET0,7,45.66,31.48,8.236770338981968,4.71830645976308,4.647726486263188,0.0,,,2024-07-07 07:00:00
2794.0,1720422000.0,cloamy,2024,-0.6385576085706279,-0.0705799734998927,12.0,3.0,ET0,7,0.0,45.66,3.5751601774979624,4.71830645976308,4.3295393267514095,0.0,,,2024-07-08 07:00:00
2795.0,1720508400.0,cloamy,2024,-0.6861853651327481,-0.0705799734998927,12.0,3.0,ET0,7,0.0,45.66,6.021523561190189,4.71830645976308,4.161077730795032,1.0,,,2024-07-09 07:00:00
2796.0,1720594800.0,cloamy,2024,-0.611137080619931,-0.0705799734998927,12.0,3.0,ET0,7,0.0,45.66,6.408995121084742,4.71830645976308,4.1480503678562775,0.0,,,2024-07-10 07:00:00
2797.0,1720681200.0,cloamy,2024,-0.4909334443394628,-0.0705799734998927,12.0,3.0,ET0,7,0.0,45.66,7.100145056634385,4.71830645976308,4.228117288393929,0.0,,,2024-07-11 07:00:00
2798.0,1720767600.0,cloamy,2024,-0.3281928414004036,-0.0705799734998927,12.0,3.0,ET0,7,0.0,45.66,8.417233027045325,4.71830645976308,4.390113618362677,0.0,,,2024-07-12 07:00:00
2799.0,1720854000.0,cloamy,2024,-0.1277056979047925,-0.0705799734998927,12.0,3.0,ET0,7,0.0,45.66,9.478835789843243,4.71830645976308,4.590600761858288,0.0,,,2024-07-13 07:00:00
2800.0,1720940400.0,cloamy,2024,0.0662137937016643,-0.0705799734998927,12.0,3.0,ET0,7,49.66,45.66,8.65408688020589,4.71830645976308,4.784520253464745,0.0,,,2024-07-14 07:00:00
2801.0,1721026800.0,cloamy,2024,-0.4838425103358976,0.0662137937016643,12.0,3.0,ET0,7,0.0,49.66,8.038553013013921,4.71830645976308,4.485544813362658,0.0,,,2024-07-15 07:00:00
2802.0,1721113200.0,cloamy,2024,-0.5167014596903472,0.0662137937016643,12.0,3.0,ET0,7,0.0,49.66,8.079175888672749,4.71830645976308,4.322081367912684,0.0,,,2024-07-16 07:00:00
2803.0,1721199600.0,cloamy,2024,-0.36007881080417,0.0662137937016643,12.0,3.0,ET0,7,0.0,49.66,9.89638188136864,4.71830645976308,4.380090309261715,0.0,,,2024-07-17 07:00:00
2804.0,1721286000.0,cloamy,2024,-0.196275400926585,0.0662137937016643,12.0,3.0,ET0,7,0.0,49.66,8.856197692783795,4.71830645976308,4.522031058836495,0.0,,,2024-07-18 07:00:00
2805.0,1721372400.0,cloamy,2024,-0.0254170536249822,0.0662137937016643,12.0,3.0,ET0,7,0.0,49.66,8.59349226880255,4.71830645976308,4.692889406138098,0.0,,,2024-07-19 07:00:00
2806.0,1721458800.0,cloamy,2024,0.1195849891742727,0.0662137937016643,12.0,3.0,ET0,7,0.0,49.66,6.5994601364997925,4.71830645976308,4.837891448937353,0.0,,,2024-07-20 07:00:00
2807.0,1721545200.0,cloamy,2024,0.2655876259382135,0.0662137937016643,12.0,3.0,ET0,7,56.42,49.66,6.35886520949269,4.71830645976308,4.983894085701293,0.0,,,2024-07-21 07:00:00
2808.0,1625986800.0,silty,2021,0.2600629739971998,0.0,5.0,1.5,ET0,1,7.91,0.0,7.909412676835701,4.71830645976308,4.97836943376028,0.0,,,2021-07-11 07:00:00
2809.0,1626073200.0,silty,2021,0.2856971939961295,0.2600629739971998,5.0,1.5,ET0,1,8.17,7.91,8.171899400888595,4.71830645976308,5.004003653759209,0.0,,,2021-07-12 07:00:00
2810.0,1626159600.0,silty,2021,0.2421016581405418,0.2856971939961295,5.0,1.5,ET0,1,7.31,8.17,7.307248568315713,4.71830645976308,4.962442885743565,49.2,,,2021-07-13 07:00:00
2811.0,1626246000.0,silty,2021,-0.8706895032584264,0.2421016581405418,5.0,1.5,ET0,1,3.72,7.31,3.7200181370317593,4.71830645976308,3.957224587252336,0.0,,,2021-07-14 07:00:00
2812.0,1626332400.0,silty,2021,-0.7554825095165254,-0.8706895032584264,5.0,1.5,ET0,1,6.59,3.72,6.588938290136868,4.71830645976308,3.966388816386446,0.0,,,2021-07-15 07:00:00
2813.0,1626418800.0,silty,2021,-0.7592481701870201,-0.7554825095165254,5.0,1.5,ET0,1,4.21,6.59,4.2070949143533625,4.71830645976308,3.9717957730213582,10.8,,,2021-07-16 07:00:00
2814.0,1626505200.0,silty,2021,-1.0218444961237223,-0.7592481701870201,5.0,1.5,ET0,1,1.72,4.21,1.7206288405645938,4.71830645976308,3.722747699399193,0.8,,,2021-07-17 07:00:00
2815.0,1626591600.0,silty,2021,-0.9710772277287422,-1.0218444961237223,5.0,1.5,ET0,1,2.34,1.72,2.339819333016992,4.71830645976308,3.7472292320343374,0.0,,,2021-07-18 07:00:00
2816.0,1626678000.0,silty,2021,-0.78123794849305,-0.9710772277287422,5.0,1.5,ET0,1,5.54,2.34,5.542148180411579,4.71830645976308,3.9370685112700303,0.0,,,2021-07-19 07:00:00
2817.0,1626764400.0,silty,2021,-0.6412904038263533,-0.78123794849305,5.0,1.5,ET0,1,6.34,5.54,6.336708517861463,4.71830645976308,4.077016055936727,0.0,,,2021-07-20 07:00:00
2818.0,1626850800.0,silty,2021,-0.4838870574488235,-0.6412904038263533,5.0,1.5,ET0,1,7.72,6.34,7.723088615724408,4.71830645976308,4.2344194023142565,0.0,,,2021-07-21 07:00:00
2819.0,1626937200.0,silty,2021,-0.4315431055772536,-0.4838870574488235,5.0,1.5,ET0,1,6.38,7.72,6.384988487195638,4.71830645976308,4.291352690936844,0.0,,,2021-07-22 07:00:00
2820.0,1627023600.0,silty,2021,-0.3509786999736757,-0.4315431055772536,5.0,1.5,ET0,1,6.72,6.38,6.724001721462045,4.71830645976308,4.368030639076114,0.0,,,2021-07-23 07:00:00
2821.0,1627110000.0,silty,2021,-0.2928288384075478,-0.3509786999736757,5.0,1.5,ET0,1,6.64,6.72,6.639604206034317,4.71830645976308,4.426511233840518,0.0,,,2021-07-24 07:00:00
2822.0,1627196400.0,silty,2021,-0.2613145359354378,-0.2928288384075478,5.0,1.5,ET0,1,6.07,6.64,6.068344799075018,4.71830645976308,4.45811826926603,0.0,,,2021-07-25 07:00:00
2823.0,1627282800.0,silty,2021,-0.288804236307016,-0.2613145359354378,5.0,1.5,ET0,1,3.74,6.07,3.7441148307248353,4.71830645976308,4.430150725014177,0.0,,,2021-07-26 07:00:00
2824.0,1627369200.0,silty,2021,-0.2055991127909901,-0.288804236307016,5.0,1.5,ET0,1,5.26,3.74,5.25782491390273,4.71830645976308,4.51270734697209,1.0,,,2021-07-27 07:00:00
2825.0,1627455600.0,silty,2021,-0.2026909353883865,-0.2055991127909901,5.0,1.5,ET0,1,4.07,5.26,4.067188753317478,4.71830645976308,4.515615524374693,0.0,,,2021-07-28 07:00:00
2826.0,1627542000.0,silty,2021,-0.1174668812759039,-0.2026909353883865,5.0,1.5,ET0,1,5.5,4.07,5.501441403272102,4.71830645976308,4.600839578487176,0.0,,,2021-07-29 07:00:00
2827.0,1627628400.0,silty,2021,-0.0023408121272553,-0.1174668812759039,5.0,1.5,ET0,1,7.36,5.5,7.363960029273559,4.71830645976308,4.715965647635825,0.0,,,2021-07-30 07:00:00
2828.0,1627714800.0,silty,2021,0.0698489880023603,-0.0023408121272553,5.0,1.5,ET0,1,8.13,7.36,8.127164249908118,4.71830645976308,4.788240641113614,0.0,,,2021-07-31 07:00:00
2829.0,1627801200.0,silty,2021,0.0291040590313091,0.0698489880023603,5.0,1.5,ET0,1,7.01,8.13,7.011084171391055,4.71830645976308,4.767674062053429,9.0,,,2021-08-01 07:00:00
2830.0,1627887600.0,silty,2021,-0.0370638955986864,0.0291040590313091,5.0,1.5,ET0,1,7.3,7.01,7.304828236834061,4.71830645976308,4.684897736238452,0.0,,,2021-08-02 07:00:00
2831.0,1627974000.0,silty,2021,-0.0301850438805632,-0.0370638955986864,5.0,1.5,ET0,1,7.32,7.3,7.320018177389831,4.71830645976308,4.690699689621609,0.0,,,2021-08-03 07:00:00
2832.0,1628060400.0,silty,2021,0.0150739966806596,-0.0301850438805632,5.0,1.5,ET0,1,8.24,7.32,8.239496207860649,4.71830645976308,4.735050653434443,0.0,,,2021-08-04 07:00:00
2833.0,1628146800.0,silty,2021,-0.0738230004177191,0.0150739966806596,5.0,1.5,ET0,1,4.2,8.24,4.198759507591638,4.71830645976308,4.653383453887364,0.0,,,2021-08-05 07:00:00
2834.0,1628233200.0,silty,2021,0.0646235235908021,-0.0738230004177191,5.0,1.5,ET0,1,8.26,4.2,8.25634687060054,4.71830645976308,4.782929983353882,0.0,,,2021-08-06 07:00:00
2835.0,1628319600.0,silty,2021,0.0873350446538896,0.0646235235908021,5.0,1.5,ET0,1,7.82,8.26,7.823891414052509,4.71830645976308,4.808033191895975,0.0,,,2021-08-07 07:00:00
2836.0,1628406000.0,silty,2021,0.075531158491666,0.0873350446538896,5.0,1.5,ET0,1,6.81,7.82,6.805842568347599,4.71830645976308,4.796404099480262,0.0,,,2021-08-08 07:00:00
2837.0,1628492400.0,silty,2021,0.127436612013915,0.075531158491666,5.0,1.5,ET0,1,8.24,6.81,8.235329351972808,4.71830645976308,4.84576697162996,0.0,,,2021-08-09 07:00:00
2838.0,1655967600.0,silty,2022,-0.2841936596952887,0.0,5.0,1.5,ET0,1,5.92,0.0,5.915965904891959,4.71830645976308,4.434112800067791,0.0,,,2022-06-23 07:00:00
2839.0,1656054000.0,silty,2022,-0.2772143429074716,-0.2841936596952887,5.0,1.5,ET0,1,5.72,5.92,5.717907755951627,4.71830645976308,4.441092116855609,0.0,,,2022-06-24 07:00:00
2840.0,1656140400.0,silty,2022,-0.2010831126002804,-0.2772143429074716,5.0,1.5,ET0,1,9.2,5.72,9.203948870710636,4.71830645976308,4.517223347162799,0.0,,,2022-06-25 07:00:00
2841.0,1656226800.0,silty,2022,-0.2110289477598435,-0.2010831126002804,5.0,1.5,ET0,1,9.57,9.2,9.569797117975432,4.71830645976308,4.5186174475786585,0.0,,,2022-06-26 07:00:00
2842.0,1656313200.0,silty,2022,-0.2635186443070537,-0.2110289477598435,5.0,1.5,ET0,1,8.69,9.57,8.693094774412245,4.71830645976308,4.476104804203854,0.0,,,2022-06-27 07:00:00
2843.0,1656399600.0,silty,2022,-0.3250106619497284,-0.2635186443070537,5.0,1.5,ET0,1,7.46,8.69,7.460713537351751,4.71830645976308,4.412619532427376,1.6,,,2022-06-28 07:00:00
2844.0,1656486000.0,silty,2022,-0.4794641849432265,-0.3250106619497284,5.0,1.5,ET0,1,1.83,7.46,1.8323231735051733,4.71830645976308,4.2610446267909685,0.0,,,2022-06-29 07:00:00
2845.0,1656572400.0,silty,2022,-0.3641951671352221,-0.4794641849432265,5.0,1.5,ET0,1,6.43,1.83,6.425725286268609,4.71830645976308,4.3541112926278585,0.0,,,2022-06-30 07:00:00
2846.0,1656658800.0,silty,2022,-0.2979484748234253,-0.3641951671352221,5.0,1.5,ET0,1,8.48,6.43,8.481182130641368,4.71830645976308,4.420357984939655,0.0,,,2022-07-01 07:00:00
2847.0,1656745200.0,silty,2022,-0.2650782289303034,-0.2979484748234253,5.0,1.5,ET0,1,9.68,8.48,9.684100900879589,4.71830645976308,4.459597777278718,0.0,,,2022-07-02 07:00:00
2848.0,1656831600.0,silty,2022,-0.3145519780512077,-0.2650782289303034,5.0,1.5,ET0,1,7.88,9.68,7.875822878948619,4.71830645976308,4.426533303967212,0.0,,,2022-07-03 07:00:00
2849.0,1656918000.0,silty,2022,-0.300834875873475,-0.3145519780512077,5.0,1.5,ET0,1,8.85,7.88,8.846129638751195,4.71830645976308,4.427512252801773,0.0,,,2022-07-04 07:00:00
2850.0,1657004400.0,silty,2022,-0.3103748323316068,-0.300834875873475,5.0,1.5,ET0,1,8.35,8.85,8.353871892123982,4.71830645976308,4.424618208471633,0.0,,,2022-07-05 07:00:00
2851.0,1657090800.0,silty,2022,-0.3205936268771175,-0.3103748323316068,5.0,1.5,ET0,1,8.11,8.35,8.10868026961472,4.71830645976308,4.412123909177526,0.0,,,2022-07-06 07:00:00
2852.0,1657177200.0,silty,2022,-0.3821857535386931,-0.3205936268771175,5.0,1.5,ET0,1,5.28,8.11,5.27960920736311,4.71830645976308,4.35227014899964,11.6,,,2022-07-07 07:00:00
2853.0,1657263600.0,silty,2022,-0.4537704770270191,-0.3821857535386931,5.0,1.5,ET0,1,7.28,5.28,7.275206390354677,4.71830645976308,4.282974877319477,0.0,,,2022-07-08 07:00:00
2854.0,1657350000.0,silty,2022,-0.4691694255910176,-0.4537704770270191,5.0,1.5,ET0,1,7.12,7.28,7.121172904786319,4.71830645976308,4.26131595046771,0.0,,,2022-07-09 07:00:00
2855.0,1657436400.0,silty,2022,-0.428132529826295,-0.4691694255910176,5.0,1.5,ET0,1,7.61,7.12,7.612583271961939,4.71830645976308,4.297867309021978,0.0,,,2022-07-10 07:00:00
2856.0,1657522800.0,silty,2022,-0.3695006025474777,-0.428132529826295,5.0,1.5,ET0,1,8.47,7.61,8.472336750464112,4.71830645976308,4.356323278944725,0.0,,,2022-07-11 07:00:00
2857.0,1657609200.0,silty,2022,-0.3675138320648026,-0.3695006025474777,5.0,1.5,ET0,1,7.49,8.47,7.487993037508327,4.71830645976308,4.366082080904236,0.0,,,2022-07-12 07:00:00
2858.0,1657695600.0,silty,2022,-0.3960066399639217,-0.3675138320648026,5.0,1.5,ET0,1,5.44,7.49,5.439558555641069,4.71830645976308,4.333658283395548,0.0,,,2022-07-13 07:00:00
2859.0,1657782000.0,silty,2022,-0.2872275596286515,-0.3960066399639217,5.0,1.5,ET0,1,8.25,5.44,8.254676604732598,4.71830645976308,4.431078900134429,0.0,,,2022-07-14 07:00:00
2860.0,1657868400.0,silty,2022,-0.2099872467279595,-0.2872275596286515,5.0,1.5,ET0,1,9.45,8.25,9.447916516172471,4.71830645976308,4.514049810113838,0.0,,,2022-07-15 07:00:00
2861.0,1657954800.0,silty,2022,-0.1950341510986552,-0.2099872467279595,5.0,1.5,ET0,1,8.97,9.45,8.968687582898376,4.71830645976308,4.541184636163401,0.0,,,2022-07-16 07:00:00
2862.0,1658041200.0,silty,2022,-0.2163231393623916,-0.1950341510986552,5.0,1.5,ET0,1,7.7,8.97,7.701644419417017,4.71830645976308,4.519940347212255,0.0,,,2022-07-17 07:00:00
2863.0,1658127600.0,silty,2022,-0.2154318421268132,-0.2163231393623916,5.0,1.5,ET0,1,7.24,7.7,7.236620092977568,4.71830645976308,4.512320152291907,0.0,,,2022-07-18 07:00:00
2864.0,1658214000.0,silty,2022,-0.1725914882802586,-0.2154318421268132,5.0,1.5,ET0,1,7.98,7.24,7.976539558735554,4.71830645976308,4.549821906596962,0.0,,,2022-07-19 07:00:00
2865.0,1658300400.0,silty,2022,-0.1164805632777634,-0.1725914882802586,5.0,1.5,ET0,1,9.03,7.98,9.031637030513592,4.71830645976308,4.607035827598465,0.0,,,2022-07-20 07:00:00
2866.0,1658386800.0,silty,2022,-0.1094127433021001,-0.1164805632777634,5.0,1.5,ET0,1,8.52,9.03,8.523521442036436,4.71830645976308,4.622434198690802,0.0,,,2022-07-21 07:00:00
2867.0,1687503600.0,silty,2023,-0.4751499057935796,0.0,5.0,1.5,ET0,1,6.42,0.0,6.420277994663035,4.71830645976308,4.2431565539695,0.0,,,2023-06-23 07:00:00
2868.0,1687590000.0,silty,2023,-0.4619969558399204,-0.4751499057935796,5.0,1.5,ET0,1,6.34,6.42,6.3387606045021405,4.71830645976308,4.256421902778248,0.0,,,2023-06-24 07:00:00
2869.0,1687676400.0,silty,2023,-0.4434544268516833,-0.4619969558399204,5.0,1.5,ET0,1,7.08,6.34,7.077332335884068,4.71830645976308,4.275147745551615,0.0,,,2023-06-25 07:00:00
2870.0,1687762800.0,silty,2023,-0.4609139210347142,-0.4434544268516833,5.0,1.5,ET0,1,6.23,7.08,6.229180911248416,4.71830645976308,4.260073815003159,0.0,,,2023-06-26 07:00:00
2871.0,1687849200.0,silty,2023,-0.4267444075543304,-0.4609139210347142,5.0,1.5,ET0,1,7.72,6.23,7.717627618312005,4.71830645976308,4.291768709990035,0.0,,,2023-06-27 07:00:00
2872.0,1687935600.0,silty,2023,-0.4180256339432227,-0.4267444075543304,5.0,1.5,ET0,1,8.19,7.72,8.190146658736474,4.71830645976308,4.305969551577418,0.0,,,2023-06-28 07:00:00
2873.0,1688022000.0,silty,2023,-0.5570494460238743,-0.4180256339432227,5.0,1.5,ET0,1,2.65,8.19,2.6534944981591777,4.71830645976308,4.17890362991514,0.0,,,2023-06-29 07:00:00
2874.0,1688108400.0,silty,2023,-0.4305341009931448,-0.5570494460238743,5.0,1.5,ET0,1,7.81,2.65,7.811921140444205,4.71830645976308,4.287772358769935,0.0,,,2023-06-30 07:00:00
2875.0,1688194800.0,silty,2023,-0.5341541469628841,-0.4305341009931448,5.0,1.5,ET0,1,2.99,7.81,2.989408376370308,4.71830645976308,4.193359295037519,0.0,,,2023-07-01 07:00:00
2876.0,1688281200.0,silty,2023,-0.5138772358443333,-0.5341541469628841,5.0,1.5,ET0,1,3.63,2.99,3.628606534620321,4.71830645976308,4.204429223918747,0.0,,,2023-07-02 07:00:00
2877.0,1688367600.0,silty,2023,-0.4345337924685087,-0.5138772358443333,5.0,1.5,ET0,1,5.91,3.63,5.9091258835011,4.71830645976308,4.283772667294572,0.0,,,2023-07-03 07:00:00
2878.0,1688454000.0,silty,2023,-0.3879987036718603,-0.4345337924685087,5.0,1.5,ET0,1,6.62,5.91,6.621532339824514,4.71830645976308,4.33030775609122,0.0,,,2023-07-04 07:00:00
2879.0,1688540400.0,silty,2023,-0.3749989287713001,-0.3879987036718603,5.0,1.5,ET0,1,6.4,6.62,6.395412175418061,4.71830645976308,4.3438578668065215,0.0,,,2023-07-05 07:00:00
2880.0,1688626800.0,silty,2023,-0.3313514007818884,-0.3749989287713001,5.0,1.5,ET0,1,7.49,6.4,7.492344925936937,4.71830645976308,4.387105469270794,5.0,,,2023-07-06 07:00:00
2881.0,1688713200.0,silty,2023,-0.4835947390612607,-0.3313514007818884,5.0,1.5,ET0,1,3.38,7.49,3.3788724562330463,4.71830645976308,4.249284109029513,0.0,,,2023-07-07 07:00:00
2882.0,1688799600.0,silty,2023,-0.3995280649792356,-0.4835947390612607,5.0,1.5,ET0,1,6.52,3.38,6.518921569415171,4.71830645976308,4.318778394783845,0.0,,,2023-07-08 07:00:00
2883.0,1688886000.0,silty,2023,-0.3495460726660457,-0.3995280649792356,5.0,1.5,ET0,1,7.07,6.52,7.0675670514600375,4.71830645976308,4.369216033833009,0.0,,,2023-07-09 07:00:00
2884.0,1688972400.0,silty,2023,-0.3252760100827675,-0.3495460726660457,5.0,1.5,ET0,1,6.96,7.07,6.961944041187434,4.71830645976308,4.395556223579619,0.0,,,2023-07-10 07:00:00
2885.0,1689058800.0,silty,2023,-0.2856007184379886,-0.3252760100827675,5.0,1.5,ET0,1,7.52,6.96,7.523781176422247,4.71830645976308,4.43467398430789,0.0,,,2023-07-11 07:00:00
2886.0,1689145200.0,silty,2023,-0.2566007451709992,-0.2856007184379886,5.0,1.5,ET0,1,7.81,7.52,7.806608352298979,4.71830645976308,4.465622454170696,0.0,,,2023-07-12 07:00:00
2887.0,1689231600.0,silty,2023,-0.2441201639262903,-0.2566007451709992,5.0,1.5,ET0,1,7.71,7.81,7.714035948667738,4.71830645976308,4.47990678312379,22.8,,,2023-07-13 07:00:00
2888.0,1689318000.0,silty,2023,-0.787695415338007,-0.2441201639262903,5.0,1.5,ET0,1,3.0,7.71,2.9961159428327533,4.71830645976308,3.998980821591564,0.0,,,2023-07-14 07:00:00
2889.0,1689404400.0,silty,2023,-0.7041030633640204,-0.787695415338007,5.0,1.5,ET0,1,5.39,3.0,5.390782029334142,4.71830645976308,4.0145368747099015,0.0,,,2023-07-15 07:00:00
2890.0,1689490800.0,silty,2023,-0.5810538020679937,-0.7041030633640204,5.0,1.5,ET0,1,7.11,5.39,7.109056997180415,4.71830645976308,4.137377702481466,0.0,,,2023-07-16 07:00:00
2891.0,1689577200.0,silty,2023,-0.525255600718983,-0.5810538020679937,5.0,1.5,ET0,1,6.61,7.11,6.608581357186508,4.71830645976308,4.198189555781111,0.0,,,2023-07-17 07:00:00
2892.0,1689663600.0,silty,2023,-0.4345248830470488,-0.525255600718983,5.0,1.5,ET0,1,7.5,6.61,7.500311698248804,4.71830645976308,4.285286954941047,0.0,,,2023-07-18 07:00:00
2893.0,1689750000.0,silty,2023,-0.3880987426759208,-0.4345248830470488,5.0,1.5,ET0,1,7.06,7.5,7.063404491828016,4.71830645976308,4.335939401796054,0.0,,,2023-07-19 07:00:00
2894.0,1689836400.0,silty,2023,-0.3078190170062979,-0.3880987426759208,5.0,1.5,ET0,1,7.95,7.06,7.949048805371062,4.71830645976308,4.413276533125616,0.0,,,2023-07-20 07:00:00
2895.0,1689922800.0,silty,2023,-0.3141739301205571,-0.3078190170062979,5.0,1.5,ET0,1,6.2,7.95,6.202164075023188,4.71830645976308,4.412244713404373,0.0,,,2023-07-21 07:00:00
2896.0,1719126000.0,silty,2024,-0.6244404567664325,0.0,5.0,1.5,ET0,1,1.66,0.0,1.6632265501860408,4.71830645976308,4.093866002996648,1.7999999999999998,,,2024-06-23 07:00:00
2897.0,1719212400.0,silty,2024,-0.7305741285293589,-0.6244404567664325,5.0,1.5,ET0,1,1.59,1.66,1.5856569477409397,4.71830645976308,3.9877323312337216,5.8,,,2024-06-24 07:00:00
2898.0,1719298800.0,silty,2024,-0.8178614431825778,-0.7305741285293589,5.0,1.5,ET0,1,1.64,1.59,1.643019943771474,4.71830645976308,3.900445016580503,12.6,,,2024-06-25 07:00:00
2899.0,1719385200.0,silty,2024,-0.9532503760362812,-0.8178614431825778,5.0,1.5,ET0,1,3.74,1.64,3.7360647761286776,4.71830645976308,3.768153829071789,1.0,,,2024-06-26 07:00:00
2900.0,1719471600.0,silty,2024,-1.0229087694892876,-0.9532503760362812,5.0,1.5,ET0,1,3.28,3.74,3.283058105037508,4.71830645976308,3.695950938549438,0.0,,,2024-06-27 07:00:00
2901.0,1719558000.0,silty,2024,-0.8639723898148625,-1.0229087694892876,5.0,1.5,ET0,1,8.11,3.28,8.105450401178516,4.71830645976308,3.854334069948218,0.0,,,2024-06-28 07:00:00
2902.0,1719644400.0,silty,2024,-0.8480788695345681,-0.8639723898148625,5.0,1.5,ET0,1,6.86,8.11,6.855392222915658,4.71830645976308,3.879932348473506,0.0,,,2024-06-29 07:00:00
2903.0,1719730800.0,silty,2024,-0.8251109603422108,-0.8480788695345681,5.0,1.5,ET0,1,6.28,6.86,6.275478723242181,4.71830645976308,3.90010785329609,0.0,,,2024-06-30 07:00:00
2904.0,1719817200.0,silty,2024,-0.7114571158342222,-0.8251109603422108,5.0,1.5,ET0,1,9.01,6.28,9.008052630760128,4.71830645976308,4.008210966001685,0.0,,,2024-07-01 07:00:00
2905.0,1719903600.0,silty,2024,-0.742180475738897,-0.7114571158342222,5.0,1.5,ET0,1,6.4,9.01,6.40343719338403,4.71830645976308,3.998506471594553,0.0,,,2024-07-02 07:00:00
2906.0,1719990000.0,silty,2024,-0.7115487701765387,-0.742180475738897,5.0,1.5,ET0,1,6.83,6.4,6.828302846826217,4.71830645976308,4.013528325513482,0.0,,,2024-07-03 07:00:00
2907.0,1720076400.0,silty,2024,-0.7720829908915132,-0.7115487701765387,5.0,1.5,ET0,1,3.5,6.83,3.501203041998366,4.71830645976308,3.958078782961298,0.0,,,2024-07-04 07:00:00
2908.0,1720162800.0,silty,2024,-0.7252708382961653,-0.7720829908915132,5.0,1.5,ET0,1,4.11,3.5,4.110755932356144,4.71830645976308,3.993035621466915,0.0,,,2024-07-05 07:00:00
2909.0,1720249200.0,silty,2024,-0.587580718818303,-0.7252708382961653,5.0,1.5,ET0,1,7.57,4.11,7.570021332731803,4.71830645976308,4.1307257409447775,0.0,,,2024-07-06 07:00:00
2910.0,1720335600.0,silty,2024,-0.5220734042645467,-0.587580718818303,5.0,1.5,ET0,1,8.24,7.57,8.236770338981968,4.71830645976308,4.198729229777738,0.0,,,2024-07-07 07:00:00
2911.0,1720422000.0,silty,2024,-0.6189321346145438,-0.5220734042645467,5.0,1.5,ET0,1,3.58,8.24,3.5751601774979624,4.71830645976308,4.114796006098693,0.0,,,2024-07-08 07:00:00
2912.0,1720508400.0,silty,2024,-0.5255288789990064,-0.6189321346145438,5.0,1.5,ET0,1,6.02,3.58,6.021523561190189,4.71830645976308,4.192777580764074,1.0,,,2024-07-09 07:00:00
2913.0,1720594800.0,silty,2024,-0.4788486685108559,-0.5255288789990064,5.0,1.5,ET0,1,6.41,6.02,6.408995121084742,4.71830645976308,4.239463676253814,0.0,,,2024-07-10 07:00:00
2914.0,1720681200.0,silty,2024,-0.4165092514781699,-0.4788486685108559,5.0,1.5,ET0,1,7.1,6.41,7.100145056634385,4.71830645976308,4.302091070172022,0.0,,,2024-07-11 07:00:00
2915.0,1720767600.0,silty,2024,-0.3367447447544188,-0.4165092514781699,5.0,1.5,ET0,1,8.42,7.1,8.417233027045325,4.71830645976308,4.382830316910036,0.0,,,2024-07-12 07:00:00
2916.0,1720854000.0,silty,2024,-0.2666635508167949,-0.3367447447544188,5.0,1.5,ET0,1,9.48,8.42,9.478835789843243,4.71830645976308,4.458260938198297,0.0,,,2024-07-13 07:00:00
2917.0,1720940400.0,silty,2024,-0.2637736641302426,-0.2666635508167949,5.0,1.5,ET0,1,8.65,9.48,8.65408688020589,4.71830645976308,4.472491566606412,0.0,,,2024-07-14 07:00:00
2918.0,1721026800.0,silty,2024,-0.2628715761464648,-0.2637736641302426,5.0,1.5,ET0,1,8.04,8.65,8.038553013013921,4.71830645976308,4.470074389233276,0.0,,,2024-07-15 07:00:00
2919.0,1721113200.0,silty,2024,-0.242071549745675,-0.2628715761464648,5.0,1.5,ET0,1,8.08,8.04,8.079175888672749,4.71830645976308,4.485163357229552,0.0,,,2024-07-16 07:00:00
2920.0,1721199600.0,silty,2024,-0.1643636302424336,-0.242071549745675,5.0,1.5,ET0,1,9.9,8.08,9.89638188136864,4.71830645976308,4.559962558158331,0.0,,,2024-07-17 07:00:00
2921.0,1721286000.0,silty,2024,-0.1678751209999531,-0.1643636302424336,5.0,1.5,ET0,1,8.86,9.9,8.856197692783795,4.71830645976308,4.571886379660548,0.0,,,2024-07-18 07:00:00
2922.0,1721372400.0,silty,2024,-0.1670369040636175,-0.1678751209999531,5.0,1.5,ET0,1,8.59,8.86,8.59349226880255,4.71830645976308,4.56647171794841,0.0,,,2024-07-19 07:00:00
2923.0,1721458800.0,silty,2024,-0.2077520047708904,-0.1670369040636175,5.0,1.5,ET0,1,6.6,8.59,6.5994601364997925,4.71830645976308,4.527722098327328,0.0,,,2024-07-20 07:00:00
2924.0,1721545200.0,silty,2024,-0.1990448824865573,-0.2077520047708904,5.0,1.5,ET0,1,6.36,6.6,6.35886520949269,4.71830645976308,4.522294127846289,0.0,,,2024-07-21 07:00:00
6315.0,1626073200.0,cloamy,2021,-0.1646438530509126,0.0,12.0,3.0,ET0,5,0.0,0.0,8.171899400888595,4.71830645976308,4.696994811000847,0.0,,,2021-07-12 07:00:00
6316.0,1626159600.0,cloamy,2021,-0.1741231465610073,0.0,12.0,3.0,ET0,5,0.0,0.0,7.307248568315713,4.71830645976308,4.585801040618721,49.2,,,2021-07-13 07:00:00
6317.0,1626246000.0,cloamy,2021,-0.7362371832216018,0.0,12.0,3.0,ET0,5,0.0,0.0,3.7200181370317593,4.71830645976308,4.14710315278247,0.0,,,2021-07-14 07:00:00
6318.0,1626332400.0,cloamy,2021,-0.7865100893841356,0.0,12.0,3.0,ET0,5,0.0,0.0,6.588938290136868,4.71830645976308,4.001585725048803,0.0,,,2021-07-15 07:00:00
6319.0,1626418800.0,cloamy,2021,-0.772581047766824,0.0,12.0,3.0,ET0,5,30.0,0.0,4.2070949143533625,4.71830645976308,3.964679023304394,10.8,,,2021-07-16 07:00:00
6320.0,1626505200.0,cloamy,2021,-1.3022649511696316,-0.772581047766824,12.0,3.0,ET0,5,0.0,30.0,1.7206288405645938,4.71830645976308,3.795120671999788,0.8,,,2021-07-17 07:00:00
6321.0,1626591600.0,cloamy,2021,-1.3637476367507082,-0.772581047766824,12.0,3.0,ET0,5,0.0,30.0,2.339819333016992,4.71830645976308,3.6083040993844375,0.0,,,2021-07-18 07:00:00
6322.0,1626678000.0,cloamy,2021,-1.311423085885567,-0.772581047766824,12.0,3.0,ET0,5,0.0,30.0,5.542148180411579,4.71830645976308,3.537466125321765,0.0,,,2021-07-19 07:00:00
6323.0,1626764400.0,cloamy,2021,-1.2011645588378146,-0.772581047766824,12.0,3.0,ET0,5,0.0,30.0,6.336708517861463,4.71830645976308,3.5566236628438364,0.0,,,2021-07-20 07:00:00
6324.0,1626850800.0,cloamy,2021,-1.023493844818168,-0.772581047766824,12.0,3.0,ET0,5,23.66,30.0,7.723088615724408,4.71830645976308,3.694812614944912,0.0,,,2021-07-21 07:00:00
6325.0,1626937200.0,cloamy,2021,-1.1729977921503862,-1.023493844818168,12.0,3.0,ET0,5,0.0,23.66,6.384988487195638,4.71830645976308,3.731769048216685,0.0,,,2021-07-22 07:00:00
6326.0,1627023600.0,cloamy,2021,-1.0379748770680135,-1.023493844818168,12.0,3.0,ET0,5,0.0,23.66,6.724001721462045,4.71830645976308,3.7646681009398986,0.0,,,2021-07-23 07:00:00
6327.0,1627110000.0,cloamy,2021,-0.8818563865807629,-1.023493844818168,12.0,3.0,ET0,5,0.0,23.66,6.639604206034317,4.71830645976308,3.853614157124467,0.0,,,2021-07-24 07:00:00
6328.0,1627196400.0,cloamy,2021,-0.7258600168020014,-1.023493844818168,12.0,3.0,ET0,5,0.0,23.66,6.068344799075018,4.71830645976308,3.992446442961079,0.0,,,2021-07-25 07:00:00
6329.0,1627282800.0,cloamy,2021,-0.6194589771094259,-1.023493844818168,12.0,3.0,ET0,5,29.56,23.66,3.7441148307248353,4.71830645976308,4.098847482653654,0.0,,,2021-07-26 07:00:00
6330.0,1627369200.0,cloamy,2021,-0.8851566351380414,-0.6194589771094259,12.0,3.0,ET0,5,0.0,29.56,5.25782491390273,4.71830645976308,4.033609383494691,1.0,,,2021-07-27 07:00:00
6331.0,1627455600.0,cloamy,2021,-0.8472773417779725,-0.6194589771094259,12.0,3.0,ET0,5,0.0,29.56,4.067188753317478,4.71830645976308,3.971817920675915,0.0,,,2021-07-28 07:00:00
6332.0,1627542000.0,cloamy,2021,-0.7314953090395575,-0.6194589771094259,12.0,3.0,ET0,5,0.0,29.56,5.501441403272102,4.71830645976308,4.014602397128905,0.0,,,2021-07-29 07:00:00
6333.0,1627628400.0,cloamy,2021,-0.5486685189711196,-0.6194589771094259,12.0,3.0,ET0,5,0.0,29.56,7.363960029273559,4.71830645976308,4.169637940791961,0.0,,,2021-07-30 07:00:00
6334.0,1627714800.0,cloamy,2021,-0.3323277475938334,-0.6194589771094259,12.0,3.0,ET0,5,30.32,29.56,8.127164249908118,4.71830645976308,4.385978712169247,0.0,,,2021-07-31 07:00:00
6335.0,1627801200.0,cloamy,2021,-0.6081528914517063,-0.3323277475938334,12.0,3.0,ET0,5,0.0,30.32,7.011084171391055,4.71830645976308,4.313528788408183,9.0,,,2021-08-01 07:00:00
6336.0,1627887600.0,cloamy,2021,-0.5606469564855375,-0.3323277475938334,12.0,3.0,ET0,5,0.0,30.32,7.304828236834061,4.71830645976308,4.248777402865711,0.0,,,2021-08-02 07:00:00
6337.0,1627974000.0,cloamy,2021,-0.4436314592037847,-0.3323277475938334,12.0,3.0,ET0,5,0.0,30.32,7.320018177389831,4.71830645976308,4.292567785418279,0.0,,,2021-08-03 07:00:00
6338.0,1628060400.0,cloamy,2021,-0.2794613897840023,-0.3323277475938334,12.0,3.0,ET0,5,0.0,30.32,8.239496207860649,4.71830645976308,4.438845069979078,0.0,,,2021-08-04 07:00:00
6339.0,1628146800.0,cloamy,2021,-0.1881262533087142,-0.3323277475938334,12.0,3.0,ET0,5,34.07,30.32,4.198759507591638,4.71830645976308,4.530180206454366,0.0,,,2021-08-05 07:00:00
6340.0,1628233200.0,cloamy,2021,-0.4767641969496674,-0.1881262533087142,12.0,3.0,ET0,5,0.0,34.07,8.25634687060054,4.71830645976308,4.441632864989444,0.0,,,2021-08-06 07:00:00
6341.0,1628319600.0,cloamy,2021,-0.3980221814724457,-0.1881262533087142,12.0,3.0,ET0,5,0.0,34.07,7.823891414052509,4.71830645976308,4.394111754313381,0.0,,,2021-08-07 07:00:00
6342.0,1628406000.0,cloamy,2021,-0.2803752773821303,-0.1881262533087142,12.0,3.0,ET0,5,0.0,34.07,6.805842568347599,4.71830645976308,4.448957163013167,0.0,,,2021-08-08 07:00:00
6343.0,1628492400.0,cloamy,2021,-0.1084674018729556,-0.1881262533087142,12.0,3.0,ET0,5,0.0,34.07,8.235329351972808,4.71830645976308,4.609839057890125,0.0,,,2021-08-09 07:00:00
6344.0,1656054000.0,cloamy,2022,-0.6686402105982798,0.0,12.0,3.0,ET0,5,0.0,0.0,5.717907755951627,4.71830645976308,4.268635241557346,0.0,,,2022-06-24 07:00:00
6345.0,1656140400.0,cloamy,2022,-0.613857153780027,0.0,12.0,3.0,ET0,5,0.0,0.0,9.203948870710636,4.71830645976308,4.192299997801246,0.0,,,2022-06-25 07:00:00
6346.0,1656226800.0,cloamy,2022,-0.4989658083042109,0.0,12.0,3.0,ET0,5,0.0,0.0,9.569797117975432,4.71830645976308,4.230747582916918,0.0,,,2022-06-26 07:00:00
6347.0,1656313200.0,cloamy,2022,-0.374558840922411,0.0,12.0,3.0,ET0,5,0.0,0.0,8.693094774412245,4.71830645976308,4.343747618840669,0.0,,,2022-06-27 07:00:00
6348.0,1656399600.0,cloamy,2022,-0.2595564767174173,0.0,12.0,3.0,ET0,5,40.65,0.0,7.460713537351751,4.71830645976308,4.458749983045663,1.6,,,2022-06-28 07:00:00
6349.0,1656486000.0,cloamy,2022,-0.7798327326633931,-0.2595564767174173,12.0,3.0,ET0,5,0.0,40.65,1.8323231735051733,4.71830645976308,4.221733732828068,0.0,,,2022-06-29 07:00:00
6350.0,1656572400.0,cloamy,2022,-0.7925106859548456,-0.2595564767174173,12.0,3.0,ET0,5,0.0,40.65,6.425725286268609,4.71830645976308,4.0789819075407205,0.0,,,2022-06-30 07:00:00
6351.0,1656658800.0,cloamy,2022,-0.68318125775095,-0.2595564767174173,12.0,3.0,ET0,5,0.0,40.65,8.481182130641368,4.71830645976308,4.083173905251051,0.0,,,2022-07-01 07:00:00
6352.0,1656745200.0,cloamy,2022,-0.5377340632858425,-0.2595564767174173,12.0,3.0,ET0,5,0.0,40.65,9.684100900879589,4.71830645976308,4.180572396477237,0.0,,,2022-07-02 07:00:00
6353.0,1656831600.0,cloamy,2022,-0.404260585756841,-0.2595564767174173,12.0,3.0,ET0,5,34.3,40.65,7.875822878948619,4.71830645976308,4.314045874006239,0.0,,,2022-07-03 07:00:00
6354.0,1656918000.0,cloamy,2022,-0.7081494045177331,-0.404260585756841,12.0,3.0,ET0,5,0.0,34.3,8.846129638751195,4.71830645976308,4.229629873716519,0.0,,,2022-07-04 07:00:00
6355.0,1657004400.0,cloamy,2022,-0.6526711063952342,-0.404260585756841,12.0,3.0,ET0,5,0.0,34.3,8.353871892123982,4.71830645976308,4.163554596908238,0.0,,,2022-07-05 07:00:00
6356.0,1657090800.0,cloamy,2022,-0.5444795866618175,-0.404260585756841,12.0,3.0,ET0,5,0.0,34.3,8.10868026961472,4.71830645976308,4.193328560264091,0.0,,,2022-07-06 07:00:00
6357.0,1657177200.0,cloamy,2022,-0.4548350409832964,-0.404260585756841,12.0,3.0,ET0,5,0.0,34.3,5.27960920736311,4.71830645976308,4.263471418779784,11.6,,,2022-07-07 07:00:00
6358.0,1657263600.0,cloamy,2022,-0.3413925201483315,-0.404260585756841,12.0,3.0,ET0,5,37.86,34.3,7.275206390354677,4.71830645976308,4.376913939614749,0.0,,,2022-07-08 07:00:00
6359.0,1657350000.0,cloamy,2022,-0.7874381116893713,-0.3413925201483315,12.0,3.0,ET0,5,0.0,37.86,7.121172904786319,4.71830645976308,4.218886278608334,0.0,,,2022-07-09 07:00:00
6360.0,1657436400.0,cloamy,2022,-0.7692529574891028,-0.3413925201483315,12.0,3.0,ET0,5,0.0,37.86,7.612583271961939,4.71830645976308,4.098752317196526,0.0,,,2022-07-10 07:00:00
6361.0,1657522800.0,cloamy,2022,-0.6472345389760281,-0.3413925201483315,12.0,3.0,ET0,5,0.0,37.86,8.472336750464112,4.71830645976308,4.115870344218579,0.0,,,2022-07-11 07:00:00
6362.0,1657609200.0,cloamy,2022,-0.5177652599102252,-0.3413925201483315,12.0,3.0,ET0,5,0.0,37.86,7.487993037508327,4.71830645976308,4.201288944146969,0.0,,,2022-07-12 07:00:00
6363.0,1657695600.0,cloamy,2022,-0.4075107038247265,-0.3413925201483315,12.0,3.0,ET0,5,36.13,37.86,5.439558555641069,4.71830645976308,4.310795755938353,0.0,,,2022-07-13 07:00:00
6364.0,1657782000.0,cloamy,2022,-0.7314992007991357,-0.4075107038247265,12.0,3.0,ET0,5,0.0,36.13,8.254676604732598,4.71830645976308,4.233853304757559,0.0,,,2022-07-14 07:00:00
6365.0,1657868400.0,cloamy,2022,-0.6427260636562725,-0.4075107038247265,12.0,3.0,ET0,5,0.0,36.13,9.447916516172471,4.71830645976308,4.187403976844912,0.0,,,2022-07-15 07:00:00
6366.0,1657954800.0,cloamy,2022,-0.4942982661397744,-0.4075107038247265,12.0,3.0,ET0,5,0.0,36.13,8.968687582898376,4.71830645976308,4.245398949653731,0.0,,,2022-07-16 07:00:00
6367.0,1658041200.0,cloamy,2022,-0.3487538320768857,-0.4075107038247265,12.0,3.0,ET0,5,0.0,36.13,7.701644419417017,4.71830645976308,4.369552627686194,0.0,,,2022-07-17 07:00:00
6368.0,1658127600.0,cloamy,2022,-0.195736029304598,-0.4075107038247265,12.0,3.0,ET0,5,41.61,36.13,7.236620092977568,4.71830645976308,4.522570430458482,0.0,,,2022-07-18 07:00:00
6369.0,1658214000.0,cloamy,2022,-0.6065723119439742,-0.195736029304598,12.0,3.0,ET0,5,0.0,41.61,7.976539558735554,4.71830645976308,4.370428220426411,0.0,,,2022-07-19 07:00:00
6370.0,1658300400.0,cloamy,2022,-0.5525900662237543,-0.195736029304598,12.0,3.0,ET0,5,0.0,41.61,9.031637030513592,4.71830645976308,4.282497046073374,0.0,,,2022-07-20 07:00:00
6371.0,1658386800.0,cloamy,2022,-0.4152471617240211,-0.195736029304598,12.0,3.0,ET0,5,0.0,41.61,8.523521442036436,4.71830645976308,4.326828974650575,0.0,,,2022-07-21 07:00:00
6372.0,1687590000.0,cloamy,2023,-0.8775400518819243,0.0,12.0,3.0,ET0,5,0.0,0.0,6.3387606045021405,4.71830645976308,4.051979483470968,0.0,,,2023-06-24 07:00:00
6373.0,1687676400.0,cloamy,2023,-0.8306187841579568,0.0,12.0,3.0,ET0,5,0.0,0.0,7.077332335884068,4.71830645976308,3.977675694214788,0.0,,,2023-06-25 07:00:00
6374.0,1687762800.0,cloamy,2023,-0.7464465156267941,0.0,12.0,3.0,ET0,5,0.0,0.0,6.229180911248416,4.71830645976308,3.992262526207738,0.0,,,2023-06-26 07:00:00
6375.0,1687849200.0,cloamy,2023,-0.6202427880804766,0.0,12.0,3.0,ET0,5,0.0,0.0,7.717627618312005,4.71830645976308,4.098063671682604,0.0,,,2023-06-27 07:00:00
6376.0,1687935600.0,cloamy,2023,-0.4760569906915179,0.0,12.0,3.0,ET0,5,35.55,0.0,8.190146658736474,4.71830645976308,4.242249469071562,0.0,,,2023-06-28 07:00:00
6377.0,1688022000.0,cloamy,2023,-0.9038587227363916,-0.4760569906915179,12.0,3.0,ET0,5,0.0,35.55,2.6534944981591777,4.71830645976308,4.058425286532665,0.0,,,2023-06-29 07:00:00
6378.0,1688108400.0,cloamy,2023,-0.8610136812960276,-0.4760569906915179,12.0,3.0,ET0,5,0.0,35.55,7.811921140444205,4.71830645976308,3.97694805464606,0.0,,,2023-06-30 07:00:00
6379.0,1688194800.0,cloamy,2023,-0.8249361019627607,-0.4760569906915179,12.0,3.0,ET0,5,0.0,35.55,2.989408376370308,4.71830645976308,3.941138043769013,0.0,,,2023-07-01 07:00:00
6380.0,1688281200.0,cloamy,2023,-0.7695334118712231,-0.4760569906915179,12.0,3.0,ET0,5,0.0,35.55,3.628606534620321,4.71830645976308,3.9560204802436414,0.0,,,2023-07-02 07:00:00
6381.0,1688367600.0,cloamy,2023,-0.6637672280241416,-0.4760569906915179,12.0,3.0,ET0,5,22.99,35.55,5.9091258835011,4.71830645976308,4.054539231738938,0.0,,,2023-07-03 07:00:00
6382.0,1688454000.0,cloamy,2023,-0.8453898951332547,-0.6637672280241416,12.0,3.0,ET0,5,0.0,22.99,6.621532339824514,4.71830645976308,4.031203219819663,0.0,,,2023-07-04 07:00:00
6383.0,1688540400.0,cloamy,2023,-0.7667780211902311,-0.6637672280241416,12.0,3.0,ET0,5,0.0,22.99,6.395412175418061,4.71830645976308,4.014129708044509,0.0,,,2023-07-05 07:00:00
6384.0,1688626800.0,cloamy,2023,-0.6441997463483917,-0.6637672280241416,12.0,3.0,ET0,5,0.0,22.99,7.492344925936937,4.71830645976308,4.081071984000793,5.0,,,2023-07-06 07:00:00
6385.0,1688713200.0,cloamy,2023,-0.5961704018807689,-0.6637672280241416,12.0,3.0,ET0,5,0.0,22.99,3.3788724562330463,4.71830645976308,4.1226005525262925,0.0,,,2023-07-07 07:00:00
6386.0,1688799600.0,cloamy,2023,-0.4795576981975444,-0.6637672280241416,12.0,3.0,ET0,5,30.41,22.99,6.518921569415171,4.71830645976308,4.238748761565536,0.0,,,2023-07-08 07:00:00
6387.0,1688886000.0,cloamy,2023,-0.7628891482966316,-0.4795576981975444,12.0,3.0,ET0,5,0.0,30.41,7.0675670514600375,4.71830645976308,4.158528213369246,0.0,,,2023-07-09 07:00:00
6388.0,1688972400.0,cloamy,2023,-0.7023441000031438,-0.4795576981975444,12.0,3.0,ET0,5,0.0,30.41,6.961944041187434,4.71830645976308,4.104570113987225,0.0,,,2023-07-10 07:00:00
6389.0,1689058800.0,cloamy,2023,-0.583204856726075,-0.4795576981975444,12.0,3.0,ET0,5,0.0,30.41,7.523781176422247,4.71830645976308,4.1517329526799145,0.0,,,2023-07-11 07:00:00
6390.0,1689145200.0,cloamy,2023,-0.4392954749451678,-0.4795576981975444,12.0,3.0,ET0,5,0.0,30.41,7.806608352298979,4.71830645976308,4.279010984817912,0.0,,,2023-07-12 07:00:00
6391.0,1689231600.0,cloamy,2023,-0.2846949452305956,-0.4795576981975444,12.0,3.0,ET0,5,37.07,30.41,7.714035948667738,4.71830645976308,4.433611514532485,22.8,,,2023-07-13 07:00:00
6392.0,1689318000.0,cloamy,2023,-0.9291477954925712,-0.2846949452305956,12.0,3.0,ET0,5,0.0,37.07,2.9961159428327533,4.71830645976308,4.11995195704743,0.0,,,2023-07-14 07:00:00
6393.0,1689404400.0,cloamy,2023,-0.9709751715221852,-0.2846949452305956,12.0,3.0,ET0,5,0.0,37.07,5.390782029334142,4.71830645976308,3.942092520322949,0.0,,,2023-07-15 07:00:00
6394.0,1689490800.0,cloamy,2023,-0.868269499248864,-0.2846949452305956,12.0,3.0,ET0,5,0.0,37.07,7.109056997180415,4.71830645976308,3.9300597397314094,0.0,,,2023-07-16 07:00:00
6395.0,1689577200.0,cloamy,2023,-0.7440969789121263,-0.2846949452305956,12.0,3.0,ET0,5,0.0,37.07,6.608581357186508,4.71830645976308,3.98650534389852,0.0,,,2023-07-17 07:00:00
6396.0,1689663600.0,cloamy,2023,-0.5793820305341091,-0.2846949452305956,12.0,3.0,ET0,5,29.6,37.07,7.500311698248804,4.71830645976308,4.138924429228971,0.0,,,2023-07-18 07:00:00
6397.0,1689750000.0,cloamy,2023,-0.8237684586734012,-0.5793820305341091,12.0,3.0,ET0,5,0.0,29.6,7.063404491828016,4.71830645976308,4.10798147474095,0.0,,,2023-07-19 07:00:00
6398.0,1689836400.0,cloamy,2023,-0.7153737004412764,-0.5793820305341091,12.0,3.0,ET0,5,0.0,29.6,7.949048805371062,4.71830645976308,4.096750439403468,0.0,,,2023-07-20 07:00:00
6399.0,1689922800.0,cloamy,2023,-0.6039036675944602,-0.5793820305341091,12.0,3.0,ET0,5,0.0,29.6,6.202164075023188,4.71830645976308,4.135300133345274,0.0,,,2023-07-21 07:00:00
6400.0,1719212400.0,cloamy,2024,-1.089680582619951,0.0,12.0,3.0,ET0,5,0.0,0.0,1.5856569477409397,4.71830645976308,3.888208599964273,5.8,,,2024-06-24 07:00:00
6401.0,1719298800.0,cloamy,2024,-1.1544470906248372,0.0,12.0,3.0,ET0,5,0.0,0.0,1.643019943771474,4.71830645976308,3.7388380352788,12.6,,,2024-06-25 07:00:00
6402.0,1719385200.0,cloamy,2024,-1.2019831677891917,0.0,12.0,3.0,ET0,5,0.0,0.0,3.7360647761286776,4.71830645976308,3.665089631873096,1.0,,,2024-06-26 07:00:00
6403.0,1719471600.0,cloamy,2024,-1.2396709760394595,0.0,12.0,3.0,ET0,5,0.0,0.0,3.283058105037508,4.71830645976308,3.581501427443032,0.0,,,2024-06-27 07:00:00
6404.0,1719558000.0,cloamy,2024,-1.1486598491267956,0.0,12.0,3.0,ET0,5,18.35,0.0,8.105450401178516,4.71830645976308,3.599233867234607,0.0,,,2024-06-28 07:00:00
6405.0,1719644400.0,cloamy,2024,-1.2892753107887849,-1.1486598491267956,12.0,3.0,ET0,5,0.0,18.35,6.855392222915658,4.71830645976308,3.6159317266838498,0.0,,,2024-06-29 07:00:00
6406.0,1719730800.0,cloamy,2024,-1.2149730024167678,-1.1486598491267956,12.0,3.0,ET0,5,0.0,18.35,6.275478723242181,4.71830645976308,3.609371613318712,0.0,,,2024-06-30 07:00:00
6407.0,1719817200.0,cloamy,2024,-1.0787539543526856,-1.1486598491267956,12.0,3.0,ET0,5,0.0,18.35,9.008052630760128,4.71830645976308,3.666270543442786,0.0,,,2024-07-01 07:00:00
6408.0,1719903600.0,cloamy,2024,-0.9702490975601328,-1.1486598491267956,12.0,3.0,ET0,5,0.0,18.35,6.40343719338403,4.71830645976308,3.7480573622029474,0.0,,,2024-07-02 07:00:00
6409.0,1719990000.0,cloamy,2024,-0.8469394264664981,-1.1486598491267956,12.0,3.0,ET0,5,35.37,18.35,6.828302846826217,4.71830645976308,3.871367033296582,0.0,,,2024-07-03 07:00:00
6410.0,1720076400.0,cloamy,2024,-1.2374750170226971,-0.8469394264664981,12.0,3.0,ET0,5,0.0,35.37,3.501203041998366,4.71830645976308,3.753751790779992,0.0,,,2024-07-04 07:00:00
6411.0,1720162800.0,cloamy,2024,-1.2143918775106632,-0.8469394264664981,12.0,3.0,ET0,5,0.0,35.37,4.110755932356144,4.71830645976308,3.683346644970083,0.0,,,2024-07-05 07:00:00
6412.0,1720249200.0,cloamy,2024,-1.0939297151530494,-0.8469394264664981,12.0,3.0,ET0,5,0.0,35.37,7.570021332731803,4.71830645976308,3.7025098767979134,0.0,,,2024-07-06 07:00:00
6413.0,1720335600.0,cloamy,2024,-0.9525397528358044,-0.8469394264664981,12.0,3.0,ET0,5,0.0,35.37,8.236770338981968,4.71830645976308,3.77433883778586,0.0,,,2024-07-07 07:00:00
6414.0,1720422000.0,cloamy,2024,-0.8819880642236809,-0.8469394264664981,12.0,3.0,ET0,5,26.99,35.37,3.5751601774979624,4.71830645976308,3.8363183955394,0.0,,,2024-07-08 07:00:00
6415.0,1720508400.0,cloamy,2024,-1.1200963966599844,-0.8819880642236809,12.0,3.0,ET0,5,0.0,26.99,6.021523561190189,4.71830645976308,3.815529874920879,1.0,,,2024-07-09 07:00:00
6416.0,1720594800.0,cloamy,2024,-1.0388853540507634,-0.8819880642236809,12.0,3.0,ET0,5,0.0,26.99,6.408995121084742,4.71830645976308,3.7959063935783424,0.0,,,2024-07-10 07:00:00
6417.0,1720681200.0,cloamy,2024,-0.9109915323677968,-0.8819880642236809,12.0,3.0,ET0,5,0.0,26.99,7.100145056634385,4.71830645976308,3.84055884795088,0.0,,,2024-07-11 07:00:00
6418.0,1720767600.0,cloamy,2024,-0.7402689078437996,-0.8819880642236809,12.0,3.0,ET0,5,0.0,26.99,8.417233027045325,4.71830645976308,3.978037551919281,0.0,,,2024-07-12 07:00:00
6419.0,1720854000.0,cloamy,2024,-0.528879572766963,-0.8819880642236809,12.0,3.0,ET0,5,37.43,26.99,9.478835789843243,4.71830645976308,4.1894268869961175,0.0,,,2024-07-13 07:00:00
6420.0,1720940400.0,cloamy,2024,-0.845471808012704,-0.528879572766963,12.0,3.0,ET0,5,0.0,37.43,8.65408688020589,4.71830645976308,4.105868416190346,0.0,,,2024-07-14 07:00:00
6421.0,1721026800.0,cloamy,2024,-0.7809913877231127,-0.528879572766963,12.0,3.0,ET0,5,0.0,37.43,8.038553013013921,4.71830645976308,4.049771403765683,0.0,,,2024-07-15 07:00:00
6422.0,1721113200.0,cloamy,2024,-0.645728530751243,-0.528879572766963,12.0,3.0,ET0,5,0.0,37.43,8.079175888672749,4.71830645976308,4.097769225404141,0.0,,,2024-07-16 07:00:00
6423.0,1721199600.0,cloamy,2024,-0.4456024776086898,-0.528879572766963,12.0,3.0,ET0,5,0.0,37.43,9.89638188136864,4.71830645976308,4.272703982154391,0.0,,,2024-07-17 07:00:00
6424.0,1721286000.0,cloamy,2024,-0.2512169487024572,-0.528879572766963,12.0,3.0,ET0,5,43.52,37.43,8.856197692783795,4.71830645976308,4.467089511060623,0.0,,,2024-07-18 07:00:00
6425.0,1721372400.0,cloamy,2024,-0.6757225164876965,-0.2512169487024572,12.0,3.0,ET0,5,0.0,43.52,8.59349226880255,4.71830645976308,4.306008924919879,0.0,,,2024-07-19 07:00:00
6426.0,1721458800.0,cloamy,2024,-0.6962036943814427,-0.2512169487024572,12.0,3.0,ET0,5,0.0,43.52,6.5994601364997925,4.71830645976308,4.15935492268926,0.0,,,2024-07-20 07:00:00
6427.0,1721545200.0,cloamy,2024,-0.6063678977590888,-0.2512169487024572,12.0,3.0,ET0,5,0.0,43.52,6.35886520949269,4.71830645976308,4.155038119773265,0.0,,,2024-07-21 07:00:00
6428.0,1626073200.0,sandy,2021,-0.4565868715372571,0.0,7.0,3.0,ET0,5,0.0,0.0,8.171899400888595,4.71830645976308,4.284300504868814,0.0,,,2021-07-12 07:00:00
6429.0,1626159600.0,sandy,2021,-0.2176070605338097,0.0,7.0,3.0,ET0,5,0.0,0.0,7.307248568315713,4.71830645976308,4.50069939922927,49.2,,,2021-07-13 07:00:00
6430.0,1626246000.0,sandy,2021,-1.3079902951390356,0.0,7.0,3.0,ET0,5,0.0,0.0,3.7200181370317593,4.71830645976308,3.4640242397364154,0.0,,,2021-07-14 07:00:00
6431.0,1626332400.0,sandy,2021,-1.05675466507131,0.0,7.0,3.0,ET0,5,0.0,0.0,6.588938290136868,4.71830645976308,3.6615517946917695,0.0,,,2021-07-15 07:00:00
6432.0,1626418800.0,sandy,2021,-0.8745372479107343,0.0,7.0,3.0,ET0,5,30.0,0.0,4.2070949143533625,4.71830645976308,3.843769211852346,10.8,,,2021-07-16 07:00:00
6433.0,1626505200.0,sandy,2021,-1.7357296322029725,-0.8745372479107343,7.0,3.0,ET0,5,0.0,30.0,1.7206288405645938,4.71830645976308,3.172425484198858,0.8,,,2021-07-17 07:00:00
6434.0,1626591600.0,sandy,2021,-1.5688170746021135,-0.8745372479107343,7.0,3.0,ET0,5,0.0,30.0,2.339819333016992,4.71830645976308,3.157944366685674,0.0,,,2021-07-18 07:00:00
6435.0,1626678000.0,sandy,2021,-1.3108504824415546,-0.8745372479107343,7.0,3.0,ET0,5,0.0,30.0,5.542148180411579,4.71830645976308,3.4074559773215256,0.0,,,2021-07-19 07:00:00
6436.0,1626764400.0,sandy,2021,-1.0366276263994332,-0.8745372479107343,7.0,3.0,ET0,5,0.0,30.0,6.336708517861463,4.71830645976308,3.681678833363647,0.0,,,2021-07-20 07:00:00
6437.0,1626850800.0,sandy,2021,-0.6980382943075133,-0.8745372479107343,7.0,3.0,ET0,5,23.66,30.0,7.723088615724408,4.71830645976308,4.020268165455567,0.0,,,2021-07-21 07:00:00
6438.0,1626937200.0,sandy,2021,-1.0893821417249263,-0.6980382943075133,7.0,3.0,ET0,5,0.0,23.66,6.384988487195638,4.71830645976308,3.6397069635185417,0.0,,,2021-07-22 07:00:00
6439.0,1627023600.0,sandy,2021,-0.8252681274144759,-0.6980382943075133,7.0,3.0,ET0,5,0.0,23.66,6.724001721462045,4.71830645976308,3.893038332348605,0.0,,,2021-07-23 07:00:00
6440.0,1627110000.0,sandy,2021,-0.5637344785102181,-0.6980382943075133,7.0,3.0,ET0,5,0.0,23.66,6.639604206034317,4.71830645976308,4.154571981252862,0.0,,,2021-07-24 07:00:00
6441.0,1627196400.0,sandy,2021,-0.3439951203902709,-0.6980382943075133,7.0,3.0,ET0,5,0.0,23.66,6.068344799075018,4.71830645976308,4.3743113393728095,0.0,,,2021-07-25 07:00:00
6442.0,1627282800.0,sandy,2021,-0.2236799900162966,-0.6980382943075133,7.0,3.0,ET0,5,29.56,23.66,3.7441148307248353,4.71830645976308,4.494626469746784,0.0,,,2021-07-26 07:00:00
6443.0,1627369200.0,sandy,2021,-0.9148012924639396,-0.2236799900162966,7.0,3.0,ET0,5,0.0,29.56,5.25782491390273,4.71830645976308,3.826461214171718,1.0,,,2021-07-27 07:00:00
6444.0,1627455600.0,sandy,2021,-0.7709563782189895,-0.2236799900162966,7.0,3.0,ET0,5,0.0,29.56,4.067188753317478,4.71830645976308,3.9473500815440894,0.0,,,2021-07-28 07:00:00
6445.0,1627542000.0,sandy,2021,-0.5468155562989746,-0.2236799900162966,7.0,3.0,ET0,5,0.0,29.56,5.501441403272102,4.71830645976308,4.171490903464106,0.0,,,2021-07-29 07:00:00
6446.0,1627628400.0,sandy,2021,-0.2562015058364942,-0.2236799900162966,7.0,3.0,ET0,5,0.0,29.56,7.363960029273559,4.71830645976308,4.462104953926586,0.0,,,2021-07-30 07:00:00
6447.0,1627714800.0,sandy,2021,-0.0052659499976221,-0.2236799900162966,7.0,3.0,ET0,5,30.32,29.56,8.127164249908118,4.71830645976308,4.713040509765458,0.0,,,2021-07-31 07:00:00
6448.0,1627801200.0,sandy,2021,-0.7785380573232213,-0.0052659499976221,7.0,3.0,ET0,5,0.0,30.32,7.011084171391055,4.71830645976308,3.992943026471125,9.0,,,2021-08-01 07:00:00
6449.0,1627887600.0,sandy,2021,-0.628112302478518,-0.0052659499976221,7.0,3.0,ET0,5,0.0,30.32,7.304828236834061,4.71830645976308,4.090194157284563,0.0,,,2021-08-02 07:00:00
6450.0,1627974000.0,sandy,2021,-0.3518024346444126,-0.0052659499976221,7.0,3.0,ET0,5,0.0,30.32,7.320018177389831,4.71830645976308,4.366504025118668,0.0,,,2021-08-03 07:00:00
6451.0,1628060400.0,sandy,2021,-0.0692657234033419,-0.0052659499976221,7.0,3.0,ET0,5,0.0,30.32,8.239496207860649,4.71830645976308,4.649040736359738,0.0,,,2021-08-04 07:00:00
6452.0,1628146800.0,sandy,2021,0.0481769437863824,-0.0052659499976221,7.0,3.0,ET0,5,34.07,30.32,4.198759507591638,4.71830645976308,4.766483403549462,0.0,,,2021-08-05 07:00:00
6453.0,1628233200.0,sandy,2021,-0.7289214108819788,0.0481769437863824,7.0,3.0,ET0,5,0.0,34.07,8.25634687060054,4.71830645976308,4.016299931928524,0.0,,,2021-08-06 07:00:00
6454.0,1628319600.0,sandy,2021,-0.448552622710117,0.0481769437863824,7.0,3.0,ET0,5,0.0,34.07,7.823891414052509,4.71830645976308,4.269753837052964,0.0,,,2021-08-07 07:00:00
6455.0,1628406000.0,sandy,2021,-0.1840658543445847,0.0481769437863824,7.0,3.0,ET0,5,0.0,34.07,6.805842568347599,4.71830645976308,4.534240605418495,0.0,,,2021-08-08 07:00:00
6456.0,1628492400.0,sandy,2021,0.0807633708828955,0.0481769437863824,7.0,3.0,ET0,5,0.0,34.07,8.235329351972808,4.71830645976308,4.799069830645975,0.0,,,2021-08-09 07:00:00
6457.0,1656054000.0,sandy,2022,-0.9310306804547832,0.0,7.0,3.0,ET0,5,0.0,0.0,5.717907755951627,4.71830645976308,3.869555934664173,0.0,,,2022-06-24 07:00:00
6458.0,1656140400.0,sandy,2022,-0.7085877116559035,0.0,7.0,3.0,ET0,5,0.0,0.0,9.203948870710636,4.71830645976308,4.0097187481071765,0.0,,,2022-06-25 07:00:00
6459.0,1656226800.0,sandy,2022,-0.4662184004477082,0.0,7.0,3.0,ET0,5,0.0,0.0,9.569797117975432,4.71830645976308,4.252088059315372,0.0,,,2022-06-26 07:00:00
6460.0,1656313200.0,sandy,2022,-0.2401594063456223,0.0,7.0,3.0,ET0,5,0.0,0.0,8.693094774412245,4.71830645976308,4.478147053417458,0.0,,,2022-06-27 07:00:00
6461.0,1656399600.0,sandy,2022,-0.0753181744709607,0.0,7.0,3.0,ET0,5,40.65,0.0,7.460713537351751,4.71830645976308,4.64298828529212,1.6,,,2022-06-28 07:00:00
6462.0,1656486000.0,sandy,2022,-1.1142531415192958,-0.0753181744709607,7.0,3.0,ET0,5,0.0,40.65,1.8323231735051733,4.71830645976308,3.722273908399128,0.0,,,2022-06-29 07:00:00
6463.0,1656572400.0,sandy,2022,-0.9325536191130892,-0.0753181744709607,7.0,3.0,ET0,5,0.0,40.65,6.425725286268609,4.71830645976308,3.785752840649991,0.0,,,2022-06-30 07:00:00
6464.0,1656658800.0,sandy,2022,-0.6855668204245753,-0.0753181744709607,7.0,3.0,ET0,5,0.0,40.65,8.481182130641368,4.71830645976308,4.032739639338505,0.0,,,2022-07-01 07:00:00
6465.0,1656745200.0,sandy,2022,-0.393719922384252,-0.0753181744709607,7.0,3.0,ET0,5,0.0,40.65,9.684100900879589,4.71830645976308,4.324586537378829,0.0,,,2022-07-02 07:00:00
6466.0,1656831600.0,sandy,2022,-0.178044045111521,-0.0753181744709607,7.0,3.0,ET0,5,34.3,40.65,7.875822878948619,4.71830645976308,4.54026241465156,0.0,,,2022-07-03 07:00:00
6467.0,1656918000.0,sandy,2022,-0.8880530833586779,-0.178044045111521,7.0,3.0,ET0,5,0.0,34.3,8.846129638751195,4.71830645976308,3.868480273353995,0.0,,,2022-07-04 07:00:00
6468.0,1657004400.0,sandy,2022,-0.6378855404521955,-0.178044045111521,7.0,3.0,ET0,5,0.0,34.3,8.353871892123982,4.71830645976308,4.0804209193108845,0.0,,,2022-07-05 07:00:00
6469.0,1657090800.0,sandy,2022,-0.3959886920465122,-0.178044045111521,7.0,3.0,ET0,5,0.0,34.3,8.10868026961472,4.71830645976308,4.322317767716568,0.0,,,2022-07-06 07:00:00
6470.0,1657177200.0,sandy,2022,-0.2338599507630715,-0.178044045111521,7.0,3.0,ET0,5,0.0,34.3,5.27960920736311,4.71830645976308,4.4844465090000085,11.6,,,2022-07-07 07:00:00
6471.0,1657263600.0,sandy,2022,-0.1293832655096309,-0.178044045111521,7.0,3.0,ET0,5,37.86,34.3,7.275206390354677,4.71830645976308,4.588923194253449,0.0,,,2022-07-08 07:00:00
6472.0,1657350000.0,sandy,2022,-1.0976416029965703,-0.1293832655096309,7.0,3.0,ET0,5,0.0,37.86,7.121172904786319,4.71830645976308,3.716595474484932,0.0,,,2022-07-09 07:00:00
6473.0,1657436400.0,sandy,2022,-0.8640187184481574,-0.1293832655096309,7.0,3.0,ET0,5,0.0,37.86,7.612583271961939,4.71830645976308,3.854287741314923,0.0,,,2022-07-10 07:00:00
6474.0,1657522800.0,sandy,2022,-0.5734917489730194,-0.1293832655096309,7.0,3.0,ET0,5,0.0,37.86,8.472336750464112,4.71830645976308,4.144814710790061,0.0,,,2022-07-11 07:00:00
6475.0,1657609200.0,sandy,2022,-0.3193491249280505,-0.1293832655096309,7.0,3.0,ET0,5,0.0,37.86,7.487993037508327,4.71830645976308,4.39895733483503,0.0,,,2022-07-12 07:00:00
6476.0,1657695600.0,sandy,2022,-0.1523976139074482,-0.1293832655096309,7.0,3.0,ET0,5,36.13,37.86,5.439558555641069,4.71830645976308,4.565908845855632,0.0,,,2022-07-13 07:00:00
6477.0,1657782000.0,sandy,2022,-0.9266953363065517,-0.1523976139074482,7.0,3.0,ET0,5,0.0,36.13,8.254676604732598,4.71830645976308,3.8443463822047175,0.0,,,2022-07-14 07:00:00
6478.0,1657868400.0,sandy,2022,-0.6052950274813116,-0.1523976139074482,7.0,3.0,ET0,5,0.0,36.13,9.447916516172471,4.71830645976308,4.113011432281769,0.0,,,2022-07-15 07:00:00
6479.0,1657954800.0,sandy,2022,-0.2936115354785654,-0.1523976139074482,7.0,3.0,ET0,5,0.0,36.13,8.968687582898376,4.71830645976308,4.424694924284514,0.0,,,2022-07-16 07:00:00
6480.0,1658041200.0,sandy,2022,-0.058694106397364,-0.1523976139074482,7.0,3.0,ET0,5,0.0,36.13,7.701644419417017,4.71830645976308,4.659612353365716,0.0,,,2022-07-17 07:00:00
6481.0,1658127600.0,sandy,2022,0.1225663673577572,-0.1523976139074482,7.0,3.0,ET0,5,41.61,36.13,7.236620092977568,4.71830645976308,4.840872827120838,0.0,,,2022-07-18 07:00:00
6482.0,1658214000.0,sandy,2022,-0.8843623657974952,0.1225663673577572,7.0,3.0,ET0,5,0.0,41.61,7.976539558735554,4.71830645976308,3.913573689453135,0.0,,,2022-07-19 07:00:00
6483.0,1658300400.0,sandy,2022,-0.5780626059713974,0.1225663673577572,7.0,3.0,ET0,5,0.0,41.61,9.031637030513592,4.71830645976308,4.140243853791683,0.0,,,2022-07-20 07:00:00
6484.0,1658386800.0,sandy,2022,-0.2755987116067118,0.1225663673577572,7.0,3.0,ET0,5,0.0,41.61,8.523521442036436,4.71830645976308,4.442707748156368,0.0,,,2022-07-21 07:00:00
6485.0,1687590000.0,sandy,2023,-1.140692062279521,0.0,7.0,3.0,ET0,5,0.0,0.0,6.3387606045021405,4.71830645976308,3.659596466419238,0.0,,,2023-06-24 07:00:00
6486.0,1687676400.0,sandy,2023,-0.9488720986737456,0.0,7.0,3.0,ET0,5,0.0,0.0,7.077332335884068,4.71830645976308,3.7694343610893344,0.0,,,2023-06-25 07:00:00
6487.0,1687762800.0,sandy,2023,-0.7637594777183139,0.0,7.0,3.0,ET0,5,0.0,0.0,6.229180911248416,4.71830645976308,3.954546982044768,0.0,,,2023-06-26 07:00:00
6488.0,1687849200.0,sandy,2023,-0.5357906355553098,0.0,7.0,3.0,ET0,5,0.0,0.0,7.717627618312005,4.71830645976308,4.18251582420777,0.0,,,2023-06-27 07:00:00
6489.0,1687935600.0,sandy,2023,-0.3127562463786053,0.0,7.0,3.0,ET0,5,35.55,0.0,8.190146658736474,4.71830645976308,4.405550213384475,0.0,,,2023-06-28 07:00:00
6490.0,1688022000.0,sandy,2023,-1.1602713588496685,-0.3127562463786053,7.0,3.0,ET0,5,0.0,35.55,2.6534944981591777,4.71830645976308,3.635981501611037,0.0,,,2023-06-29 07:00:00
6491.0,1688108400.0,sandy,2023,-0.933296981221152,-0.3127562463786053,7.0,3.0,ET0,5,0.0,35.55,7.811921140444205,4.71830645976308,3.785009478541928,0.0,,,2023-06-30 07:00:00
6492.0,1688194800.0,sandy,2023,-0.8331854888016461,-0.3127562463786053,7.0,3.0,ET0,5,0.0,35.55,2.989408376370308,4.71830645976308,3.885120970961434,0.0,,,2023-07-01 07:00:00
6493.0,1688281200.0,sandy,2023,-0.7084079348367031,-0.3127562463786053,7.0,3.0,ET0,5,0.0,35.55,3.628606534620321,4.71830645976308,4.009898524926377,0.0,,,2023-07-02 07:00:00
6494.0,1688367600.0,sandy,2023,-0.5118024236358112,-0.3127562463786053,7.0,3.0,ET0,5,22.99,35.55,5.9091258835011,4.71830645976308,4.206504036127269,0.0,,,2023-07-03 07:00:00
6495.0,1688454000.0,sandy,2023,-0.92107788932404,-0.5118024236358112,7.0,3.0,ET0,5,0.0,22.99,6.621532339824514,4.71830645976308,3.8036078008385954,0.0,,,2023-07-04 07:00:00
6496.0,1688540400.0,sandy,2023,-0.7218013655985672,-0.5118024236358112,7.0,3.0,ET0,5,0.0,22.99,6.395412175418061,4.71830645976308,3.996505094164513,0.0,,,2023-07-05 07:00:00
6497.0,1688626800.0,sandy,2023,-0.4830907465913087,-0.5118024236358112,7.0,3.0,ET0,5,0.0,22.99,7.492344925936937,4.71830645976308,4.235215713171772,5.0,,,2023-07-06 07:00:00
6498.0,1688713200.0,sandy,2023,-0.4149363886751177,-0.5118024236358112,7.0,3.0,ET0,5,0.0,22.99,3.3788724562330463,4.71830645976308,4.303370071087962,0.0,,,2023-07-07 07:00:00
6499.0,1688799600.0,sandy,2023,-0.2472417023371445,-0.5118024236358112,7.0,3.0,ET0,5,30.41,22.99,6.518921569415171,4.71830645976308,4.471064757425936,0.0,,,2023-07-08 07:00:00
6500.0,1688886000.0,sandy,2023,-0.9149295479346212,-0.2472417023371445,7.0,3.0,ET0,5,0.0,30.41,7.0675670514600375,4.71830645976308,3.831263110018192,0.0,,,2023-07-09 07:00:00
6501.0,1688972400.0,sandy,2023,-0.6925165542195006,-0.2472417023371445,7.0,3.0,ET0,5,0.0,30.41,6.961944041187434,4.71830645976308,4.025789905543579,0.0,,,2023-07-10 07:00:00
6502.0,1689058800.0,sandy,2023,-0.4365519527196685,-0.2472417023371445,7.0,3.0,ET0,5,0.0,30.41,7.523781176422247,4.71830645976308,4.281754507043412,0.0,,,2023-07-11 07:00:00
6503.0,1689145200.0,sandy,2023,-0.1913599017406038,-0.2472417023371445,7.0,3.0,ET0,5,0.0,30.41,7.806608352298979,4.71830645976308,4.526946558022477,0.0,,,2023-07-12 07:00:00
6504.0,1689231600.0,sandy,2023,0.0048603199206491,-0.2472417023371445,7.0,3.0,ET0,5,37.07,30.41,7.714035948667738,4.71830645976308,4.723166779683729,22.8,,,2023-07-13 07:00:00
6505.0,1689318000.0,sandy,2023,-1.4312483855786804,0.0048603199206491,7.0,3.0,ET0,5,0.0,37.07,2.9961159428327533,4.71830645976308,3.448453094930012,0.0,,,2023-07-14 07:00:00
6506.0,1689404400.0,sandy,2023,-1.2367142524987125,0.0048603199206491,7.0,3.0,ET0,5,0.0,37.07,5.390782029334142,4.71830645976308,3.481592207264368,0.0,,,2023-07-15 07:00:00
6507.0,1689490800.0,sandy,2023,-0.9515835909114924,0.0048603199206491,7.0,3.0,ET0,5,0.0,37.07,7.109056997180415,4.71830645976308,3.766722868851588,0.0,,,2023-07-16 07:00:00
6508.0,1689577200.0,sandy,2023,-0.6823582333524232,0.0048603199206491,7.0,3.0,ET0,5,0.0,37.07,6.608581357186508,4.71830645976308,4.035948226410657,0.0,,,2023-07-17 07:00:00
6509.0,1689663600.0,sandy,2023,-0.3865303446349469,0.0048603199206491,7.0,3.0,ET0,5,29.6,37.07,7.500311698248804,4.71830645976308,4.331776115128133,0.0,,,2023-07-18 07:00:00
6510.0,1689750000.0,sandy,2023,-0.9814742309409652,-0.3865303446349469,7.0,3.0,ET0,5,0.0,29.6,7.063404491828016,4.71830645976308,3.762098836778199,0.0,,,2023-07-19 07:00:00
6511.0,1689836400.0,sandy,2023,-0.6895672268068843,-0.3865303446349469,7.0,3.0,ET0,5,0.0,29.6,7.949048805371062,4.71830645976308,4.028739232956196,0.0,,,2023-07-20 07:00:00
6512.0,1689922800.0,sandy,2023,-0.4554430875382253,-0.3865303446349469,7.0,3.0,ET0,5,0.0,29.6,6.202164075023188,4.71830645976308,4.262863372224855,0.0,,,2023-07-21 07:00:00
6513.0,1719212400.0,sandy,2024,-1.5143026099694323,0.0,7.0,3.0,ET0,5,0.0,0.0,1.5856569477409397,4.71830645976308,3.4322490629318083,5.8,,,2024-06-24 07:00:00
6514.0,1719298800.0,sandy,2024,-1.5041198898140775,0.0,7.0,3.0,ET0,5,0.0,0.0,1.643019943771474,4.71830645976308,3.254141521774357,12.6,,,2024-06-25 07:00:00
6515.0,1719385200.0,sandy,2024,-1.5667586301346903,0.0,7.0,3.0,ET0,5,0.0,0.0,3.7360647761286776,4.71830645976308,3.182630481802092,1.0,,,2024-06-26 07:00:00
6516.0,1719471600.0,sandy,2024,-1.4698591790246918,0.0,7.0,3.0,ET0,5,0.0,0.0,3.283058105037508,4.71830645976308,3.2484472807383886,0.0,,,2024-06-27 07:00:00
6517.0,1719558000.0,sandy,2024,-1.2121134964799112,0.0,7.0,3.0,ET0,5,18.35,0.0,8.105450401178516,4.71830645976308,3.506192963283169,0.0,,,2024-06-28 07:00:00
6518.0,1719644400.0,sandy,2024,-1.4258238833004648,-1.2121134964799112,7.0,3.0,ET0,5,0.0,18.35,6.855392222915658,4.71830645976308,3.3126179770131765,0.0,,,2024-06-29 07:00:00
6519.0,1719730800.0,sandy,2024,-1.211455067269777,-1.2121134964799112,7.0,3.0,ET0,5,0.0,18.35,6.275478723242181,4.71830645976308,3.506851392493304,0.0,,,2024-06-30 07:00:00
6520.0,1719817200.0,sandy,2024,-0.917913085399196,-1.2121134964799112,7.0,3.0,ET0,5,0.0,18.35,9.008052630760128,4.71830645976308,3.800393374363885,0.0,,,2024-07-01 07:00:00
6521.0,1719903600.0,sandy,2024,-0.6988945470666855,-1.2121134964799112,7.0,3.0,ET0,5,0.0,18.35,6.40343719338403,4.71830645976308,4.019411912696395,0.0,,,2024-07-02 07:00:00
6522.0,1719990000.0,sandy,2024,-0.4818036677309016,-1.2121134964799112,7.0,3.0,ET0,5,35.37,18.35,6.828302846826217,4.71830645976308,4.236502792032178,0.0,,,2024-07-03 07:00:00
6523.0,1720076400.0,sandy,2024,-1.28794779585714,-0.4818036677309016,7.0,3.0,ET0,5,0.0,35.37,3.501203041998366,4.71830645976308,3.5116037044689388,0.0,,,2024-07-04 07:00:00
6524.0,1720162800.0,sandy,2024,-1.125447129757836,-0.4818036677309016,7.0,3.0,ET0,5,0.0,35.37,4.110755932356144,4.71830645976308,3.5928593300052443,0.0,,,2024-07-05 07:00:00
6525.0,1720249200.0,sandy,2024,-0.8616521841941392,-0.4818036677309016,7.0,3.0,ET0,5,0.0,35.37,7.570021332731803,4.71830645976308,3.856654275568941,0.0,,,2024-07-06 07:00:00
6526.0,1720335600.0,sandy,2024,-0.579529816712444,-0.4818036677309016,7.0,3.0,ET0,5,0.0,35.37,8.236770338981968,4.71830645976308,4.138776643050636,0.0,,,2024-07-07 07:00:00
6527.0,1720422000.0,sandy,2024,-0.4532838857351385,-0.4818036677309016,7.0,3.0,ET0,5,26.99,35.37,3.5751601774979624,4.71830645976308,4.265022574027942,0.0,,,2024-07-08 07:00:00
6528.0,1720508400.0,sandy,2024,-0.992199515809164,-0.4532838857351385,7.0,3.0,ET0,5,0.0,26.99,6.021523561190189,4.71830645976308,3.742959746692043,1.0,,,2024-07-09 07:00:00
6529.0,1720594800.0,sandy,2024,-0.7846174070501291,-0.4532838857351385,7.0,3.0,ET0,5,0.0,26.99,6.408995121084742,4.71830645976308,3.933689052712951,0.0,,,2024-07-10 07:00:00
6530.0,1720681200.0,sandy,2024,-0.5329662032779511,-0.4532838857351385,7.0,3.0,ET0,5,0.0,26.99,7.100145056634385,4.71830645976308,4.185340256485129,0.0,,,2024-07-11 07:00:00
6531.0,1720767600.0,sandy,2024,-0.2538152952267178,-0.4532838857351385,7.0,3.0,ET0,5,0.0,26.99,8.417233027045325,4.71830645976308,4.464491164536362,0.0,,,2024-07-12 07:00:00
6532.0,1720854000.0,sandy,2024,-0.0032350777958469,-0.4532838857351385,7.0,3.0,ET0,5,37.43,26.99,9.478835789843243,4.71830645976308,4.715071381967233,0.0,,,2024-07-13 07:00:00
6533.0,1720940400.0,sandy,2024,-0.8722788844106995,-0.0032350777958469,7.0,3.0,ET0,5,0.0,37.43,8.65408688020589,4.71830645976308,3.8941349606074,0.0,,,2024-07-14 07:00:00
6534.0,1721026800.0,sandy,2024,-0.6059461980218318,-0.0032350777958469,7.0,3.0,ET0,5,0.0,37.43,8.038553013013921,4.71830645976308,4.112360261741248,0.0,,,2024-07-15 07:00:00
6535.0,1721113200.0,sandy,2024,-0.3247415723131304,-0.0032350777958469,7.0,3.0,ET0,5,0.0,37.43,8.079175888672749,4.71830645976308,4.3935648874499496,0.0,,,2024-07-16 07:00:00
6536.0,1721199600.0,sandy,2024,-0.0216255544040638,-0.0032350777958469,7.0,3.0,ET0,5,0.0,37.43,9.89638188136864,4.71830645976308,4.696680905359016,0.0,,,2024-07-17 07:00:00
6537.0,1721286000.0,sandy,2024,0.188976782863163,-0.0032350777958469,7.0,3.0,ET0,5,43.52,37.43,8.856197692783795,4.71830645976308,4.907283242626243,0.0,,,2024-07-18 07:00:00
6538.0,1721372400.0,sandy,2024,-0.8861020782054939,0.188976782863163,7.0,3.0,ET0,5,0.0,43.52,8.59349226880255,4.71830645976308,3.920154769885588,0.0,,,2024-07-19 07:00:00
6539.0,1721458800.0,sandy,2024,-0.6703023479658775,0.188976782863163,7.0,3.0,ET0,5,0.0,43.52,6.5994601364997925,4.71830645976308,4.048004111797202,0.0,,,2024-07-20 07:00:00
6540.0,1721545200.0,sandy,2024,-0.447484481792231,0.188976782863163,7.0,3.0,ET0,5,0.0,43.52,6.35886520949269,4.71830645976308,4.270821977970849,0.0,,,2024-07-21 07:00:00
6541.0,1626073200.0,silty,2021,-0.101030788517728,0.0,10.0,3.0,ET0,5,0.0,0.0,8.171899400888595,4.71830645976308,4.710198255019911,0.0,,,2021-07-12 07:00:00
6542.0,1626159600.0,silty,2021,-0.1361217543160498,0.0,10.0,3.0,ET0,5,0.0,0.0,7.307248568315713,4.71830645976308,4.589877991180494,49.2,,,2021-07-13 07:00:00
6543.0,1626246000.0,silty,2021,-1.0014876752096715,0.0,10.0,3.0,ET0,5,0.0,0.0,3.7200181370317593,4.71830645976308,3.801837872960924,0.0,,,2021-07-14 07:00:00
6544.0,1626332400.0,silty,2021,-0.7659089285500023,0.0,10.0,3.0,ET0,5,0.0,0.0,6.588938290136868,4.71830645976308,3.952397531213078,0.0,,,2021-07-15 07:00:00
6545.0,1626418800.0,silty,2021,-0.5945882827254089,0.0,10.0,3.0,ET0,5,30.0,0.0,4.2070949143533625,4.71830645976308,4.123718177037671,10.8,,,2021-07-16 07:00:00
6546.0,1626505200.0,silty,2021,-1.358276628264638,-0.5945882827254089,10.0,3.0,ET0,5,0.0,30.0,1.7206288405645938,4.71830645976308,3.620709899107633,0.8,,,2021-07-17 07:00:00
6547.0,1626591600.0,silty,2021,-1.3963634417213104,-0.5945882827254089,10.0,3.0,ET0,5,0.0,30.0,2.339819333016992,4.71830645976308,3.427527396066852,0.0,,,2021-07-18 07:00:00
6548.0,1626678000.0,silty,2021,-1.1197900224698756,-0.5945882827254089,10.0,3.0,ET0,5,0.0,30.0,5.542148180411579,4.71830645976308,3.598516437293205,0.0,,,2021-07-19 07:00:00
6549.0,1626764400.0,silty,2021,-0.8410852916433755,-0.5945882827254089,10.0,3.0,ET0,5,0.0,30.0,6.336708517861463,4.71830645976308,3.877221168119705,0.0,,,2021-07-20 07:00:00
6550.0,1626850800.0,silty,2021,-0.5138672350588831,-0.5945882827254089,10.0,3.0,ET0,5,23.66,30.0,7.723088615724408,4.71830645976308,4.204439224704197,0.0,,,2021-07-21 07:00:00
6551.0,1626937200.0,silty,2021,-0.6873981626237123,-0.5138672350588831,10.0,3.0,ET0,5,0.0,23.66,6.384988487195638,4.71830645976308,4.098545217278225,0.0,,,2021-07-22 07:00:00
6552.0,1627023600.0,silty,2021,-0.5956965719675146,-0.5138672350588831,10.0,3.0,ET0,5,0.0,23.66,6.724001721462045,4.71830645976308,4.123522283230477,0.0,,,2021-07-23 07:00:00
6553.0,1627110000.0,silty,2021,-0.3599150816500474,-0.5138672350588831,10.0,3.0,ET0,5,0.0,23.66,6.639604206034317,4.71830645976308,4.358391378113033,0.0,,,2021-07-24 07:00:00
6554.0,1627196400.0,silty,2021,-0.1441529890620959,-0.5138672350588831,10.0,3.0,ET0,5,0.0,23.66,6.068344799075018,4.71830645976308,4.574153470700984,0.0,,,2021-07-25 07:00:00
6555.0,1627282800.0,silty,2021,-0.007365590785791,-0.5138672350588831,10.0,3.0,ET0,5,29.56,23.66,3.7441148307248353,4.71830645976308,4.710940868977289,0.0,,,2021-07-26 07:00:00
6556.0,1627369200.0,silty,2021,-0.4032396723376744,-0.007365590785791,10.0,3.0,ET0,5,0.0,29.56,5.25782491390273,4.71830645976308,4.399830396291878,1.0,,,2021-07-27 07:00:00
6557.0,1627455600.0,silty,2021,-0.4888168251058443,-0.007365590785791,10.0,3.0,ET0,5,0.0,29.56,4.067188753317478,4.71830645976308,4.242343294319539,0.0,,,2021-07-28 07:00:00
6558.0,1627542000.0,silty,2021,-0.2955627890485885,-0.007365590785791,10.0,3.0,ET0,5,0.0,29.56,5.501441403272102,4.71830645976308,4.422743670714492,0.0,,,2021-07-29 07:00:00
6559.0,1627628400.0,silty,2021,-0.0226163811004812,-0.007365590785791,10.0,3.0,ET0,5,0.0,29.56,7.363960029273559,4.71830645976308,4.695690078662599,0.0,,,2021-07-30 07:00:00
6560.0,1627714800.0,silty,2021,0.2571385550917381,-0.007365590785791,10.0,3.0,ET0,5,30.32,29.56,8.127164249908118,4.71830645976308,4.975445014854818,0.0,,,2021-07-31 07:00:00
6561.0,1627801200.0,silty,2021,-0.2101373532510539,0.2571385550917381,10.0,3.0,ET0,5,0.0,30.32,7.011084171391055,4.71830645976308,4.632094086512471,9.0,,,2021-08-01 07:00:00
6562.0,1627887600.0,silty,2021,-0.2694478607245475,0.2571385550917381,10.0,3.0,ET0,5,0.0,30.32,7.304828236834061,4.71830645976308,4.458032244407891,0.0,,,2021-08-02 07:00:00
6563.0,1627974000.0,silty,2021,-0.0532298473778073,0.2571385550917381,10.0,3.0,ET0,5,0.0,30.32,7.320018177389831,4.71830645976308,4.665076612385273,0.0,,,2021-08-03 07:00:00
6564.0,1628060400.0,silty,2021,0.2150217028209129,0.2571385550917381,10.0,3.0,ET0,5,0.0,30.32,8.239496207860649,4.71830645976308,4.933328162583993,0.0,,,2021-08-04 07:00:00
6565.0,1628146800.0,silty,2021,0.3475301142625308,0.2571385550917381,10.0,3.0,ET0,5,34.07,30.32,4.198759507591638,4.71830645976308,5.065836574025611,0.0,,,2021-08-05 07:00:00
6566.0,1628233200.0,silty,2021,-0.0992896307584865,0.3475301142625308,10.0,3.0,ET0,5,0.0,34.07,8.25634687060054,4.71830645976308,4.70894202073513,0.0,,,2021-08-06 07:00:00
6567.0,1628319600.0,silty,2021,-0.1271096783923889,0.3475301142625308,10.0,3.0,ET0,5,0.0,34.07,7.823891414052509,4.71830645976308,4.601572931716232,0.0,,,2021-08-07 07:00:00
6568.0,1628406000.0,silty,2021,0.0736690966456509,0.3475301142625308,10.0,3.0,ET0,5,0.0,34.07,6.805842568347599,4.71830645976308,4.791975556408731,0.0,,,2021-08-08 07:00:00
6569.0,1628492400.0,silty,2021,0.3318196216419347,0.3475301142625308,10.0,3.0,ET0,5,0.0,34.07,8.235329351972808,4.71830645976308,5.050126081405015,0.0,,,2021-08-09 07:00:00
6570.0,1656054000.0,silty,2022,-0.7202232296381661,0.0,10.0,3.0,ET0,5,0.0,0.0,5.717907755951627,4.71830645976308,4.170662110517763,0.0,,,2022-06-24 07:00:00
6571.0,1656140400.0,silty,2022,-0.6377147499585037,0.0,10.0,3.0,ET0,5,0.0,0.0,9.203948870710636,4.71830645976308,4.103533522719131,0.0,,,2022-06-25 07:00:00
6572.0,1656226800.0,silty,2022,-0.4008980984983258,0.0,10.0,3.0,ET0,5,0.0,0.0,9.569797117975432,4.71830645976308,4.3174083612647545,0.0,,,2022-06-26 07:00:00
6573.0,1656313200.0,silty,2022,-0.1897247641399307,0.0,10.0,3.0,ET0,5,0.0,0.0,8.693094774412245,4.71830645976308,4.528581695623149,0.0,,,2022-06-27 07:00:00
6574.0,1656399600.0,silty,2022,-0.0156188151292421,0.0,10.0,3.0,ET0,5,40.65,0.0,7.460713537351751,4.71830645976308,4.702687644633838,1.6,,,2022-06-28 07:00:00
6575.0,1656486000.0,silty,2022,-0.7420844742305863,-0.0156188151292421,10.0,3.0,ET0,5,0.0,40.65,1.8323231735051733,4.71830645976308,4.1927938891626,0.0,,,2022-06-29 07:00:00
6576.0,1656572400.0,silty,2022,-0.8184234059922117,-0.0156188151292421,10.0,3.0,ET0,5,0.0,40.65,6.425725286268609,4.71830645976308,3.982631056843462,0.0,,,2022-06-30 07:00:00
6577.0,1656658800.0,silty,2022,-0.579951893484784,-0.0156188151292421,10.0,3.0,ET0,5,0.0,40.65,8.481182130641368,4.71830645976308,4.138354566278296,0.0,,,2022-07-01 07:00:00
6578.0,1656745200.0,silty,2022,-0.3216529884673813,-0.0156188151292421,10.0,3.0,ET0,5,0.0,40.65,9.684100900879589,4.71830645976308,4.396653471295699,0.0,,,2022-07-02 07:00:00
6579.0,1656831600.0,silty,2022,-0.1104222755315698,-0.0156188151292421,10.0,3.0,ET0,5,34.3,40.65,7.875822878948619,4.71830645976308,4.60788418423151,0.0,,,2022-07-03 07:00:00
6580.0,1656918000.0,silty,2022,-0.512249491716539,-0.1104222755315698,10.0,3.0,ET0,5,0.0,34.3,8.846129638751195,4.71830645976308,4.319900925231266,0.0,,,2022-07-04 07:00:00
6581.0,1657004400.0,silty,2022,-0.5162676401524818,-0.1104222755315698,10.0,3.0,ET0,5,0.0,34.3,8.353871892123982,4.71830645976308,4.222416339487122,0.0,,,2022-07-05 07:00:00
6582.0,1657090800.0,silty,2022,-0.3024122613220404,-0.1104222755315698,10.0,3.0,ET0,5,0.0,34.3,8.10868026961472,4.71830645976308,4.41589419844104,0.0,,,2022-07-06 07:00:00
6583.0,1657177200.0,silty,2022,-0.1493986820549302,-0.1104222755315698,10.0,3.0,ET0,5,0.0,34.3,5.27960920736311,4.71830645976308,4.56890777770815,11.6,,,2022-07-07 07:00:00
6584.0,1657263600.0,silty,2022,-0.0099634358468291,-0.1104222755315698,10.0,3.0,ET0,5,37.86,34.3,7.275206390354677,4.71830645976308,4.708343023916251,0.0,,,2022-07-08 07:00:00
6585.0,1657350000.0,silty,2022,-0.6406353465603036,-0.0099634358468291,10.0,3.0,ET0,5,0.0,37.86,7.121172904786319,4.71830645976308,4.268250709387723,0.0,,,2022-07-09 07:00:00
6586.0,1657436400.0,silty,2022,-0.6774734073456566,-0.0099634358468291,10.0,3.0,ET0,5,0.0,37.86,7.612583271961939,4.71830645976308,4.094689839813637,0.0,,,2022-07-10 07:00:00
6587.0,1657522800.0,silty,2022,-0.4176576934178536,-0.0099634358468291,10.0,3.0,ET0,5,0.0,37.86,8.472336750464112,4.71830645976308,4.300648766345226,0.0,,,2022-07-11 07:00:00
6588.0,1657609200.0,silty,2022,-0.188507637345653,-0.0099634358468291,10.0,3.0,ET0,5,0.0,37.86,7.487993037508327,4.71830645976308,4.529798822417427,0.0,,,2022-07-12 07:00:00
6589.0,1657695600.0,silty,2022,-0.0155663115207906,-0.0099634358468291,10.0,3.0,ET0,5,36.13,37.86,5.439558555641069,4.71830645976308,4.70274014824229,0.0,,,2022-07-13 07:00:00
6590.0,1657782000.0,silty,2022,-0.4668344056731975,-0.0155663115207906,10.0,3.0,ET0,5,0.0,36.13,8.254676604732598,4.71830645976308,4.384014677852902,0.0,,,2022-07-14 07:00:00
6591.0,1657868400.0,silty,2022,-0.4342058177763119,-0.0155663115207906,10.0,3.0,ET0,5,0.0,36.13,9.447916516172471,4.71830645976308,4.307257096933602,0.0,,,2022-07-15 07:00:00
6592.0,1657954800.0,silty,2022,-0.1695270045224124,-0.0155663115207906,10.0,3.0,ET0,5,0.0,36.13,8.968687582898376,4.71830645976308,4.548779455240668,0.0,,,2022-07-16 07:00:00
6593.0,1658041200.0,silty,2022,0.0646265168383763,-0.0155663115207906,10.0,3.0,ET0,5,0.0,36.13,7.701644419417017,4.71830645976308,4.782932976601456,0.0,,,2022-07-17 07:00:00
6594.0,1658127600.0,silty,2022,0.2750854098947501,-0.0155663115207906,10.0,3.0,ET0,5,41.61,36.13,7.236620092977568,4.71830645976308,4.99339186965783,0.0,,,2022-07-18 07:00:00
6595.0,1658214000.0,silty,2022,-0.3352975954636324,0.2750854098947501,10.0,3.0,ET0,5,0.0,41.61,7.976539558735554,4.71830645976308,4.547606134386992,0.0,,,2022-07-19 07:00:00
6596.0,1658300400.0,silty,2022,-0.3815268355645791,0.2750854098947501,10.0,3.0,ET0,5,0.0,41.61,9.031637030513592,4.71830645976308,4.3813460738605015,0.0,,,2022-07-20 07:00:00
6597.0,1658386800.0,silty,2022,-0.1298724241079647,0.2750854098947501,10.0,3.0,ET0,5,0.0,41.61,8.523521442036436,4.71830645976308,4.588434035655116,0.0,,,2022-07-21 07:00:00
6598.0,1687590000.0,silty,2023,-0.8911979601235588,0.0,10.0,3.0,ET0,5,0.0,0.0,6.3387606045021405,4.71830645976308,3.992923293753264,0.0,,,2023-06-24 07:00:00
6599.0,1687676400.0,silty,2023,-0.8577476938000802,0.0,10.0,3.0,ET0,5,0.0,0.0,7.077332335884068,4.71830645976308,3.8914942792386937,0.0,,,2023-06-25 07:00:00
6600.0,1687762800.0,silty,2023,-0.680270362737249,0.0,10.0,3.0,ET0,5,0.0,0.0,6.229180911248416,4.71830645976308,4.038036097025832,0.0,,,2023-06-26 07:00:00
6601.0,1687849200.0,silty,2023,-0.4757457144900624,0.0,10.0,3.0,ET0,5,0.0,0.0,7.717627618312005,4.71830645976308,4.242560745273018,0.0,,,2023-06-27 07:00:00
6602.0,1687935600.0,silty,2023,-0.2648160971046173,0.0,10.0,3.0,ET0,5,35.55,0.0,8.190146658736474,4.71830645976308,4.453490362658463,0.0,,,2023-06-28 07:00:00
6603.0,1688022000.0,silty,2023,-0.8495154283259416,-0.2648160971046173,10.0,3.0,ET0,5,0.0,35.55,2.6534944981591777,4.71830645976308,4.029414837988065,0.0,,,2023-06-29 07:00:00
6604.0,1688108400.0,silty,2023,-0.8518302456617592,-0.2648160971046173,10.0,3.0,ET0,5,0.0,35.55,7.811921140444205,4.71830645976308,3.9121556402907696,0.0,,,2023-06-30 07:00:00
6605.0,1688194800.0,silty,2023,-0.7556342303696755,-0.2648160971046173,10.0,3.0,ET0,5,0.0,35.55,2.989408376370308,4.71830645976308,3.9626722293934047,0.0,,,2023-07-01 07:00:00
6606.0,1688281200.0,silty,2023,-0.6450173167097664,-0.2648160971046173,10.0,3.0,ET0,5,0.0,35.55,3.628606534620321,4.71830645976308,4.073289143053314,0.0,,,2023-07-02 07:00:00
6607.0,1688367600.0,silty,2023,-0.4677540047482878,-0.2648160971046173,10.0,3.0,ET0,5,22.99,35.55,5.9091258835011,4.71830645976308,4.250552455014793,0.0,,,2023-07-03 07:00:00
6608.0,1688454000.0,silty,2023,-0.679015146079692,-0.4677540047482878,10.0,3.0,ET0,5,0.0,22.99,6.621532339824514,4.71830645976308,4.108726642671924,0.0,,,2023-07-04 07:00:00
6609.0,1688540400.0,silty,2023,-0.6393425025299114,-0.4677540047482878,10.0,3.0,ET0,5,0.0,22.99,6.395412175418061,4.71830645976308,4.080657980899292,0.0,,,2023-07-05 07:00:00
6610.0,1688626800.0,silty,2023,-0.4219794286895776,-0.4677540047482878,10.0,3.0,ET0,5,0.0,22.99,7.492344925936937,4.71830645976308,4.296327031073503,5.0,,,2023-07-06 07:00:00
6611.0,1688713200.0,silty,2023,-0.3559967935620556,-0.4677540047482878,10.0,3.0,ET0,5,0.0,22.99,3.3788724562330463,4.71830645976308,4.362309666201025,0.0,,,2023-07-07 07:00:00
6612.0,1688799600.0,silty,2023,-0.1799284602980299,-0.4677540047482878,10.0,3.0,ET0,5,30.41,22.99,6.518921569415171,4.71830645976308,4.53837799946505,0.0,,,2023-07-08 07:00:00
6613.0,1688886000.0,silty,2023,-0.5544650125481401,-0.1799284602980299,10.0,3.0,ET0,5,0.0,30.41,7.0675670514600375,4.71830645976308,4.263933397810108,0.0,,,2023-07-09 07:00:00
6614.0,1688972400.0,silty,2023,-0.5546314285621228,-0.1799284602980299,10.0,3.0,ET0,5,0.0,30.41,6.961944041187434,4.71830645976308,4.175761037997323,0.0,,,2023-07-10 07:00:00
6615.0,1689058800.0,silty,2023,-0.3286646672333881,-0.1799284602980299,10.0,3.0,ET0,5,0.0,30.41,7.523781176422247,4.71830645976308,4.389641792529692,0.0,,,2023-07-11 07:00:00
6616.0,1689145200.0,silty,2023,-0.0911445756486614,-0.1799284602980299,10.0,3.0,ET0,5,0.0,30.41,7.806608352298979,4.71830645976308,4.627161884114419,0.0,,,2023-07-12 07:00:00
6617.0,1689231600.0,silty,2023,0.1325192093454489,-0.1799284602980299,10.0,3.0,ET0,5,37.07,30.41,7.714035948667738,4.71830645976308,4.850825669108529,22.8,,,2023-07-13 07:00:00
6618.0,1689318000.0,silty,2023,-0.9309197578797942,0.1325192093454489,10.0,3.0,ET0,5,0.0,37.07,2.9961159428327533,4.71830645976308,4.036870346212714,0.0,,,2023-07-14 07:00:00
6619.0,1689404400.0,silty,2023,-1.0113716002514082,0.1325192093454489,10.0,3.0,ET0,5,0.0,37.07,5.390782029334142,4.71830645976308,3.7987533035064094,0.0,,,2023-07-15 07:00:00
6620.0,1689490800.0,silty,2023,-0.7482832456332856,0.1325192093454489,10.0,3.0,ET0,5,0.0,37.07,7.109056997180415,4.71830645976308,3.970023214129794,0.0,,,2023-07-16 07:00:00
6621.0,1689577200.0,silty,2023,-0.5061001405686038,0.1325192093454489,10.0,3.0,ET0,5,0.0,37.07,6.608581357186508,4.71830645976308,4.212206319194476,0.0,,,2023-07-17 07:00:00
6622.0,1689663600.0,silty,2023,-0.2308764571092983,0.1325192093454489,10.0,3.0,ET0,5,29.6,37.07,7.500311698248804,4.71830645976308,4.487430002653782,0.0,,,2023-07-18 07:00:00
6623.0,1689750000.0,silty,2023,-0.5519899480517684,-0.2308764571092983,10.0,3.0,ET0,5,0.0,29.6,7.063404491828016,4.71830645976308,4.259907567025026,0.0,,,2023-07-19 07:00:00
6624.0,1689836400.0,silty,2023,-0.4886009340438828,-0.2308764571092983,10.0,3.0,ET0,5,0.0,29.6,7.949048805371062,4.71830645976308,4.238150648339464,0.0,,,2023-07-20 07:00:00
6625.0,1689922800.0,silty,2023,-0.2879457043445101,-0.2308764571092983,10.0,3.0,ET0,5,0.0,29.6,6.202164075023188,4.71830645976308,4.43036075541857,0.0,,,2023-07-21 07:00:00
6626.0,1719212400.0,silty,2024,-1.3332681901541792,0.0,10.0,3.0,ET0,5,0.0,0.0,1.5856569477409397,4.71830645976308,3.702953797818156,5.8,,,2024-06-24 07:00:00
6627.0,1719298800.0,silty,2024,-1.4645292539324903,0.0,10.0,3.0,ET0,5,0.0,0.0,1.643019943771474,4.71830645976308,3.425573296224045,12.6,,,2024-06-25 07:00:00
6628.0,1719385200.0,silty,2024,-1.5454588723662908,0.0,10.0,3.0,ET0,5,0.0,0.0,3.7360647761286776,4.71830645976308,3.2854653734291754,1.0,,,2024-06-26 07:00:00
6629.0,1719471600.0,silty,2024,-1.4411367160200297,0.0,10.0,3.0,ET0,5,0.0,0.0,3.283058105037508,4.71830645976308,3.2803241601485724,0.0,,,2024-06-27 07:00:00
6630.0,1719558000.0,silty,2024,-1.1793899733260378,0.0,10.0,3.0,ET0,5,18.35,0.0,8.105450401178516,4.71830645976308,3.5389164864370426,0.0,,,2024-06-28 07:00:00
6631.0,1719644400.0,silty,2024,-1.3030452339392926,-1.1793899733260378,10.0,3.0,ET0,5,0.0,18.35,6.855392222915658,4.71830645976308,3.504057953114704,0.0,,,2024-06-29 07:00:00
6632.0,1719730800.0,silty,2024,-1.188765214686732,-1.1793899733260378,10.0,3.0,ET0,5,0.0,18.35,6.275478723242181,4.71830645976308,3.5320369614976386,0.0,,,2024-06-30 07:00:00
6633.0,1719817200.0,silty,2024,-0.9119467503692924,-1.1793899733260378,10.0,3.0,ET0,5,0.0,18.35,9.008052630760128,4.71830645976308,3.806359709393788,0.0,,,2024-07-01 07:00:00
6634.0,1719903600.0,silty,2024,-0.7131946564808966,-1.1793899733260378,10.0,3.0,ET0,5,0.0,18.35,6.40343719338403,4.71830645976308,4.005111803282183,0.0,,,2024-07-02 07:00:00
6635.0,1719990000.0,silty,2024,-0.5055557576787725,-1.1793899733260378,10.0,3.0,ET0,5,35.37,18.35,6.828302846826217,4.71830645976308,4.212750702084308,0.0,,,2024-07-03 07:00:00
6636.0,1720076400.0,silty,2024,-1.0428040415233293,-0.5055557576787725,10.0,3.0,ET0,5,0.0,35.37,3.501203041998366,4.71830645976308,3.8362793834425792,0.0,,,2024-07-04 07:00:00
6637.0,1720162800.0,silty,2024,-1.1028506949938126,-0.5055557576787725,10.0,3.0,ET0,5,0.0,35.37,4.110755932356144,4.71830645976308,3.6790039817686777,0.0,,,2024-07-05 07:00:00
6638.0,1720249200.0,silty,2024,-0.8471406541270504,-0.5055557576787725,10.0,3.0,ET0,5,0.0,35.37,7.570021332731803,4.71830645976308,3.87116580563603,0.0,,,2024-07-06 07:00:00
6639.0,1720335600.0,silty,2024,-0.5870270606161718,-0.5055557576787725,10.0,3.0,ET0,5,0.0,35.37,8.236770338981968,4.71830645976308,4.131279399146909,0.0,,,2024-07-07 07:00:00
6640.0,1720422000.0,silty,2024,-0.4666091244892544,-0.5055557576787725,10.0,3.0,ET0,5,26.99,35.37,3.5751601774979624,4.71830645976308,4.251697335273826,0.0,,,2024-07-08 07:00:00
6641.0,1720508400.0,silty,2024,-0.7612380523358067,-0.4666091244892544,10.0,3.0,ET0,5,0.0,26.99,6.021523561190189,4.71830645976308,4.045782971209633,1.0,,,2024-07-09 07:00:00
6642.0,1720594800.0,silty,2024,-0.7362339462625963,-0.4666091244892544,10.0,3.0,ET0,5,0.0,26.99,6.408995121084742,4.71830645976308,3.990677693319769,0.0,,,2024-07-10 07:00:00
6643.0,1720681200.0,silty,2024,-0.5042969180964509,-0.4666091244892544,10.0,3.0,ET0,5,0.0,26.99,7.100145056634385,4.71830645976308,4.21400954166663,0.0,,,2024-07-11 07:00:00
6644.0,1720767600.0,silty,2024,-0.2299841000318632,-0.4666091244892544,10.0,3.0,ET0,5,0.0,26.99,8.417233027045325,4.71830645976308,4.488322359731217,0.0,,,2024-07-12 07:00:00
6645.0,1720854000.0,silty,2024,0.071021974353966,-0.4666091244892544,10.0,3.0,ET0,5,37.43,26.99,9.478835789843243,4.71830645976308,4.789328434117047,0.0,,,2024-07-13 07:00:00
6646.0,1720940400.0,silty,2024,-0.4156141983564802,0.071021974353966,10.0,3.0,ET0,5,0.0,37.43,8.65408688020589,4.71830645976308,4.424643629291774,0.0,,,2024-07-14 07:00:00
6647.0,1721026800.0,silty,2024,-0.4456089123804412,0.071021974353966,10.0,3.0,ET0,5,0.0,37.43,8.038553013013921,4.71830645976308,4.298456926057911,0.0,,,2024-07-15 07:00:00
6648.0,1721113200.0,silty,2024,-0.2047220505984337,0.071021974353966,10.0,3.0,ET0,5,0.0,37.43,8.079175888672749,4.71830645976308,4.513584409164647,0.0,,,2024-07-16 07:00:00
6649.0,1721199600.0,silty,2024,0.1035617316839858,0.071021974353966,10.0,3.0,ET0,5,0.0,37.43,9.89638188136864,4.71830645976308,4.8218681914470665,0.0,,,2024-07-17 07:00:00
6650.0,1721286000.0,silty,2024,0.3472972455523299,0.071021974353966,10.0,3.0,ET0,5,43.52,37.43,8.856197692783795,4.71830645976308,5.06560370531541,0.0,,,2024-07-18 07:00:00
6651.0,1721372400.0,silty,2024,-0.3062519462079601,0.3472972455523299,10.0,3.0,ET0,5,0.0,43.52,8.59349226880255,4.71830645976308,4.589137406312994,0.0,,,2024-07-19 07:00:00
6652.0,1721458800.0,silty,2024,-0.4524358232985047,0.3472972455523299,10.0,3.0,ET0,5,0.0,43.52,6.5994601364997925,4.71830645976308,4.3293068786011935,0.0,,,2024-07-20 07:00:00
6653.0,1721545200.0,silty,2024,-0.2583739248225062,0.3472972455523299,10.0,3.0,ET0,5,0.0,43.52,6.35886520949269,4.71830645976308,4.459932534940574,0.0,,,2024-07-21 07:00:00
6654.0,1626073200.0,silty,2021,0.3306482264002303,0.0,40.0,12.0,SMARTER,7,0.0,0.0,8.171899400888595,4.71830645976308,5.04895468616331,0.0,,,2021-07-12 07:00:00
6655.0,1626159600.0,silty,2021,0.4892336919437809,0.0,40.0,12.0,SMARTER,7,0.0,0.0,7.307248568315713,4.71830645976308,5.207540151706861,49.2,,,2021-07-13 07:00:00
6656.0,1626246000.0,silty,2021,-0.3232128230042463,0.0,40.0,12.0,SMARTER,7,0.0,0.0,3.7200181370317593,4.71830645976308,4.39780171769948,0.0,,,2021-07-14 07:00:00
6657.0,1626332400.0,silty,2021,-0.2013422929121511,0.0,40.0,12.0,SMARTER,7,0.0,0.0,6.588938290136868,4.71830645976308,4.516964166850929,0.0,,,2021-07-15 07:00:00
6658.0,1626418800.0,silty,2021,-0.0870216099133217,0.0,40.0,12.0,SMARTER,7,0.0,0.0,4.2070949143533625,4.71830645976308,4.631284849849759,10.8,,,2021-07-16 07:00:00
6659.0,1626505200.0,silty,2021,-0.219135531844465,0.0,40.0,12.0,SMARTER,7,0.0,0.0,1.7206288405645938,4.71830645976308,4.499170927918615,0.8,,,2021-07-17 07:00:00
6660.0,1626591600.0,silty,2021,-0.1959828794486834,0.0,40.0,12.0,SMARTER,7,0.0,0.0,2.339819333016992,4.71830645976308,4.522323580314397,0.0,,,2021-07-18 07:00:00
6661.0,1626678000.0,silty,2021,-0.0037004332227625,-0.1959828794486834,40.0,12.0,SMARTER,7,0.0,0.0,5.542148180411579,4.71830645976308,4.714606026540317,0.0,,,2021-07-19 07:00:00
6662.0,1626764400.0,silty,2021,0.2183864496936692,-0.1959828794486834,40.0,12.0,SMARTER,7,0.0,0.0,6.336708517861463,4.71830645976308,4.93669290945675,0.0,,,2021-07-20 07:00:00
6663.0,1626850800.0,silty,2021,0.4431431913974532,-0.1959828794486834,40.0,12.0,SMARTER,7,0.0,0.0,7.723088615724408,4.71830645976308,5.161449651160534,0.0,,,2021-07-21 07:00:00
6664.0,1626937200.0,silty,2021,0.5977084112809339,-0.1959828794486834,40.0,12.0,SMARTER,7,0.0,0.0,6.384988487195638,4.71830645976308,5.316014871044014,0.0,,,2021-07-22 07:00:00
6665.0,1627023600.0,silty,2021,0.7359073284850466,-0.1959828794486834,40.0,12.0,SMARTER,7,0.0,0.0,6.724001721462045,4.71830645976308,5.454213788248127,0.0,,,2021-07-23 07:00:00
6666.0,1627110000.0,silty,2021,0.8490413244827562,-0.1959828794486834,40.0,12.0,SMARTER,7,0.0,0.0,6.639604206034317,4.71830645976308,5.567347784245836,0.0,,,2021-07-24 07:00:00
6667.0,1627196400.0,silty,2021,0.93540113562536,-0.1959828794486834,40.0,12.0,SMARTER,7,56.48017423046606,0.0,6.068344799075018,4.71830645976308,5.653707595388441,0.0,,,2021-07-25 07:00:00
6668.0,1627282800.0,silty,2021,0.0088939048926342,0.93540113562536,40.0,12.0,SMARTER,7,0.0,56.48017423046606,3.7441148307248353,4.71830645976308,4.9154543345405415,0.0,,,2021-07-26 07:00:00
6669.0,1627369200.0,silty,2021,-0.5052222297816849,0.93540113562536,40.0,12.0,SMARTER,7,0.0,56.48017423046606,5.25782491390273,4.71830645976308,4.341744474208689,1.0,,,2021-07-27 07:00:00
6670.0,1627455600.0,silty,2021,-0.4250375821676634,0.93540113562536,40.0,12.0,SMARTER,7,0.0,56.48017423046606,4.067188753317478,4.71830645976308,4.293627608532029,0.0,,,2021-07-28 07:00:00
6671.0,1627542000.0,silty,2021,-0.2194685086801857,0.93540113562536,40.0,12.0,SMARTER,7,0.0,56.48017423046606,5.501441403272102,4.71830645976308,4.498837951082894,0.0,,,2021-07-29 07:00:00
6672.0,1627628400.0,silty,2021,0.0587682941872626,0.93540113562536,40.0,12.0,SMARTER,7,0.0,56.48017423046606,7.363960029273559,4.71830645976308,4.777074753950343,0.0,,,2021-07-30 07:00:00
6673.0,1627714800.0,silty,2021,0.3405522599092777,0.93540113562536,40.0,12.0,SMARTER,7,0.0,56.48017423046606,8.127164249908118,4.71830645976308,5.058858719672358,0.0,,,2021-07-31 07:00:00
6674.0,1627801200.0,silty,2021,0.5297289663765296,0.93540113562536,40.0,12.0,SMARTER,7,46.6100350570312,56.48017423046606,7.011084171391055,4.71830645976308,5.24803542613961,9.0,,,2021-08-01 07:00:00
6675.0,1627887600.0,silty,2021,-0.2977440951902298,0.5297289663765296,40.0,12.0,SMARTER,7,0.0,46.6100350570312,7.304828236834061,4.71830645976308,4.636160162615982,0.0,,,2021-08-02 07:00:00
6676.0,1627974000.0,silty,2021,-0.5143896861825126,0.5297289663765296,40.0,12.0,SMARTER,7,0.0,46.6100350570312,7.320018177389831,4.71830645976308,4.294204284329235,0.0,,,2021-08-03 07:00:00
6677.0,1628060400.0,silty,2021,-0.2672734662653611,0.5297289663765296,40.0,12.0,SMARTER,7,0.0,46.6100350570312,8.239496207860649,4.71830645976308,4.451032993497719,0.0,,,2021-08-04 07:00:00
6678.0,1628146800.0,silty,2021,-0.1063560185215242,0.5297289663765296,40.0,12.0,SMARTER,7,0.0,46.6100350570312,4.198759507591638,4.71830645976308,4.611950441241556,0.0,,,2021-08-05 07:00:00
6679.0,1628233200.0,silty,2021,0.2017309582916507,0.5297289663765296,40.0,12.0,SMARTER,7,0.0,46.6100350570312,8.25634687060054,4.71830645976308,4.920037418054731,0.0,,,2021-08-06 07:00:00
6680.0,1628319600.0,silty,2021,0.438144944028959,0.5297289663765296,40.0,12.0,SMARTER,7,0.0,46.6100350570312,7.823891414052509,4.71830645976308,5.15645140379204,0.0,,,2021-08-07 07:00:00
6681.0,1628406000.0,silty,2021,0.5974736733016704,0.5297289663765296,40.0,12.0,SMARTER,7,56.48950741365688,46.6100350570312,6.805842568347599,4.71830645976308,5.315780133064751,0.0,,,2021-08-08 07:00:00
6682.0,1628492400.0,silty,2021,-0.1926358349611532,0.5974736733016704,40.0,12.0,SMARTER,7,0.0,56.48950741365688,8.235329351972808,4.71830645976308,4.73368989426936,0.0,,,2021-08-09 07:00:00
6683.0,1656054000.0,silty,2022,-0.2788604325414178,0.0,40.0,12.0,SMARTER,7,0.0,0.0,5.717907755951627,4.71830645976308,4.439466320129855,0.0,,,2022-06-24 07:00:00
6684.0,1656140400.0,silty,2022,-0.0739584526379522,0.0,40.0,12.0,SMARTER,7,0.0,0.0,9.203948870710636,4.71830645976308,4.644348007125128,0.0,,,2022-06-25 07:00:00
6685.0,1656226800.0,silty,2022,0.1319461742477244,0.0,40.0,12.0,SMARTER,7,0.0,0.0,9.569797117975432,4.71830645976308,4.850252634010805,0.0,,,2022-06-26 07:00:00
6686.0,1656313200.0,silty,2022,0.3034612139337153,0.0,40.0,12.0,SMARTER,7,0.0,0.0,8.693094774412245,4.71830645976308,5.021767673696796,0.0,,,2022-06-27 07:00:00
6687.0,1656399600.0,silty,2022,0.4226963138365975,0.0,40.0,12.0,SMARTER,7,0.0,0.0,7.460713537351751,4.71830645976308,5.141002773599678,1.6,,,2022-06-28 07:00:00
6688.0,1656486000.0,silty,2022,0.4534714406274182,0.0,40.0,12.0,SMARTER,7,0.0,0.0,1.8323231735051733,4.71830645976308,5.171777900390499,0.0,,,2022-06-29 07:00:00
6689.0,1656572400.0,silty,2022,0.5454304955962074,0.0,40.0,12.0,SMARTER,7,28.362385771002785,0.0,6.425725286268609,4.71830645976308,5.263736955359287,0.0,,,2022-06-30 07:00:00
6690.0,1656658800.0,silty,2022,0.1588641366967697,0.5454304955962074,40.0,12.0,SMARTER,7,0.0,28.362385771002785,8.481182130641368,4.71830645976308,4.92085561653611,0.0,,,2022-07-01 07:00:00
6691.0,1656745200.0,silty,2022,0.1367453498237537,0.5454304955962074,40.0,12.0,SMARTER,7,0.0,28.362385771002785,9.684100900879589,4.71830645976308,4.855051809586834,0.0,,,2022-07-02 07:00:00
6692.0,1656831600.0,silty,2022,0.2827368798057083,0.5454304955962074,40.0,12.0,SMARTER,7,0.0,28.362385771002785,7.875822878948619,4.71830645976308,5.001043339568788,0.0,,,2022-07-03 07:00:00
6693.0,1656918000.0,silty,2022,0.4540550221993765,0.5454304955962074,40.0,12.0,SMARTER,7,0.0,28.362385771002785,8.846129638751195,4.71830645976308,5.172361481962457,0.0,,,2022-07-04 07:00:00
6694.0,1657004400.0,silty,2022,0.5887263081218738,0.5454304955962074,40.0,12.0,SMARTER,7,0.0,28.362385771002785,8.353871892123982,4.71830645976308,5.307032767884954,0.0,,,2022-07-05 07:00:00
6695.0,1657090800.0,silty,2022,0.6942027280162457,0.5454304955962074,40.0,12.0,SMARTER,7,0.0,28.362385771002785,8.10868026961472,4.71830645976308,5.412509187779326,0.0,,,2022-07-06 07:00:00
6696.0,1657177200.0,silty,2022,0.7549655175496036,0.5454304955962074,40.0,12.0,SMARTER,7,45.80337285973388,28.362385771002785,5.27960920736311,4.71830645976308,5.473271977312684,11.6,,,2022-07-07 07:00:00
6697.0,1657263600.0,silty,2022,-0.1144134802688293,0.7549655175496036,40.0,12.0,SMARTER,7,0.0,45.80337285973388,7.275206390354677,4.71830645976308,4.793526627176714,0.0,,,2022-07-08 07:00:00
6698.0,1657350000.0,silty,2022,-0.36224539537696,0.7549655175496036,40.0,12.0,SMARTER,7,0.0,45.80337285973388,7.121172904786319,4.71830645976308,4.42860996192666,0.0,,,2022-07-09 07:00:00
6699.0,1657436400.0,silty,2022,-0.1679691004215338,0.7549655175496036,40.0,12.0,SMARTER,7,0.0,45.80337285973388,7.612583271961939,4.71830645976308,4.550337359341547,0.0,,,2022-07-10 07:00:00
6700.0,1657522800.0,silty,2022,0.0753992620552337,0.7549655175496036,40.0,12.0,SMARTER,7,0.0,45.80337285973388,8.472336750464112,4.71830645976308,4.793705721818314,0.0,,,2022-07-11 07:00:00
6701.0,1657609200.0,silty,2022,0.2834410396670827,0.7549655175496036,40.0,12.0,SMARTER,7,0.0,45.80337285973388,7.487993037508327,4.71830645976308,5.001747499430163,0.0,,,2022-07-12 07:00:00
6702.0,1657695600.0,silty,2022,0.4214626240673335,0.7549655175496036,40.0,12.0,SMARTER,7,0.0,45.80337285973388,5.439558555641069,4.71830645976308,5.139769083830414,0.0,,,2022-07-13 07:00:00
6703.0,1657782000.0,silty,2022,0.5846909666589803,0.7549655175496036,40.0,12.0,SMARTER,7,46.00868242401671,45.80337285973388,8.254676604732598,4.71830645976308,5.302997426422061,0.0,,,2022-07-14 07:00:00
6704.0,1657868400.0,silty,2022,-0.1158916735179497,0.5846909666589803,40.0,12.0,SMARTER,7,0.0,46.00868242401671,9.447916516172471,4.71830645976308,4.77456561719685,0.0,,,2022-07-15 07:00:00
6705.0,1657954800.0,silty,2022,-0.2680439803494073,0.5846909666589803,40.0,12.0,SMARTER,7,0.0,46.00868242401671,8.968687582898376,4.71830645976308,4.50940291586714,0.0,,,2022-07-16 07:00:00
6706.0,1658041200.0,silty,2022,-0.0633571558472078,0.5846909666589803,40.0,12.0,SMARTER,7,0.0,46.00868242401671,7.701644419417017,4.71830645976308,4.654949303915872,0.0,,,2022-07-17 07:00:00
6707.0,1658127600.0,silty,2022,0.1538143188168246,0.5846909666589803,40.0,12.0,SMARTER,7,0.0,46.00868242401671,7.236620092977568,4.71830645976308,4.872120778579905,0.0,,,2022-07-18 07:00:00
6708.0,1658214000.0,silty,2022,0.380330050933482,0.5846909666589803,40.0,12.0,SMARTER,7,0.0,46.00868242401671,7.976539558735554,4.71830645976308,5.098636510696562,0.0,,,2022-07-19 07:00:00
6709.0,1658300400.0,silty,2022,0.577033643455896,0.5846909666589803,40.0,12.0,SMARTER,7,0.0,46.00868242401671,9.031637030513592,4.71830645976308,5.295340103218976,0.0,,,2022-07-20 07:00:00
6710.0,1658386800.0,silty,2022,0.7175070018890193,0.5846909666589803,40.0,12.0,SMARTER,7,59.931407855886505,46.00868242401671,8.523521442036436,4.71830645976308,5.435813461652099,0.0,,,2022-07-21 07:00:00
6711.0,1687590000.0,silty,2023,-0.4524685625945971,0.0,40.0,12.0,SMARTER,7,0.0,0.0,6.3387606045021405,4.71830645976308,4.265837897168483,0.0,,,2023-06-24 07:00:00
6712.0,1687676400.0,silty,2023,-0.2887355392735605,0.0,40.0,12.0,SMARTER,7,0.0,0.0,7.077332335884068,4.71830645976308,4.429570920489519,0.0,,,2023-06-25 07:00:00
6713.0,1687762800.0,silty,2023,-0.1371745062246286,0.0,40.0,12.0,SMARTER,7,0.0,0.0,6.229180911248416,4.71830645976308,4.581131953538452,0.0,,,2023-06-26 07:00:00
6714.0,1687849200.0,silty,2023,0.041687053966818,0.0,40.0,12.0,SMARTER,7,0.0,0.0,7.717627618312005,4.71830645976308,4.759993513729898,0.0,,,2023-06-27 07:00:00
6715.0,1687935600.0,silty,2023,0.2101416656441712,0.0,40.0,12.0,SMARTER,7,0.0,0.0,8.190146658736474,4.71830645976308,4.928448125407251,0.0,,,2023-06-28 07:00:00
6716.0,1688022000.0,silty,2023,0.2581502733727324,0.0,40.0,12.0,SMARTER,7,0.0,0.0,2.6534944981591777,4.71830645976308,4.976456733135812,0.0,,,2023-06-29 07:00:00
6717.0,1688108400.0,silty,2023,0.3858213218449181,0.0,40.0,12.0,SMARTER,7,20.062708735935743,0.0,7.811921140444205,4.71830645976308,5.104127781607998,0.0,,,2023-06-30 07:00:00
6718.0,1688194800.0,silty,2023,0.079788216001999,0.3858213218449181,40.0,12.0,SMARTER,7,0.0,20.062708735935743,2.989408376370308,4.71830645976308,4.822392464508752,0.0,,,2023-07-01 07:00:00
6719.0,1688281200.0,silty,2023,0.0241761125500752,0.3858213218449181,40.0,12.0,SMARTER,7,0.0,20.062708735935743,3.628606534620321,4.71830645976308,4.742482572313156,0.0,,,2023-07-02 07:00:00
6720.0,1688367600.0,silty,2023,0.1491426245825966,0.3858213218449181,40.0,12.0,SMARTER,7,0.0,20.062708735935743,5.9091258835011,4.71830645976308,4.867449084345677,0.0,,,2023-07-03 07:00:00
6721.0,1688454000.0,silty,2023,0.2953308334244561,0.3858213218449181,40.0,12.0,SMARTER,7,0.0,20.062708735935743,6.621532339824514,4.71830645976308,5.013637293187537,0.0,,,2023-07-04 07:00:00
6722.0,1688540400.0,silty,2023,0.4182070469824088,0.3858213218449181,40.0,12.0,SMARTER,7,0.0,20.062708735935743,6.395412175418061,4.71830645976308,5.136513506745489,0.0,,,2023-07-05 07:00:00
6723.0,1688626800.0,silty,2023,0.5417511268709446,0.3858213218449181,40.0,12.0,SMARTER,7,0.0,20.062708735935743,7.492344925936937,4.71830645976308,5.260057586634025,5.0,,,2023-07-06 07:00:00
6724.0,1688713200.0,silty,2023,0.5909086378429023,0.3858213218449181,40.0,12.0,SMARTER,7,35.35710502996994,20.062708735935743,3.3788724562330463,4.71830645976308,5.309215097605983,0.0,,,2023-07-07 07:00:00
6725.0,1688799600.0,silty,2023,-0.0204512420780111,0.5909086378429023,40.0,12.0,SMARTER,7,0.0,35.35710502996994,6.518921569415171,4.71830645976308,4.784778648971891,0.0,,,2023-07-08 07:00:00
6726.0,1688886000.0,silty,2023,-0.1257478928978473,0.5909086378429023,40.0,12.0,SMARTER,7,0.0,35.35710502996994,7.0675670514600375,4.71830645976308,4.604599075580709,0.0,,,2023-07-09 07:00:00
6727.0,1688972400.0,silty,2023,0.0375677344793618,0.5909086378429023,40.0,12.0,SMARTER,7,0.0,35.35710502996994,6.961944041187434,4.71830645976308,4.755874194242442,0.0,,,2023-07-10 07:00:00
6728.0,1689058800.0,silty,2023,0.237644533541065,0.5909086378429023,40.0,12.0,SMARTER,7,0.0,35.35710502996994,7.523781176422247,4.71830645976308,4.955950993304145,0.0,,,2023-07-11 07:00:00
6729.0,1689145200.0,silty,2023,0.4263643876127936,0.5909086378429023,40.0,12.0,SMARTER,7,0.0,35.35710502996994,7.806608352298979,4.71830645976308,5.144670847375874,0.0,,,2023-07-12 07:00:00
6730.0,1689231600.0,silty,2023,0.5722799713988865,0.5909086378429023,40.0,12.0,SMARTER,7,0.0,35.35710502996994,7.714035948667738,4.71830645976308,5.290586431161967,22.8,,,2023-07-13 07:00:00
6731.0,1689318000.0,silty,2023,0.4021578320440188,0.5909086378429023,40.0,12.0,SMARTER,7,32.63296678254283,35.35710502996994,2.9961159428327533,4.71830645976308,5.1204642918071,0.0,,,2023-07-14 07:00:00
6732.0,1689404400.0,silty,2023,-0.2022014575220866,0.4021578320440188,40.0,12.0,SMARTER,7,0.0,32.63296678254283,5.390782029334142,4.71830645976308,4.625393996521795,0.0,,,2023-07-15 07:00:00
6733.0,1689490800.0,silty,2023,-0.26641214870032,0.4021578320440188,40.0,12.0,SMARTER,7,0.0,32.63296678254283,7.109056997180415,4.71830645976308,4.466857362039957,0.0,,,2023-07-16 07:00:00
6734.0,1689577200.0,silty,2023,-0.0812017867851134,0.4021578320440188,40.0,12.0,SMARTER,7,0.0,32.63296678254283,6.608581357186508,4.71830645976308,4.637104672977967,0.0,,,2023-07-17 07:00:00
6735.0,1689663600.0,silty,2023,0.1568554445173886,0.4021578320440188,40.0,12.0,SMARTER,7,0.0,32.63296678254283,7.500311698248804,4.71830645976308,4.875161904280469,0.0,,,2023-07-18 07:00:00
6736.0,1689750000.0,silty,2023,0.3657432962137443,0.4021578320440188,40.0,12.0,SMARTER,7,0.0,32.63296678254283,7.063404491828016,4.71830645976308,5.0840497559768245,0.0,,,2023-07-19 07:00:00
6737.0,1689836400.0,silty,2023,0.5515243806117726,0.4021578320440188,40.0,12.0,SMARTER,7,0.0,32.63296678254283,7.949048805371062,4.71830645976308,5.269830840374853,0.0,,,2023-07-20 07:00:00
6738.0,1689922800.0,silty,2023,0.6656915286906592,0.4021578320440188,40.0,12.0,SMARTER,7,51.16261299269635,32.63296678254283,6.202164075023188,4.71830645976308,5.383997988453739,0.0,,,2023-07-21 07:00:00
6739.0,1719212400.0,silty,2024,-0.8449623694069076,0.0,40.0,12.0,SMARTER,7,0.0,0.0,1.5856569477409397,4.71830645976308,3.89369980150298,5.8,,,2024-06-24 07:00:00
6740.0,1719298800.0,silty,2024,-0.8890068805905569,0.0,40.0,12.0,SMARTER,7,0.0,0.0,1.643019943771474,4.71830645976308,3.829299579172524,12.6,,,2024-06-25 07:00:00
6741.0,1719385200.0,silty,2024,-0.9781873143956714,0.0,40.0,12.0,SMARTER,7,0.0,0.0,3.7360647761286776,4.71830645976308,3.7404171917138886,1.0,,,2024-06-26 07:00:00
6742.0,1719471600.0,silty,2024,-0.9543770235994224,0.0,40.0,12.0,SMARTER,7,0.0,0.0,3.283058105037508,4.71830645976308,3.7639294361636577,0.0,,,2024-06-27 07:00:00
6743.0,1719558000.0,silty,2024,-0.7222296554076789,0.0,40.0,12.0,SMARTER,7,0.0,0.0,8.105450401178516,4.71830645976308,3.996076804355402,0.0,,,2024-06-28 07:00:00
6744.0,1719644400.0,silty,2024,-0.5206623503001531,0.0,40.0,12.0,SMARTER,7,0.0,0.0,6.855392222915658,4.71830645976308,4.197644109462927,0.0,,,2024-06-29 07:00:00
6745.0,1719730800.0,silty,2024,-0.3294609917456443,0.0,40.0,12.0,SMARTER,7,0.0,0.0,6.275478723242181,4.71830645976308,4.388845468017436,0.0,,,2024-06-30 07:00:00
6746.0,1719817200.0,silty,2024,-0.0703104762086716,-0.3294609917456443,40.0,12.0,SMARTER,7,0.0,0.0,9.008052630760128,4.71830645976308,4.6479959835544085,0.0,,,2024-07-01 07:00:00
6747.0,1719903600.0,silty,2024,0.0873526086461769,-0.3294609917456443,40.0,12.0,SMARTER,7,0.0,0.0,6.40343719338403,4.71830645976308,4.805659068409257,0.0,,,2024-07-02 07:00:00
6748.0,1719990000.0,silty,2024,0.2247666069792743,-0.3294609917456443,40.0,12.0,SMARTER,7,0.0,0.0,6.828302846826217,4.71830645976308,4.943073066742355,0.0,,,2024-07-03 07:00:00
6749.0,1720076400.0,silty,2024,0.290487175429115,-0.3294609917456443,40.0,12.0,SMARTER,7,0.0,0.0,3.501203041998366,4.71830645976308,5.008793635192196,0.0,,,2024-07-04 07:00:00
6750.0,1720162800.0,silty,2024,0.3690093888253434,-0.3294609917456443,40.0,12.0,SMARTER,7,0.0,0.0,4.110755932356144,4.71830645976308,5.087315848588424,0.0,,,2024-07-05 07:00:00
6751.0,1720249200.0,silty,2024,0.4988430989628444,-0.3294609917456443,40.0,12.0,SMARTER,7,0.0,0.0,7.570021332731803,4.71830645976308,5.217149558725925,0.0,,,2024-07-06 07:00:00
6752.0,1720335600.0,silty,2024,0.61947236015816,-0.3294609917456443,40.0,12.0,SMARTER,7,45.39100239805009,0.0,8.236770338981968,4.71830645976308,5.33777881992124,0.0,,,2024-07-07 07:00:00
6753.0,1720422000.0,silty,2024,-0.1615059747192309,0.61947236015816,40.0,12.0,SMARTER,7,0.0,45.39100239805009,3.5751601774979624,4.71830645976308,4.70265625877021,0.0,,,2024-07-08 07:00:00
6754.0,1720508400.0,silty,2024,-0.3677416737464223,0.61947236015816,40.0,12.0,SMARTER,7,0.0,45.39100239805009,6.021523561190189,4.71830645976308,4.403712415021771,1.0,,,2024-07-09 07:00:00
6755.0,1720594800.0,silty,2024,-0.2090672411760917,0.61947236015816,40.0,12.0,SMARTER,7,0.0,45.39100239805009,6.408995121084742,4.71830645976308,4.5092392185869885,0.0,,,2024-07-10 07:00:00
6756.0,1720681200.0,silty,2024,0.0019000835714697,0.61947236015816,40.0,12.0,SMARTER,7,0.0,45.39100239805009,7.100145056634385,4.71830645976308,4.72020654333455,0.0,,,2024-07-11 07:00:00
6757.0,1720767600.0,silty,2024,0.2441300008227417,0.61947236015816,40.0,12.0,SMARTER,7,0.0,45.39100239805009,8.417233027045325,4.71830645976308,4.962436460585822,0.0,,,2024-07-12 07:00:00
6758.0,1720854000.0,silty,2024,0.4632443550124602,0.61947236015816,40.0,12.0,SMARTER,7,0.0,45.39100239805009,9.478835789843243,4.71830645976308,5.181550814775541,0.0,,,2024-07-13 07:00:00
6759.0,1720940400.0,silty,2024,0.6175878666473392,0.61947236015816,40.0,12.0,SMARTER,7,52.72667705738533,45.39100239805009,8.65408688020589,4.71830645976308,5.335894326410419,0.0,,,2024-07-14 07:00:00
6760.0,1721026800.0,silty,2024,-0.1598397896465467,0.6175878666473392,40.0,12.0,SMARTER,7,0.0,52.72667705738533,8.038553013013921,4.71830645976308,4.747969833543165,0.0,,,2024-07-15 07:00:00
6761.0,1721113200.0,silty,2024,-0.444633678223586,0.6175878666473392,40.0,12.0,SMARTER,7,0.0,52.72667705738533,8.079175888672749,4.71830645976308,4.368323821431982,0.0,,,2024-07-16 07:00:00
6762.0,1721199600.0,silty,2024,-0.1775169822204487,0.6175878666473392,40.0,12.0,SMARTER,7,0.0,52.72667705738533,9.89638188136864,4.71830645976308,4.540789477542631,0.0,,,2024-07-17 07:00:00
6763.0,1721286000.0,silty,2024,0.0965128382524699,0.6175878666473392,40.0,12.0,SMARTER,7,0.0,52.72667705738533,8.856197692783795,4.71830645976308,4.81481929801555,0.0,,,2024-07-18 07:00:00
6764.0,1721372400.0,silty,2024,0.3436232016143675,0.6175878666473392,40.0,12.0,SMARTER,7,0.0,52.72667705738533,8.59349226880255,4.71830645976308,5.061929661377448,0.0,,,2024-07-19 07:00:00
6765.0,1721458800.0,silty,2024,0.4965938061157066,0.6175878666473392,40.0,12.0,SMARTER,7,0.0,52.72667705738533,6.5994601364997925,4.71830645976308,5.214900265878787,0.0,,,2024-07-20 07:00:00
6766.0,1721545200.0,silty,2024,0.6162221084874071,0.6175878666473392,40.0,12.0,SMARTER,7,60.06671203283693,52.72667705738533,6.35886520949269,4.71830645976308,5.334528568250487,0.0,,,2024-07-21 07:00:00
6767.0,1626073200.0,silty,2021,0.3306482264002303,0.0,30.0,9.0,SMARTER,5,0.0,0.0,8.171899400888595,4.71830645976308,5.04895468616331,0.0,,,2021-07-12 07:00:00
6768.0,1626159600.0,silty,2021,0.4892336919437809,0.0,30.0,9.0,SMARTER,5,0.0,0.0,7.307248568315713,4.71830645976308,5.207540151706861,49.2,,,2021-07-13 07:00:00
6769.0,1626246000.0,silty,2021,-0.3232128230042463,0.0,30.0,9.0,SMARTER,5,0.0,0.0,3.7200181370317593,4.71830645976308,4.39780171769948,0.0,,,2021-07-14 07:00:00
6770.0,1626332400.0,silty,2021,-0.2013422929121511,0.0,30.0,9.0,SMARTER,5,0.0,0.0,6.588938290136868,4.71830645976308,4.516964166850929,0.0,,,2021-07-15 07:00:00
6771.0,1626418800.0,silty,2021,-0.0870216099133217,0.0,30.0,9.0,SMARTER,5,0.0,0.0,4.2070949143533625,4.71830645976308,4.631284849849759,10.8,,,2021-07-16 07:00:00
6772.0,1626505200.0,silty,2021,-0.219135531844465,-0.0870216099133217,30.0,9.0,SMARTER,5,0.0,0.0,1.7206288405645938,4.71830645976308,4.499170927918615,0.8,,,2021-07-17 07:00:00
6773.0,1626591600.0,silty,2021,-0.1959828794486834,-0.0870216099133217,30.0,9.0,SMARTER,5,0.0,0.0,2.339819333016992,4.71830645976308,4.522323580314397,0.0,,,2021-07-18 07:00:00
6774.0,1626678000.0,silty,2021,-0.0037004332227625,-0.0870216099133217,30.0,9.0,SMARTER,5,0.0,0.0,5.542148180411579,4.71830645976308,4.714606026540317,0.0,,,2021-07-19 07:00:00
6775.0,1626764400.0,silty,2021,0.2183864496936692,-0.0870216099133217,30.0,9.0,SMARTER,5,0.0,0.0,6.336708517861463,4.71830645976308,4.93669290945675,0.0,,,2021-07-20 07:00:00
6776.0,1626850800.0,silty,2021,0.4431431913974532,-0.0870216099133217,30.0,9.0,SMARTER,5,19.893232761900325,0.0,7.723088615724408,4.71830645976308,5.161449651160534,0.0,,,2021-07-21 07:00:00
6777.0,1626937200.0,silty,2021,0.2031689065590605,0.4431431913974532,30.0,9.0,SMARTER,5,0.0,19.893232761900325,6.384988487195638,4.71830645976308,4.951394193292242,0.0,,,2021-07-22 07:00:00
6778.0,1627023600.0,silty,2021,0.2293415935559229,0.4431431913974532,30.0,9.0,SMARTER,5,0.0,19.893232761900325,6.724001721462045,4.71830645976308,4.947648053319004,0.0,,,2021-07-23 07:00:00
6779.0,1627110000.0,silty,2021,0.3906623851213052,0.4431431913974532,30.0,9.0,SMARTER,5,0.0,19.893232761900325,6.639604206034317,4.71830645976308,5.1089688448843855,0.0,,,2021-07-24 07:00:00
6780.0,1627196400.0,silty,2021,0.538065839148938,0.4431431913974532,30.0,9.0,SMARTER,5,0.0,19.893232761900325,6.068344799075018,4.71830645976308,5.2563722989120185,0.0,,,2021-07-25 07:00:00
6781.0,1627282800.0,silty,2021,0.6225943178046597,0.4431431913974532,30.0,9.0,SMARTER,5,30.880115414358457,19.893232761900325,3.7441148307248353,4.71830645976308,5.34090077756774,0.0,,,2021-07-26 07:00:00
6782.0,1627369200.0,silty,2021,0.0990371857634019,0.6225943178046597,30.0,9.0,SMARTER,5,0.0,30.880115414358457,5.25782491390273,4.71830645976308,4.893868001597243,1.0,,,2021-07-27 07:00:00
6783.0,1627455600.0,silty,2021,-0.0734597080591642,0.6225943178046597,30.0,9.0,SMARTER,5,0.0,30.880115414358457,4.067188753317478,4.71830645976308,4.654585164464737,0.0,,,2021-07-28 07:00:00
6784.0,1627542000.0,silty,2021,0.0621077142839546,0.6225943178046597,30.0,9.0,SMARTER,5,0.0,30.880115414358457,5.501441403272102,4.71830645976308,4.780414174047035,0.0,,,2021-07-29 07:00:00
6785.0,1627628400.0,silty,2021,0.2834349916831143,0.6225943178046597,30.0,9.0,SMARTER,5,0.0,30.880115414358457,7.363960029273559,4.71830645976308,5.001741451446194,0.0,,,2021-07-30 07:00:00
6786.0,1627714800.0,silty,2021,0.5059895767063479,0.6225943178046597,30.0,9.0,SMARTER,5,31.93587937176624,30.880115414358457,8.127164249908118,4.71830645976308,5.224296036469428,0.0,,,2021-07-31 07:00:00
6787.0,1627801200.0,silty,2021,-0.0690818056485294,0.5059895767063479,30.0,9.0,SMARTER,5,0.0,31.93587937176624,7.011084171391055,4.71830645976308,4.787132635354611,9.0,,,2021-08-01 07:00:00
6788.0,1627887600.0,silty,2021,-0.2131139779531482,0.5059895767063479,30.0,9.0,SMARTER,5,0.0,31.93587937176624,7.304828236834061,4.71830645976308,4.520087550085253,0.0,,,2021-08-02 07:00:00
6789.0,1627974000.0,silty,2021,-0.0223290071981437,0.5059895767063479,30.0,9.0,SMARTER,5,0.0,31.93587937176624,7.320018177389831,4.71830645976308,4.695977452564937,0.0,,,2021-08-03 07:00:00
6790.0,1628060400.0,silty,2021,0.2388630597008643,0.5059895767063479,30.0,9.0,SMARTER,5,0.0,31.93587937176624,8.239496207860649,4.71830645976308,4.957169519463944,0.0,,,2021-08-04 07:00:00
6791.0,1628146800.0,silty,2021,0.3787189056610287,0.5059895767063479,30.0,9.0,SMARTER,5,31.526229391355923,31.93587937176624,4.198759507591638,4.71830645976308,5.097025365424109,0.0,,,2021-08-05 07:00:00
6792.0,1628233200.0,silty,2021,-0.0179970706877476,0.3787189056610287,30.0,9.0,SMARTER,5,0.0,31.526229391355923,8.25634687060054,4.71830645976308,4.777684948659394,0.0,,,2021-08-06 07:00:00
6793.0,1628319600.0,silty,2021,-0.0547933348204608,0.3787189056610287,30.0,9.0,SMARTER,5,0.0,31.526229391355923,7.823891414052509,4.71830645976308,4.668635080800552,0.0,,,2021-08-07 07:00:00
6794.0,1628406000.0,silty,2021,0.1276881099220244,0.3787189056610287,30.0,9.0,SMARTER,5,0.0,31.526229391355923,6.805842568347599,4.71830645976308,4.845994569685105,0.0,,,2021-08-08 07:00:00
6795.0,1628492400.0,silty,2021,0.3808199815844314,0.3787189056610287,30.0,9.0,SMARTER,5,0.0,31.526229391355923,8.235329351972808,4.71830645976308,5.099126441347512,0.0,,,2021-08-09 07:00:00
6796.0,1656054000.0,silty,2022,-0.2788604325414178,0.0,30.0,9.0,SMARTER,5,0.0,0.0,5.717907755951627,4.71830645976308,4.439466320129855,0.0,,,2022-06-24 07:00:00
6797.0,1656140400.0,silty,2022,-0.0739584526379522,0.0,30.0,9.0,SMARTER,5,0.0,0.0,9.203948870710636,4.71830645976308,4.644348007125128,0.0,,,2022-06-25 07:00:00
6798.0,1656226800.0,silty,2022,0.1319461742477244,0.0,30.0,9.0,SMARTER,5,0.0,0.0,9.569797117975432,4.71830645976308,4.850252634010805,0.0,,,2022-06-26 07:00:00
6799.0,1656313200.0,silty,2022,0.3034612139337153,0.0,30.0,9.0,SMARTER,5,0.0,0.0,8.693094774412245,4.71830645976308,5.021767673696796,0.0,,,2022-06-27 07:00:00
6800.0,1656399600.0,silty,2022,0.4226963138365975,0.0,30.0,9.0,SMARTER,5,16.485156239627305,0.0,7.460713537351751,4.71830645976308,5.141002773599678,1.6,,,2022-06-28 07:00:00
6801.0,1656486000.0,silty,2022,0.1342483115140379,0.4226963138365975,30.0,9.0,SMARTER,5,0.0,16.485156239627305,1.8323231735051733,4.71830645976308,4.873439605838385,0.0,,,2022-06-29 07:00:00
6802.0,1656572400.0,silty,2022,0.1773141484636186,0.4226963138365975,30.0,9.0,SMARTER,5,0.0,16.485156239627305,6.425725286268609,4.71830645976308,4.895620608226698,0.0,,,2022-06-30 07:00:00
6803.0,1656658800.0,silty,2022,0.3369436184832013,0.4226963138365975,30.0,9.0,SMARTER,5,0.0,16.485156239627305,8.481182130641368,4.71830645976308,5.0552500782462815,0.0,,,2022-07-01 07:00:00
6804.0,1656745200.0,silty,2022,0.5008749595174684,0.4226963138365975,30.0,9.0,SMARTER,5,0.0,16.485156239627305,9.684100900879589,4.71830645976308,5.219181419280549,0.0,,,2022-07-02 07:00:00
6805.0,1656831600.0,silty,2022,0.6107851140538253,0.4226963138365975,30.0,9.0,SMARTER,5,27.624886272628565,16.485156239627305,7.875822878948619,4.71830645976308,5.329091573816905,0.0,,,2022-07-03 07:00:00
6806.0,1656918000.0,silty,2022,0.234732370225938,0.6107851140538253,30.0,9.0,SMARTER,5,0.0,27.624886272628565,8.846129638751195,4.71830645976308,4.996143973643033,0.0,,,2022-07-04 07:00:00
6807.0,1657004400.0,silty,2022,0.1914242369173215,0.6107851140538253,30.0,9.0,SMARTER,5,0.0,27.624886272628565,8.353871892123982,4.71830645976308,4.909730696680402,0.0,,,2022-07-05 07:00:00
6808.0,1657090800.0,silty,2022,0.3422626059884236,0.6107851140538253,30.0,9.0,SMARTER,5,0.0,27.624886272628565,8.10868026961472,4.71830645976308,5.060569065751504,0.0,,,2022-07-06 07:00:00
6809.0,1657177200.0,silty,2022,0.4538416352010684,0.6107851140538253,30.0,9.0,SMARTER,5,0.0,27.624886272628565,5.27960920736311,4.71830645976308,5.1721480949641485,11.6,,,2022-07-07 07:00:00
6810.0,1657263600.0,silty,2022,0.5518192712908462,0.6107851140538253,30.0,9.0,SMARTER,5,30.82228443135681,27.624886272628565,7.275206390354677,4.71830645976308,5.270125731053926,0.0,,,2022-07-08 07:00:00
6811.0,1657350000.0,silty,2022,0.0077532400570592,0.5518192712908462,30.0,9.0,SMARTER,5,0.0,30.82228443135681,7.121172904786319,4.71830645976308,4.80745208762694,0.0,,,2022-07-09 07:00:00
6812.0,1657436400.0,silty,2022,-0.057137585429325,0.5518192712908462,30.0,9.0,SMARTER,5,0.0,30.82228443135681,7.612583271961939,4.71830645976308,4.666091894431052,0.0,,,2022-07-10 07:00:00
6813.0,1657522800.0,silty,2022,0.1432115465104216,0.5518192712908462,30.0,9.0,SMARTER,5,0.0,30.82228443135681,8.472336750464112,4.71830645976308,4.861518006273502,0.0,,,2022-07-11 07:00:00
6814.0,1657609200.0,silty,2022,0.3339921022868665,0.5518192712908462,30.0,9.0,SMARTER,5,0.0,30.82228443135681,7.487993037508327,4.71830645976308,5.0522985620499465,0.0,,,2022-07-12 07:00:00
6815.0,1657695600.0,silty,2022,0.4669077610654822,0.5518192712908462,30.0,9.0,SMARTER,5,32.47710897418523,30.82228443135681,5.439558555641069,4.71830645976308,5.185214220828563,0.0,,,2022-07-13 07:00:00
6816.0,1657782000.0,silty,2022,0.00877931977649,0.4669077610654822,30.0,9.0,SMARTER,5,0.0,32.47710897418523,8.254676604732598,4.71830645976308,4.805561056035483,0.0,,,2022-07-14 07:00:00
6817.0,1657868400.0,silty,2022,0.0031549348996353,0.4669077610654822,30.0,9.0,SMARTER,5,0.0,32.47710897418523,9.447916516172471,4.71830645976308,4.725426256899655,0.0,,,2022-07-15 07:00:00
6818.0,1657954800.0,silty,2022,0.2241232580900233,0.4669077610654822,30.0,9.0,SMARTER,5,0.0,32.47710897418523,8.968687582898376,4.71830645976308,4.942429717853104,0.0,,,2022-07-16 07:00:00
6819.0,1658041200.0,silty,2022,0.4234668175344447,0.4669077610654822,30.0,9.0,SMARTER,5,0.0,32.47710897418523,7.701644419417017,4.71830645976308,5.141773277297525,0.0,,,2022-07-17 07:00:00
6820.0,1658127600.0,silty,2022,0.5792821993075045,0.4669077610654822,30.0,9.0,SMARTER,5,41.06188191521344,32.47710897418523,7.236620092977568,4.71830645976308,5.297588659070585,0.0,,,2022-07-18 07:00:00
6821.0,1658214000.0,silty,2022,-0.0816666183633211,0.5792821993075045,30.0,9.0,SMARTER,5,0.0,41.06188191521344,7.976539558735554,4.71830645976308,4.7769663240819344,0.0,,,2022-07-19 07:00:00
6822.0,1658300400.0,silty,2022,-0.1643222557231874,0.5792821993075045,30.0,9.0,SMARTER,5,0.0,41.06188191521344,9.031637030513592,4.71830645976308,4.5857265248105445,0.0,,,2022-07-20 07:00:00
6823.0,1658386800.0,silty,2022,0.0627407960650542,0.5792821993075045,30.0,9.0,SMARTER,5,0.0,41.06188191521344,8.523521442036436,4.71830645976308,4.781047255828135,0.0,,,2022-07-21 07:00:00
6824.0,1687590000.0,silty,2023,-0.4524685625945971,0.0,30.0,9.0,SMARTER,5,0.0,0.0,6.3387606045021405,4.71830645976308,4.265837897168483,0.0,,,2023-06-24 07:00:00
6825.0,1687676400.0,silty,2023,-0.2887355392735605,0.0,30.0,9.0,SMARTER,5,0.0,0.0,7.077332335884068,4.71830645976308,4.429570920489519,0.0,,,2023-06-25 07:00:00
6826.0,1687762800.0,silty,2023,-0.1371745062246286,0.0,30.0,9.0,SMARTER,5,0.0,0.0,6.229180911248416,4.71830645976308,4.581131953538452,0.0,,,2023-06-26 07:00:00
6827.0,1687849200.0,silty,2023,0.041687053966818,0.0,30.0,9.0,SMARTER,5,0.0,0.0,7.717627618312005,4.71830645976308,4.759993513729898,0.0,,,2023-06-27 07:00:00
6828.0,1687935600.0,silty,2023,0.2101416656441712,0.0,30.0,9.0,SMARTER,5,8.195524960122679,0.0,8.190146658736474,4.71830645976308,4.928448125407251,0.0,,,2023-06-28 07:00:00
6829.0,1688022000.0,silty,2023,0.0850651384039143,0.2101416656441712,30.0,9.0,SMARTER,5,0.0,8.195524960122679,2.6534944981591777,4.71830645976308,4.803371598166994,0.0,,,2023-06-29 07:00:00
6830.0,1688108400.0,silty,2023,0.2335624447755851,0.2101416656441712,30.0,9.0,SMARTER,5,0.0,8.195524960122679,7.811921140444205,4.71830645976308,4.9518689045386655,0.0,,,2023-06-30 07:00:00
6831.0,1688194800.0,silty,2023,0.2883610632622154,0.2101416656441712,30.0,9.0,SMARTER,5,0.0,8.195524960122679,2.989408376370308,4.71830645976308,5.006667523025296,0.0,,,2023-07-01 07:00:00
6832.0,1688281200.0,silty,2023,0.3522564457072148,0.2101416656441712,30.0,9.0,SMARTER,5,0.0,8.195524960122679,3.628606534620321,4.71830645976308,5.070562905470295,0.0,,,2023-07-02 07:00:00
6833.0,1688367600.0,silty,2023,0.4509377870959142,0.2101416656441712,30.0,9.0,SMARTER,5,19.4778486875382,8.195524960122679,5.9091258835011,4.71830645976308,5.1692442468589945,0.0,,,2023-07-03 07:00:00
6834.0,1688454000.0,silty,2023,0.2008655781358251,0.4509377870959142,30.0,9.0,SMARTER,5,0.0,19.4778486875382,6.621532339824514,4.71830645976308,4.942540878641537,0.0,,,2023-07-04 07:00:00
6835.0,1688540400.0,silty,2023,0.2025779274800406,0.4509377870959142,30.0,9.0,SMARTER,5,0.0,19.4778486875382,6.395412175418061,4.71830645976308,4.920884387243121,0.0,,,2023-07-05 07:00:00
6836.0,1688626800.0,silty,2023,0.3544456960088641,0.4509377870959142,30.0,9.0,SMARTER,5,0.0,19.4778486875382,7.492344925936937,4.71830645976308,5.072752155771944,5.0,,,2023-07-06 07:00:00
6837.0,1688713200.0,silty,2023,0.406393869756759,0.4509377870959142,30.0,9.0,SMARTER,5,0.0,19.4778486875382,3.3788724562330463,4.71830645976308,5.12470032951984,0.0,,,2023-07-07 07:00:00
6838.0,1688799600.0,silty,2023,0.5174821476508493,0.4509377870959142,30.0,9.0,SMARTER,5,26.13151883304389,19.4778486875382,6.518921569415171,4.71830645976308,5.235788607413929,0.0,,,2023-07-08 07:00:00
6839.0,1688886000.0,silty,2023,0.1417372633438985,0.5174821476508493,30.0,9.0,SMARTER,5,0.0,26.13151883304389,7.0675670514600375,4.71830645976308,4.909555993637671,0.0,,,2023-07-09 07:00:00
6840.0,1688972400.0,silty,2023,0.0941152179394786,0.5174821476508493,30.0,9.0,SMARTER,5,0.0,26.13151883304389,6.961944041187434,4.71830645976308,4.812421677702559,0.0,,,2023-07-10 07:00:00
6841.0,1689058800.0,silty,2023,0.2621140893251998,0.5174821476508493,30.0,9.0,SMARTER,5,0.0,26.13151883304389,7.523781176422247,4.71830645976308,4.98042054908828,0.0,,,2023-07-11 07:00:00
6842.0,1689145200.0,silty,2023,0.4438997222810565,0.5174821476508493,30.0,9.0,SMARTER,5,0.0,26.13151883304389,7.806608352298979,4.71830645976308,5.1622061820441365,0.0,,,2023-07-12 07:00:00
6843.0,1689231600.0,silty,2023,0.588146994051865,0.5174821476508493,30.0,9.0,SMARTER,5,33.544787171541145,26.13151883304389,7.714035948667738,4.71830645976308,5.306453453814945,22.8,,,2023-07-13 07:00:00
6844.0,1689318000.0,silty,2023,-0.3612953325623409,0.588146994051865,30.0,9.0,SMARTER,5,0.0,33.544787171541145,2.9961159428327533,4.71830645976308,4.511945030863837,0.0,,,2023-07-14 07:00:00
6845.0,1689404400.0,silty,2023,-0.492534935299716,0.588146994051865,30.0,9.0,SMARTER,5,0.0,33.544787171541145,5.390782029334142,4.71830645976308,4.258307589812359,0.0,,,2023-07-15 07:00:00
6846.0,1689490800.0,silty,2023,-0.2665623385151224,0.588146994051865,30.0,9.0,SMARTER,5,0.0,33.544787171541145,7.109056997180415,4.71830645976308,4.451744121247958,0.0,,,2023-07-16 07:00:00
6847.0,1689577200.0,silty,2023,-0.0425781565417269,0.588146994051865,30.0,9.0,SMARTER,5,0.0,33.544787171541145,6.608581357186508,4.71830645976308,4.675728303221353,0.0,,,2023-07-17 07:00:00
6848.0,1689663600.0,silty,2023,0.2064314187069504,0.588146994051865,30.0,9.0,SMARTER,5,23.95120267955626,33.544787171541145,7.500311698248804,4.71830645976308,4.92473787847003,0.0,,,2023-07-18 07:00:00
6849.0,1689750000.0,silty,2023,-0.0419885240716717,0.2064314187069504,30.0,9.0,SMARTER,5,0.0,23.95120267955626,7.063404491828016,4.71830645976308,4.726977713444601,0.0,,,2023-07-19 07:00:00
6850.0,1689836400.0,silty,2023,0.0103598711153274,0.2064314187069504,30.0,9.0,SMARTER,5,0.0,23.95120267955626,7.949048805371062,4.71830645976308,4.728666330878408,0.0,,,2023-07-20 07:00:00
6851.0,1689922800.0,silty,2023,0.1766352172725579,0.2064314187069504,30.0,9.0,SMARTER,5,0.0,23.95120267955626,6.202164075023188,4.71830645976308,4.894941677035638,0.0,,,2023-07-21 07:00:00
6852.0,1719212400.0,silty,2024,-0.8449623694069076,0.0,30.0,9.0,SMARTER,5,0.0,0.0,1.5856569477409397,4.71830645976308,3.89369980150298,5.8,,,2024-06-24 07:00:00
6853.0,1719298800.0,silty,2024,-0.8890068805905569,0.0,30.0,9.0,SMARTER,5,0.0,0.0,1.643019943771474,4.71830645976308,3.829299579172524,12.6,,,2024-06-25 07:00:00
6854.0,1719385200.0,silty,2024,-0.9781873143956714,0.0,30.0,9.0,SMARTER,5,0.0,0.0,3.7360647761286776,4.71830645976308,3.7404171917138886,1.0,,,2024-06-26 07:00:00
6855.0,1719471600.0,silty,2024,-0.9543770235994224,0.0,30.0,9.0,SMARTER,5,0.0,0.0,3.283058105037508,4.71830645976308,3.7639294361636577,0.0,,,2024-06-27 07:00:00
6856.0,1719558000.0,silty,2024,-0.7222296554076789,0.0,30.0,9.0,SMARTER,5,0.0,0.0,8.105450401178516,4.71830645976308,3.996076804355402,0.0,,,2024-06-28 07:00:00
6857.0,1719644400.0,silty,2024,-0.5206623503001531,-0.7222296554076789,30.0,9.0,SMARTER,5,0.0,0.0,6.855392222915658,4.71830645976308,4.197644109462927,0.0,,,2024-06-29 07:00:00
6858.0,1719730800.0,silty,2024,-0.3294609917456443,-0.7222296554076789,30.0,9.0,SMARTER,5,0.0,0.0,6.275478723242181,4.71830645976308,4.388845468017436,0.0,,,2024-06-30 07:00:00
6859.0,1719817200.0,silty,2024,-0.0703104762086716,-0.7222296554076789,30.0,9.0,SMARTER,5,0.0,0.0,9.008052630760128,4.71830645976308,4.6479959835544085,0.0,,,2024-07-01 07:00:00
6860.0,1719903600.0,silty,2024,0.0873526086461769,-0.7222296554076789,30.0,9.0,SMARTER,5,0.0,0.0,6.40343719338403,4.71830645976308,4.805659068409257,0.0,,,2024-07-02 07:00:00
6861.0,1719990000.0,silty,2024,0.2247666069792743,-0.7222296554076789,30.0,9.0,SMARTER,5,30.432787334422063,0.0,6.828302846826217,4.71830645976308,4.943073066742355,0.0,,,2024-07-03 07:00:00
6862.0,1720076400.0,silty,2024,-0.2402446024535609,0.2247666069792743,30.0,9.0,SMARTER,5,0.0,30.432787334422063,3.501203041998366,4.71830645976308,4.535295824788608,0.0,,,2024-07-04 07:00:00
6863.0,1720162800.0,silty,2024,-0.3459223658379988,0.2247666069792743,30.0,9.0,SMARTER,5,0.0,30.432787334422063,4.110755932356144,4.71830645976308,4.3764192573278935,0.0,,,2024-07-05 07:00:00
6864.0,1720249200.0,silty,2024,-0.1463729158448015,0.2247666069792743,30.0,9.0,SMARTER,5,0.0,30.432787334422063,7.570021332731803,4.71830645976308,4.571933543918279,0.0,,,2024-07-06 07:00:00
6865.0,1720335600.0,silty,2024,0.0767023480431625,0.2247666069792743,30.0,9.0,SMARTER,5,0.0,30.432787334422063,8.236770338981968,4.71830645976308,4.7950088078062425,0.0,,,2024-07-07 07:00:00
6866.0,1720422000.0,silty,2024,0.1746211439836382,0.2247666069792743,30.0,9.0,SMARTER,5,30.500013740405727,30.432787334422063,3.5751601774979624,4.71830645976308,4.892927603746719,0.0,,,2024-07-08 07:00:00
6867.0,1720508400.0,silty,2024,-0.2491132341318855,0.1746211439836382,30.0,9.0,SMARTER,5,0.0,30.500013740405727,6.021523561190189,4.71830645976308,4.547610419729672,1.0,,,2024-07-09 07:00:00
6868.0,1720594800.0,silty,2024,-0.3065192808504226,0.1746211439836382,30.0,9.0,SMARTER,5,0.0,30.500013740405727,6.408995121084742,4.71830645976308,4.419557303987753,0.0,,,2024-07-10 07:00:00
6869.0,1720681200.0,silty,2024,-0.1085351849253298,0.1746211439836382,30.0,9.0,SMARTER,5,0.0,30.500013740405727,7.100145056634385,4.71830645976308,4.60977127483775,0.0,,,2024-07-11 07:00:00
6870.0,1720767600.0,silty,2024,0.1371900428199363,0.1746211439836382,30.0,9.0,SMARTER,5,0.0,30.500013740405727,8.417233027045325,4.71830645976308,4.855496502583017,0.0,,,2024-07-12 07:00:00
6871.0,1720854000.0,silty,2024,0.3827736732548834,0.1746211439836382,30.0,9.0,SMARTER,5,40.18955267783703,30.500013740405727,9.478835789843243,4.71830645976308,5.101080133017963,0.0,,,2024-07-13 07:00:00
6872.0,1720940400.0,silty,2024,-0.2153409093096998,0.3827736732548834,30.0,9.0,SMARTER,5,0.0,40.18955267783703,8.65408688020589,4.71830645976308,4.637942252307071,0.0,,,2024-07-14 07:00:00
6873.0,1721026800.0,silty,2024,-0.3003959599258771,0.3827736732548834,30.0,9.0,SMARTER,5,0.0,40.18955267783703,8.038553013013921,4.71830645976308,4.4513857233428205,0.0,,,2024-07-15 07:00:00
6874.0,1721113200.0,silty,2024,-0.073853677298705,0.3827736732548834,30.0,9.0,SMARTER,5,0.0,40.18955267783703,8.079175888672749,4.71830645976308,4.644452782464375,0.0,,,2024-07-16 07:00:00
6875.0,1721199600.0,silty,2024,0.2167726135340958,0.3827736732548834,30.0,9.0,SMARTER,5,0.0,40.18955267783703,9.89638188136864,4.71830645976308,4.935079073297176,0.0,,,2024-07-17 07:00:00
6876.0,1721286000.0,silty,2024,0.4448026944722503,0.3827736732548834,30.0,9.0,SMARTER,5,46.05364756460829,40.18955267783703,8.856197692783795,4.71830645976308,5.163109154235331,0.0,,,2024-07-18 07:00:00
6877.0,1721372400.0,silty,2024,-0.2498656827498932,0.4448026944722503,30.0,9.0,SMARTER,5,0.0,46.05364756460829,8.59349226880255,4.71830645976308,4.663418970209462,0.0,,,2024-07-19 07:00:00
6878.0,1721458800.0,silty,2024,-0.4409446430748696,0.4448026944722503,30.0,9.0,SMARTER,5,0.0,46.05364756460829,6.5994601364997925,4.71830645976308,4.358052817423386,0.0,,,2024-07-20 07:00:00
6879.0,1721545200.0,silty,2024,-0.2471984227380097,0.4448026944722503,30.0,9.0,SMARTER,5,0.0,46.05364756460829,6.35886520949269,4.71830645976308,4.47110803702507,0.0,,,2024-07-21 07:00:00
6880.0,1626073200.0,silty,2021,0.3306482264002303,0.0,20.0,6.0,SMARTER,3,0.0,0.0,8.171899400888595,4.71830645976308,5.04895468616331,0.0,,,2021-07-12 07:00:00
6881.0,1626159600.0,silty,2021,0.4892336919437809,0.0,20.0,6.0,SMARTER,3,0.0,0.0,7.307248568315713,4.71830645976308,5.207540151706861,49.2,,,2021-07-13 07:00:00
6882.0,1626246000.0,silty,2021,-0.3232128230042463,0.0,20.0,6.0,SMARTER,3,0.0,0.0,3.7200181370317593,4.71830645976308,4.39780171769948,0.0,,,2021-07-14 07:00:00
6883.0,1626332400.0,silty,2021,-0.2013422929121511,-0.3232128230042463,20.0,6.0,SMARTER,3,0.0,0.0,6.588938290136868,4.71830645976308,4.516964166850929,0.0,,,2021-07-15 07:00:00
6884.0,1626418800.0,silty,2021,-0.0870216099133217,-0.3232128230042463,20.0,6.0,SMARTER,3,0.0,0.0,4.2070949143533625,4.71830645976308,4.631284849849759,10.8,,,2021-07-16 07:00:00
6885.0,1626505200.0,silty,2021,-0.219135531844465,-0.3232128230042463,20.0,6.0,SMARTER,3,0.7667326321288361,0.0,1.7206288405645938,4.71830645976308,4.499170927918615,0.8,,,2021-07-17 07:00:00
6886.0,1626591600.0,silty,2021,-0.2147516159909533,-0.219135531844465,20.0,6.0,SMARTER,3,0.0,0.7667326321288361,2.339819333016992,4.71830645976308,4.503554843772127,0.0,,,2021-07-18 07:00:00
6887.0,1626678000.0,silty,2021,-0.0248322155142395,-0.219135531844465,20.0,6.0,SMARTER,3,0.0,0.7667326321288361,5.542148180411579,4.71830645976308,4.693474244248841,0.0,,,2021-07-19 07:00:00
6888.0,1626764400.0,silty,2021,0.1991256192364019,-0.219135531844465,20.0,6.0,SMARTER,3,10.326709369164586,0.7667326321288361,6.336708517861463,4.71830645976308,4.917432078999482,0.0,,,2021-07-20 07:00:00
6889.0,1626850800.0,silty,2021,0.1778221911215443,0.1991256192364019,20.0,6.0,SMARTER,3,0.0,10.326709369164586,7.723088615724408,4.71830645976308,4.900046085988594,0.0,,,2021-07-21 07:00:00
6890.0,1626937200.0,silty,2021,0.3356110487197305,0.1991256192364019,20.0,6.0,SMARTER,3,0.0,10.326709369164586,6.384988487195638,4.71830645976308,5.053917508482811,0.0,,,2021-07-22 07:00:00
6891.0,1627023600.0,silty,2021,0.5119631727352976,0.1991256192364019,20.0,6.0,SMARTER,3,19.65523947555429,10.326709369164586,6.724001721462045,4.71830645976308,5.230269632498378,0.0,,,2021-07-23 07:00:00
6892.0,1627110000.0,silty,2021,0.2615095219630477,0.5119631727352976,20.0,6.0,SMARTER,3,0.0,19.65523947555429,6.639604206034317,4.71830645976308,5.014871708093192,0.0,,,2021-07-24 07:00:00
6893.0,1627196400.0,silty,2021,0.2478539106917383,0.5119631727352976,20.0,6.0,SMARTER,3,0.0,19.65523947555429,6.068344799075018,4.71830645976308,4.966160370454818,0.0,,,2021-07-25 07:00:00
6894.0,1627282800.0,silty,2021,0.3262538946702241,0.5119631727352976,20.0,6.0,SMARTER,3,17.89857728227416,19.65523947555429,3.7441148307248353,4.71830645976308,5.044560354433305,0.0,,,2021-07-26 07:00:00
6895.0,1627369200.0,silty,2021,0.0907413621599858,0.3262538946702241,20.0,6.0,SMARTER,3,0.0,17.89857728227416,5.25782491390273,4.71830645976308,4.853933602713897,1.0,,,2021-07-27 07:00:00
6896.0,1627455600.0,silty,2021,0.0547059548856386,0.3262538946702241,20.0,6.0,SMARTER,3,0.0,17.89857728227416,4.067188753317478,4.71830645976308,4.773012414648719,0.0,,,2021-07-28 07:00:00
6897.0,1627542000.0,silty,2021,0.1958677032232482,0.3262538946702241,20.0,6.0,SMARTER,3,16.466059672674135,17.89857728227416,5.501441403272102,4.71830645976308,4.9141741629863285,0.0,,,2021-07-29 07:00:00
6898.0,1627628400.0,silty,2021,0.0571042693413528,0.1958677032232482,20.0,6.0,SMARTER,3,0.0,16.466059672674135,7.363960029273559,4.71830645976308,4.814873387994404,0.0,,,2021-07-30 07:00:00
6899.0,1627714800.0,silty,2021,0.1653772317187758,0.1958677032232482,20.0,6.0,SMARTER,3,0.0,16.466059672674135,8.127164249908118,4.71830645976308,4.883683691481856,0.0,,,2021-07-31 07:00:00
6900.0,1627801200.0,silty,2021,0.3439938565718038,0.1958677032232482,20.0,6.0,SMARTER,3,21.49254587907607,16.466059672674135,7.011084171391055,4.71830645976308,5.062300316334884,9.0,,,2021-08-01 07:00:00
6901.0,1627887600.0,silty,2021,-0.0243695731780497,0.3439938565718038,20.0,6.0,SMARTER,3,0.0,21.49254587907607,7.304828236834061,4.71830645976308,4.758190490023356,0.0,,,2021-08-02 07:00:00
6902.0,1627974000.0,silty,2021,-0.0290086039121852,0.3439938565718038,20.0,6.0,SMARTER,3,0.0,21.49254587907607,7.320018177389831,4.71830645976308,4.689297855850895,0.0,,,2021-08-03 07:00:00
6903.0,1628060400.0,silty,2021,0.1882167625938859,0.3439938565718038,20.0,6.0,SMARTER,3,19.506304575081028,21.49254587907607,8.239496207860649,4.71830645976308,4.906523222356967,0.0,,,2021-08-04 07:00:00
6904.0,1628146800.0,silty,2021,-0.0705434414031331,0.1882167625938859,20.0,6.0,SMARTER,3,0.0,19.506304575081028,4.198759507591638,4.71830645976308,4.700254968698897,0.0,,,2021-08-05 07:00:00
6905.0,1628233200.0,silty,2021,0.0291417987556221,0.1882167625938859,20.0,6.0,SMARTER,3,0.0,19.506304575081028,8.25634687060054,4.71830645976308,4.747448258518703,0.0,,,2021-08-06 07:00:00
6906.0,1628319600.0,silty,2021,0.2482432635214767,0.1882167625938859,20.0,6.0,SMARTER,3,22.196294174761704,19.506304575081028,7.823891414052509,4.71830645976308,4.966549723284557,0.0,,,2021-08-07 07:00:00
6907.0,1628406000.0,silty,2021,0.0115006627992826,0.2482432635214767,20.0,6.0,SMARTER,3,0.0,22.196294174761704,6.805842568347599,4.71830645976308,4.785099809232648,0.0,,,2021-08-08 07:00:00
6908.0,1628492400.0,silty,2021,0.0655831120102486,0.2482432635214767,20.0,6.0,SMARTER,3,0.0,22.196294174761704,8.235329351972808,4.71830645976308,4.7838895717733285,0.0,,,2021-08-09 07:00:00
6909.0,1656054000.0,silty,2022,-0.2788604325414178,0.0,20.0,6.0,SMARTER,3,0.0,0.0,5.717907755951627,4.71830645976308,4.439466320129855,0.0,,,2022-06-24 07:00:00
6910.0,1656140400.0,silty,2022,-0.0739584526379522,0.0,20.0,6.0,SMARTER,3,0.0,0.0,9.203948870710636,4.71830645976308,4.644348007125128,0.0,,,2022-06-25 07:00:00
6911.0,1656226800.0,silty,2022,0.1319461742477244,0.0,20.0,6.0,SMARTER,3,3.4306005304408345,0.0,9.569797117975432,4.71830645976308,4.850252634010805,0.0,,,2022-06-26 07:00:00
6912.0,1656313200.0,silty,2022,0.2345831340590163,0.1319461742477244,20.0,6.0,SMARTER,3,0.0,3.4306005304408345,8.693094774412245,4.71830645976308,4.952889593822096,0.0,,,2022-06-27 07:00:00
6913.0,1656399600.0,silty,2022,0.3639425694805458,0.1319461742477244,20.0,6.0,SMARTER,3,0.0,3.4306005304408345,7.460713537351751,4.71830645976308,5.082249029243626,1.6,,,2022-06-28 07:00:00
6914.0,1656486000.0,silty,2022,0.3953695267138303,0.1319461742477244,20.0,6.0,SMARTER,3,11.071284740045936,3.4306005304408345,1.8323231735051733,4.71830645976308,5.113675986476911,0.0,,,2022-06-29 07:00:00
6915.0,1656572400.0,silty,2022,0.2526363599027794,0.3953695267138303,20.0,6.0,SMARTER,3,0.0,11.071284740045936,6.425725286268609,4.71830645976308,4.97671782363073,0.0,,,2022-06-30 07:00:00
6916.0,1656658800.0,silty,2022,0.3852463207822379,0.3953695267138303,20.0,6.0,SMARTER,3,0.0,11.071284740045936,8.481182130641368,4.71830645976308,5.103552780545318,0.0,,,2022-07-01 07:00:00
6917.0,1656745200.0,silty,2022,0.5414552836689542,0.3953695267138303,20.0,6.0,SMARTER,3,17.24173158116214,11.071284740045936,9.684100900879589,4.71830645976308,5.259761743432034,0.0,,,2022-07-02 07:00:00
6918.0,1656831600.0,silty,2022,0.319791998094859,0.5414552836689542,20.0,6.0,SMARTER,3,0.0,17.24173158116214,7.875822878948619,4.71830645976308,5.059118990308062,0.0,,,2022-07-03 07:00:00
6919.0,1656918000.0,silty,2022,0.3808643679813645,0.5414552836689542,20.0,6.0,SMARTER,3,0.0,17.24173158116214,8.846129638751195,4.71830645976308,5.0991708277444445,0.0,,,2022-07-04 07:00:00
6920.0,1657004400.0,silty,2022,0.5281376225201486,0.5414552836689542,20.0,6.0,SMARTER,3,20.14420409330692,17.24173158116214,8.353871892123982,4.71830645976308,5.246444082283229,0.0,,,2022-07-05 07:00:00
6921.0,1657090800.0,silty,2022,0.2707233382042913,0.5281376225201486,20.0,6.0,SMARTER,3,0.0,20.14420409330692,8.10868026961472,4.71830645976308,5.023074954141412,0.0,,,2022-07-06 07:00:00
6922.0,1657177200.0,silty,2022,0.2352447508004727,0.5281376225201486,20.0,6.0,SMARTER,3,0.0,20.14420409330692,5.27960920736311,4.71830645976308,4.953551210563553,11.6,,,2022-07-07 07:00:00
6923.0,1657263600.0,silty,2022,0.309081455229197,0.5281376225201486,20.0,6.0,SMARTER,3,17.617569478863068,20.14420409330692,7.275206390354677,4.71830645976308,5.0273879149922776,0.0,,,2022-07-08 07:00:00
6924.0,1657350000.0,silty,2022,0.0587690802323683,0.309081455229197,20.0,6.0,SMARTER,3,0.0,17.617569478863068,7.121172904786319,4.71830645976308,4.822945307028951,0.0,,,2022-07-09 07:00:00
6925.0,1657436400.0,silty,2022,0.1130513381725348,0.309081455229197,20.0,6.0,SMARTER,3,0.0,17.617569478863068,7.612583271961939,4.71830645976308,4.831357797935615,0.0,,,2022-07-10 07:00:00
6926.0,1657522800.0,silty,2022,0.3119642446419096,0.309081455229197,20.0,6.0,SMARTER,3,19.547010734968776,17.617569478863068,8.472336750464112,4.71830645976308,5.03027070440499,0.0,,,2022-07-11 07:00:00
6927.0,1657609200.0,silty,2022,0.1045333762127714,0.3119642446419096,20.0,6.0,SMARTER,3,0.0,19.547010734968776,7.487993037508327,4.71830645976308,4.864276498667057,0.0,,,2022-07-12 07:00:00
6928.0,1657695600.0,silty,2022,0.1012449811655735,0.3119642446419096,20.0,6.0,SMARTER,3,0.0,19.547010734968776,5.439558555641069,4.71830645976308,4.819551440928654,0.0,,,2022-07-13 07:00:00
6929.0,1657782000.0,silty,2022,0.3031263939647429,0.3119642446419096,20.0,6.0,SMARTER,3,21.1890120852139,19.547010734968776,8.254676604732598,4.71830645976308,5.021432853727823,0.0,,,2022-07-14 07:00:00
6930.0,1657868400.0,silty,2022,0.124051999553333,0.3031263939647429,20.0,6.0,SMARTER,3,0.0,21.1890120852139,9.447916516172471,4.71830645976308,4.885503464934768,0.0,,,2022-07-15 07:00:00
6931.0,1657954800.0,silty,2022,0.1881810029904755,0.3031263939647429,20.0,6.0,SMARTER,3,0.0,21.1890120852139,8.968687582898376,4.71830645976308,4.906487462753556,0.0,,,2022-07-16 07:00:00
6932.0,1658041200.0,silty,2022,0.3703600826541149,0.3031263939647429,20.0,6.0,SMARTER,3,24.75584635492603,21.1890120852139,7.701644419417017,4.71830645976308,5.088666542417196,0.0,,,2022-07-17 07:00:00
6933.0,1658127600.0,silty,2022,0.0611626570939423,0.3703600826541149,20.0,6.0,SMARTER,3,0.0,24.75584635492603,7.236620092977568,4.71830645976308,4.8389567589684646,0.0,,,2022-07-18 07:00:00
6934.0,1658214000.0,silty,2022,0.074721349395,0.3703600826541149,20.0,6.0,SMARTER,3,0.0,24.75584635492603,7.976539558735554,4.71830645976308,4.7930278091580805,0.0,,,2022-07-19 07:00:00
6935.0,1658300400.0,silty,2022,0.3060578249667254,0.3703600826541149,20.0,6.0,SMARTER,3,25.3061481509786,24.75584635492603,9.031637030513592,4.71830645976308,5.024364284729805,0.0,,,2022-07-20 07:00:00
6936.0,1658386800.0,silty,2022,0.0282626409426989,0.3060578249667254,20.0,6.0,SMARTER,3,0.0,25.3061481509786,8.523521442036436,4.71830645976308,4.80906997723781,0.0,,,2022-07-21 07:00:00
6937.0,1687590000.0,silty,2023,-0.4524685625945971,0.0,20.0,6.0,SMARTER,3,0.0,0.0,6.3387606045021405,4.71830645976308,4.265837897168483,0.0,,,2023-06-24 07:00:00
6938.0,1687676400.0,silty,2023,-0.2887355392735605,0.0,20.0,6.0,SMARTER,3,0.0,0.0,7.077332335884068,4.71830645976308,4.429570920489519,0.0,,,2023-06-25 07:00:00
6939.0,1687762800.0,silty,2023,-0.1371745062246286,0.0,20.0,6.0,SMARTER,3,0.0,0.0,6.229180911248416,4.71830645976308,4.581131953538452,0.0,,,2023-06-26 07:00:00
6940.0,1687849200.0,silty,2023,0.041687053966818,-0.1371745062246286,20.0,6.0,SMARTER,3,0.0,0.0,7.717627618312005,4.71830645976308,4.759993513729898,0.0,,,2023-06-27 07:00:00
6941.0,1687935600.0,silty,2023,0.2101416656441712,-0.1371745062246286,20.0,6.0,SMARTER,3,0.0,0.0,8.190146658736474,4.71830645976308,4.928448125407251,0.0,,,2023-06-28 07:00:00
6942.0,1688022000.0,silty,2023,0.2581502733727324,-0.1371745062246286,20.0,6.0,SMARTER,3,9.455397232183614,0.0,2.6534944981591777,4.71830645976308,4.976456733135812,0.0,,,2023-06-29 07:00:00
6943.0,1688108400.0,silty,2023,0.1914278759199209,0.2581502733727324,20.0,6.0,SMARTER,3,0.0,9.455397232183614,7.811921140444205,4.71830645976308,4.909734335683002,0.0,,,2023-06-30 07:00:00
6944.0,1688194800.0,silty,2023,0.2377704542552172,0.2581502733727324,20.0,6.0,SMARTER,3,0.0,9.455397232183614,2.989408376370308,4.71830645976308,4.956076914018298,0.0,,,2023-07-01 07:00:00
6945.0,1688281200.0,silty,2023,0.3074506025703427,0.2581502733727324,20.0,6.0,SMARTER,3,12.286107431557877,9.455397232183614,3.628606534620321,4.71830645976308,5.025757062333423,0.0,,,2023-07-02 07:00:00
6946.0,1688367600.0,silty,2023,0.1489780759291812,0.3074506025703427,20.0,6.0,SMARTER,3,0.0,12.286107431557877,5.9091258835011,4.71830645976308,4.879556241707651,0.0,,,2023-07-03 07:00:00
6947.0,1688454000.0,silty,2023,0.2520749086429406,0.3074506025703427,20.0,6.0,SMARTER,3,0.0,12.286107431557877,6.621532339824514,4.71830645976308,4.970381368406021,0.0,,,2023-07-04 07:00:00
6948.0,1688540400.0,silty,2023,0.3800299562047687,0.3074506025703427,20.0,6.0,SMARTER,3,16.01787424147501,12.286107431557877,6.395412175418061,4.71830645976308,5.098336415967849,0.0,,,2023-07-05 07:00:00
6949.0,1688626800.0,silty,2023,0.1991811945951085,0.3800299562047687,20.0,6.0,SMARTER,3,0.0,16.01787424147501,7.492344925936937,4.71830645976308,4.940479719195589,5.0,,,2023-07-06 07:00:00
6950.0,1688713200.0,silty,2023,0.1378836500524631,0.3800299562047687,20.0,6.0,SMARTER,3,0.0,16.01787424147501,3.3788724562330463,4.71830645976308,4.856190109815543,0.0,,,2023-07-07 07:00:00
6951.0,1688799600.0,silty,2023,0.2712349945929825,0.3800299562047687,20.0,6.0,SMARTER,3,15.46938497679718,16.01787424147501,6.518921569415171,4.71830645976308,4.989541454356063,0.0,,,2023-07-08 07:00:00
6952.0,1688886000.0,silty,2023,0.1094322002577898,0.2712349945929825,20.0,6.0,SMARTER,3,0.0,15.46938497679718,7.0675670514600375,4.71830645976308,4.857353842140348,0.0,,,2023-07-09 07:00:00
6953.0,1688972400.0,silty,2023,0.1873411607497351,0.2712349945929825,20.0,6.0,SMARTER,3,0.0,15.46938497679718,6.961944041187434,4.71830645976308,4.905647620512815,0.0,,,2023-07-10 07:00:00
6954.0,1689058800.0,silty,2023,0.3608754781155545,0.2712349945929825,20.0,6.0,SMARTER,3,19.427447515941942,15.46938497679718,7.523781176422247,4.71830645976308,5.0791819378786345,0.0,,,2023-07-11 07:00:00
6955.0,1689145200.0,silty,2023,0.1539431966909896,0.3608754781155545,20.0,6.0,SMARTER,3,0.0,19.427447515941942,7.806608352298979,4.71830645976308,4.908164811024756,0.0,,,2023-07-12 07:00:00
6956.0,1689231600.0,silty,2023,0.1957759779222212,0.3608754781155545,20.0,6.0,SMARTER,3,0.0,19.427447515941942,7.714035948667738,4.71830645976308,4.914082437685302,22.8,,,2023-07-13 07:00:00
6957.0,1689318000.0,silty,2023,-0.069292730016536,0.3608754781155545,20.0,6.0,SMARTER,3,10.40832697320092,19.427447515941942,2.9961159428327533,4.71830645976308,4.649013729746544,0.0,,,2023-07-14 07:00:00
6958.0,1689404400.0,silty,2023,-0.2120014858944643,-0.069292730016536,20.0,6.0,SMARTER,3,0.0,10.40832697320092,5.390782029334142,4.71830645976308,4.537702047822857,0.0,,,2023-07-15 07:00:00
6959.0,1689490800.0,silty,2023,-0.0293180268165423,-0.069292730016536,20.0,6.0,SMARTER,3,0.0,10.40832697320092,7.109056997180415,4.71830645976308,4.688988432946538,0.0,,,2023-07-16 07:00:00
6960.0,1689577200.0,silty,2023,0.1703624683541394,-0.069292730016536,20.0,6.0,SMARTER,3,16.223605750739267,10.40832697320092,6.608581357186508,4.71830645976308,4.88866892811722,0.0,,,2023-07-17 07:00:00
6961.0,1689663600.0,silty,2023,0.0610366732853356,0.1703624683541394,20.0,6.0,SMARTER,3,0.0,16.223605750739267,7.500311698248804,4.71830645976308,4.809763404043282,0.0,,,2023-07-18 07:00:00
6962.0,1689750000.0,silty,2023,0.1655271585856932,0.1703624683541394,20.0,6.0,SMARTER,3,0.0,16.223605750739267,7.063404491828016,4.71830645976308,4.883833618348773,0.0,,,2023-07-19 07:00:00
6963.0,1689836400.0,silty,2023,0.3812161259555031,0.1703624683541394,20.0,6.0,SMARTER,3,22.72797565849956,16.223605750739267,7.949048805371062,4.71830645976308,5.099522585718583,0.0,,,2023-07-20 07:00:00
6964.0,1689922800.0,silty,2023,0.0964843741495529,0.3812161259555031,20.0,6.0,SMARTER,3,0.0,22.72797565849956,6.202164075023188,4.71830645976308,4.863475185044395,0.0,,,2023-07-21 07:00:00
6965.0,1719212400.0,silty,2024,-0.8449623694069076,0.0,20.0,6.0,SMARTER,3,0.0,0.0,1.5856569477409397,4.71830645976308,3.89369980150298,5.8,,,2024-06-24 07:00:00
6966.0,1719298800.0,silty,2024,-0.8890068805905569,0.0,20.0,6.0,SMARTER,3,0.0,0.0,1.643019943771474,4.71830645976308,3.829299579172524,12.6,,,2024-06-25 07:00:00
6967.0,1719385200.0,silty,2024,-0.9781873143956714,0.0,20.0,6.0,SMARTER,3,0.0,0.0,3.7360647761286776,4.71830645976308,3.7404171917138886,1.0,,,2024-06-26 07:00:00
6968.0,1719471600.0,silty,2024,-0.9543770235994224,-0.9781873143956714,20.0,6.0,SMARTER,3,0.0,0.0,3.283058105037508,4.71830645976308,3.7639294361636577,0.0,,,2024-06-27 07:00:00
6969.0,1719558000.0,silty,2024,-0.7222296554076789,-0.9781873143956714,20.0,6.0,SMARTER,3,0.0,0.0,8.105450401178516,4.71830645976308,3.996076804355402,0.0,,,2024-06-28 07:00:00
6970.0,1719644400.0,silty,2024,-0.5206623503001531,-0.9781873143956714,20.0,6.0,SMARTER,3,0.0,0.0,6.855392222915658,4.71830645976308,4.197644109462927,0.0,,,2024-06-29 07:00:00
6971.0,1719730800.0,silty,2024,-0.3294609917456443,-0.5206623503001531,20.0,6.0,SMARTER,3,0.0,0.0,6.275478723242181,4.71830645976308,4.388845468017436,0.0,,,2024-06-30 07:00:00
6972.0,1719817200.0,silty,2024,-0.0703104762086716,-0.5206623503001531,20.0,6.0,SMARTER,3,0.0,0.0,9.008052630760128,4.71830645976308,4.6479959835544085,0.0,,,2024-07-01 07:00:00
6973.0,1719903600.0,silty,2024,0.0873526086461769,-0.5206623503001531,20.0,6.0,SMARTER,3,12.68441483080366,0.0,6.40343719338403,4.71830645976308,4.805659068409257,0.0,,,2024-07-02 07:00:00
6974.0,1719990000.0,silty,2024,-0.0255541458188476,0.0873526086461769,20.0,6.0,SMARTER,3,0.0,12.68441483080366,6.828302846826217,4.71830645976308,4.701221636917654,0.0,,,2024-07-03 07:00:00
6975.0,1720076400.0,silty,2024,0.0259394711846544,0.0873526086461769,20.0,6.0,SMARTER,3,0.0,12.68441483080366,3.501203041998366,4.71830645976308,4.744245930947734,0.0,,,2024-07-04 07:00:00
6976.0,1720162800.0,silty,2024,0.1300594917097464,0.0873526086461769,20.0,6.0,SMARTER,3,14.318909442333531,12.68441483080366,4.110755932356144,4.71830645976308,4.848365951472827,0.0,,,2024-07-05 07:00:00
6977.0,1720249200.0,silty,2024,0.0107927211155782,0.1300594917097464,20.0,6.0,SMARTER,3,0.0,14.318909442333531,7.570021332731803,4.71830645976308,4.749279487910646,0.0,,,2024-07-06 07:00:00
6978.0,1720335600.0,silty,2024,0.1454771154913491,0.1300594917097464,20.0,6.0,SMARTER,3,0.0,14.318909442333531,8.236770338981968,4.71830645976308,4.86378357525443,0.0,,,2024-07-07 07:00:00
6979.0,1720422000.0,silty,2024,0.2270646791111952,0.1300594917097464,20.0,6.0,SMARTER,3,17.621401265029682,14.318909442333531,3.5751601774979624,4.71830645976308,4.945371138874275,0.0,,,2024-07-08 07:00:00
6980.0,1720508400.0,silty,2024,0.0215345911164753,0.2270646791111952,20.0,6.0,SMARTER,3,0.0,17.621401265029682,6.021523561190189,4.71830645976308,4.773131345999815,1.0,,,2024-07-09 07:00:00
6981.0,1720594800.0,silty,2024,0.0606094524869376,0.2270646791111952,20.0,6.0,SMARTER,3,0.0,17.621401265029682,6.408995121084742,4.71830645976308,4.778915912250018,0.0,,,2024-07-10 07:00:00
6982.0,1720681200.0,silty,2024,0.2366291142401332,0.2270646791111952,20.0,6.0,SMARTER,3,19.23246465304924,17.621401265029682,7.100145056634385,4.71830645976308,4.954935574003214,0.0,,,2024-07-11 07:00:00
6983.0,1720767600.0,silty,2024,0.0680464659129299,0.2366291142401332,20.0,6.0,SMARTER,3,0.0,19.23246465304924,8.417233027045325,4.71830645976308,4.823462397289625,0.0,,,2024-07-12 07:00:00
6984.0,1720854000.0,silty,2024,0.1722456392929031,0.2366291142401332,20.0,6.0,SMARTER,3,0.0,19.23246465304924,9.478835789843243,4.71830645976308,4.890552099055983,0.0,,,2024-07-13 07:00:00
6985.0,1720940400.0,silty,2024,0.377449932299208,0.2366291142401332,20.0,6.0,SMARTER,3,24.313580608025987,19.23246465304924,8.65408688020589,4.71830645976308,5.095756392062288,0.0,,,2024-07-14 07:00:00
6986.0,1721026800.0,silty,2024,0.0891856144598969,0.377449932299208,20.0,6.0,SMARTER,3,0.0,24.313580608025987,8.038553013013921,4.71830645976308,4.859783365927706,0.0,,,2024-07-15 07:00:00
6987.0,1721113200.0,silty,2024,0.1047654167977803,0.377449932299208,20.0,6.0,SMARTER,3,0.0,24.313580608025987,8.079175888672749,4.71830645976308,4.823071876560861,0.0,,,2024-07-16 07:00:00
6988.0,1721199600.0,silty,2024,0.3498034882504233,0.377449932299208,20.0,6.0,SMARTER,3,25.859472656552835,24.313580608025987,9.89638188136864,4.71830645976308,5.068109948013504,0.0,,,2024-07-17 07:00:00
6989.0,1721286000.0,silty,2024,0.0564884383755713,0.3498034882504233,20.0,6.0,SMARTER,3,0.0,25.859472656552835,8.856197692783795,4.71830645976308,4.834741955888712,0.0,,,2024-07-18 07:00:00
6990.0,1721372400.0,silty,2024,0.0807083093964902,0.3498034882504233,20.0,6.0,SMARTER,3,0.0,25.859472656552835,8.59349226880255,4.71830645976308,4.79901476915957,0.0,,,2024-07-19 07:00:00
6991.0,1721458800.0,silty,2024,0.2472320722419753,0.3498034882504233,20.0,6.0,SMARTER,3,25.291436769835727,25.859472656552835,6.5994601364997925,4.71830645976308,4.965538532005056,0.0,,,2024-07-20 07:00:00
6992.0,1721545200.0,silty,2024,-0.0795217581291979,0.2472320722419753,20.0,6.0,SMARTER,3,0.0,25.291436769835727,6.35886520949269,4.71830645976308,4.711581321239637,0.0,,,2024-07-21 07:00:00
6993.0,1626073200.0,silty,2021,0.3306482264002303,0.0,15.0,4.5,SMARTER,2,0.0,0.0,8.171899400888595,4.71830645976308,5.04895468616331,0.0,,,2021-07-12 07:00:00
6994.0,1626159600.0,silty,2021,0.4892336919437809,0.0,15.0,4.5,SMARTER,2,9.540056992903729,0.0,7.307248568315713,4.71830645976308,5.207540151706861,49.2,,,2021-07-13 07:00:00
6995.0,1626246000.0,silty,2021,-0.6208091264890852,0.4892336919437809,15.0,4.5,SMARTER,2,0.0,9.540056992903729,3.7200181370317593,4.71830645976308,4.183294334516733,0.0,,,2021-07-14 07:00:00
6996.0,1626332400.0,silty,2021,-0.4820269862830895,0.4892336919437809,15.0,4.5,SMARTER,2,0.0,9.540056992903729,6.588938290136868,4.71830645976308,4.236279473479991,0.0,,,2021-07-15 07:00:00
6997.0,1626418800.0,silty,2021,-0.3441048934358551,-0.4820269862830895,15.0,4.5,SMARTER,2,0.0,0.0,4.2070949143533625,4.71830645976308,4.374201566327225,10.8,,,2021-07-16 07:00:00
6998.0,1626505200.0,silty,2021,-0.4740318888188049,-0.4820269862830895,15.0,4.5,SMARTER,2,0.0,0.0,1.7206288405645938,4.71830645976308,4.244274570944276,0.8,,,2021-07-17 07:00:00
6999.0,1626591600.0,silty,2021,-0.434033305926822,-0.4740318888188049,15.0,4.5,SMARTER,2,0.0,0.0,2.339819333016992,4.71830645976308,4.284273153836258,0.0,,,2021-07-18 07:00:00
7000.0,1626678000.0,silty,2021,-0.2165032115689894,-0.4740318888188049,15.0,4.5,SMARTER,2,2.88866570668678,0.0,5.542148180411579,4.71830645976308,4.501803248194091,0.0,,,2021-07-19 07:00:00
7001.0,1626764400.0,silty,2021,-0.0316203405608319,-0.2165032115689894,15.0,4.5,SMARTER,2,0.0,2.88866570668678,6.336708517861463,4.71830645976308,4.686686119202248,0.0,,,2021-07-20 07:00:00
7002.0,1626850800.0,silty,2021,0.2322222235116093,-0.2165032115689894,15.0,4.5,SMARTER,2,10.664547238698004,2.88866570668678,7.723088615724408,4.71830645976308,4.9505286832746895,0.0,,,2021-07-21 07:00:00
7003.0,1626937200.0,silty,2021,0.1602116417854775,0.2322222235116093,15.0,4.5,SMARTER,2,0.0,10.664547238698004,6.384988487195638,4.71830645976308,4.884834392783485,0.0,,,2021-07-22 07:00:00
7004.0,1627023600.0,silty,2021,0.3285584787008674,0.2322222235116093,15.0,4.5,SMARTER,2,13.58810422069078,10.664547238698004,6.724001721462045,4.71830645976308,5.046864938463948,0.0,,,2021-07-23 07:00:00
7005.0,1627110000.0,silty,2021,0.1954558747503961,0.3285584787008674,15.0,4.5,SMARTER,2,0.0,13.58810422069078,6.639604206034317,4.71830645976308,4.938020481243393,0.0,,,2021-07-24 07:00:00
7006.0,1627196400.0,silty,2021,0.2857147653571679,0.3285584787008674,15.0,4.5,SMARTER,2,14.23116496464254,13.58810422069078,6.068344799075018,4.71830645976308,5.0040212251202485,0.0,,,2021-07-25 07:00:00
7007.0,1627282800.0,silty,2021,0.0673102620833803,0.2857147653571679,15.0,4.5,SMARTER,2,0.0,14.23116496464254,3.7441148307248353,4.71830645976308,4.822951302208984,0.0,,,2021-07-26 07:00:00
7008.0,1627369200.0,silty,2021,0.1299460500977816,0.2857147653571679,15.0,4.5,SMARTER,2,12.479391461191762,14.23116496464254,5.25782491390273,4.71830645976308,4.8482525098608615,1.0,,,2021-07-27 07:00:00
7009.0,1627455600.0,silty,2021,-0.0610707772776081,0.1299460500977816,15.0,4.5,SMARTER,2,0.0,12.479391461191762,4.067188753317478,4.71830645976308,4.695958295194072,0.0,,,2021-07-28 07:00:00
7010.0,1627542000.0,silty,2021,0.0444565369397069,0.1299460500977816,15.0,4.5,SMARTER,2,11.397103180049324,12.479391461191762,5.501441403272102,4.71830645976308,4.762762996702787,0.0,,,2021-07-29 07:00:00
7011.0,1627628400.0,silty,2021,-0.0087429771665326,0.0444565369397069,15.0,4.5,SMARTER,2,0.0,11.397103180049324,7.363960029273559,4.71830645976308,4.735971057621569,0.0,,,2021-07-30 07:00:00
7012.0,1627714800.0,silty,2021,0.1869491545727679,0.0444565369397069,15.0,4.5,SMARTER,2,14.375763640122692,11.397103180049324,8.127164249908118,4.71830645976308,4.905255614335848,0.0,,,2021-07-31 07:00:00
7013.0,1627801200.0,silty,2021,0.0205999081851181,0.1869491545727679,15.0,4.5,SMARTER,2,0.0,14.375763640122692,7.011084171391055,4.71830645976308,4.802556414132401,9.0,,,2021-08-01 07:00:00
7014.0,1627887600.0,silty,2021,0.060033788343246,0.1869491545727679,15.0,4.5,SMARTER,2,12.742185194224472,14.375763640122692,7.304828236834061,4.71830645976308,4.778340248106327,0.0,,,2021-08-02 07:00:00
7015.0,1627974000.0,silty,2021,-0.042864969251192,0.060033788343246,15.0,4.5,SMARTER,2,0.0,12.742185194224472,7.320018177389831,4.71830645976308,4.7109164258379375,0.0,,,2021-08-03 07:00:00
7016.0,1628060400.0,silty,2021,0.1349547697604023,0.060033788343246,15.0,4.5,SMARTER,2,14.473296379403626,12.742185194224472,8.239496207860649,4.71830645976308,4.853261229523483,0.0,,,2021-08-04 07:00:00
7017.0,1628146800.0,silty,2021,-0.0569746028844563,0.1349547697604023,15.0,4.5,SMARTER,2,0.0,14.473296379403626,4.198759507591638,4.71830645976308,4.702282192410385,0.0,,,2021-08-05 07:00:00
7018.0,1628233200.0,silty,2021,0.1154112750628147,0.1349547697604023,15.0,4.5,SMARTER,2,14.699494696722478,14.473296379403626,8.25634687060054,4.71830645976308,4.833717734825895,0.0,,,2021-08-06 07:00:00
7019.0,1628319600.0,silty,2021,0.0179909177171678,0.1154112750628147,15.0,4.5,SMARTER,2,0.0,14.699494696722478,7.823891414052509,4.71830645976308,4.774890376740426,0.0,,,2021-08-07 07:00:00
7020.0,1628406000.0,silty,2021,0.1331841347178381,0.1154112750628147,15.0,4.5,SMARTER,2,15.5654161977781,14.699494696722478,6.805842568347599,4.71830645976308,4.851490594480919,0.0,,,2021-08-08 07:00:00
7021.0,1628492400.0,silty,2021,0.0310993737051605,0.1331841347178381,15.0,4.5,SMARTER,2,0.0,15.5654161977781,8.235329351972808,4.71830645976308,4.789413975533474,0.0,,,2021-08-09 07:00:00
7022.0,1656054000.0,silty,2022,-0.2788604325414178,0.0,15.0,4.5,SMARTER,2,0.0,0.0,5.717907755951627,4.71830645976308,4.439466320129855,0.0,,,2022-06-24 07:00:00
7023.0,1656140400.0,silty,2022,-0.0739584526379522,0.0,15.0,4.5,SMARTER,2,0.0,0.0,9.203948870710636,4.71830645976308,4.644348007125128,0.0,,,2022-06-25 07:00:00
7024.0,1656226800.0,silty,2022,0.1319461742477244,-0.0739584526379522,15.0,4.5,SMARTER,2,0.0,0.0,9.569797117975432,4.71830645976308,4.850252634010805,0.0,,,2022-06-26 07:00:00
7025.0,1656313200.0,silty,2022,0.3034612139337153,-0.0739584526379522,15.0,4.5,SMARTER,2,7.026870461276733,0.0,8.693094774412245,4.71830645976308,5.021767673696796,0.0,,,2022-06-27 07:00:00
7026.0,1656399600.0,silty,2022,0.2784171013540389,0.3034612139337153,15.0,4.5,SMARTER,2,0.0,7.026870461276733,7.460713537351751,4.71830645976308,4.996723561117119,1.6,,,2022-06-28 07:00:00
7027.0,1656486000.0,silty,2022,0.3045467679574516,0.3034612139337153,15.0,4.5,SMARTER,2,8.413614227441311,7.026870461276733,1.8323231735051733,4.71830645976308,5.022853227720532,0.0,,,2022-06-29 07:00:00
7028.0,1656572400.0,silty,2022,0.2261492549678349,0.3045467679574516,15.0,4.5,SMARTER,2,0.0,8.413614227441311,6.425725286268609,4.71830645976308,4.944455714730915,0.0,,,2022-06-30 07:00:00
7029.0,1656658800.0,silty,2022,0.370748972762929,0.3045467679574516,15.0,4.5,SMARTER,2,11.075017676956652,8.413614227441311,8.481182130641368,4.71830645976308,5.089055432526009,0.0,,,2022-07-01 07:00:00
7030.0,1656745200.0,silty,2022,0.2846901218950473,0.370748972762929,15.0,4.5,SMARTER,2,0.0,11.075017676956652,9.684100900879589,4.71830645976308,5.011001128259212,0.0,,,2022-07-02 07:00:00
7031.0,1656831600.0,silty,2022,0.4069952406023989,0.370748972762929,15.0,4.5,SMARTER,2,13.450190277259496,11.075017676956652,7.875822878948619,4.71830645976308,5.125301700365479,0.0,,,2022-07-03 07:00:00
7032.0,1656918000.0,silty,2022,0.2697761228953509,0.4069952406023989,15.0,4.5,SMARTER,2,0.0,13.450190277259496,8.846129638751195,4.71830645976308,5.006901324751095,0.0,,,2022-07-04 07:00:00
7033.0,1657004400.0,silty,2022,0.3759893867147941,0.4069952406023989,15.0,4.5,SMARTER,2,14.677054709162,13.450190277259496,8.353871892123982,4.71830645976308,5.094295846477874,0.0,,,2022-07-05 07:00:00
7034.0,1657090800.0,silty,2022,0.2111602366538646,0.3759893867147941,15.0,4.5,SMARTER,2,0.0,14.677054709162,8.10868026961472,4.71830645976308,4.957931458914804,0.0,,,2022-07-06 07:00:00
7035.0,1657177200.0,silty,2022,0.2465887342078312,0.3759893867147941,15.0,4.5,SMARTER,2,13.845694225492796,14.677054709162,5.27960920736311,4.71830645976308,4.964895193970912,11.6,,,2022-07-07 07:00:00
7036.0,1657263600.0,silty,2022,-0.022359411125188,0.2465887342078312,15.0,4.5,SMARTER,2,0.0,13.845694225492796,7.275206390354677,4.71830645976308,4.749572064529727,0.0,,,2022-07-08 07:00:00
7037.0,1657350000.0,silty,2022,0.052656113340653,0.2465887342078312,15.0,4.5,SMARTER,2,11.173657422518062,13.845694225492796,7.121172904786319,4.71830645976308,4.770962573103733,0.0,,,2022-07-09 07:00:00
7038.0,1657436400.0,silty,2022,-0.0248111349994115,0.052656113340653,15.0,4.5,SMARTER,2,0.0,11.173657422518062,7.612583271961939,4.71830645976308,4.720061728949272,0.0,,,2022-07-10 07:00:00
7039.0,1657522800.0,silty,2022,0.1594862726104028,0.052656113340653,15.0,4.5,SMARTER,2,13.49379803831112,11.173657422518062,8.472336750464112,4.71830645976308,4.877792732373483,0.0,,,2022-07-11 07:00:00
7040.0,1657609200.0,silty,2022,0.0469699218238649,0.1594862726104028,15.0,4.5,SMARTER,2,0.0,13.49379803831112,7.487993037508327,4.71830645976308,4.796079868489753,0.0,,,2022-07-12 07:00:00
7041.0,1657695600.0,silty,2022,0.1296847011494163,0.1594862726104028,15.0,4.5,SMARTER,2,13.6303556215687,13.49379803831112,5.439558555641069,4.71830645976308,4.847991160912496,0.0,,,2022-07-13 07:00:00
7042.0,1657782000.0,silty,2022,0.0386164135996073,0.1296847011494163,15.0,4.5,SMARTER,2,0.0,13.6303556215687,8.254676604732598,4.71830645976308,4.788829232767081,0.0,,,2022-07-14 07:00:00
7043.0,1657868400.0,silty,2022,0.2198957313458971,0.1296847011494163,15.0,4.5,SMARTER,2,15.973051865572447,13.6303556215687,9.447916516172471,4.71830645976308,4.938202191108977,0.0,,,2022-07-15 07:00:00
7044.0,1657954800.0,silty,2022,0.1052737092824599,0.2198957313458971,15.0,4.5,SMARTER,2,0.0,15.973051865572447,8.968687582898376,4.71830645976308,4.858834004650563,0.0,,,2022-07-16 07:00:00
7045.0,1658041200.0,silty,2022,0.2053598352508928,0.2198957313458971,15.0,4.5,SMARTER,2,16.6791326827764,15.973051865572447,7.701644419417017,4.71830645976308,4.923666295013973,0.0,,,2022-07-17 07:00:00
7046.0,1658127600.0,silty,2022,0.037177961042352,0.2053598352508928,15.0,4.5,SMARTER,2,0.0,16.6791326827764,7.236620092977568,4.71830645976308,4.799514663828719,0.0,,,2022-07-18 07:00:00
7047.0,1658214000.0,silty,2022,0.1420373886802544,0.2053598352508928,15.0,4.5,SMARTER,2,16.368464233277972,16.6791326827764,7.976539558735554,4.71830645976308,4.860343848443335,0.0,,,2022-07-19 07:00:00
7048.0,1658300400.0,silty,2022,0.0345618158476042,0.1420373886802544,15.0,4.5,SMARTER,2,0.0,16.368464233277972,9.031637030513592,4.71830645976308,4.794925375653924,0.0,,,2022-07-20 07:00:00
7049.0,1658386800.0,silty,2022,0.1620051042653736,0.1420373886802544,15.0,4.5,SMARTER,2,17.39700293624894,16.368464233277972,8.523521442036436,4.71830645976308,4.880311564028454,0.0,,,2022-07-21 07:00:00
7050.0,1687590000.0,silty,2023,-0.4524685625945971,0.0,15.0,4.5,SMARTER,2,0.0,0.0,6.3387606045021405,4.71830645976308,4.265837897168483,0.0,,,2023-06-24 07:00:00
7051.0,1687676400.0,silty,2023,-0.2887355392735605,0.0,15.0,4.5,SMARTER,2,0.0,0.0,7.077332335884068,4.71830645976308,4.429570920489519,0.0,,,2023-06-25 07:00:00
7052.0,1687762800.0,silty,2023,-0.1371745062246286,-0.2887355392735605,15.0,4.5,SMARTER,2,0.0,0.0,6.229180911248416,4.71830645976308,4.581131953538452,0.0,,,2023-06-26 07:00:00
7053.0,1687849200.0,silty,2023,0.041687053966818,-0.2887355392735605,15.0,4.5,SMARTER,2,5.143930641456361,0.0,7.717627618312005,4.71830645976308,4.759993513729898,0.0,,,2023-06-27 07:00:00
7054.0,1687935600.0,silty,2023,0.1047105693557968,0.041687053966818,15.0,4.5,SMARTER,2,0.0,5.143930641456361,8.190146658736474,4.71830645976308,4.823017029118877,0.0,,,2023-06-28 07:00:00
7055.0,1688022000.0,silty,2023,0.1546513492829821,0.041687053966818,15.0,4.5,SMARTER,2,7.53432614297224,5.143930641456361,2.6534944981591777,4.71830645976308,4.872957809046063,0.0,,,2023-06-29 07:00:00
7056.0,1688108400.0,silty,2023,0.1361538193182951,0.1546513492829821,15.0,4.5,SMARTER,2,0.0,7.53432614297224,7.811921140444205,4.71830645976308,4.854460279081375,0.0,,,2023-06-30 07:00:00
7057.0,1688194800.0,silty,2023,0.1850840773040256,0.1546513492829821,15.0,4.5,SMARTER,2,8.82369541115601,7.53432614297224,2.989408376370308,4.71830645976308,4.903390537067106,0.0,,,2023-07-01 07:00:00
7058.0,1688281200.0,silty,2023,0.051927371197551,0.1850840773040256,15.0,4.5,SMARTER,2,0.0,8.82369541115601,3.628606534620321,4.71830645976308,4.771522598733113,0.0,,,2023-07-02 07:00:00
7059.0,1688367600.0,silty,2023,0.1664301592307063,0.1850840773040256,15.0,4.5,SMARTER,2,9.292822356594398,8.82369541115601,5.9091258835011,4.71830645976308,4.884736618993786,0.0,,,2023-07-03 07:00:00
7060.0,1688454000.0,silty,2023,0.0909906948101625,0.1664301592307063,15.0,4.5,SMARTER,2,0.0,9.292822356594398,6.621532339824514,4.71830645976308,4.811902038965999,0.0,,,2023-07-04 07:00:00
7061.0,1688540400.0,silty,2023,0.2145196003920847,0.1664301592307063,15.0,4.5,SMARTER,2,10.979502175779452,9.292822356594398,6.395412175418061,4.71830645976308,4.932826060155165,0.0,,,2023-07-05 07:00:00
7062.0,1688626800.0,silty,2023,0.1207485582700281,0.2145196003920847,15.0,4.5,SMARTER,2,0.0,10.979502175779452,7.492344925936937,4.71830645976308,4.851372573452887,5.0,,,2023-07-06 07:00:00
7063.0,1688713200.0,silty,2023,0.1304544269584708,0.2145196003920847,15.0,4.5,SMARTER,2,10.305569495588363,10.979502175779452,3.3788724562330463,4.71830645976308,4.848760886721551,0.0,,,2023-07-07 07:00:00
7064.0,1688799600.0,silty,2023,0.0184736424575751,0.1304544269584708,15.0,4.5,SMARTER,2,0.0,10.305569495588363,6.518921569415171,4.71830645976308,4.7530289677144175,0.0,,,2023-07-08 07:00:00
7065.0,1688886000.0,silty,2023,0.1653183563654033,0.1304544269584708,15.0,4.5,SMARTER,2,11.572461040336666,10.305569495588363,7.0675670514600375,4.71830645976308,4.883624816128483,0.0,,,2023-07-09 07:00:00
7066.0,1688972400.0,silty,2023,0.0635298683674173,0.1653183563654033,15.0,4.5,SMARTER,2,0.0,11.572461040336666,6.961944041187434,4.71830645976308,4.803071079748492,0.0,,,2023-07-10 07:00:00
7067.0,1689058800.0,silty,2023,0.2135184373182078,0.1653183563654033,15.0,4.5,SMARTER,2,13.25629522256067,11.572461040336666,7.523781176422247,4.71830645976308,4.931824897081288,0.0,,,2023-07-11 07:00:00
7068.0,1689145200.0,silty,2023,0.1035009619621282,0.2135184373182078,15.0,4.5,SMARTER,2,0.0,13.25629522256067,7.806608352298979,4.71830645976308,4.847976428529316,0.0,,,2023-07-12 07:00:00
7069.0,1689231600.0,silty,2023,0.2296764498598767,0.2135184373182078,15.0,4.5,SMARTER,2,14.53220943505515,13.25629522256067,7.714035948667738,4.71830645976308,4.947982909622957,22.8,,,2023-07-13 07:00:00
7070.0,1689318000.0,silty,2023,-0.3851150263813021,0.2296764498598767,15.0,4.5,SMARTER,2,0.0,14.53220943505515,2.9961159428327533,4.71830645976308,4.420202382788077,0.0,,,2023-07-14 07:00:00
7071.0,1689404400.0,silty,2023,-0.3272799322435664,0.2296764498598767,15.0,4.5,SMARTER,2,4.705104008407452,14.53220943505515,5.390782029334142,4.71830645976308,4.3910265275195135,0.0,,,2023-07-15 07:00:00
7072.0,1689490800.0,silty,2023,-0.2125294597265391,-0.3272799322435664,15.0,4.5,SMARTER,2,0.0,4.705104008407452,7.109056997180415,4.71830645976308,4.505777000036541,0.0,,,2023-07-16 07:00:00
7073.0,1689577200.0,silty,2023,-0.0047067725683575,-0.3272799322435664,15.0,4.5,SMARTER,2,9.522520926977975,4.705104008407452,6.608581357186508,4.71830645976308,4.713599687194723,0.0,,,2023-07-17 07:00:00
7074.0,1689663600.0,silty,2023,0.008383231193917,-0.0047067725683575,15.0,4.5,SMARTER,2,0.0,9.522520926977975,7.500311698248804,4.71830645976308,4.731516434931741,0.0,,,2023-07-18 07:00:00
7075.0,1689750000.0,silty,2023,0.2018526327352524,-0.0047067725683575,15.0,4.5,SMARTER,2,13.529248853840762,9.522520926977975,7.063404491828016,4.71830645976308,4.9201590924983325,0.0,,,2023-07-19 07:00:00
7076.0,1689836400.0,silty,2023,0.1224944152379697,0.2018526327352524,15.0,4.5,SMARTER,2,0.0,13.529248853840762,7.949048805371062,4.71830645976308,4.865813317624276,0.0,,,2023-07-20 07:00:00
7077.0,1689922800.0,silty,2023,0.2289944453771208,0.2018526327352524,15.0,4.5,SMARTER,2,14.966851047665832,13.529248853840762,6.202164075023188,4.71830645976308,4.947300905140201,0.0,,,2023-07-21 07:00:00
7078.0,1719212400.0,silty,2024,-0.8449623694069076,0.0,15.0,4.5,SMARTER,2,0.0,0.0,1.5856569477409397,4.71830645976308,3.89369980150298,5.8,,,2024-06-24 07:00:00
7079.0,1719298800.0,silty,2024,-0.8890068805905569,0.0,15.0,4.5,SMARTER,2,0.0,0.0,1.643019943771474,4.71830645976308,3.829299579172524,12.6,,,2024-06-25 07:00:00
7080.0,1719385200.0,silty,2024,-0.9781873143956714,-0.8890068805905569,15.0,4.5,SMARTER,2,0.0,0.0,3.7360647761286776,4.71830645976308,3.7404171917138886,1.0,,,2024-06-26 07:00:00
7081.0,1719471600.0,silty,2024,-0.9543770235994224,-0.8890068805905569,15.0,4.5,SMARTER,2,0.0,0.0,3.283058105037508,4.71830645976308,3.7639294361636577,0.0,,,2024-06-27 07:00:00
7082.0,1719558000.0,silty,2024,-0.7222296554076789,-0.9543770235994224,15.0,4.5,SMARTER,2,0.0,0.0,8.105450401178516,4.71830645976308,3.996076804355402,0.0,,,2024-06-28 07:00:00
7083.0,1719644400.0,silty,2024,-0.5206623503001531,-0.9543770235994224,15.0,4.5,SMARTER,2,0.0,0.0,6.855392222915658,4.71830645976308,4.197644109462927,0.0,,,2024-06-29 07:00:00
7084.0,1719730800.0,silty,2024,-0.3294609917456443,-0.5206623503001531,15.0,4.5,SMARTER,2,0.0,0.0,6.275478723242181,4.71830645976308,4.388845468017436,0.0,,,2024-06-30 07:00:00
7085.0,1719817200.0,silty,2024,-0.0703104762086716,-0.5206623503001531,15.0,4.5,SMARTER,2,6.438880968433199,0.0,9.008052630760128,4.71830645976308,4.6479959835544085,0.0,,,2024-07-01 07:00:00
7086.0,1719903600.0,silty,2024,-0.0448435627785572,-0.0703104762086716,15.0,4.5,SMARTER,2,0.0,6.438880968433199,6.40343719338403,4.71830645976308,4.673462896984523,0.0,,,2024-07-02 07:00:00
7087.0,1719990000.0,silty,2024,0.1092425256423061,-0.0703104762086716,15.0,4.5,SMARTER,2,9.623767361588245,6.438880968433199,6.828302846826217,4.71830645976308,4.827548985405387,0.0,,,2024-07-03 07:00:00
7088.0,1720076400.0,silty,2024,-0.0339463105750152,0.1092425256423061,15.0,4.5,SMARTER,2,0.0,9.623767361588245,3.501203041998366,4.71830645976308,4.686046579476748,0.0,,,2024-07-04 07:00:00
7089.0,1720162800.0,silty,2024,0.056604397267632,0.1092425256423061,15.0,4.5,SMARTER,2,9.088915223672476,9.623767361588245,4.110755932356144,4.71830645976308,4.774910857030712,0.0,,,2024-07-05 07:00:00
7090.0,1720249200.0,silty,2024,0.0291582441997025,0.056604397267632,15.0,4.5,SMARTER,2,0.0,9.088915223672476,7.570021332731803,4.71830645976308,4.749073087128867,0.0,,,2024-07-06 07:00:00
7091.0,1720335600.0,silty,2024,0.2115992087714277,0.056604397267632,15.0,4.5,SMARTER,2,12.366033835700836,9.088915223672476,8.236770338981968,4.71830645976308,4.929905668534508,0.0,,,2024-07-07 07:00:00
7092.0,1720422000.0,silty,2024,0.0148817479834131,0.2115992087714277,15.0,4.5,SMARTER,2,0.0,12.366033835700836,3.5751601774979624,4.71830645976308,4.754502807661623,0.0,,,2024-07-08 07:00:00
7093.0,1720508400.0,silty,2024,0.1204473237275091,0.2115992087714277,15.0,4.5,SMARTER,2,11.540768516815849,12.366033835700836,6.021523561190189,4.71830645976308,4.838753783490589,1.0,,,2024-07-09 07:00:00
7094.0,1720594800.0,silty,2024,0.0008764666214698,0.1204473237275091,15.0,4.5,SMARTER,2,0.0,11.540768516815849,6.408995121084742,4.71830645976308,4.741287745581648,0.0,,,2024-07-10 07:00:00
7095.0,1720681200.0,silty,2024,0.1485095380769411,0.1204473237275091,15.0,4.5,SMARTER,2,12.629994653403564,11.540768516815849,7.100145056634385,4.71830645976308,4.866815997840021,0.0,,,2024-07-11 07:00:00
7096.0,1720767600.0,silty,2024,0.073904965433192,0.1485095380769411,15.0,4.5,SMARTER,2,0.0,12.629994653403564,8.417233027045325,4.71830645976308,4.815932282850032,0.0,,,2024-07-12 07:00:00
7097.0,1720854000.0,silty,2024,0.2634842078695032,0.1485095380769411,15.0,4.5,SMARTER,2,15.54029363570476,12.629994653403564,9.478835789843243,4.71830645976308,4.981790667632583,0.0,,,2024-07-13 07:00:00
7098.0,1720940400.0,silty,2024,0.1378334131286696,0.2634842078695032,15.0,4.5,SMARTER,2,0.0,15.54029363570476,8.65408688020589,4.71830645976308,4.8870755634999785,0.0,,,2024-07-14 07:00:00
7099.0,1721026800.0,silty,2024,0.2465166955859376,0.2634842078695032,15.0,4.5,SMARTER,2,16.395106081587997,15.54029363570476,8.038553013013921,4.71830645976308,4.964823155349018,0.0,,,2024-07-15 07:00:00
7100.0,1721113200.0,silty,2024,0.0966199182182111,0.2465166955859376,15.0,4.5,SMARTER,2,0.0,16.395106081587997,8.079175888672749,4.71830645976308,4.852623893203997,0.0,,,2024-07-16 07:00:00
7101.0,1721199600.0,silty,2024,0.2469558223856206,0.2465166955859376,15.0,4.5,SMARTER,2,17.512994184318536,16.395106081587997,9.89638188136864,4.71830645976308,4.965262282148701,0.0,,,2024-07-17 07:00:00
7102.0,1721286000.0,silty,2024,0.1038756260122821,0.2469558223856206,15.0,4.5,SMARTER,2,0.0,17.512994184318536,8.856197692783795,4.71830645976308,4.862437340015759,0.0,,,2024-07-18 07:00:00
7103.0,1721372400.0,silty,2024,0.2058706455591437,0.2469558223856206,15.0,4.5,SMARTER,2,17.823134436937533,17.512994184318536,8.59349226880255,4.71830645976308,4.924177105322224,0.0,,,2024-07-19 07:00:00
7104.0,1721458800.0,silty,2024,0.0056933011768101,0.2058706455591437,15.0,4.5,SMARTER,2,0.0,17.823134436937533,6.5994601364997925,4.71830645976308,4.774738603205641,0.0,,,2024-07-20 07:00:00
7105.0,1721545200.0,silty,2024,0.0555270930614466,0.2058706455591437,15.0,4.5,SMARTER,2,15.817853068248588,17.823134436937533,6.35886520949269,4.71830645976308,4.773833552824527,0.0,,,2024-07-21 07:00:00
7134.0,1626073200.0,silty,2021,0.3306482264002303,0.0,10.0,3.0,SMARTER,1,4.298426943202994,0.0,8.171899400888595,4.71830645976308,5.04895468616331,0.0,,,2021-07-12 07:00:00
7135.0,1626159600.0,silty,2021,0.3866366491007466,0.3306482264002303,10.0,3.0,SMARTER,1,6.0182211175103975,4.298426943202994,7.307248568315713,4.71830645976308,5.104943108863827,49.2,,,2021-07-13 07:00:00
7136.0,1626246000.0,silty,2021,-0.6573797838585692,0.3866366491007466,10.0,3.0,SMARTER,1,0.0,6.0182211175103975,3.7200181370317593,4.71830645976308,4.120307479276041,0.0,,,2021-07-14 07:00:00
7137.0,1626332400.0,silty,2021,-0.4944190014045407,-0.6573797838585692,10.0,3.0,SMARTER,1,0.0,0.0,6.588938290136868,4.71830645976308,4.22388745835854,0.0,,,2021-07-15 07:00:00
7138.0,1626418800.0,silty,2021,-0.3515616207253763,-0.4944190014045407,10.0,3.0,SMARTER,1,0.0,0.0,4.2070949143533625,4.71830645976308,4.366744839037704,10.8,,,2021-07-16 07:00:00
7139.0,1626505200.0,silty,2021,-0.478834597745868,-0.3515616207253763,10.0,3.0,SMARTER,1,0.0,0.0,1.7206288405645938,4.71830645976308,4.239471862017212,0.8,,,2021-07-17 07:00:00
7140.0,1626591600.0,silty,2021,-0.4379830283225758,-0.478834597745868,10.0,3.0,SMARTER,1,0.0,0.0,2.339819333016992,4.71830645976308,4.280323431440505,0.0,,,2021-07-18 07:00:00
7141.0,1626678000.0,silty,2021,-0.2197058159237581,-0.4379830283225758,10.0,3.0,SMARTER,1,1.523654676216902,0.0,5.542148180411579,4.71830645976308,4.498600643839322,0.0,,,2021-07-19 07:00:00
7142.0,1626764400.0,silty,2021,-0.0018643548692022,-0.2197058159237581,10.0,3.0,SMARTER,1,3.696476222154855,1.523654676216902,6.336708517861463,4.71830645976308,4.716442104893878,0.0,,,2021-07-20 07:00:00
7143.0,1626850800.0,silty,2021,0.1715696125158458,-0.0018643548692022,10.0,3.0,SMARTER,1,5.9455247335528725,3.696476222154855,7.723088615724408,4.71830645976308,4.889876072278926,0.0,,,2021-07-21 07:00:00
7144.0,1626937200.0,silty,2021,0.2166714497139832,0.1715696125158458,10.0,3.0,SMARTER,1,7.046557454676197,5.9455247335528725,6.384988487195638,4.71830645976308,4.934977909477063,0.0,,,2021-07-22 07:00:00
7145.0,1627023600.0,silty,2021,0.2252488492130467,0.2166714497139832,10.0,3.0,SMARTER,1,7.808077997305973,7.046557454676197,6.724001721462045,4.71830645976308,4.943555308976127,0.0,,,2021-07-23 07:00:00
7146.0,1627110000.0,silty,2021,0.1961897706092003,0.2252488492130467,10.0,3.0,SMARTER,1,8.10605652309511,7.808077997305973,6.639604206034317,4.71830645976308,4.915196740074489,0.0,,,2021-07-24 07:00:00
7147.0,1627196400.0,silty,2021,0.1324262849914509,0.1961897706092003,10.0,3.0,SMARTER,1,7.865700521891968,8.10605652309511,6.068344799075018,4.71830645976308,4.854371453094771,0.0,,,2021-07-25 07:00:00
7148.0,1627282800.0,silty,2021,0.0135209208943561,0.1324262849914509,10.0,3.0,SMARTER,1,6.717209643604089,7.865700521891968,3.7441148307248353,4.71830645976308,4.738801315239835,0.0,,,2021-07-26 07:00:00
7149.0,1627369200.0,silty,2021,-0.0289761425410073,0.0135209208943561,10.0,3.0,SMARTER,1,6.205310581627431,6.717209643604089,5.25782491390273,4.71830645976308,4.691655829498747,1.0,,,2021-07-27 07:00:00
7150.0,1627455600.0,silty,2021,-0.0917055616059449,-0.0289761425410073,10.0,3.0,SMARTER,1,5.302899706160221,6.205310581627431,4.067188753317478,4.71830645976308,4.628064083375186,0.0,,,2021-07-28 07:00:00
7151.0,1627542000.0,silty,2021,-0.0680065440708984,-0.0917055616059449,10.0,3.0,SMARTER,1,5.33587024929799,5.302899706160221,5.501441403272102,4.71830645976308,4.650299915692182,0.0,,,2021-07-29 07:00:00
7152.0,1627628400.0,silty,2021,0.0218979685001198,-0.0680065440708984,10.0,3.0,SMARTER,1,6.3006092805085325,5.33587024929799,7.363960029273559,4.71830645976308,4.7402044282632,0.0,,,2021-07-30 07:00:00
7153.0,1627714800.0,silty,2021,0.101573887540618,0.0218979685001198,10.0,3.0,SMARTER,1,7.402090133535369,6.3006092805085325,8.127164249908118,4.71830645976308,4.819880347303698,0.0,,,2021-07-31 07:00:00
7154.0,1627801200.0,silty,2021,0.077717941151029,0.101573887540618,10.0,3.0,SMARTER,1,7.396684493092565,7.402090133535369,7.011084171391055,4.71830645976308,4.808521809779439,9.0,,,2021-08-01 07:00:00
7155.0,1627887600.0,silty,2021,-0.0239760040516268,0.077717941151029,10.0,3.0,SMARTER,1,6.307817028911125,7.396684493092565,7.304828236834061,4.71830645976308,4.699935042184799,0.0,,,2021-08-02 07:00:00
7156.0,1627974000.0,silty,2021,-0.0090404167844593,-0.0239760040516268,10.0,3.0,SMARTER,1,6.430051651229422,6.307817028911125,7.320018177389831,4.71830645976308,4.70951716080337,0.0,,,2021-08-03 07:00:00
7157.0,1628060400.0,silty,2021,0.0573657141989525,-0.0090404167844593,10.0,3.0,SMARTER,1,7.266210103660399,6.430051651229422,8.239496207860649,4.71830645976308,4.7756721739620325,0.0,,,2021-08-04 07:00:00
7158.0,1628146800.0,silty,2021,-0.0088457952542058,0.0573657141989525,10.0,3.0,SMARTER,1,6.577557623366197,7.266210103660399,4.198759507591638,4.71830645976308,4.711171098407099,0.0,,,2021-08-05 07:00:00
7159.0,1628233200.0,silty,2021,0.0673012434468078,-0.0088457952542058,10.0,3.0,SMARTER,1,7.540931740716759,6.577557623366197,8.25634687060054,4.71830645976308,4.785607703209888,0.0,,,2021-08-06 07:00:00
7160.0,1628319600.0,silty,2021,0.0952256717580431,0.0673012434468078,10.0,3.0,SMARTER,1,8.105853039103241,7.540931740716759,7.823891414052509,4.71830645976308,4.814779147467021,0.0,,,2021-08-07 07:00:00
7161.0,1628406000.0,silty,2021,0.0749678627469127,0.0952256717580431,10.0,3.0,SMARTER,1,8.128178537232674,8.105853039103241,6.805842568347599,4.71830645976308,4.798102636664391,0.0,,,2021-08-08 07:00:00
7162.0,1628492400.0,silty,2021,0.0870922123723213,0.0749678627469127,10.0,3.0,SMARTER,1,8.510698670603725,8.128178537232674,8.235329351972808,4.71830645976308,4.809220153289836,0.0,,,2021-08-09 07:00:00
7163.0,1656054000.0,silty,2022,-0.2788604325414178,0.0,10.0,3.0,SMARTER,1,0.0,0.0,5.717907755951627,4.71830645976308,4.439466320129855,0.0,,,2022-06-24 07:00:00
7164.0,1656140400.0,silty,2022,-0.0739584526379522,-0.2788604325414178,10.0,3.0,SMARTER,1,1.8271444411207989,0.0,9.203948870710636,4.71830645976308,4.644348007125128,0.0,,,2022-06-25 07:00:00
7165.0,1656226800.0,silty,2022,0.0952094449663744,-0.0739584526379522,10.0,3.0,SMARTER,1,3.804451752063189,1.8271444411207989,9.569797117975432,4.71830645976308,4.813515904729455,0.0,,,2022-06-26 07:00:00
7166.0,1656313200.0,silty,2022,0.1857328193538004,0.0952094449663744,10.0,3.0,SMARTER,1,5.26688395399885,3.804451752063189,8.693094774412245,4.71830645976308,4.904039279116881,0.0,,,2022-06-27 07:00:00
7167.0,1656399600.0,silty,2022,0.1999540970268739,0.1857328193538004,10.0,3.0,SMARTER,1,6.008959021810207,5.26688395399885,7.460713537351751,4.71830645976308,4.918260556789955,1.6,,,2022-06-28 07:00:00
7168.0,1656486000.0,silty,2022,0.0767582681477852,0.1999540970268739,10.0,3.0,SMARTER,1,5.007275537462676,6.008959021810207,1.8323231735051733,4.71830645976308,4.795064727910866,0.0,,,2022-06-29 07:00:00
7169.0,1656572400.0,silty,2022,0.0781150355483676,0.0767582681477852,10.0,3.0,SMARTER,1,5.2551883181136025,5.007275537462676,6.425725286268609,4.71830645976308,4.796421495311448,0.0,,,2022-06-30 07:00:00
7170.0,1656658800.0,silty,2022,0.1184755847650868,0.0781150355483676,10.0,3.0,SMARTER,1,6.014220564576055,5.2551883181136025,8.481182130641368,4.71830645976308,4.836782044528167,0.0,,,2022-07-01 07:00:00
7171.0,1656745200.0,silty,2022,0.1657871982937096,0.1184755847650868,10.0,3.0,SMARTER,1,6.984698294743413,6.014220564576055,9.684100900879589,4.71830645976308,4.8840936580567895,0.0,,,2022-07-02 07:00:00
7172.0,1656831600.0,silty,2022,0.1496390299213212,0.1657871982937096,10.0,3.0,SMARTER,1,7.272133700783492,6.984698294743413,7.875822878948619,4.71830645976308,4.867945489684401,0.0,,,2022-07-03 07:00:00
7173.0,1656918000.0,silty,2022,0.1434678984771993,0.1496390299213212,10.0,3.0,SMARTER,1,7.640826081773871,7.272133700783492,8.846129638751195,4.71830645976308,4.861834767268822,0.0,,,2022-07-04 07:00:00
7174.0,1657004400.0,silty,2022,0.1205444345921532,0.1434678984771993,10.0,3.0,SMARTER,1,7.773224746699869,7.640826081773871,8.353871892123982,4.71830645976308,4.839552518466067,0.0,,,2022-07-05 07:00:00
7175.0,1657090800.0,silty,2022,0.0868264522939181,0.1205444345921532,10.0,3.0,SMARTER,1,7.696524280599273,7.773224746699869,8.10868026961472,4.71830645976308,4.807568388041754,0.0,,,2022-07-06 07:00:00
7176.0,1657177200.0,silty,2022,0.0039768891364784,0.0868264522939181,10.0,3.0,SMARTER,1,6.87995931643431,7.696524280599273,5.27960920736311,4.71830645976308,4.726189265946939,11.6,,,2022-07-07 07:00:00
7177.0,1657263600.0,silty,2022,-0.1316086205230937,0.0039768891364784,10.0,3.0,SMARTER,1,5.129278358269307,6.87995931643431,7.275206390354677,4.71830645976308,4.603146311103856,0.0,,,2022-07-08 07:00:00
7178.0,1657350000.0,silty,2022,-0.1171140368722997,-0.1316086205230937,10.0,3.0,SMARTER,1,4.922882084160347,5.129278358269307,7.121172904786319,4.71830645976308,4.60119242289078,0.0,,,2022-07-09 07:00:00
7179.0,1657436400.0,silty,2022,-0.0430345178158926,-0.1171140368722997,10.0,3.0,SMARTER,1,5.534573721276741,4.922882084160347,7.612583271961939,4.71830645976308,4.675271941947187,0.0,,,2022-07-10 07:00:00
7180.0,1657522800.0,silty,2022,0.0421499930162574,-0.0430345178158926,10.0,3.0,SMARTER,1,6.512868808647015,5.534573721276741,8.472336750464112,4.71830645976308,4.760456452779338,0.0,,,2022-07-11 07:00:00
7181.0,1657609200.0,silty,2022,0.0677702182995189,0.0421499930162574,10.0,3.0,SMARTER,1,6.9723817163781865,6.512868808647015,7.487993037508327,4.71830645976308,4.786076678062599,0.0,,,2022-07-12 07:00:00
7182.0,1657695600.0,silty,2022,0.0300325550116463,0.0677702182995189,10.0,3.0,SMARTER,1,6.6851027485344,6.9723817163781865,5.439558555641069,4.71830645976308,4.748922518393663,0.0,,,2022-07-13 07:00:00
7183.0,1657782000.0,silty,2022,0.0680130006740755,0.0300325550116463,10.0,3.0,SMARTER,1,7.268946207180919,6.6851027485344,8.254676604732598,4.71830645976308,4.786319460437156,0.0,,,2022-07-14 07:00:00
7184.0,1657868400.0,silty,2022,0.1210428417258027,0.0680130006740755,10.0,3.0,SMARTER,1,8.1623731428756,7.268946207180919,9.447916516172471,4.71830645976308,4.839530885678506,0.0,,,2022-07-15 07:00:00
7185.0,1657954800.0,silty,2022,0.1296929108295599,0.1210428417258027,10.0,3.0,SMARTER,1,8.63795256640185,8.1623731428756,8.968687582898376,4.71830645976308,4.850120408253043,0.0,,,2022-07-16 07:00:00
7186.0,1658041200.0,silty,2022,0.0903711285202303,0.1296929108295599,10.0,3.0,SMARTER,1,8.515848128869244,8.63795256640185,7.701644419417017,4.71830645976308,4.815392274446472,0.0,,,2022-07-17 07:00:00
7187.0,1658127600.0,silty,2022,0.0444517718100625,0.0903711285202303,10.0,3.0,SMARTER,1,8.190009877197753,8.515848128869244,7.236620092977568,4.71830645976308,4.771716344738166,0.0,,,2022-07-18 07:00:00
7188.0,1658214000.0,silty,2022,0.031893730364479,0.0444517718100625,10.0,3.0,SMARTER,1,8.160110653835355,8.190009877197753,7.976539558735554,4.71830645976308,4.75633183732751,0.0,,,2022-07-19 07:00:00
7189.0,1658300400.0,silty,2022,0.0552292247337638,0.031893730364479,10.0,3.0,SMARTER,1,8.559153271729496,8.160110653835355,9.031637030513592,4.71830645976308,4.778012601044049,0.0,,,2022-07-20 07:00:00
7190.0,1658386800.0,silty,2022,0.0554225613799089,0.0552292247337638,10.0,3.0,SMARTER,1,8.727354322330674,8.559153271729496,8.523521442036436,4.71830645976308,4.781135212114473,0.0,,,2022-07-21 07:00:00
7191.0,1687590000.0,silty,2023,-0.4524685625945971,0.0,10.0,3.0,SMARTER,1,0.0,0.0,6.3387606045021405,4.71830645976308,4.265837897168483,0.0,,,2023-06-24 07:00:00
7192.0,1687676400.0,silty,2023,-0.2887355392735605,-0.4524685625945971,10.0,3.0,SMARTER,1,0.7711236153896844,0.0,7.077332335884068,4.71830645976308,4.429570920489519,0.0,,,2023-06-25 07:00:00
7193.0,1687762800.0,silty,2023,-0.1524268894573533,-0.2887355392735605,10.0,3.0,SMARTER,1,1.676929445179697,0.7711236153896844,6.229180911248416,4.71830645976308,4.565879570305727,0.0,,,2023-06-26 07:00:00
7194.0,1687849200.0,silty,2023,-0.0088148727682725,-0.1524268894573533,10.0,3.0,SMARTER,1,3.086604993765687,1.676929445179697,7.717627618312005,4.71830645976308,4.709491586994807,0.0,,,2023-06-27 07:00:00
7195.0,1687935600.0,silty,2023,0.0970070836162668,-0.0088148727682725,10.0,3.0,SMARTER,1,4.435845808459883,3.086604993765687,8.190146658736474,4.71830645976308,4.815313543379348,0.0,,,2023-06-28 07:00:00
7196.0,1688022000.0,silty,2023,0.0471745360658404,0.0970070836162668,10.0,3.0,SMARTER,1,4.079043941153139,4.435845808459883,2.6534944981591777,4.71830645976308,4.765480995828921,0.0,,,2023-06-29 07:00:00
7197.0,1688108400.0,silty,2023,0.1090193826722243,0.0471745360658404,10.0,3.0,SMARTER,1,5.024550555233652,4.079043941153139,7.811921140444205,4.71830645976308,4.827325842435305,0.0,,,2023-06-30 07:00:00
7198.0,1688194800.0,silty,2023,0.044875531543714,0.1090193826722243,10.0,3.0,SMARTER,1,4.517738638579691,5.024550555233652,2.989408376370308,4.71830645976308,4.763181991306794,0.0,,,2023-07-01 07:00:00
7199.0,1688281200.0,silty,2023,0.0066172356534176,0.044875531543714,10.0,3.0,SMARTER,1,4.15500738663698,4.517738638579691,3.628606534620321,4.71830645976308,4.724923695416498,0.0,,,2023-07-02 07:00:00
7200.0,1688367600.0,silty,2023,0.0351813412704696,0.0066172356534176,10.0,3.0,SMARTER,1,4.546192466618909,4.15500738663698,5.9091258835011,4.71830645976308,4.7534878010335495,0.0,,,2023-07-03 07:00:00
7201.0,1688454000.0,silty,2023,0.0738809837940654,0.0351813412704696,10.0,3.0,SMARTER,1,5.154831843237063,4.546192466618909,6.621532339824514,4.71830645976308,4.792187443557146,0.0,,,2023-07-04 07:00:00
7202.0,1688540400.0,silty,2023,0.0899664866186398,0.0738809837940654,10.0,3.0,SMARTER,1,5.585586331338726,5.154831843237063,6.395412175418061,4.71830645976308,4.80827294638172,0.0,,,2023-07-05 07:00:00
7203.0,1688626800.0,silty,2023,0.1192154479014534,0.0899664866186398,10.0,3.0,SMARTER,1,6.235722287871222,5.585586331338726,7.492344925936937,4.71830645976308,4.8375219076645335,5.0,,,2023-07-06 07:00:00
7204.0,1688713200.0,silty,2023,-0.0109488547842662,0.1192154479014534,10.0,3.0,SMARTER,1,4.901232696661227,6.235722287871222,3.3788724562330463,4.71830645976308,4.707443460530403,0.0,,,2023-07-07 07:00:00
7205.0,1688799600.0,silty,2023,0.0042904476267099,-0.0109488547842662,10.0,3.0,SMARTER,1,5.066497063651119,4.901232696661227,6.518921569415171,4.71830645976308,4.72259690738979,0.0,,,2023-07-08 07:00:00
7206.0,1688886000.0,silty,2023,0.050829543704635,0.0042904476267099,10.0,3.0,SMARTER,1,5.684376655544275,5.066497063651119,7.0675670514600375,4.71830645976308,4.769136003467716,0.0,,,2023-07-09 07:00:00
7207.0,1688972400.0,silty,2023,0.0787580510885822,0.050829543704635,10.0,3.0,SMARTER,1,6.199935882649494,5.684376655544275,6.961944041187434,4.71830645976308,4.797064510851662,0.0,,,2023-07-10 07:00:00
7208.0,1689058800.0,silty,2023,0.1065312534123039,0.0787580510885822,10.0,3.0,SMARTER,1,6.797261666123622,6.199935882649494,7.523781176422247,4.71830645976308,4.824837713175384,0.0,,,2023-07-11 07:00:00
7209.0,1689145200.0,silty,2023,0.1195844863645221,0.1065312534123039,10.0,3.0,SMARTER,1,7.286547454739369,6.797261666123622,7.806608352298979,4.71830645976308,4.837890946127603,0.0,,,2023-07-12 07:00:00
7210.0,1689231600.0,silty,2023,0.1131830592363719,0.1195844863645221,10.0,3.0,SMARTER,1,7.562082361166984,7.286547454739369,7.714035948667738,4.71830645976308,4.831836928041214,22.8,,,2023-07-13 07:00:00
7211.0,1689318000.0,silty,2023,-0.3951059492385558,0.1131830592363719,10.0,3.0,SMARTER,1,1.2938744287020385,7.562082361166984,2.9961159428327533,4.71830645976308,4.360504494561288,0.0,,,2023-07-14 07:00:00
7212.0,1689404400.0,silty,2023,-0.3064843421067875,-0.3951059492385558,10.0,3.0,SMARTER,1,1.2606374736993595,1.2938744287020385,5.390782029334142,4.71830645976308,4.411822117656293,0.0,,,2023-07-15 07:00:00
7213.0,1689490800.0,silty,2023,-0.1066671075191413,-0.3064843421067875,10.0,3.0,SMARTER,1,2.938808497018397,1.2606374736993595,7.109056997180415,4.71830645976308,4.611639352243939,0.0,,,2023-07-16 07:00:00
7214.0,1689577200.0,silty,2023,0.0390875007810903,-0.1066671075191413,10.0,3.0,SMARTER,1,4.513617082363985,2.938808497018397,6.608581357186508,4.71830645976308,4.757393960544171,0.0,,,2023-07-17 07:00:00
7215.0,1689663600.0,silty,2023,0.1598310141781542,0.0390875007810903,10.0,3.0,SMARTER,1,6.200545258869087,4.513617082363985,7.500311698248804,4.71830645976308,4.878137473941234,0.0,,,2023-07-18 07:00:00
7216.0,1689750000.0,silty,2023,0.2048611546409677,0.1598310141781542,10.0,3.0,SMARTER,1,7.265430127420125,6.200545258869087,7.063404491828016,4.71830645976308,4.923167614404048,0.0,,,2023-07-19 07:00:00
7217.0,1689836400.0,silty,2023,0.2300588778694635,0.2048611546409677,10.0,3.0,SMARTER,1,8.207583993313474,7.265430127420125,7.949048805371062,4.71830645976308,4.948365337632544,0.0,,,2023-07-20 07:00:00
7218.0,1689922800.0,silty,2023,0.1704723634276519,0.2300588778694635,10.0,3.0,SMARTER,1,8.123135939178315,8.207583993313474,6.202164075023188,4.71830645976308,4.890872338494487,0.0,,,2023-07-21 07:00:00
7219.0,1719212400.0,silty,2024,-0.8449623694069076,0.0,10.0,3.0,SMARTER,1,0.0,0.0,1.5856569477409397,4.71830645976308,3.89369980150298,5.8,,,2024-06-24 07:00:00
7220.0,1719298800.0,silty,2024,-0.8890068805905569,-0.8449623694069076,10.0,3.0,SMARTER,1,0.0,0.0,1.643019943771474,4.71830645976308,3.829299579172524,12.6,,,2024-06-25 07:00:00
7221.0,1719385200.0,silty,2024,-0.9781873143956714,-0.8890068805905569,10.0,3.0,SMARTER,1,0.0,0.0,3.7360647761286776,4.71830645976308,3.7404171917138886,1.0,,,2024-06-26 07:00:00
7222.0,1719471600.0,silty,2024,-0.9543770235994224,-0.9781873143956714,10.0,3.0,SMARTER,1,0.0,0.0,3.283058105037508,4.71830645976308,3.7639294361636577,0.0,,,2024-06-27 07:00:00
7223.0,1719558000.0,silty,2024,-0.7222296554076789,-0.9543770235994224,10.0,3.0,SMARTER,1,0.0,0.0,8.105450401178516,4.71830645976308,3.996076804355402,0.0,,,2024-06-28 07:00:00
7224.0,1719644400.0,silty,2024,-0.5206623503001531,-0.7222296554076789,10.0,3.0,SMARTER,1,0.0,0.0,6.855392222915658,4.71830645976308,4.197644109462927,0.0,,,2024-06-29 07:00:00
7225.0,1719730800.0,silty,2024,-0.3294609917456443,-0.5206623503001531,10.0,3.0,SMARTER,1,0.0,0.0,6.275478723242181,4.71830645976308,4.388845468017436,0.0,,,2024-06-30 07:00:00
7226.0,1719817200.0,silty,2024,-0.0703104762086716,-0.3294609917456443,10.0,3.0,SMARTER,1,2.3805737267437115,0.0,9.008052630760128,4.71830645976308,4.6479959835544085,0.0,,,2024-07-01 07:00:00
7227.0,1719903600.0,silty,2024,0.045641140930735,-0.0703104762086716,10.0,3.0,SMARTER,1,3.677013320929984,2.3805737267437115,6.40343719338403,4.71830645976308,4.763947600693816,0.0,,,2024-07-02 07:00:00
7228.0,1719990000.0,silty,2024,0.1140248808839459,0.045641140930735,10.0,3.0,SMARTER,1,4.70292536311393,3.677013320929984,6.828302846826217,4.71830645976308,4.832331340647026,0.0,,,2024-07-03 07:00:00
7229.0,1720076400.0,silty,2024,0.0810881773207146,0.1140248808839459,10.0,3.0,SMARTER,1,4.616822859443761,4.70292536311393,3.501203041998366,4.71830645976308,4.799394637083795,0.0,,,2024-07-04 07:00:00
7230.0,1720162800.0,silty,2024,0.0693093730106206,0.0810881773207146,10.0,3.0,SMARTER,1,4.7069629353746825,4.616822859443761,4.110755932356144,4.71830645976308,4.787615832773701,0.0,,,2024-07-05 07:00:00
7231.0,1720249200.0,silty,2024,0.1360787106332911,0.0693093730106206,10.0,3.0,SMARTER,1,5.782892443501262,4.7069629353746825,7.570021332731803,4.71830645976308,4.854385170396371,0.0,,,2024-07-06 07:00:00
7232.0,1720335600.0,silty,2024,0.1816309079170073,0.1360787106332911,10.0,3.0,SMARTER,1,6.783307140089447,5.782892443501262,8.236770338981968,4.71830645976308,4.899937367680088,0.0,,,2024-07-07 07:00:00
7233.0,1720422000.0,silty,2024,0.0888360740565437,0.1816309079170073,10.0,3.0,SMARTER,1,6.121867023654442,6.783307140089447,3.5751601774979624,4.71830645976308,4.807142533819624,0.0,,,2024-07-08 07:00:00
7234.0,1720508400.0,silty,2024,0.0721294573259017,0.0888360740565437,10.0,3.0,SMARTER,1,6.171189228325726,6.121867023654442,6.021523561190189,4.71830645976308,4.790435917088982,1.0,,,2024-07-09 07:00:00
7235.0,1720594800.0,silty,2024,0.0595802331359391,0.0721294573259017,10.0,3.0,SMARTER,1,6.224437685833918,6.171189228325726,6.408995121084742,4.71830645976308,4.77788669289902,0.0,,,2024-07-10 07:00:00
7236.0,1720681200.0,silty,2024,0.076179989395622,0.0595802331359391,10.0,3.0,SMARTER,1,6.6189752166176135,6.224437685833918,7.100145056634385,4.71830645976308,4.794486449158702,0.0,,,2024-07-11 07:00:00
7237.0,1720767600.0,silty,2024,0.1162108084806805,0.076179989395622,10.0,3.0,SMARTER,1,7.36791583291024,6.6189752166176135,8.417233027045325,4.71830645976308,4.8345172682437605,0.0,,,2024-07-12 07:00:00
7238.0,1720854000.0,silty,2024,0.1604383034109332,0.1162108084806805,10.0,3.0,SMARTER,1,8.291505692445567,7.36791583291024,9.478835789843243,4.71830645976308,4.878762761789678,0.0,,,2024-07-13 07:00:00
7239.0,1720940400.0,silty,2024,0.1509995635312191,0.1604383034109332,10.0,3.0,SMARTER,1,8.650116984242082,8.291505692445567,8.65408688020589,4.71830645976308,4.87162200570595,0.0,,,2024-07-14 07:00:00
7240.0,1721026800.0,silty,2024,0.1162854869076581,0.1509995635312191,10.0,3.0,SMARTER,1,8.651832678729447,8.650116984242082,8.038553013013921,4.71830645976308,4.840648774261994,0.0,,,2024-07-15 07:00:00
7241.0,1721113200.0,silty,2024,0.0834885081540086,0.1162854869076581,10.0,3.0,SMARTER,1,8.574328415654978,8.651832678729447,8.079175888672749,4.71830645976308,4.80924521926393,0.0,,,2024-07-16 07:00:00
7242.0,1721199600.0,silty,2024,0.1051153005429074,0.0834885081540086,10.0,3.0,SMARTER,1,9.105942241172688,8.574328415654978,9.89638188136864,4.71830645976308,4.828575175520822,0.0,,,2024-07-17 07:00:00
7243.0,1721286000.0,silty,2024,0.0894990006168292,0.1051153005429074,10.0,3.0,SMARTER,1,9.218276243762396,9.105942241172688,8.856197692783795,4.71830645976308,4.817704204767834,0.0,,,2024-07-18 07:00:00
7244.0,1721372400.0,silty,2024,0.060786793052092,0.0894990006168292,10.0,3.0,SMARTER,1,9.1135145472713,9.218276243762396,8.59349226880255,4.71830645976308,4.791708848316595,0.0,,,2024-07-19 07:00:00
7245.0,1721458800.0,silty,2024,-0.0129466900819915,0.060786793052092,10.0,3.0,SMARTER,1,8.33733964568449,9.1135145472713,6.5994601364997925,4.71830645976308,4.722452674724697,0.0,,,2024-07-20 07:00:00
7246.0,1721545200.0,silty,2024,-0.0690504616484502,-0.0129466900819915,10.0,3.0,SMARTER,1,7.569150545074553,8.33733964568449,6.35886520949269,4.71830645976308,4.661263611795572,0.0,,,2024-07-21 07:00:00
7247.0,1626073200.0,sandy,2021,0.2567818856061262,0.0,7.0,3.0,SMARTER,1,2.5678188560612623,0.0,8.171899400888595,4.71830645976308,4.975088345369207,0.0,,,2021-07-12 07:00:00
7248.0,1626159600.0,sandy,2021,0.3497762946871428,0.2567818856061262,7.0,3.0,SMARTER,1,4.268108603689806,2.5678188560612623,7.307248568315713,4.71830645976308,5.068082754450223,49.2,,,2021-07-13 07:00:00
7249.0,1626246000.0,sandy,2021,-0.9672519049824968,0.3497762946871428,7.0,3.0,SMARTER,1,0.0,4.268108603689806,3.7200181370317593,4.71830645976308,3.772827493507369,0.0,,,2021-07-14 07:00:00
7250.0,1626332400.0,sandy,2021,-0.7836778190534149,-0.9672519049824968,7.0,3.0,SMARTER,1,0.0,0.0,6.588938290136868,4.71830645976308,3.934628640709665,0.0,,,2021-07-15 07:00:00
7251.0,1626418800.0,sandy,2021,-0.6094393043024149,-0.7836778190534149,7.0,3.0,SMARTER,1,0.0,0.0,4.2070949143533625,4.71830645976308,4.108867155460666,10.8,,,2021-07-16 07:00:00
7252.0,1626505200.0,sandy,2021,-0.7685954379603921,-0.6094393043024149,7.0,3.0,SMARTER,1,0.0,0.0,1.7206288405645938,4.71830645976308,3.949711021802688,0.8,,,2021-07-17 07:00:00
7253.0,1626591600.0,sandy,2021,-0.7142330422156347,-0.7685954379603921,7.0,3.0,SMARTER,1,0.0,0.0,2.339819333016992,4.71830645976308,4.0040734175474455,0.0,,,2021-07-18 07:00:00
7254.0,1626678000.0,sandy,2021,-0.4656602387339579,-0.7142330422156347,7.0,3.0,SMARTER,1,0.0,0.0,5.542148180411579,4.71830645976308,4.2526462210291225,0.0,,,2021-07-19 07:00:00
7255.0,1626764400.0,sandy,2021,-0.2137390159012069,-0.4656602387339579,7.0,3.0,SMARTER,1,0.0,0.0,6.336708517861463,4.71830645976308,4.504567443861873,0.0,,,2021-07-20 07:00:00
7256.0,1626850800.0,sandy,2021,0.0334116883719629,-0.2137390159012069,7.0,3.0,SMARTER,1,1.830289995028077,0.0,7.723088615724408,4.71830645976308,4.751718148135043,0.0,,,2021-07-21 07:00:00
7257.0,1626937200.0,sandy,2021,0.1677146735719625,0.0334116883719629,7.0,3.0,SMARTER,1,3.273554912143963,1.830289995028077,6.384988487195638,4.71830645976308,4.886021133335043,0.0,,,2021-07-22 07:00:00
7258.0,1627023600.0,sandy,2021,0.253292277659131,0.1677146735719625,7.0,3.0,SMARTER,1,4.632474973731535,3.273554912143963,6.724001721462045,4.71830645976308,4.971598737422212,0.0,,,2021-07-23 07:00:00
7259.0,1627110000.0,sandy,2021,0.2805583679993131,0.253292277659131,7.0,3.0,SMARTER,1,5.665012710110749,4.632474973731535,6.639604206034317,4.71830645976308,4.998864827762393,0.0,,,2021-07-24 07:00:00
7260.0,1627196400.0,sandy,2021,0.2557761938771924,0.2805583679993131,7.0,3.0,SMARTER,1,6.258866072887482,5.665012710110749,6.068344799075018,4.71830645976308,4.974082653640273,0.0,,,2021-07-25 07:00:00
7261.0,1627282800.0,sandy,2021,0.1583088234332191,0.2557761938771924,7.0,3.0,SMARTER,1,6.051520950079326,6.258866072887482,3.7441148307248353,4.71830645976308,4.876615283196299,0.0,,,2021-07-26 07:00:00
7262.0,1627369200.0,sandy,2021,0.1136205945341755,0.1583088234332191,7.0,3.0,SMARTER,1,6.079565131388547,6.051520950079326,5.25782491390273,4.71830645976308,4.831927054297256,1.0,,,2021-07-27 07:00:00
7263.0,1627455600.0,sandy,2021,0.0257918427036569,0.1136205945341755,7.0,3.0,SMARTER,1,5.542139396685888,6.079565131388547,4.067188753317478,4.71830645976308,4.744098302466737,0.0,,,2021-07-28 07:00:00
7264.0,1627542000.0,sandy,2021,0.0126446034624807,0.0257918427036569,7.0,3.0,SMARTER,1,5.488042532385097,5.542139396685888,5.501441403272102,4.71830645976308,4.730951063225561,0.0,,,2021-07-29 07:00:00
7265.0,1627628400.0,sandy,2021,0.0686244670372879,0.0126446034624807,7.0,3.0,SMARTER,1,6.085774978520612,5.488042532385097,7.363960029273559,4.71830645976308,4.786930926800368,0.0,,,2021-07-30 07:00:00
7266.0,1627714800.0,sandy,2021,0.120583177194582,0.0686244670372879,7.0,3.0,SMARTER,1,6.811235481205417,6.085774978520612,8.127164249908118,4.71830645976308,4.838889636957663,0.0,,,2021-07-31 07:00:00
7267.0,1627801200.0,sandy,2021,0.0836112845133799,0.120583177194582,7.0,3.0,SMARTER,1,6.803266085977142,6.811235481205417,7.011084171391055,4.71830645976308,4.8019177442764605,9.0,,,2021-08-01 07:00:00
7268.0,1627887600.0,sandy,2021,-0.0708833384188807,0.0836112845133799,7.0,3.0,SMARTER,1,5.509153710194674,6.803266085977142,7.304828236834061,4.71830645976308,4.647423121344199,0.0,,,2021-08-02 07:00:00
7269.0,1627974000.0,sandy,2021,-0.0448251706994249,-0.0708833384188807,7.0,3.0,SMARTER,1,5.55708537213259,5.509153710194674,7.320018177389831,4.71830645976308,4.673481289063656,0.0,,,2021-08-03 07:00:00
7270.0,1628060400.0,sandy,2021,0.0318653693371746,-0.0448251706994249,7.0,3.0,SMARTER,1,6.189515260400311,5.55708537213259,8.239496207860649,4.71830645976308,4.750171829100255,0.0,,,2021-08-04 07:00:00
7271.0,1628146800.0,sandy,2021,-0.0305836528532008,0.0318653693371746,7.0,3.0,SMARTER,1,5.66062114650808,6.189515260400311,4.198759507591638,4.71830645976308,4.687722806909879,0.0,,,2021-08-05 07:00:00
7272.0,1628233200.0,sandy,2021,0.0607267446295919,-0.0305836528532008,7.0,3.0,SMARTER,1,6.481974162776406,5.66062114650808,8.25634687060054,4.71830645976308,4.779033204392672,0.0,,,2021-08-06 07:00:00
7273.0,1628319600.0,sandy,2021,0.0972557091279058,0.0607267446295919,7.0,3.0,SMARTER,1,7.02944404164832,6.481974162776406,7.823891414052509,4.71830645976308,4.815562168890986,0.0,,,2021-08-07 07:00:00
7274.0,1628406000.0,sandy,2021,0.0825792400579385,0.0972557091279058,7.0,3.0,SMARTER,1,7.174446478332365,7.02944404164832,6.805842568347599,4.71830645976308,4.800885699821019,0.0,,,2021-08-08 07:00:00
7275.0,1628492400.0,sandy,2021,0.103859555223764,0.0825792400579385,7.0,3.0,SMARTER,1,7.634987350164436,7.174446478332365,8.235329351972808,4.71830645976308,4.822166014986844,0.0,,,2021-08-09 07:00:00
7276.0,1656054000.0,sandy,2022,-0.3245383821372074,0.0,7.0,3.0,SMARTER,1,0.0,0.0,5.717907755951627,4.71830645976308,4.3937680776258725,0.0,,,2022-06-24 07:00:00
7277.0,1656140400.0,sandy,2022,-0.1057476363914457,-0.3245383821372074,7.0,3.0,SMARTER,1,1.2142923110459949,0.0,9.203948870710636,4.71830645976308,4.612558823371635,0.0,,,2022-06-25 07:00:00
7278.0,1656226800.0,sandy,2022,0.070657574006391,-0.1057476363914457,7.0,3.0,SMARTER,1,2.661101505850026,1.2142923110459949,9.569797117975432,4.71830645976308,4.788964033769472,0.0,,,2022-06-26 07:00:00
7279.0,1656313200.0,sandy,2022,0.1659811863408561,0.070657574006391,7.0,3.0,SMARTER,1,3.8263103512138494,2.661101505850026,8.693094774412245,4.71830645976308,4.884287646103936,0.0,,,2022-06-27 07:00:00
7280.0,1656399600.0,sandy,2022,0.1936647683702926,0.1659811863408561,7.0,3.0,SMARTER,1,4.601089730530783,3.8263103512138494,7.460713537351751,4.71830645976308,4.911971228133373,1.6,,,2022-06-28 07:00:00
7281.0,1656486000.0,sandy,2022,0.0866920910853469,0.1936647683702926,7.0,3.0,SMARTER,1,4.112357262792203,4.601089730530783,1.8323231735051733,4.71830645976308,4.804998550848428,0.0,,,2022-06-29 07:00:00
7282.0,1656572400.0,sandy,2022,0.0973061756139055,0.0866920910853469,7.0,3.0,SMARTER,1,4.47857438133383,4.112357262792203,6.425725286268609,4.71830645976308,4.8156126353769855,0.0,,,2022-06-30 07:00:00
7283.0,1656658800.0,sandy,2022,0.141145018519848,0.0973061756139055,7.0,3.0,SMARTER,1,5.208881337234972,4.47857438133383,8.481182130641368,4.71830645976308,4.859451478282928,0.0,,,2022-07-01 07:00:00
7284.0,1656745200.0,sandy,2022,0.187883396065194,0.141145018519848,7.0,3.0,SMARTER,1,6.099700168247976,5.208881337234972,9.684100900879589,4.71830645976308,4.906189855828274,0.0,,,2022-07-02 07:00:00
7285.0,1656831600.0,sandy,2022,0.1708398291452927,0.187883396065194,7.0,3.0,SMARTER,1,6.492914687244545,6.099700168247976,7.875822878948619,4.71830645976308,4.889146288908373,0.0,,,2022-07-03 07:00:00
7286.0,1656918000.0,sandy,2022,0.1635405118337872,0.1708398291452927,7.0,3.0,SMARTER,1,6.932441001565367,6.492914687244545,8.846129638751195,4.71830645976308,4.881846971596867,0.0,,,2022-07-04 07:00:00
7287.0,1657004400.0,sandy,2022,0.137500061512643,0.1635405118337872,7.0,3.0,SMARTER,1,7.162658033855287,6.932441001565367,8.353871892123982,4.71830645976308,4.855806521275723,0.0,,,2022-07-05 07:00:00
7288.0,1657090800.0,sandy,2022,0.0983529803421551,0.137500061512643,7.0,3.0,SMARTER,1,7.183687406688337,7.162658033855287,8.10868026961472,4.71830645976308,4.816659440105235,0.0,,,2022-07-06 07:00:00
7289.0,1657177200.0,sandy,2022,0.0054029166040097,0.0983529803421551,7.0,3.0,SMARTER,1,6.5492457103333495,7.183687406688337,5.27960920736311,4.71830645976308,4.72370937636709,11.6,,,2022-07-07 07:00:00
7290.0,1657263600.0,sandy,2022,-0.1497565101668674,0.0054029166040097,7.0,3.0,SMARTER,1,5.013860192436606,6.5492457103333495,7.275206390354677,4.71830645976308,4.568549949596213,0.0,,,2022-07-08 07:00:00
7291.0,1657350000.0,sandy,2022,-0.1703965543801251,-0.1497565101668674,7.0,3.0,SMARTER,1,4.358190219803427,5.013860192436606,7.121172904786319,4.71830645976308,4.547909905382955,0.0,,,2022-07-09 07:00:00
7292.0,1657436400.0,sandy,2022,-0.0885818998122226,-0.1703965543801251,7.0,3.0,SMARTER,1,4.665147102342077,4.358190219803427,7.612583271961939,4.71830645976308,4.629724559950858,0.0,,,2022-07-10 07:00:00
7293.0,1657522800.0,sandy,2022,0.0154767369849535,-0.0885818998122226,7.0,3.0,SMARTER,1,5.439987770877171,4.665147102342077,8.472336750464112,4.71830645976308,4.733783196748034,0.0,,,2022-07-11 07:00:00
7294.0,1657609200.0,sandy,2022,0.0588923617847608,0.0154767369849535,7.0,3.0,SMARTER,1,5.920574229830105,5.439987770877171,7.487993037508327,4.71830645976308,4.777198821547841,0.0,,,2022-07-12 07:00:00
7295.0,1657695600.0,sandy,2022,0.0335662516082174,0.0588923617847608,7.0,3.0,SMARTER,1,5.843990213418953,5.920574229830105,5.439558555641069,4.71830645976308,4.7518727113712975,0.0,,,2022-07-13 07:00:00
7296.0,1657782000.0,sandy,2022,0.0868399671856201,0.0335662516082174,7.0,3.0,SMARTER,1,6.477426124017633,5.843990213418953,8.254676604732598,4.71830645976308,4.8051464269487,0.0,,,2022-07-14 07:00:00
7297.0,1657868400.0,sandy,2022,0.1473359354781525,0.0868399671856201,7.0,3.0,SMARTER,1,7.342905708499817,6.477426124017633,9.447916516172471,4.71830645976308,4.865642395241233,0.0,,,2022-07-15 07:00:00
7298.0,1657954800.0,sandy,2022,0.1571891978343126,0.1473359354781525,7.0,3.0,SMARTER,1,7.883446138495875,7.342905708499817,8.968687582898376,4.71830645976308,4.8754956575973925,0.0,,,2022-07-16 07:00:00
7299.0,1658041200.0,sandy,2022,0.1128638342742323,0.1571891978343126,7.0,3.0,SMARTER,1,7.911760096398011,7.883446138495875,7.701644419417017,4.71830645976308,4.831170294037313,0.0,,,2022-07-17 07:00:00
7300.0,1658127600.0,sandy,2022,0.0601100912640452,0.1128638342742323,7.0,3.0,SMARTER,1,7.722814169118837,7.911760096398011,7.236620092977568,4.71830645976308,4.778416551027125,0.0,,,2022-07-18 07:00:00
7301.0,1658214000.0,sandy,2022,0.0424321647294558,0.0601100912640452,7.0,3.0,SMARTER,1,7.726365177565079,7.722814169118837,7.976539558735554,4.71830645976308,4.760738624492536,0.0,,,2022-07-19 07:00:00
7302.0,1658300400.0,sandy,2022,0.0601734092777782,0.0424321647294558,7.0,3.0,SMARTER,1,8.03107411723667,7.726365177565079,9.031637030513592,4.71830645976308,4.778479869040859,0.0,,,2022-07-20 07:00:00
7303.0,1658386800.0,sandy,2022,0.0519269364862279,0.0601734092777782,7.0,3.0,SMARTER,1,8.129129617154502,8.03107411723667,8.523521442036436,4.71830645976308,4.770233396249308,0.0,,,2022-07-21 07:00:00
7304.0,1687590000.0,sandy,2023,-0.5324586664639549,0.0,7.0,3.0,SMARTER,1,0.0,0.0,6.3387606045021405,4.71830645976308,4.185847793299125,0.0,,,2023-06-24 07:00:00
7305.0,1687676400.0,sandy,2023,-0.3602161587464601,-0.5324586664639549,7.0,3.0,SMARTER,1,0.125049077783083,0.0,7.077332335884068,4.71830645976308,4.35809030101662,0.0,,,2023-06-25 07:00:00
7306.0,1687762800.0,sandy,2023,-0.2086045289133389,-0.3602161587464601,7.0,3.0,SMARTER,1,0.5605168998749145,0.125049077783083,6.229180911248416,4.71830645976308,4.509701930849741,0.0,,,2023-06-26 07:00:00
7307.0,1687849200.0,sandy,2023,-0.0580597477595749,-0.2086045289133389,7.0,3.0,SMARTER,1,1.4401511246725378,0.5605168998749145,7.717627618312005,4.71830645976308,4.660246712003505,0.0,,,2023-06-27 07:00:00
7308.0,1687935600.0,sandy,2023,0.0613816987423231,-0.0580597477595749,7.0,3.0,SMARTER,1,2.4603863464127933,1.4401511246725378,8.190146658736474,4.71830645976308,4.779688158505404,0.0,,,2023-06-28 07:00:00
7309.0,1688022000.0,sandy,2023,0.0460040302479843,0.0613816987423231,7.0,3.0,SMARTER,1,2.490754757696375,2.4603863464127933,2.6534944981591777,4.71830645976308,4.764310490011065,0.0,,,2023-06-29 07:00:00
7310.0,1688108400.0,sandy,2023,0.1262583502229379,0.0460040302479843,7.0,3.0,SMARTER,1,3.431310048189864,2.490754757696375,7.811921140444205,4.71830645976308,4.844564809986018,0.0,,,2023-06-30 07:00:00
7311.0,1688194800.0,sandy,2023,0.0857869762163668,0.1262583502229379,7.0,3.0,SMARTER,1,3.4053713587929666,3.431310048189864,2.989408376370308,4.71830645976308,4.804093435979447,0.0,,,2023-07-01 07:00:00
7312.0,1688281200.0,sandy,2023,0.0616043534521183,0.0857869762163668,7.0,3.0,SMARTER,1,3.4209060597995826,3.4053713587929666,3.628606534620321,4.71830645976308,4.779910813215198,0.0,,,2023-07-02 07:00:00
7313.0,1688367600.0,sandy,2023,0.0906266432644801,0.0616043534521183,7.0,3.0,SMARTER,1,3.895942018279556,3.4209060597995826,5.9091258835011,4.71830645976308,4.80893310302756,0.0,,,2023-07-03 07:00:00
7314.0,1688454000.0,sandy,2023,0.1228218025368631,0.0906266432644801,7.0,3.0,SMARTER,1,4.489773540796826,3.895942018279556,6.621532339824514,4.71830645976308,4.841128262299944,0.0,,,2023-07-04 07:00:00
7315.0,1688540400.0,sandy,2023,0.129909754176777,0.1228218025368631,7.0,3.0,SMARTER,1,4.929118464806555,4.489773540796826,6.395412175418061,4.71830645976308,4.848216213939858,0.0,,,2023-07-05 07:00:00
7316.0,1688626800.0,sandy,2023,0.1505669232784957,0.129909754176777,7.0,3.0,SMARTER,1,5.525419418354073,4.929118464806555,7.492344925936937,4.71830645976308,4.868873383041576,5.0,,,2023-07-06 07:00:00
7317.0,1688713200.0,sandy,2023,0.0046957659966802,0.1505669232784957,7.0,3.0,SMARTER,1,4.518408615371405,5.525419418354073,3.3788724562330463,4.71830645976308,4.72300222575976,0.0,,,2023-07-07 07:00:00
7318.0,1688799600.0,sandy,2023,0.0114625628213725,0.0046957659966802,7.0,3.0,SMARTER,1,4.600163881608369,4.518408615371405,6.518921569415171,4.71830645976308,4.729769022584453,0.0,,,2023-07-08 07:00:00
7319.0,1688886000.0,sandy,2023,0.0534807081354888,0.0114625628213725,7.0,3.0,SMARTER,1,5.0547330232136485,4.600163881608369,7.0675670514600375,4.71830645976308,4.7717871678985695,0.0,,,2023-07-09 07:00:00
7320.0,1688972400.0,sandy,2023,0.0799653974101771,0.0534807081354888,7.0,3.0,SMARTER,1,5.480022040366999,5.0547330232136485,6.961944041187434,4.71830645976308,4.798271857173257,0.0,,,2023-07-10 07:00:00
7321.0,1689058800.0,sandy,2023,0.1090265000748225,0.0799653974101771,7.0,3.0,SMARTER,1,6.010529259243984,5.480022040366999,7.523781176422247,4.71830645976308,4.827332959837903,0.0,,,2023-07-11 07:00:00
7322.0,1689145200.0,sandy,2023,0.124564123971517,0.1090265000748225,7.0,3.0,SMARTER,1,6.492984998435396,6.010529259243984,7.806608352298979,4.71830645976308,4.842870583734597,0.0,,,2023-07-12 07:00:00
7323.0,1689231600.0,sandy,2023,0.1182951721231148,0.124564123971517,7.0,3.0,SMARTER,1,6.803987851865925,6.492984998435396,7.714035948667738,4.71830645976308,4.836601631886195,22.8,,,2023-07-13 07:00:00
7324.0,1689318000.0,sandy,2023,-0.5480211900865732,0.1182951721231148,7.0,3.0,SMARTER,1,0.4957097461383888,6.803987851865925,2.9961159428327533,4.71830645976308,4.170285269676507,0.0,,,2023-07-14 07:00:00
7325.0,1689404400.0,sandy,2023,-0.4232592401899143,-0.5480211900865732,7.0,3.0,SMARTER,1,0.0,0.4957097461383888,5.390782029334142,4.71830645976308,4.295047219573166,0.0,,,2023-07-15 07:00:00
7326.0,1689490800.0,sandy,2023,-0.1750226106567766,-0.4232592401899143,7.0,3.0,SMARTER,1,1.2125885747616336,0.0,7.109056997180415,4.71830645976308,4.543283849106303,0.0,,,2023-07-16 07:00:00
7327.0,1689577200.0,sandy,2023,0.0008784866155657,-0.1750226106567766,7.0,3.0,SMARTER,1,2.446531715514728,1.2125885747616336,6.608581357186508,4.71830645976308,4.719184946378646,0.0,,,2023-07-17 07:00:00
7328.0,1689663600.0,sandy,2023,0.1474187499765708,0.0008784866155657,7.0,3.0,SMARTER,1,3.9145698089714753,2.446531715514728,7.500311698248804,4.71830645976308,4.865725209739651,0.0,,,2023-07-18 07:00:00
7329.0,1689750000.0,sandy,2023,0.2211440264222416,0.1474187499765708,7.0,3.0,SMARTER,1,5.094078823357896,3.9145698089714753,7.063404491828016,4.71830645976308,4.939450486185322,0.0,,,2023-07-19 07:00:00
7330.0,1689836400.0,sandy,2023,0.2789525276310036,0.2211440264222416,7.0,3.0,SMARTER,1,6.335595914712241,5.094078823357896,7.949048805371062,4.71830645976308,4.997258987394084,0.0,,,2023-07-20 07:00:00
7331.0,1689922800.0,sandy,2023,0.2438544405851328,0.2789525276310036,7.0,3.0,SMARTER,1,6.821472627146544,6.335595914712241,6.202164075023188,4.71830645976308,4.962160900348213,0.0,,,2023-07-21 07:00:00
7332.0,1719212400.0,sandy,2024,-0.9163487327852844,0.0,7.0,3.0,SMARTER,1,0.0,0.0,1.5856569477409397,4.71830645976308,3.8054362757279097,5.8,,,2024-06-24 07:00:00
7333.0,1719298800.0,sandy,2024,-0.9788446189287636,-0.9163487327852844,7.0,3.0,SMARTER,1,0.0,0.0,1.643019943771474,4.71830645976308,3.7394618408343168,12.6,,,2024-06-25 07:00:00
7334.0,1719385200.0,sandy,2024,-1.0940321409707554,-0.9788446189287636,7.0,3.0,SMARTER,1,0.0,0.0,3.7360647761286776,4.71830645976308,3.6242743187923248,1.0,,,2024-06-26 07:00:00
7335.0,1719471600.0,sandy,2024,-1.0538939851169635,-1.0940321409707554,7.0,3.0,SMARTER,1,0.0,0.0,3.283058105037508,4.71830645976308,3.6644124746461166,0.0,,,2024-06-27 07:00:00
7336.0,1719558000.0,sandy,2024,-0.7954118657544437,-1.0538939851169635,7.0,3.0,SMARTER,1,0.0,0.0,8.105450401178516,4.71830645976308,3.922894594008637,0.0,,,2024-06-28 07:00:00
7337.0,1719644400.0,sandy,2024,-0.5754786186497758,-0.7954118657544437,7.0,3.0,SMARTER,1,0.0,0.0,6.855392222915658,4.71830645976308,4.142827841113305,0.0,,,2024-06-29 07:00:00
7338.0,1719730800.0,sandy,2024,-0.3882010285659471,-0.5754786186497758,7.0,3.0,SMARTER,1,0.0,0.0,6.275478723242181,4.71830645976308,4.330105431197133,0.0,,,2024-06-30 07:00:00
7339.0,1719817200.0,sandy,2024,-0.1756380545259042,-0.3882010285659471,7.0,3.0,SMARTER,1,0.961026654702588,0.0,9.008052630760128,4.71830645976308,4.542668405237176,0.0,,,2024-07-01 07:00:00
7340.0,1719903600.0,sandy,2024,-0.0595074750591559,-0.1756380545259042,7.0,3.0,SMARTER,1,1.5954182857923571,0.961026654702588,6.40343719338403,4.71830645976308,4.658798984703925,0.0,,,2024-07-02 07:00:00
7341.0,1719990000.0,sandy,2024,0.0328536462779391,-0.0595074750591559,7.0,3.0,SMARTER,1,2.3405070739858407,1.5954182857923571,6.828302846826217,4.71830645976308,4.751160106041019,0.0,,,2024-07-03 07:00:00
7342.0,1720076400.0,sandy,2024,0.0379558019900015,0.0328536462779391,7.0,3.0,SMARTER,1,2.4900895699402823,2.3405070739858407,3.501203041998366,4.71830645976308,4.756262261753082,0.0,,,2024-07-04 07:00:00
7343.0,1720162800.0,sandy,2024,0.0597338516677131,0.0379558019900015,7.0,3.0,SMARTER,1,2.8217374726874027,2.4900895699402823,4.110755932356144,4.71830645976308,4.778040311430793,0.0,,,2024-07-05 07:00:00
7344.0,1720249200.0,sandy,2024,0.1429093299212294,0.0597338516677131,7.0,3.0,SMARTER,1,3.832693810225705,2.8217374726874027,7.570021332731803,4.71830645976308,4.86121578968431,0.0,,,2024-07-06 07:00:00
7345.0,1720335600.0,sandy,2024,0.2014927492949081,0.1429093299212294,7.0,3.0,SMARTER,1,4.847255993726181,3.832693810225705,8.236770338981968,4.71830645976308,4.919799209057988,0.0,,,2024-07-07 07:00:00
7346.0,1720422000.0,sandy,2024,0.1313387242643774,0.2014927492949081,7.0,3.0,SMARTER,1,4.750193991305599,4.847255993726181,3.5751601774979624,4.71830645976308,4.849645184027458,0.0,,,2024-07-08 07:00:00
7347.0,1720508400.0,sandy,2024,0.1282368936549658,0.1313387242643774,7.0,3.0,SMARTER,1,5.113191858004615,4.750193991305599,6.021523561190189,4.71830645976308,4.846543353418046,1.0,,,2024-07-09 07:00:00
7348.0,1720594800.0,sandy,2024,0.120785793191037,0.1282368936549658,7.0,3.0,SMARTER,1,5.423391534330224,5.113191858004615,6.408995121084742,4.71830645976308,4.839092252954117,0.0,,,2024-07-10 07:00:00
7349.0,1720681200.0,sandy,2024,0.1327785777276693,0.120785793191037,7.0,3.0,SMARTER,1,5.905676759269658,5.423391534330224,7.100145056634385,4.71830645976308,4.8510850374907495,0.0,,,2024-07-11 07:00:00
7350.0,1720767600.0,sandy,2024,0.1648601122637498,0.1327785777276693,7.0,3.0,SMARTER,1,6.624827837813471,5.905676759269658,8.417233027045325,4.71830645976308,4.883166572026831,0.0,,,2024-07-12 07:00:00
7351.0,1720854000.0,sandy,2024,0.1983727753899615,0.1648601122637498,7.0,3.0,SMARTER,1,7.454534805866837,6.624827837813471,9.478835789843243,4.71830645976308,4.916679235153042,0.0,,,2024-07-13 07:00:00
7352.0,1720940400.0,sandy,2024,0.1808497091130524,0.1983727753899615,7.0,3.0,SMARTER,1,7.874422469267631,7.454534805866837,8.65408688020589,4.71830645976308,4.899156168876133,0.0,,,2024-07-14 07:00:00
7353.0,1721026800.0,sandy,2024,0.1367422559833598,0.1808497091130524,7.0,3.0,SMARTER,1,7.975897065309861,7.874422469267631,8.038553013013921,4.71830645976308,4.85504871574644,0.0,,,2024-07-15 07:00:00
7354.0,1721113200.0,sandy,2024,0.0974629023665241,0.1367422559833598,7.0,3.0,SMARTER,1,7.993330297091584,7.975897065309861,8.079175888672749,4.71830645976308,4.815769362129604,0.0,,,2024-07-16 07:00:00
7355.0,1721199600.0,sandy,2024,0.1162879876808568,0.0974629023665241,7.0,3.0,SMARTER,1,8.473969857334483,7.993330297091584,9.89638188136864,4.71830645976308,4.834594447443937,0.0,,,2024-07-17 07:00:00
7356.0,1721286000.0,sandy,2024,0.0896191565952581,0.1162879876808568,7.0,3.0,SMARTER,1,8.556145509521066,8.473969857334483,8.856197692783795,4.71830645976308,4.807925616358339,0.0,,,2024-07-18 07:00:00
7357.0,1721372400.0,sandy,2024,0.0510374376570105,0.0896191565952581,7.0,3.0,SMARTER,1,8.439185789924366,8.556145509521066,8.59349226880255,4.71830645976308,4.76934389742009,0.0,,,2024-07-19 07:00:00
7358.0,1721458800.0,sandy,2024,-0.0340878834541806,0.0510374376570105,7.0,3.0,SMARTER,1,7.741044891783486,8.439185789924366,6.5994601364997925,4.71830645976308,4.6842185763089,0.0,,,2024-07-20 07:00:00
7359.0,1721545200.0,sandy,2024,-0.0952126511321632,-0.0340878834541806,7.0,3.0,SMARTER,1,7.027533564641118,7.741044891783486,6.35886520949269,4.71830645976308,4.623093808630917,0.0,,,2024-07-21 07:00:00
7360.0,1626073200.0,sandy,2021,0.2567818856061262,0.0,28.0,12.0,SMARTER,7,0.0,0.0,8.171899400888595,4.71830645976308,4.975088345369207,0.0,,,2021-07-12 07:00:00
7361.0,1626159600.0,sandy,2021,0.4202315603338118,0.0,28.0,12.0,SMARTER,7,0.0,0.0,7.307248568315713,4.71830645976308,5.138538020096892,49.2,,,2021-07-13 07:00:00
7362.0,1626246000.0,sandy,2021,-0.7347274896601887,0.0,28.0,12.0,SMARTER,7,0.0,0.0,3.7200181370317593,4.71830645976308,3.9863260314777698,0.0,,,2021-07-14 07:00:00
7363.0,1626332400.0,sandy,2021,-0.6053534930700302,0.0,28.0,12.0,SMARTER,7,0.0,0.0,6.588938290136868,4.71830645976308,4.11295296669305,0.0,,,2021-07-15 07:00:00
7364.0,1626418800.0,sandy,2021,-0.4454994280135128,0.0,28.0,12.0,SMARTER,7,0.0,0.0,4.2070949143533625,4.71830645976308,4.272807031749568,10.8,,,2021-07-16 07:00:00
7365.0,1626505200.0,sandy,2021,-0.6121063734862466,0.0,28.0,12.0,SMARTER,7,0.0,0.0,1.7206288405645938,4.71830645976308,4.106200086276834,0.8,,,2021-07-17 07:00:00
7366.0,1626591600.0,sandy,2021,-0.576152016633264,0.0,28.0,12.0,SMARTER,7,0.0,0.0,2.339819333016992,4.71830645976308,4.142154443129816,0.0,,,2021-07-18 07:00:00
7367.0,1626678000.0,sandy,2021,-0.3492966352175186,-0.576152016633264,28.0,12.0,SMARTER,7,0.0,0.0,5.542148180411579,4.71830645976308,4.369009824545562,0.0,,,2021-07-19 07:00:00
7368.0,1626764400.0,sandy,2021,-0.1149277597367509,-0.576152016633264,28.0,12.0,SMARTER,7,0.0,0.0,6.336708517861463,4.71830645976308,4.6033787000263295,0.0,,,2021-07-20 07:00:00
7369.0,1626850800.0,sandy,2021,0.1203005883121555,-0.576152016633264,28.0,12.0,SMARTER,7,0.0,0.0,7.723088615724408,4.71830645976308,4.838607048075236,0.0,,,2021-07-21 07:00:00
7370.0,1626937200.0,sandy,2021,0.2865039947799574,-0.576152016633264,28.0,12.0,SMARTER,7,0.0,0.0,6.384988487195638,4.71830645976308,5.004810454543038,0.0,,,2021-07-22 07:00:00
7371.0,1627023600.0,sandy,2021,0.4372381023838854,-0.576152016633264,28.0,12.0,SMARTER,7,0.0,0.0,6.724001721462045,4.71830645976308,5.155544562146965,0.0,,,2021-07-23 07:00:00
7372.0,1627110000.0,sandy,2021,0.5641629657727076,-0.576152016633264,28.0,12.0,SMARTER,7,0.0,0.0,6.639604206034317,4.71830645976308,5.282469425535788,0.0,,,2021-07-24 07:00:00
7373.0,1627196400.0,sandy,2021,0.6667011740836846,-0.576152016633264,28.0,12.0,SMARTER,7,42.80030342907878,0.0,6.068344799075018,4.71830645976308,5.385007633846765,0.0,,,2021-07-25 07:00:00
7374.0,1627282800.0,sandy,2021,-0.6787694326811727,0.6667011740836846,28.0,12.0,SMARTER,7,0.0,42.80030342907878,3.7441148307248353,4.71830645976308,4.103234261951458,0.0,,,2021-07-26 07:00:00
7375.0,1627369200.0,sandy,2021,-0.5111970247991574,0.6667011740836846,28.0,12.0,SMARTER,7,0.0,42.80030342907878,5.25782491390273,4.71830645976308,4.207109434963923,1.0,,,2021-07-27 07:00:00
7376.0,1627455600.0,sandy,2021,-0.3540868238501157,0.6667011740836846,28.0,12.0,SMARTER,7,0.0,42.80030342907878,4.067188753317478,4.71830645976308,4.364219635912964,0.0,,,2021-07-28 07:00:00
7377.0,1627542000.0,sandy,2021,-0.1330878401518637,0.6667011740836846,28.0,12.0,SMARTER,7,0.0,42.80030342907878,5.501441403272102,4.71830645976308,4.585218619611217,0.0,,,2021-07-29 07:00:00
7378.0,1627628400.0,sandy,2021,0.1088744132240241,0.6667011740836846,28.0,12.0,SMARTER,7,0.0,42.80030342907878,7.363960029273559,4.71830645976308,4.827180872987104,0.0,,,2021-07-30 07:00:00
7379.0,1627714800.0,sandy,2021,0.3202577713779745,0.6667011740836846,28.0,12.0,SMARTER,7,0.0,42.80030342907878,8.127164249908118,4.71830645976308,5.038564231141055,0.0,,,2021-07-31 07:00:00
7380.0,1627801200.0,sandy,2021,0.4737132598918127,0.6667011740836846,28.0,12.0,SMARTER,7,43.08120095040812,42.80030342907878,7.011084171391055,4.71830645976308,5.192019719654893,9.0,,,2021-08-01 07:00:00
7381.0,1627887600.0,sandy,2021,-0.8442764610245647,0.4737132598918127,28.0,12.0,SMARTER,7,0.0,43.08120095040812,7.304828236834061,4.71830645976308,3.9690186077240375,0.0,,,2021-08-02 07:00:00
7382.0,1627974000.0,sandy,2021,-0.6206286389997847,0.4737132598918127,28.0,12.0,SMARTER,7,0.0,43.08120095040812,7.320018177389831,4.71830645976308,4.097677820763296,0.0,,,2021-08-03 07:00:00
7383.0,1628060400.0,sandy,2021,-0.3001465974569943,0.4737132598918127,28.0,12.0,SMARTER,7,0.0,43.08120095040812,8.239496207860649,4.71830645976308,4.418159862306086,0.0,,,2021-08-04 07:00:00
7384.0,1628146800.0,sandy,2021,-0.1378799953097848,0.4737132598918127,28.0,12.0,SMARTER,7,0.0,43.08120095040812,4.198759507591638,4.71830645976308,4.580426464453296,0.0,,,2021-08-05 07:00:00
7385.0,1628233200.0,sandy,2021,0.124883252566915,0.4737132598918127,28.0,12.0,SMARTER,7,0.0,43.08120095040812,8.25634687060054,4.71830645976308,4.843189712329996,0.0,,,2021-08-06 07:00:00
7386.0,1628319600.0,sandy,2021,0.3166135053493913,0.4737132598918127,28.0,12.0,SMARTER,7,0.0,43.08120095040812,7.823891414052509,4.71830645976308,5.034919965112472,0.0,,,2021-08-07 07:00:00
7387.0,1628406000.0,sandy,2021,0.4595343668060113,0.4737132598918127,28.0,12.0,SMARTER,7,48.19860434567782,43.08120095040812,6.805842568347599,4.71830645976308,5.177840826569091,0.0,,,2021-08-08 07:00:00
7388.0,1628492400.0,sandy,2021,-0.8305670358495768,0.4595343668060113,28.0,12.0,SMARTER,7,0.0,48.19860434567782,8.235329351972808,4.71830645976308,4.003128104138216,0.0,,,2021-08-09 07:00:00
7389.0,1656054000.0,sandy,2022,-0.3245383821372074,0.0,28.0,12.0,SMARTER,7,0.0,0.0,5.717907755951627,4.71830645976308,4.3937680776258725,0.0,,,2022-06-24 07:00:00
7390.0,1656140400.0,sandy,2022,-0.1057476363914457,0.0,28.0,12.0,SMARTER,7,0.0,0.0,9.203948870710636,4.71830645976308,4.612558823371635,0.0,,,2022-06-25 07:00:00
7391.0,1656226800.0,sandy,2022,0.0929645428910823,0.0,28.0,12.0,SMARTER,7,0.0,0.0,9.569797117975432,4.71830645976308,4.811271002654163,0.0,,,2022-06-26 07:00:00
7392.0,1656313200.0,sandy,2022,0.2363898807573645,0.0,28.0,12.0,SMARTER,7,0.0,0.0,8.693094774412245,4.71830645976308,4.954696340520445,0.0,,,2022-06-27 07:00:00
7393.0,1656399600.0,sandy,2022,0.3390178722919834,0.0,28.0,12.0,SMARTER,7,0.0,0.0,7.460713537351751,4.71830645976308,5.057324332055064,1.6,,,2022-06-28 07:00:00
7394.0,1656486000.0,sandy,2022,0.3651726602759285,0.0,28.0,12.0,SMARTER,7,0.0,0.0,1.8323231735051733,4.71830645976308,5.083479120039009,0.0,,,2022-06-29 07:00:00
7395.0,1656572400.0,sandy,2022,0.4483618294629571,0.0,28.0,12.0,SMARTER,7,17.934473178518285,0.0,6.425725286268609,4.71830645976308,5.166668289226037,0.0,,,2022-06-30 07:00:00
7396.0,1656658800.0,sandy,2022,0.0511416769061478,0.4483618294629571,28.0,12.0,SMARTER,7,0.0,17.934473178518285,8.481182130641368,4.71830645976308,4.769448136669228,0.0,,,2022-07-01 07:00:00
7397.0,1656745200.0,sandy,2022,0.2368796172550474,0.4483618294629571,28.0,12.0,SMARTER,7,0.0,17.934473178518285,9.684100900879589,4.71830645976308,4.955186077018127,0.0,,,2022-07-02 07:00:00
7398.0,1656831600.0,sandy,2022,0.3682575614844317,0.4483618294629571,28.0,12.0,SMARTER,7,0.0,17.934473178518285,7.875822878948619,4.71830645976308,5.086564021247512,0.0,,,2022-07-03 07:00:00
7399.0,1656918000.0,sandy,2022,0.4929155819237373,0.4483618294629571,28.0,12.0,SMARTER,7,0.0,17.934473178518285,8.846129638751195,4.71830645976308,5.211222041686818,0.0,,,2022-07-04 07:00:00
7400.0,1657004400.0,sandy,2022,0.5947199860340546,0.4483618294629571,28.0,12.0,SMARTER,7,0.0,17.934473178518285,8.353871892123982,4.71830645976308,5.313026445797135,0.0,,,2022-07-05 07:00:00
7401.0,1657090800.0,sandy,2022,0.6778185804917366,0.4483618294629571,28.0,12.0,SMARTER,7,0.0,17.934473178518285,8.10868026961472,4.71830645976308,5.396125040254817,0.0,,,2022-07-06 07:00:00
7402.0,1657177200.0,sandy,2022,0.7283836861179026,0.4483618294629571,28.0,12.0,SMARTER,7,34.51568939827159,17.934473178518285,5.27960920736311,4.71830645976308,5.446690145880983,11.6,,,2022-07-07 07:00:00
7403.0,1657263600.0,sandy,2022,-0.4578290272752835,0.7283836861179026,28.0,12.0,SMARTER,7,0.0,34.51568939827159,7.275206390354677,4.71830645976308,4.297135677496879,0.0,,,2022-07-08 07:00:00
7404.0,1657350000.0,sandy,2022,-0.3141739301977672,0.7283836861179026,28.0,12.0,SMARTER,7,0.0,34.51568939827159,7.121172904786319,4.71830645976308,4.404132529565313,0.0,,,2022-07-09 07:00:00
7405.0,1657436400.0,sandy,2022,-0.0847847634340875,0.7283836861179026,28.0,12.0,SMARTER,7,0.0,34.51568939827159,7.612583271961939,4.71830645976308,4.633521696328993,0.0,,,2022-07-10 07:00:00
7406.0,1657522800.0,sandy,2022,0.1419345276333702,0.7283836861179026,28.0,12.0,SMARTER,7,0.0,34.51568939827159,8.472336750464112,4.71830645976308,4.860240987396451,0.0,,,2022-07-11 07:00:00
7407.0,1657609200.0,sandy,2022,0.3051105806930218,0.7283836861179026,28.0,12.0,SMARTER,7,0.0,34.51568939827159,7.487993037508327,4.71830645976308,5.023417040456102,0.0,,,2022-07-12 07:00:00
7408.0,1657695600.0,sandy,2022,0.4136086331903911,0.7283836861179026,28.0,12.0,SMARTER,7,0.0,34.51568939827159,5.439558555641069,4.71830645976308,5.131915092953471,0.0,,,2022-07-13 07:00:00
7409.0,1657782000.0,sandy,2022,0.5524408970523768,0.7283836861179026,28.0,12.0,SMARTER,7,36.21858206906539,34.51568939827159,8.254676604732598,4.71830645976308,5.270747356815457,0.0,,,2022-07-14 07:00:00
7410.0,1657868400.0,sandy,2022,-0.3972875496044016,0.5524408970523768,28.0,12.0,SMARTER,7,0.0,36.21858206906539,9.447916516172471,4.71830645976308,4.340284140234375,0.0,,,2022-07-15 07:00:00
7411.0,1657954800.0,sandy,2022,-0.1405648630057079,0.5524408970523768,28.0,12.0,SMARTER,7,0.0,36.21858206906539,8.968687582898376,4.71830645976308,4.577741596757372,0.0,,,2022-07-16 07:00:00
7412.0,1658041200.0,sandy,2022,0.0973272364618497,0.5524408970523768,28.0,12.0,SMARTER,7,0.0,36.21858206906539,7.701644419417017,4.71830645976308,4.81563369622493,0.0,,,2022-07-17 07:00:00
7413.0,1658127600.0,sandy,2022,0.2776170462120043,0.5524408970523768,28.0,12.0,SMARTER,7,0.0,36.21858206906539,7.236620092977568,4.71830645976308,4.995923505975084,0.0,,,2022-07-18 07:00:00
7414.0,1658214000.0,sandy,2022,0.4398053869908486,0.5524408970523768,28.0,12.0,SMARTER,7,0.0,36.21858206906539,7.976539558735554,4.71830645976308,5.158111846753929,0.0,,,2022-07-19 07:00:00
7415.0,1658300400.0,sandy,2022,0.5871455579974232,0.5524408970523768,28.0,12.0,SMARTER,7,0.0,36.21858206906539,9.031637030513592,4.71830645976308,5.305452017760503,0.0,,,2022-07-20 07:00:00
7416.0,1658386800.0,sandy,2022,0.6996705741434097,0.5524408970523768,28.0,12.0,SMARTER,7,48.73705991733523,36.21858206906539,8.523521442036436,4.71830645976308,5.41797703390649,0.0,,,2022-07-21 07:00:00
7417.0,1687590000.0,sandy,2023,-0.5324586664639549,0.0,28.0,12.0,SMARTER,7,0.0,0.0,6.3387606045021405,4.71830645976308,4.185847793299125,0.0,,,2023-06-24 07:00:00
7418.0,1687676400.0,sandy,2023,-0.3602161587464601,0.0,28.0,12.0,SMARTER,7,0.0,0.0,7.077332335884068,4.71830645976308,4.35809030101662,0.0,,,2023-06-25 07:00:00
7419.0,1687762800.0,sandy,2023,-0.2059944320970771,0.0,28.0,12.0,SMARTER,7,0.0,0.0,6.229180911248416,4.71830645976308,4.512312027666003,0.0,,,2023-06-26 07:00:00
7420.0,1687849200.0,sandy,2023,-0.0465480567409394,0.0,28.0,12.0,SMARTER,7,0.0,0.0,7.717627618312005,4.71830645976308,4.671758403022141,0.0,,,2023-06-27 07:00:00
7421.0,1687935600.0,sandy,2023,0.0958827886430957,0.0,28.0,12.0,SMARTER,7,0.0,0.0,8.190146658736474,4.71830645976308,4.814189248406176,0.0,,,2023-06-28 07:00:00
7422.0,1688022000.0,sandy,2023,0.1378867380335812,0.0,28.0,12.0,SMARTER,7,0.0,0.0,2.6534944981591777,4.71830645976308,4.856193197796661,0.0,,,2023-06-29 07:00:00
7423.0,1688108400.0,sandy,2023,0.2546530902650876,0.0,28.0,12.0,SMARTER,7,10.186123610603502,0.0,7.811921140444205,4.71830645976308,4.972959550028168,0.0,,,2023-06-30 07:00:00
7424.0,1688194800.0,sandy,2023,0.0256885231662458,0.2546530902650876,28.0,12.0,SMARTER,7,0.0,10.186123610603502,2.989408376370308,4.71830645976308,4.743994982929326,0.0,,,2023-07-01 07:00:00
7425.0,1688281200.0,sandy,2023,0.0958640787952156,0.2546530902650876,28.0,12.0,SMARTER,7,0.0,10.186123610603502,3.628606534620321,4.71830645976308,4.814170538558296,0.0,,,2023-07-02 07:00:00
7426.0,1688367600.0,sandy,2023,0.2053443076033785,0.2546530902650876,28.0,12.0,SMARTER,7,0.0,10.186123610603502,5.9091258835011,4.71830645976308,4.923650767366459,0.0,,,2023-07-03 07:00:00
7427.0,1688454000.0,sandy,2023,0.3167440825414678,0.2546530902650876,28.0,12.0,SMARTER,7,0.0,10.186123610603502,6.621532339824514,4.71830645976308,5.035050542304548,0.0,,,2023-07-04 07:00:00
7428.0,1688540400.0,sandy,2023,0.411855751350881,0.2546530902650876,28.0,12.0,SMARTER,7,0.0,10.186123610603502,6.395412175418061,4.71830645976308,5.130162211113961,0.0,,,2023-07-05 07:00:00
7429.0,1688626800.0,sandy,2023,0.5114031646969738,0.2546530902650876,28.0,12.0,SMARTER,7,0.0,10.186123610603502,7.492344925936937,4.71830645976308,5.229709624460054,5.0,,,2023-07-06 07:00:00
7430.0,1688713200.0,sandy,2023,0.5507250445513091,0.2546530902650876,28.0,12.0,SMARTER,7,25.08483886523341,10.186123610603502,3.3788724562330463,4.71830645976308,5.269031504314389,0.0,,,2023-07-07 07:00:00
7431.0,1688799600.0,sandy,2023,-0.1954560713009054,0.5507250445513091,28.0,12.0,SMARTER,7,0.0,25.08483886523341,6.518921569415171,4.71830645976308,4.522919378749362,0.0,,,2023-07-08 07:00:00
7432.0,1688886000.0,sandy,2023,-0.0253383048418483,0.5507250445513091,28.0,12.0,SMARTER,7,0.0,25.08483886523341,7.0675670514600375,4.71830645976308,4.692968154921232,0.0,,,2023-07-09 07:00:00
7433.0,1688972400.0,sandy,2023,0.1548912937743725,0.5507250445513091,28.0,12.0,SMARTER,7,0.0,25.08483886523341,6.961944041187434,4.71830645976308,4.873197753537453,0.0,,,2023-07-10 07:00:00
7434.0,1689058800.0,sandy,2023,0.3159327517859131,0.5507250445513091,28.0,12.0,SMARTER,7,0.0,25.08483886523341,7.523781176422247,4.71830645976308,5.034239211548994,0.0,,,2023-07-11 07:00:00
7435.0,1689145200.0,sandy,2023,0.4540850442262701,0.5507250445513091,28.0,12.0,SMARTER,7,0.0,25.08483886523341,7.806608352298979,4.71830645976308,5.17239150398935,0.0,,,2023-07-12 07:00:00
7436.0,1689231600.0,sandy,2023,0.5680748429414475,0.5507250445513091,28.0,12.0,SMARTER,7,0.0,25.08483886523341,7.714035948667738,4.71830645976308,5.286381302704528,22.8,,,2023-07-13 07:00:00
7437.0,1689318000.0,sandy,2023,0.2461065479602677,0.5507250445513091,28.0,12.0,SMARTER,7,19.50879953620747,25.08483886523341,2.9961159428327533,4.71830645976308,4.964413007723348,0.0,,,2023-07-14 07:00:00
7438.0,1689404400.0,sandy,2023,-0.3379783708233255,0.2461065479602677,28.0,12.0,SMARTER,7,0.0,19.50879953620747,5.390782029334142,4.71830645976308,4.380328088939755,0.0,,,2023-07-15 07:00:00
7439.0,1689490800.0,sandy,2023,-0.145271704228265,0.2461065479602677,28.0,12.0,SMARTER,7,0.0,19.50879953620747,7.109056997180415,4.71830645976308,4.573034755534815,0.0,,,2023-07-16 07:00:00
7440.0,1689577200.0,sandy,2023,0.0557155186561257,0.2461065479602677,28.0,12.0,SMARTER,7,0.0,19.50879953620747,6.608581357186508,4.71830645976308,4.774021978419206,0.0,,,2023-07-17 07:00:00
7441.0,1689663600.0,sandy,2023,0.2474630144781438,0.2461065479602677,28.0,12.0,SMARTER,7,0.0,19.50879953620747,7.500311698248804,4.71830645976308,4.965769474241224,0.0,,,2023-07-18 07:00:00
7442.0,1689750000.0,sandy,2023,0.3999379943357499,0.2461065479602677,28.0,12.0,SMARTER,7,0.0,19.50879953620747,7.063404491828016,4.71830645976308,5.11824445409883,0.0,,,2023-07-19 07:00:00
7443.0,1689836400.0,sandy,2023,0.5490218853078531,0.2461065479602677,28.0,12.0,SMARTER,7,0.0,19.50879953620747,7.949048805371062,4.71830645976308,5.267328345070934,0.0,,,2023-07-20 07:00:00
7444.0,1689922800.0,sandy,2023,0.6484317304759705,0.2461065479602677,28.0,12.0,SMARTER,7,38.55508541235879,19.50879953620747,6.202164075023188,4.71830645976308,5.366738190239051,0.0,,,2023-07-21 07:00:00
7445.0,1719212400.0,sandy,2024,-0.9163487327852844,0.0,28.0,12.0,SMARTER,7,0.0,0.0,1.5856569477409397,4.71830645976308,3.8054362757279097,5.8,,,2024-06-24 07:00:00
7446.0,1719298800.0,sandy,2024,-0.9788446189287636,0.0,28.0,12.0,SMARTER,7,0.0,0.0,1.643019943771474,4.71830645976308,3.7394618408343168,12.6,,,2024-06-25 07:00:00
7447.0,1719385200.0,sandy,2024,-1.0940321409707554,0.0,28.0,12.0,SMARTER,7,0.0,0.0,3.7360647761286776,4.71830645976308,3.6242743187923248,1.0,,,2024-06-26 07:00:00
7448.0,1719471600.0,sandy,2024,-1.0538939851169635,0.0,28.0,12.0,SMARTER,7,0.0,0.0,3.283058105037508,4.71830645976308,3.6644124746461166,0.0,,,2024-06-27 07:00:00
7449.0,1719558000.0,sandy,2024,-0.7954118657544437,0.0,28.0,12.0,SMARTER,7,0.0,0.0,8.105450401178516,4.71830645976308,3.922894594008637,0.0,,,2024-06-28 07:00:00
7450.0,1719644400.0,sandy,2024,-0.5754786186497758,0.0,28.0,12.0,SMARTER,7,0.0,0.0,6.855392222915658,4.71830645976308,4.142827841113305,0.0,,,2024-06-29 07:00:00
7451.0,1719730800.0,sandy,2024,-0.3882010285659471,0.0,28.0,12.0,SMARTER,7,0.0,0.0,6.275478723242181,4.71830645976308,4.330105431197133,0.0,,,2024-06-30 07:00:00
7452.0,1719817200.0,sandy,2024,-0.1756380545259042,-0.3882010285659471,28.0,12.0,SMARTER,7,0.0,0.0,9.008052630760128,4.71830645976308,4.542668405237176,0.0,,,2024-07-01 07:00:00
7453.0,1719903600.0,sandy,2024,-0.0472405356086023,-0.3882010285659471,28.0,12.0,SMARTER,7,0.0,0.0,6.40343719338403,4.71830645976308,4.671065924154478,0.0,,,2024-07-02 07:00:00
7454.0,1719990000.0,sandy,2024,0.072236666839853,-0.3882010285659471,28.0,12.0,SMARTER,7,0.0,0.0,6.828302846826217,4.71830645976308,4.790543126602933,0.0,,,2024-07-03 07:00:00
7455.0,1720076400.0,sandy,2024,0.1293744617593234,-0.3882010285659471,28.0,12.0,SMARTER,7,0.0,0.0,3.501203041998366,4.71830645976308,4.847680921522404,0.0,,,2024-07-04 07:00:00
7456.0,1720162800.0,sandy,2024,0.1999908315009844,-0.3882010285659471,28.0,12.0,SMARTER,7,0.0,0.0,4.110755932356144,4.71830645976308,4.918297291264064,0.0,,,2024-07-05 07:00:00
7457.0,1720249200.0,sandy,2024,0.3199271040669589,-0.3882010285659471,28.0,12.0,SMARTER,7,0.0,0.0,7.570021332731803,4.71830645976308,5.03823356383004,0.0,,,2024-07-06 07:00:00
7458.0,1720335600.0,sandy,2024,0.4342460403214185,-0.3882010285659471,28.0,12.0,SMARTER,7,28.239470412703263,0.0,8.236770338981968,4.71830645976308,5.152552500084499,0.0,,,2024-07-07 07:00:00
7459.0,1720422000.0,sandy,2024,-0.3935229115724286,0.4342460403214185,28.0,12.0,SMARTER,7,0.0,28.239470412703263,3.5751601774979624,4.71830645976308,4.326257581740092,0.0,,,2024-07-08 07:00:00
7460.0,1720508400.0,sandy,2024,-0.2317388935385317,0.4342460403214185,28.0,12.0,SMARTER,7,0.0,28.239470412703263,6.021523561190189,4.71830645976308,4.486567566224548,1.0,,,2024-07-09 07:00:00
7461.0,1720594800.0,sandy,2024,-0.0462763773559414,0.4342460403214185,28.0,12.0,SMARTER,7,0.0,28.239470412703263,6.408995121084742,4.71830645976308,4.672030082407138,0.0,,,2024-07-10 07:00:00
7462.0,1720681200.0,sandy,2024,0.1317993827530831,0.4342460403214185,28.0,12.0,SMARTER,7,0.0,28.239470412703263,7.100145056634385,4.71830645976308,4.850105842516164,0.0,,,2024-07-11 07:00:00
7463.0,1720767600.0,sandy,2024,0.3083184988934458,0.4342460403214185,28.0,12.0,SMARTER,7,0.0,28.239470412703263,8.417233027045325,4.71830645976308,5.026624958656526,0.0,,,2024-07-12 07:00:00
7464.0,1720854000.0,sandy,2024,0.47328292112278,0.4342460403214185,28.0,12.0,SMARTER,7,0.0,28.239470412703263,9.478835789843243,4.71830645976308,5.19158938088586,0.0,,,2024-07-13 07:00:00
7465.0,1720940400.0,sandy,2024,0.5958826458548174,0.4342460403214185,28.0,12.0,SMARTER,7,39.91588711789624,28.239470412703263,8.65408688020589,4.71830645976308,5.314189105617897,0.0,,,2024-07-14 07:00:00
7466.0,1721026800.0,sandy,2024,-0.5224511074277591,0.5958826458548174,28.0,12.0,SMARTER,7,0.0,39.91588711789624,8.038553013013921,4.71830645976308,4.2312523194991885,0.0,,,2024-07-15 07:00:00
7467.0,1721113200.0,sandy,2024,-0.2815603210006037,0.5958826458548174,28.0,12.0,SMARTER,7,0.0,39.91588711789624,8.079175888672749,4.71830645976308,4.4367461387624765,0.0,,,2024-07-16 07:00:00
7468.0,1721199600.0,sandy,2024,0.0376333768514545,0.5958826458548174,28.0,12.0,SMARTER,7,0.0,39.91588711789624,9.89638188136864,4.71830645976308,4.755939836614535,0.0,,,2024-07-17 07:00:00
7469.0,1721286000.0,sandy,2024,0.2593312908795229,0.5958826458548174,28.0,12.0,SMARTER,7,0.0,39.91588711789624,8.856197692783795,4.71830645976308,4.977637750642603,0.0,,,2024-07-18 07:00:00
7470.0,1721372400.0,sandy,2024,0.4292166906099892,0.5958826458548174,28.0,12.0,SMARTER,7,0.0,39.91588711789624,8.59349226880255,4.71830645976308,5.147523150373069,0.0,,,2024-07-19 07:00:00
7471.0,1721458800.0,sandy,2024,0.5381853109848728,0.5958826458548174,28.0,12.0,SMARTER,7,0.0,39.91588711789624,6.5994601364997925,4.71830645976308,5.256491770747953,0.0,,,2024-07-20 07:00:00
7472.0,1721545200.0,sandy,2024,0.6269972717645244,0.5958826458548174,28.0,12.0,SMARTER,7,48.31106390454232,39.91588711789624,6.35886520949269,4.71830645976308,5.345303731527604,0.0,,,2024-07-21 07:00:00
7473.0,1626073200.0,sandy,2021,0.2567818856061262,0.0,21.0,9.0,SMARTER,5,0.0,0.0,8.171899400888595,4.71830645976308,4.975088345369207,0.0,,,2021-07-12 07:00:00
7474.0,1626159600.0,sandy,2021,0.4202315603338118,0.0,21.0,9.0,SMARTER,5,0.0,0.0,7.307248568315713,4.71830645976308,5.138538020096892,49.2,,,2021-07-13 07:00:00
7475.0,1626246000.0,sandy,2021,-0.7347274896601887,0.0,21.0,9.0,SMARTER,5,0.0,0.0,3.7200181370317593,4.71830645976308,3.9863260314777698,0.0,,,2021-07-14 07:00:00
7476.0,1626332400.0,sandy,2021,-0.6053534930700302,0.0,21.0,9.0,SMARTER,5,0.0,0.0,6.588938290136868,4.71830645976308,4.11295296669305,0.0,,,2021-07-15 07:00:00
7477.0,1626418800.0,sandy,2021,-0.4454994280135128,0.0,21.0,9.0,SMARTER,5,0.0,0.0,4.2070949143533625,4.71830645976308,4.272807031749568,10.8,,,2021-07-16 07:00:00
7478.0,1626505200.0,sandy,2021,-0.6121063734862466,-0.4454994280135128,21.0,9.0,SMARTER,5,0.0,0.0,1.7206288405645938,4.71830645976308,4.106200086276834,0.8,,,2021-07-17 07:00:00
7479.0,1626591600.0,sandy,2021,-0.576152016633264,-0.4454994280135128,21.0,9.0,SMARTER,5,0.0,0.0,2.339819333016992,4.71830645976308,4.142154443129816,0.0,,,2021-07-18 07:00:00
7480.0,1626678000.0,sandy,2021,-0.3492966352175186,-0.4454994280135128,21.0,9.0,SMARTER,5,0.0,0.0,5.542148180411579,4.71830645976308,4.369009824545562,0.0,,,2021-07-19 07:00:00
7481.0,1626764400.0,sandy,2021,-0.1149277597367509,-0.4454994280135128,21.0,9.0,SMARTER,5,0.0,0.0,6.336708517861463,4.71830645976308,4.6033787000263295,0.0,,,2021-07-20 07:00:00
7482.0,1626850800.0,sandy,2021,0.1203005883121555,-0.4454994280135128,21.0,9.0,SMARTER,5,12.964505637648436,0.0,7.723088615724408,4.71830645976308,4.838607048075236,0.0,,,2021-07-21 07:00:00
7483.0,1626937200.0,sandy,2021,-0.1172269009771078,0.1203005883121555,21.0,9.0,SMARTER,5,0.0,12.964505637648436,6.384988487195638,4.71830645976308,4.6010795587859725,0.0,,,2021-07-22 07:00:00
7484.0,1627023600.0,sandy,2021,0.0806359961505648,0.1203005883121555,21.0,9.0,SMARTER,5,0.0,12.964505637648436,6.724001721462045,4.71830645976308,4.798942455913645,0.0,,,2021-07-23 07:00:00
7485.0,1627110000.0,sandy,2021,0.2580008707453379,0.1203005883121555,21.0,9.0,SMARTER,5,0.0,12.964505637648436,6.639604206034317,4.71830645976308,4.976307330508418,0.0,,,2021-07-24 07:00:00
7486.0,1627196400.0,sandy,2021,0.3978444402422102,0.1203005883121555,21.0,9.0,SMARTER,5,0.0,12.964505637648436,6.068344799075018,4.71830645976308,5.11615090000529,0.0,,,2021-07-25 07:00:00
7487.0,1627282800.0,sandy,2021,0.4811849693689495,0.1203005883121555,21.0,9.0,SMARTER,5,24.873742364161654,12.964505637648436,3.7441148307248353,4.71830645976308,5.1994914291320296,0.0,,,2021-07-26 07:00:00
7488.0,1627369200.0,sandy,2021,-0.2460430038202792,0.4811849693689495,21.0,9.0,SMARTER,5,0.0,24.873742364161654,5.25782491390273,4.71830645976308,4.473666861423645,1.0,,,2021-07-27 07:00:00
7489.0,1627455600.0,sandy,2021,-0.151332305971188,0.4811849693689495,21.0,9.0,SMARTER,5,0.0,24.873742364161654,4.067188753317478,4.71830645976308,4.566974153791892,0.0,,,2021-07-28 07:00:00
7490.0,1627542000.0,sandy,2021,0.0361640427698349,0.4811849693689495,21.0,9.0,SMARTER,5,0.0,24.873742364161654,5.501441403272102,4.71830645976308,4.754470502532915,0.0,,,2021-07-29 07:00:00
7491.0,1627628400.0,sandy,2021,0.2597048563018886,0.4811849693689495,21.0,9.0,SMARTER,5,0.0,24.873742364161654,7.363960029273559,4.71830645976308,4.978011316064969,0.0,,,2021-07-30 07:00:00
7492.0,1627714800.0,sandy,2021,0.456088462036389,0.4811849693689495,21.0,9.0,SMARTER,5,28.451511868505385,24.873742364161654,8.127164249908118,4.71830645976308,5.174394921799469,0.0,,,2021-07-31 07:00:00
7493.0,1627801200.0,sandy,2021,-0.3716307276220993,0.456088462036389,21.0,9.0,SMARTER,5,0.0,28.451511868505385,7.011084171391055,4.71830645976308,4.3832676900543,9.0,,,2021-08-01 07:00:00
7494.0,1627887600.0,sandy,2021,-0.2836333221908689,0.456088462036389,21.0,9.0,SMARTER,5,0.0,28.451511868505385,7.304828236834061,4.71830645976308,4.434673137572212,0.0,,,2021-08-02 07:00:00
7495.0,1627974000.0,sandy,2021,-0.0376603057072807,0.456088462036389,21.0,9.0,SMARTER,5,0.0,28.451511868505385,7.320018177389831,4.71830645976308,4.6806461540558,0.0,,,2021-08-03 07:00:00
7496.0,1628060400.0,sandy,2021,0.2104479333409597,0.456088462036389,21.0,9.0,SMARTER,5,0.0,28.451511868505385,8.239496207860649,4.71830645976308,4.92875439310404,0.0,,,2021-08-04 07:00:00
7497.0,1628146800.0,sandy,2021,0.3201036832399723,0.456088462036389,21.0,9.0,SMARTER,5,28.476764662940383,28.451511868505385,4.198759507591638,4.71830645976308,5.038410143003053,0.0,,,2021-08-05 07:00:00
7498.0,1628233200.0,sandy,2021,-0.3549708339497973,0.3201036832399723,21.0,9.0,SMARTER,5,0.0,28.476764662940383,8.25634687060054,4.71830645976308,4.367987679411867,0.0,,,2021-08-06 07:00:00
7499.0,1628319600.0,sandy,2021,-0.1076517416115916,0.3201036832399723,21.0,9.0,SMARTER,5,0.0,28.476764662940383,7.823891414052509,4.71830645976308,4.610654718151489,0.0,,,2021-08-07 07:00:00
7500.0,1628406000.0,sandy,2021,0.129561073051563,0.3201036832399723,21.0,9.0,SMARTER,5,0.0,28.476764662940383,6.805842568347599,4.71830645976308,4.847867532814643,0.0,,,2021-08-08 07:00:00
7501.0,1628492400.0,sandy,2021,0.3493461799332168,0.3201036832399723,21.0,9.0,SMARTER,5,0.0,28.476764662940383,8.235329351972808,4.71830645976308,5.0676526396962975,0.0,,,2021-08-09 07:00:00
7502.0,1656054000.0,sandy,2022,-0.3245383821372074,0.0,21.0,9.0,SMARTER,5,0.0,0.0,5.717907755951627,4.71830645976308,4.3937680776258725,0.0,,,2022-06-24 07:00:00
7503.0,1656140400.0,sandy,2022,-0.1057476363914457,0.0,21.0,9.0,SMARTER,5,0.0,0.0,9.203948870710636,4.71830645976308,4.612558823371635,0.0,,,2022-06-25 07:00:00
7504.0,1656226800.0,sandy,2022,0.0929645428910823,0.0,21.0,9.0,SMARTER,5,0.0,0.0,9.569797117975432,4.71830645976308,4.811271002654163,0.0,,,2022-06-26 07:00:00
7505.0,1656313200.0,sandy,2022,0.2363898807573645,0.0,21.0,9.0,SMARTER,5,0.0,0.0,8.693094774412245,4.71830645976308,4.954696340520445,0.0,,,2022-06-27 07:00:00
7506.0,1656399600.0,sandy,2022,0.3390178722919834,0.0,21.0,9.0,SMARTER,5,10.1705361687595,0.0,7.460713537351751,4.71830645976308,5.057324332055064,1.6,,,2022-06-28 07:00:00
7507.0,1656486000.0,sandy,2022,0.0840930461437159,0.3390178722919834,21.0,9.0,SMARTER,5,0.0,10.1705361687595,1.8323231735051733,4.71830645976308,4.802399505906796,0.0,,,2022-06-29 07:00:00
7508.0,1656572400.0,sandy,2022,0.2043806272591697,0.3390178722919834,21.0,9.0,SMARTER,5,0.0,10.1705361687595,6.425725286268609,4.71830645976308,4.92268708702225,0.0,,,2022-06-30 07:00:00
7509.0,1656658800.0,sandy,2022,0.3390308388606319,0.3390178722919834,21.0,9.0,SMARTER,5,0.0,10.1705361687595,8.481182130641368,4.71830645976308,5.057337298623712,0.0,,,2022-07-01 07:00:00
7510.0,1656745200.0,sandy,2022,0.469339490291081,0.3390178722919834,21.0,9.0,SMARTER,5,0.0,10.1705361687595,9.684100900879589,4.71830645976308,5.187645950054161,0.0,,,2022-07-02 07:00:00
7511.0,1656831600.0,sandy,2022,0.5611839137313218,0.3390178722919834,21.0,9.0,SMARTER,5,19.886678262567504,10.1705361687595,7.875822878948619,4.71830645976308,5.279490373494402,0.0,,,2022-07-03 07:00:00
7512.0,1656918000.0,sandy,2022,0.0874467721637291,0.5611839137313218,21.0,9.0,SMARTER,5,0.0,19.886678262567504,8.846129638751195,4.71830645976308,4.8057532319268095,0.0,,,2022-07-04 07:00:00
7513.0,1657004400.0,sandy,2022,0.2549090118820847,0.5611839137313218,21.0,9.0,SMARTER,5,0.0,19.886678262567504,8.353871892123982,4.71830645976308,4.973215471645165,0.0,,,2022-07-05 07:00:00
7514.0,1657090800.0,sandy,2022,0.39556047223118,0.5611839137313218,21.0,9.0,SMARTER,5,0.0,19.886678262567504,8.10868026961472,4.71830645976308,5.11386693199426,0.0,,,2022-07-06 07:00:00
7515.0,1657177200.0,sandy,2022,0.4816575572703476,0.5611839137313218,21.0,9.0,SMARTER,5,0.0,19.886678262567504,5.27960920736311,4.71830645976308,5.199964017033428,11.6,,,2022-07-07 07:00:00
7516.0,1657263600.0,sandy,2022,0.544921064501349,0.5611839137313218,21.0,9.0,SMARTER,5,24.44944800925022,19.886678262567504,7.275206390354677,4.71830645976308,5.26322752426443,0.0,,,2022-07-08 07:00:00
7517.0,1657350000.0,sandy,2022,-0.2301506647019028,0.544921064501349,21.0,9.0,SMARTER,5,0.0,24.44944800925022,7.121172904786319,4.71830645976308,4.489856181003524,0.0,,,2022-07-09 07:00:00
7518.0,1657436400.0,sandy,2022,-0.054465045635985,0.544921064501349,21.0,9.0,SMARTER,5,0.0,24.44944800925022,7.612583271961939,4.71830645976308,4.663841414127095,0.0,,,2022-07-10 07:00:00
7519.0,1657522800.0,sandy,2022,0.1730916672152521,0.544921064501349,21.0,9.0,SMARTER,5,0.0,24.44944800925022,8.472336750464112,4.71830645976308,4.891398126978332,0.0,,,2022-07-11 07:00:00
7520.0,1657609200.0,sandy,2022,0.3358168285390682,0.544921064501349,21.0,9.0,SMARTER,5,0.0,24.44944800925022,7.487993037508327,4.71830645976308,5.054123288302148,0.0,,,2022-07-12 07:00:00
7521.0,1657695600.0,sandy,2022,0.4433852176161072,0.544921064501349,21.0,9.0,SMARTER,5,26.307662183205103,24.44944800925022,5.439558555641069,4.71830645976308,5.161691677379188,0.0,,,2022-07-13 07:00:00
7522.0,1657782000.0,sandy,2022,-0.2027954737029849,0.4433852176161072,21.0,9.0,SMARTER,5,0.0,26.307662183205103,8.254676604732598,4.71830645976308,4.516242681817321,0.0,,,2022-07-14 07:00:00
7523.0,1657868400.0,sandy,2022,0.055761586279918,0.4433852176161072,21.0,9.0,SMARTER,5,0.0,26.307662183205103,9.447916516172471,4.71830645976308,4.774068046042999,0.0,,,2022-07-15 07:00:00
7524.0,1657954800.0,sandy,2022,0.2883026782433051,0.4433852176161072,21.0,9.0,SMARTER,5,0.0,26.307662183205103,8.968687582898376,4.71830645976308,5.006609138006385,0.0,,,2022-07-16 07:00:00
7525.0,1658041200.0,sandy,2022,0.4437102162516228,0.4433852176161072,21.0,9.0,SMARTER,5,0.0,26.307662183205103,7.701644419417017,4.71830645976308,5.162016676014703,0.0,,,2022-07-17 07:00:00
7526.0,1658127600.0,sandy,2022,0.5645890085575559,0.4433852176161072,21.0,9.0,SMARTER,5,33.934242869993525,26.307662183205103,7.236620092977568,4.71830645976308,5.282895468320636,0.0,,,2022-07-18 07:00:00
7527.0,1658214000.0,sandy,2022,-0.3617751033989509,0.5645890085575559,21.0,9.0,SMARTER,5,0.0,33.934242869993525,7.976539558735554,4.71830645976308,4.372755010428395,0.0,,,2022-07-19 07:00:00
7528.0,1658300400.0,sandy,2022,-0.1020970790179221,0.5645890085575559,21.0,9.0,SMARTER,5,0.0,33.934242869993525,9.031637030513592,4.71830645976308,4.616209380745159,0.0,,,2022-07-20 07:00:00
7529.0,1658386800.0,sandy,2022,0.1619755077587872,0.5645890085575559,21.0,9.0,SMARTER,5,0.0,33.934242869993525,8.523521442036436,4.71830645976308,4.880281967521867,0.0,,,2022-07-21 07:00:00
7530.0,1687590000.0,sandy,2023,-0.5324586664639549,0.0,21.0,9.0,SMARTER,5,0.0,0.0,6.3387606045021405,4.71830645976308,4.185847793299125,0.0,,,2023-06-24 07:00:00
7531.0,1687676400.0,sandy,2023,-0.3602161587464601,0.0,21.0,9.0,SMARTER,5,0.0,0.0,7.077332335884068,4.71830645976308,4.35809030101662,0.0,,,2023-06-25 07:00:00
7532.0,1687762800.0,sandy,2023,-0.2059944320970771,0.0,21.0,9.0,SMARTER,5,0.0,0.0,6.229180911248416,4.71830645976308,4.512312027666003,0.0,,,2023-06-26 07:00:00
7533.0,1687849200.0,sandy,2023,-0.0465480567409394,0.0,21.0,9.0,SMARTER,5,0.0,0.0,7.717627618312005,4.71830645976308,4.671758403022141,0.0,,,2023-06-27 07:00:00
7534.0,1687935600.0,sandy,2023,0.0958827886430957,0.0,21.0,9.0,SMARTER,5,2.876483659292872,0.0,8.190146658736474,4.71830645976308,4.814189248406176,0.0,,,2023-06-28 07:00:00
7535.0,1688022000.0,sandy,2023,0.0803451872347113,0.0958827886430957,21.0,9.0,SMARTER,5,0.0,2.876483659292872,2.6534944981591777,4.71830645976308,4.798651646997792,0.0,,,2023-06-29 07:00:00
7536.0,1688108400.0,sandy,2023,0.2056379142829117,0.0958827886430957,21.0,9.0,SMARTER,5,0.0,2.876483659292872,7.811921140444205,4.71830645976308,4.923944374045992,0.0,,,2023-06-30 07:00:00
7537.0,1688194800.0,sandy,2023,0.2493139038315387,0.0958827886430957,21.0,9.0,SMARTER,5,0.0,2.876483659292872,2.989408376370308,4.71830645976308,4.9676203635946194,0.0,,,2023-07-01 07:00:00
7538.0,1688281200.0,sandy,2023,0.3025074330654955,0.0958827886430957,21.0,9.0,SMARTER,5,0.0,2.876483659292872,3.628606534620321,4.71830645976308,5.020813892828576,0.0,,,2023-07-02 07:00:00
7539.0,1688367600.0,sandy,2023,0.3860769972961334,0.0958827886430957,21.0,9.0,SMARTER,5,12.445255016671863,2.876483659292872,5.9091258835011,4.71830645976308,5.104383457059214,0.0,,,2023-07-03 07:00:00
7540.0,1688454000.0,sandy,2023,0.1375035474543259,0.3860769972961334,21.0,9.0,SMARTER,5,0.0,12.445255016671863,6.621532339824514,4.71830645976308,4.855810007217406,0.0,,,2023-07-04 07:00:00
7541.0,1688540400.0,sandy,2023,0.259617673910291,0.3860769972961334,21.0,9.0,SMARTER,5,0.0,12.445255016671863,6.395412175418061,4.71830645976308,4.977924133673371,0.0,,,2023-07-05 07:00:00
7542.0,1688626800.0,sandy,2023,0.3826679129034853,0.3860769972961334,21.0,9.0,SMARTER,5,0.0,12.445255016671863,7.492344925936937,4.71830645976308,5.100974372666566,5.0,,,2023-07-06 07:00:00
7543.0,1688713200.0,sandy,2023,0.4230093602044726,0.3860769972961334,21.0,9.0,SMARTER,5,0.0,12.445255016671863,3.3788724562330463,4.71830645976308,5.141315819967553,0.0,,,2023-07-07 07:00:00
7544.0,1688799600.0,sandy,2023,0.4994959036375486,0.3860769972961334,21.0,9.0,SMARTER,5,19.32251518257952,12.445255016671863,6.518921569415171,4.71830645976308,5.2178023634006285,0.0,,,2023-07-08 07:00:00
7545.0,1688886000.0,sandy,2023,-0.0044952351837575,0.4994959036375486,21.0,9.0,SMARTER,5,0.0,19.32251518257952,7.0675670514600375,4.71830645976308,4.713811224579323,0.0,,,2023-07-09 07:00:00
7546.0,1688972400.0,sandy,2023,0.1519915909824959,0.4994959036375486,21.0,9.0,SMARTER,5,0.0,19.32251518257952,6.961944041187434,4.71830645976308,4.870298050745576,0.0,,,2023-07-10 07:00:00
7547.0,1689058800.0,sandy,2023,0.3161419132801695,0.4994959036375486,21.0,9.0,SMARTER,5,0.0,19.32251518257952,7.523781176422247,4.71830645976308,5.03444837304325,0.0,,,2023-07-11 07:00:00
7548.0,1689145200.0,sandy,2023,0.4561362844403352,0.4994959036375486,21.0,9.0,SMARTER,5,0.0,19.32251518257952,7.806608352298979,4.71830645976308,5.174442744203415,0.0,,,2023-07-12 07:00:00
7549.0,1689231600.0,sandy,2023,0.5719963875755764,0.4994959036375486,21.0,9.0,SMARTER,5,25.99299283345829,19.32251518257952,7.714035948667738,4.71830645976308,5.290302847338657,22.8,,,2023-07-13 07:00:00
7550.0,1689318000.0,sandy,2023,-0.718318444963196,0.5719963875755764,21.0,9.0,SMARTER,5,0.0,25.99299283345829,2.9961159428327533,4.71830645976308,4.026938371634354,0.0,,,2023-07-14 07:00:00
7551.0,1689404400.0,sandy,2023,-0.5830629408509784,0.5719963875755764,21.0,9.0,SMARTER,5,0.0,25.99299283345829,5.390782029334142,4.71830645976308,4.135243518912102,0.0,,,2023-07-15 07:00:00
7552.0,1689490800.0,sandy,2023,-0.3264012736754035,0.5719963875755764,21.0,9.0,SMARTER,5,0.0,25.99299283345829,7.109056997180415,4.71830645976308,4.391905186087677,0.0,,,2023-07-16 07:00:00
7553.0,1689577200.0,sandy,2023,-0.1026407958237355,0.5719963875755764,21.0,9.0,SMARTER,5,0.0,25.99299283345829,6.608581357186508,4.71830645976308,4.615665663939344,0.0,,,2023-07-17 07:00:00
7554.0,1689663600.0,sandy,2023,0.1079087265192016,0.5719963875755764,21.0,9.0,SMARTER,5,17.21833048994723,25.99299283345829,7.500311698248804,4.71830645976308,4.8262151862822815,0.0,,,2023-07-18 07:00:00
7555.0,1689750000.0,sandy,2023,-0.2194667610056873,0.1079087265192016,21.0,9.0,SMARTER,5,0.0,17.21833048994723,7.063404491828016,4.71830645976308,4.498839698757393,0.0,,,2023-07-19 07:00:00
7556.0,1689836400.0,sandy,2023,0.0299937744937944,0.1079087265192016,21.0,9.0,SMARTER,5,0.0,17.21833048994723,7.949048805371062,4.71830645976308,4.748300234256875,0.0,,,2023-07-20 07:00:00
7557.0,1689922800.0,sandy,2023,0.1973131727714885,0.1079087265192016,21.0,9.0,SMARTER,5,0.0,17.21833048994723,6.202164075023188,4.71830645976308,4.915619632534569,0.0,,,2023-07-21 07:00:00
7558.0,1719212400.0,sandy,2024,-0.9163487327852844,0.0,21.0,9.0,SMARTER,5,0.0,0.0,1.5856569477409397,4.71830645976308,3.8054362757279097,5.8,,,2024-06-24 07:00:00
7559.0,1719298800.0,sandy,2024,-0.9788446189287636,0.0,21.0,9.0,SMARTER,5,0.0,0.0,1.643019943771474,4.71830645976308,3.7394618408343168,12.6,,,2024-06-25 07:00:00
7560.0,1719385200.0,sandy,2024,-1.0940321409707554,0.0,21.0,9.0,SMARTER,5,0.0,0.0,3.7360647761286776,4.71830645976308,3.6242743187923248,1.0,,,2024-06-26 07:00:00
7561.0,1719471600.0,sandy,2024,-1.0538939851169635,0.0,21.0,9.0,SMARTER,5,0.0,0.0,3.283058105037508,4.71830645976308,3.6644124746461166,0.0,,,2024-06-27 07:00:00
7562.0,1719558000.0,sandy,2024,-0.7954118657544437,0.0,21.0,9.0,SMARTER,5,0.0,0.0,8.105450401178516,4.71830645976308,3.922894594008637,0.0,,,2024-06-28 07:00:00
7563.0,1719644400.0,sandy,2024,-0.5754786186497758,-0.7954118657544437,21.0,9.0,SMARTER,5,0.0,0.0,6.855392222915658,4.71830645976308,4.142827841113305,0.0,,,2024-06-29 07:00:00
7564.0,1719730800.0,sandy,2024,-0.3882010285659471,-0.7954118657544437,21.0,9.0,SMARTER,5,0.0,0.0,6.275478723242181,4.71830645976308,4.330105431197133,0.0,,,2024-06-30 07:00:00
7565.0,1719817200.0,sandy,2024,-0.1756380545259042,-0.7954118657544437,21.0,9.0,SMARTER,5,0.0,0.0,9.008052630760128,4.71830645976308,4.542668405237176,0.0,,,2024-07-01 07:00:00
7566.0,1719903600.0,sandy,2024,-0.0472405356086023,-0.7954118657544437,21.0,9.0,SMARTER,5,0.0,0.0,6.40343719338403,4.71830645976308,4.671065924154478,0.0,,,2024-07-02 07:00:00
7567.0,1719990000.0,sandy,2024,0.072236666839853,-0.7954118657544437,21.0,9.0,SMARTER,5,18.87074918603891,0.0,6.828302846826217,4.71830645976308,4.790543126602933,0.0,,,2024-07-03 07:00:00
7568.0,1720076400.0,sandy,2024,-0.4044986417883522,0.072236666839853,21.0,9.0,SMARTER,5,0.0,18.87074918603891,3.501203041998366,4.71830645976308,4.313807817974728,0.0,,,2024-07-04 07:00:00
7569.0,1720162800.0,sandy,2024,-0.2951694671287881,0.072236666839853,21.0,9.0,SMARTER,5,0.0,18.87074918603891,4.110755932356144,4.71830645976308,4.4231369926342925,0.0,,,2024-07-05 07:00:00
7570.0,1720249200.0,sandy,2024,-0.0888294777807957,0.072236666839853,21.0,9.0,SMARTER,5,0.0,18.87074918603891,7.570021332731803,4.71830645976308,4.629476981982284,0.0,,,2024-07-06 07:00:00
7571.0,1720335600.0,sandy,2024,0.0939223267274764,0.072236666839853,21.0,9.0,SMARTER,5,0.0,18.87074918603891,8.236770338981968,4.71830645976308,4.812228786490556,0.0,,,2024-07-07 07:00:00
7572.0,1720422000.0,sandy,2024,0.1673610244311395,0.072236666839853,21.0,9.0,SMARTER,5,22.374609915336183,18.87074918603891,3.5751601774979624,4.71830645976308,4.88566748419422,0.0,,,2024-07-08 07:00:00
7573.0,1720508400.0,sandy,2024,-0.3667147487496201,0.1673610244311395,21.0,9.0,SMARTER,5,0.0,22.374609915336183,6.021523561190189,4.71830645976308,4.3515917110134605,1.0,,,2024-07-09 07:00:00
7574.0,1720594800.0,sandy,2024,-0.1952150918300031,0.1673610244311395,21.0,9.0,SMARTER,5,0.0,22.374609915336183,6.408995121084742,4.71830645976308,4.523091367933077,0.0,,,2024-07-10 07:00:00
7575.0,1720681200.0,sandy,2024,0.01145745085732,0.1673610244311395,21.0,9.0,SMARTER,5,0.0,22.374609915336183,7.100145056634385,4.71830645976308,4.729763910620401,0.0,,,2024-07-11 07:00:00
7576.0,1720767600.0,sandy,2024,0.2108763123803926,0.1673610244311395,21.0,9.0,SMARTER,5,0.0,22.374609915336183,8.417233027045325,4.71830645976308,4.929182772143473,0.0,,,2024-07-12 07:00:00
7577.0,1720854000.0,sandy,2024,0.3941891150644952,0.1673610244311395,21.0,9.0,SMARTER,5,30.685701854217108,22.374609915336183,9.478835789843243,4.71830645976308,5.112495574827576,0.0,,,2024-07-13 07:00:00
7578.0,1720940400.0,sandy,2024,-0.382596869018897,0.3941891150644952,21.0,9.0,SMARTER,5,0.0,30.685701854217108,8.65408688020589,4.71830645976308,4.343002794571016,0.0,,,2024-07-14 07:00:00
7579.0,1721026800.0,sandy,2024,-0.1515451028987187,0.3941891150644952,21.0,9.0,SMARTER,5,0.0,30.685701854217108,8.038553013013921,4.71830645976308,4.566761356864362,0.0,,,2024-07-15 07:00:00
7580.0,1721113200.0,sandy,2024,0.0917386771174962,0.3941891150644952,21.0,9.0,SMARTER,5,0.0,30.685701854217108,8.079175888672749,4.71830645976308,4.810045136880577,0.0,,,2024-07-16 07:00:00
7581.0,1721199600.0,sandy,2024,0.3239670785379345,0.3941891150644952,21.0,9.0,SMARTER,5,0.0,30.685701854217108,9.89638188136864,4.71830645976308,5.042273538301015,0.0,,,2024-07-17 07:00:00
7582.0,1721286000.0,sandy,2024,0.4861366778317794,0.3941891150644952,21.0,9.0,SMARTER,5,36.99183077281609,30.685701854217108,8.856197692783795,4.71830645976308,5.204443137594859,0.0,,,2024-07-18 07:00:00
7583.0,1721372400.0,sandy,2024,-0.5007149199464501,0.4861366778317794,21.0,9.0,SMARTER,5,0.0,36.99183077281609,8.59349226880255,4.71830645976308,4.246649333702488,0.0,,,2024-07-19 07:00:00
7584.0,1721458800.0,sandy,2024,-0.3002735002640661,0.4861366778317794,21.0,9.0,SMARTER,5,0.0,36.99183077281609,6.5994601364997925,4.71830645976308,4.418032959499014,0.0,,,2024-07-20 07:00:00
7585.0,1721545200.0,sandy,2024,-0.0844087378223109,0.4861366778317794,21.0,9.0,SMARTER,5,0.0,36.99183077281609,6.35886520949269,4.71830645976308,4.6338977219407695,0.0,,,2024-07-21 07:00:00
7586.0,1626073200.0,sandy,2021,0.2567818856061262,0.0,14.0,6.0,SMARTER,3,0.0,0.0,8.171899400888595,4.71830645976308,4.975088345369207,0.0,,,2021-07-12 07:00:00
7587.0,1626159600.0,sandy,2021,0.4202315603338118,0.0,14.0,6.0,SMARTER,3,0.0,0.0,7.307248568315713,4.71830645976308,5.138538020096892,49.2,,,2021-07-13 07:00:00
7588.0,1626246000.0,sandy,2021,-0.7347274896601887,0.0,14.0,6.0,SMARTER,3,0.0,0.0,3.7200181370317593,4.71830645976308,3.9863260314777698,0.0,,,2021-07-14 07:00:00
7589.0,1626332400.0,sandy,2021,-0.6053534930700302,-0.7347274896601887,14.0,6.0,SMARTER,3,0.0,0.0,6.588938290136868,4.71830645976308,4.11295296669305,0.0,,,2021-07-15 07:00:00
7590.0,1626418800.0,sandy,2021,-0.4454994280135128,-0.7347274896601887,14.0,6.0,SMARTER,3,0.0,0.0,4.2070949143533625,4.71830645976308,4.272807031749568,10.8,,,2021-07-16 07:00:00
7591.0,1626505200.0,sandy,2021,-0.6121063734862466,-0.7347274896601887,14.0,6.0,SMARTER,3,0.0,0.0,1.7206288405645938,4.71830645976308,4.106200086276834,0.8,,,2021-07-17 07:00:00
7592.0,1626591600.0,sandy,2021,-0.576152016633264,-0.6121063734862466,14.0,6.0,SMARTER,3,0.0,0.0,2.339819333016992,4.71830645976308,4.142154443129816,0.0,,,2021-07-18 07:00:00
7593.0,1626678000.0,sandy,2021,-0.3492966352175186,-0.6121063734862466,14.0,6.0,SMARTER,3,0.0,0.0,5.542148180411579,4.71830645976308,4.369009824545562,0.0,,,2021-07-19 07:00:00
7594.0,1626764400.0,sandy,2021,-0.1149277597367509,-0.6121063734862466,14.0,6.0,SMARTER,3,6.270934034072435,0.0,6.336708517861463,4.71830645976308,4.6033787000263295,0.0,,,2021-07-20 07:00:00
7595.0,1626850800.0,sandy,2021,-0.055479061508907,-0.1149277597367509,14.0,6.0,SMARTER,3,0.0,6.270934034072435,7.723088615724408,4.71830645976308,4.662827398254173,0.0,,,2021-07-21 07:00:00
7596.0,1626937200.0,sandy,2021,0.1329162305200257,-0.1149277597367509,14.0,6.0,SMARTER,3,0.0,6.270934034072435,6.384988487195638,4.71830645976308,4.851222690283106,0.0,,,2021-07-22 07:00:00
7597.0,1627023600.0,sandy,2021,0.3054204299627219,-0.1149277597367509,14.0,6.0,SMARTER,3,13.988331269641384,6.270934034072435,6.724001721462045,4.71830645976308,5.023726889725802,0.0,,,2021-07-23 07:00:00
7598.0,1627110000.0,sandy,2021,-0.0009199958323944,0.3054204299627219,14.0,6.0,SMARTER,3,0.0,13.988331269641384,6.639604206034317,4.71830645976308,4.717386463930686,0.0,,,2021-07-24 07:00:00
7599.0,1627196400.0,sandy,2021,0.152886117331007,0.3054204299627219,14.0,6.0,SMARTER,3,0.0,13.988331269641384,6.068344799075018,4.71830645976308,4.871192577094087,0.0,,,2021-07-25 07:00:00
7600.0,1627282800.0,sandy,2021,0.2556533468586648,0.3054204299627219,14.0,6.0,SMARTER,3,14.825512187336574,13.988331269641384,3.7441148307248353,4.71830645976308,4.973959806621745,0.0,,,2021-07-26 07:00:00
7601.0,1627369200.0,sandy,2021,-0.0869823503690162,0.2556533468586648,14.0,6.0,SMARTER,3,0.0,14.825512187336574,5.25782491390273,4.71830645976308,4.631324109394064,1.0,,,2021-07-27 07:00:00
7602.0,1627455600.0,sandy,2021,0.0099484179693043,0.2556533468586648,14.0,6.0,SMARTER,3,0.0,14.825512187336574,4.067188753317478,4.71830645976308,4.728254877732384,0.0,,,2021-07-28 07:00:00
7603.0,1627542000.0,sandy,2021,0.1785330066143899,0.2556533468586648,14.0,6.0,SMARTER,3,14.817025463603066,14.825512187336574,5.501441403272102,4.71830645976308,4.89683946637747,0.0,,,2021-07-29 07:00:00
7604.0,1627628400.0,sandy,2021,-0.086729813060607,0.1785330066143899,14.0,6.0,SMARTER,3,0.0,14.817025463603066,7.363960029273559,4.71830645976308,4.631576646702473,0.0,,,2021-07-30 07:00:00
7605.0,1627714800.0,sandy,2021,0.1508507325892566,0.1785330066143899,14.0,6.0,SMARTER,3,0.0,14.817025463603066,8.127164249908118,4.71830645976308,4.869157192352337,0.0,,,2021-07-31 07:00:00
7606.0,1627801200.0,sandy,2021,0.3417209369359226,0.1785330066143899,14.0,6.0,SMARTER,3,19.15198210972006,14.817025463603066,7.011084171391055,4.71830645976308,5.060027396699003,9.0,,,2021-08-01 07:00:00
7607.0,1627887600.0,sandy,2021,-0.2650279167938641,0.3417209369359226,14.0,6.0,SMARTER,3,0.0,19.15198210972006,7.304828236834061,4.71830645976308,4.453334006391767,0.0,,,2021-08-02 07:00:00
7608.0,1627974000.0,sandy,2021,-0.0730876085720498,0.3417209369359226,14.0,6.0,SMARTER,3,0.0,19.15198210972006,7.320018177389831,4.71830645976308,4.64521885119103,0.0,,,2021-08-03 07:00:00
7609.0,1628060400.0,sandy,2021,0.1843440895998628,0.3417209369359226,14.0,6.0,SMARTER,3,18.0547707846144,19.15198210972006,8.239496207860649,4.71830645976308,4.902650549362943,0.0,,,2021-08-04 07:00:00
7610.0,1628146800.0,sandy,2021,-0.2538858587434904,0.1843440895998628,14.0,6.0,SMARTER,3,0.0,18.0547707846144,4.198759507591638,4.71830645976308,4.46442060101959,0.0,,,2021-08-05 07:00:00
7611.0,1628233200.0,sandy,2021,0.0189379231544071,0.1843440895998628,14.0,6.0,SMARTER,3,0.0,18.0547707846144,8.25634687060054,4.71830645976308,4.737244382917488,0.0,,,2021-08-06 07:00:00
7612.0,1628319600.0,sandy,2021,0.254039803955311,0.1843440895998628,14.0,6.0,SMARTER,3,20.554749609322545,18.0547707846144,7.823891414052509,4.71830645976308,4.972346263718391,0.0,,,2021-08-07 07:00:00
7613.0,1628406000.0,sandy,2021,-0.2059336190173658,0.254039803955311,14.0,6.0,SMARTER,3,0.0,20.554749609322545,6.805842568347599,4.71830645976308,4.512372840745715,0.0,,,2021-08-08 07:00:00
7614.0,1628492400.0,sandy,2021,0.0531755390831658,0.254039803955311,14.0,6.0,SMARTER,3,0.0,20.554749609322545,8.235329351972808,4.71830645976308,4.771481998846246,0.0,,,2021-08-09 07:00:00
7615.0,1656054000.0,sandy,2022,-0.3245383821372074,0.0,14.0,6.0,SMARTER,3,0.0,0.0,5.717907755951627,4.71830645976308,4.3937680776258725,0.0,,,2022-06-24 07:00:00
7616.0,1656140400.0,sandy,2022,-0.1057476363914457,0.0,14.0,6.0,SMARTER,3,0.0,0.0,9.203948870710636,4.71830645976308,4.612558823371635,0.0,,,2022-06-25 07:00:00
7617.0,1656226800.0,sandy,2022,0.0929645428910823,0.0,14.0,6.0,SMARTER,3,1.8592908578216467,0.0,9.569797117975432,4.71830645976308,4.811271002654163,0.0,,,2022-06-26 07:00:00
7618.0,1656313200.0,sandy,2022,0.2056111474642719,0.0929645428910823,14.0,6.0,SMARTER,3,0.0,1.8592908578216467,8.693094774412245,4.71830645976308,4.923917607227352,0.0,,,2022-06-27 07:00:00
7619.0,1656399600.0,sandy,2022,0.3119863910714369,0.0929645428910823,14.0,6.0,SMARTER,3,0.0,1.8592908578216467,7.460713537351751,4.71830645976308,5.030292850834517,1.6,,,2022-06-28 07:00:00
7620.0,1656486000.0,sandy,2022,0.3394809849227381,0.0929645428910823,14.0,6.0,SMARTER,3,7.347406955801256,1.8592908578216467,1.8323231735051733,4.71830645976308,5.057787444685818,0.0,,,2022-06-29 07:00:00
7621.0,1656572400.0,sandy,2022,0.2468400172298368,0.3394809849227381,14.0,6.0,SMARTER,3,0.0,7.347406955801256,6.425725286268609,4.71830645976308,4.965146476992917,0.0,,,2022-06-30 07:00:00
7622.0,1656658800.0,sandy,2022,0.3769840733429014,0.3394809849227381,14.0,6.0,SMARTER,3,0.0,7.347406955801256,8.481182130641368,4.71830645976308,5.095290533105982,0.0,,,2022-07-01 07:00:00
7623.0,1656745200.0,sandy,2022,0.5007412749937411,0.3394809849227381,14.0,6.0,SMARTER,3,12.609498666757744,7.347406955801256,9.684100900879589,4.71830645976308,5.219047734756821,0.0,,,2022-07-02 07:00:00
7624.0,1656831600.0,sandy,2022,0.2552609891420883,0.5007412749937411,14.0,6.0,SMARTER,3,0.0,12.609498666757744,7.875822878948619,4.71830645976308,4.973567448905168,0.0,,,2022-07-03 07:00:00
7625.0,1656918000.0,sandy,2022,0.4046484934149549,0.5007412749937411,14.0,6.0,SMARTER,3,0.0,12.609498666757744,8.846129638751195,4.71830645976308,5.122954953178035,0.0,,,2022-07-04 07:00:00
7626.0,1657004400.0,sandy,2022,0.5222979039450784,0.5007412749937411,14.0,6.0,SMARTER,3,16.045078895746936,12.609498666757744,8.353871892123982,4.71830645976308,5.240604363708159,0.0,,,2022-07-05 07:00:00
7627.0,1657090800.0,sandy,2022,0.1621062408894043,0.5222979039450784,14.0,6.0,SMARTER,3,0.0,16.045078895746936,8.10868026961472,4.71830645976308,4.880412700652484,0.0,,,2022-07-06 07:00:00
7628.0,1657177200.0,sandy,2022,0.2659502691800384,0.5222979039450784,14.0,6.0,SMARTER,3,0.0,16.045078895746936,5.27960920736311,4.71830645976308,4.984256728943119,11.6,,,2022-07-07 07:00:00
7629.0,1657263600.0,sandy,2022,0.3203580227551853,0.5222979039450784,14.0,6.0,SMARTER,3,15.140068695619544,16.045078895746936,7.275206390354677,4.71830645976308,5.038664482518265,0.0,,,2022-07-08 07:00:00
7630.0,1657350000.0,sandy,2022,-0.0738359435841007,0.3203580227551853,14.0,6.0,SMARTER,3,0.0,15.140068695619544,7.121172904786319,4.71830645976308,4.64447051617898,0.0,,,2022-07-09 07:00:00
7631.0,1657436400.0,sandy,2022,0.0995573421318542,0.3203580227551853,14.0,6.0,SMARTER,3,0.0,15.140068695619544,7.612583271961939,4.71830645976308,4.817863801894935,0.0,,,2022-07-10 07:00:00
7632.0,1657522800.0,sandy,2022,0.2964692840560676,0.3203580227551853,14.0,6.0,SMARTER,3,16.584442058168303,15.140068695619544,8.472336750464112,4.71830645976308,5.014775743819148,0.0,,,2022-07-11 07:00:00
7633.0,1657609200.0,sandy,2022,-0.0424702999101242,0.2964692840560676,14.0,6.0,SMARTER,3,0.0,16.584442058168303,7.487993037508327,4.71830645976308,4.675836159852956,0.0,,,2022-07-12 07:00:00
7634.0,1657695600.0,sandy,2022,0.0949494543155055,0.2964692840560676,14.0,6.0,SMARTER,3,0.0,16.584442058168303,5.439558555641069,4.71830645976308,4.813255914078586,0.0,,,2022-07-13 07:00:00
7635.0,1657782000.0,sandy,2022,0.2999754068954285,0.2964692840560676,14.0,6.0,SMARTER,3,18.433380219291926,16.584442058168303,8.254676604732598,4.71830645976308,5.0182818666585085,0.0,,,2022-07-14 07:00:00
7636.0,1657868400.0,sandy,2022,-0.0427094543020225,0.2999754068954285,14.0,6.0,SMARTER,3,0.0,18.433380219291926,9.447916516172471,4.71830645976308,4.675597005461058,0.0,,,2022-07-15 07:00:00
7637.0,1657954800.0,sandy,2022,0.1924264011091785,0.2999754068954285,14.0,6.0,SMARTER,3,0.0,18.433380219291926,8.968687582898376,4.71830645976308,4.910732860872259,0.0,,,2022-07-16 07:00:00
7638.0,1658041200.0,sandy,2022,0.3690327101185104,0.2999754068954285,14.0,6.0,SMARTER,3,21.614378725126134,18.433380219291926,7.701644419417017,4.71830645976308,5.087339169881591,0.0,,,2022-07-17 07:00:00
7639.0,1658127600.0,sandy,2022,-0.1452635068908014,0.3690327101185104,14.0,6.0,SMARTER,3,0.0,21.614378725126134,7.236620092977568,4.71830645976308,4.573042952872279,0.0,,,2022-07-18 07:00:00
7640.0,1658214000.0,sandy,2022,0.0729160914080239,0.3690327101185104,14.0,6.0,SMARTER,3,0.0,21.614378725126134,7.976539558735554,4.71830645976308,4.791222551171104,0.0,,,2022-07-19 07:00:00
7641.0,1658300400.0,sandy,2022,0.3117917079290279,0.3690327101185104,14.0,6.0,SMARTER,3,22.683754942047543,21.614378725126134,9.031637030513592,4.71830645976308,5.030098167692108,0.0,,,2022-07-20 07:00:00
7642.0,1658386800.0,sandy,2022,-0.1920720461143421,0.3117917079290279,14.0,6.0,SMARTER,3,0.0,22.683754942047543,8.523521442036436,4.71830645976308,4.526281642701625,0.0,,,2022-07-21 07:00:00
7643.0,1687590000.0,sandy,2023,-0.5324586664639549,0.0,14.0,6.0,SMARTER,3,0.0,0.0,6.3387606045021405,4.71830645976308,4.185847793299125,0.0,,,2023-06-24 07:00:00
7644.0,1687676400.0,sandy,2023,-0.3602161587464601,0.0,14.0,6.0,SMARTER,3,0.0,0.0,7.077332335884068,4.71830645976308,4.35809030101662,0.0,,,2023-06-25 07:00:00
7645.0,1687762800.0,sandy,2023,-0.2059944320970771,0.0,14.0,6.0,SMARTER,3,0.0,0.0,6.229180911248416,4.71830645976308,4.512312027666003,0.0,,,2023-06-26 07:00:00
7646.0,1687849200.0,sandy,2023,-0.0465480567409394,-0.2059944320970771,14.0,6.0,SMARTER,3,0.0,0.0,7.717627618312005,4.71830645976308,4.671758403022141,0.0,,,2023-06-27 07:00:00
7647.0,1687935600.0,sandy,2023,0.0958827886430957,-0.2059944320970771,14.0,6.0,SMARTER,3,0.0,0.0,8.190146658736474,4.71830645976308,4.814189248406176,0.0,,,2023-06-28 07:00:00
7648.0,1688022000.0,sandy,2023,0.1378867380335812,-0.2059944320970771,14.0,6.0,SMARTER,3,5.641656810030704,0.0,2.6534944981591777,4.71830645976308,4.856193197796661,0.0,,,2023-06-29 07:00:00
7649.0,1688108400.0,sandy,2023,0.1395691521392326,0.1378867380335812,14.0,6.0,SMARTER,3,0.0,5.641656810030704,7.811921140444205,4.71830645976308,4.857875611902313,0.0,,,2023-06-30 07:00:00
7650.0,1688194800.0,sandy,2023,0.1858772971681744,0.1378867380335812,14.0,6.0,SMARTER,3,0.0,5.641656810030704,2.989408376370308,4.71830645976308,4.904183756931254,0.0,,,2023-07-01 07:00:00
7651.0,1688281200.0,sandy,2023,0.2437494310972742,0.1378867380335812,14.0,6.0,SMARTER,3,8.586231099506051,5.641656810030704,3.628606534620321,4.71830645976308,4.962055890860355,0.0,,,2023-07-02 07:00:00
7652.0,1688367600.0,sandy,2023,0.109943753412654,0.2437494310972742,14.0,6.0,SMARTER,3,0.0,8.586231099506051,5.9091258835011,4.71830645976308,4.828250213175735,0.0,,,2023-07-03 07:00:00
7653.0,1688454000.0,sandy,2023,0.2377483675410707,0.2437494310972742,14.0,6.0,SMARTER,3,0.0,8.586231099506051,6.621532339824514,4.71830645976308,4.956054827304151,0.0,,,2023-07-04 07:00:00
7654.0,1688540400.0,sandy,2023,0.3432396184530263,0.2437494310972742,14.0,6.0,SMARTER,3,12.03853143320474,8.586231099506051,6.395412175418061,4.71830645976308,5.061546078216106,0.0,,,2023-07-05 07:00:00
7655.0,1688626800.0,sandy,2023,0.1321404485363204,0.3432396184530263,14.0,6.0,SMARTER,3,0.0,12.03853143320474,7.492344925936937,4.71830645976308,4.850446908299401,5.0,,,2023-07-06 07:00:00
7656.0,1688713200.0,sandy,2023,0.1589233155424737,0.3432396184530263,14.0,6.0,SMARTER,3,0.0,12.03853143320474,3.3788724562330463,4.71830645976308,4.877229775305554,0.0,,,2023-07-07 07:00:00
7657.0,1688799600.0,sandy,2023,0.2773113279690292,0.3432396184530263,14.0,6.0,SMARTER,3,12.779403334242955,12.03853143320474,6.518921569415171,4.71830645976308,4.995617787732109,0.0,,,2023-07-08 07:00:00
7658.0,1688886000.0,sandy,2023,0.0383101853658293,0.2773113279690292,14.0,6.0,SMARTER,3,0.0,12.779403334242955,7.0675670514600375,4.71830645976308,4.75661664512891,0.0,,,2023-07-09 07:00:00
7659.0,1688972400.0,sandy,2023,0.1981527170717168,0.2773113279690292,14.0,6.0,SMARTER,3,0.0,12.779403334242955,6.961944041187434,4.71830645976308,4.916459176834797,0.0,,,2023-07-10 07:00:00
7660.0,1689058800.0,sandy,2023,0.3513209536060624,0.2773113279690292,14.0,6.0,SMARTER,3,15.923463814797795,12.779403334242955,7.523781176422247,4.71830645976308,5.069627413369143,0.0,,,2023-07-11 07:00:00
7661.0,1689145200.0,sandy,2023,0.0290932943843549,0.3513209536060624,14.0,6.0,SMARTER,3,0.0,15.923463814797795,7.806608352298979,4.71830645976308,4.747399754147435,0.0,,,2023-07-12 07:00:00
7662.0,1689231600.0,sandy,2023,0.2111874402939146,0.3513209536060624,14.0,6.0,SMARTER,3,0.0,15.923463814797795,7.714035948667738,4.71830645976308,4.929493900056995,22.8,,,2023-07-13 07:00:00
7663.0,1689318000.0,sandy,2023,-0.1750451383803356,0.3513209536060624,14.0,6.0,SMARTER,3,7.504067696706208,15.923463814797795,2.9961159428327533,4.71830645976308,4.543261321382745,0.0,,,2023-07-14 07:00:00
7664.0,1689404400.0,sandy,2023,-0.2914202367672077,-0.1750451383803356,14.0,6.0,SMARTER,3,0.0,7.504067696706208,5.390782029334142,4.71830645976308,4.426886222995872,0.0,,,2023-07-15 07:00:00
7665.0,1689490800.0,sandy,2023,-0.0787861441547382,-0.1750451383803356,14.0,6.0,SMARTER,3,0.0,7.504067696706208,7.109056997180415,4.71830645976308,4.639520315608342,0.0,,,2023-07-16 07:00:00
7666.0,1689577200.0,sandy,2023,0.108072038924259,-0.1750451383803356,14.0,6.0,SMARTER,3,12.116140412516089,7.504067696706208,6.608581357186508,4.71830645976308,4.82637849868734,0.0,,,2023-07-17 07:00:00
7667.0,1689663600.0,sandy,2023,-0.0415559773147209,0.108072038924259,14.0,6.0,SMARTER,3,0.0,12.116140412516089,7.500311698248804,4.71830645976308,4.67675048244836,0.0,,,2023-07-18 07:00:00
7668.0,1689750000.0,sandy,2023,0.1623697623861338,0.108072038924259,14.0,6.0,SMARTER,3,0.0,12.116140412516089,7.063404491828016,4.71830645976308,4.880676222149214,0.0,,,2023-07-19 07:00:00
7669.0,1689836400.0,sandy,2023,0.3545189063551611,0.108072038924259,14.0,6.0,SMARTER,3,17.693509994679683,12.116140412516089,7.949048805371062,4.71830645976308,5.072825366118241,0.0,,,2023-07-20 07:00:00
7670.0,1689922800.0,sandy,2023,-0.0508305366014315,0.3545189063551611,14.0,6.0,SMARTER,3,0.0,17.693509994679683,6.202164075023188,4.71830645976308,4.667475923161649,0.0,,,2023-07-21 07:00:00
7671.0,1719212400.0,sandy,2024,-0.9163487327852844,0.0,14.0,6.0,SMARTER,3,0.0,0.0,1.5856569477409397,4.71830645976308,3.8054362757279097,5.8,,,2024-06-24 07:00:00
7672.0,1719298800.0,sandy,2024,-0.9788446189287636,0.0,14.0,6.0,SMARTER,3,0.0,0.0,1.643019943771474,4.71830645976308,3.7394618408343168,12.6,,,2024-06-25 07:00:00
7673.0,1719385200.0,sandy,2024,-1.0940321409707554,0.0,14.0,6.0,SMARTER,3,0.0,0.0,3.7360647761286776,4.71830645976308,3.6242743187923248,1.0,,,2024-06-26 07:00:00
7674.0,1719471600.0,sandy,2024,-1.0538939851169635,-1.0940321409707554,14.0,6.0,SMARTER,3,0.0,0.0,3.283058105037508,4.71830645976308,3.6644124746461166,0.0,,,2024-06-27 07:00:00
7675.0,1719558000.0,sandy,2024,-0.7954118657544437,-1.0940321409707554,14.0,6.0,SMARTER,3,0.0,0.0,8.105450401178516,4.71830645976308,3.922894594008637,0.0,,,2024-06-28 07:00:00
7676.0,1719644400.0,sandy,2024,-0.5754786186497758,-1.0940321409707554,14.0,6.0,SMARTER,3,0.0,0.0,6.855392222915658,4.71830645976308,4.142827841113305,0.0,,,2024-06-29 07:00:00
7677.0,1719730800.0,sandy,2024,-0.3882010285659471,-0.5754786186497758,14.0,6.0,SMARTER,3,0.0,0.0,6.275478723242181,4.71830645976308,4.330105431197133,0.0,,,2024-06-30 07:00:00
7678.0,1719817200.0,sandy,2024,-0.1756380545259042,-0.5754786186497758,14.0,6.0,SMARTER,3,0.0,0.0,9.008052630760128,4.71830645976308,4.542668405237176,0.0,,,2024-07-01 07:00:00
7679.0,1719903600.0,sandy,2024,-0.0472405356086023,-0.5754786186497758,14.0,6.0,SMARTER,3,7.111889948924815,0.0,6.40343719338403,4.71830645976308,4.671065924154478,0.0,,,2024-07-02 07:00:00
7680.0,1719990000.0,sandy,2024,-0.0855488176097937,-0.0472405356086023,14.0,6.0,SMARTER,3,0.0,7.111889948924815,6.828302846826217,4.71830645976308,4.632757642153287,0.0,,,2024-07-03 07:00:00
7681.0,1720076400.0,sandy,2024,-0.0133331578600622,-0.0472405356086023,14.0,6.0,SMARTER,3,0.0,7.111889948924815,3.501203041998366,4.71830645976308,4.704973301903018,0.0,,,2024-07-04 07:00:00
7682.0,1720162800.0,sandy,2024,0.072310603309274,-0.0472405356086023,14.0,6.0,SMARTER,3,9.21946951363073,7.111889948924815,4.110755932356144,4.71830645976308,4.790617063072355,0.0,,,2024-07-05 07:00:00
7683.0,1720249200.0,sandy,2024,-0.0223964503595144,0.072310603309274,14.0,6.0,SMARTER,3,0.0,9.21946951363073,7.570021332731803,4.71830645976308,4.6959100094035655,0.0,,,2024-07-06 07:00:00
7684.0,1720335600.0,sandy,2024,0.1551293449598631,0.072310603309274,14.0,6.0,SMARTER,3,0.0,9.21946951363073,8.236770338981968,4.71830645976308,4.873435804722943,0.0,,,2024-07-07 07:00:00
7685.0,1720422000.0,sandy,2024,0.2226823272116908,0.072310603309274,14.0,6.0,SMARTER,3,12.660767611534707,9.21946951363073,3.5751601774979624,4.71830645976308,4.940988786974772,0.0,,,2024-07-08 07:00:00
7686.0,1720508400.0,sandy,2024,-0.0260964366569697,0.2226823272116908,14.0,6.0,SMARTER,3,0.0,12.660767611534707,6.021523561190189,4.71830645976308,4.69221002310611,1.0,,,2024-07-09 07:00:00
7687.0,1720594800.0,sandy,2024,0.124153880954655,0.2226823272116908,14.0,6.0,SMARTER,3,0.0,12.660767611534707,6.408995121084742,4.71830645976308,4.842460340717735,0.0,,,2024-07-10 07:00:00
7688.0,1720681200.0,sandy,2024,0.2765136257953325,0.2226823272116908,14.0,6.0,SMARTER,3,15.073487546477686,12.660767611534707,7.100145056634385,4.71830645976308,4.994820085558413,0.0,,,2024-07-11 07:00:00
7689.0,1720767600.0,sandy,2024,0.008674159638888,0.2765136257953325,14.0,6.0,SMARTER,3,0.0,15.073487546477686,8.417233027045325,4.71830645976308,4.726980619401968,0.0,,,2024-07-12 07:00:00
7690.0,1720854000.0,sandy,2024,0.2428550535128161,0.2765136257953325,14.0,6.0,SMARTER,3,0.0,15.073487546477686,9.478835789843243,4.71830645976308,4.961161513275896,0.0,,,2024-07-13 07:00:00
7691.0,1720940400.0,sandy,2024,0.4131827601518054,0.2765136257953325,14.0,6.0,SMARTER,3,19.46595198837914,15.073487546477686,8.65408688020589,4.71830645976308,5.131489219914886,0.0,,,2024-07-14 07:00:00
7692.0,1721026800.0,sandy,2024,-0.0301053513805592,0.4131827601518054,14.0,6.0,SMARTER,3,0.0,19.46595198837914,8.038553013013921,4.71830645976308,4.688201108382521,0.0,,,2024-07-15 07:00:00
7693.0,1721113200.0,sandy,2024,0.1774061789429019,0.4131827601518054,14.0,6.0,SMARTER,3,0.0,19.46595198837914,8.079175888672749,4.71830645976308,4.895712638705982,0.0,,,2024-07-16 07:00:00
7694.0,1721199600.0,sandy,2024,0.3984547516201633,0.4131827601518054,14.0,6.0,SMARTER,3,21.65048837865713,19.46595198837914,9.89638188136864,4.71830645976308,5.116761211383244,0.0,,,2024-07-17 07:00:00
7695.0,1721286000.0,sandy,2024,-0.0879738399918066,0.3984547516201633,14.0,6.0,SMARTER,3,0.0,21.65048837865713,8.856197692783795,4.71830645976308,4.6303326197712735,0.0,,,2024-07-18 07:00:00
7696.0,1721372400.0,sandy,2024,0.1424729420646129,0.3984547516201633,14.0,6.0,SMARTER,3,0.0,21.65048837865713,8.59349226880255,4.71830645976308,4.860779401827693,0.0,,,2024-07-19 07:00:00
7697.0,1721458800.0,sandy,2024,0.3091503482181955,0.3984547516201633,14.0,6.0,SMARTER,3,22.255128820338754,21.65048837865713,6.5994601364997925,4.71830645976308,5.027456807981276,0.0,,,2024-07-20 07:00:00
7698.0,1721545200.0,sandy,2024,-0.231384649960206,0.3091503482181955,14.0,6.0,SMARTER,3,0.0,22.255128820338754,6.35886520949269,4.71830645976308,4.487185069136746,0.0,,,2024-07-21 07:00:00
7699.0,1626073200.0,sandy,2021,0.2567818856061262,0.0,10.5,4.5,SMARTER,2,0.0,0.0,8.171899400888595,4.71830645976308,4.975088345369207,0.0,,,2021-07-12 07:00:00
7700.0,1626159600.0,sandy,2021,0.4202315603338118,0.0,10.5,4.5,SMARTER,2,6.303473405007177,0.0,7.307248568315713,4.71830645976308,5.138538020096892,49.2,,,2021-07-13 07:00:00
7701.0,1626246000.0,sandy,2021,-0.9579941312774344,0.4202315603338118,10.5,4.5,SMARTER,2,0.0,6.303473405007177,3.7200181370317593,4.71830645976308,3.781454847792048,0.0,,,2021-07-14 07:00:00
7702.0,1626332400.0,sandy,2021,-0.7765812246567576,0.4202315603338118,10.5,4.5,SMARTER,2,0.0,6.303473405007177,6.588938290136868,4.71830645976308,3.9417252351063214,0.0,,,2021-07-15 07:00:00
7703.0,1626418800.0,sandy,2021,-0.6025695914917373,-0.7765812246567576,10.5,4.5,SMARTER,2,0.0,0.0,4.2070949143533625,4.71830645976308,4.115736868271343,10.8,,,2021-07-16 07:00:00
7704.0,1626505200.0,sandy,2021,-0.7618192350807191,-0.7765812246567576,10.5,4.5,SMARTER,2,0.0,0.0,1.7206288405645938,4.71830645976308,3.956487224682361,0.8,,,2021-07-17 07:00:00
7705.0,1626591600.0,sandy,2021,-0.7085081520254485,-0.7618192350807191,10.5,4.5,SMARTER,2,0.0,0.0,2.339819333016992,4.71830645976308,4.009798307737632,0.0,,,2021-07-18 07:00:00
7706.0,1626678000.0,sandy,2021,-0.4612576087467953,-0.7618192350807191,10.5,4.5,SMARTER,2,0.0,0.0,5.542148180411579,4.71830645976308,4.257048851016285,0.0,,,2021-07-19 07:00:00
7707.0,1626764400.0,sandy,2021,-0.2099626109625572,-0.4612576087467953,10.5,4.5,SMARTER,2,0.0,0.0,6.336708517861463,4.71830645976308,4.508343848800523,0.0,,,2021-07-20 07:00:00
7708.0,1626850800.0,sandy,2021,0.0368196967395873,-0.4612576087467953,10.5,4.5,SMARTER,2,5.3955003429351605,0.0,7.723088615724408,4.71830645976308,4.755126156502668,0.0,,,2021-07-21 07:00:00
7709.0,1626937200.0,sandy,2021,0.0758871140490294,0.0368196967395873,10.5,4.5,SMARTER,2,0.0,5.3955003429351605,6.384988487195638,4.71830645976308,4.79419357381211,0.0,,,2021-07-22 07:00:00
7710.0,1627023600.0,sandy,2021,0.2514349988798062,0.0368196967395873,10.5,4.5,SMARTER,2,8.780418510366585,5.3955003429351605,6.724001721462045,4.71830645976308,4.969741458642886,0.0,,,2021-07-23 07:00:00
7711.0,1627110000.0,sandy,2021,0.1508490236397847,0.2514349988798062,10.5,4.5,SMARTER,2,0.0,8.780418510366585,6.639604206034317,4.71830645976308,4.8691554834028645,0.0,,,2021-07-24 07:00:00
7712.0,1627196400.0,sandy,2021,0.3039377638721692,0.2514349988798062,10.5,4.5,SMARTER,2,10.699417480211158,8.780418510366585,6.068344799075018,4.71830645976308,5.02224422363525,0.0,,,2021-07-25 07:00:00
7713.0,1627282800.0,sandy,2021,0.0649934163449687,0.3039377638721692,10.5,4.5,SMARTER,2,0.0,10.699417480211158,3.7441148307248353,4.71830645976308,4.783299876108049,0.0,,,2021-07-26 07:00:00
7714.0,1627369200.0,sandy,2021,0.2100973816958409,0.3039377638721692,10.5,4.5,SMARTER,2,10.659531684990997,10.699417480211158,5.25782491390273,4.71830645976308,4.9284038414589215,1.0,,,2021-07-27 07:00:00
7715.0,1627455600.0,sandy,2021,-0.0170865832184295,0.2100973816958409,10.5,4.5,SMARTER,2,0.0,10.659531684990997,4.067188753317478,4.71830645976308,4.70121987654465,0.0,,,2021-07-28 07:00:00
7716.0,1627542000.0,sandy,2021,0.1400713814120155,0.2100973816958409,10.5,4.5,SMARTER,2,10.5545798983649,10.659531684990997,5.501441403272102,4.71830645976308,4.858377841175096,0.0,,,2021-07-29 07:00:00
7717.0,1627628400.0,sandy,2021,0.0303564776261404,0.1400713814120155,10.5,4.5,SMARTER,2,0.0,10.5545798983649,7.363960029273559,4.71830645976308,4.748662937389221,0.0,,,2021-07-30 07:00:00
7718.0,1627714800.0,sandy,2021,0.2655770416361429,0.1400713814120155,10.5,4.5,SMARTER,2,13.06748601808088,10.5545798983649,8.127164249908118,4.71830645976308,4.983883501399223,0.0,,,2021-07-31 07:00:00
7719.0,1627801200.0,sandy,2021,-0.000918936139324,0.2655770416361429,10.5,4.5,SMARTER,2,0.0,13.06748601808088,7.011084171391055,4.71830645976308,4.718485618108451,9.0,,,2021-08-01 07:00:00
7720.0,1627887600.0,sandy,2021,0.0727906370766743,0.2655770416361429,10.5,4.5,SMARTER,2,11.370786637051497,13.06748601808088,7.304828236834061,4.71830645976308,4.791097096839755,0.0,,,2021-08-02 07:00:00
7721.0,1627974000.0,sandy,2021,-0.0914746186148322,0.0727906370766743,10.5,4.5,SMARTER,2,0.0,11.370786637051497,7.320018177389831,4.71830645976308,4.626831841148248,0.0,,,2021-08-03 07:00:00
7722.0,1628060400.0,sandy,2021,0.147620533703582,0.0727906370766743,10.5,4.5,SMARTER,2,12.820792953300144,11.370786637051497,8.239496207860649,4.71830645976308,4.865926993466663,0.0,,,2021-08-04 07:00:00
7723.0,1628146800.0,sandy,2021,-0.1243861494422267,0.147620533703582,10.5,4.5,SMARTER,2,0.0,12.820792953300144,4.198759507591638,4.71830645976308,4.593920310320853,0.0,,,2021-08-05 07:00:00
7724.0,1628233200.0,sandy,2021,0.135871671432813,0.147620533703582,10.5,4.5,SMARTER,2,13.308852420904728,12.820792953300144,8.25634687060054,4.71830645976308,4.854178131195893,0.0,,,2021-08-06 07:00:00
7725.0,1628319600.0,sandy,2021,-0.0440020023491714,0.135871671432813,10.5,4.5,SMARTER,2,0.0,13.308852420904728,7.823891414052509,4.71830645976308,4.674304457413909,0.0,,,2021-08-07 07:00:00
7726.0,1628406000.0,sandy,2021,0.1639699236484344,0.135871671432813,10.5,4.5,SMARTER,2,14.341748725586706,13.308852420904728,6.805842568347599,4.71830645976308,4.882276383411515,0.0,,,2021-08-08 07:00:00
7727.0,1628492400.0,sandy,2021,-0.0380888223019295,0.1639699236484344,10.5,4.5,SMARTER,2,0.0,14.341748725586706,8.235329351972808,4.71830645976308,4.68021763746115,0.0,,,2021-08-09 07:00:00
7728.0,1656054000.0,sandy,2022,-0.3245383821372074,0.0,10.5,4.5,SMARTER,2,0.0,0.0,5.717907755951627,4.71830645976308,4.3937680776258725,0.0,,,2022-06-24 07:00:00
7729.0,1656140400.0,sandy,2022,-0.1057476363914457,0.0,10.5,4.5,SMARTER,2,0.0,0.0,9.203948870710636,4.71830645976308,4.612558823371635,0.0,,,2022-06-25 07:00:00
7730.0,1656226800.0,sandy,2022,0.0929645428910823,-0.1057476363914457,10.5,4.5,SMARTER,2,0.0,0.0,9.569797117975432,4.71830645976308,4.811271002654163,0.0,,,2022-06-26 07:00:00
7731.0,1656313200.0,sandy,2022,0.2363898807573645,-0.1057476363914457,10.5,4.5,SMARTER,2,4.656198393470648,0.0,8.693094774412245,4.71830645976308,4.954696340520445,0.0,,,2022-06-27 07:00:00
7732.0,1656399600.0,sandy,2022,0.2451510287522257,0.2363898807573645,10.5,4.5,SMARTER,2,0.0,4.656198393470648,7.460713537351751,4.71830645976308,4.963457488515306,1.6,,,2022-06-28 07:00:00
7733.0,1656486000.0,sandy,2022,0.27063466968869,0.2363898807573645,10.5,4.5,SMARTER,2,6.233624690848671,4.656198393470648,1.8323231735051733,4.71830645976308,4.98894112945177,0.0,,,2022-06-29 07:00:00
7734.0,1656572400.0,sandy,2022,0.2102322199137822,0.27063466968869,10.5,4.5,SMARTER,2,0.0,6.233624690848671,6.425725286268609,4.71830645976308,4.928538679676863,0.0,,,2022-06-30 07:00:00
7735.0,1656658800.0,sandy,2022,0.3461673221505531,0.27063466968869,10.5,4.5,SMARTER,2,8.584470491375722,6.233624690848671,8.481182130641368,4.71830645976308,5.064473781913633,0.0,,,2022-07-01 07:00:00
7736.0,1656745200.0,sandy,2022,0.2709211615674436,0.3461673221505531,10.5,4.5,SMARTER,2,0.0,8.584470491375722,9.684100900879589,4.71830645976308,4.989227621330524,0.0,,,2022-07-02 07:00:00
7737.0,1656831600.0,sandy,2022,0.3977637502471612,0.3461673221505531,10.5,4.5,SMARTER,2,10.916169862502333,8.584470491375722,7.875822878948619,4.71830645976308,5.116070210010242,0.0,,,2022-07-03 07:00:00
7738.0,1656918000.0,sandy,2022,0.2320020945547398,0.3977637502471612,10.5,4.5,SMARTER,2,0.0,10.916169862502333,8.846129638751195,4.71830645976308,4.95030855431782,0.0,,,2022-07-04 07:00:00
7739.0,1657004400.0,sandy,2022,0.3827355353285188,0.3977637502471612,10.5,4.5,SMARTER,2,12.480683514834924,10.916169862502333,8.353871892123982,4.71830645976308,5.101041995091599,0.0,,,2022-07-05 07:00:00
7740.0,1657090800.0,sandy,2022,0.1536323758192337,0.3827355353285188,10.5,4.5,SMARTER,2,0.0,12.480683514834924,8.10868026961472,4.71830645976308,4.871938835582314,0.0,,,2022-07-06 07:00:00
7741.0,1657177200.0,sandy,2022,0.2614243127841831,0.3827355353285188,10.5,4.5,SMARTER,2,12.383325085648224,12.480683514834924,5.27960920736311,4.71830645976308,4.979730772547264,11.6,,,2022-07-07 07:00:00
7742.0,1657263600.0,sandy,2022,-0.0932257669076083,0.2614243127841831,10.5,4.5,SMARTER,2,0.0,12.383325085648224,7.275206390354677,4.71830645976308,4.6251934512907,0.0,,,2022-07-08 07:00:00
7743.0,1657350000.0,sandy,2022,0.0276360059902089,0.2614243127841831,10.5,4.5,SMARTER,2,10.052909891267433,12.383325085648224,7.121172904786319,4.71830645976308,4.74594246575329,0.0,,,2022-07-09 07:00:00
7744.0,1657436400.0,sandy,2022,-0.0747323618192595,0.0276360059902089,10.5,4.5,SMARTER,2,0.0,10.052909891267433,7.612583271961939,4.71830645976308,4.643574097943821,0.0,,,2022-07-10 07:00:00
7745.0,1657522800.0,sandy,2022,0.1474212359460481,0.0276360059902089,10.5,4.5,SMARTER,2,11.97405036756096,10.052909891267433,8.472336750464112,4.71830645976308,4.865727695709128,0.0,,,2022-07-11 07:00:00
7746.0,1657609200.0,sandy,2022,-0.0201755744223498,0.1474212359460481,10.5,4.5,SMARTER,2,0.0,11.97405036756096,7.487993037508327,4.71830645976308,4.69813088534073,0.0,,,2022-07-12 07:00:00
7747.0,1657695600.0,sandy,2022,0.124021631892202,0.1474212359460481,10.5,4.5,SMARTER,2,12.286451868510486,11.97405036756096,5.439558555641069,4.71830645976308,4.842328091655283,0.0,,,2022-07-13 07:00:00
7748.0,1657782000.0,sandy,2022,-0.0201146064168013,0.124021631892202,10.5,4.5,SMARTER,2,0.0,12.286451868510486,8.254676604732598,4.71830645976308,4.698191853346279,0.0,,,2022-07-14 07:00:00
7749.0,1657868400.0,sandy,2022,0.2315103157914596,0.124021631892202,10.5,4.5,SMARTER,2,14.456879470514258,12.286451868510486,9.447916516172471,4.71830645976308,4.94981677555454,0.0,,,2022-07-15 07:00:00
7750.0,1657954800.0,sandy,2022,0.0113656029939326,0.2315103157914596,10.5,4.5,SMARTER,2,0.0,14.456879470514258,8.968687582898376,4.71830645976308,4.729672062757013,0.0,,,2022-07-16 07:00:00
7751.0,1658041200.0,sandy,2022,0.2114498126630696,0.2315103157914596,10.5,4.5,SMARTER,2,15.197768344649976,14.456879470514258,7.701644419417017,4.71830645976308,4.92975627242615,0.0,,,2022-07-17 07:00:00
7752.0,1658127600.0,sandy,2022,-0.0670425797468118,0.2114498126630696,10.5,4.5,SMARTER,2,0.0,15.197768344649976,7.236620092977568,4.71830645976308,4.651263880016268,0.0,,,2022-07-18 07:00:00
7753.0,1658214000.0,sandy,2022,0.1518106721463077,0.2114498126630696,10.5,4.5,SMARTER,2,15.25470539388236,15.197768344649976,7.976539558735554,4.71830645976308,4.870117131909388,0.0,,,2022-07-19 07:00:00
7754.0,1658300400.0,sandy,2022,-0.0653080105686895,0.1518106721463077,10.5,4.5,SMARTER,2,0.0,15.25470539388236,9.031637030513592,4.71830645976308,4.65299844919439,0.0,,,2022-07-20 07:00:00
7755.0,1658386800.0,sandy,2022,0.1732823889422909,0.1518106721463077,10.5,4.5,SMARTER,2,16.259929170480493,15.25470539388236,8.523521442036436,4.71830645976308,4.891588848705371,0.0,,,2022-07-21 07:00:00
7756.0,1687590000.0,sandy,2023,-0.5324586664639549,0.0,10.5,4.5,SMARTER,2,0.0,0.0,6.3387606045021405,4.71830645976308,4.185847793299125,0.0,,,2023-06-24 07:00:00
7757.0,1687676400.0,sandy,2023,-0.3602161587464601,0.0,10.5,4.5,SMARTER,2,0.0,0.0,7.077332335884068,4.71830645976308,4.35809030101662,0.0,,,2023-06-25 07:00:00
7758.0,1687762800.0,sandy,2023,-0.2059944320970771,-0.3602161587464601,10.5,4.5,SMARTER,2,0.0,0.0,6.229180911248416,4.71830645976308,4.512312027666003,0.0,,,2023-06-26 07:00:00
7759.0,1687849200.0,sandy,2023,-0.0465480567409394,-0.3602161587464601,10.5,4.5,SMARTER,2,3.08404881572374,0.0,7.717627618312005,4.71830645976308,4.671758403022141,0.0,,,2023-06-27 07:00:00
7760.0,1687935600.0,sandy,2023,0.0395723795494751,-0.0465480567409394,10.5,4.5,SMARTER,2,0.0,3.08404881572374,8.190146658736474,4.71830645976308,4.757878839312555,0.0,,,2023-06-28 07:00:00
7761.0,1688022000.0,sandy,2023,0.0836076418569396,-0.0465480567409394,10.5,4.5,SMARTER,2,4.8269180393576985,3.08404881572374,2.6534944981591777,4.71830645976308,4.80191410162002,0.0,,,2023-06-29 07:00:00
7762.0,1688108400.0,sandy,2023,0.102727051823877,0.0836076418569396,10.5,4.5,SMARTER,2,0.0,4.8269180393576985,7.811921140444205,4.71830645976308,4.821033511586958,0.0,,,2023-06-30 07:00:00
7763.0,1688194800.0,sandy,2023,0.1510688914133766,0.0836076418569396,10.5,4.5,SMARTER,2,6.215071171060482,4.8269180393576985,2.989408376370308,4.71830645976308,4.869375351176457,0.0,,,2023-07-01 07:00:00
7764.0,1688281200.0,sandy,2023,0.0464128284502342,0.1510688914133766,10.5,4.5,SMARTER,2,0.0,6.215071171060482,3.628606534620321,4.71830645976308,4.764719288213315,0.0,,,2023-07-02 07:00:00
7765.0,1688367600.0,sandy,2023,0.1634020468146856,0.1510688914133766,10.5,4.5,SMARTER,2,7.079878513440312,6.215071171060482,5.9091258835011,4.71830645976308,4.881708506577766,0.0,,,2023-07-03 07:00:00
7766.0,1688454000.0,sandy,2023,0.0983917105662618,0.1634020468146856,10.5,4.5,SMARTER,2,0.0,7.079878513440312,6.621532339824514,4.71830645976308,4.816698170329342,0.0,,,2023-07-04 07:00:00
7767.0,1688540400.0,sandy,2023,0.2243401738828279,0.1634020468146856,10.5,4.5,SMARTER,2,8.729259630128533,7.079878513440312,6.395412175418061,4.71830645976308,4.942646633645908,0.0,,,2023-07-05 07:00:00
7768.0,1688626800.0,sandy,2023,0.1277772122749198,0.2243401738828279,10.5,4.5,SMARTER,2,0.0,8.729259630128533,7.492344925936937,4.71830645976308,4.8460836720380005,5.0,,,2023-07-06 07:00:00
7769.0,1688713200.0,sandy,2023,0.1593459525433537,0.2243401738828279,10.5,4.5,SMARTER,2,8.763877092509146,8.729259630128533,3.3788724562330463,4.71830645976308,4.877652412306434,0.0,,,2023-07-07 07:00:00
7770.0,1688799600.0,sandy,2023,0.0243560672623548,0.1593459525433537,10.5,4.5,SMARTER,2,0.0,8.763877092509146,6.518921569415171,4.71830645976308,4.742662527025435,0.0,,,2023-07-08 07:00:00
7771.0,1688886000.0,sandy,2023,0.1869154727598692,0.1593459525433537,10.5,4.5,SMARTER,2,9.89447668220197,8.763877092509146,7.0675670514600375,4.71830645976308,4.90522193252295,0.0,,,2023-07-09 07:00:00
7772.0,1688972400.0,sandy,2023,0.0549116847470872,0.1869154727598692,10.5,4.5,SMARTER,2,0.0,9.89447668220197,6.961944041187434,4.71830645976308,4.773218144510167,0.0,,,2023-07-10 07:00:00
7773.0,1689058800.0,sandy,2023,0.2336401949899238,0.1869154727598692,10.5,4.5,SMARTER,2,11.4364671430722,9.89447668220197,7.523781176422247,4.71830645976308,4.951946654753004,0.0,,,2023-07-11 07:00:00
7774.0,1689145200.0,sandy,2023,0.0711088597636452,0.2336401949899238,10.5,4.5,SMARTER,2,0.0,11.4364671430722,7.806608352298979,4.71830645976308,4.789415319526726,0.0,,,2023-07-12 07:00:00
7775.0,1689231600.0,sandy,2023,0.2517551026081336,0.2336401949899238,10.5,4.5,SMARTER,2,12.759571634800004,11.4364671430722,7.714035948667738,4.71830645976308,4.970061562371214,22.8,,,2023-07-13 07:00:00
7776.0,1689318000.0,sandy,2023,-0.5963212714179359,0.2517551026081336,10.5,4.5,SMARTER,2,0.0,12.759571634800004,2.9961159428327533,4.71830645976308,4.1241467966168255,0.0,,,2023-07-14 07:00:00
7777.0,1689404400.0,sandy,2023,-0.458083623256671,0.2517551026081336,10.5,4.5,SMARTER,2,0.0,12.759571634800004,5.390782029334142,4.71830645976308,4.26022283650641,0.0,,,2023-07-15 07:00:00
7778.0,1689490800.0,sandy,2023,-0.2057369311993638,-0.458083623256671,10.5,4.5,SMARTER,2,0.0,0.0,7.109056997180415,4.71830645976308,4.512569528563716,0.0,,,2023-07-16 07:00:00
7779.0,1689577200.0,sandy,2023,-0.0023719425944449,-0.458083623256671,10.5,4.5,SMARTER,2,4.774298905278371,0.0,6.608581357186508,4.71830645976308,4.715934517168635,0.0,,,2023-07-17 07:00:00
7780.0,1689663600.0,sandy,2023,0.0877134738140287,-0.0023719425944449,10.5,4.5,SMARTER,2,0.0,4.774298905278371,7.500311698248804,4.71830645976308,4.806019933577109,0.0,,,2023-07-18 07:00:00
7781.0,1689750000.0,sandy,2023,0.2607424497415588,-0.0023719425944449,10.5,4.5,SMARTER,2,8.710341048643427,4.774298905278371,7.063404491828016,4.71830645976308,4.979048909504639,0.0,,,2023-07-19 07:00:00
7782.0,1689836400.0,sandy,2023,0.203816212905748,0.2607424497415588,10.5,4.5,SMARTER,2,0.0,8.710341048643427,7.949048805371062,4.71830645976308,4.922122672668828,0.0,,,2023-07-20 07:00:00
7783.0,1689922800.0,sandy,2023,0.3498897752493852,0.2607424497415588,10.5,4.5,SMARTER,2,11.220891955097835,8.710341048643427,6.202164075023188,4.71830645976308,5.068196235012466,0.0,,,2023-07-21 07:00:00
7784.0,1719212400.0,sandy,2024,-0.9163487327852844,0.0,10.5,4.5,SMARTER,2,0.0,0.0,1.5856569477409397,4.71830645976308,3.8054362757279097,5.8,,,2024-06-24 07:00:00
7785.0,1719298800.0,sandy,2024,-0.9788446189287636,0.0,10.5,4.5,SMARTER,2,0.0,0.0,1.643019943771474,4.71830645976308,3.7394618408343168,12.6,,,2024-06-25 07:00:00
7786.0,1719385200.0,sandy,2024,-1.0940321409707554,-0.9788446189287636,10.5,4.5,SMARTER,2,0.0,0.0,3.7360647761286776,4.71830645976308,3.6242743187923248,1.0,,,2024-06-26 07:00:00
7787.0,1719471600.0,sandy,2024,-1.0538939851169635,-0.9788446189287636,10.5,4.5,SMARTER,2,0.0,0.0,3.283058105037508,4.71830645976308,3.6644124746461166,0.0,,,2024-06-27 07:00:00
7788.0,1719558000.0,sandy,2024,-0.7954118657544437,-1.0538939851169635,10.5,4.5,SMARTER,2,0.0,0.0,8.105450401178516,4.71830645976308,3.922894594008637,0.0,,,2024-06-28 07:00:00
7789.0,1719644400.0,sandy,2024,-0.5754786186497758,-1.0538939851169635,10.5,4.5,SMARTER,2,0.0,0.0,6.855392222915658,4.71830645976308,4.142827841113305,0.0,,,2024-06-29 07:00:00
7790.0,1719730800.0,sandy,2024,-0.3882010285659471,-0.5754786186497758,10.5,4.5,SMARTER,2,0.0,0.0,6.275478723242181,4.71830645976308,4.330105431197133,0.0,,,2024-06-30 07:00:00
7791.0,1719817200.0,sandy,2024,-0.1756380545259042,-0.5754786186497758,10.5,4.5,SMARTER,2,3.407954677934083,0.0,9.008052630760128,4.71830645976308,4.542668405237176,0.0,,,2024-07-01 07:00:00
7792.0,1719903600.0,sandy,2024,-0.1103742631844176,-0.1756380545259042,10.5,4.5,SMARTER,2,0.0,3.407954677934083,6.40343719338403,4.71830645976308,4.607932196578663,0.0,,,2024-07-02 07:00:00
7793.0,1719990000.0,sandy,2024,0.0186323028820562,-0.1756380545259042,10.5,4.5,SMARTER,2,5.53163879368692,3.407954677934083,6.828302846826217,4.71830645976308,4.736938762645137,0.0,,,2024-07-03 07:00:00
7794.0,1720076400.0,sandy,2024,-0.0588830663185762,0.0186323028820562,10.5,4.5,SMARTER,2,0.0,5.53163879368692,3.501203041998366,4.71830645976308,4.659423393444504,0.0,,,2024-07-04 07:00:00
7795.0,1720162800.0,sandy,2024,0.0312075192865488,0.0186323028820562,10.5,4.5,SMARTER,2,5.804112402723562,5.53163879368692,4.110755932356144,4.71830645976308,4.749513979049629,0.0,,,2024-07-05 07:00:00
7796.0,1720249200.0,sandy,2024,0.0414248918655877,0.0312075192865488,10.5,4.5,SMARTER,2,0.0,5.804112402723562,7.570021332731803,4.71830645976308,4.759731351628668,0.0,,,2024-07-06 07:00:00
7797.0,1720335600.0,sandy,2024,0.2048880439213911,0.0312075192865488,10.5,4.5,SMARTER,2,8.549754109035666,5.804112402723562,8.236770338981968,4.71830645976308,4.923194503684472,0.0,,,2024-07-07 07:00:00
7798.0,1720422000.0,sandy,2024,0.0293696559166923,0.2048880439213911,10.5,4.5,SMARTER,2,0.0,8.549754109035666,3.5751601774979624,4.71830645976308,4.747676115679773,0.0,,,2024-07-08 07:00:00
7799.0,1720508400.0,sandy,2024,0.166322379993955,0.2048880439213911,10.5,4.5,SMARTER,2,8.893265347770384,8.549754109035666,6.021523561190189,4.71830645976308,4.884628839757036,1.0,,,2024-07-09 07:00:00
7800.0,1720594800.0,sandy,2024,0.043043363585102,0.166322379993955,10.5,4.5,SMARTER,2,0.0,8.893265347770384,6.408995121084742,4.71830645976308,4.761349823348183,0.0,,,2024-07-10 07:00:00
7801.0,1720681200.0,sandy,2024,0.2114100807993493,0.166322379993955,10.5,4.5,SMARTER,2,10.318031569824097,8.893265347770384,7.100145056634385,4.71830645976308,4.9297165405624295,0.0,,,2024-07-11 07:00:00
7802.0,1720767600.0,sandy,2024,0.1041702287802806,0.2114100807993493,10.5,4.5,SMARTER,2,0.0,10.318031569824097,8.417233027045325,4.71830645976308,4.822476688543361,0.0,,,2024-07-12 07:00:00
7803.0,1720854000.0,sandy,2024,0.3214611019084837,0.2114100807993493,10.5,4.5,SMARTER,2,12.920142250058184,10.318031569824097,9.478835789843243,4.71830645976308,5.039767561671564,0.0,,,2024-07-13 07:00:00
7804.0,1720940400.0,sandy,2024,0.1168320540556177,0.3214611019084837,10.5,4.5,SMARTER,2,0.0,12.920142250058184,8.65408688020589,4.71830645976308,4.835138513818698,0.0,,,2024-07-14 07:00:00
7805.0,1721026800.0,sandy,2024,0.3052328565937212,0.3214611019084837,10.5,4.5,SMARTER,2,14.123293528924924,12.920142250058184,8.038553013013921,4.71830645976308,5.023539316356802,0.0,,,2024-07-15 07:00:00
7806.0,1721113200.0,sandy,2024,0.0559162635199364,0.3052328565937212,10.5,4.5,SMARTER,2,0.0,14.123293528924924,8.079175888672749,4.71830645976308,4.774222723283017,0.0,,,2024-07-16 07:00:00
7807.0,1721199600.0,sandy,2024,0.303620980811761,0.3052328565937212,10.5,4.5,SMARTER,2,15.472663246867269,14.123293528924924,9.89638188136864,4.71830645976308,5.021927440574841,0.0,,,2024-07-17 07:00:00
7808.0,1721286000.0,sandy,2024,0.033385758780089,0.303620980811761,10.5,4.5,SMARTER,2,0.0,15.472663246867269,8.856197692783795,4.71830645976308,4.75169221854317,0.0,,,2024-07-18 07:00:00
7809.0,1721372400.0,sandy,2024,0.2525521178351224,0.303620980811761,10.5,4.5,SMARTER,2,16.072924715870613,15.472663246867269,8.59349226880255,4.71830645976308,4.970858577598203,0.0,,,2024-07-19 07:00:00
7810.0,1721458800.0,sandy,2024,-0.0894846652537027,0.2525521178351224,10.5,4.5,SMARTER,2,0.0,16.072924715870613,6.5994601364997925,4.71830645976308,4.628821794509378,0.0,,,2024-07-20 07:00:00
7811.0,1721545200.0,sandy,2024,0.0785967350775541,0.2525521178351224,10.5,4.5,SMARTER,2,14.60007850476514,16.072924715870613,6.35886520949269,4.71830645976308,4.796903194840635,0.0,,,2024-07-21 07:00:00
7812.0,1626073200.0,cloamy,2021,0.1933104572369712,0.0,48.0,12.0,SMARTER,7,0.0,0.0,8.171899400888595,4.71830645976308,4.9131850305149785,0.0,,,2021-07-12 07:00:00
7813.0,1626159600.0,cloamy,2021,0.2943385943573209,0.0,48.0,12.0,SMARTER,7,0.0,0.0,7.307248568315713,4.71830645976308,5.0126450541204015,49.2,,,2021-07-13 07:00:00
7814.0,1626246000.0,cloamy,2021,-0.1693835457819025,0.0,48.0,12.0,SMARTER,7,0.0,0.0,3.7200181370317593,4.71830645976308,4.579982803535819,0.0,,,2021-07-14 07:00:00
7815.0,1626332400.0,cloamy,2021,-0.197933324874563,0.0,48.0,12.0,SMARTER,7,0.0,0.0,6.588938290136868,4.71830645976308,4.521953253935267,0.0,,,2021-07-15 07:00:00
7816.0,1626418800.0,cloamy,2021,-0.1763023565197413,0.0,48.0,12.0,SMARTER,7,0.0,0.0,4.2070949143533625,4.71830645976308,4.542004103243339,10.8,,,2021-07-16 07:00:00
7817.0,1626505200.0,cloamy,2021,-0.2607828252718353,0.0,48.0,12.0,SMARTER,7,0.0,0.0,1.7206288405645938,4.71830645976308,4.457552117248498,0.8,,,2021-07-17 07:00:00
7818.0,1626591600.0,cloamy,2021,-0.2829357783911354,0.0,48.0,12.0,SMARTER,7,0.0,0.0,2.339819333016992,4.71830645976308,4.4353706813719445,0.0,,,2021-07-18 07:00:00
7819.0,1626678000.0,cloamy,2021,-0.1972620869789565,-0.2829357783911354,48.0,12.0,SMARTER,7,0.0,0.0,5.542148180411579,4.71830645976308,4.521044372784123,0.0,,,2021-07-19 07:00:00
7820.0,1626764400.0,cloamy,2021,-0.0605481434029326,-0.2829357783911354,48.0,12.0,SMARTER,7,0.0,0.0,6.336708517861463,4.71830645976308,4.657758316360147,0.0,,,2021-07-20 07:00:00
7821.0,1626850800.0,cloamy,2021,0.1403412312738126,-0.2829357783911354,48.0,12.0,SMARTER,7,0.0,0.0,7.723088615724408,4.71830645976308,4.858647691036893,0.0,,,2021-07-21 07:00:00
7822.0,1626937200.0,cloamy,2021,0.3164100506526188,-0.2829357783911354,48.0,12.0,SMARTER,7,0.0,0.0,6.384988487195638,4.71830645976308,5.0347165104157,0.0,,,2021-07-22 07:00:00
7823.0,1627023600.0,cloamy,2021,0.4824759786598624,-0.2829357783911354,48.0,12.0,SMARTER,7,0.0,0.0,6.724001721462045,4.71830645976308,5.200782438422943,0.0,,,2021-07-23 07:00:00
7824.0,1627110000.0,cloamy,2021,0.6149895500921277,-0.2829357783911354,48.0,12.0,SMARTER,7,0.0,0.0,6.639604206034317,4.71830645976308,5.333296009855208,0.0,,,2021-07-24 07:00:00
7825.0,1627196400.0,cloamy,2021,0.7156106202731403,-0.2829357783911354,48.0,12.0,SMARTER,7,56.51755457916292,0.0,6.068344799075018,4.71830645976308,5.43391708003622,0.0,,,2021-07-25 07:00:00
7826.0,1627282800.0,cloamy,2021,-0.1825155526343364,0.7156106202731403,48.0,12.0,SMARTER,7,0.0,56.51755457916292,3.7441148307248353,4.71830645976308,4.790637440687848,0.0,,,2021-07-26 07:00:00
7827.0,1627369200.0,cloamy,2021,-0.4378871418969079,0.7156106202731403,48.0,12.0,SMARTER,7,0.0,56.51755457916292,5.25782491390273,4.71830645976308,4.418441614624947,1.0,,,2021-07-27 07:00:00
7828.0,1627455600.0,cloamy,2021,-0.4535461436723473,0.7156106202731403,48.0,12.0,SMARTER,7,0.0,56.51755457916292,4.067188753317478,4.71830645976308,4.31569646008026,0.0,,,2021-07-28 07:00:00
7829.0,1627542000.0,cloamy,2021,-0.3834439020121593,0.7156106202731403,48.0,12.0,SMARTER,7,0.0,56.51755457916292,5.501441403272102,4.71830645976308,4.340713866359067,0.0,,,2021-07-29 07:00:00
7830.0,1627628400.0,cloamy,2021,-0.2409407611938567,0.7156106202731403,48.0,12.0,SMARTER,7,0.0,56.51755457916292,7.363960029273559,4.71830645976308,4.477365698569224,0.0,,,2021-07-30 07:00:00
7831.0,1627714800.0,cloamy,2021,-0.0571047764912936,0.7156106202731403,48.0,12.0,SMARTER,7,0.0,56.51755457916292,8.127164249908118,4.71830645976308,4.661201683271787,0.0,,,2021-07-31 07:00:00
7832.0,1627801200.0,cloamy,2021,0.1207778919033556,0.7156106202731403,48.0,12.0,SMARTER,7,29.414918320253527,56.51755457916292,7.011084171391055,4.71830645976308,4.839084351666436,9.0,,,2021-08-01 07:00:00
7833.0,1627887600.0,cloamy,2021,-0.2454719628923435,0.1207778919033556,48.0,12.0,SMARTER,7,0.0,29.414918320253527,7.304828236834061,4.71830645976308,4.622268587417821,0.0,,,2021-08-02 07:00:00
7834.0,1627974000.0,cloamy,2021,-0.2590594424522034,0.1207778919033556,48.0,12.0,SMARTER,7,0.0,29.414918320253527,7.320018177389831,4.71830645976308,4.5088659192668725,0.0,,,2021-08-03 07:00:00
7835.0,1628060400.0,cloamy,2021,-0.1687454445010563,0.1207778919033556,48.0,12.0,SMARTER,7,0.0,29.414918320253527,8.239496207860649,4.71830645976308,4.55266581815976,0.0,,,2021-08-04 07:00:00
7836.0,1628146800.0,cloamy,2021,-0.1054773601165423,0.1207778919033556,48.0,12.0,SMARTER,7,0.0,29.414918320253527,4.198759507591638,4.71830645976308,4.612829099646538,0.0,,,2021-08-05 07:00:00
7837.0,1628233200.0,cloamy,2021,0.0681062011830198,0.1207778919033556,48.0,12.0,SMARTER,7,0.0,29.414918320253527,8.25634687060054,4.71830645976308,4.7864126609461,0.0,,,2021-08-06 07:00:00
7838.0,1628319600.0,cloamy,2021,0.2480405248623972,0.1207778919033556,48.0,12.0,SMARTER,7,0.0,29.414918320253527,7.823891414052509,4.71830645976308,4.966346984625478,0.0,,,2021-08-07 07:00:00
7839.0,1628406000.0,cloamy,2021,0.4152452758242369,0.1207778919033556,48.0,12.0,SMARTER,7,48.53229605834667,29.414918320253527,6.805842568347599,4.71830645976308,5.133551735587317,0.0,,,2021-08-08 07:00:00
7840.0,1628492400.0,cloamy,2021,-0.2244637949833691,0.4152452758242369,48.0,12.0,SMARTER,7,0.0,48.53229605834667,8.235329351972808,4.71830645976308,4.720519202390068,0.0,,,2021-08-09 07:00:00
7841.0,1656054000.0,cloamy,2022,-0.3327021008855885,0.0,48.0,12.0,SMARTER,7,0.0,0.0,5.717907755951627,4.71830645976308,4.399516561812163,0.0,,,2022-06-24 07:00:00
7842.0,1656140400.0,cloamy,2022,-0.2076307366061126,0.0,48.0,12.0,SMARTER,7,0.0,0.0,9.203948870710636,4.71830645976308,4.510675723156967,0.0,,,2022-06-25 07:00:00
7843.0,1656226800.0,cloamy,2022,-0.068537291420511,0.0,48.0,12.0,SMARTER,7,0.0,0.0,9.569797117975432,4.71830645976308,4.649769168342569,0.0,,,2022-06-26 07:00:00
7844.0,1656313200.0,cloamy,2022,0.0650412484793357,0.0,48.0,12.0,SMARTER,7,0.0,0.0,8.693094774412245,4.71830645976308,4.783347708242416,0.0,,,2022-06-27 07:00:00
7845.0,1656399600.0,cloamy,2022,0.1828122648760416,0.0,48.0,12.0,SMARTER,7,0.0,0.0,7.460713537351751,4.71830645976308,4.901118724639122,1.6,,,2022-06-28 07:00:00
7846.0,1656486000.0,cloamy,2022,0.2177142994295618,0.0,48.0,12.0,SMARTER,7,0.0,0.0,1.8323231735051733,4.71830645976308,4.936020759192642,0.0,,,2022-06-29 07:00:00
7847.0,1656572400.0,cloamy,2022,0.3287488264667545,0.0,48.0,12.0,SMARTER,7,19.72492958800527,0.0,6.425725286268609,4.71830645976308,5.047055286229835,0.0,,,2022-06-30 07:00:00
7848.0,1656658800.0,cloamy,2022,0.1319151752338991,0.3287488264667545,48.0,12.0,SMARTER,7,0.0,19.72492958800527,8.481182130641368,4.71830645976308,4.894186848691044,0.0,,,2022-07-01 07:00:00
7849.0,1656745200.0,cloamy,2022,0.2370015099194186,0.3287488264667545,48.0,12.0,SMARTER,7,0.0,19.72492958800527,9.684100900879589,4.71830645976308,4.955307969682499,0.0,,,2022-07-02 07:00:00
7850.0,1656831600.0,cloamy,2022,0.339696308194322,0.3287488264667545,48.0,12.0,SMARTER,7,0.0,19.72492958800527,7.875822878948619,4.71830645976308,5.058002767957403,0.0,,,2022-07-03 07:00:00
7851.0,1656918000.0,cloamy,2022,0.4646134241129567,0.3287488264667545,48.0,12.0,SMARTER,7,0.0,19.72492958800527,8.846129638751195,4.71830645976308,5.182919883876037,0.0,,,2022-07-04 07:00:00
7852.0,1657004400.0,cloamy,2022,0.5832798324355302,0.3287488264667545,48.0,12.0,SMARTER,7,0.0,19.72492958800527,8.353871892123982,4.71830645976308,5.3015862921986106,0.0,,,2022-07-05 07:00:00
7853.0,1657090800.0,cloamy,2022,0.6762900046310588,0.3287488264667545,48.0,12.0,SMARTER,7,0.0,19.72492958800527,8.10868026961472,4.71830645976308,5.394596464394139,0.0,,,2022-07-06 07:00:00
7854.0,1657177200.0,cloamy,2022,0.7300980884402107,0.3287488264667545,48.0,12.0,SMARTER,7,47.7508712240137,19.72492958800527,5.27960920736311,4.71830645976308,5.448404548203291,11.6,,,2022-07-07 07:00:00
7855.0,1657263600.0,cloamy,2022,-0.0618387575075289,0.7300980884402107,48.0,12.0,SMARTER,7,0.0,47.7508712240137,7.275206390354677,4.71830645976308,4.853199150655547,0.0,,,2022-07-08 07:00:00
7856.0,1657350000.0,cloamy,2022,-0.1740862566362775,0.7300980884402107,48.0,12.0,SMARTER,7,0.0,47.7508712240137,7.121172904786319,4.71830645976308,4.622204985275588,0.0,,,2022-07-09 07:00:00
7857.0,1657436400.0,cloamy,2022,-0.0895339933367088,0.7300980884402107,48.0,12.0,SMARTER,7,0.0,47.7508712240137,7.612583271961939,4.71830645976308,4.639684832924048,0.0,,,2022-07-10 07:00:00
7858.0,1657522800.0,cloamy,2022,0.0384791183031648,0.7300980884402107,48.0,12.0,SMARTER,7,0.0,47.7508712240137,8.472336750464112,4.71830645976308,4.756785578066245,0.0,,,2022-07-11 07:00:00
7859.0,1657609200.0,cloamy,2022,0.1639848630428632,0.7300980884402107,48.0,12.0,SMARTER,7,0.0,47.7508712240137,7.487993037508327,4.71830645976308,4.882291322805943,0.0,,,2022-07-12 07:00:00
7860.0,1657695600.0,cloamy,2022,0.2686353269706583,0.7300980884402107,48.0,12.0,SMARTER,7,0.0,47.7508712240137,5.439558555641069,4.71830645976308,4.986941786733738,0.0,,,2022-07-13 07:00:00
7861.0,1657782000.0,cloamy,2022,0.4356656160445992,0.7300980884402107,48.0,12.0,SMARTER,7,38.84609994155954,47.7508712240137,8.254676604732598,4.71830645976308,5.15397207580768,0.0,,,2022-07-14 07:00:00
7862.0,1657868400.0,cloamy,2022,-0.028284281829915,0.4356656160445992,48.0,12.0,SMARTER,7,0.0,38.84609994155954,9.447916516172471,4.71830645976308,4.840909387320873,0.0,,,2022-07-15 07:00:00
7863.0,1657954800.0,cloamy,2022,-0.0038561798566655,0.4356656160445992,48.0,12.0,SMARTER,7,0.0,38.84609994155954,8.968687582898376,4.71830645976308,4.754134017531126,0.0,,,2022-07-16 07:00:00
7864.0,1658041200.0,cloamy,2022,0.1015118550225322,0.4356656160445992,48.0,12.0,SMARTER,7,0.0,38.84609994155954,7.701644419417017,4.71830645976308,4.820793074053564,0.0,,,2022-07-17 07:00:00
7865.0,1658127600.0,cloamy,2022,0.2220962258579399,0.4356656160445992,48.0,12.0,SMARTER,7,0.0,38.84609994155954,7.236620092977568,4.71830645976308,4.94040268562102,0.0,,,2022-07-18 07:00:00
7866.0,1658214000.0,cloamy,2022,0.3738813961047434,0.4356656160445992,48.0,12.0,SMARTER,7,0.0,38.84609994155954,7.976539558735554,4.71830645976308,5.092187855867824,0.0,,,2022-07-19 07:00:00
7867.0,1658300400.0,cloamy,2022,0.5538111176018644,0.4356656160445992,48.0,12.0,SMARTER,7,0.0,38.84609994155954,9.031637030513592,4.71830645976308,5.272117577364945,0.0,,,2022-07-20 07:00:00
7868.0,1658386800.0,cloamy,2022,0.6935429482542312,0.4356656160445992,48.0,12.0,SMARTER,7,59.54672726667265,38.84609994155954,8.523521442036436,4.71830645976308,5.411849408017312,0.0,,,2022-07-21 07:00:00
7869.0,1687590000.0,cloamy,2023,-0.539084549173886,0.0,48.0,12.0,SMARTER,7,0.0,0.0,6.3387606045021405,4.71830645976308,4.19153461212607,0.0,,,2023-06-24 07:00:00
7870.0,1687676400.0,cloamy,2023,-0.4188834911994428,0.0,48.0,12.0,SMARTER,7,0.0,0.0,7.077332335884068,4.71830645976308,4.299422968563637,0.0,,,2023-06-25 07:00:00
7871.0,1687762800.0,cloamy,2023,-0.3104684848472073,0.0,48.0,12.0,SMARTER,7,0.0,0.0,6.229180911248416,4.71830645976308,4.407837974915873,0.0,,,2023-06-26 07:00:00
7872.0,1687849200.0,cloamy,2023,-0.1767235507506548,0.0,48.0,12.0,SMARTER,7,0.0,0.0,7.717627618312005,4.71830645976308,4.541582909012425,0.0,,,2023-06-27 07:00:00
7873.0,1687935600.0,cloamy,2023,-0.0319597497797609,0.0,48.0,12.0,SMARTER,7,0.0,0.0,8.190146658736474,4.71830645976308,4.68634670998332,0.0,,,2023-06-28 07:00:00
7874.0,1688022000.0,cloamy,2023,0.0165120689790191,0.0,48.0,12.0,SMARTER,7,0.0,0.0,2.6534944981591777,4.71830645976308,4.7348185287421,0.0,,,2023-06-29 07:00:00
7875.0,1688108400.0,cloamy,2023,0.1570074866503908,0.0,48.0,12.0,SMARTER,7,9.420449199023452,0.0,7.811921140444205,4.71830645976308,4.875313946413471,0.0,,,2023-06-30 07:00:00
7876.0,1688194800.0,cloamy,2023,0.0613945649476509,0.1570074866503908,48.0,12.0,SMARTER,7,0.0,9.420449199023452,2.989408376370308,4.71830645976308,4.782398763012589,0.0,,,2023-07-01 07:00:00
7877.0,1688281200.0,cloamy,2023,0.1067294009231055,0.1570074866503908,48.0,12.0,SMARTER,7,0.0,9.420449199023452,3.628606534620321,4.71830645976308,4.825035860686186,0.0,,,2023-07-02 07:00:00
7878.0,1688367600.0,cloamy,2023,0.2031757661235689,0.1570074866503908,48.0,12.0,SMARTER,7,0.0,9.420449199023452,5.9091258835011,4.71830645976308,4.921482225886649,0.0,,,2023-07-03 07:00:00
7879.0,1688454000.0,cloamy,2023,0.3143661051391209,0.1570074866503908,48.0,12.0,SMARTER,7,0.0,9.420449199023452,6.621532339824514,4.71830645976308,5.032672564902201,0.0,,,2023-07-04 07:00:00
7880.0,1688540400.0,cloamy,2023,0.4171683452355648,0.1570074866503908,48.0,12.0,SMARTER,7,0.0,9.420449199023452,6.395412175418061,4.71830645976308,5.135474804998645,0.0,,,2023-07-05 07:00:00
7881.0,1688626800.0,cloamy,2023,0.5249245433970992,0.1570074866503908,48.0,12.0,SMARTER,7,0.0,9.420449199023452,7.492344925936937,4.71830645976308,5.243231003160179,5.0,,,2023-07-06 07:00:00
7882.0,1688713200.0,cloamy,2023,0.5687323140189202,0.1570074866503908,48.0,12.0,SMARTER,7,36.0080286809399,9.420449199023452,3.3788724562330463,4.71830645976308,5.287038773782,0.0,,,2023-07-07 07:00:00
7883.0,1688799600.0,cloamy,2023,0.0061778003366056,0.5687323140189202,48.0,12.0,SMARTER,7,0.0,36.0080286809399,6.518921569415171,4.71830645976308,4.845068305633243,0.0,,,2023-07-08 07:00:00
7884.0,1688886000.0,cloamy,2023,0.0089998706353412,0.5687323140189202,48.0,12.0,SMARTER,7,0.0,36.0080286809399,7.0675670514600375,4.71830645976308,4.753269923591501,0.0,,,2023-07-09 07:00:00
7885.0,1688972400.0,cloamy,2023,0.0960305442102419,0.5687323140189202,48.0,12.0,SMARTER,7,0.0,36.0080286809399,6.961944041187434,4.71830645976308,4.814337003973322,0.0,,,2023-07-10 07:00:00
7886.0,1689058800.0,cloamy,2023,0.2137849690316156,0.5687323140189202,48.0,12.0,SMARTER,7,0.0,36.0080286809399,7.523781176422247,4.71830645976308,4.932091428794696,0.0,,,2023-07-11 07:00:00
7887.0,1689145200.0,cloamy,2023,0.3492592840020016,0.5687323140189202,48.0,12.0,SMARTER,7,0.0,36.0080286809399,7.806608352298979,4.71830645976308,5.067565743765082,0.0,,,2023-07-12 07:00:00
7888.0,1689231600.0,cloamy,2023,0.4868416098252381,0.5687323140189202,48.0,12.0,SMARTER,7,0.0,36.0080286809399,7.714035948667738,4.71830645976308,5.205148069588319,22.8,,,2023-07-13 07:00:00
7889.0,1689318000.0,cloamy,2023,0.4648916586277762,0.5687323140189202,48.0,12.0,SMARTER,7,36.602377125698304,36.0080286809399,2.9961159428327533,4.71830645976308,5.183198118390856,0.0,,,2023-07-14 07:00:00
7890.0,1689404400.0,cloamy,2023,-0.1390680051114657,0.4648916586277762,48.0,12.0,SMARTER,7,0.0,36.602377125698304,5.390782029334142,4.71830645976308,4.761001052024633,0.0,,,2023-07-15 07:00:00
7891.0,1689490800.0,cloamy,2023,-0.1604831629081137,0.4648916586277762,48.0,12.0,SMARTER,7,0.0,36.602377125698304,7.109056997180415,4.71830645976308,4.616883612270737,0.0,,,2023-07-16 07:00:00
7892.0,1689577200.0,cloamy,2023,-0.0746542905477891,0.4648916586277762,48.0,12.0,SMARTER,7,0.0,36.602377125698304,6.608581357186508,4.71830645976308,4.650747608552766,0.0,,,2023-07-17 07:00:00
7893.0,1689663600.0,cloamy,2023,0.0558602404126991,0.4648916586277762,48.0,12.0,SMARTER,7,0.0,36.602377125698304,7.500311698248804,4.71830645976308,4.77416670017578,0.0,,,2023-07-18 07:00:00
7894.0,1689750000.0,cloamy,2023,0.1918697457045796,0.4648916586277762,48.0,12.0,SMARTER,7,0.0,36.602377125698304,7.063404491828016,4.71830645976308,4.91017620546766,0.0,,,2023-07-19 07:00:00
7895.0,1689836400.0,cloamy,2023,0.3626328609118995,0.4648916586277762,48.0,12.0,SMARTER,7,0.0,36.602377125698304,7.949048805371062,4.71830645976308,5.08093932067498,0.0,,,2023-07-20 07:00:00
7896.0,1689922800.0,cloamy,2023,0.4937244768134057,0.4648916586277762,48.0,12.0,SMARTER,7,43.91104612036938,36.602377125698304,6.202164075023188,4.71830645976308,5.212030936576486,0.0,,,2023-07-21 07:00:00
7897.0,1719212400.0,cloamy,2024,-0.7277099686709797,0.0,48.0,12.0,SMARTER,7,0.0,0.0,1.5856569477409397,4.71830645976308,4.011544503075186,5.8,,,2024-06-24 07:00:00
7898.0,1719298800.0,cloamy,2024,-0.7600971887895867,0.0,48.0,12.0,SMARTER,7,0.0,0.0,1.643019943771474,4.71830645976308,3.963930725769115,12.6,,,2024-06-25 07:00:00
7899.0,1719385200.0,cloamy,2024,-0.771227074458572,0.0,48.0,12.0,SMARTER,7,0.0,0.0,3.7360647761286776,4.71830645976308,3.956418239170192,1.0,,,2024-06-26 07:00:00
7900.0,1719471600.0,cloamy,2024,-0.7936887397458832,0.0,48.0,12.0,SMARTER,7,0.0,0.0,3.283058105037508,4.71830645976308,3.9263387035691,0.0,,,2024-06-27 07:00:00
7901.0,1719558000.0,cloamy,2024,-0.6803658614957193,0.0,48.0,12.0,SMARTER,7,0.0,0.0,8.105450401178516,4.71830645976308,4.037940598267361,0.0,,,2024-06-28 07:00:00
7902.0,1719644400.0,cloamy,2024,-0.5702120956549183,0.0,48.0,12.0,SMARTER,7,0.0,0.0,6.855392222915658,4.71830645976308,4.148094364108162,0.0,,,2024-06-29 07:00:00
7903.0,1719730800.0,cloamy,2024,-0.4554907658404779,0.0,48.0,12.0,SMARTER,7,0.0,0.0,6.275478723242181,4.71830645976308,4.262815693922603,0.0,,,2024-06-30 07:00:00
7904.0,1719817200.0,cloamy,2024,-0.2771199659992714,-0.4554907658404779,48.0,12.0,SMARTER,7,0.0,0.0,9.008052630760128,4.71830645976308,4.441186493763809,0.0,,,2024-07-01 07:00:00
7905.0,1719903600.0,cloamy,2024,-0.1439966687887696,-0.4554907658404779,48.0,12.0,SMARTER,7,0.0,0.0,6.40343719338403,4.71830645976308,4.574309790974311,0.0,,,2024-07-02 07:00:00
7906.0,1719990000.0,cloamy,2024,0.0014237591941592,-0.4554907658404779,48.0,12.0,SMARTER,7,0.0,0.0,6.828302846826217,4.71830645976308,4.719730218957239,0.0,,,2024-07-03 07:00:00
7907.0,1720076400.0,cloamy,2024,0.0798961332816897,-0.4554907658404779,48.0,12.0,SMARTER,7,0.0,0.0,3.501203041998366,4.71830645976308,4.79820259304477,0.0,,,2024-07-04 07:00:00
7908.0,1720162800.0,cloamy,2024,0.177416869421688,-0.4554907658404779,48.0,12.0,SMARTER,7,0.0,0.0,4.110755932356144,4.71830645976308,4.895723329184769,0.0,,,2024-07-05 07:00:00
7909.0,1720249200.0,cloamy,2024,0.3386700358084956,-0.4554907658404779,48.0,12.0,SMARTER,7,0.0,0.0,7.570021332731803,4.71830645976308,5.056976495571576,0.0,,,2024-07-06 07:00:00
7910.0,1720335600.0,cloamy,2024,0.4710770661366594,-0.4554907658404779,48.0,12.0,SMARTER,7,50.1281807285425,0.0,8.236770338981968,4.71830645976308,5.18938352589974,0.0,,,2024-07-07 07:00:00
7911.0,1720422000.0,cloamy,2024,-0.273214405412401,0.4710770661366594,48.0,12.0,SMARTER,7,0.0,50.1281807285425,3.5751601774979624,4.71830645976308,4.633747776832448,0.0,,,2024-07-08 07:00:00
7912.0,1720508400.0,cloamy,2024,-0.3578203865566546,0.4710770661366594,48.0,12.0,SMARTER,7,0.0,50.1281807285425,6.021523561190189,4.71830645976308,4.439677866714761,1.0,,,2024-07-09 07:00:00
7913.0,1720594800.0,cloamy,2024,-0.2819417115442809,0.4710770661366594,48.0,12.0,SMARTER,7,0.0,50.1281807285425,6.408995121084742,4.71830645976308,4.451014996880156,0.0,,,2024-07-10 07:00:00
7914.0,1720681200.0,cloamy,2024,-0.1643261203117432,0.4710770661366594,48.0,12.0,SMARTER,7,0.0,50.1281807285425,7.100145056634385,4.71830645976308,4.553980339451337,0.0,,,2024-07-11 07:00:00
7915.0,1720767600.0,cloamy,2024,-0.0087200475285256,0.4710770661366594,48.0,12.0,SMARTER,7,0.0,50.1281807285425,8.417233027045325,4.71830645976308,4.709586412234555,0.0,,,2024-07-12 07:00:00
7916.0,1720854000.0,cloamy,2024,0.1880272832511108,0.4710770661366594,48.0,12.0,SMARTER,7,0.0,50.1281807285425,9.478835789843243,4.71830645976308,4.906333743014191,0.0,,,2024-07-13 07:00:00
7917.0,1720940400.0,cloamy,2024,0.3740263361511951,0.4710770661366594,48.0,12.0,SMARTER,7,49.95806172305456,50.1281807285425,8.65408688020589,4.71830645976308,5.092332795914276,0.0,,,2024-07-14 07:00:00
7918.0,1721026800.0,cloamy,2024,-0.253591930813098,0.3740263361511951,48.0,12.0,SMARTER,7,0.0,49.95806172305456,8.038553013013921,4.71830645976308,4.689559226820244,0.0,,,2024-07-15 07:00:00
7919.0,1721113200.0,cloamy,2024,-0.2991134946646221,0.3740263361511951,48.0,12.0,SMARTER,7,0.0,49.95806172305456,8.079175888672749,4.71830645976308,4.511977869114819,0.0,,,2024-07-16 07:00:00
7920.0,1721199600.0,cloamy,2024,-0.1423411522493272,0.3740263361511951,48.0,12.0,SMARTER,7,0.0,49.95806172305456,9.89638188136864,4.71830645976308,4.58718424269735,0.0,,,2024-07-17 07:00:00
7921.0,1721286000.0,cloamy,2024,0.0140615207860948,0.3740263361511951,48.0,12.0,SMARTER,7,0.0,49.95806172305456,8.856197692783795,4.71830645976308,4.732367980549175,0.0,,,2024-07-18 07:00:00
7922.0,1721372400.0,cloamy,2024,0.1829055619612707,0.3740263361511951,48.0,12.0,SMARTER,7,0.0,49.95806172305456,8.59349226880255,4.71830645976308,4.901212021724351,0.0,,,2024-07-19 07:00:00
7923.0,1721458800.0,cloamy,2024,0.3236364051891574,0.3740263361511951,48.0,12.0,SMARTER,7,0.0,49.95806172305456,6.5994601364997925,4.71830645976308,5.0419428649522375,0.0,,,2024-07-20 07:00:00
7924.0,1721545200.0,cloamy,2024,0.459822063773284,0.3740263361511951,48.0,12.0,SMARTER,7,59.59412141419424,49.95806172305456,6.35886520949269,4.71830645976308,5.1781285235363645,0.0,,,2024-07-21 07:00:00
7925.0,1626073200.0,cloamy,2021,0.1933104572369712,0.0,36.0,9.0,SMARTER,5,0.0,0.0,8.171899400888595,4.71830645976308,4.9131850305149785,0.0,,,2021-07-12 07:00:00
7926.0,1626159600.0,cloamy,2021,0.2943385943573209,0.0,36.0,9.0,SMARTER,5,0.0,0.0,7.307248568315713,4.71830645976308,5.0126450541204015,49.2,,,2021-07-13 07:00:00
7927.0,1626246000.0,cloamy,2021,-0.1693835457819025,0.0,36.0,9.0,SMARTER,5,0.0,0.0,3.7200181370317593,4.71830645976308,4.579982803535819,0.0,,,2021-07-14 07:00:00
7928.0,1626332400.0,cloamy,2021,-0.197933324874563,0.0,36.0,9.0,SMARTER,5,0.0,0.0,6.588938290136868,4.71830645976308,4.521953253935267,0.0,,,2021-07-15 07:00:00
7929.0,1626418800.0,cloamy,2021,-0.1763023565197413,0.0,36.0,9.0,SMARTER,5,0.0,0.0,4.2070949143533625,4.71830645976308,4.542004103243339,10.8,,,2021-07-16 07:00:00
7930.0,1626505200.0,cloamy,2021,-0.2607828252718353,-0.1763023565197413,36.0,9.0,SMARTER,5,0.0,0.0,1.7206288405645938,4.71830645976308,4.457552117248498,0.8,,,2021-07-17 07:00:00
7931.0,1626591600.0,cloamy,2021,-0.2829357783911354,-0.1763023565197413,36.0,9.0,SMARTER,5,0.0,0.0,2.339819333016992,4.71830645976308,4.4353706813719445,0.0,,,2021-07-18 07:00:00
7932.0,1626678000.0,cloamy,2021,-0.1972620869789565,-0.1763023565197413,36.0,9.0,SMARTER,5,0.0,0.0,5.542148180411579,4.71830645976308,4.521044372784123,0.0,,,2021-07-19 07:00:00
7933.0,1626764400.0,cloamy,2021,-0.0605481434029326,-0.1763023565197413,36.0,9.0,SMARTER,5,0.0,0.0,6.336708517861463,4.71830645976308,4.657758316360147,0.0,,,2021-07-20 07:00:00
7934.0,1626850800.0,cloamy,2021,0.1403412312738126,-0.1763023565197413,36.0,9.0,SMARTER,5,12.662240242032262,0.0,7.723088615724408,4.71830645976308,4.858647691036893,0.0,,,2021-07-21 07:00:00
7935.0,1626937200.0,cloamy,2021,0.0895015847235108,0.1403412312738126,36.0,9.0,SMARTER,5,0.0,12.662240242032262,6.384988487195638,4.71830645976308,4.829280690114229,0.0,,,2021-07-22 07:00:00
7936.0,1627023600.0,cloamy,2021,0.2029898947198672,0.1403412312738126,36.0,9.0,SMARTER,5,0.0,12.662240242032262,6.724001721462045,4.71830645976308,4.921296354482948,0.0,,,2021-07-23 07:00:00
7937.0,1627110000.0,cloamy,2021,0.3294045966330355,0.1403412312738126,36.0,9.0,SMARTER,5,0.0,12.662240242032262,6.639604206034317,4.71830645976308,5.047711056396116,0.0,,,2021-07-24 07:00:00
7938.0,1627196400.0,cloamy,2021,0.4467472366081414,0.1403412312738126,36.0,9.0,SMARTER,5,0.0,12.662240242032262,6.068344799075018,4.71830645976308,5.1650536963712215,0.0,,,2021-07-25 07:00:00
7939.0,1627282800.0,cloamy,2021,0.5215529041013163,0.1403412312738126,36.0,9.0,SMARTER,5,31.07983660073424,12.662240242032262,3.7441148307248353,4.71830645976308,5.239859363864396,0.0,,,2021-07-26 07:00:00
7940.0,1627369200.0,cloamy,2021,0.0736251865609439,0.5215529041013163,36.0,9.0,SMARTER,5,0.0,31.07983660073424,5.25782491390273,4.71830645976308,4.917205904536143,1.0,,,2021-07-27 07:00:00
7941.0,1627455600.0,cloamy,2021,-0.0117989691756168,0.5215529041013163,36.0,9.0,SMARTER,5,0.0,31.07983660073424,4.067188753317478,4.71830645976308,4.7433796091790565,0.0,,,2021-07-28 07:00:00
7942.0,1627542000.0,cloamy,2021,0.018755145415925,0.5215529041013163,36.0,9.0,SMARTER,5,0.0,31.07983660073424,5.501441403272102,4.71830645976308,4.739495836256372,0.0,,,2021-07-29 07:00:00
7943.0,1627628400.0,cloamy,2021,0.1266161950180835,0.5215529041013163,36.0,9.0,SMARTER,5,0.0,31.07983660073424,7.363960029273559,4.71830645976308,4.844922654781164,0.0,,,2021-07-30 07:00:00
7944.0,1627714800.0,cloamy,2021,0.2746028165091349,0.5215529041013163,36.0,9.0,SMARTER,5,24.66105879599792,31.07983660073424,8.127164249908118,4.71830645976308,4.992909276272215,0.0,,,2021-07-31 07:00:00
7945.0,1627801200.0,cloamy,2021,-0.0159055645308933,0.2746028165091349,36.0,9.0,SMARTER,5,0.0,24.66105879599792,7.011084171391055,4.71830645976308,4.830679984428589,9.0,,,2021-08-01 07:00:00
7946.0,1627887600.0,cloamy,2021,-0.06484727890306,0.2746028165091349,36.0,9.0,SMARTER,5,0.0,24.66105879599792,7.304828236834061,4.71830645976308,4.690643787499995,0.0,,,2021-08-02 07:00:00
7947.0,1627974000.0,cloamy,2021,-0.0112406166581765,0.2746028165091349,36.0,9.0,SMARTER,5,0.0,24.66105879599792,7.320018177389831,4.71830645976308,4.708461392132751,0.0,,,2021-08-03 07:00:00
7948.0,1628060400.0,cloamy,2021,0.1114062148381753,0.2746028165091349,36.0,9.0,SMARTER,5,0.0,24.66105879599792,8.239496207860649,4.71830645976308,4.829712674601256,0.0,,,2021-08-04 07:00:00
7949.0,1628146800.0,cloamy,2021,0.188137154073167,0.2746028165091349,36.0,9.0,SMARTER,5,23.241529334961577,24.66105879599792,4.198759507591638,4.71830645976308,4.906443613836247,0.0,,,2021-08-05 07:00:00
7950.0,1628233200.0,cloamy,2021,-0.0285401015290401,0.188137154073167,36.0,9.0,SMARTER,5,0.0,23.241529334961577,8.25634687060054,4.71830645976308,4.793358629953284,0.0,,,2021-08-06 07:00:00
7951.0,1628319600.0,cloamy,2021,0.0010433251080791,0.188137154073167,36.0,9.0,SMARTER,5,0.0,23.241529334961577,7.823891414052509,4.71830645976308,4.7395080523095245,0.0,,,2021-08-07 07:00:00
7952.0,1628406000.0,cloamy,2021,0.077219932592383,0.188137154073167,36.0,9.0,SMARTER,5,0.0,23.241529334961577,6.805842568347599,4.71830645976308,4.795526392355463,0.0,,,2021-08-08 07:00:00
7953.0,1628492400.0,cloamy,2021,0.2155072850730827,0.188137154073167,36.0,9.0,SMARTER,5,0.0,23.241529334961577,8.235329351972808,4.71830645976308,4.933813744836163,0.0,,,2021-08-09 07:00:00
7954.0,1656054000.0,cloamy,2022,-0.3327021008855885,0.0,36.0,9.0,SMARTER,5,0.0,0.0,5.717907755951627,4.71830645976308,4.399516561812163,0.0,,,2022-06-24 07:00:00
7955.0,1656140400.0,cloamy,2022,-0.2076307366061126,0.0,36.0,9.0,SMARTER,5,0.0,0.0,9.203948870710636,4.71830645976308,4.510675723156967,0.0,,,2022-06-25 07:00:00
7956.0,1656226800.0,cloamy,2022,-0.068537291420511,0.0,36.0,9.0,SMARTER,5,0.0,0.0,9.569797117975432,4.71830645976308,4.649769168342569,0.0,,,2022-06-26 07:00:00
7957.0,1656313200.0,cloamy,2022,0.0650412484793357,0.0,36.0,9.0,SMARTER,5,0.0,0.0,8.693094774412245,4.71830645976308,4.783347708242416,0.0,,,2022-06-27 07:00:00
7958.0,1656399600.0,cloamy,2022,0.1828122648760416,0.0,36.0,9.0,SMARTER,5,8.226551919421876,0.0,7.460713537351751,4.71830645976308,4.901118724639122,1.6,,,2022-06-28 07:00:00
7959.0,1656486000.0,cloamy,2022,0.0915540208456002,0.1828122648760416,36.0,9.0,SMARTER,5,0.0,8.226551919421876,1.8323231735051733,4.71830645976308,4.812774489036346,0.0,,,2022-06-29 07:00:00
7960.0,1656572400.0,cloamy,2022,0.1808114061206025,0.1828122648760416,36.0,9.0,SMARTER,5,0.0,8.226551919421876,6.425725286268609,4.71830645976308,4.8991178658836825,0.0,,,2022-06-30 07:00:00
7961.0,1656658800.0,cloamy,2022,0.3056132191014413,0.1828122648760416,36.0,9.0,SMARTER,5,0.0,8.226551919421876,8.481182130641368,4.71830645976308,5.023919678864521,0.0,,,2022-07-01 07:00:00
7962.0,1656745200.0,cloamy,2022,0.4505115375029799,0.1828122648760416,36.0,9.0,SMARTER,5,0.0,8.226551919421876,9.684100900879589,4.71830645976308,5.16881799726606,0.0,,,2022-07-02 07:00:00
7963.0,1656831600.0,cloamy,2022,0.5570498670569041,0.1828122648760416,36.0,9.0,SMARTER,5,26.712554401445058,8.226551919421876,7.875822878948619,4.71830645976308,5.275356326819985,0.0,,,2022-07-03 07:00:00
7964.0,1656918000.0,cloamy,2022,0.2070755024296469,0.5570498670569041,36.0,9.0,SMARTER,5,0.0,26.712554401445058,8.846129638751195,4.71830645976308,4.999463016861808,0.0,,,2022-07-04 07:00:00
7965.0,1657004400.0,cloamy,2022,0.2594572282282058,0.5570498670569041,36.0,9.0,SMARTER,5,0.0,26.712554401445058,8.353871892123982,4.71830645976308,4.9819510991852525,0.0,,,2022-07-05 07:00:00
7966.0,1657090800.0,cloamy,2022,0.355805406587847,0.5570498670569041,36.0,9.0,SMARTER,5,0.0,26.712554401445058,8.10868026961472,4.71830645976308,5.074111866350927,0.0,,,2022-07-06 07:00:00
7967.0,1657177200.0,cloamy,2022,0.429287268624356,0.5570498670569041,36.0,9.0,SMARTER,5,0.0,26.712554401445058,5.27960920736311,4.71830645976308,5.147593728387436,11.6,,,2022-07-07 07:00:00
7968.0,1657263600.0,cloamy,2022,0.5343108398288748,0.5570498670569041,36.0,9.0,SMARTER,5,30.70274697969588,26.712554401445058,7.275206390354677,4.71830645976308,5.252617299591955,0.0,,,2022-07-08 07:00:00
7969.0,1657350000.0,cloamy,2022,0.0625608755611043,0.5343108398288748,36.0,9.0,SMARTER,5,0.0,30.70274697969588,7.121172904786319,4.71830645976308,4.910553274574292,0.0,,,2022-07-09 07:00:00
7970.0,1657436400.0,cloamy,2022,0.0780179160715734,0.5343108398288748,36.0,9.0,SMARTER,5,0.0,30.70274697969588,7.612583271961939,4.71830645976308,4.822641469826664,0.0,,,2022-07-10 07:00:00
7971.0,1657522800.0,cloamy,2022,0.1853395670267965,0.5343108398288748,36.0,9.0,SMARTER,5,0.0,30.70274697969588,8.472336750464112,4.71830645976308,4.903646026789877,0.0,,,2022-07-11 07:00:00
7972.0,1657609200.0,cloamy,2022,0.296000734817176,0.5343108398288748,36.0,9.0,SMARTER,5,0.0,30.70274697969588,7.487993037508327,4.71830645976308,5.014307194580256,0.0,,,2022-07-12 07:00:00
7973.0,1657695600.0,cloamy,2022,0.3890791748433094,0.5343108398288748,36.0,9.0,SMARTER,5,28.97611961380531,30.70274697969588,5.439558555641069,4.71830645976308,5.1073856346063895,0.0,,,2022-07-13 07:00:00
7974.0,1657782000.0,cloamy,2022,0.061520521357209,0.3890791748433094,36.0,9.0,SMARTER,5,0.0,28.97611961380531,8.254676604732598,4.71830645976308,4.898875161408159,0.0,,,2022-07-14 07:00:00
7975.0,1657868400.0,cloamy,2022,0.14794312547357,0.3890791748433094,36.0,9.0,SMARTER,5,0.0,28.97611961380531,9.447916516172471,4.71830645976308,4.885145289308291,0.0,,,2022-07-15 07:00:00
7976.0,1657954800.0,cloamy,2022,0.2810884126440975,0.3890791748433094,36.0,9.0,SMARTER,5,0.0,28.97611961380531,8.968687582898376,4.71830645976308,4.999394872407178,0.0,,,2022-07-16 07:00:00
7977.0,1658041200.0,cloamy,2022,0.4063019631678318,0.3890791748433094,36.0,9.0,SMARTER,5,0.0,28.97611961380531,7.701644419417017,4.71830645976308,5.124608422930912,0.0,,,2022-07-17 07:00:00
7978.0,1658127600.0,cloamy,2022,0.536166097270763,0.3890791748433094,36.0,9.0,SMARTER,5,39.0967436966305,28.97611961380531,7.236620092977568,4.71830645976308,5.254472557033844,0.0,,,2022-07-18 07:00:00
7979.0,1658214000.0,cloamy,2022,0.018297531165458,0.536166097270763,36.0,9.0,SMARTER,5,0.0,39.0967436966305,7.976539558735554,4.71830645976308,4.897869929586426,0.0,,,2022-07-19 07:00:00
7980.0,1658300400.0,cloamy,2022,0.0116333071599772,0.536166097270763,36.0,9.0,SMARTER,5,0.0,39.0967436966305,9.031637030513592,4.71830645976308,4.775634671518549,0.0,,,2022-07-20 07:00:00
7981.0,1658386800.0,cloamy,2022,0.1344819201210817,0.536166097270763,36.0,9.0,SMARTER,5,0.0,39.0967436966305,8.523521442036436,4.71830645976308,4.854030987616482,0.0,,,2022-07-21 07:00:00
7982.0,1687590000.0,cloamy,2023,-0.539084549173886,0.0,36.0,9.0,SMARTER,5,0.0,0.0,6.3387606045021405,4.71830645976308,4.19153461212607,0.0,,,2023-06-24 07:00:00
7983.0,1687676400.0,cloamy,2023,-0.4188834911994428,0.0,36.0,9.0,SMARTER,5,0.0,0.0,7.077332335884068,4.71830645976308,4.299422968563637,0.0,,,2023-06-25 07:00:00
7984.0,1687762800.0,cloamy,2023,-0.3104684848472073,0.0,36.0,9.0,SMARTER,5,0.0,0.0,6.229180911248416,4.71830645976308,4.407837974915873,0.0,,,2023-06-26 07:00:00
7985.0,1687849200.0,cloamy,2023,-0.1767235507506548,0.0,36.0,9.0,SMARTER,5,0.0,0.0,7.717627618312005,4.71830645976308,4.541582909012425,0.0,,,2023-06-27 07:00:00
7986.0,1687935600.0,cloamy,2023,-0.0319597497797609,0.0,36.0,9.0,SMARTER,5,0.0,0.0,8.190146658736474,4.71830645976308,4.68634670998332,0.0,,,2023-06-28 07:00:00
7987.0,1688022000.0,cloamy,2023,0.0165120689790191,-0.0319597497797609,36.0,9.0,SMARTER,5,0.0,0.0,2.6534944981591777,4.71830645976308,4.7348185287421,0.0,,,2023-06-29 07:00:00
7988.0,1688108400.0,cloamy,2023,0.1570074866503908,-0.0319597497797609,36.0,9.0,SMARTER,5,0.0,0.0,7.811921140444205,4.71830645976308,4.875313946413471,0.0,,,2023-06-30 07:00:00
7989.0,1688194800.0,cloamy,2023,0.2106608845928601,-0.0319597497797609,36.0,9.0,SMARTER,5,0.0,0.0,2.989408376370308,4.71830645976308,4.92896734435594,0.0,,,2023-07-01 07:00:00
7990.0,1688281200.0,cloamy,2023,0.2755870680735697,-0.0319597497797609,36.0,9.0,SMARTER,5,0.0,0.0,3.628606534620321,4.71830645976308,4.99389352783665,0.0,,,2023-07-02 07:00:00
7991.0,1688367600.0,cloamy,2023,0.3770230093931589,-0.0319597497797609,36.0,9.0,SMARTER,5,18.116586414763542,0.0,5.9091258835011,4.71830645976308,5.095329469156239,0.0,,,2023-07-03 07:00:00
7992.0,1688454000.0,cloamy,2023,0.1676274908767052,0.3770230093931589,36.0,9.0,SMARTER,5,0.0,18.116586414763542,6.621532339824514,4.71830645976308,4.916759273334749,0.0,,,2023-07-04 07:00:00
7993.0,1688540400.0,cloamy,2023,0.2350918385414188,0.3770230093931589,36.0,9.0,SMARTER,5,0.0,18.116586414763542,6.395412175418061,4.71830645976308,4.953398298304499,0.0,,,2023-07-05 07:00:00
7994.0,1688626800.0,cloamy,2023,0.3447960741647956,0.3770230093931589,36.0,9.0,SMARTER,5,0.0,18.116586414763542,7.492344925936937,4.71830645976308,5.063102533927876,5.0,,,2023-07-06 07:00:00
7995.0,1688713200.0,cloamy,2023,0.3933854597808283,0.3770230093931589,36.0,9.0,SMARTER,5,0.0,18.116586414763542,3.3788724562330463,4.71830645976308,5.111691919543909,0.0,,,2023-07-07 07:00:00
7996.0,1688799600.0,cloamy,2023,0.4925796601040227,0.3770230093931589,36.0,9.0,SMARTER,5,26.70984278129085,18.116586414763542,6.518921569415171,4.71830645976308,5.210886119867103,0.0,,,2023-07-08 07:00:00
7997.0,1688886000.0,cloamy,2023,0.1266786256761729,0.4925796601040227,36.0,9.0,SMARTER,5,0.0,26.70984278129085,7.0675670514600375,4.71830645976308,4.933600330417585,0.0,,,2023-07-09 07:00:00
7998.0,1688972400.0,cloamy,2023,0.1658953562062888,0.4925796601040227,36.0,9.0,SMARTER,5,0.0,26.70984278129085,6.961944041187434,4.71830645976308,4.894855049578926,0.0,,,2023-07-10 07:00:00
7999.0,1689058800.0,cloamy,2023,0.2690111914616837,0.4925796601040227,36.0,9.0,SMARTER,5,0.0,26.70984278129085,7.523781176422247,4.71830645976308,4.987317651224764,0.0,,,2023-07-11 07:00:00
8000.0,1689145200.0,cloamy,2023,0.3911857081717972,0.4925796601040227,36.0,9.0,SMARTER,5,0.0,26.70984278129085,7.806608352298979,4.71830645976308,5.109492167934877,0.0,,,2023-07-12 07:00:00
8001.0,1689231600.0,cloamy,2023,0.5186550550848285,0.4925796601040227,36.0,9.0,SMARTER,5,32.31645249636331,26.70984278129085,7.714035948667738,4.71830645976308,5.236961514847908,22.8,,,2023-07-13 07:00:00
8002.0,1689318000.0,cloamy,2023,-0.1443325932661806,0.5186550550848285,36.0,9.0,SMARTER,5,0.0,32.31645249636331,2.9961159428327533,4.71830645976308,4.754904989324963,0.0,,,2023-07-14 07:00:00
8003.0,1689404400.0,cloamy,2023,-0.1989361903359953,0.5186550550848285,36.0,9.0,SMARTER,5,0.0,32.31645249636331,5.390782029334142,4.71830645976308,4.580966680701772,0.0,,,2023-07-15 07:00:00
8004.0,1689490800.0,cloamy,2023,-0.1022632108553102,0.5186550550848285,36.0,9.0,SMARTER,5,0.0,32.31645249636331,7.109056997180415,4.71830645976308,4.623432424974887,0.0,,,2023-07-16 07:00:00
8005.0,1689577200.0,cloamy,2023,0.0093290610065375,0.5186550550848285,36.0,9.0,SMARTER,5,0.0,32.31645249636331,6.608581357186508,4.71830645976308,4.727635520769618,0.0,,,2023-07-17 07:00:00
8006.0,1689663600.0,cloamy,2023,0.1552798704734882,0.5186550550848285,36.0,9.0,SMARTER,5,20.63246468461646,32.31645249636331,7.500311698248804,4.71830645976308,4.873586330236568,0.0,,,2023-07-18 07:00:00
8007.0,1689750000.0,cloamy,2023,-0.0196540072854222,0.1552798704734882,36.0,9.0,SMARTER,5,0.0,20.63246468461646,7.063404491828016,4.71830645976308,4.781730316311822,0.0,,,2023-07-19 07:00:00
8008.0,1689836400.0,cloamy,2023,0.0938920620427028,0.1552798704734882,36.0,9.0,SMARTER,5,0.0,20.63246468461646,7.949048805371062,4.71830645976308,4.82276066133348,0.0,,,2023-07-20 07:00:00
8009.0,1689922800.0,cloamy,2023,0.193147669865917,0.1552798704734882,36.0,9.0,SMARTER,5,0.0,20.63246468461646,6.202164075023188,4.71830645976308,4.911454129628997,0.0,,,2023-07-21 07:00:00
8010.0,1719212400.0,cloamy,2024,-0.7277099686709797,0.0,36.0,9.0,SMARTER,5,0.0,0.0,1.5856569477409397,4.71830645976308,4.011544503075186,5.8,,,2024-06-24 07:00:00
8011.0,1719298800.0,cloamy,2024,-0.7600971887895867,0.0,36.0,9.0,SMARTER,5,0.0,0.0,1.643019943771474,4.71830645976308,3.963930725769115,12.6,,,2024-06-25 07:00:00
8012.0,1719385200.0,cloamy,2024,-0.771227074458572,0.0,36.0,9.0,SMARTER,5,0.0,0.0,3.7360647761286776,4.71830645976308,3.956418239170192,1.0,,,2024-06-26 07:00:00
8013.0,1719471600.0,cloamy,2024,-0.7936887397458832,0.0,36.0,9.0,SMARTER,5,0.0,0.0,3.283058105037508,4.71830645976308,3.9263387035691,0.0,,,2024-06-27 07:00:00
8014.0,1719558000.0,cloamy,2024,-0.6803658614957193,0.0,36.0,9.0,SMARTER,5,0.0,0.0,8.105450401178516,4.71830645976308,4.037940598267361,0.0,,,2024-06-28 07:00:00
8015.0,1719644400.0,cloamy,2024,-0.5702120956549183,-0.6803658614957193,36.0,9.0,SMARTER,5,0.0,0.0,6.855392222915658,4.71830645976308,4.148094364108162,0.0,,,2024-06-29 07:00:00
8016.0,1719730800.0,cloamy,2024,-0.4554907658404779,-0.6803658614957193,36.0,9.0,SMARTER,5,0.0,0.0,6.275478723242181,4.71830645976308,4.262815693922603,0.0,,,2024-06-30 07:00:00
8017.0,1719817200.0,cloamy,2024,-0.2771199659992714,-0.6803658614957193,36.0,9.0,SMARTER,5,0.0,0.0,9.008052630760128,4.71830645976308,4.441186493763809,0.0,,,2024-07-01 07:00:00
8018.0,1719903600.0,cloamy,2024,-0.1439966687887696,-0.6803658614957193,36.0,9.0,SMARTER,5,0.0,0.0,6.40343719338403,4.71830645976308,4.574309790974311,0.0,,,2024-07-02 07:00:00
8019.0,1719990000.0,cloamy,2024,0.0014237591941592,-0.6803658614957193,36.0,9.0,SMARTER,5,24.55724017758306,0.0,6.828302846826217,4.71830645976308,4.719730218957239,0.0,,,2024-07-03 07:00:00
8020.0,1720076400.0,cloamy,2024,-0.3059016584826872,0.0014237591941592,36.0,9.0,SMARTER,5,0.0,24.55724017758306,3.501203041998366,4.71830645976308,4.488486440333742,0.0,,,2024-07-04 07:00:00
8021.0,1720162800.0,cloamy,2024,-0.2735476735788053,0.0014237591941592,36.0,9.0,SMARTER,5,0.0,24.55724017758306,4.110755932356144,4.71830645976308,4.455554194438885,0.0,,,2024-07-05 07:00:00
8022.0,1720249200.0,cloamy,2024,-0.1472587417500977,0.0014237591941592,36.0,9.0,SMARTER,5,0.0,24.55724017758306,7.570021332731803,4.71830645976308,4.571047718012983,0.0,,,2024-07-06 07:00:00
8023.0,1720335600.0,cloamy,2024,-0.0039815285053458,0.0014237591941592,36.0,9.0,SMARTER,5,0.0,24.55724017758306,8.236770338981968,4.71830645976308,4.714324931257734,0.0,,,2024-07-07 07:00:00
8024.0,1720422000.0,cloamy,2024,0.0623211259640391,0.0014237591941592,36.0,9.0,SMARTER,5,27.31043551497509,24.55724017758306,3.5751601774979624,4.71830645976308,4.780627585727119,0.0,,,2024-07-08 07:00:00
8025.0,1720508400.0,cloamy,2024,-0.2426909158717371,0.0623211259640391,36.0,9.0,SMARTER,5,0.0,27.31043551497509,6.021523561190189,4.71830645976308,4.595411359179571,1.0,,,2024-07-09 07:00:00
8026.0,1720594800.0,cloamy,2024,-0.2075008571912087,0.0623211259640391,36.0,9.0,SMARTER,5,0.0,27.31043551497509,6.408995121084742,4.71830645976308,4.53924575160992,0.0,,,2024-07-10 07:00:00
8027.0,1720681200.0,cloamy,2024,-0.10841592588495,0.0623211259640391,36.0,9.0,SMARTER,5,0.0,27.31043551497509,7.100145056634385,4.71830645976308,4.609927566699219,0.0,,,2024-07-11 07:00:00
8028.0,1720767600.0,cloamy,2024,0.0365575105572853,0.0623211259640391,36.0,9.0,SMARTER,5,0.0,27.31043551497509,8.417233027045325,4.71830645976308,4.754863970320366,0.0,,,2024-07-12 07:00:00
8029.0,1720854000.0,cloamy,2024,0.2202567790756922,0.0623211259640391,36.0,9.0,SMARTER,5,34.97843003867583,27.31043551497509,9.478835789843243,4.71830645976308,4.938563238838772,0.0,,,2024-07-13 07:00:00
8030.0,1720940400.0,cloamy,2024,-0.1648162343456114,0.2202567790756922,36.0,9.0,SMARTER,5,0.0,34.97843003867583,8.65408688020589,4.71830645976308,4.706587425038628,0.0,,,2024-07-14 07:00:00
8031.0,1721026800.0,cloamy,2024,-0.1272735186662372,0.2202567790756922,36.0,9.0,SMARTER,5,0.0,34.97843003867583,8.038553013013921,4.71830645976308,4.63269521714467,0.0,,,2024-07-15 07:00:00
8032.0,1721113200.0,cloamy,2024,-0.0101813404912463,0.2202567790756922,36.0,9.0,SMARTER,5,0.0,34.97843003867583,8.079175888672749,4.71830645976308,4.709114728647877,0.0,,,2024-07-16 07:00:00
8033.0,1721199600.0,cloamy,2024,0.1686799993469319,0.2202567790756922,36.0,9.0,SMARTER,5,0.0,34.97843003867583,9.89638188136864,4.71830645976308,4.8869864591100125,0.0,,,2024-07-17 07:00:00
8034.0,1721286000.0,cloamy,2024,0.344161918115785,0.2202567790756922,36.0,9.0,SMARTER,5,42.53647230716124,34.97843003867583,8.856197692783795,4.71830645976308,5.062468377878865,0.0,,,2024-07-18 07:00:00
8035.0,1721372400.0,cloamy,2024,-0.1675594375200871,0.344161918115785,36.0,9.0,SMARTER,5,0.0,42.53647230716124,8.59349226880255,4.71830645976308,4.747622550679259,0.0,,,2024-07-19 07:00:00
8036.0,1721458800.0,cloamy,2024,-0.2066383716249099,0.344161918115785,36.0,9.0,SMARTER,5,0.0,42.53647230716124,6.5994601364997925,4.71830645976308,4.585139173036566,0.0,,,2024-07-20 07:00:00
8037.0,1721545200.0,cloamy,2024,-0.1232306078484131,0.344161918115785,36.0,9.0,SMARTER,5,0.0,42.53647230716124,6.35886520949269,4.71830645976308,4.606166792002397,0.0,,,2024-07-21 07:00:00
8038.0,1626073200.0,cloamy,2021,0.1933104572369712,0.0,24.0,6.0,SMARTER,3,0.0,0.0,8.171899400888595,4.71830645976308,4.9131850305149785,0.0,,,2021-07-12 07:00:00
8039.0,1626159600.0,cloamy,2021,0.2943385943573209,0.0,24.0,6.0,SMARTER,3,0.0,0.0,7.307248568315713,4.71830645976308,5.0126450541204015,49.2,,,2021-07-13 07:00:00
8040.0,1626246000.0,cloamy,2021,-0.1693835457819025,0.0,24.0,6.0,SMARTER,3,0.0,0.0,3.7200181370317593,4.71830645976308,4.579982803535819,0.0,,,2021-07-14 07:00:00
8041.0,1626332400.0,cloamy,2021,-0.197933324874563,-0.1693835457819025,24.0,6.0,SMARTER,3,0.0,0.0,6.588938290136868,4.71830645976308,4.521953253935267,0.0,,,2021-07-15 07:00:00
8042.0,1626418800.0,cloamy,2021,-0.1763023565197413,-0.1693835457819025,24.0,6.0,SMARTER,3,0.0,0.0,4.2070949143533625,4.71830645976308,4.542004103243339,10.8,,,2021-07-16 07:00:00
8043.0,1626505200.0,cloamy,2021,-0.2607828252718353,-0.1693835457819025,24.0,6.0,SMARTER,3,0.0,0.0,1.7206288405645938,4.71830645976308,4.457552117248498,0.8,,,2021-07-17 07:00:00
8044.0,1626591600.0,cloamy,2021,-0.2829357783911354,-0.2607828252718353,24.0,6.0,SMARTER,3,0.0,0.0,2.339819333016992,4.71830645976308,4.4353706813719445,0.0,,,2021-07-18 07:00:00
8045.0,1626678000.0,cloamy,2021,-0.1972620869789565,-0.2607828252718353,24.0,6.0,SMARTER,3,0.0,0.0,5.542148180411579,4.71830645976308,4.521044372784123,0.0,,,2021-07-19 07:00:00
8046.0,1626764400.0,cloamy,2021,-0.0605481434029326,-0.2607828252718353,24.0,6.0,SMARTER,3,4.442343504436067,0.0,6.336708517861463,4.71830645976308,4.657758316360147,0.0,,,2021-07-20 07:00:00
8047.0,1626850800.0,cloamy,2021,0.0651030876476618,-0.0605481434029326,24.0,6.0,SMARTER,3,0.0,4.442343504436067,7.723088615724408,4.71830645976308,4.783409547410742,0.0,,,2021-07-21 07:00:00
8048.0,1626937200.0,cloamy,2021,0.2207020209521232,-0.0605481434029326,24.0,6.0,SMARTER,3,0.0,4.442343504436067,6.384988487195638,4.71830645976308,4.939008480715204,0.0,,,2021-07-22 07:00:00
8049.0,1627023600.0,cloamy,2021,0.381184459892998,-0.0605481434029326,24.0,6.0,SMARTER,3,17.33103274289639,4.442343504436067,6.724001721462045,4.71830645976308,5.099490919656079,0.0,,,2021-07-23 07:00:00
8050.0,1627110000.0,cloamy,2021,0.2059644645665632,0.381184459892998,24.0,6.0,SMARTER,3,0.0,17.33103274289639,6.639604206034317,4.71830645976308,4.969245420138355,0.0,,,2021-07-24 07:00:00
8051.0,1627196400.0,cloamy,2021,0.2463176536011053,0.381184459892998,24.0,6.0,SMARTER,3,0.0,17.33103274289639,6.068344799075018,4.71830645976308,4.966114577262317,0.0,,,2021-07-25 07:00:00
8052.0,1627282800.0,cloamy,2021,0.2916683039981766,0.381184459892998,24.0,6.0,SMARTER,3,16.932654825409738,17.33103274289639,3.7441148307248353,4.71830645976308,5.009974763761257,0.0,,,2021-07-26 07:00:00
8053.0,1627369200.0,cloamy,2021,0.1007530900603377,0.2916683039981766,24.0,6.0,SMARTER,3,0.0,16.932654825409738,5.25782491390273,4.71830645976308,4.888214216262268,1.0,,,2021-07-27 07:00:00
8054.0,1627455600.0,cloamy,2021,0.0867404017874128,0.2916683039981766,24.0,6.0,SMARTER,3,0.0,16.932654825409738,4.067188753317478,4.71830645976308,4.818343176274617,0.0,,,2021-07-28 07:00:00
8055.0,1627542000.0,cloamy,2021,0.1397550596675757,0.2916683039981766,24.0,6.0,SMARTER,3,14.125267319480772,16.932654825409738,5.501441403272102,4.71830645976308,4.858061519430656,0.0,,,2021-07-29 07:00:00
8056.0,1627628400.0,cloamy,2021,0.030136315035096,0.1397550596675757,24.0,6.0,SMARTER,3,0.0,14.125267319480772,7.363960029273559,4.71830645976308,4.807893126304116,0.0,,,2021-07-30 07:00:00
8057.0,1627714800.0,cloamy,2021,0.0928358664327641,0.1397550596675757,24.0,6.0,SMARTER,3,0.0,14.125267319480772,8.127164249908118,4.71830645976308,4.817255730516977,0.0,,,2021-07-31 07:00:00
8058.0,1627801200.0,cloamy,2021,0.1842757022789255,0.1397550596675757,24.0,6.0,SMARTER,3,16.29941695582672,14.125267319480772,7.011084171391055,4.71830645976308,4.902582162042005,9.0,,,2021-08-01 07:00:00
8059.0,1627887600.0,cloamy,2021,-0.0239403161656465,0.1842757022789255,24.0,6.0,SMARTER,3,0.0,16.29941695582672,7.304828236834061,4.71830645976308,4.781800065132113,0.0,,,2021-08-02 07:00:00
8060.0,1627974000.0,cloamy,2021,-0.0156283453322052,0.1842757022789255,24.0,6.0,SMARTER,3,0.0,16.29941695582672,7.320018177389831,4.71830645976308,4.720261208800048,0.0,,,2021-08-03 07:00:00
8061.0,1628060400.0,cloamy,2021,0.0761554601823109,0.1842757022789255,24.0,6.0,SMARTER,3,14.161463906601837,16.29941695582672,8.239496207860649,4.71830645976308,4.794461919945391,0.0,,,2021-08-04 07:00:00
8062.0,1628146800.0,cloamy,2021,-0.081294334780833,0.0761554601823109,24.0,6.0,SMARTER,3,0.0,14.161463906601837,4.198759507591638,4.71830645976308,4.705000028198138,0.0,,,2021-08-05 07:00:00
8063.0,1628233200.0,cloamy,2021,-0.0064741571836834,0.0761554601823109,24.0,6.0,SMARTER,3,0.0,14.161463906601837,8.25634687060054,4.71830645976308,4.720132556781479,0.0,,,2021-08-06 07:00:00
8064.0,1628319600.0,cloamy,2021,0.104446097406527,0.0761554601823109,24.0,6.0,SMARTER,3,15.467115784422186,14.161463906601837,7.823891414052509,4.71830645976308,4.822752557169608,0.0,,,2021-08-07 07:00:00
8065.0,1628406000.0,cloamy,2021,-0.0199540311101584,0.104446097406527,24.0,6.0,SMARTER,3,0.0,15.467115784422186,6.805842568347599,4.71830645976308,4.76319507097704,0.0,,,2021-08-08 07:00:00
8066.0,1628492400.0,cloamy,2021,0.0532041172723341,0.104446097406527,24.0,6.0,SMARTER,3,0.0,15.467115784422186,8.235329351972808,4.71830645976308,4.778959780394905,0.0,,,2021-08-09 07:00:00
8067.0,1656054000.0,cloamy,2022,-0.3327021008855885,0.0,24.0,6.0,SMARTER,3,0.0,0.0,5.717907755951627,4.71830645976308,4.399516561812163,0.0,,,2022-06-24 07:00:00
8068.0,1656140400.0,cloamy,2022,-0.2076307366061126,0.0,24.0,6.0,SMARTER,3,0.0,0.0,9.203948870710636,4.71830645976308,4.510675723156967,0.0,,,2022-06-25 07:00:00
8069.0,1656226800.0,cloamy,2022,-0.068537291420511,0.0,24.0,6.0,SMARTER,3,0.0,0.0,9.569797117975432,4.71830645976308,4.649769168342569,0.0,,,2022-06-26 07:00:00
8070.0,1656313200.0,cloamy,2022,0.0650412484793357,-0.068537291420511,24.0,6.0,SMARTER,3,0.0,0.0,8.693094774412245,4.71830645976308,4.783347708242416,0.0,,,2022-06-27 07:00:00
8071.0,1656399600.0,cloamy,2022,0.1828122648760416,-0.068537291420511,24.0,6.0,SMARTER,3,0.0,0.0,7.460713537351751,4.71830645976308,4.901118724639122,1.6,,,2022-06-28 07:00:00
8072.0,1656486000.0,cloamy,2022,0.2177142994295618,-0.068537291420511,24.0,6.0,SMARTER,3,8.176323976979118,0.0,1.8323231735051733,4.71830645976308,4.936020759192642,0.0,,,2022-06-29 07:00:00
8073.0,1656572400.0,cloamy,2022,0.1987504694270647,0.2177142994295618,24.0,6.0,SMARTER,3,0.0,8.176323976979118,6.425725286268609,4.71830645976308,4.91810763974603,0.0,,,2022-06-30 07:00:00
8074.0,1656658800.0,cloamy,2022,0.3135222717108097,0.2177142994295618,24.0,6.0,SMARTER,3,0.0,8.176323976979118,8.481182130641368,4.71830645976308,5.03182873147389,0.0,,,2022-07-01 07:00:00
8075.0,1656745200.0,cloamy,2022,0.4520214184979731,0.2177142994295618,24.0,6.0,SMARTER,3,16.51182334560883,8.176323976979118,9.684100900879589,4.71830645976308,5.1703278782610536,0.0,,,2022-07-02 07:00:00
8076.0,1656831600.0,cloamy,2022,0.2778455730102003,0.4520214184979731,24.0,6.0,SMARTER,3,0.0,16.51182334560883,7.875822878948619,4.71830645976308,5.0272981601468985,0.0,,,2022-07-03 07:00:00
8077.0,1656918000.0,cloamy,2022,0.3691714228163649,0.4520214184979731,24.0,6.0,SMARTER,3,0.0,16.51182334560883,8.846129638751195,4.71830645976308,5.087477882579445,0.0,,,2022-07-04 07:00:00
8078.0,1657004400.0,cloamy,2022,0.4758154363235653,0.4520214184979731,24.0,6.0,SMARTER,3,19.93777239136444,16.51182334560883,8.353871892123982,4.71830645976308,5.194121896086646,0.0,,,2022-07-05 07:00:00
8079.0,1657090800.0,cloamy,2022,0.2450797544528521,0.4758154363235653,24.0,6.0,SMARTER,3,0.0,19.93777239136444,8.10868026961472,4.71830645976308,5.022647450208815,0.0,,,2022-07-06 07:00:00
8080.0,1657177200.0,cloamy,2022,0.2664627327987637,0.4758154363235653,24.0,6.0,SMARTER,3,0.0,19.93777239136444,5.27960920736311,4.71830645976308,4.988319859090701,11.6,,,2022-07-07 07:00:00
8081.0,1657263600.0,cloamy,2022,0.3362517941737963,0.4758154363235653,24.0,6.0,SMARTER,3,18.60575574481276,19.93777239136444,7.275206390354677,4.71830645976308,5.054558253936877,0.0,,,2022-07-08 07:00:00
8082.0,1657350000.0,cloamy,2022,0.0980718428111516,0.3362517941737963,24.0,6.0,SMARTER,3,0.0,18.60575574481276,7.121172904786319,4.71830645976308,4.902156536451434,0.0,,,2022-07-09 07:00:00
8083.0,1657436400.0,cloamy,2022,0.1542002722191703,0.3362517941737963,24.0,6.0,SMARTER,3,0.0,18.60575574481276,7.612583271961939,4.71830645976308,4.884188681526452,0.0,,,2022-07-10 07:00:00
8084.0,1657522800.0,cloamy,2022,0.2663006269509896,0.3362517941737963,24.0,6.0,SMARTER,3,18.52473149317133,18.60575574481276,8.472336750464112,4.71830645976308,4.98460708671407,0.0,,,2022-07-11 07:00:00
8085.0,1657609200.0,cloamy,2022,0.0865974853363798,0.2663006269509896,24.0,6.0,SMARTER,3,0.0,18.52473149317133,7.487993037508327,4.71830645976308,4.883492656481918,0.0,,,2022-07-12 07:00:00
8086.0,1657695600.0,cloamy,2022,0.1228671838928292,0.2663006269509896,24.0,6.0,SMARTER,3,0.0,18.52473149317133,5.439558555641069,4.71830645976308,4.853166079948196,0.0,,,2022-07-13 07:00:00
8087.0,1657782000.0,cloamy,2022,0.2425855944830158,0.2663006269509896,24.0,6.0,SMARTER,3,19.411084280838057,18.52473149317133,8.254676604732598,4.71830645976308,4.960892054246096,0.0,,,2022-07-14 07:00:00
8088.0,1657868400.0,cloamy,2022,0.0975047044069406,0.2425855944830158,24.0,6.0,SMARTER,3,0.0,19.411084280838057,9.447916516172471,4.71830645976308,4.896338147838537,0.0,,,2022-07-15 07:00:00
8089.0,1657954800.0,cloamy,2022,0.2036156382297548,0.2425855944830158,24.0,6.0,SMARTER,3,0.0,19.411084280838057,8.968687582898376,4.71830645976308,4.9305893169237285,0.0,,,2022-07-16 07:00:00
8090.0,1658041200.0,cloamy,2022,0.3172260536743594,0.2425855944830158,24.0,6.0,SMARTER,3,23.105811623476463,19.411084280838057,7.701644419417017,4.71830645976308,5.03553251343744,0.0,,,2022-07-17 07:00:00
8091.0,1658127600.0,cloamy,2022,0.062495137372548,0.3172260536743594,24.0,6.0,SMARTER,3,0.0,23.105811623476463,7.236620092977568,4.71830645976308,4.8904853804028745,0.0,,,2022-07-18 07:00:00
8092.0,1658214000.0,cloamy,2022,0.1349144817164304,0.3172260536743594,24.0,6.0,SMARTER,3,0.0,23.105811623476463,7.976539558735554,4.71830645976308,4.870733850832632,0.0,,,2022-07-19 07:00:00
8093.0,1658300400.0,cloamy,2022,0.2767709191883261,0.3172260536743594,24.0,6.0,SMARTER,3,23.795513910941622,23.105811623476463,9.031637030513592,4.71830645976308,4.995077378951407,0.0,,,2022-07-20 07:00:00
8094.0,1658386800.0,cloamy,2022,0.0392865636789833,0.2767709191883261,24.0,6.0,SMARTER,3,0.0,23.795513910941622,8.523521442036436,4.71830645976308,4.873351695329482,0.0,,,2022-07-21 07:00:00
8095.0,1687590000.0,cloamy,2023,-0.539084549173886,0.0,24.0,6.0,SMARTER,3,0.0,0.0,6.3387606045021405,4.71830645976308,4.19153461212607,0.0,,,2023-06-24 07:00:00
8096.0,1687676400.0,cloamy,2023,-0.4188834911994428,0.0,24.0,6.0,SMARTER,3,0.0,0.0,7.077332335884068,4.71830645976308,4.299422968563637,0.0,,,2023-06-25 07:00:00
8097.0,1687762800.0,cloamy,2023,-0.3104684848472073,0.0,24.0,6.0,SMARTER,3,0.0,0.0,6.229180911248416,4.71830645976308,4.407837974915873,0.0,,,2023-06-26 07:00:00
8098.0,1687849200.0,cloamy,2023,-0.1767235507506548,-0.3104684848472073,24.0,6.0,SMARTER,3,0.0,0.0,7.717627618312005,4.71830645976308,4.541582909012425,0.0,,,2023-06-27 07:00:00
8099.0,1687935600.0,cloamy,2023,-0.0319597497797609,-0.3104684848472073,24.0,6.0,SMARTER,3,0.0,0.0,8.190146658736474,4.71830645976308,4.68634670998332,0.0,,,2023-06-28 07:00:00
8100.0,1688022000.0,cloamy,2023,0.0165120689790191,-0.3104684848472073,24.0,6.0,SMARTER,3,7.946605705703551,0.0,2.6534944981591777,4.71830645976308,4.7348185287421,0.0,,,2023-06-29 07:00:00
8101.0,1688108400.0,cloamy,2023,0.0355033000985184,0.0165120689790191,24.0,6.0,SMARTER,3,0.0,7.946605705703551,7.811921140444205,4.71830645976308,4.754629851324432,0.0,,,2023-06-30 07:00:00
8102.0,1688194800.0,cloamy,2023,0.072030207318236,0.0165120689790191,24.0,6.0,SMARTER,3,0.0,7.946605705703551,2.989408376370308,4.71830645976308,4.790336667081316,0.0,,,2023-07-01 07:00:00
8103.0,1688281200.0,cloamy,2023,0.1282489972838835,0.0165120689790191,24.0,6.0,SMARTER,3,11.397785968723598,7.946605705703551,3.628606534620321,4.71830645976308,4.846555457046963,0.0,,,2023-07-02 07:00:00
8104.0,1688367600.0,cloamy,2023,0.0490406103956276,0.1282489972838835,24.0,6.0,SMARTER,3,0.0,11.397785968723598,5.9091258835011,4.71830645976308,4.78487800536622,0.0,,,2023-07-03 07:00:00
8105.0,1688454000.0,cloamy,2023,0.1343164496103899,0.1282489972838835,24.0,6.0,SMARTER,3,0.0,11.397785968723598,6.621532339824514,4.71830645976308,4.85262290937347,0.0,,,2023-07-04 07:00:00
8106.0,1688540400.0,cloamy,2023,0.2296767172373294,0.1282489972838835,24.0,6.0,SMARTER,3,15.21011155103028,11.397785968723598,6.395412175418061,4.71830645976308,4.94798317700041,0.0,,,2023-07-05 07:00:00
8107.0,1688626800.0,cloamy,2023,0.1041085483648345,0.2296767172373294,24.0,6.0,SMARTER,3,0.0,15.21011155103028,7.492344925936937,4.71830645976308,4.860651612970806,5.0,,,2023-07-06 07:00:00
8108.0,1688713200.0,cloamy,2023,0.1020404758741314,0.2296767172373294,24.0,6.0,SMARTER,3,0.0,15.21011155103028,3.3788724562330463,4.71830645976308,4.824788250688266,0.0,,,2023-07-07 07:00:00
8109.0,1688799600.0,cloamy,2023,0.1863776747672071,0.2296767172373294,24.0,6.0,SMARTER,3,15.289200580350586,15.21011155103028,6.518921569415171,4.71830645976308,4.904684134530287,0.0,,,2023-07-08 07:00:00
8110.0,1688886000.0,cloamy,2023,0.0583345655945176,0.1863776747672071,24.0,6.0,SMARTER,3,0.0,15.289200580350586,7.0675670514600375,4.71830645976308,4.829421205162441,0.0,,,2023-07-09 07:00:00
8111.0,1688972400.0,cloamy,2023,0.1329135347632768,0.1863776747672071,24.0,6.0,SMARTER,3,0.0,15.289200580350586,6.961944041187434,4.71830645976308,4.854149328828723,0.0,,,2023-07-10 07:00:00
8112.0,1689058800.0,cloamy,2023,0.2421507371719499,0.1863776747672071,24.0,6.0,SMARTER,3,18.08065850109612,15.289200580350586,7.523781176422247,4.71830645976308,4.96045719693503,0.0,,,2023-07-11 07:00:00
8113.0,1689145200.0,cloamy,2023,0.0816792692019713,0.2421507371719499,24.0,6.0,SMARTER,3,0.0,18.08065850109612,7.806608352298979,4.71830645976308,4.867949092357912,0.0,,,2023-07-12 07:00:00
8114.0,1689231600.0,cloamy,2023,0.1634693082742159,0.2421507371719499,24.0,6.0,SMARTER,3,0.0,18.08065850109612,7.714035948667738,4.71830645976308,4.887658124617749,22.8,,,2023-07-13 07:00:00
8115.0,1689318000.0,cloamy,2023,0.0579317770224878,0.2421507371719499,24.0,6.0,SMARTER,3,14.006994119643949,18.08065850109612,2.9961159428327533,4.71830645976308,4.795964473989894,0.0,,,2023-07-14 07:00:00
8116.0,1689404400.0,cloamy,2023,-0.1224922285669367,0.0579317770224878,24.0,6.0,SMARTER,3,0.0,14.006994119643949,5.390782029334142,4.71830645976308,4.687268803022407,0.0,,,2023-07-15 07:00:00
8117.0,1689490800.0,cloamy,2023,-0.0467344027059371,0.0579317770224878,24.0,6.0,SMARTER,3,0.0,14.006994119643949,7.109056997180415,4.71830645976308,4.6889475553507145,0.0,,,2023-07-16 07:00:00
8118.0,1689577200.0,cloamy,2023,0.0559938868177245,0.0579317770224878,24.0,6.0,SMARTER,3,14.296448075635976,14.006994119643949,6.608581357186508,4.71830645976308,4.774300346580805,0.0,,,2023-07-17 07:00:00
8119.0,1689663600.0,cloamy,2023,-0.0209992160004115,0.0559938868177245,24.0,6.0,SMARTER,3,0.0,14.296448075635976,7.500311698248804,4.71830645976308,4.757437883907637,0.0,,,2023-07-18 07:00:00
8120.0,1689750000.0,cloamy,2023,0.0784592455184919,0.0559938868177245,24.0,6.0,SMARTER,3,0.0,14.296448075635976,7.063404491828016,4.71830645976308,4.803059159070053,0.0,,,2023-07-19 07:00:00
8121.0,1689836400.0,cloamy,2023,0.2178674794279796,0.0559938868177245,24.0,6.0,SMARTER,3,19.488619174849976,14.296448075635976,7.949048805371062,4.71830645976308,4.93617393919106,0.0,,,2023-07-20 07:00:00
8122.0,1689922800.0,cloamy,2023,0.0266934151190453,0.2178674794279796,24.0,6.0,SMARTER,3,0.0,19.488619174849976,6.202164075023188,4.71830645976308,4.831315124129069,0.0,,,2023-07-21 07:00:00
8123.0,1719212400.0,cloamy,2024,-0.7277099686709797,0.0,24.0,6.0,SMARTER,3,0.0,0.0,1.5856569477409397,4.71830645976308,4.011544503075186,5.8,,,2024-06-24 07:00:00
8124.0,1719298800.0,cloamy,2024,-0.7600971887895867,0.0,24.0,6.0,SMARTER,3,0.0,0.0,1.643019943771474,4.71830645976308,3.963930725769115,12.6,,,2024-06-25 07:00:00
8125.0,1719385200.0,cloamy,2024,-0.771227074458572,0.0,24.0,6.0,SMARTER,3,0.0,0.0,3.7360647761286776,4.71830645976308,3.956418239170192,1.0,,,2024-06-26 07:00:00
8126.0,1719471600.0,cloamy,2024,-0.7936887397458832,-0.771227074458572,24.0,6.0,SMARTER,3,0.0,0.0,3.283058105037508,4.71830645976308,3.9263387035691,0.0,,,2024-06-27 07:00:00
8127.0,1719558000.0,cloamy,2024,-0.6803658614957193,-0.771227074458572,24.0,6.0,SMARTER,3,0.0,0.0,8.105450401178516,4.71830645976308,4.037940598267361,0.0,,,2024-06-28 07:00:00
8128.0,1719644400.0,cloamy,2024,-0.5702120956549183,-0.771227074458572,24.0,6.0,SMARTER,3,0.0,0.0,6.855392222915658,4.71830645976308,4.148094364108162,0.0,,,2024-06-29 07:00:00
8129.0,1719730800.0,cloamy,2024,-0.4554907658404779,-0.5702120956549183,24.0,6.0,SMARTER,3,0.0,0.0,6.275478723242181,4.71830645976308,4.262815693922603,0.0,,,2024-06-30 07:00:00
8130.0,1719817200.0,cloamy,2024,-0.2771199659992714,-0.5702120956549183,24.0,6.0,SMARTER,3,0.0,0.0,9.008052630760128,4.71830645976308,4.441186493763809,0.0,,,2024-07-01 07:00:00
8131.0,1719903600.0,cloamy,2024,-0.1439966687887696,-0.5702120956549183,24.0,6.0,SMARTER,3,9.36519023205495,0.0,6.40343719338403,4.71830645976308,4.574309790974311,0.0,,,2024-07-02 07:00:00
8132.0,1719990000.0,cloamy,2024,-0.1444624284131381,-0.1439966687887696,24.0,6.0,SMARTER,3,0.0,9.36519023205495,6.828302846826217,4.71830645976308,4.576988754553327,0.0,,,2024-07-03 07:00:00
8133.0,1720076400.0,cloamy,2024,-0.0879167574388527,-0.1439966687887696,24.0,6.0,SMARTER,3,0.0,9.36519023205495,3.501203041998366,4.71830645976308,4.630389702324227,0.0,,,2024-07-04 07:00:00
8134.0,1720162800.0,cloamy,2024,-0.0063472248757066,-0.1439966687887696,24.0,6.0,SMARTER,3,12.63069353671422,9.36519023205495,4.110755932356144,4.71830645976308,4.711959234887374,0.0,,,2024-07-05 07:00:00
8135.0,1720249200.0,cloamy,2024,-0.0536821312459856,-0.0063472248757066,24.0,6.0,SMARTER,3,0.0,12.63069353671422,7.570021332731803,4.71830645976308,4.688298706951156,0.0,,,2024-07-06 07:00:00
8136.0,1720335600.0,cloamy,2024,0.0685096626250075,-0.0063472248757066,24.0,6.0,SMARTER,3,0.0,12.63069353671422,8.236770338981968,4.71830645976308,4.786816122388088,0.0,,,2024-07-07 07:00:00
8137.0,1720422000.0,cloamy,2024,0.1234254372982591,-0.0063472248757066,24.0,6.0,SMARTER,3,16.485790052678954,12.63069353671422,3.5751601774979624,4.71830645976308,4.841731897061339,0.0,,,2024-07-08 07:00:00
8138.0,1720508400.0,cloamy,2024,-0.0306580065656585,0.1234254372982591,24.0,6.0,SMARTER,3,0.0,16.485790052678954,6.021523561190189,4.71830645976308,4.740997827717021,1.0,,,2024-07-09 07:00:00
8139.0,1720594800.0,cloamy,2024,0.0351826491635759,0.1234254372982591,24.0,6.0,SMARTER,3,0.0,16.485790052678954,6.408995121084742,4.71830645976308,4.757088356138567,0.0,,,2024-07-10 07:00:00
8140.0,1720681200.0,cloamy,2024,0.145105438671782,0.1234254372982591,24.0,6.0,SMARTER,3,17.876742717674194,16.485790052678954,7.100145056634385,4.71830645976308,4.863411898434863,0.0,,,2024-07-11 07:00:00
8141.0,1720767600.0,cloamy,2024,0.012103572100356,0.145105438671782,24.0,6.0,SMARTER,3,0.0,17.876742717674194,8.417233027045325,4.71830645976308,4.7975714162156775,0.0,,,2024-07-12 07:00:00
8142.0,1720854000.0,cloamy,2024,0.1360362635064926,0.145105438671782,24.0,6.0,SMARTER,3,0.0,17.876742717674194,9.478835789843243,4.71830645976308,4.858589792050625,0.0,,,2024-07-13 07:00:00
8143.0,1720940400.0,cloamy,2024,0.2702130409814035,0.145105438671782,24.0,6.0,SMARTER,3,22.500603418993528,17.876742717674194,8.65408688020589,4.71830645976308,4.988519500744483,0.0,,,2024-07-14 07:00:00
8144.0,1721026800.0,cloamy,2024,0.0440391217689647,0.2702130409814035,24.0,6.0,SMARTER,3,0.0,22.500603418993528,8.038553013013921,4.71830645976308,4.85717638295238,0.0,,,2024-07-15 07:00:00
8145.0,1721113200.0,cloamy,2024,0.1264889535619719,0.2702130409814035,24.0,6.0,SMARTER,3,0.0,22.500603418993528,8.079175888672749,4.71830645976308,4.857774629829376,0.0,,,2024-07-16 07:00:00
8146.0,1721199600.0,cloamy,2024,0.2826791999449128,0.2702130409814035,24.0,6.0,SMARTER,3,24.495866433787228,22.500603418993528,9.89638188136864,4.71830645976308,5.000985659707993,0.0,,,2024-07-17 07:00:00
8147.0,1721286000.0,cloamy,2024,0.0394362480320828,0.2826791999449128,24.0,6.0,SMARTER,3,0.0,24.495866433787228,8.856197692783795,4.71830645976308,4.870819874377252,0.0,,,2024-07-18 07:00:00
8148.0,1721372400.0,cloamy,2024,0.1240595462289994,0.2826791999449128,24.0,6.0,SMARTER,3,0.0,24.495866433787228,8.59349226880255,4.71830645976308,4.860243100913566,0.0,,,2024-07-19 07:00:00
8149.0,1721458800.0,cloamy,2024,0.2184279021119381,0.2826791999449128,24.0,6.0,SMARTER,3,24.26440269846746,24.495866433787228,6.5994601364997925,4.71830645976308,4.936734361875018,0.0,,,2024-07-20 07:00:00
8150.0,1721545200.0,cloamy,2024,-0.0589566077483533,0.2184279021119381,24.0,6.0,SMARTER,3,0.0,24.26440269846746,6.35886520949269,4.71830645976308,4.7921207180466965,0.0,,,2024-07-21 07:00:00
8151.0,1626073200.0,cloamy,2021,0.1933104572369712,0.0,18.0,4.5,SMARTER,2,0.0,0.0,8.171899400888595,4.71830645976308,4.9131850305149785,0.0,,,2021-07-12 07:00:00
8152.0,1626159600.0,cloamy,2021,0.2943385943573209,0.0,18.0,4.5,SMARTER,2,6.62261837303972,0.0,7.307248568315713,4.71830645976308,5.0126450541204015,49.2,,,2021-07-13 07:00:00
8153.0,1626246000.0,cloamy,2021,-0.3156400987253283,0.2943385943573209,18.0,4.5,SMARTER,2,0.0,6.62261837303972,3.7200181370317593,4.71830645976308,4.477743253510758,0.0,,,2021-07-14 07:00:00
8154.0,1626332400.0,cloamy,2021,-0.3662119751924121,0.2943385943573209,18.0,4.5,SMARTER,2,0.0,6.62261837303972,6.588938290136868,4.71830645976308,4.370579138047715,0.0,,,2021-07-15 07:00:00
8155.0,1626418800.0,cloamy,2021,-0.3548513638519187,-0.3662119751924121,18.0,4.5,SMARTER,2,0.0,0.0,4.2070949143533625,4.71830645976308,4.363726334998502,10.8,,,2021-07-16 07:00:00
8156.0,1626505200.0,cloamy,2021,-0.4504056217432383,-0.3662119751924121,18.0,4.5,SMARTER,2,0.0,0.0,1.7206288405645938,4.71830645976308,4.273993712295495,0.8,,,2021-07-17 07:00:00
8157.0,1626591600.0,cloamy,2021,-0.4740166308629444,-0.4504056217432383,18.0,4.5,SMARTER,2,0.0,0.0,2.339819333016992,4.71830645976308,4.244289828900135,0.0,,,2021-07-18 07:00:00
8158.0,1626678000.0,cloamy,2021,-0.3908999993805686,-0.4504056217432383,18.0,4.5,SMARTER,2,0.0,0.0,5.542148180411579,4.71830645976308,4.327406460382512,0.0,,,2021-07-19 07:00:00
8159.0,1626764400.0,cloamy,2021,-0.2520324852495245,-0.3908999993805686,18.0,4.5,SMARTER,2,0.0,0.0,6.336708517861463,4.71830645976308,4.466273974513555,0.0,,,2021-07-20 07:00:00
8160.0,1626850800.0,cloamy,2021,-0.0476668130675189,-0.3908999993805686,18.0,4.5,SMARTER,2,5.963696694831058,0.0,7.723088615724408,4.71830645976308,4.6706396466955615,0.0,,,2021-07-21 07:00:00
8161.0,1626937200.0,cloamy,2021,0.037941149550623,-0.0476668130675189,18.0,4.5,SMARTER,2,0.0,5.963696694831058,6.384988487195638,4.71830645976308,4.756488260281929,0.0,,,2021-07-22 07:00:00
8162.0,1627023600.0,cloamy,2021,0.2061438289050284,-0.0476668130675189,18.0,4.5,SMARTER,2,11.459935480409538,5.963696694831058,6.724001721462045,4.71830645976308,4.924450288668108,0.0,,,2021-07-23 07:00:00
8163.0,1627110000.0,cloamy,2021,0.157961157473827,0.2061438289050284,18.0,4.5,SMARTER,2,0.0,11.459935480409538,6.639604206034317,4.71830645976308,4.898263990140725,0.0,,,2021-07-24 07:00:00
8164.0,1627196400.0,cloamy,2021,0.2383379925036792,0.2061438289050284,18.0,4.5,SMARTER,2,13.11195139145181,11.459935480409538,6.068344799075018,4.71830645976308,4.95664445226676,0.0,,,2021-07-25 07:00:00
8165.0,1627282800.0,cloamy,2021,0.081001804642897,0.2383379925036792,18.0,4.5,SMARTER,2,0.0,13.11195139145181,3.7441148307248353,4.71830645976308,4.848043155483514,0.0,,,2021-07-26 07:00:00
8166.0,1627369200.0,cloamy,2021,0.1150503671271581,0.2383379925036792,18.0,4.5,SMARTER,2,11.410500786746644,13.11195139145181,5.25782491390273,4.71830645976308,4.837764507329817,1.0,,,2021-07-27 07:00:00
8167.0,1627455600.0,cloamy,2021,-0.0190932666432158,0.1150503671271581,18.0,4.5,SMARTER,2,0.0,11.410500786746644,4.067188753317478,4.71830645976308,4.756339156062737,0.0,,,2021-07-28 07:00:00
8168.0,1627542000.0,cloamy,2021,0.0112623883403745,0.1150503671271581,18.0,4.5,SMARTER,2,9.592997916116223,11.410500786746644,5.501441403272102,4.71830645976308,4.737974952178506,0.0,,,2021-07-29 07:00:00
8169.0,1627628400.0,cloamy,2021,-0.0366325066736422,0.0112623883403745,18.0,4.5,SMARTER,2,0.0,9.592997916116223,7.363960029273559,4.71830645976308,4.725375395657387,0.0,,,2021-07-30 07:00:00
8170.0,1627714800.0,cloamy,2021,0.0479372429058454,0.0112623883403745,18.0,4.5,SMARTER,2,10.468862891371003,9.592997916116223,8.127164249908118,4.71830645976308,4.768371083736687,0.0,,,2021-07-31 07:00:00
8171.0,1627801200.0,cloamy,2021,-0.0162509030178089,0.0479372429058454,18.0,4.5,SMARTER,2,0.0,10.468862891371003,7.011084171391055,4.71830645976308,4.750916319448775,9.0,,,2021-08-01 07:00:00
8172.0,1627887600.0,cloamy,2021,-0.0019935206830553,0.0479372429058454,18.0,4.5,SMARTER,2,9.56113830369704,10.468862891371003,7.304828236834061,4.71830645976308,4.729095176113338,0.0,,,2021-08-02 07:00:00
8173.0,1627974000.0,cloamy,2021,-0.0734039607204176,-0.0019935206830553,18.0,4.5,SMARTER,2,0.0,9.56113830369704,7.320018177389831,4.71830645976308,4.694292178369531,0.0,,,2021-08-03 07:00:00
8174.0,1628060400.0,cloamy,2021,0.0019502698396064,-0.0019935206830553,18.0,4.5,SMARTER,2,9.640902747383182,9.56113830369704,8.239496207860649,4.71830645976308,4.724008594903044,0.0,,,2021-08-04 07:00:00
8175.0,1628146800.0,cloamy,2021,-0.0937885378139779,0.0019502698396064,18.0,4.5,SMARTER,2,0.0,9.640902747383182,4.198759507591638,4.71830645976308,4.670097377834535,0.0,,,2021-08-05 07:00:00
8176.0,1628233200.0,cloamy,2021,0.0017452007478023,0.0019502698396064,18.0,4.5,SMARTER,2,9.64506490709582,9.640902747383182,8.25634687060054,4.71830645976308,4.722257001329784,0.0,,,2021-08-06 07:00:00
8177.0,1628319600.0,cloamy,2021,-0.0275815749540334,0.0017452007478023,18.0,4.5,SMARTER,2,0.0,9.64506490709582,7.823891414052509,4.71830645976308,4.728158294846265,0.0,,,2021-08-07 07:00:00
8178.0,1628406000.0,cloamy,2021,0.0502973530279798,0.0017452007478023,18.0,4.5,SMARTER,2,10.74534173676492,9.64506490709582,6.805842568347599,4.71830645976308,4.769972828710258,0.0,,,2021-08-08 07:00:00
8179.0,1628492400.0,cloamy,2021,0.0119238167609687,0.0502973530279798,18.0,4.5,SMARTER,2,0.0,10.74534173676492,8.235329351972808,4.71830645976308,4.771522983522488,0.0,,,2021-08-09 07:00:00
8180.0,1656054000.0,cloamy,2022,-0.3327021008855885,0.0,18.0,4.5,SMARTER,2,0.0,0.0,5.717907755951627,4.71830645976308,4.399516561812163,0.0,,,2022-06-24 07:00:00
8181.0,1656140400.0,cloamy,2022,-0.2076307366061126,0.0,18.0,4.5,SMARTER,2,0.0,0.0,9.203948870710636,4.71830645976308,4.510675723156967,0.0,,,2022-06-25 07:00:00
8182.0,1656226800.0,cloamy,2022,-0.068537291420511,-0.2076307366061126,18.0,4.5,SMARTER,2,0.0,0.0,9.569797117975432,4.71830645976308,4.649769168342569,0.0,,,2022-06-26 07:00:00
8183.0,1656313200.0,cloamy,2022,0.0650412484793357,-0.2076307366061126,18.0,4.5,SMARTER,2,5.200781349695081,0.0,8.693094774412245,4.71830645976308,4.783347708242416,0.0,,,2022-06-27 07:00:00
8184.0,1656399600.0,cloamy,2022,0.1097949150877365,0.0650412484793357,18.0,4.5,SMARTER,2,0.0,5.200781349695081,7.460713537351751,4.71830645976308,4.828101374850816,1.6,,,2022-06-28 07:00:00
8185.0,1656486000.0,cloamy,2022,0.1337932448416257,0.0650412484793357,18.0,4.5,SMARTER,2,7.040386886003616,5.200781349695081,1.8323231735051733,4.71830645976308,4.852099704604706,0.0,,,2022-06-29 07:00:00
8186.0,1656572400.0,cloamy,2022,0.1274751219087042,0.1337932448416257,18.0,4.5,SMARTER,2,0.0,7.040386886003616,6.425725286268609,4.71830645976308,4.84957051270383,0.0,,,2022-06-30 07:00:00
8187.0,1656658800.0,cloamy,2022,0.2398580067356011,0.1337932448416257,18.0,4.5,SMARTER,2,10.02891363040538,7.040386886003616,8.481182130641368,4.71830645976308,4.9581644664986815,0.0,,,2022-07-01 07:00:00
8188.0,1656745200.0,cloamy,2022,0.2225950387758075,0.2398580067356011,18.0,4.5,SMARTER,2,0.0,10.02891363040538,9.684100900879589,4.71830645976308,4.954510648178313,0.0,,,2022-07-02 07:00:00
8189.0,1656831600.0,cloamy,2022,0.3125534415595551,0.2398580067356011,18.0,4.5,SMARTER,2,12.743921944254549,10.02891363040538,7.875822878948619,4.71830645976308,5.030859901322636,0.0,,,2022-07-03 07:00:00
8190.0,1656918000.0,cloamy,2022,0.2263044965763956,0.3125534415595551,18.0,4.5,SMARTER,2,0.0,12.743921944254549,8.846129638751195,4.71830645976308,4.974533783492931,0.0,,,2022-07-04 07:00:00
8191.0,1657004400.0,cloamy,2022,0.3144000116230918,0.3125534415595551,18.0,4.5,SMARTER,2,14.19196025770212,12.743921944254549,8.353871892123982,4.71830645976308,5.032706471386172,0.0,,,2022-07-05 07:00:00
8192.0,1657090800.0,cloamy,2022,0.1890428366778493,0.3144000116230918,18.0,4.5,SMARTER,2,0.0,14.19196025770212,8.10868026961472,4.71830645976308,4.952478206736417,0.0,,,2022-07-06 07:00:00
8193.0,1657177200.0,cloamy,2022,0.2245661382834895,0.3144000116230918,18.0,4.5,SMARTER,2,13.585498159864985,14.19196025770212,5.27960920736311,4.71830645976308,4.944859524438043,11.6,,,2022-07-07 07:00:00
8194.0,1657263600.0,cloamy,2022,0.0557709865833531,0.2245661382834895,18.0,4.5,SMARTER,2,0.0,13.585498159864985,7.275206390354677,4.71830645976308,4.849932510966752,0.0,,,2022-07-08 07:00:00
8195.0,1657350000.0,cloamy,2022,0.0978995429517616,0.2245661382834895,18.0,4.5,SMARTER,2,11.74604738717681,13.585498159864985,7.121172904786319,4.71830645976308,4.827517468536222,0.0,,,2022-07-09 07:00:00
8196.0,1657436400.0,cloamy,2022,0.0184991594028104,0.0978995429517616,18.0,4.5,SMARTER,2,0.0,11.74604738717681,7.612583271961939,4.71830645976308,4.793356122920928,0.0,,,2022-07-10 07:00:00
8197.0,1657522800.0,cloamy,2022,0.1177579347732837,0.0978995429517616,18.0,4.5,SMARTER,2,12.633409146443986,11.74604738717681,8.472336750464112,4.71830645976308,4.840173840583888,0.0,,,2022-07-11 07:00:00
8198.0,1657609200.0,cloamy,2022,0.0327560897132729,0.1177579347732837,18.0,4.5,SMARTER,2,0.0,12.633409146443986,7.487993037508327,4.71830645976308,4.807154539901022,0.0,,,2022-07-12 07:00:00
8199.0,1657695600.0,cloamy,2022,0.0842978707478132,0.1177579347732837,18.0,4.5,SMARTER,2,12.410468412350678,12.633409146443986,5.439558555641069,4.71830645976308,4.809429415342823,0.0,,,2022-07-13 07:00:00
8200.0,1657782000.0,cloamy,2022,0.0249522460692177,0.0842978707478132,18.0,4.5,SMARTER,2,0.0,12.410468412350678,8.254676604732598,4.71830645976308,4.798937457966364,0.0,,,2022-07-14 07:00:00
8201.0,1657868400.0,cloamy,2022,0.1605587891540565,0.0842978707478132,18.0,4.5,SMARTER,2,14.505679494856311,12.410468412350678,9.447916516172471,4.71830645976308,4.881591512520372,0.0,,,2022-07-15 07:00:00
8202.0,1657954800.0,cloamy,2022,0.0812212300183951,0.1605587891540565,18.0,4.5,SMARTER,2,0.0,14.505679494856311,8.968687582898376,4.71830645976308,4.861384248691963,0.0,,,2022-07-16 07:00:00
8203.0,1658041200.0,cloamy,2022,0.1768613630561526,0.1605587891540565,18.0,4.5,SMARTER,2,15.595001958846728,14.505679494856311,7.701644419417017,4.71830645976308,4.900591703007718,0.0,,,2022-07-17 07:00:00
8204.0,1658127600.0,cloamy,2022,0.0439648834413274,0.1768613630561526,18.0,4.5,SMARTER,2,0.0,15.595001958846728,7.236620092977568,4.71830645976308,4.839547025831883,0.0,,,2022-07-18 07:00:00
8205.0,1658214000.0,cloamy,2022,0.1398390670086235,0.1768613630561526,18.0,4.5,SMARTER,2,15.557876431530008,15.595001958846728,7.976539558735554,4.71830645976308,4.867668667057536,0.0,,,2022-07-19 07:00:00
8206.0,1658300400.0,cloamy,2022,0.0451298584420386,0.1398390670086235,18.0,4.5,SMARTER,2,0.0,15.557876431530008,9.031637030513592,4.71830645976308,4.841524095715093,0.0,,,2022-07-20 07:00:00
8207.0,1658386800.0,cloamy,2022,0.1514903587788097,0.1398390670086235,18.0,4.5,SMARTER,2,16.449306297898005,15.557876431530008,8.523521442036436,4.71830645976308,4.878921927814761,0.0,,,2022-07-21 07:00:00
8208.0,1687590000.0,cloamy,2023,-0.539084549173886,0.0,18.0,4.5,SMARTER,2,0.0,0.0,6.3387606045021405,4.71830645976308,4.19153461212607,0.0,,,2023-06-24 07:00:00
8209.0,1687676400.0,cloamy,2023,-0.4188834911994428,0.0,18.0,4.5,SMARTER,2,0.0,0.0,7.077332335884068,4.71830645976308,4.299422968563637,0.0,,,2023-06-25 07:00:00
8210.0,1687762800.0,cloamy,2023,-0.3104684848472073,-0.4188834911994428,18.0,4.5,SMARTER,2,0.0,0.0,6.229180911248416,4.71830645976308,4.407837974915873,0.0,,,2023-06-26 07:00:00
8211.0,1687849200.0,cloamy,2023,-0.1767235507506548,-0.4188834911994428,18.0,4.5,SMARTER,2,3.5636229497002354,0.0,7.717627618312005,4.71830645976308,4.541582909012425,0.0,,,2023-06-27 07:00:00
8212.0,1687935600.0,cloamy,2023,-0.0789318037157055,-0.1767235507506548,18.0,4.5,SMARTER,2,0.0,3.5636229497002354,8.190146658736474,4.71830645976308,4.639374656047375,0.0,,,2023-06-28 07:00:00
8213.0,1688022000.0,cloamy,2023,-0.0377962770224877,-0.1767235507506548,18.0,4.5,SMARTER,2,5.894230630206049,3.5636229497002354,2.6534944981591777,4.71830645976308,4.680510182740592,0.0,,,2023-06-29 07:00:00
8214.0,1688108400.0,cloamy,2023,0.0076001200248376,-0.0377962770224877,18.0,4.5,SMARTER,2,0.0,5.894230630206049,7.811921140444205,4.71830645976308,4.726204099495773,0.0,,,2023-06-30 07:00:00
8215.0,1688194800.0,cloamy,2023,0.0443709588490427,-0.0377962770224877,18.0,4.5,SMARTER,2,7.572910190714291,5.894230630206049,2.989408376370308,4.71830645976308,4.762677418612123,0.0,,,2023-07-01 07:00:00
8216.0,1688281200.0,cloamy,2023,-0.0138781105190379,0.0443709588490427,18.0,4.5,SMARTER,2,0.0,7.572910190714291,3.628606534620321,4.71830645976308,4.71237555191912,0.0,,,2023-07-02 07:00:00
8217.0,1688367600.0,cloamy,2023,0.0682855548365723,0.0443709588490427,18.0,4.5,SMARTER,2,8.310657915254401,7.572910190714291,5.9091258835011,4.71830645976308,4.786592014599653,0.0,,,2023-07-03 07:00:00
8218.0,1688454000.0,cloamy,2023,0.0477463733383946,0.0682855548365723,18.0,4.5,SMARTER,2,0.0,8.310657915254401,6.621532339824514,4.71830645976308,4.779089438838126,0.0,,,2023-07-04 07:00:00
8219.0,1688540400.0,cloamy,2023,0.1288162174261214,0.0682855548365723,18.0,4.5,SMARTER,2,9.979882820283832,8.310657915254401,6.395412175418061,4.71830645976308,4.847122677189201,0.0,,,2023-07-05 07:00:00
8220.0,1688626800.0,cloamy,2023,0.0896003941871852,0.1288162174261214,18.0,4.5,SMARTER,2,0.0,9.979882820283832,7.492344925936937,4.71830645976308,4.8291097291008045,5.0,,,2023-07-06 07:00:00
8221.0,1688713200.0,cloamy,2023,0.1013216806134938,0.1288162174261214,18.0,4.5,SMARTER,2,9.940928720417256,9.979882820283832,3.3788724562330463,4.71830645976308,4.820824907637762,0.0,,,2023-07-07 07:00:00
8222.0,1688799600.0,cloamy,2023,0.0341803982334346,0.1013216806134938,18.0,4.5,SMARTER,2,0.0,9.940928720417256,6.518921569415171,4.71830645976308,4.785088594585048,0.0,,,2023-07-08 07:00:00
8223.0,1688886000.0,cloamy,2023,0.1219208273278039,0.1013216806134938,18.0,4.5,SMARTER,2,10.860357084249957,9.940928720417256,7.0675670514600375,4.71830645976308,4.840378700672791,0.0,,,2023-07-09 07:00:00
8224.0,1688972400.0,cloamy,2023,0.0597112618630249,0.1219208273278039,18.0,4.5,SMARTER,2,0.0,10.860357084249957,6.961944041187434,4.71830645976308,4.813566745517159,0.0,,,2023-07-10 07:00:00
8225.0,1689058800.0,cloamy,2023,0.1566377625789206,0.1219208273278039,18.0,4.5,SMARTER,2,12.190131850375195,10.860357084249957,7.523781176422247,4.71830645976308,4.875272334035072,0.0,,,2023-07-11 07:00:00
8226.0,1689145200.0,cloamy,2023,0.0853974493197813,0.1566377625789206,18.0,4.5,SMARTER,2,0.0,12.190131850375195,7.806608352298979,4.71830645976308,4.846419716361686,0.0,,,2023-07-12 07:00:00
8227.0,1689231600.0,cloamy,2023,0.1799133714878448,0.1566377625789206,18.0,4.5,SMARTER,2,13.418702982431135,12.190131850375195,7.714035948667738,4.71830645976308,4.899314200813757,22.8,,,2023-07-13 07:00:00
8228.0,1689318000.0,cloamy,2023,-0.1689312382290193,0.1799133714878448,18.0,4.5,SMARTER,2,0.0,13.418702982431135,2.9961159428327533,4.71830645976308,4.660079008920776,0.0,,,2023-07-14 07:00:00
8229.0,1689404400.0,cloamy,2023,-0.1564420907021021,0.1799133714878448,18.0,4.5,SMARTER,2,6.660315254852633,13.418702982431135,5.390782029334142,4.71830645976308,4.591540658756031,0.0,,,2023-07-15 07:00:00
8230.0,1689490800.0,cloamy,2023,-0.1428955575268463,-0.1564420907021021,18.0,4.5,SMARTER,2,0.0,6.660315254852633,7.109056997180415,4.71830645976308,4.613932855531798,0.0,,,2023-07-16 07:00:00
8231.0,1689577200.0,cloamy,2023,-0.0421659549927244,-0.1564420907021021,18.0,4.5,SMARTER,2,8.527538900154171,6.660315254852633,6.608581357186508,4.71830645976308,4.678243752674881,0.0,,,2023-07-17 07:00:00
8232.0,1689663600.0,cloamy,2023,-0.0290400327636289,-0.0421659549927244,18.0,4.5,SMARTER,2,0.0,8.527538900154171,7.500311698248804,4.71830645976308,4.718090221395279,0.0,,,2023-07-18 07:00:00
8233.0,1689750000.0,cloamy,2023,0.0889344055895036,-0.0421659549927244,18.0,4.5,SMARTER,2,11.287550215787045,8.527538900154171,7.063404491828016,4.71830645976308,4.807317456156206,0.0,,,2023-07-19 07:00:00
8234.0,1689836400.0,cloamy,2023,0.0685210929681524,0.0889344055895036,18.0,4.5,SMARTER,2,0.0,11.287550215787045,7.949048805371062,4.71830645976308,4.824783167168054,0.0,,,2023-07-20 07:00:00
8235.0,1689922800.0,cloamy,2023,0.1575176997792469,0.0889344055895036,18.0,4.5,SMARTER,2,13.230879160209032,11.287550215787045,6.202164075023188,4.71830645976308,4.876866649347348,0.0,,,2023-07-21 07:00:00
8236.0,1719212400.0,cloamy,2024,-0.7277099686709797,0.0,18.0,4.5,SMARTER,2,0.0,0.0,1.5856569477409397,4.71830645976308,4.011544503075186,5.8,,,2024-06-24 07:00:00
8237.0,1719298800.0,cloamy,2024,-0.7600971887895867,0.0,18.0,4.5,SMARTER,2,0.0,0.0,1.643019943771474,4.71830645976308,3.963930725769115,12.6,,,2024-06-25 07:00:00
8238.0,1719385200.0,cloamy,2024,-0.771227074458572,-0.7600971887895867,18.0,4.5,SMARTER,2,0.0,0.0,3.7360647761286776,4.71830645976308,3.956418239170192,1.0,,,2024-06-26 07:00:00
8239.0,1719471600.0,cloamy,2024,-0.7936887397458832,-0.7600971887895867,18.0,4.5,SMARTER,2,0.0,0.0,3.283058105037508,4.71830645976308,3.9263387035691,0.0,,,2024-06-27 07:00:00
8240.0,1719558000.0,cloamy,2024,-0.6803658614957193,-0.7936887397458832,18.0,4.5,SMARTER,2,0.0,0.0,8.105450401178516,4.71830645976308,4.037940598267361,0.0,,,2024-06-28 07:00:00
8241.0,1719644400.0,cloamy,2024,-0.5702120956549183,-0.7936887397458832,18.0,4.5,SMARTER,2,0.0,0.0,6.855392222915658,4.71830645976308,4.148094364108162,0.0,,,2024-06-29 07:00:00
8242.0,1719730800.0,cloamy,2024,-0.4554907658404779,-0.5702120956549183,18.0,4.5,SMARTER,2,0.0,0.0,6.275478723242181,4.71830645976308,4.262815693922603,0.0,,,2024-06-30 07:00:00
8243.0,1719817200.0,cloamy,2024,-0.2771199659992714,-0.5702120956549183,18.0,4.5,SMARTER,2,4.0286184868049215,0.0,9.008052630760128,4.71830645976308,4.441186493763809,0.0,,,2024-07-01 07:00:00
8244.0,1719903600.0,cloamy,2024,-0.200154313404262,-0.2771199659992714,18.0,4.5,SMARTER,2,0.0,4.0286184868049215,6.40343719338403,4.71830645976308,4.518152146358818,0.0,,,2024-07-02 07:00:00
8245.0,1719990000.0,cloamy,2024,-0.066789811215274,-0.2771199659992714,18.0,4.5,SMARTER,2,7.514007122448141,4.0286184868049215,6.828302846826217,4.71830645976308,4.651516648547807,0.0,,,2024-07-03 07:00:00
8246.0,1720076400.0,cloamy,2024,-0.1119533547240902,-0.066789811215274,18.0,4.5,SMARTER,2,0.0,7.514007122448141,3.501203041998366,4.71830645976308,4.6090944681041455,0.0,,,2024-07-04 07:00:00
8247.0,1720162800.0,cloamy,2024,-0.0405772905784287,-0.066789811215274,18.0,4.5,SMARTER,2,7.8032346863084285,7.514007122448141,4.110755932356144,4.71830645976308,4.677729169184651,0.0,,,2024-07-05 07:00:00
8248.0,1720249200.0,cloamy,2024,-0.0136504698938202,-0.0405772905784287,18.0,4.5,SMARTER,2,0.0,7.8032346863084285,7.570021332731803,4.71830645976308,4.712059165360458,0.0,,,2024-07-06 07:00:00
8249.0,1720335600.0,cloamy,2024,0.1182210622453299,-0.0405772905784287,18.0,4.5,SMARTER,2,11.193599817240068,7.8032346863084285,8.236770338981968,4.71830645976308,4.83652752200841,0.0,,,2024-07-07 07:00:00
8250.0,1720422000.0,cloamy,2024,-0.0020800326141538,0.1182210622453299,18.0,4.5,SMARTER,2,0.0,11.193599817240068,3.5751601774979624,4.71830645976308,4.743294837215813,0.0,,,2024-07-08 07:00:00
8251.0,1720508400.0,cloamy,2024,0.073575414144535,0.1182210622453299,18.0,4.5,SMARTER,2,10.72106751507617,11.193599817240068,6.021523561190189,4.71830645976308,4.791881873907616,1.0,,,2024-07-09 07:00:00
8252.0,1720594800.0,cloamy,2024,0.0066829884709851,0.073575414144535,18.0,4.5,SMARTER,2,0.0,10.72106751507617,6.408995121084742,4.71830645976308,4.75733852104691,0.0,,,2024-07-10 07:00:00
8253.0,1720681200.0,cloamy,2024,0.1004009072323778,0.073575414144535,18.0,4.5,SMARTER,2,11.65573047320304,10.72106751507617,7.100145056634385,4.71830645976308,4.8187879267973575,0.0,,,2024-07-11 07:00:00
8254.0,1720767600.0,cloamy,2024,0.058666200833239,0.1004009072323778,18.0,4.5,SMARTER,2,0.0,11.65573047320304,8.417233027045325,4.71830645976308,4.81375918130865,0.0,,,2024-07-12 07:00:00
8255.0,1720854000.0,cloamy,2024,0.1948264368660352,0.1004009072323778,18.0,4.5,SMARTER,2,14.232108972506031,11.65573047320304,9.478835789843243,4.71830645976308,4.913147946622989,0.0,,,2024-07-13 07:00:00
8256.0,1720940400.0,cloamy,2024,0.1083203438935827,0.1948264368660352,18.0,4.5,SMARTER,2,0.0,14.232108972506031,8.65408688020589,4.71830645976308,4.877323625824086,0.0,,,2024-07-14 07:00:00
8257.0,1721026800.0,cloamy,2024,0.2078785695069955,0.1948264368660352,18.0,4.5,SMARTER,2,15.402500922824796,14.232108972506031,8.038553013013921,4.71830645976308,4.927935471776487,0.0,,,2024-07-15 07:00:00
8258.0,1721113200.0,cloamy,2024,0.0884587670166986,0.2078785695069955,18.0,4.5,SMARTER,2,0.0,15.402500922824796,8.079175888672749,4.71830645976308,4.870886144665692,0.0,,,2024-07-16 07:00:00
8259.0,1721199600.0,cloamy,2024,0.2244545007739412,0.2078785695069955,18.0,4.5,SMARTER,2,16.710912939112557,15.402500922824796,9.89638188136864,4.71830645976308,4.946033949410441,0.0,,,2024-07-17 07:00:00
8260.0,1721286000.0,cloamy,2024,0.0983693779003991,0.2244545007739412,18.0,4.5,SMARTER,2,0.0,16.710912939112557,8.856197692783795,4.71830645976308,4.89098802480579,0.0,,,2024-07-18 07:00:00
8261.0,1721372400.0,cloamy,2024,0.2032969883514322,0.2244545007739412,18.0,4.5,SMARTER,2,17.244914163088836,16.710912939112557,8.59349226880255,4.71830645976308,4.928881674753751,0.0,,,2024-07-19 07:00:00
8262.0,1721458800.0,cloamy,2024,0.0237444947707296,0.2032969883514322,18.0,4.5,SMARTER,2,0.0,17.244914163088836,6.5994601364997925,4.71830645976308,4.834383158672936,0.0,,,2024-07-20 07:00:00
8263.0,1721545200.0,cloamy,2024,0.0772621227915358,0.2032969883514322,18.0,4.5,SMARTER,2,15.323966135572611,17.244914163088836,6.35886520949269,4.71830645976308,4.811466521641782,0.0,,,2024-07-21 07:00:00
8264.0,1626073200.0,cloamy,2021,0.1933104572369712,0.0,12.0,3.0,SMARTER,1,2.899656858554569,0.0,8.171899400888595,4.71830645976308,4.9131850305149785,0.0,,,2021-07-12 07:00:00
8265.0,1626159600.0,cloamy,2021,0.2499660641379502,0.1933104572369712,12.0,3.0,SMARTER,1,4.329422333780167,2.899656858554569,7.307248568315713,4.71830645976308,4.968272523901031,49.2,,,2021-07-13 07:00:00
8266.0,1626246000.0,cloamy,2021,-0.3337488946004299,0.2499660641379502,12.0,3.0,SMARTER,1,0.0,4.329422333780167,3.7200181370317593,4.71830645976308,4.459999533756612,0.0,,,2021-07-14 07:00:00
8267.0,1626332400.0,cloamy,2021,-0.3829267592921275,-0.3337488946004299,12.0,3.0,SMARTER,1,0.0,0.0,6.588938290136868,4.71830645976308,4.353824927448777,0.0,,,2021-07-15 07:00:00
8268.0,1626418800.0,cloamy,2021,-0.371682897941276,-0.3829267592921275,12.0,3.0,SMARTER,1,0.0,0.0,4.2070949143533625,4.71830645976308,4.346884193508353,10.8,,,2021-07-16 07:00:00
8269.0,1626505200.0,cloamy,2021,-0.4645785718966336,-0.371682897941276,12.0,3.0,SMARTER,1,0.0,0.0,1.7206288405645938,4.71830645976308,4.259986750708761,0.8,,,2021-07-17 07:00:00
8270.0,1626591600.0,cloamy,2021,-0.4884452193473592,-0.4645785718966336,12.0,3.0,SMARTER,1,0.0,0.0,2.339819333016992,4.71830645976308,4.229861240415721,0.0,,,2021-07-18 07:00:00
8271.0,1626678000.0,cloamy,2021,-0.4042302996587143,-0.4884452193473592,12.0,3.0,SMARTER,1,0.0,0.0,5.542148180411579,4.71830645976308,4.314076160104366,0.0,,,2021-07-19 07:00:00
8272.0,1626764400.0,cloamy,2021,-0.2653963154030974,-0.4042302996587143,12.0,3.0,SMARTER,1,0.8698188648581111,0.0,6.336708517861463,4.71830645976308,4.452910144359983,0.0,,,2021-07-20 07:00:00
8273.0,1626850800.0,cloamy,2021,-0.0726150997649517,-0.2653963154030974,12.0,3.0,SMARTER,1,2.9653481532210044,0.8698188648581111,7.723088615724408,4.71830645976308,4.645691359998128,0.0,,,2021-07-21 07:00:00
8274.0,1626937200.0,cloamy,2021,0.0616209728160596,-0.0726150997649517,12.0,3.0,SMARTER,1,4.761043942641319,2.9653481532210044,6.384988487195638,4.71830645976308,4.779927432579139,0.0,,,2021-07-22 07:00:00
8275.0,1627023600.0,cloamy,2021,0.1575592217583963,0.0616209728160596,12.0,3.0,SMARTER,1,6.384980595224548,4.761043942641319,6.724001721462045,4.71830645976308,4.876103620618822,0.0,,,2021-07-23 07:00:00
8276.0,1627110000.0,cloamy,2021,0.1848401703216567,0.1575592217583963,12.0,3.0,SMARTER,1,7.266872488948643,6.384980595224548,6.639604206034317,4.71830645976308,4.91007292548805,0.0,,,2021-07-24 07:00:00
8277.0,1627196400.0,cloamy,2021,0.1561488405763177,0.1848401703216567,12.0,3.0,SMARTER,1,7.391023053733528,7.266872488948643,6.068344799075018,4.71830645976308,4.892574953340989,0.0,,,2021-07-25 07:00:00
8278.0,1627282800.0,cloamy,2021,0.0671939272471152,0.1561488405763177,12.0,3.0,SMARTER,1,6.525145875524444,7.391023053733528,3.7441148307248353,4.71830645976308,4.815548051862064,0.0,,,2021-07-26 07:00:00
8279.0,1627369200.0,cloamy,2021,0.0116211927594303,0.0671939272471152,12.0,3.0,SMARTER,1,5.893136639950516,6.525145875524444,5.25782491390273,4.71830645976308,4.763912611269421,1.0,,,2021-07-27 07:00:00
8280.0,1627455600.0,cloamy,2021,-0.0605833415927379,0.0116211927594303,12.0,3.0,SMARTER,1,4.844932202946284,5.893136639950516,4.067188753317478,4.71830645976308,4.695634567614971,0.0,,,2021-07-28 07:00:00
8281.0,1627542000.0,cloamy,2021,-0.0890131047824605,-0.0605833415927379,12.0,3.0,SMARTER,1,4.236735730322231,4.844932202946284,5.501441403272102,4.71830645976308,4.660772228433062,0.0,,,2021-07-29 07:00:00
8282.0,1627628400.0,cloamy,2021,-0.0689289451145746,-0.0890131047824605,12.0,3.0,SMARTER,1,4.270958810993138,4.236735730322231,7.363960029273559,4.71830645976308,4.670936457055456,0.0,,,2021-07-30 07:00:00
8283.0,1627714800.0,cloamy,2021,-0.0272777968837383,-0.0689289451145746,12.0,3.0,SMARTER,1,4.6889391991119584,4.270958810993138,8.127164249908118,4.71830645976308,4.707208783843881,0.0,,,2021-07-31 07:00:00
8284.0,1627801200.0,cloamy,2021,-0.0036112056849181,-0.0272777968837383,12.0,3.0,SMARTER,1,4.962104676443047,4.6889391991119584,7.011084171391055,4.71830645976308,4.733499405682808,9.0,,,2021-08-01 07:00:00
8285.0,1627887600.0,cloamy,2021,-0.0434562873588992,-0.0036112056849181,12.0,3.0,SMARTER,1,4.353594834278575,4.962104676443047,7.304828236834061,4.71830645976308,4.704438185434105,0.0,,,2021-08-02 07:00:00
8286.0,1627974000.0,cloamy,2021,-0.0440586464992417,-0.0434562873588992,12.0,3.0,SMARTER,1,4.21419058509674,4.353594834278575,7.320018177389831,4.71830645976308,4.696598476813256,0.0,,,2021-08-03 07:00:00
8287.0,1628060400.0,cloamy,2021,-0.0109523929195228,-0.0440586464992417,12.0,3.0,SMARTER,1,4.578608449294797,4.21419058509674,8.239496207860649,4.71830645976308,4.72378543475538,0.0,,,2021-08-04 07:00:00
8288.0,1628146800.0,cloamy,2021,-0.0368417017623656,-0.0109523929195228,12.0,3.0,SMARTER,1,4.157411637893587,4.578608449294797,4.198759507591638,4.71830645976308,4.699893619960257,0.0,,,2021-08-05 07:00:00
8289.0,1628233200.0,cloamy,2021,0.0154131707403314,-0.0368417017623656,12.0,3.0,SMARTER,1,4.830709620146946,4.157411637893587,8.25634687060054,4.71830645976308,4.746453462748084,0.0,,,2021-08-06 07:00:00
8290.0,1628319600.0,cloamy,2021,0.0513015283555115,0.0154131707403314,12.0,3.0,SMARTER,1,5.415274496595641,4.830709620146946,7.823891414052509,4.71830645976308,4.783507974562226,0.0,,,2021-08-07 07:00:00
8291.0,1628406000.0,cloamy,2021,0.0601663588688572,0.0513015283555115,12.0,3.0,SMARTER,1,5.702151539362361,5.415274496595641,6.805842568347599,4.71830645976308,4.796227789877914,0.0,,,2021-08-08 07:00:00
8292.0,1628492400.0,cloamy,2021,0.0788300424622151,0.0601663588688572,12.0,3.0,SMARTER,1,6.162605869869301,5.702151539362361,8.235329351972808,4.71830645976308,4.816813470133538,0.0,,,2021-08-09 07:00:00
8293.0,1656054000.0,cloamy,2022,-0.3327021008855885,0.0,12.0,3.0,SMARTER,1,0.0,0.0,5.717907755951627,4.71830645976308,4.399516561812163,0.0,,,2022-06-24 07:00:00
8294.0,1656140400.0,cloamy,2022,-0.2076307366061126,-0.3327021008855885,12.0,3.0,SMARTER,1,0.8779641615353726,0.0,9.203948870710636,4.71830645976308,4.510675723156967,0.0,,,2022-06-25 07:00:00
8295.0,1656226800.0,cloamy,2022,-0.0782568837916423,-0.2076307366061126,12.0,3.0,SMARTER,1,2.1956797439340896,0.8779641615353726,9.569797117975432,4.71830645976308,4.640049575971438,0.0,,,2022-06-26 07:00:00
8296.0,1656313200.0,cloamy,2022,0.024851839407421,-0.0782568837916423,12.0,3.0,SMARTER,1,3.507539940545113,2.1956797439340896,8.693094774412245,4.71830645976308,4.743158299170501,0.0,,,2022-06-27 07:00:00
8297.0,1656399600.0,cloamy,2022,0.0858248564167556,0.024851839407421,12.0,3.0,SMARTER,1,4.496690713907395,3.507539940545113,7.460713537351751,4.71830645976308,4.804131316179836,1.6,,,2022-06-28 07:00:00
8298.0,1656486000.0,cloamy,2022,0.0395507848215719,0.0858248564167556,12.0,3.0,SMARTER,1,4.060054209229907,4.496690713907395,1.8323231735051733,4.71830645976308,4.760074939628629,0.0,,,2022-06-29 07:00:00
8299.0,1656572400.0,cloamy,2022,0.067789409668227,0.0395507848215719,12.0,3.0,SMARTER,1,4.602285936394449,4.060054209229907,6.425725286268609,4.71830645976308,4.788551781214529,0.0,,,2022-06-30 07:00:00
8300.0,1656658800.0,cloamy,2022,0.1148363481250864,0.067789409668227,12.0,3.0,SMARTER,1,5.5113582422520215,4.602285936394449,8.481182130641368,4.71830645976308,4.8367320520229145,0.0,,,2022-07-01 07:00:00
8301.0,1656745200.0,cloamy,2022,0.1640898891250419,0.1148363481250864,12.0,3.0,SMARTER,1,6.5946704016266136,5.5113582422520215,9.684100900879589,4.71830645976308,4.888654836668942,0.0,,,2022-07-02 07:00:00
8302.0,1656831600.0,cloamy,2022,0.1611947883826958,0.1640898891250419,12.0,3.0,SMARTER,1,7.043513557866548,6.5946704016266136,7.875822878948619,4.71830645976308,4.892907086590861,0.0,,,2022-07-03 07:00:00
8303.0,1656918000.0,cloamy,2022,0.1599172394452587,0.1611947883826958,12.0,3.0,SMARTER,1,7.507934688953078,7.043513557866548,8.846129638751195,4.71830645976308,4.895928076817252,0.0,,,2022-07-04 07:00:00
8304.0,1657004400.0,cloamy,2022,0.1421358668724168,0.1599172394452587,12.0,3.0,SMARTER,1,7.720965818696226,7.507934688953078,8.353871892123982,4.71830645976308,4.884184533996097,0.0,,,2022-07-05 07:00:00
8305.0,1657090800.0,cloamy,2022,0.1126287036647276,0.1421358668724168,12.0,3.0,SMARTER,1,7.704765971198139,7.720965818696226,8.10868026961472,4.71830645976308,4.860153528918357,0.0,,,2022-07-06 07:00:00
8306.0,1657177200.0,cloamy,2022,0.0428499811718578,0.1126287036647276,12.0,3.0,SMARTER,1,6.995971244799274,7.704765971198139,5.27960920736311,4.71830645976308,4.798721841356338,11.6,,,2022-07-07 07:00:00
8307.0,1657263600.0,cloamy,2022,-0.0305263825673552,0.0428499811718578,12.0,3.0,SMARTER,1,6.023875732226651,6.995971244799274,7.275206390354677,4.71830645976308,4.748944470742687,0.0,,,2022-07-08 07:00:00
8308.0,1657350000.0,cloamy,2022,-0.0743543964066652,-0.0305263825673552,12.0,3.0,SMARTER,1,5.274876376934936,6.023875732226651,7.121172904786319,4.71830645976308,4.691386251501931,0.0,,,2022-07-09 07:00:00
8309.0,1657436400.0,cloamy,2022,-0.0619110457922471,-0.0743543964066652,12.0,3.0,SMARTER,1,5.23846344693121,5.274876376934936,7.612583271961939,4.71830645976308,4.69007670169293,0.0,,,2022-07-10 07:00:00
8310.0,1657522800.0,cloamy,2022,-0.0198414003852034,-0.0619110457922471,12.0,3.0,SMARTER,1,5.683774990660125,5.23846344693121,8.472336750464112,4.71830645976308,4.723602362228481,0.0,,,2022-07-11 07:00:00
8311.0,1657609200.0,cloamy,2022,0.0019165437352761,-0.0198414003852034,12.0,3.0,SMARTER,1,5.950619951311709,5.683774990660125,7.487993037508327,4.71830645976308,4.745017334756405,0.0,,,2022-07-12 07:00:00
8312.0,1657695600.0,cloamy,2022,-0.0143857527943227,0.0019165437352761,12.0,3.0,SMARTER,1,5.711835134573554,5.950619951311709,5.439558555641069,4.71830645976308,4.732331716675258,0.0,,,2022-07-13 07:00:00
8313.0,1657782000.0,cloamy,2022,0.0265345692456734,-0.0143857527943227,12.0,3.0,SMARTER,1,6.282482706790529,5.711835134573554,8.254676604732598,4.71830645976308,4.769049789801999,0.0,,,2022-07-14 07:00:00
8314.0,1657868400.0,cloamy,2022,0.0866980078579469,0.0265345692456734,12.0,3.0,SMARTER,1,7.264537993711652,6.282482706790529,9.447916516172471,4.71830645976308,4.828108645043397,0.0,,,2022-07-15 07:00:00
8315.0,1657954800.0,cloamy,2022,0.1166736541451059,0.0866980078579469,12.0,3.0,SMARTER,1,7.974266711592878,7.264537993711652,8.968687582898376,4.71830645976308,4.862429352006051,0.0,,,2022-07-16 07:00:00
8316.0,1658041200.0,cloamy,2022,0.1031075720238121,0.1166736541451059,12.0,3.0,SMARTER,1,8.120796442208789,7.974266711592878,7.701644419417017,4.71830645976308,4.856100482629928,0.0,,,2022-07-17 07:00:00
8317.0,1658127600.0,cloamy,2022,0.0742545267707479,0.1031075720238121,12.0,3.0,SMARTER,1,7.997323479484263,8.120796442208789,7.236620092977568,4.71830645976308,4.833658568012007,0.0,,,2022-07-18 07:00:00
8318.0,1658214000.0,cloamy,2022,0.0622286428855276,0.0742545267707479,12.0,3.0,SMARTER,1,8.039698801518202,7.997323479484263,7.976539558735554,4.71830645976308,4.823409777676533,0.0,,,2022-07-19 07:00:00
8319.0,1658300400.0,cloamy,2022,0.0730314493122273,0.0622286428855276,12.0,3.0,SMARTER,1,8.388426826575282,8.039698801518202,9.031637030513592,4.71830645976308,4.834006605809479,0.0,,,2022-07-20 07:00:00
8320.0,1658386800.0,cloamy,2022,0.0661282717522451,0.0730314493122273,12.0,3.0,SMARTER,1,8.503973511112232,8.388426826575282,8.523521442036436,4.71830645976308,4.830152212042435,0.0,,,2022-07-21 07:00:00
8321.0,1687590000.0,cloamy,2023,-0.539084549173886,0.0,12.0,3.0,SMARTER,1,0.0,0.0,6.3387606045021405,4.71830645976308,4.19153461212607,0.0,,,2023-06-24 07:00:00
8322.0,1687676400.0,cloamy,2023,-0.4188834911994428,-0.539084549173886,12.0,3.0,SMARTER,1,0.1857622220949906,0.0,7.077332335884068,4.71830645976308,4.299422968563637,0.0,,,2023-06-25 07:00:00
8323.0,1687762800.0,cloamy,2023,-0.3123599945885031,-0.4188834911994428,12.0,3.0,SMARTER,1,0.5269641976607575,0.1857622220949906,6.229180911248416,4.71830645976308,4.405946465174577,0.0,,,2023-06-26 07:00:00
8324.0,1687849200.0,cloamy,2023,-0.1847465931229608,-0.3123599945885031,12.0,3.0,SMARTER,1,1.5040852358783816,0.5269641976607575,7.717627618312005,4.71830645976308,4.533559866640119,0.0,,,2023-06-27 07:00:00
8325.0,1687935600.0,cloamy,2023,-0.0607437054543343,-0.1847465931229608,12.0,3.0,SMARTER,1,2.8098887715388967,1.5040852358783816,8.190146658736474,4.71830645976308,4.657562754308746,0.0,,,2023-06-28 07:00:00
8326.0,1688022000.0,cloamy,2023,-0.0561281074994957,-0.0607437054543343,12.0,3.0,SMARTER,1,2.6968916244984733,2.8098887715388967,2.6534944981591777,4.71830645976308,4.6621783522635845,0.0,,,2023-06-29 07:00:00
8327.0,1688108400.0,cloamy,2023,0.033338754763401,-0.0561281074994957,12.0,3.0,SMARTER,1,3.8705102359434376,2.6968916244984733,7.811921140444205,4.71830645976308,4.751645214526481,0.0,,,2023-06-30 07:00:00
8328.0,1688194800.0,cloamy,2023,0.0177834599971022,0.033338754763401,12.0,3.0,SMARTER,1,3.73719707873916,3.8705102359434376,2.989408376370308,4.71830645976308,4.736163865903322,0.0,,,2023-07-01 07:00:00
8329.0,1688281200.0,cloamy,2023,0.0116203392023955,0.0177834599971022,12.0,3.0,SMARTER,1,3.698100646809865,3.73719707873916,3.628606534620321,4.71830645976308,4.730773928035438,0.0,,,2023-07-02 07:00:00
8330.0,1688367600.0,cloamy,2023,0.0457584432684254,0.0116203392023955,12.0,3.0,SMARTER,1,4.245033225407501,3.698100646809865,5.9091258835011,4.71830645976308,4.765167950062553,0.0,,,2023-07-03 07:00:00
8331.0,1688454000.0,cloamy,2023,0.0805036542128627,0.0457584432684254,12.0,3.0,SMARTER,1,4.9034867193793366,4.245033225407501,6.621532339824514,4.71830645976308,4.801000554484248,0.0,,,2023-07-04 07:00:00
8332.0,1688540400.0,cloamy,2023,0.0951863341221299,0.0805036542128627,12.0,3.0,SMARTER,1,5.365237880656933,4.9034867193793366,6.395412175418061,4.71830645976308,4.818742346423686,0.0,,,2023-07-05 07:00:00
8333.0,1688626800.0,cloamy,2023,0.1177872616815362,0.0951863341221299,12.0,3.0,SMARTER,1,5.989810796414417,5.365237880656933,7.492344925936937,4.71830645976308,4.843734891328585,5.0,,,2023-07-06 07:00:00
8334.0,1688713200.0,cloamy,2023,0.0376959353605645,0.1177872616815362,12.0,3.0,SMARTER,1,5.141802686644452,5.989810796414417,3.3788724562330463,4.71830645976308,4.776921897771562,0.0,,,2023-07-07 07:00:00
8335.0,1688799600.0,cloamy,2023,0.0365183886663766,0.0376959353605645,12.0,3.0,SMARTER,1,5.237227292313327,5.141802686644452,6.518921569415171,4.71830645976308,4.772498981435792,0.0,,,2023-07-08 07:00:00
8336.0,1688886000.0,cloamy,2023,0.053888424066894,0.0365183886663766,12.0,3.0,SMARTER,1,5.607332989320219,5.237227292313327,7.0675670514600375,4.71830645976308,4.788304135900098,0.0,,,2023-07-09 07:00:00
8337.0,1688972400.0,cloamy,2023,0.0636687556251944,0.053888424066894,12.0,3.0,SMARTER,1,5.915703234895407,5.607332989320219,6.961944041187434,4.71830645976308,4.799706678747962,0.0,,,2023-07-10 07:00:00
8338.0,1689058800.0,cloamy,2023,0.0803584000909553,0.0636687556251944,12.0,3.0,SMARTER,1,6.357054168757404,5.915703234895407,7.523781176422247,4.71830645976308,4.817665030494696,0.0,,,2023-07-11 07:00:00
8339.0,1689145200.0,cloamy,2023,0.0928061977070283,0.0803584000909553,12.0,3.0,SMARTER,1,6.784846333271365,6.357054168757404,7.806608352298979,4.71830645976308,4.83274488626683,0.0,,,2023-07-12 07:00:00
8340.0,1689231600.0,cloamy,2023,0.0934186729145223,0.0928061977070283,12.0,3.0,SMARTER,1,7.07245205450486,6.784846333271365,7.714035948667738,4.71830645976308,4.836511149693068,22.8,,,2023-07-13 07:00:00
8341.0,1689318000.0,cloamy,2023,-0.177759592011663,0.0934186729145223,12.0,3.0,SMARTER,1,3.285034099355647,7.07245205450486,2.9961159428327533,4.71830645976308,4.624499039783809,0.0,,,2023-07-14 07:00:00
8342.0,1689404400.0,cloamy,2023,-0.1955999404786287,-0.177759592011663,12.0,3.0,SMARTER,1,2.484150096316172,3.285034099355647,5.390782029334142,4.71830645976308,4.56696034634884,0.0,,,2023-07-15 07:00:00
8343.0,1689490800.0,cloamy,2023,-0.1255043909235881,-0.1955999404786287,12.0,3.0,SMARTER,1,2.948783518205894,2.484150096316172,7.109056997180415,4.71830645976308,4.609857686096727,0.0,,,2023-07-16 07:00:00
8344.0,1689577200.0,cloamy,2023,-0.054513780441818,-0.1255043909235881,12.0,3.0,SMARTER,1,3.637129502661682,2.948783518205894,6.608581357186508,4.71830645976308,4.672713190198945,0.0,,,2023-07-17 07:00:00
8345.0,1689663600.0,cloamy,2023,0.0309473940056698,-0.054513780441818,12.0,3.0,SMARTER,1,4.755505778048546,3.637129502661682,7.500311698248804,4.71830645976308,4.755264667166502,0.0,,,2023-07-18 07:00:00
8346.0,1689750000.0,cloamy,2023,0.0918945275240268,0.0309473940056698,12.0,3.0,SMARTER,1,5.76255496284091,4.755505778048546,7.063404491828016,4.71830645976308,4.819037311962587,0.0,,,2023-07-19 07:00:00
8347.0,1689836400.0,cloamy,2023,0.1524237462182,0.0918945275240268,12.0,3.0,SMARTER,1,6.946176825825589,5.76255496284091,7.949048805371062,4.71830645976308,4.883874842888856,0.0,,,2023-07-20 07:00:00
8348.0,1689922800.0,cloamy,2023,0.1438345372133489,0.1524237462182,12.0,3.0,SMARTER,1,7.274609929407422,6.946176825825589,6.202164075023188,4.71830645976308,4.883890291641469,0.0,,,2023-07-21 07:00:00
8349.0,1719212400.0,cloamy,2024,-0.7277099686709797,0.0,12.0,3.0,SMARTER,1,0.0,0.0,1.5856569477409397,4.71830645976308,4.011544503075186,5.8,,,2024-06-24 07:00:00
8350.0,1719298800.0,cloamy,2024,-0.7600971887895867,-0.7277099686709797,12.0,3.0,SMARTER,1,0.0,0.0,1.643019943771474,4.71830645976308,3.963930725769115,12.6,,,2024-06-25 07:00:00
8351.0,1719385200.0,cloamy,2024,-0.771227074458572,-0.7600971887895867,12.0,3.0,SMARTER,1,0.0,0.0,3.7360647761286776,4.71830645976308,3.956418239170192,1.0,,,2024-06-26 07:00:00
8352.0,1719471600.0,cloamy,2024,-0.7936887397458832,-0.771227074458572,12.0,3.0,SMARTER,1,0.0,0.0,3.283058105037508,4.71830645976308,3.9263387035691,0.0,,,2024-06-27 07:00:00
8353.0,1719558000.0,cloamy,2024,-0.6803658614957193,-0.7936887397458832,12.0,3.0,SMARTER,1,0.0,0.0,8.105450401178516,4.71830645976308,4.037940598267361,0.0,,,2024-06-28 07:00:00
8354.0,1719644400.0,cloamy,2024,-0.5702120956549183,-0.6803658614957193,12.0,3.0,SMARTER,1,0.0,0.0,6.855392222915658,4.71830645976308,4.148094364108162,0.0,,,2024-06-29 07:00:00
8355.0,1719730800.0,cloamy,2024,-0.4554907658404779,-0.5702120956549183,12.0,3.0,SMARTER,1,0.0,0.0,6.275478723242181,4.71830645976308,4.262815693922603,0.0,,,2024-06-30 07:00:00
8356.0,1719817200.0,cloamy,2024,-0.2771199659992714,-0.4554907658404779,12.0,3.0,SMARTER,1,1.309089700096664,0.0,9.008052630760128,4.71830645976308,4.441186493763809,0.0,,,2024-07-01 07:00:00
8357.0,1719903600.0,cloamy,2024,-0.1576274079975794,-0.2771199659992714,12.0,3.0,SMARTER,1,2.2701181721242287,1.309089700096664,6.40343719338403,4.71830645976308,4.560679051765501,0.0,,,2024-07-02 07:00:00
8358.0,1719990000.0,cloamy,2024,-0.0509314661782871,-0.1576274079975794,12.0,3.0,SMARTER,1,3.397675075420876,2.2701181721242287,6.828302846826217,4.71830645976308,4.667374993584793,0.0,,,2024-07-03 07:00:00
8359.0,1720076400.0,cloamy,2024,-0.0339682069641821,-0.0509314661782871,12.0,3.0,SMARTER,1,3.499329565097589,3.397675075420876,3.501203041998366,4.71830645976308,4.684338252798898,0.0,,,2024-07-04 07:00:00
8360.0,1720162800.0,cloamy,2024,-0.0062500344756766,-0.0339682069641821,12.0,3.0,SMARTER,1,3.813197531532624,3.499329565097589,4.110755932356144,4.71830645976308,4.712056425287404,0.0,,,2024-07-05 07:00:00
8361.0,1720249200.0,cloamy,2024,0.0781400563026553,-0.0062500344756766,12.0,3.0,SMARTER,1,5.060298789780575,3.813197531532624,7.570021332731803,4.71830645976308,4.796446516065736,0.0,,,2024-07-06 07:00:00
8362.0,1720335600.0,cloamy,2024,0.1371412181231863,0.0781400563026553,12.0,3.0,SMARTER,1,6.179736385996505,5.060298789780575,8.236770338981968,4.71830645976308,4.856734528759126,0.0,,,2024-07-07 07:00:00
8363.0,1720422000.0,cloamy,2024,0.0850076409012931,0.1371412181231863,12.0,3.0,SMARTER,1,5.809156382037667,6.179736385996505,3.5751601774979624,4.71830645976308,4.811477155750817,0.0,,,2024-07-08 07:00:00
8364.0,1720508400.0,cloamy,2024,0.0791390264067683,0.0850076409012931,12.0,3.0,SMARTER,1,5.976150087323674,5.809156382037667,6.021523561190189,4.71830645976308,4.808952610245057,1.0,,,2024-07-09 07:00:00
8365.0,1720594800.0,cloamy,2024,0.0719832640158134,0.0791390264067683,12.0,3.0,SMARTER,1,6.106230730679656,5.976150087323674,6.408995121084742,4.71830645976308,4.805380454797059,0.0,,,2024-07-10 07:00:00
8366.0,1720681200.0,cloamy,2024,0.0783580416157503,0.0719832640158134,12.0,3.0,SMARTER,1,6.417802186726148,6.106230730679656,7.100145056634385,4.71830645976308,4.813537454521742,0.0,,,2024-07-11 07:00:00
8367.0,1720767600.0,cloamy,2024,0.1043422757557914,0.0783580416157503,12.0,3.0,SMARTER,1,7.042639823674016,6.417802186726148,8.417233027045325,4.71830645976308,4.841246324170257,0.0,,,2024-07-12 07:00:00
8368.0,1720854000.0,cloamy,2024,0.1389601396227347,0.1043422757557914,12.0,3.0,SMARTER,1,7.87493460894554,7.042639823674016,9.478835789843243,4.71830645976308,4.878203740747952,0.0,,,2024-07-13 07:00:00
8369.0,1720940400.0,cloamy,2024,0.1385219413601906,0.1389601396227347,12.0,3.0,SMARTER,1,8.285242053875583,7.87493460894554,8.65408688020589,4.71830645976308,4.883961237409272,0.0,,,2024-07-14 07:00:00
8370.0,1721026800.0,cloamy,2024,0.1180280636109931,0.1385219413601906,12.0,3.0,SMARTER,1,8.393399711718192,8.285242053875583,8.038553013013921,4.71830645976308,4.870136636334849,0.0,,,2024-07-15 07:00:00
8371.0,1721113200.0,cloamy,2024,0.0963457808975476,0.1180280636109931,12.0,3.0,SMARTER,1,8.42224966184949,8.393399711718192,8.079175888672749,4.71830645976308,4.8536514654743215,0.0,,,2024-07-16 07:00:00
8372.0,1721199600.0,cloamy,2024,0.1128353007753575,0.0963457808975476,12.0,3.0,SMARTER,1,8.95862980270928,8.42224966184949,9.89638188136864,4.71830645976308,4.870268776880891,0.0,,,2024-07-17 07:00:00
8373.0,1721286000.0,cloamy,2024,0.0973110671237928,0.1128353007753575,12.0,3.0,SMARTER,1,9.064272200261884,8.95862980270928,8.856197692783795,4.71830645976308,4.860220833164074,0.0,,,2024-07-18 07:00:00
8374.0,1721372400.0,cloamy,2024,0.0717785540563127,0.0973110671237928,12.0,3.0,SMARTER,1,8.973217705621058,9.064272200261884,8.59349226880255,4.71830645976308,4.839673718244117,0.0,,,2024-07-19 07:00:00
8375.0,1721458800.0,cloamy,2024,0.0084772764737438,0.0717785540563127,12.0,3.0,SMARTER,1,8.239034204051462,8.973217705621058,6.5994601364997925,4.71830645976308,4.784771359798866,0.0,,,2024-07-20 07:00:00
8376.0,1721545200.0,cloamy,2024,-0.0491867423365751,0.0084772764737438,12.0,3.0,SMARTER,1,7.39950575131791,8.239034204051462,6.35886520949269,4.71830645976308,4.7295305501941165,0.0,,,2024-07-21 07:00:00
,1625986800.0,cloamy,2021,0.1540847297511718,,-999.0,-999.0,GBRT,1,7.668275895436537,,7.909412676835701,4.71830645976308,4.872391189514252,0.0,0.1540847297511718,0.0,2021-07-11 07:00:00
,1626073200.0,cloamy,2021,0.1731616284754203,,-999.0,-999.0,GBRT,1,9.420389526073128,,8.171899400888595,4.71830645976308,4.891468088238501,0.0,0.1731616284754203,7.668275895436537,2021-07-12 07:00:00
,1626159600.0,cloamy,2021,0.1370237070483568,,-999.0,-999.0,GBRT,1,9.007042266974992,,7.307248568315713,4.71830645976308,4.855330166811437,49.2,0.1370237070483568,9.420389526073128,2021-07-13 07:00:00
,1626246000.0,cloamy,2021,-0.4339704938697333,,-999.0,-999.0,GBRT,1,6.373339837475764,,3.7200181370317593,4.71830645976308,4.284335965893347,0.0,-0.4339704938697333,9.007042266974992,2021-07-14 07:00:00
,1626332400.0,cloamy,2021,-0.6527566523446066,,-999.0,-999.0,GBRT,1,10.839986680442964,,6.588938290136868,4.71830645976308,4.065549807418473,0.0,-0.6527566523446066,6.373339837475764,2021-07-15 07:00:00
,1626418800.0,cloamy,2021,-0.7794445471243379,,-999.0,-999.0,GBRT,1,0.0,,4.2070949143533625,4.71830645976308,3.9388619126387434,10.8,-0.7794445471243379,10.839986680442964,2021-07-16 07:00:00
,1626505200.0,cloamy,2021,-0.9374474859192224,,-999.0,-999.0,GBRT,1,0.0,,1.7206288405645938,4.71830645976308,3.780858973843858,0.8,-0.9374474859192224,0.0,2021-07-17 07:00:00
,1626591600.0,cloamy,2021,-1.0332280067537862,,-999.0,-999.0,GBRT,1,0.0,,2.339819333016992,4.71830645976308,3.685078453009294,0.0,-1.0332280067537862,0.0,2021-07-18 07:00:00
,1626678000.0,cloamy,2021,-1.0298030541297567,,-999.0,-999.0,GBRT,1,0.0,,5.542148180411579,4.71830645976308,3.688503405633324,0.0,-1.0298030541297567,0.0,2021-07-19 07:00:00
,1626764400.0,cloamy,2021,-0.9210332295288344,,-999.0,-999.0,GBRT,1,0.0,,6.336708517861463,4.71830645976308,3.797273230234246,0.0,-0.9210332295288344,0.0,2021-07-20 07:00:00
,1626850800.0,cloamy,2021,-0.7252887481344793,,-999.0,-999.0,GBRT,1,0.0,,7.723088615724408,4.71830645976308,3.993017711628601,0.0,-0.7252887481344793,0.0,2021-07-21 07:00:00
,1626937200.0,cloamy,2021,-0.5416111992183874,,-999.0,-999.0,GBRT,1,0.0,,6.384988487195638,4.71830645976308,4.176695260544693,0.0,-0.5416111992183874,0.0,2021-07-22 07:00:00
,1627023600.0,cloamy,2021,-0.3276342268818087,,-999.0,-999.0,GBRT,1,0.0,,6.724001721462045,4.71830645976308,4.390672232881272,0.0,-0.3276342268818087,0.0,2021-07-23 07:00:00
,1627110000.0,cloamy,2021,-0.1066101204022836,,-999.0,-999.0,GBRT,1,6.122640871866816,,6.639604206034317,4.71830645976308,4.611696339360797,0.0,-0.1066101204022836,0.0,2021-07-24 07:00:00
,1627196400.0,cloamy,2021,-0.0155611927044043,,-999.0,-999.0,GBRT,1,7.162630730647262,,6.068344799075018,4.71830645976308,4.702745267058676,0.0,-0.0155611927044043,6.122640871866816,2021-07-25 07:00:00
,1627282800.0,cloamy,2021,-0.0248798651454679,,-999.0,-999.0,GBRT,1,11.057680530857349,,3.7441148307248353,4.71830645976308,4.693426594617613,0.0,-0.0248798651454679,7.162630730647262,2021-07-26 07:00:00
,1627369200.0,cloamy,2021,-0.055958363634992,,-999.0,-999.0,GBRT,1,7.2457086590436655,,5.25782491390273,4.71830645976308,4.662348096128088,1.0,-0.055958363634992,11.057680530857349,2021-07-27 07:00:00
,1627455600.0,cloamy,2021,-0.1090632957138056,,-999.0,-999.0,GBRT,1,7.4432574552095,,4.067188753317478,4.71830645976308,4.609243164049275,0.0,-0.1090632957138056,7.2457086590436655,2021-07-28 07:00:00
,1627542000.0,cloamy,2021,-0.1216775337127559,,-999.0,-999.0,GBRT,1,7.439991966157071,,5.501441403272102,4.71830645976308,4.596628926050324,0.0,-0.1216775337127559,7.4432574552095,2021-07-29 07:00:00
,1627628400.0,cloamy,2021,-0.0925542042049725,,-999.0,-999.0,GBRT,1,7.439991966157071,,7.363960029273559,4.71830645976308,4.625752255558107,0.0,-0.0925542042049725,7.439991966157071,2021-07-30 07:00:00
,1627714800.0,cloamy,2021,-0.0586606862777585,,-999.0,-999.0,GBRT,1,7.439991966157071,,8.127164249908118,4.71830645976308,4.659645773485321,0.0,-0.0586606862777585,7.439991966157071,2021-07-31 07:00:00
,1627801200.0,cloamy,2021,-0.0563750055601429,,-999.0,-999.0,GBRT,1,7.420946134729949,,7.011084171391055,4.71830645976308,4.6619314542029375,9.0,-0.0563750055601429,7.439991966157071,2021-08-01 07:00:00
,1627887600.0,cloamy,2021,-0.1036020528531635,,-999.0,-999.0,GBRT,1,7.240942619101662,,7.304828236834061,4.71830645976308,4.614704406909917,0.0,-0.1036020528531635,7.420946134729949,2021-08-02 07:00:00
,1627974000.0,cloamy,2021,-0.1315155045421258,,-999.0,-999.0,GBRT,1,6.904790892888673,,7.320018177389831,4.71830645976308,4.5867909552209545,0.0,-0.1315155045421258,7.240942619101662,2021-08-03 07:00:00
,1628060400.0,cloamy,2021,-0.1234795649516151,,-999.0,-999.0,GBRT,1,6.799837663983879,,8.239496207860649,4.71830645976308,4.594826894811465,0.0,-0.1234795649516151,6.904790892888673,2021-08-04 07:00:00
,1628146800.0,cloamy,2021,-0.177153213575491,,-999.0,-999.0,GBRT,1,7.139056068568236,,4.198759507591638,4.71830645976308,4.541153246187589,0.0,-0.177153213575491,6.799837663983879,2021-08-05 07:00:00
,1628233200.0,cloamy,2021,-0.1459499594126981,,-999.0,-999.0,GBRT,1,7.104446797253173,,8.25634687060054,4.71830645976308,4.572356500350382,0.0,-0.1459499594126981,7.139056068568236,2021-08-06 07:00:00
,1628319600.0,cloamy,2021,-0.1247955518966427,,-999.0,-999.0,GBRT,1,7.439991966157071,,7.823891414052509,4.71830645976308,4.593510907866437,0.0,-0.1247955518966427,7.104446797253173,2021-08-07 07:00:00
,1628406000.0,cloamy,2021,-0.1271455994192906,,-999.0,-999.0,GBRT,1,7.439991966157071,,6.805842568347599,4.71830645976308,4.5911608603437895,0.0,-0.1271455994192906,7.439991966157071,2021-08-08 07:00:00
,1628492400.0,cloamy,2021,-0.1039041928903455,,-999.0,-999.0,GBRT,1,7.439991966157071,,8.235329351972808,4.71830645976308,4.614402266872735,0.0,-0.1039041928903455,7.439991966157071,2021-08-09 07:00:00
,1625986800.0,cloamy,2021,0.1540847297511718,,-999.0,-999.0,GBRT,2,24.0,,7.909412676835701,4.71830645976308,4.872391189514252,0.0,0.1540847297511718,0.0,2021-07-11 07:00:00
,1626073200.0,cloamy,2021,0.0219636705393631,,-1.0,-1.0,GBRT,2,0.0,,8.171899400888595,4.71830645976308,4.740270130302443,0.0,0.0219636705393631,24.0,2021-07-12 07:00:00
,1626159600.0,cloamy,2021,-0.0330074118702717,,-999.0,-999.0,GBRT,2,18.32159464131129,,7.307248568315713,4.71830645976308,4.6852990478928085,49.2,-0.0330074118702717,0.0,2021-07-13 07:00:00
,1626246000.0,cloamy,2021,-0.6310434386047128,,-1.0,-1.0,GBRT,2,0.0,,3.7200181370317593,4.71830645976308,4.087263021158368,0.0,-0.6310434386047128,18.32159464131129,2021-07-14 07:00:00
,1626332400.0,cloamy,2021,-0.8668356218471877,,-999.0,-999.0,GBRT,2,0.0,,6.588938290136868,4.71830645976308,3.8514708379158926,0.0,-0.8668356218471877,0.0,2021-07-15 07:00:00
,1626418800.0,cloamy,2021,-0.9229861109805984,,-1.0,-1.0,GBRT,2,0.0,,4.2070949143533625,4.71830645976308,3.795320348782482,10.8,-0.9229861109805984,0.0,2021-07-16 07:00:00
,1626505200.0,cloamy,2021,-1.0148130273428366,,-999.0,-999.0,GBRT,2,0.0,,1.7206288405645938,4.71830645976308,3.703493432420244,0.8,-1.0148130273428366,0.0,2021-07-17 07:00:00
,1626591600.0,cloamy,2021,-1.0722673442079127,,-1.0,-1.0,GBRT,2,0.0,,2.339819333016992,4.71830645976308,3.646039115555168,0.0,-1.0722673442079127,0.0,2021-07-18 07:00:00
,1626678000.0,cloamy,2021,-1.016852319791342,,-999.0,-999.0,GBRT,2,0.0,,5.542148180411579,4.71830645976308,3.701454139971738,0.0,-1.016852319791342,0.0,2021-07-19 07:00:00
,1626764400.0,cloamy,2021,-0.8755776585926429,,-1.0,-1.0,GBRT,2,0.0,,6.336708517861463,4.71830645976308,3.842728801170437,0.0,-0.8755776585926429,0.0,2021-07-20 07:00:00
,1626850800.0,cloamy,2021,-0.666907101041307,,-999.0,-999.0,GBRT,2,0.0,,7.723088615724408,4.71830645976308,4.051399358721773,0.0,-0.666907101041307,0.0,2021-07-21 07:00:00
,1626937200.0,cloamy,2021,-0.4717174109012085,,-1.0,-1.0,GBRT,2,0.0,,6.384988487195638,4.71830645976308,4.246589048861872,0.0,-0.4717174109012085,0.0,2021-07-22 07:00:00
,1627023600.0,cloamy,2021,-0.2465832254014917,,-999.0,-999.0,GBRT,2,0.0,,6.724001721462045,4.71830645976308,4.471723234361589,0.0,-0.2465832254014917,0.0,2021-07-23 07:00:00
,1627110000.0,cloamy,2021,-0.0176749566214757,,-1.0,-1.0,GBRT,2,0.0,,6.639604206034317,4.71830645976308,4.700631503141604,0.0,-0.0176749566214757,0.0,2021-07-24 07:00:00
,1627196400.0,cloamy,2021,0.179988407282231,,-999.0,-999.0,GBRT,2,23.99163369958889,,6.068344799075018,4.71830645976308,4.898294867045311,0.0,0.179988407282231,0.0,2021-07-25 07:00:00
,1627282800.0,cloamy,2021,-0.0616292176322502,,-1.0,-1.0,GBRT,2,0.0,,3.7441148307248353,4.71830645976308,4.65667724213083,0.0,-0.0616292176322502,23.99163369958889,2021-07-26 07:00:00
,1627369200.0,cloamy,2021,-0.0410771796414262,,-999.0,-999.0,GBRT,2,17.023129597560132,,5.25782491390273,4.71830645976308,4.677229280121654,1.0,-0.0410771796414262,0.0,2021-07-27 07:00:00
,1627455600.0,cloamy,2021,-0.1435770401568043,,-1.0,-1.0,GBRT,2,0.0,,4.067188753317478,4.71830645976308,4.574729419606276,0.0,-0.1435770401568043,17.023129597560132,2021-07-28 07:00:00
,1627542000.0,cloamy,2021,-0.1450281834423273,,-999.0,-999.0,GBRT,2,24.0,,5.501441403272102,4.71830645976308,4.573278276320753,0.0,-0.1450281834423273,0.0,2021-07-29 07:00:00
,1627628400.0,cloamy,2021,-0.2030831663859617,,-1.0,-1.0,GBRT,2,0.0,,7.363960029273559,4.71830645976308,4.515223293377119,0.0,-0.2030831663859617,24.0,2021-07-30 07:00:00
,1627714800.0,cloamy,2021,-0.2363368955745548,,-999.0,-999.0,GBRT,2,24.0,,8.127164249908118,4.71830645976308,4.4819695641885255,0.0,-0.2363368955745548,0.0,2021-07-31 07:00:00
,1627801200.0,cloamy,2021,-0.3145565031022514,,-1.0,-1.0,GBRT,2,0.0,,7.011084171391055,4.71830645976308,4.403749956660829,9.0,-0.3145565031022514,24.0,2021-08-01 07:00:00
,1627887600.0,cloamy,2021,-0.4581622724522472,,-999.0,-999.0,GBRT,2,18.76219858390175,,7.304828236834061,4.71830645976308,4.260144187310833,0.0,-0.4581622724522472,0.0,2021-08-02 07:00:00
,1627974000.0,cloamy,2021,-0.5256834147513082,,-1.0,-1.0,GBRT,2,0.0,,7.320018177389831,4.71830645976308,4.192623045011772,0.0,-0.5256834147513082,18.76219858390175,2021-08-03 07:00:00
,1628060400.0,cloamy,2021,-0.5711514672255986,,-999.0,-999.0,GBRT,2,17.14718259703265,,8.239496207860649,4.71830645976308,4.147154992537482,0.0,-0.5711514672255986,0.0,2021-08-04 07:00:00
,1628146800.0,cloamy,2021,-0.6387992002463502,,-1.0,-1.0,GBRT,2,0.0,,4.198759507591638,4.71830645976308,4.07950725951673,0.0,-0.6387992002463502,17.14718259703265,2021-08-05 07:00:00
,1628233200.0,cloamy,2021,-0.634422077269283,,-999.0,-999.0,GBRT,2,20.348402981881527,,8.25634687060054,4.71830645976308,4.083884382493797,0.0,-0.634422077269283,0.0,2021-08-06 07:00:00
,1628319600.0,cloamy,2021,-0.6253580989743479,,-1.0,-1.0,GBRT,2,0.0,,7.823891414052509,4.71830645976308,4.092948360788732,0.0,-0.6253580989743479,20.348402981881527,2021-08-07 07:00:00
,1628406000.0,cloamy,2021,-0.6567508249274595,,-999.0,-999.0,GBRT,2,20.348402981881527,,6.805842568347599,4.71830645976308,4.061555634835621,0.0,-0.6567508249274595,0.0,2021-08-08 07:00:00
,1628492400.0,cloamy,2021,-0.6422486224405353,,-1.0,-1.0,GBRT,2,0.0,,8.235329351972808,4.71830645976308,4.076057837322545,0.0,-0.6422486224405353,20.348402981881527,2021-08-09 07:00:00
,1625986800.0,cloamy,2021,0.1540847297511718,,-999.0,-999.0,GBRT,3,36.0,,7.909412676835701,4.71830645976308,4.872391189514252,0.0,0.1540847297511718,0.0,2021-07-11 07:00:00
,1626073200.0,cloamy,2021,-0.0586132456738193,,-1.0,-1.0,GBRT,3,0.0,,8.171899400888595,4.71830645976308,4.659693214089261,0.0,-0.0586132456738193,36.0,2021-07-12 07:00:00
,1626159600.0,cloamy,2021,-0.2249333188208376,,-1.0,-1.0,GBRT,3,0.0,,7.307248568315713,4.71830645976308,4.493373140942243,49.2,-0.2249333188208376,0.0,2021-07-13 07:00:00
,1626246000.0,cloamy,2021,-0.665919541271477,,-999.0,-999.0,GBRT,3,18.42073824746678,,3.7200181370317593,4.71830645976308,4.052386918491603,0.0,-0.665919541271477,0.0,2021-07-14 07:00:00
,1626332400.0,cloamy,2021,-0.8746427652950682,,-1.0,-1.0,GBRT,3,0.0,,6.588938290136868,4.71830645976308,3.843663694468012,0.0,-0.8746427652950682,18.42073824746678,2021-07-15 07:00:00
,1626418800.0,cloamy,2021,-1.0023193558572243,,-1.0,-1.0,GBRT,3,0.0,,4.2070949143533625,4.71830645976308,3.715987103905856,10.8,-1.0023193558572243,0.0,2021-07-16 07:00:00
,1626505200.0,cloamy,2021,-1.1271252574029835,,-999.0,-999.0,GBRT,3,0.0,,1.7206288405645938,4.71830645976308,3.591181202360097,0.8,-1.1271252574029835,0.0,2021-07-17 07:00:00
,1626591600.0,cloamy,2021,-1.2115197107583893,,-1.0,-1.0,GBRT,3,0.0,,2.339819333016992,4.71830645976308,3.506786749004691,0.0,-1.2115197107583893,0.0,2021-07-18 07:00:00
,1626678000.0,cloamy,2021,-1.1966979758938814,,-1.0,-1.0,GBRT,3,0.0,,5.542148180411579,4.71830645976308,3.521608483869199,0.0,-1.1966979758938814,0.0,2021-07-19 07:00:00
,1626764400.0,cloamy,2021,-1.0794418366814589,,-999.0,-999.0,GBRT,3,0.0,,6.336708517861463,4.71830645976308,3.6388646230816217,0.0,-1.0794418366814589,0.0,2021-07-20 07:00:00
,1626850800.0,cloamy,2021,-0.8790313502872131,,-1.0,-1.0,GBRT,3,0.0,,7.723088615724408,4.71830645976308,3.8392751094758673,0.0,-0.8790313502872131,0.0,2021-07-21 07:00:00
,1626937200.0,cloamy,2021,-0.6931446115204368,,-1.0,-1.0,GBRT,3,0.0,,6.384988487195638,4.71830645976308,4.025161848242644,0.0,-0.6931446115204368,0.0,2021-07-22 07:00:00
,1627023600.0,cloamy,2021,-0.4768458447424441,,-999.0,-999.0,GBRT,3,0.0,,6.724001721462045,4.71830645976308,4.241460615020636,0.0,-0.4768458447424441,0.0,2021-07-23 07:00:00
,1627110000.0,cloamy,2021,-0.2499915862194144,,-1.0,-1.0,GBRT,3,0.0,,6.639604206034317,4.71830645976308,4.468314873543666,0.0,-0.2499915862194144,0.0,2021-07-24 07:00:00
,1627196400.0,cloamy,2021,-0.0378353692196916,,-1.0,-1.0,GBRT,3,0.0,,6.068344799075018,4.71830645976308,4.680471090543389,0.0,-0.0378353692196916,0.0,2021-07-25 07:00:00
,1627282800.0,cloamy,2021,0.0953041299653628,,-999.0,-999.0,GBRT,3,36.0,,3.7441148307248353,4.71830645976308,4.813610589728443,0.0,0.0953041299653628,0.0,2021-07-26 07:00:00
,1627369200.0,cloamy,2021,-0.2158575667456964,,-1.0,-1.0,GBRT,3,0.0,,5.25782491390273,4.71830645976308,4.502448893017384,1.0,-0.2158575667456964,36.0,2021-07-27 07:00:00
,1627455600.0,cloamy,2021,-0.3165815090034108,,-1.0,-1.0,GBRT,3,0.0,,4.067188753317478,4.71830645976308,4.40172495075967,0.0,-0.3165815090034108,0.0,2021-07-28 07:00:00
,1627542000.0,cloamy,2021,-0.2459306562540778,,-999.0,-999.0,GBRT,3,33.18446500221133,,5.501441403272102,4.71830645976308,4.472375803509002,0.0,-0.2459306562540778,0.0,2021-07-29 07:00:00
,1627628400.0,cloamy,2021,-0.3255529580454189,,-1.0,-1.0,GBRT,3,0.0,,7.363960029273559,4.71830645976308,4.392753501717661,0.0,-0.3255529580454189,33.18446500221133,2021-07-30 07:00:00
,1627714800.0,cloamy,2021,-0.3913511474015419,,-1.0,-1.0,GBRT,3,0.0,,8.127164249908118,4.71830645976308,4.326955312361538,0.0,-0.3913511474015419,0.0,2021-07-31 07:00:00
,1627801200.0,cloamy,2021,-0.3479346439460679,,-999.0,-999.0,GBRT,3,36.0,,7.011084171391055,4.71830645976308,4.370371815817013,9.0,-0.3479346439460679,0.0,2021-08-01 07:00:00
,1627887600.0,cloamy,2021,-0.478419681702002,,-1.0,-1.0,GBRT,3,0.0,,7.304828236834061,4.71830645976308,4.239886778061078,0.0,-0.478419681702002,36.0,2021-08-02 07:00:00
,1627974000.0,cloamy,2021,-0.6498760107269003,,-1.0,-1.0,GBRT,3,0.0,,7.320018177389831,4.71830645976308,4.06843044903618,0.0,-0.6498760107269003,0.0,2021-08-03 07:00:00
,1628060400.0,cloamy,2021,-0.6423507635951751,,-999.0,-999.0,GBRT,3,32.29189213772779,,8.239496207860649,4.71830645976308,4.075955696167905,0.0,-0.6423507635951751,0.0,2021-08-04 07:00:00
,1628146800.0,cloamy,2021,-0.7244370226358418,,-1.0,-1.0,GBRT,3,0.0,,4.198759507591638,4.71830645976308,3.9938694371272394,0.0,-0.7244370226358418,32.29189213772779,2021-08-05 07:00:00
,1628233200.0,cloamy,2021,-0.7942530387205439,,-1.0,-1.0,GBRT,3,0.0,,8.25634687060054,4.71830645976308,3.9240534210425366,0.0,-0.7942530387205439,0.0,2021-08-06 07:00:00
,1628319600.0,cloamy,2021,-0.7720357841797079,,-999.0,-999.0,GBRT,3,36.0,,7.823891414052509,4.71830645976308,3.946270675583373,0.0,-0.7720357841797079,0.0,2021-08-07 07:00:00
,1628406000.0,cloamy,2021,-0.8003210149202495,,-1.0,-1.0,GBRT,3,0.0,,6.805842568347599,4.71830645976308,3.917985444842831,0.0,-0.8003210149202495,36.0,2021-08-08 07:00:00
,1628492400.0,cloamy,2021,-0.8696844255872977,,-1.0,-1.0,GBRT,3,0.0,,8.235329351972808,4.71830645976308,3.8486220341757824,0.0,-0.8696844255872977,0.0,2021-08-09 07:00:00
,1625986800.0,cloamy,2021,0.1540847297511718,,-999.0,-999.0,GBRT,5,60.0,,7.909412676835701,4.71830645976308,4.872391189514252,0.0,0.1540847297511718,0.0,2021-07-11 07:00:00
,1626073200.0,cloamy,2021,-0.1519443264596924,,-1.0,-1.0,GBRT,5,0.0,,8.171899400888595,4.71830645976308,4.566362133303388,0.0,-0.1519443264596924,60.0,2021-07-12 07:00:00
,1626159600.0,cloamy,2021,-0.5225146071155945,,-1.0,-1.0,GBRT,5,0.0,,7.307248568315713,4.71830645976308,4.195791852647486,49.2,-0.5225146071155945,0.0,2021-07-13 07:00:00
,1626246000.0,cloamy,2021,-0.9693921228610112,,-1.0,-1.0,GBRT,5,0.0,,3.7200181370317593,4.71830645976308,3.748914336902069,0.0,-0.9693921228610112,0.0,2021-07-14 07:00:00
,1626332400.0,cloamy,2021,-1.121560677681001,,-1.0,-1.0,GBRT,5,0.0,,6.588938290136868,4.71830645976308,3.5967457820820794,0.0,-1.121560677681001,0.0,2021-07-15 07:00:00
,1626418800.0,cloamy,2021,-1.1835654043794377,,-999.0,-999.0,GBRT,5,0.0,,4.2070949143533625,4.71830645976308,3.534741055383643,10.8,-1.1835654043794377,0.0,2021-07-16 07:00:00
,1626505200.0,cloamy,2021,-1.2555436125905173,,-1.0,-1.0,GBRT,5,0.0,,1.7206288405645938,4.71830645976308,3.462762847172563,0.8,-1.2555436125905173,0.0,2021-07-17 07:00:00
,1626591600.0,cloamy,2021,-1.2983838050160272,,-1.0,-1.0,GBRT,5,0.0,,2.339819333016992,4.71830645976308,3.419922654747053,0.0,-1.2983838050160272,0.0,2021-07-18 07:00:00
,1626678000.0,cloamy,2021,-1.2521504238554064,,-1.0,-1.0,GBRT,5,0.0,,5.542148180411579,4.71830645976308,3.466156035907674,0.0,-1.2521504238554064,0.0,2021-07-19 07:00:00
,1626764400.0,cloamy,2021,-1.109316826055836,,-1.0,-1.0,GBRT,5,0.0,,6.336708517861463,4.71830645976308,3.608989633707244,0.0,-1.109316826055836,0.0,2021-07-20 07:00:00
,1626850800.0,cloamy,2021,-0.9010112701871326,,-999.0,-999.0,GBRT,5,0.0,,7.723088615724408,4.71830645976308,3.817295189575948,0.0,-0.9010112701871326,0.0,2021-07-21 07:00:00
,1626937200.0,cloamy,2021,-0.709786506619715,,-1.0,-1.0,GBRT,5,0.0,,6.384988487195638,4.71830645976308,4.008519953143365,0.0,-0.709786506619715,0.0,2021-07-22 07:00:00
,1627023600.0,cloamy,2021,-0.4870653683292401,,-1.0,-1.0,GBRT,5,0.0,,6.724001721462045,4.71830645976308,4.23124109143384,0.0,-0.4870653683292401,0.0,2021-07-23 07:00:00
,1627110000.0,cloamy,2021,-0.2525965495227792,,-1.0,-1.0,GBRT,5,0.0,,6.639604206034317,4.71830645976308,4.465709910240301,0.0,-0.2525965495227792,0.0,2021-07-24 07:00:00
,1627196400.0,cloamy,2021,-0.0368367405349522,,-1.0,-1.0,GBRT,5,0.0,,6.068344799075018,4.71830645976308,4.681469719228128,0.0,-0.0368367405349522,0.0,2021-07-25 07:00:00
,1627282800.0,cloamy,2021,0.0954263890630338,,-999.0,-999.0,GBRT,5,53.37614154670489,,3.7441148307248353,4.71830645976308,4.813732848826114,0.0,0.0954263890630338,0.0,2021-07-26 07:00:00
,1627369200.0,cloamy,2021,-0.3448064869958077,,-1.0,-1.0,GBRT,5,0.0,,5.25782491390273,4.71830645976308,4.373499972767273,1.0,-0.3448064869958077,53.37614154670489,2021-07-27 07:00:00
,1627455600.0,cloamy,2021,-0.5778758661080041,,-1.0,-1.0,GBRT,5,0.0,,4.067188753317478,4.71830645976308,4.1404305936550765,0.0,-0.5778758661080041,0.0,2021-07-28 07:00:00
,1627542000.0,cloamy,2021,-0.5737133574526695,,-1.0,-1.0,GBRT,5,0.0,,5.501441403272102,4.71830645976308,4.144593102310411,0.0,-0.5737133574526695,0.0,2021-07-29 07:00:00
,1627628400.0,cloamy,2021,-0.442915141195831,,-1.0,-1.0,GBRT,5,0.0,,7.363960029273559,4.71830645976308,4.275391318567249,0.0,-0.442915141195831,0.0,2021-07-30 07:00:00
,1627714800.0,cloamy,2021,-0.2338609271895713,,-999.0,-999.0,GBRT,5,51.01705443452972,,8.127164249908118,4.71830645976308,4.484445532573509,0.0,-0.2338609271895713,0.0,2021-07-31 07:00:00
,1627801200.0,cloamy,2021,-0.4135390680706758,,-1.0,-1.0,GBRT,5,0.0,,7.011084171391055,4.71830645976308,4.304767391692405,9.0,-0.4135390680706758,51.01705443452972,2021-08-01 07:00:00
,1627887600.0,cloamy,2021,-0.6605540565073422,,-1.0,-1.0,GBRT,5,0.0,,7.304828236834061,4.71830645976308,4.057752403255738,0.0,-0.6605540565073422,0.0,2021-08-02 07:00:00
,1627974000.0,cloamy,2021,-0.6960553401401707,,-1.0,-1.0,GBRT,5,0.0,,7.320018177389831,4.71830645976308,4.02225111962291,0.0,-0.6960553401401707,0.0,2021-08-03 07:00:00
,1628060400.0,cloamy,2021,-0.6143928704050811,,-1.0,-1.0,GBRT,5,0.0,,8.239496207860649,4.71830645976308,4.103913589357999,0.0,-0.6143928704050811,0.0,2021-08-04 07:00:00
,1628146800.0,cloamy,2021,-0.5326955098235753,,-999.0,-999.0,GBRT,5,57.14981752850209,,4.198759507591638,4.71830645976308,4.185610949939505,0.0,-0.5326955098235753,0.0,2021-08-05 07:00:00
,1628233200.0,cloamy,2021,-0.6157640531459918,,-1.0,-1.0,GBRT,5,0.0,,8.25634687060054,4.71830645976308,4.102542406617088,0.0,-0.6157640531459918,57.14981752850209,2021-08-06 07:00:00
,1628319600.0,cloamy,2021,-0.804054649519683,,-1.0,-1.0,GBRT,5,0.0,,7.823891414052509,4.71830645976308,3.914251810243397,0.0,-0.804054649519683,0.0,2021-08-07 07:00:00
,1628406000.0,cloamy,2021,-0.8551245140684957,,-1.0,-1.0,GBRT,5,0.0,,6.805842568347599,4.71830645976308,3.863181945694584,0.0,-0.8551245140684957,0.0,2021-08-08 07:00:00
,1628492400.0,cloamy,2021,-0.7933341174520205,,-1.0,-1.0,GBRT,5,0.0,,8.235329351972808,4.71830645976308,3.92497234231106,0.0,-0.7933341174520205,0.0,2021-08-09 07:00:00
,1625986800.0,cloamy,2021,0.1540847297511718,,-999.0,-999.0,GBRT,7,84.0,,7.909412676835701,4.71830645976308,4.872391189514252,0.0,0.1540847297511718,0.0,2021-07-11 07:00:00
,1626073200.0,cloamy,2021,-0.1630564489992674,,-1.0,-1.0,GBRT,7,0.0,,8.171899400888595,4.71830645976308,4.555250010763813,0.0,-0.1630564489992674,84.0,2021-07-12 07:00:00
,1626159600.0,cloamy,2021,-0.7018958344020402,,-1.0,-1.0,GBRT,7,0.0,,7.307248568315713,4.71830645976308,4.01641062536104,49.2,-0.7018958344020402,0.0,2021-07-13 07:00:00
,1626246000.0,cloamy,2021,-1.1754576255437894,,-1.0,-1.0,GBRT,7,0.0,,3.7200181370317593,4.71830645976308,3.5428488342192908,0.0,-1.1754576255437894,0.0,2021-07-14 07:00:00
,1626332400.0,cloamy,2021,-1.3363529928191378,,-1.0,-1.0,GBRT,7,0.0,,6.588938290136868,4.71830645976308,3.3819534669439424,0.0,-1.3363529928191378,0.0,2021-07-15 07:00:00
,1626418800.0,cloamy,2021,-1.4106868325279982,,-1.0,-1.0,GBRT,7,0.0,,4.2070949143533625,4.71830645976308,3.307619627235082,10.8,-1.4106868325279982,0.0,2021-07-16 07:00:00
,1626505200.0,cloamy,2021,-1.4740223648995934,,-1.0,-1.0,GBRT,7,0.0,,1.7206288405645938,4.71830645976308,3.244284094863487,0.8,-1.4740223648995934,0.0,2021-07-17 07:00:00
,1626591600.0,cloamy,2021,-1.5183451647181485,,-999.0,-999.0,GBRT,7,0.0,,2.339819333016992,4.71830645976308,3.199961295044932,0.0,-1.5183451647181485,0.0,2021-07-18 07:00:00
,1626678000.0,cloamy,2021,-1.5087339031144598,,-1.0,-1.0,GBRT,7,0.0,,5.542148180411579,4.71830645976308,3.2095725566486206,0.0,-1.5087339031144598,0.0,2021-07-19 07:00:00
,1626764400.0,cloamy,2021,-1.427964672182042,,-1.0,-1.0,GBRT,7,0.0,,6.336708517861463,4.71830645976308,3.2903417875810383,0.0,-1.427964672182042,0.0,2021-07-20 07:00:00
,1626850800.0,cloamy,2021,-1.2378466183460983,,-1.0,-1.0,GBRT,7,0.0,,7.723088615724408,4.71830645976308,3.4804598414169816,0.0,-1.2378466183460983,0.0,2021-07-21 07:00:00
,1626937200.0,cloamy,2021,-1.0619236540552908,,-1.0,-1.0,GBRT,7,0.0,,6.384988487195638,4.71830645976308,3.6563828057077896,0.0,-1.0619236540552908,0.0,2021-07-22 07:00:00
,1627023600.0,cloamy,2021,-0.8616438227630264,,-1.0,-1.0,GBRT,7,0.0,,6.724001721462045,4.71830645976308,3.856662637000054,0.0,-0.8616438227630264,0.0,2021-07-23 07:00:00
,1627110000.0,cloamy,2021,-0.6472821046613316,,-1.0,-1.0,GBRT,7,0.0,,6.639604206034317,4.71830645976308,4.071024355101748,0.0,-0.6472821046613316,0.0,2021-07-24 07:00:00
,1627196400.0,cloamy,2021,-0.4336410510810185,,-999.0,-999.0,GBRT,7,0.0,,6.068344799075018,4.71830645976308,4.284665408682062,0.0,-0.4336410510810185,0.0,2021-07-25 07:00:00
,1627282800.0,cloamy,2021,-0.2921381575342642,,-1.0,-1.0,GBRT,7,0.0,,3.7441148307248353,4.71830645976308,4.426168302228816,0.0,-0.2921381575342642,0.0,2021-07-26 07:00:00
,1627369200.0,cloamy,2021,-0.0952285370183717,,-1.0,-1.0,GBRT,7,0.0,,5.25782491390273,4.71830645976308,4.6230779227447085,1.0,-0.0952285370183717,0.0,2021-07-27 07:00:00
,1627455600.0,cloamy,2021,0.0530738243779323,,-1.0,-1.0,GBRT,7,0.0,,4.067188753317478,4.71830645976308,4.771380284141013,0.0,0.0530738243779323,0.0,2021-07-28 07:00:00
,1627542000.0,cloamy,2021,0.2387369693890866,,-1.0,-1.0,GBRT,7,0.0,,5.501441403272102,4.71830645976308,4.957043429152167,0.0,0.2387369693890866,0.0,2021-07-29 07:00:00
,1627628400.0,cloamy,2021,0.4266156149796513,,-1.0,-1.0,GBRT,7,0.0,,7.363960029273559,4.71830645976308,5.144922074742731,0.0,0.4266156149796513,0.0,2021-07-30 07:00:00
,1627714800.0,cloamy,2021,0.5942191786737118,,-1.0,-1.0,GBRT,7,0.0,,8.127164249908118,4.71830645976308,5.312525638436792,0.0,0.5942191786737118,0.0,2021-07-31 07:00:00
,1627801200.0,cloamy,2021,0.7033832738429225,,-999.0,-999.0,GBRT,7,84.0,,7.011084171391055,4.71830645976308,5.421689733606002,9.0,0.7033832738429225,0.0,2021-08-01 07:00:00
,1627887600.0,cloamy,2021,-0.0218418002415541,,-1.0,-1.0,GBRT,7,0.0,,7.304828236834061,4.71830645976308,4.696464659521526,0.0,-0.0218418002415541,84.0,2021-08-02 07:00:00
,1627974000.0,cloamy,2021,-0.5885805221357188,,-1.0,-1.0,GBRT,7,0.0,,7.320018177389831,4.71830645976308,4.129725937627361,0.0,-0.5885805221357188,0.0,2021-08-03 07:00:00
,1628060400.0,cloamy,2021,-0.6526785590209198,,-1.0,-1.0,GBRT,7,0.0,,8.239496207860649,4.71830645976308,4.06562790074216,0.0,-0.6526785590209198,0.0,2021-08-04 07:00:00
,1628146800.0,cloamy,2021,-0.6644436020366934,,-1.0,-1.0,GBRT,7,0.0,,4.198759507591638,4.71830645976308,4.053862857726387,0.0,-0.6644436020366934,0.0,2021-08-05 07:00:00
,1628233200.0,cloamy,2021,-0.511100179440278,,-1.0,-1.0,GBRT,7,0.0,,8.25634687060054,4.71830645976308,4.2072062803228025,0.0,-0.511100179440278,0.0,2021-08-06 07:00:00
,1628319600.0,cloamy,2021,-0.3123285418120838,,-1.0,-1.0,GBRT,7,0.0,,7.823891414052509,4.71830645976308,4.405977917950996,0.0,-0.3123285418120838,0.0,2021-08-07 07:00:00
,1628406000.0,cloamy,2021,-0.1238993981062381,,-999.0,-999.0,GBRT,7,67.75559425201898,,6.805842568347599,4.71830645976308,4.594407061656842,0.0,-0.1238993981062381,0.0,2021-08-08 07:00:00
,1628492400.0,cloamy,2021,-0.3553815685053804,,-1.0,-1.0,GBRT,7,0.0,,8.235329351972808,4.71830645976308,4.3629248912577,0.0,-0.3553815685053804,67.75559425201898,2021-08-09 07:00:00
,1655967600.0,cloamy,2022,-0.3316156685861205,,-999.0,-999.0,GBRT,1,6.645125171575067,,5.915965904891959,4.71830645976308,4.386690791176959,0.0,-0.3316156685861205,0.0,2022-06-23 07:00:00
,1656054000.0,cloamy,2022,-0.3239379264253982,,-999.0,-999.0,GBRT,1,7.376183772156026,,5.717907755951627,4.71830645976308,4.394368533337682,0.0,-0.3239379264253982,6.645125171575067,2022-06-24 07:00:00
,1656140400.0,cloamy,2022,-0.2877865213872236,,-999.0,-999.0,GBRT,1,7.376183772156026,,9.203948870710636,4.71830645976308,4.430519938375856,0.0,-0.2877865213872236,7.376183772156026,2022-06-25 07:00:00
,1656226800.0,cloamy,2022,-0.2620919162999111,,-999.0,-999.0,GBRT,1,7.376183772156026,,9.569797117975432,4.71830645976308,4.456214543463169,0.0,-0.2620919162999111,7.376183772156026,2022-06-26 07:00:00
,1656313200.0,cloamy,2022,-0.2554668433269344,,-999.0,-999.0,GBRT,1,12.0,,8.693094774412245,4.71830645976308,4.4628396164361455,0.0,-0.2554668433269344,7.376183772156026,2022-06-27 07:00:00
,1656399600.0,cloamy,2022,-0.2995836306983251,,-999.0,-999.0,GBRT,1,6.932450917562759,,7.460713537351751,4.71830645976308,4.418722829064755,1.6,-0.2995836306983251,12.0,2022-06-28 07:00:00
,1656486000.0,cloamy,2022,-0.4161400128653689,,-999.0,-999.0,GBRT,1,6.854596957283455,,1.8323231735051733,4.71830645976308,4.302166446897711,0.0,-0.4161400128653689,6.932450917562759,2022-06-29 07:00:00
,1656572400.0,cloamy,2022,-0.4583229359810741,,-999.0,-999.0,GBRT,1,7.404540163050502,,6.425725286268609,4.71830645976308,4.259983523782006,0.0,-0.4583229359810741,6.854596957283455,2022-06-30 07:00:00
,1656658800.0,cloamy,2022,-0.4638149048136988,,-999.0,-999.0,GBRT,1,7.404540163050502,,8.481182130641368,4.71830645976308,4.254491554949381,0.0,-0.4638149048136988,7.404540163050502,2022-07-01 07:00:00
,1656745200.0,cloamy,2022,-0.4464521571284305,,-999.0,-999.0,GBRT,1,7.439991966157071,,9.684100900879589,4.71830645976308,4.27185430263465,0.0,-0.4464521571284305,7.404540163050502,2022-07-02 07:00:00
,1656831600.0,cloamy,2022,-0.4463519202890201,,-999.0,-999.0,GBRT,1,7.668275895436537,,7.875822878948619,4.71830645976308,4.27195453947406,0.0,-0.4463519202890201,7.439991966157071,2022-07-03 07:00:00
,1656918000.0,cloamy,2022,-0.4315574427429025,,-999.0,-999.0,GBRT,1,7.668275895436537,,8.846129638751195,4.71830645976308,4.286749017020178,0.0,-0.4315574427429025,7.668275895436537,2022-07-04 07:00:00
,1657004400.0,cloamy,2022,-0.4204172462132166,,-999.0,-999.0,GBRT,1,7.668275895436537,,8.353871892123982,4.71830645976308,4.297889213549864,0.0,-0.4204172462132166,7.668275895436537,2022-07-05 07:00:00
,1657090800.0,cloamy,2022,-0.416251013449009,,-999.0,-999.0,GBRT,1,7.248081370678953,,8.10868026961472,4.71830645976308,4.302055446314071,0.0,-0.416251013449009,7.668275895436537,2022-07-06 07:00:00
,1657177200.0,cloamy,2022,-0.4477680945659778,,-999.0,-999.0,GBRT,1,8.045591165592825,,5.27960920736311,4.71830645976308,4.270538365197102,11.6,-0.4477680945659778,7.248081370678953,2022-07-07 07:00:00
,1657263600.0,cloamy,2022,-0.4693370412112612,,-999.0,-999.0,GBRT,1,6.5043987457831545,,7.275206390354677,4.71830645976308,4.248969418551819,0.0,-0.4693370412112612,8.045591165592825,2022-07-08 07:00:00
,1657350000.0,cloamy,2022,-0.5085892123444994,,-999.0,-999.0,GBRT,1,6.396389330082186,,7.121172904786319,4.71830645976308,4.209717247418581,0.0,-0.5085892123444994,6.5043987457831545,2022-07-09 07:00:00
,1657436400.0,cloamy,2022,-0.5105814137582085,,-999.0,-999.0,GBRT,1,6.939939084781047,,7.612583271961939,4.71830645976308,4.207725046004872,0.0,-0.5105814137582085,6.396389330082186,2022-07-10 07:00:00
,1657522800.0,cloamy,2022,-0.4828615087914056,,-999.0,-999.0,GBRT,1,6.969027088758304,,8.472336750464112,4.71830645976308,4.235444950971675,0.0,-0.4828615087914056,6.939939084781047,2022-07-11 07:00:00
,1657609200.0,cloamy,2022,-0.4672522707700002,,-999.0,-999.0,GBRT,1,7.036146114630342,,7.487993037508327,4.71830645976308,4.25105418899308,0.0,-0.4672522707700002,6.969027088758304,2022-07-12 07:00:00
,1657695600.0,cloamy,2022,-0.4801869943604545,,-999.0,-999.0,GBRT,1,6.939939084781047,,5.439558555641069,4.71830645976308,4.238119465402626,0.0,-0.4801869943604545,7.036146114630342,2022-07-13 07:00:00
,1657782000.0,cloamy,2022,-0.4431094173675867,,-999.0,-999.0,GBRT,1,7.332730726532639,,8.254676604732598,4.71830645976308,4.275197042395494,0.0,-0.4431094173675867,6.939939084781047,2022-07-14 07:00:00
,1657868400.0,cloamy,2022,-0.3806050190279162,,-999.0,-999.0,GBRT,1,7.668275895436537,,9.447916516172471,4.71830645976308,4.337701440735164,0.0,-0.3806050190279162,7.332730726532639,2022-07-15 07:00:00
,1657954800.0,cloamy,2022,-0.3300108123972864,,-999.0,-999.0,GBRT,1,7.668275895436537,,8.968687582898376,4.71830645976308,4.388295647365794,0.0,-0.3300108123972864,7.668275895436537,2022-07-16 07:00:00
,1658041200.0,cloamy,2022,-0.3086994095794577,,-999.0,-999.0,GBRT,1,7.649230064009415,,7.701644419417017,4.71830645976308,4.409607050183623,0.0,-0.3086994095794577,7.668275895436537,2022-07-17 07:00:00
,1658127600.0,cloamy,2022,-0.2993965032500812,,-999.0,-999.0,GBRT,1,7.649230064009415,,7.236620092977568,4.71830645976308,4.418909956512999,0.0,-0.2993965032500812,7.649230064009415,2022-07-18 07:00:00
,1658214000.0,cloamy,2022,-0.2754048597505343,,-999.0,-999.0,GBRT,1,7.668275895436537,,7.976539558735554,4.71830645976308,4.442901600012546,0.0,-0.2754048597505343,7.649230064009415,2022-07-19 07:00:00
,1658300400.0,cloamy,2022,-0.2307819961920875,,-999.0,-999.0,GBRT,1,7.668275895436537,,9.031637030513592,4.71830645976308,4.487524463570993,0.0,-0.2307819961920875,7.668275895436537,2022-07-20 07:00:00
,1658386800.0,cloamy,2022,-0.19947457095826,,-999.0,-999.0,GBRT,1,7.668275895436537,,8.523521442036436,4.71830645976308,4.5188318888048205,0.0,-0.19947457095826,7.668275895436537,2022-07-21 07:00:00
,1655967600.0,cloamy,2022,-0.3316156685861205,,-999.0,-999.0,GBRT,2,24.0,,5.915965904891959,4.71830645976308,4.386690791176959,0.0,-0.3316156685861205,0.0,2022-06-23 07:00:00
,1656054000.0,cloamy,2022,-0.4197999655181011,,-1.0,-1.0,GBRT,2,0.0,,5.717907755951627,4.71830645976308,4.298506494244979,0.0,-0.4197999655181011,24.0,2022-06-24 07:00:00
,1656140400.0,cloamy,2022,-0.4568655667581119,,-999.0,-999.0,GBRT,2,20.221220125927093,,9.203948870710636,4.71830645976308,4.261440893004968,0.0,-0.4568655667581119,0.0,2022-06-25 07:00:00
,1656226800.0,cloamy,2022,-0.4820390764461948,,-1.0,-1.0,GBRT,2,0.0,,9.569797117975432,4.71830645976308,4.236267383316886,0.0,-0.4820390764461948,20.221220125927093,2022-06-26 07:00:00
,1656313200.0,cloamy,2022,-0.5275053845547416,,-999.0,-999.0,GBRT,2,24.0,,8.693094774412245,4.71830645976308,4.190801075208339,0.0,-0.5275053845547416,0.0,2022-06-27 07:00:00
,1656399600.0,cloamy,2022,-0.5867169835815201,,-1.0,-1.0,GBRT,2,0.0,,7.460713537351751,4.71830645976308,4.13158947618156,1.6,-0.5867169835815201,24.0,2022-06-28 07:00:00
,1656486000.0,cloamy,2022,-0.7093453732861544,,-999.0,-999.0,GBRT,2,0.0,,1.8323231735051733,4.71830645976308,4.008961086476925,0.0,-0.7093453732861544,0.0,2022-06-29 07:00:00
,1656572400.0,cloamy,2022,-0.7237092070963235,,-1.0,-1.0,GBRT,2,0.0,,6.425725286268609,4.71830645976308,3.9945972526667566,0.0,-0.7237092070963235,0.0,2022-06-30 07:00:00
,1656658800.0,cloamy,2022,-0.6476873569558701,,-999.0,-999.0,GBRT,2,20.349853872800622,,8.481182130641368,4.71830645976308,4.0706191028072105,0.0,-0.6476873569558701,0.0,2022-07-01 07:00:00
,1656745200.0,cloamy,2022,-0.6087685714205847,,-1.0,-1.0,GBRT,2,0.0,,9.684100900879589,4.71830645976308,4.109537888342495,0.0,-0.6087685714205847,20.349853872800622,2022-07-02 07:00:00
,1656831600.0,cloamy,2022,-0.6054638218763401,,-999.0,-999.0,GBRT,2,20.349853872800622,,7.875822878948619,4.71830645976308,4.11284263788674,0.0,-0.6054638218763401,0.0,2022-07-03 07:00:00
,1656918000.0,cloamy,2022,-0.6028247943492393,,-1.0,-1.0,GBRT,2,0.0,,8.846129638751195,4.71830645976308,4.115481665413841,0.0,-0.6028247943492393,20.349853872800622,2022-07-04 07:00:00
,1657004400.0,cloamy,2022,-0.6241091418557263,,-999.0,-999.0,GBRT,2,24.0,,8.353871892123982,4.71830645976308,4.094197317907354,0.0,-0.6241091418557263,0.0,2022-07-05 07:00:00
,1657090800.0,cloamy,2022,-0.6525141502760017,,-1.0,-1.0,GBRT,2,0.0,,8.10868026961472,4.71830645976308,4.065792309487079,0.0,-0.6525141502760017,24.0,2022-07-06 07:00:00
,1657177200.0,cloamy,2022,-0.7302961138416127,,-999.0,-999.0,GBRT,2,0.0,,5.27960920736311,4.71830645976308,3.988010345921468,11.6,-0.7302961138416127,0.0,2022-07-07 07:00:00
,1657263600.0,cloamy,2022,-0.7255624730823094,,-1.0,-1.0,GBRT,2,0.0,,7.275206390354677,4.71830645976308,3.992743986680771,0.0,-0.7255624730823094,0.0,2022-07-08 07:00:00
,1657350000.0,cloamy,2022,-0.6928777685412802,,-999.0,-999.0,GBRT,2,16.210199839463673,,7.121172904786319,4.71830645976308,4.0254286912218,0.0,-0.6928777685412802,0.0,2022-07-09 07:00:00
,1657436400.0,cloamy,2022,-0.6616672961885653,,-1.0,-1.0,GBRT,2,0.0,,7.612583271961939,4.71830645976308,4.056639163574515,0.0,-0.6616672961885653,16.210199839463673,2022-07-10 07:00:00
,1657522800.0,cloamy,2022,-0.6252653496680802,,-999.0,-999.0,GBRT,2,17.564940306565166,,8.472336750464112,4.71830645976308,4.093041110095,0.0,-0.6252653496680802,0.0,2022-07-11 07:00:00
,1657609200.0,cloamy,2022,-0.6124095929938034,,-1.0,-1.0,GBRT,2,0.0,,7.487993037508327,4.71830645976308,4.105896866769277,0.0,-0.6124095929938034,17.564940306565166,2022-07-12 07:00:00
,1657695600.0,cloamy,2022,-0.6406387315099236,,-999.0,-999.0,GBRT,2,17.14863348795175,,5.439558555641069,4.71830645976308,4.077667728253156,0.0,-0.6406387315099236,0.0,2022-07-13 07:00:00
,1657782000.0,cloamy,2022,-0.6168771907139943,,-1.0,-1.0,GBRT,2,0.0,,8.254676604732598,4.71830645976308,4.101429269049086,0.0,-0.6168771907139943,17.14863348795175,2022-07-14 07:00:00
,1657868400.0,cloamy,2022,-0.5831178401089901,,-999.0,-999.0,GBRT,2,20.221220125927093,,9.447916516172471,4.71830645976308,4.13518861965409,0.0,-0.5831178401089901,0.0,2022-07-15 07:00:00
,1657954800.0,cloamy,2022,-0.5591721395574577,,-1.0,-1.0,GBRT,2,0.0,,8.968687582898376,4.71830645976308,4.159134320205623,0.0,-0.5591721395574577,20.221220125927093,2022-07-16 07:00:00
,1658041200.0,cloamy,2022,-0.5731869593592012,,-999.0,-999.0,GBRT,2,24.0,,7.701644419417017,4.71830645976308,4.145119500403879,0.0,-0.5731869593592012,0.0,2022-07-17 07:00:00
,1658127600.0,cloamy,2022,-0.6018159768459002,,-1.0,-1.0,GBRT,2,0.0,,7.236620092977568,4.71830645976308,4.11649048291718,0.0,-0.6018159768459002,24.0,2022-07-18 07:00:00
,1658214000.0,cloamy,2022,-0.638998728469367,,-999.0,-999.0,GBRT,2,21.24263770473929,,7.976539558735554,4.71830645976308,4.079307731293714,0.0,-0.638998728469367,0.0,2022-07-19 07:00:00
,1658300400.0,cloamy,2022,-0.6332006871693521,,-1.0,-1.0,GBRT,2,0.0,,9.031637030513592,4.71830645976308,4.085105772593728,0.0,-0.6332006871693521,21.24263770473929,2022-07-20 07:00:00
,1658386800.0,cloamy,2022,-0.6459698488400122,,-999.0,-999.0,GBRT,2,20.81579374177937,,8.523521442036436,4.71830645976308,4.072336610923068,0.0,-0.6459698488400122,0.0,2022-07-21 07:00:00
,1655967600.0,cloamy,2022,-0.3316156685861205,,-999.0,-999.0,GBRT,3,27.882219112285664,,5.915965904891959,4.71830645976308,4.386690791176959,0.0,-0.3316156685861205,0.0,2022-06-23 07:00:00
,1656054000.0,cloamy,2022,-0.4396630081578956,,-1.0,-1.0,GBRT,3,0.0,,5.717907755951627,4.71830645976308,4.278643451605185,0.0,-0.4396630081578956,27.882219112285664,2022-06-24 07:00:00
,1656140400.0,cloamy,2022,-0.500958174216877,,-1.0,-1.0,GBRT,3,0.0,,9.203948870710636,4.71830645976308,4.217348285546203,0.0,-0.500958174216877,0.0,2022-06-25 07:00:00
,1656226800.0,cloamy,2022,-0.4532601182487046,,-999.0,-999.0,GBRT,3,36.0,,9.569797117975432,4.71830645976308,4.265046341514376,0.0,-0.4532601182487046,0.0,2022-06-26 07:00:00
,1656313200.0,cloamy,2022,-0.5305801583623923,,-1.0,-1.0,GBRT,3,0.0,,8.693094774412245,4.71830645976308,4.187726301400688,0.0,-0.5305801583623923,36.0,2022-06-27 07:00:00
,1656399600.0,cloamy,2022,-0.6546298476968216,,-1.0,-1.0,GBRT,3,0.0,,7.460713537351751,4.71830645976308,4.063676612066258,1.6,-0.6546298476968216,0.0,2022-06-28 07:00:00
,1656486000.0,cloamy,2022,-0.7154295739676728,,-999.0,-999.0,GBRT,3,0.0,,1.8323231735051733,4.71830645976308,4.002876885795407,0.0,-0.7154295739676728,0.0,2022-06-29 07:00:00
,1656572400.0,cloamy,2022,-0.6885807662395722,,-1.0,-1.0,GBRT,3,0.0,,6.425725286268609,4.71830645976308,4.029725693523508,0.0,-0.6885807662395722,0.0,2022-06-30 07:00:00
,1656658800.0,cloamy,2022,-0.5656319625903177,,-1.0,-1.0,GBRT,3,0.0,,8.481182130641368,4.71830645976308,4.152674497172763,0.0,-0.5656319625903177,0.0,2022-07-01 07:00:00
,1656745200.0,cloamy,2022,-0.3962556811647499,,-999.0,-999.0,GBRT,3,30.653325632596957,,9.684100900879589,4.71830645976308,4.322050778598331,0.0,-0.3962556811647499,0.0,2022-07-02 07:00:00
,1656831600.0,cloamy,2022,-0.4915706309709872,,-1.0,-1.0,GBRT,3,0.0,,7.875822878948619,4.71830645976308,4.226735828792093,0.0,-0.4915706309709872,30.653325632596957,2022-07-03 07:00:00
,1656918000.0,cloamy,2022,-0.5138072582910279,,-1.0,-1.0,GBRT,3,0.0,,8.846129638751195,4.71830645976308,4.204499201472053,0.0,-0.5138072582910279,0.0,2022-07-04 07:00:00
,1657004400.0,cloamy,2022,-0.4503520942261717,,-999.0,-999.0,GBRT,3,36.0,,8.353871892123982,4.71830645976308,4.267954365536909,0.0,-0.4503520942261717,0.0,2022-07-05 07:00:00
,1657090800.0,cloamy,2022,-0.5294415978795839,,-1.0,-1.0,GBRT,3,0.0,,8.10868026961472,4.71830645976308,4.188864861883497,0.0,-0.5294415978795839,36.0,2022-07-06 07:00:00
,1657177200.0,cloamy,2022,-0.6649682547949664,,-1.0,-1.0,GBRT,3,0.0,,5.27960920736311,4.71830645976308,4.053338204968114,11.6,-0.6649682547949664,0.0,2022-07-07 07:00:00
,1657263600.0,cloamy,2022,-0.6762034981548114,,-999.0,-999.0,GBRT,3,26.115315681479597,,7.275206390354677,4.71830645976308,4.042102961608269,0.0,-0.6762034981548114,0.0,2022-07-08 07:00:00
,1657350000.0,cloamy,2022,-0.7350093294319824,,-1.0,-1.0,GBRT,3,0.0,,7.121172904786319,4.71830645976308,3.983297130331098,0.0,-0.7350093294319824,26.115315681479597,2022-07-09 07:00:00
,1657436400.0,cloamy,2022,-0.8105589845559851,,-1.0,-1.0,GBRT,3,0.0,,7.612583271961939,4.71830645976308,3.907747475207095,0.0,-0.8105589845559851,0.0,2022-07-10 07:00:00
,1657522800.0,cloamy,2022,-0.7900545326398279,,-999.0,-999.0,GBRT,3,0.0,,8.472336750464112,4.71830645976308,3.928251927123252,0.0,-0.7900545326398279,0.0,2022-07-11 07:00:00
,1657609200.0,cloamy,2022,-0.7076450731564424,,-1.0,-1.0,GBRT,3,0.0,,7.487993037508327,4.71830645976308,4.010661386606638,0.0,-0.7076450731564424,0.0,2022-07-12 07:00:00
,1657695600.0,cloamy,2022,-0.5915483461671445,,-1.0,-1.0,GBRT,3,0.0,,5.439558555641069,4.71830645976308,4.126758113595936,0.0,-0.5915483461671445,0.0,2022-07-13 07:00:00
,1657782000.0,cloamy,2022,-0.4020407417515092,,-999.0,-999.0,GBRT,3,31.0684003394166,,8.254676604732598,4.71830645976308,4.316265718011571,0.0,-0.4020407417515092,0.0,2022-07-14 07:00:00
,1657868400.0,cloamy,2022,-0.4484847440717104,,-1.0,-1.0,GBRT,3,0.0,,9.447916516172471,4.71830645976308,4.26982171569137,0.0,-0.4484847440717104,31.0684003394166,2022-07-15 07:00:00
,1657954800.0,cloamy,2022,-0.4397961151036186,,-1.0,-1.0,GBRT,3,0.0,,8.968687582898376,4.71830645976308,4.278510344659462,0.0,-0.4397961151036186,0.0,2022-07-16 07:00:00
,1658041200.0,cloamy,2022,-0.3574477326725967,,-999.0,-999.0,GBRT,3,31.26799371582236,,7.701644419417017,4.71830645976308,4.360858727090483,0.0,-0.3574477326725967,0.0,2022-07-17 07:00:00
,1658127600.0,cloamy,2022,-0.4245013674863389,,-1.0,-1.0,GBRT,3,0.0,,7.236620092977568,4.71830645976308,4.293805092276742,0.0,-0.4245013674863389,31.26799371582236,2022-07-18 07:00:00
,1658214000.0,cloamy,2022,-0.4954724433091481,,-1.0,-1.0,GBRT,3,0.0,,7.976539558735554,4.71830645976308,4.222834016453932,0.0,-0.4954724433091481,0.0,2022-07-19 07:00:00
,1658300400.0,cloamy,2022,-0.4282761380094703,,-999.0,-999.0,GBRT,3,36.0,,9.031637030513592,4.71830645976308,4.29003032175361,0.0,-0.4282761380094703,0.0,2022-07-20 07:00:00
,1658386800.0,cloamy,2022,-0.4798017513858026,,-1.0,-1.0,GBRT,3,0.0,,8.523521442036436,4.71830645976308,4.2385047083772776,0.0,-0.4798017513858026,36.0,2022-07-21 07:00:00
,1655967600.0,cloamy,2022,-0.3316156685861205,,-999.0,-999.0,GBRT,5,42.90156044007668,,5.915965904891959,4.71830645976308,4.386690791176959,0.0,-0.3316156685861205,0.0,2022-06-23 07:00:00
,1656054000.0,cloamy,2022,-0.5082471740462737,,-1.0,-1.0,GBRT,5,0.0,,5.717907755951627,4.71830645976308,4.210059285716807,0.0,-0.5082471740462737,42.90156044007668,2022-06-24 07:00:00
,1656140400.0,cloamy,2022,-0.661088558980785,,-1.0,-1.0,GBRT,5,0.0,,9.203948870710636,4.71830645976308,4.057217900782296,0.0,-0.661088558980785,0.0,2022-06-25 07:00:00
,1656226800.0,cloamy,2022,-0.6594566086513562,,-1.0,-1.0,GBRT,5,0.0,,9.569797117975432,4.71830645976308,4.058849851111724,0.0,-0.6594566086513562,0.0,2022-06-26 07:00:00
,1656313200.0,cloamy,2022,-0.5849606796008668,,-1.0,-1.0,GBRT,5,0.0,,8.693094774412245,4.71830645976308,4.133345780162213,0.0,-0.5849606796008668,0.0,2022-06-27 07:00:00
,1656399600.0,cloamy,2022,-0.4687289659697925,,-999.0,-999.0,GBRT,5,47.47412482009573,,7.460713537351751,4.71830645976308,4.249577493793288,1.6,-0.4687289659697925,0.0,2022-06-28 07:00:00
,1656486000.0,cloamy,2022,-0.6681258078096248,,-1.0,-1.0,GBRT,5,0.0,,1.8323231735051733,4.71830645976308,4.050180651953456,0.0,-0.6681258078096248,47.47412482009573,2022-06-29 07:00:00
,1656572400.0,cloamy,2022,-0.8228128630586568,,-1.0,-1.0,GBRT,5,0.0,,6.425725286268609,4.71830645976308,3.895493596704424,0.0,-0.8228128630586568,0.0,2022-06-30 07:00:00
,1656658800.0,cloamy,2022,-0.859306068516854,,-1.0,-1.0,GBRT,5,0.0,,8.481182130641368,4.71830645976308,3.859000391246226,0.0,-0.859306068516854,0.0,2022-07-01 07:00:00
,1656745200.0,cloamy,2022,-0.8088514494544943,,-1.0,-1.0,GBRT,5,0.0,,9.684100900879589,4.71830645976308,3.909455010308586,0.0,-0.8088514494544943,0.0,2022-07-02 07:00:00
,1656831600.0,cloamy,2022,-0.6868314205410048,,-999.0,-999.0,GBRT,5,56.54757244568464,,7.875822878948619,4.71830645976308,4.031475039222076,0.0,-0.6868314205410048,0.0,2022-07-03 07:00:00
,1656918000.0,cloamy,2022,-0.7678690506304372,,-1.0,-1.0,GBRT,5,0.0,,8.846129638751195,4.71830645976308,3.950437409132643,0.0,-0.7678690506304372,56.54757244568464,2022-07-04 07:00:00
,1657004400.0,cloamy,2022,-0.9111507231986522,,-1.0,-1.0,GBRT,5,0.0,,8.353871892123982,4.71830645976308,3.807155736564428,0.0,-0.9111507231986522,0.0,2022-07-05 07:00:00
,1657090800.0,cloamy,2022,-0.9562646987304352,,-1.0,-1.0,GBRT,5,0.0,,8.10868026961472,4.71830645976308,3.762041761032645,0.0,-0.9562646987304352,0.0,2022-07-06 07:00:00
,1657177200.0,cloamy,2022,-0.95645787614168,,-1.0,-1.0,GBRT,5,0.0,,5.27960920736311,4.71830645976308,3.7618485836214006,11.6,-0.95645787614168,0.0,2022-07-07 07:00:00
,1657263600.0,cloamy,2022,-0.8974456511349809,,-999.0,-999.0,GBRT,5,0.0,,7.275206390354677,4.71830645976308,3.8208608086280993,0.0,-0.8974456511349809,0.0,2022-07-08 07:00:00
,1657350000.0,cloamy,2022,-0.8160314900797611,,-1.0,-1.0,GBRT,5,0.0,,7.121172904786319,4.71830645976308,3.902274969683319,0.0,-0.8160314900797611,0.0,2022-07-09 07:00:00
,1657436400.0,cloamy,2022,-0.6679681026196124,,-1.0,-1.0,GBRT,5,0.0,,7.612583271961939,4.71830645976308,4.050338357143468,0.0,-0.6679681026196124,0.0,2022-07-10 07:00:00
,1657522800.0,cloamy,2022,-0.4831589261374477,,-1.0,-1.0,GBRT,5,0.0,,8.472336750464112,4.71830645976308,4.235147533625632,0.0,-0.4831589261374477,0.0,2022-07-11 07:00:00
,1657609200.0,cloamy,2022,-0.3096708755261596,,-1.0,-1.0,GBRT,5,0.0,,7.487993037508327,4.71830645976308,4.4086355842369205,0.0,-0.3096708755261596,0.0,2022-07-12 07:00:00
,1657695600.0,cloamy,2022,-0.1702251126713581,,-999.0,-999.0,GBRT,5,53.32249166298501,,5.439558555641069,4.71830645976308,4.548081347091722,0.0,-0.1702251126713581,0.0,2022-07-13 07:00:00
,1657782000.0,cloamy,2022,-0.4292150034273156,,-1.0,-1.0,GBRT,5,0.0,,8.254676604732598,4.71830645976308,4.289091456335765,0.0,-0.4292150034273156,53.32249166298501,2022-07-14 07:00:00
,1657868400.0,cloamy,2022,-0.571997410833753,,-1.0,-1.0,GBRT,5,0.0,,9.447916516172471,4.71830645976308,4.146309048929327,0.0,-0.571997410833753,0.0,2022-07-15 07:00:00
,1657954800.0,cloamy,2022,-0.5486487815533558,,-1.0,-1.0,GBRT,5,0.0,,8.968687582898376,4.71830645976308,4.169657678209725,0.0,-0.5486487815533558,0.0,2022-07-16 07:00:00
,1658041200.0,cloamy,2022,-0.4498214365904269,,-1.0,-1.0,GBRT,5,0.0,,7.701644419417017,4.71830645976308,4.268485023172653,0.0,-0.4498214365904269,0.0,2022-07-17 07:00:00
,1658127600.0,cloamy,2022,-0.3004502200337205,,-999.0,-999.0,GBRT,5,52.40751181136573,,7.236620092977568,4.71830645976308,4.41785623972936,0.0,-0.3004502200337205,0.0,2022-07-18 07:00:00
,1658214000.0,cloamy,2022,-0.4646921922789544,,-1.0,-1.0,GBRT,5,0.0,,7.976539558735554,4.71830645976308,4.253614267484126,0.0,-0.4646921922789544,52.40751181136573,2022-07-19 07:00:00
,1658300400.0,cloamy,2022,-0.6349866039106692,,-1.0,-1.0,GBRT,5,0.0,,9.031637030513592,4.71830645976308,4.083319855852411,0.0,-0.6349866039106692,0.0,2022-07-20 07:00:00
,1658386800.0,cloamy,2022,-0.6288548290644498,,-1.0,-1.0,GBRT,5,0.0,,8.523521442036436,4.71830645976308,4.089451630698631,0.0,-0.6288548290644498,0.0,2022-07-21 07:00:00
,1655967600.0,cloamy,2022,-0.3316156685861205,,-999.0,-999.0,GBRT,7,46.90021950225035,,5.915965904891959,4.71830645976308,4.386690791176959,0.0,-0.3316156685861205,0.0,2022-06-23 07:00:00
,1656054000.0,cloamy,2022,-0.5216973304049114,,-1.0,-1.0,GBRT,7,0.0,,5.717907755951627,4.71830645976308,4.196609129358169,0.0,-0.5216973304049114,46.90021950225035,2022-06-24 07:00:00
,1656140400.0,cloamy,2022,-0.694263792981607,,-1.0,-1.0,GBRT,7,0.0,,9.203948870710636,4.71830645976308,4.024042666781473,0.0,-0.694263792981607,0.0,2022-06-25 07:00:00
,1656226800.0,cloamy,2022,-0.7000047962295348,,-1.0,-1.0,GBRT,7,0.0,,9.569797117975432,4.71830645976308,4.018301663533546,0.0,-0.7000047962295348,0.0,2022-06-26 07:00:00
,1656313200.0,cloamy,2022,-0.6395769864542005,,-1.0,-1.0,GBRT,7,0.0,,8.693094774412245,4.71830645976308,4.07872947330888,0.0,-0.6395769864542005,0.0,2022-06-27 07:00:00
,1656399600.0,cloamy,2022,-0.5266644591442399,,-1.0,-1.0,GBRT,7,0.0,,7.460713537351751,4.71830645976308,4.191642000618841,1.6,-0.5266644591442399,0.0,2022-06-28 07:00:00
,1656486000.0,cloamy,2022,-0.4883881879241773,,-1.0,-1.0,GBRT,7,0.0,,1.8323231735051733,4.71830645976308,4.229918271838903,0.0,-0.4883881879241773,0.0,2022-06-29 07:00:00
,1656572400.0,cloamy,2022,-0.3748118914803119,,-999.0,-999.0,GBRT,7,65.84749770774513,,6.425725286268609,4.71830645976308,4.343494568282768,0.0,-0.3748118914803119,0.0,2022-06-30 07:00:00
,1656658800.0,cloamy,2022,-0.5753757536250814,,-1.0,-1.0,GBRT,7,0.0,,8.481182130641368,4.71830645976308,4.142930706137999,0.0,-0.5753757536250814,65.84749770774513,2022-07-01 07:00:00
,1656745200.0,cloamy,2022,-0.804579291930482,,-1.0,-1.0,GBRT,7,0.0,,9.684100900879589,4.71830645976308,3.913727167832598,0.0,-0.804579291930482,0.0,2022-07-02 07:00:00
,1656831600.0,cloamy,2022,-0.8745038095788384,,-1.0,-1.0,GBRT,7,0.0,,7.875822878948619,4.71830645976308,3.8438026501842417,0.0,-0.8745038095788384,0.0,2022-07-03 07:00:00
,1656918000.0,cloamy,2022,-0.8555952171887139,,-1.0,-1.0,GBRT,7,0.0,,8.846129638751195,4.71830645976308,3.8627112425743664,0.0,-0.8555952171887139,0.0,2022-07-04 07:00:00
,1657004400.0,cloamy,2022,-0.7537339170966627,,-1.0,-1.0,GBRT,7,0.0,,8.353871892123982,4.71830645976308,3.9645725426664176,0.0,-0.7537339170966627,0.0,2022-07-05 07:00:00
,1657090800.0,cloamy,2022,-0.5989963490344772,,-1.0,-1.0,GBRT,7,0.0,,8.10868026961472,4.71830645976308,4.119310110728603,0.0,-0.5989963490344772,0.0,2022-07-06 07:00:00
,1657177200.0,cloamy,2022,-0.483237467932779,,-999.0,-999.0,GBRT,7,54.299824918124735,,5.27960920736311,4.71830645976308,4.2350689918303015,11.6,-0.483237467932779,0.0,2022-07-07 07:00:00
,1657263600.0,cloamy,2022,-0.6865183122916076,,-1.0,-1.0,GBRT,7,0.0,,7.275206390354677,4.71830645976308,4.031788147471473,0.0,-0.6865183122916076,54.299824918124735,2022-07-08 07:00:00
,1657350000.0,cloamy,2022,-0.8687967960964645,,-1.0,-1.0,GBRT,7,0.0,,7.121172904786319,4.71830645976308,3.849509663666616,0.0,-0.8687967960964645,0.0,2022-07-09 07:00:00
,1657436400.0,cloamy,2022,-0.910468124565076,,-1.0,-1.0,GBRT,7,0.0,,7.612583271961939,4.71830645976308,3.807838335198004,0.0,-0.910468124565076,0.0,2022-07-10 07:00:00
,1657522800.0,cloamy,2022,-0.8697855049665041,,-1.0,-1.0,GBRT,7,0.0,,8.472336750464112,4.71830645976308,3.848520954796576,0.0,-0.8697855049665041,0.0,2022-07-11 07:00:00
,1657609200.0,cloamy,2022,-0.7598579096777472,,-1.0,-1.0,GBRT,7,0.0,,7.487993037508327,4.71830645976308,3.958448550085333,0.0,-0.7598579096777472,0.0,2022-07-12 07:00:00
,1657695600.0,cloamy,2022,-0.6371606585334529,,-1.0,-1.0,GBRT,7,0.0,,5.439558555641069,4.71830645976308,4.081145801229627,0.0,-0.6371606585334529,0.0,2022-07-13 07:00:00
,1657782000.0,cloamy,2022,-0.4431655006303951,,-999.0,-999.0,GBRT,7,69.73150331663155,,8.254676604732598,4.71830645976308,4.275140959132685,0.0,-0.4431655006303951,0.0,2022-07-14 07:00:00
,1657868400.0,cloamy,2022,-0.6015937015231866,,-1.0,-1.0,GBRT,7,0.0,,9.447916516172471,4.71830645976308,4.116712758239894,0.0,-0.6015937015231866,69.73150331663155,2022-07-15 07:00:00
,1657954800.0,cloamy,2022,-0.8358498238866159,,-1.0,-1.0,GBRT,7,0.0,,8.968687582898376,4.71830645976308,3.882456635876464,0.0,-0.8358498238866159,0.0,2022-07-16 07:00:00
,1658041200.0,cloamy,2022,-0.8992267410005913,,-1.0,-1.0,GBRT,7,0.0,,7.701644419417017,4.71830645976308,3.819079718762489,0.0,-0.8992267410005913,0.0,2022-07-17 07:00:00
,1658127600.0,cloamy,2022,-0.8815245618270726,,-1.0,-1.0,GBRT,7,0.0,,7.236620092977568,4.71830645976308,3.836781897936008,0.0,-0.8815245618270726,0.0,2022-07-18 07:00:00
,1658214000.0,cloamy,2022,-0.7750418965999593,,-1.0,-1.0,GBRT,7,0.0,,7.976539558735554,4.71830645976308,3.943264563163121,0.0,-0.7750418965999593,0.0,2022-07-19 07:00:00
,1658300400.0,cloamy,2022,-0.5631141798710838,,-1.0,-1.0,GBRT,7,0.0,,9.031637030513592,4.71830645976308,4.155192279891996,0.0,-0.5631141798710838,0.0,2022-07-20 07:00:00
,1658386800.0,cloamy,2022,-0.3470313606784656,,-999.0,-999.0,GBRT,7,76.1136679173817,,8.523521442036436,4.71830645976308,4.371275099084615,0.0,-0.3470313606784656,0.0,2022-07-21 07:00:00
,1687503600.0,cloamy,2023,-0.5785463241166519,,-999.0,-999.0,GBRT,1,0.0,,6.420277994663035,4.71830645976308,4.139760135646428,0.0,-0.5785463241166519,0.0,2023-06-23 07:00:00
,1687590000.0,cloamy,2023,-0.4620931410198036,,-999.0,-999.0,GBRT,1,0.0,,6.3387606045021405,4.71830645976308,4.256213318743277,0.0,-0.4620931410198036,0.0,2023-06-24 07:00:00
,1687676400.0,cloamy,2023,-0.3297361024204429,,-999.0,-999.0,GBRT,1,6.69251028949305,,7.077332335884068,4.71830645976308,4.388570357342638,0.0,-0.3297361024204429,0.0,2023-06-25 07:00:00
,1687762800.0,cloamy,2023,-0.30034530093274,,-999.0,-999.0,GBRT,1,6.884309466620015,,6.229180911248416,4.71830645976308,4.41796115883034,0.0,-0.30034530093274,6.69251028949305,2023-06-26 07:00:00
,1687849200.0,cloamy,2023,-0.2635358741001491,,-999.0,-999.0,GBRT,1,12.0,,7.717627618312005,4.71830645976308,4.454770585662931,0.0,-0.2635358741001491,6.884309466620015,2023-06-27 07:00:00
,1687935600.0,cloamy,2023,-0.2815092733510707,,-999.0,-999.0,GBRT,1,6.444353580857909,,8.190146658736474,4.71830645976308,4.43679718641201,0.0,-0.2815092733510707,12.0,2023-06-28 07:00:00
,1688022000.0,cloamy,2023,-0.3711657937862422,,-999.0,-999.0,GBRT,1,6.466836169721685,,2.6534944981591777,4.71830645976308,4.347140665976838,0.0,-0.3711657937862422,6.444353580857909,2023-06-29 07:00:00
,1688108400.0,cloamy,2023,-0.3734795554882733,,-999.0,-999.0,GBRT,1,6.96837365510982,,7.811921140444205,4.71830645976308,4.344826904274807,0.0,-0.3734795554882733,6.466836169721685,2023-06-30 07:00:00
,1688194800.0,cloamy,2023,-0.4419973410115211,,-999.0,-999.0,GBRT,1,6.254678600839873,,2.989408376370308,4.71830645976308,4.276309118751559,0.0,-0.4419973410115211,6.96837365510982,2023-07-01 07:00:00
,1688281200.0,cloamy,2023,-0.4949317824168815,,-999.0,-999.0,GBRT,1,6.907906728661766,,3.628606534620321,4.71830645976308,4.223374677346198,0.0,-0.4949317824168815,6.254678600839873,2023-07-02 07:00:00
,1688367600.0,cloamy,2023,-0.513036299255902,,-999.0,-999.0,GBRT,1,7.376183772156026,,5.9091258835011,4.71830645976308,4.205270160507178,0.0,-0.513036299255902,6.907906728661766,2023-07-03 07:00:00
,1688454000.0,cloamy,2023,-0.5205449506395087,,-999.0,-999.0,GBRT,1,7.325362102847141,,6.621532339824514,4.71830645976308,4.197761509123572,0.0,-0.5205449506395087,7.376183772156026,2023-07-04 07:00:00
,1688540400.0,cloamy,2023,-0.5332319924871983,,-999.0,-999.0,GBRT,1,7.276186847210885,,6.395412175418061,4.71830645976308,4.185074467275882,0.0,-0.5332319924871983,7.325362102847141,2023-07-05 07:00:00
,1688626800.0,cloamy,2023,-0.5276287942376277,,-999.0,-999.0,GBRT,1,6.942309953644231,,7.492344925936937,4.71830645976308,4.1906776655254525,5.0,-0.5276287942376277,7.276186847210885,2023-07-06 07:00:00
,1688713200.0,cloamy,2023,-0.5881841245350153,,-999.0,-999.0,GBRT,1,6.8761308907800025,,3.3788724562330463,4.71830645976308,4.130122335228065,0.0,-0.5881841245350153,6.942309953644231,2023-07-07 07:00:00
,1688799600.0,cloamy,2023,-0.6028128683035998,,-999.0,-999.0,GBRT,1,7.005544616015342,,6.518921569415171,4.71830645976308,4.11549359145948,0.0,-0.6028128683035998,6.8761308907800025,2023-07-08 07:00:00
,1688886000.0,cloamy,2023,-0.5964782703612361,,-999.0,-999.0,GBRT,1,7.040638603252129,,7.0675670514600375,4.71830645976308,4.121828189401844,0.0,-0.5964782703612361,7.005544616015342,2023-07-09 07:00:00
,1688972400.0,cloamy,2023,-0.5889186415416112,,-999.0,-999.0,GBRT,1,7.376183772156026,,6.961944041187434,4.71830645976308,4.129387818221469,0.0,-0.5889186415416112,7.040638603252129,2023-07-10 07:00:00
,1689058800.0,cloamy,2023,-0.5696817787259413,,-999.0,-999.0,GBRT,1,7.376183772156026,,7.523781176422247,4.71830645976308,4.1486246810371386,0.0,-0.5696817787259413,7.376183772156026,2023-07-11 07:00:00
,1689145200.0,cloamy,2023,-0.5481595720136924,,-999.0,-999.0,GBRT,1,7.446413561178357,,7.806608352298979,4.71830645976308,4.170146887749388,0.0,-0.5481595720136924,7.376183772156026,2023-07-12 07:00:00
,1689231600.0,cloamy,2023,-0.5283517189111971,,-999.0,-999.0,GBRT,1,11.646619488715272,,7.714035948667738,4.71830645976308,4.189954740851883,22.8,-0.5283517189111971,7.446413561178357,2023-07-13 07:00:00
,1689318000.0,cloamy,2023,-0.711687365573054,,-999.0,-999.0,GBRT,1,7.481310857399386,,2.9961159428327533,4.71830645976308,4.006619094190026,0.0,-0.711687365573054,11.646619488715272,2023-07-14 07:00:00
,1689404400.0,cloamy,2023,-0.8204517252748327,,-999.0,-999.0,GBRT,1,0.0,,5.390782029334142,4.71830645976308,3.897854734488248,0.0,-0.8204517252748327,7.481310857399386,2023-07-15 07:00:00
,1689490800.0,cloamy,2023,-0.8275418286272568,,-999.0,-999.0,GBRT,1,0.0,,7.109056997180415,4.71830645976308,3.890764631135824,0.0,-0.8275418286272568,0.0,2023-07-16 07:00:00
,1689577200.0,cloamy,2023,-0.7725580481080175,,-999.0,-999.0,GBRT,1,0.0,,6.608581357186508,4.71830645976308,3.945748411655063,0.0,-0.7725580481080175,0.0,2023-07-17 07:00:00
,1689663600.0,cloamy,2023,-0.6182516071051942,,-999.0,-999.0,GBRT,1,5.988602888843441,,7.500311698248804,4.71830645976308,4.100054852657886,0.0,-0.6182516071051942,0.0,2023-07-18 07:00:00
,1689750000.0,cloamy,2023,-0.5124916741288074,,-999.0,-999.0,GBRT,1,6.420541801325547,,7.063404491828016,4.71830645976308,4.2058147856342725,0.0,-0.5124916741288074,5.988602888843441,2023-07-19 07:00:00
,1689836400.0,cloamy,2023,-0.3983986655143862,,-999.0,-999.0,GBRT,1,7.66885656817048,,7.949048805371062,4.71830645976308,4.319907794248694,0.0,-0.3983986655143862,6.420541801325547,2023-07-20 07:00:00
,1689922800.0,cloamy,2023,-0.3552176479750544,,-999.0,-999.0,GBRT,1,7.28317535791574,,6.202164075023188,4.71830645976308,4.3630888117880255,0.0,-0.3552176479750544,7.66885656817048,2023-07-21 07:00:00
,1687503600.0,cloamy,2023,-0.5785463241166519,,-999.0,-999.0,GBRT,2,0.0,,6.420277994663035,4.71830645976308,4.139760135646428,0.0,-0.5785463241166519,0.0,2023-06-23 07:00:00
,1687590000.0,cloamy,2023,-0.4620931410198036,,-1.0,-1.0,GBRT,2,0.0,,6.3387606045021405,4.71830645976308,4.256213318743277,0.0,-0.4620931410198036,0.0,2023-06-24 07:00:00
,1687676400.0,cloamy,2023,-0.3297361024204429,,-999.0,-999.0,GBRT,2,17.14863348795175,,7.077332335884068,4.71830645976308,4.388570357342638,0.0,-0.3297361024204429,0.0,2023-06-25 07:00:00
,1687762800.0,cloamy,2023,-0.3964810830093567,,-1.0,-1.0,GBRT,2,0.0,,6.229180911248416,4.71830645976308,4.321825376753724,0.0,-0.3964810830093567,17.14863348795175,2023-06-26 07:00:00
,1687849200.0,cloamy,2023,-0.3457870575442079,,-999.0,-999.0,GBRT,2,24.0,,7.717627618312005,4.71830645976308,4.372519402218872,0.0,-0.3457870575442079,0.0,2023-06-27 07:00:00
,1687935600.0,cloamy,2023,-0.4204973968598792,,-1.0,-1.0,GBRT,2,0.0,,8.190146658736474,4.71830645976308,4.297809062903201,0.0,-0.4204973968598792,24.0,2023-06-28 07:00:00
,1688022000.0,cloamy,2023,-0.5450234239366908,,-999.0,-999.0,GBRT,2,13.652557664840083,,2.6534944981591777,4.71830645976308,4.1732830358263895,0.0,-0.5450234239366908,0.0,2023-06-29 07:00:00
,1688108400.0,cloamy,2023,-0.5624457138513375,,-1.0,-1.0,GBRT,2,0.0,,7.811921140444205,4.71830645976308,4.155860745911743,0.0,-0.5624457138513375,13.652557664840083,2023-06-30 07:00:00
,1688194800.0,cloamy,2023,-0.635387070525021,,-999.0,-999.0,GBRT,2,13.581471356690006,,2.989408376370308,4.71830645976308,4.082919389238059,0.0,-0.635387070525021,0.0,2023-07-01 07:00:00
,1688281200.0,cloamy,2023,-0.6826935812523206,,-1.0,-1.0,GBRT,2,0.0,,3.628606534620321,4.71830645976308,4.03561287851076,0.0,-0.6826935812523206,13.581471356690006,2023-07-02 07:00:00
,1688367600.0,cloamy,2023,-0.6976577919072529,,-999.0,-999.0,GBRT,2,24.0,,5.9091258835011,4.71830645976308,4.020648667855827,0.0,-0.6976577919072529,0.0,2023-07-03 07:00:00
,1688454000.0,cloamy,2023,-0.7246266512207212,,-1.0,-1.0,GBRT,2,0.0,,6.621532339824514,4.71830645976308,3.993679808542359,0.0,-0.7246266512207212,24.0,2023-07-04 07:00:00
,1688540400.0,cloamy,2023,-0.786485153687332,,-999.0,-999.0,GBRT,2,0.0,,6.395412175418061,4.71830645976308,3.931821306075748,0.0,-0.786485153687332,0.0,2023-07-05 07:00:00
,1688626800.0,cloamy,2023,-0.7637943968767151,,-1.0,-1.0,GBRT,2,0.0,,7.492344925936937,4.71830645976308,3.954512062886365,5.0,-0.7637943968767151,0.0,2023-07-06 07:00:00
,1688713200.0,cloamy,2023,-0.7460061608976375,,-999.0,-999.0,GBRT,2,13.293494159725642,,3.3788724562330463,4.71830645976308,3.972300298865443,0.0,-0.7460061608976375,0.0,2023-07-07 07:00:00
,1688799600.0,cloamy,2023,-0.7187006636362285,,-1.0,-1.0,GBRT,2,0.0,,6.518921569415171,4.71830645976308,3.999605796126852,0.0,-0.7187006636362285,13.293494159725642,2023-07-08 07:00:00
,1688886000.0,cloamy,2023,-0.6785198703029489,,-999.0,-999.0,GBRT,2,20.349853872800622,,7.0675670514600375,4.71830645976308,4.039786589460132,0.0,-0.6785198703029489,0.0,2023-07-09 07:00:00
,1688972400.0,cloamy,2023,-0.6739165534048037,,-1.0,-1.0,GBRT,2,0.0,,6.961944041187434,4.71830645976308,4.044389906358276,0.0,-0.6739165534048037,20.349853872800622,2023-07-10 07:00:00
,1689058800.0,cloamy,2023,-0.6822880588502951,,-999.0,-999.0,GBRT,2,20.349853872800622,,7.523781176422247,4.71830645976308,4.036018400912785,0.0,-0.6822880588502951,0.0,2023-07-11 07:00:00
,1689145200.0,cloamy,2023,-0.6836563173508613,,-1.0,-1.0,GBRT,2,0.0,,7.806608352298979,4.71830645976308,4.034650142412219,0.0,-0.6836563173508613,20.349853872800622,2023-07-12 07:00:00
,1689231600.0,cloamy,2023,-0.7080574190629453,,-999.0,-999.0,GBRT,2,24.0,,7.714035948667738,4.71830645976308,4.010249040700135,22.8,-0.7080574190629453,0.0,2023-07-13 07:00:00
,1689318000.0,cloamy,2023,-0.898980982144024,,-1.0,-1.0,GBRT,2,0.0,,2.9961159428327533,4.71830645976308,3.819325477619056,0.0,-0.898980982144024,24.0,2023-07-14 07:00:00
,1689404400.0,cloamy,2023,-1.0421347711022015,,-999.0,-999.0,GBRT,2,0.0,,5.390782029334142,4.71830645976308,3.676171688660879,0.0,-1.0421347711022015,0.0,2023-07-15 07:00:00
,1689490800.0,cloamy,2023,-1.0625925576483626,,-1.0,-1.0,GBRT,2,0.0,,7.109056997180415,4.71830645976308,3.6557139021147176,0.0,-1.0625925576483626,0.0,2023-07-16 07:00:00
,1689577200.0,cloamy,2023,-1.0159783583701023,,-999.0,-999.0,GBRT,2,0.0,,6.608581357186508,4.71830645976308,3.702328101392978,0.0,-1.0159783583701023,0.0,2023-07-17 07:00:00
,1689663600.0,cloamy,2023,-0.8683497157794992,,-1.0,-1.0,GBRT,2,0.0,,7.500311698248804,4.71830645976308,3.849956743983581,0.0,-0.8683497157794992,0.0,2023-07-18 07:00:00
,1689750000.0,cloamy,2023,-0.6821200121575375,,-999.0,-999.0,GBRT,2,0.0,,7.063404491828016,4.71830645976308,4.036186447605543,0.0,-0.6821200121575375,0.0,2023-07-19 07:00:00
,1689836400.0,cloamy,2023,-0.4614754014554522,,-1.0,-1.0,GBRT,2,0.0,,7.949048805371062,4.71830645976308,4.256831058307628,0.0,-0.4614754014554522,0.0,2023-07-20 07:00:00
,1689922800.0,cloamy,2023,-0.282488605695608,,-999.0,-999.0,GBRT,2,20.349853872800622,,6.202164075023188,4.71830645976308,4.435817854067472,0.0,-0.282488605695608,0.0,2023-07-21 07:00:00
,1687503600.0,cloamy,2023,-0.5785463241166519,,-999.0,-999.0,GBRT,3,0.0,,6.420277994663035,4.71830645976308,4.139760135646428,0.0,-0.5785463241166519,0.0,2023-06-23 07:00:00
,1687590000.0,cloamy,2023,-0.4620931410198036,,-1.0,-1.0,GBRT,3,0.0,,6.3387606045021405,4.71830645976308,4.256213318743277,0.0,-0.4620931410198036,0.0,2023-06-24 07:00:00
,1687676400.0,cloamy,2023,-0.3297361024204429,,-1.0,-1.0,GBRT,3,0.0,,7.077332335884068,4.71830645976308,4.388570357342638,0.0,-0.3297361024204429,0.0,2023-06-25 07:00:00
,1687762800.0,cloamy,2023,-0.2124654525766867,,-999.0,-999.0,GBRT,3,36.0,,6.229180911248416,4.71830645976308,4.505841007186394,0.0,-0.2124654525766867,0.0,2023-06-26 07:00:00
,1687849200.0,cloamy,2023,-0.4138599328277869,,-1.0,-1.0,GBRT,3,0.0,,7.717627618312005,4.71830645976308,4.304446526935293,0.0,-0.4138599328277869,36.0,2023-06-27 07:00:00
,1687935600.0,cloamy,2023,-0.4906215199042609,,-1.0,-1.0,GBRT,3,0.0,,8.190146658736474,4.71830645976308,4.227684939858819,0.0,-0.4906215199042609,0.0,2023-06-28 07:00:00
,1688022000.0,cloamy,2023,-0.5223258459439096,,-999.0,-999.0,GBRT,3,25.00225112526053,,2.6534944981591777,4.71830645976308,4.195980613819171,0.0,-0.5223258459439096,0.0,2023-06-29 07:00:00
,1688108400.0,cloamy,2023,-0.5632114448392428,,-1.0,-1.0,GBRT,3,0.0,,7.811921140444205,4.71830645976308,4.1550950149238375,0.0,-0.5632114448392428,25.00225112526053,2023-06-30 07:00:00
,1688194800.0,cloamy,2023,-0.6872603881314157,,-1.0,-1.0,GBRT,3,0.0,,2.989408376370308,4.71830645976308,4.031046071631665,0.0,-0.6872603881314157,0.0,2023-07-01 07:00:00
,1688281200.0,cloamy,2023,-0.709370787751552,,-999.0,-999.0,GBRT,3,36.0,,3.628606534620321,4.71830645976308,4.008935672011528,0.0,-0.709370787751552,0.0,2023-07-02 07:00:00
,1688367600.0,cloamy,2023,-0.7739887828285233,,-1.0,-1.0,GBRT,3,0.0,,5.9091258835011,4.71830645976308,3.944317676934557,0.0,-0.7739887828285233,36.0,2023-07-03 07:00:00
,1688454000.0,cloamy,2023,-0.8822993128460246,,-1.0,-1.0,GBRT,3,0.0,,6.621532339824514,4.71830645976308,3.836007146917056,0.0,-0.8822993128460246,0.0,2023-07-04 07:00:00
,1688540400.0,cloamy,2023,-0.9104351700398648,,-999.0,-999.0,GBRT,3,0.0,,6.395412175418061,4.71830645976308,3.807871289723215,0.0,-0.9104351700398648,0.0,2023-07-05 07:00:00
,1688626800.0,cloamy,2023,-0.8601053072005991,,-1.0,-1.0,GBRT,3,0.0,,7.492344925936937,4.71830645976308,3.858201152562481,5.0,-0.8601053072005991,0.0,2023-07-06 07:00:00
,1688713200.0,cloamy,2023,-0.8194871736237556,,-1.0,-1.0,GBRT,3,0.0,,3.3788724562330463,4.71830645976308,3.8988192861393247,0.0,-0.8194871736237556,0.0,2023-07-07 07:00:00
,1688799600.0,cloamy,2023,-0.7002376658118061,,-999.0,-999.0,GBRT,3,32.456707718251714,,6.518921569415171,4.71830645976308,4.018068793951274,0.0,-0.7002376658118061,0.0,2023-07-08 07:00:00
,1688886000.0,cloamy,2023,-0.7529746606080309,,-1.0,-1.0,GBRT,3,0.0,,7.0675670514600375,4.71830645976308,3.9653317991550496,0.0,-0.7529746606080309,32.456707718251714,2023-07-09 07:00:00
,1688972400.0,cloamy,2023,-0.8000109667877344,,-1.0,-1.0,GBRT,3,0.0,,6.961944041187434,4.71830645976308,3.918295492975346,0.0,-0.8000109667877344,0.0,2023-07-10 07:00:00
,1689058800.0,cloamy,2023,-0.7609282036732403,,-999.0,-999.0,GBRT,3,35.05939498903066,,7.523781176422247,4.71830645976308,3.95737825608984,0.0,-0.7609282036732403,0.0,2023-07-11 07:00:00
,1689145200.0,cloamy,2023,-0.7809000062444128,,-1.0,-1.0,GBRT,3,0.0,,7.806608352298979,4.71830645976308,3.9374064535186672,0.0,-0.7809000062444128,35.05939498903066,2023-07-12 07:00:00
,1689231600.0,cloamy,2023,-0.8590138906707075,,-1.0,-1.0,GBRT,3,0.0,,7.714035948667738,4.71830645976308,3.8592925690923727,22.8,-0.8590138906707075,0.0,2023-07-13 07:00:00
,1689318000.0,cloamy,2023,-1.0008207965934843,,-999.0,-999.0,GBRT,3,0.0,,2.9961159428327533,4.71830645976308,3.717485663169596,0.0,-1.0008207965934843,0.0,2023-07-14 07:00:00
,1689404400.0,cloamy,2023,-1.058827536088305,,-1.0,-1.0,GBRT,3,0.0,,5.390782029334142,4.71830645976308,3.6594789236747753,0.0,-1.058827536088305,0.0,2023-07-15 07:00:00
,1689490800.0,cloamy,2023,-1.0110985360825844,,-1.0,-1.0,GBRT,3,0.0,,7.109056997180415,4.71830645976308,3.707207923680496,0.0,-1.0110985360825844,0.0,2023-07-16 07:00:00
,1689577200.0,cloamy,2023,-0.8926777948937513,,-999.0,-999.0,GBRT,3,0.0,,6.608581357186508,4.71830645976308,3.825628664869329,0.0,-0.8926777948937513,0.0,2023-07-17 07:00:00
,1689663600.0,cloamy,2023,-0.6998940878187782,,-1.0,-1.0,GBRT,3,0.0,,7.500311698248804,4.71830645976308,4.018412371944302,0.0,-0.6998940878187782,0.0,2023-07-18 07:00:00
,1689750000.0,cloamy,2023,-0.5082106227931888,,-1.0,-1.0,GBRT,3,0.0,,7.063404491828016,4.71830645976308,4.210095836969892,0.0,-0.5082106227931888,0.0,2023-07-19 07:00:00
,1689836400.0,cloamy,2023,-0.2780671357531735,,-999.0,-999.0,GBRT,3,35.515227815500616,,7.949048805371062,4.71830645976308,4.440239324009907,0.0,-0.2780671357531735,0.0,2023-07-20 07:00:00
,1689922800.0,cloamy,2023,-0.4540676677698024,,-1.0,-1.0,GBRT,3,0.0,,6.202164075023188,4.71830645976308,4.264238791993278,0.0,-0.4540676677698024,35.515227815500616,2023-07-21 07:00:00
,1687503600.0,cloamy,2023,-0.5785463241166519,,-999.0,-999.0,GBRT,5,0.0,,6.420277994663035,4.71830645976308,4.139760135646428,0.0,-0.5785463241166519,0.0,2023-06-23 07:00:00
,1687590000.0,cloamy,2023,-0.4620931410198036,,-1.0,-1.0,GBRT,5,0.0,,6.3387606045021405,4.71830645976308,4.256213318743277,0.0,-0.4620931410198036,0.0,2023-06-24 07:00:00
,1687676400.0,cloamy,2023,-0.3297361024204429,,-1.0,-1.0,GBRT,5,0.0,,7.077332335884068,4.71830645976308,4.388570357342638,0.0,-0.3297361024204429,0.0,2023-06-25 07:00:00
,1687762800.0,cloamy,2023,-0.2124654525766867,,-1.0,-1.0,GBRT,5,0.0,,6.229180911248416,4.71830645976308,4.505841007186394,0.0,-0.2124654525766867,0.0,2023-06-26 07:00:00
,1687849200.0,cloamy,2023,-0.0700914529969459,,-1.0,-1.0,GBRT,5,0.0,,7.717627618312005,4.71830645976308,4.648215006766135,0.0,-0.0700914529969459,0.0,2023-06-27 07:00:00
,1687935600.0,cloamy,2023,0.0817117389042924,,-999.0,-999.0,GBRT,5,47.15663225916539,,8.190146658736474,4.71830645976308,4.800018198667373,0.0,0.0817117389042924,0.0,2023-06-28 07:00:00
,1688022000.0,cloamy,2023,-0.339027557160916,,-1.0,-1.0,GBRT,5,0.0,,2.6534944981591777,4.71830645976308,4.379278902602164,0.0,-0.339027557160916,47.15663225916539,2023-06-29 07:00:00
,1688108400.0,cloamy,2023,-0.4962580684383906,,-1.0,-1.0,GBRT,5,0.0,,7.811921140444205,4.71830645976308,4.22204839132469,0.0,-0.4962580684383906,0.0,2023-06-30 07:00:00
,1688194800.0,cloamy,2023,-0.5549309374365945,,-1.0,-1.0,GBRT,5,0.0,,2.989408376370308,4.71830645976308,4.163375522326485,0.0,-0.5549309374365945,0.0,2023-07-01 07:00:00
,1688281200.0,cloamy,2023,-0.5387563737879024,,-1.0,-1.0,GBRT,5,0.0,,3.628606534620321,4.71830645976308,4.179550085975178,0.0,-0.5387563737879024,0.0,2023-07-02 07:00:00
,1688367600.0,cloamy,2023,-0.4412757230562692,,-999.0,-999.0,GBRT,5,57.45797426202144,,5.9091258835011,4.71830645976308,4.277030736706811,0.0,-0.4412757230562692,0.0,2023-07-03 07:00:00
,1688454000.0,cloamy,2023,-0.616745841875301,,-1.0,-1.0,GBRT,5,0.0,,6.621532339824514,4.71830645976308,4.101560617887779,0.0,-0.616745841875301,57.45797426202144,2023-07-04 07:00:00
,1688540400.0,cloamy,2023,-0.8382363929632879,,-1.0,-1.0,GBRT,5,0.0,,6.395412175418061,4.71830645976308,3.880070066799792,0.0,-0.8382363929632879,0.0,2023-07-05 07:00:00
,1688626800.0,cloamy,2023,-0.8947402106364819,,-1.0,-1.0,GBRT,5,0.0,,7.492344925936937,4.71830645976308,3.8235662491265994,5.0,-0.8947402106364819,0.0,2023-07-06 07:00:00
,1688713200.0,cloamy,2023,-0.9260189562471268,,-1.0,-1.0,GBRT,5,0.0,,3.3788724562330463,4.71830645976308,3.792287503515953,0.0,-0.9260189562471268,0.0,2023-07-07 07:00:00
,1688799600.0,cloamy,2023,-0.8780561939648078,,-999.0,-999.0,GBRT,5,0.0,,6.518921569415171,4.71830645976308,3.840250265798272,0.0,-0.8780561939648078,0.0,2023-07-08 07:00:00
,1688886000.0,cloamy,2023,-0.7511199868622167,,-1.0,-1.0,GBRT,5,0.0,,7.0675670514600375,4.71830645976308,3.967186472900864,0.0,-0.7511199868622167,0.0,2023-07-09 07:00:00
,1688972400.0,cloamy,2023,-0.6001837979562297,,-1.0,-1.0,GBRT,5,0.0,,6.961944041187434,4.71830645976308,4.118122661806851,0.0,-0.6001837979562297,0.0,2023-07-10 07:00:00
,1689058800.0,cloamy,2023,-0.4255758771127272,,-1.0,-1.0,GBRT,5,0.0,,7.523781176422247,4.71830645976308,4.292730582650353,0.0,-0.4255758771127272,0.0,2023-07-11 07:00:00
,1689145200.0,cloamy,2023,-0.2362715320072438,,-1.0,-1.0,GBRT,5,0.0,,7.806608352298979,4.71830645976308,4.482034927755836,0.0,-0.2362715320072438,0.0,2023-07-12 07:00:00
,1689231600.0,cloamy,2023,-0.0405754284586271,,-999.0,-999.0,GBRT,5,50.06429311391682,,7.714035948667738,4.71830645976308,4.677731031304453,22.8,-0.0405754284586271,0.0,2023-07-13 07:00:00
,1689318000.0,cloamy,2023,-0.5330956495427465,,-1.0,-1.0,GBRT,5,0.0,,2.9961159428327533,4.71830645976308,4.185210810220334,0.0,-0.5330956495427465,50.06429311391682,2023-07-14 07:00:00
,1689404400.0,cloamy,2023,-0.7669067627066035,,-1.0,-1.0,GBRT,5,0.0,,5.390782029334142,4.71830645976308,3.951399697056477,0.0,-0.7669067627066035,0.0,2023-07-15 07:00:00
,1689490800.0,cloamy,2023,-0.7946589028860814,,-1.0,-1.0,GBRT,5,0.0,,7.109056997180415,4.71830645976308,3.923647556876999,0.0,-0.7946589028860814,0.0,2023-07-16 07:00:00
,1689577200.0,cloamy,2023,-0.7478065759053947,,-1.0,-1.0,GBRT,5,0.0,,6.608581357186508,4.71830645976308,3.9704998838576855,0.0,-0.7478065759053947,0.0,2023-07-17 07:00:00
,1689663600.0,cloamy,2023,-0.6035860793782655,,-999.0,-999.0,GBRT,5,52.69121735342273,,7.500311698248804,4.71830645976308,4.114720380384815,0.0,-0.6035860793782655,0.0,2023-07-18 07:00:00
,1689750000.0,cloamy,2023,-0.701734942303296,,-1.0,-1.0,GBRT,5,0.0,,7.063404491828016,4.71830645976308,4.016571517459784,0.0,-0.701734942303296,52.69121735342273,2023-07-19 07:00:00
,1689836400.0,cloamy,2023,-0.8414014810654823,,-1.0,-1.0,GBRT,5,0.0,,7.949048805371062,4.71830645976308,3.8769049786975978,0.0,-0.8414014810654823,0.0,2023-07-20 07:00:00
,1689922800.0,cloamy,2023,-0.8873333608238558,,-1.0,-1.0,GBRT,5,0.0,,6.202164075023188,4.71830645976308,3.830973098939225,0.0,-0.8873333608238558,0.0,2023-07-21 07:00:00
,1687503600.0,cloamy,2023,-0.5785463241166519,,-999.0,-999.0,GBRT,7,0.0,,6.420277994663035,4.71830645976308,4.139760135646428,0.0,-0.5785463241166519,0.0,2023-06-23 07:00:00
,1687590000.0,cloamy,2023,-0.4620931410198036,,-1.0,-1.0,GBRT,7,0.0,,6.3387606045021405,4.71830645976308,4.256213318743277,0.0,-0.4620931410198036,0.0,2023-06-24 07:00:00
,1687676400.0,cloamy,2023,-0.3297361024204429,,-1.0,-1.0,GBRT,7,0.0,,7.077332335884068,4.71830645976308,4.388570357342638,0.0,-0.3297361024204429,0.0,2023-06-25 07:00:00
,1687762800.0,cloamy,2023,-0.2124654525766867,,-1.0,-1.0,GBRT,7,0.0,,6.229180911248416,4.71830645976308,4.505841007186394,0.0,-0.2124654525766867,0.0,2023-06-26 07:00:00
,1687849200.0,cloamy,2023,-0.0700914529969459,,-1.0,-1.0,GBRT,7,0.0,,7.717627618312005,4.71830645976308,4.648215006766135,0.0,-0.0700914529969459,0.0,2023-06-27 07:00:00
,1687935600.0,cloamy,2023,0.0817117389042924,,-1.0,-1.0,GBRT,7,0.0,,8.190146658736474,4.71830645976308,4.800018198667373,0.0,0.0817117389042924,0.0,2023-06-28 07:00:00
,1688022000.0,cloamy,2023,0.1313968852461777,,-1.0,-1.0,GBRT,7,0.0,,2.6534944981591777,4.71830645976308,4.849703345009258,0.0,0.1313968852461777,0.0,2023-06-29 07:00:00
,1688108400.0,cloamy,2023,0.2714829592223559,,-999.0,-999.0,GBRT,7,84.0,,7.811921140444205,4.71830645976308,4.989789418985437,0.0,0.2714829592223559,0.0,2023-06-30 07:00:00
,1688194800.0,cloamy,2023,-0.2696898056317303,,-1.0,-1.0,GBRT,7,0.0,,2.989408376370308,4.71830645976308,4.44861665413135,0.0,-0.2696898056317303,84.0,2023-07-01 07:00:00
,1688281200.0,cloamy,2023,-0.7896905894718534,,-1.0,-1.0,GBRT,7,0.0,,3.628606534620321,4.71830645976308,3.928615870291227,0.0,-0.7896905894718534,0.0,2023-07-02 07:00:00
,1688367600.0,cloamy,2023,-0.900338682251957,,-1.0,-1.0,GBRT,7,0.0,,5.9091258835011,4.71830645976308,3.8179677775111234,0.0,-0.900338682251957,0.0,2023-07-03 07:00:00
,1688454000.0,cloamy,2023,-0.9124131302363168,,-1.0,-1.0,GBRT,7,0.0,,6.621532339824514,4.71830645976308,3.8058933295267634,0.0,-0.9124131302363168,0.0,2023-07-04 07:00:00
,1688540400.0,cloamy,2023,-0.86360325984242,,-1.0,-1.0,GBRT,7,0.0,,6.395412175418061,4.71830645976308,3.85470319992066,0.0,-0.86360325984242,0.0,2023-07-05 07:00:00
,1688626800.0,cloamy,2023,-0.7265157294992196,,-1.0,-1.0,GBRT,7,0.0,,7.492344925936937,4.71830645976308,3.991790730263861,5.0,-0.7265157294992196,0.0,2023-07-06 07:00:00
,1688713200.0,cloamy,2023,-0.6617596600344376,,-999.0,-999.0,GBRT,7,45.6085442879086,,3.3788724562330463,4.71830645976308,4.056546799728642,0.0,-0.6617596600344376,0.0,2023-07-07 07:00:00
,1688799600.0,cloamy,2023,-0.7896479762425124,,-1.0,-1.0,GBRT,7,0.0,,6.518921569415171,4.71830645976308,3.928658483520568,0.0,-0.7896479762425124,45.6085442879086,2023-07-08 07:00:00
,1688886000.0,cloamy,2023,-0.8974516931478932,,-1.0,-1.0,GBRT,7,0.0,,7.0675670514600375,4.71830645976308,3.820854766615187,0.0,-0.8974516931478932,0.0,2023-07-09 07:00:00
,1688972400.0,cloamy,2023,-0.9139490091603212,,-1.0,-1.0,GBRT,7,0.0,,6.961944041187434,4.71830645976308,3.804357450602759,0.0,-0.9139490091603212,0.0,2023-07-10 07:00:00
,1689058800.0,cloamy,2023,-0.8592478548800446,,-1.0,-1.0,GBRT,7,0.0,,7.523781176422247,4.71830645976308,3.859058604883036,0.0,-0.8592478548800446,0.0,2023-07-11 07:00:00
,1689145200.0,cloamy,2023,-0.7196136859919731,,-1.0,-1.0,GBRT,7,0.0,,7.806608352298979,4.71830645976308,3.9986927737711073,0.0,-0.7196136859919731,0.0,2023-07-12 07:00:00
,1689231600.0,cloamy,2023,-0.5496581775355146,,-1.0,-1.0,GBRT,7,0.0,,7.714035948667738,4.71830645976308,4.168648282227566,22.8,-0.5496581775355146,0.0,2023-07-13 07:00:00
,1689318000.0,cloamy,2023,-0.615192558512495,,-999.0,-999.0,GBRT,7,0.0,,2.9961159428327533,4.71830645976308,4.103113901250585,0.0,-0.615192558512495,0.0,2023-07-14 07:00:00
,1689404400.0,cloamy,2023,-0.5451765441793144,,-1.0,-1.0,GBRT,7,0.0,,5.390782029334142,4.71830645976308,4.173129915583766,0.0,-0.5451765441793144,0.0,2023-07-15 07:00:00
,1689490800.0,cloamy,2023,-0.3920811736755257,,-1.0,-1.0,GBRT,7,0.0,,7.109056997180415,4.71830645976308,4.3262252860875545,0.0,-0.3920811736755257,0.0,2023-07-16 07:00:00
,1689577200.0,cloamy,2023,-0.2323414810279405,,-1.0,-1.0,GBRT,7,0.0,,6.608581357186508,4.71830645976308,4.48596497873514,0.0,-0.2323414810279405,0.0,2023-07-17 07:00:00
,1689663600.0,cloamy,2023,-0.0326067250068675,,-1.0,-1.0,GBRT,7,0.0,,7.500311698248804,4.71830645976308,4.685699734756213,0.0,-0.0326067250068675,0.0,2023-07-18 07:00:00
,1689750000.0,cloamy,2023,0.1633739403251537,,-1.0,-1.0,GBRT,7,0.0,,7.063404491828016,4.71830645976308,4.881680400088234,0.0,0.1633739403251537,0.0,2023-07-19 07:00:00
,1689836400.0,cloamy,2023,0.3713914411674507,,-1.0,-1.0,GBRT,7,0.0,,7.949048805371062,4.71830645976308,5.089697900930531,0.0,0.3713914411674507,0.0,2023-07-20 07:00:00
,1689922800.0,cloamy,2023,0.4974608545454289,,-999.0,-999.0,GBRT,7,79.4433282807385,,6.202164075023188,4.71830645976308,5.2157673143085095,0.0,0.4974608545454289,0.0,2023-07-21 07:00:00
,1719126000.0,cloamy,2024,-0.6176911353959775,,-999.0,-999.0,GBRT,1,6.955448781635526,,1.6632265501860408,4.71830645976308,4.100615324367102,1.7999999999999998,-0.6176911353959775,0.0,2024-06-23 07:00:00
,1719212400.0,cloamy,2024,-0.7150529063130362,,-999.0,-999.0,GBRT,1,0.0,,1.5856569477409397,4.71830645976308,4.003253553450044,5.8,-0.7150529063130362,6.955448781635526,2024-06-24 07:00:00
,1719298800.0,cloamy,2024,-0.7671553045974595,,-999.0,-999.0,GBRT,1,0.0,,1.643019943771474,4.71830645976308,3.9511511551656207,12.6,-0.7671553045974595,0.0,2024-06-25 07:00:00
,1719385200.0,cloamy,2024,-0.7762533849193298,,-999.0,-999.0,GBRT,1,0.0,,3.7360647761286776,4.71830645976308,3.9420530748437503,1.0,-0.7762533849193298,0.0,2024-06-26 07:00:00
,1719471600.0,cloamy,2024,-0.8088646537248061,,-999.0,-999.0,GBRT,1,0.0,,3.283058105037508,4.71830645976308,3.909441806038274,0.0,-0.8088646537248061,0.0,2024-06-27 07:00:00
,1719558000.0,cloamy,2024,-0.6989750473504828,,-999.0,-999.0,GBRT,1,0.0,,8.105450401178516,4.71830645976308,4.019331412412598,0.0,-0.6989750473504828,0.0,2024-06-28 07:00:00
,1719644400.0,cloamy,2024,-0.5889306678802456,,-999.0,-999.0,GBRT,1,0.0,,6.855392222915658,4.71830645976308,4.129375791882834,0.0,-0.5889306678802456,0.0,2024-06-29 07:00:00
,1719730800.0,cloamy,2024,-0.4745004240668356,,-999.0,-999.0,GBRT,1,0.0,,6.275478723242181,4.71830645976308,4.243806035696244,0.0,-0.4745004240668356,0.0,2024-06-30 07:00:00
,1719817200.0,cloamy,2024,-0.2968475911717931,,-999.0,-999.0,GBRT,1,7.27219051733909,,9.008052630760128,4.71830645976308,4.421458868591287,0.0,-0.2968475911717931,0.0,2024-07-01 07:00:00
,1719903600.0,cloamy,2024,-0.268332466823704,,-999.0,-999.0,GBRT,1,8.40008045402358,,6.40343719338403,4.71830645976308,4.449973992939376,0.0,-0.268332466823704,7.27219051733909,2024-07-02 07:00:00
,1719990000.0,cloamy,2024,-0.2549116594613829,,-999.0,-999.0,GBRT,1,5.7779157346194525,,6.828302846826217,4.71830645976308,4.463394800301697,0.0,-0.2549116594613829,8.40008045402358,2024-07-03 07:00:00
,1720076400.0,cloamy,2024,-0.2900556351824881,,-999.0,-999.0,GBRT,1,5.986469036835931,,3.501203041998366,4.71830645976308,4.4282508245805925,0.0,-0.2900556351824881,5.7779157346194525,2024-07-04 07:00:00
,1720162800.0,cloamy,2024,-0.3096502301564002,,-999.0,-999.0,GBRT,1,6.8761308907800025,,4.110755932356144,4.71830645976308,4.40865622960668,0.0,-0.3096502301564002,5.986469036835931,2024-07-05 07:00:00
,1720249200.0,cloamy,2024,-0.2801956131898067,,-999.0,-999.0,GBRT,1,7.026892919942575,,7.570021332731803,4.71830645976308,4.438110846573274,0.0,-0.2801956131898067,6.8761308907800025,2024-07-06 07:00:00
,1720335600.0,cloamy,2024,-0.2558684065918772,,-999.0,-999.0,GBRT,1,7.219367163914695,,8.236770338981968,4.71830645976308,4.462438053171203,0.0,-0.2558684065918772,7.026892919942575,2024-07-07 07:00:00
,1720422000.0,cloamy,2024,-0.312656383557557,,-999.0,-999.0,GBRT,1,7.344536809766627,,3.5751601774979624,4.71830645976308,4.405650076205523,0.0,-0.312656383557557,7.219367163914695,2024-07-08 07:00:00
,1720508400.0,cloamy,2024,-0.3348746406787464,,-999.0,-999.0,GBRT,1,7.219367163914695,,6.021523561190189,4.71830645976308,4.3834318190843335,1.0,-0.3348746406787464,7.344536809766627,2024-07-09 07:00:00
,1720594800.0,cloamy,2024,-0.3518553613156955,,-999.0,-999.0,GBRT,1,7.376183772156026,,6.408995121084742,4.71830645976308,4.366451098447385,0.0,-0.3518553613156955,7.219367163914695,2024-07-10 07:00:00
,1720681200.0,cloamy,2024,-0.3530579233906941,,-999.0,-999.0,GBRT,1,7.404540163050502,,7.100145056634385,4.71830645976308,4.365248536372386,0.0,-0.3530579233906941,7.376183772156026,2024-07-11 07:00:00
,1720767600.0,cloamy,2024,-0.3299593230523406,,-999.0,-999.0,GBRT,1,7.439991966157071,,8.417233027045325,4.71830645976308,4.388347136710739,0.0,-0.3299593230523406,7.404540163050502,2024-07-12 07:00:00
,1720854000.0,cloamy,2024,-0.2845687560487946,,-999.0,-999.0,GBRT,1,7.668275895436537,,9.478835789843243,4.71830645976308,4.433737703714286,0.0,-0.2845687560487946,7.439991966157071,2024-07-13 07:00:00
,1720940400.0,cloamy,2024,-0.2569845561846965,,-999.0,-999.0,GBRT,1,7.668275895436537,,8.65408688020589,4.71830645976308,4.461321903578384,0.0,-0.2569845561846965,7.668275895436537,2024-07-14 07:00:00
,1721026800.0,cloamy,2024,-0.2404222799133843,,-999.0,-999.0,GBRT,1,7.668275895436537,,8.038553013013921,4.71830645976308,4.477884179849696,0.0,-0.2404222799133843,7.668275895436537,2024-07-15 07:00:00
,1721113200.0,cloamy,2024,-0.2232963911116249,,-999.0,-999.0,GBRT,1,7.668275895436537,,8.079175888672749,4.71830645976308,4.495010068651455,0.0,-0.2232963911116249,7.668275895436537,2024-07-16 07:00:00
,1721199600.0,cloamy,2024,-0.1713548926106132,,-999.0,-999.0,GBRT,1,7.668275895436537,,9.89638188136864,4.71830645976308,4.546951567152467,0.0,-0.1713548926106132,7.668275895436537,2024-07-17 07:00:00
,1721286000.0,cloamy,2024,-0.1379042150266941,,-999.0,-999.0,GBRT,1,7.668275895436537,,8.856197692783795,4.71830645976308,4.580402244736386,0.0,-0.1379042150266941,7.668275895436537,2024-07-18 07:00:00
,1721372400.0,cloamy,2024,-0.1123640012059194,,-999.0,-999.0,GBRT,1,7.668275895436537,,8.59349226880255,4.71830645976308,4.605942458557161,0.0,-0.1123640012059194,7.668275895436537,2024-07-19 07:00:00
,1721458800.0,cloamy,2024,-0.1243858712283428,,-999.0,-999.0,GBRT,1,7.668275895436537,,6.5994601364997925,4.71830645976308,4.593920588534737,0.0,-0.1243858712283428,7.668275895436537,2024-07-20 07:00:00
,1721545200.0,cloamy,2024,-0.1420634886308934,,-999.0,-999.0,GBRT,1,7.738505684458867,,6.35886520949269,4.71830645976308,4.576242971132187,0.0,-0.1420634886308934,7.668275895436537,2024-07-21 07:00:00
,1719126000.0,cloamy,2024,-0.6176911353959775,,-999.0,-999.0,GBRT,2,4.561642289058302,,1.6632265501860408,4.71830645976308,4.100615324367102,1.7999999999999998,-0.6176911353959775,0.0,2024-06-23 07:00:00
,1719212400.0,cloamy,2024,-0.6939701790568543,,-1.0,-1.0,GBRT,2,0.0,,1.5856569477409397,4.71830645976308,4.024336280706226,5.8,-0.6939701790568543,4.561642289058302,2024-06-24 07:00:00
,1719298800.0,cloamy,2024,-0.7342170970654274,,-999.0,-999.0,GBRT,2,0.0,,1.643019943771474,4.71830645976308,3.984089362697653,12.6,-0.7342170970654274,0.0,2024-06-25 07:00:00
,1719385200.0,cloamy,2024,-0.7387716452229361,,-1.0,-1.0,GBRT,2,0.0,,3.7360647761286776,4.71830645976308,3.979534814540144,1.0,-0.7387716452229361,0.0,2024-06-26 07:00:00
,1719471600.0,cloamy,2024,-0.7659982052345978,,-999.0,-999.0,GBRT,2,0.0,,3.283058105037508,4.71830645976308,3.952308254528482,0.0,-0.7659982052345978,0.0,2024-06-27 07:00:00
,1719558000.0,cloamy,2024,-0.6522508573651534,,-1.0,-1.0,GBRT,2,0.0,,8.105450401178516,4.71830645976308,4.066055602397927,0.0,-0.6522508573651534,0.0,2024-06-28 07:00:00
,1719644400.0,cloamy,2024,-0.5418113801558171,,-999.0,-999.0,GBRT,2,0.0,,6.855392222915658,4.71830645976308,4.176495079607263,0.0,-0.5418113801558171,0.0,2024-06-29 07:00:00
,1719730800.0,cloamy,2024,-0.4263345367015828,,-1.0,-1.0,GBRT,2,0.0,,6.275478723242181,4.71830645976308,4.291971923061498,0.0,-0.4263345367015828,0.0,2024-06-30 07:00:00
,1719817200.0,cloamy,2024,-0.2469566992815767,,-999.0,-999.0,GBRT,2,24.0,,9.008052630760128,4.71830645976308,4.471349760481504,0.0,-0.2469566992815767,0.0,2024-07-01 07:00:00
,1719903600.0,cloamy,2024,-0.3845818312539091,,-1.0,-1.0,GBRT,2,0.0,,6.40343719338403,4.71830645976308,4.333724628509171,0.0,-0.3845818312539091,24.0,2024-07-02 07:00:00
,1719990000.0,cloamy,2024,-0.3757600030436038,,-999.0,-999.0,GBRT,2,14.968702792340649,,6.828302846826217,4.71830645976308,4.342546456719476,0.0,-0.3757600030436038,0.0,2024-07-03 07:00:00
,1720076400.0,cloamy,2024,-0.4592065044922102,,-1.0,-1.0,GBRT,2,0.0,,3.501203041998366,4.71830645976308,4.25909995527087,0.0,-0.4592065044922102,14.968702792340649,2024-07-04 07:00:00
,1720162800.0,cloamy,2024,-0.4985460191417381,,-999.0,-999.0,GBRT,2,15.902529944123788,,4.110755932356144,4.71830645976308,4.219760440621342,0.0,-0.4985460191417381,0.0,2024-07-05 07:00:00
,1720249200.0,cloamy,2024,-0.5027403563210272,,-1.0,-1.0,GBRT,2,0.0,,7.570021332731803,4.71830645976308,4.215566103442053,0.0,-0.5027403563210272,15.902529944123788,2024-07-06 07:00:00
,1720335600.0,cloamy,2024,-0.4983206704107961,,-999.0,-999.0,GBRT,2,21.371271451612824,,8.236770338981968,4.71830645976308,4.219985789352284,0.0,-0.4983206704107961,0.0,2024-07-07 07:00:00
,1720422000.0,cloamy,2024,-0.5794056057584944,,-1.0,-1.0,GBRT,2,0.0,,3.5751601774979624,4.71830645976308,4.138900854004586,0.0,-0.5794056057584944,21.371271451612824,2024-07-08 07:00:00
,1720508400.0,cloamy,2024,-0.6442364528834434,,-999.0,-999.0,GBRT,2,20.349853872800622,,6.021523561190189,4.71830645976308,4.074070006879637,1.0,-0.6442364528834434,0.0,2024-07-09 07:00:00
,1720594800.0,cloamy,2024,-0.6826624289459796,,-1.0,-1.0,GBRT,2,0.0,,6.408995121084742,4.71830645976308,4.0356440308171,0.0,-0.6826624289459796,20.349853872800622,2024-07-10 07:00:00
,1720681200.0,cloamy,2024,-0.7281057749136783,,-999.0,-999.0,GBRT,2,0.0,,7.100145056634385,4.71830645976308,3.990200684849402,0.0,-0.7281057749136783,0.0,2024-07-11 07:00:00
,1720767600.0,cloamy,2024,-0.6785429912908371,,-1.0,-1.0,GBRT,2,0.0,,8.417233027045325,4.71830645976308,4.039763468472243,0.0,-0.6785429912908371,0.0,2024-07-12 07:00:00
,1720854000.0,cloamy,2024,-0.5149368235307105,,-999.0,-999.0,GBRT,2,20.349853872800622,,9.478835789843243,4.71830645976308,4.20336963623237,0.0,-0.5149368235307105,0.0,2024-07-13 07:00:00
,1720940400.0,cloamy,2024,-0.4917888298757142,,-1.0,-1.0,GBRT,2,0.0,,8.65408688020589,4.71830645976308,4.226517629887366,0.0,-0.4917888298757142,20.349853872800622,2024-07-14 07:00:00
,1721026800.0,cloamy,2024,-0.4520902115705836,,-999.0,-999.0,GBRT,2,20.221220125927093,,8.038553013013921,4.71830645976308,4.266216248192497,0.0,-0.4520902115705836,0.0,2024-07-15 07:00:00
,1721113200.0,cloamy,2024,-0.4527593307052422,,-1.0,-1.0,GBRT,2,0.0,,8.079175888672749,4.71830645976308,4.265547129057838,0.0,-0.4527593307052422,20.221220125927093,2024-07-16 07:00:00
,1721199600.0,cloamy,2024,-0.4222567776114324,,-999.0,-999.0,GBRT,2,20.221220125927093,,9.89638188136864,4.71830645976308,4.296049682151648,0.0,-0.4222567776114324,0.0,2024-07-17 07:00:00
,1721286000.0,cloamy,2024,-0.4174028331087624,,-1.0,-1.0,GBRT,2,0.0,,8.856197692783795,4.71830645976308,4.300903626654318,0.0,-0.4174028331087624,20.221220125927093,2024-07-18 07:00:00
,1721372400.0,cloamy,2024,-0.4239461080677834,,-999.0,-999.0,GBRT,2,24.0,,8.59349226880255,4.71830645976308,4.294360351695297,0.0,-0.4239461080677834,0.0,2024-07-19 07:00:00
,1721458800.0,cloamy,2024,-0.480142288478527,,-1.0,-1.0,GBRT,2,0.0,,6.5994601364997925,4.71830645976308,4.238164171284553,0.0,-0.480142288478527,24.0,2024-07-20 07:00:00
,1721545200.0,cloamy,2024,-0.5537775076060266,,-999.0,-999.0,GBRT,2,23.471067737440983,,6.35886520949269,4.71830645976308,4.164528952157053,0.0,-0.5537775076060266,0.0,2024-07-21 07:00:00
,1719126000.0,cloamy,2024,-0.6176911353959775,,-999.0,-999.0,GBRT,3,12.927292194411164,,1.6632265501860408,4.71830645976308,4.100615324367102,1.7999999999999998,-0.6176911353959775,0.0,2024-06-23 07:00:00
,1719212400.0,cloamy,2024,-0.7558492788248605,,-1.0,-1.0,GBRT,3,0.0,,1.5856569477409397,4.71830645976308,3.96245718093822,5.8,-0.7558492788248605,12.927292194411164,2024-06-24 07:00:00
,1719298800.0,cloamy,2024,-0.8377452536673083,,-1.0,-1.0,GBRT,3,0.0,,1.643019943771474,4.71830645976308,3.880561206095772,12.6,-0.8377452536673083,0.0,2024-06-25 07:00:00
,1719385200.0,cloamy,2024,-0.8636760117146792,,-999.0,-999.0,GBRT,3,0.0,,3.7360647761286776,4.71830645976308,3.854630448048401,1.0,-0.8636760117146792,0.0,2024-06-26 07:00:00
,1719471600.0,cloamy,2024,-0.908737857618038,,-1.0,-1.0,GBRT,3,0.0,,3.283058105037508,4.71830645976308,3.8095686021450414,0.0,-0.908737857618038,0.0,2024-06-27 07:00:00
,1719558000.0,cloamy,2024,-0.81666195795786,,-1.0,-1.0,GBRT,3,0.0,,8.105450401178516,4.71830645976308,3.90164450180522,0.0,-0.81666195795786,0.0,2024-06-28 07:00:00
,1719644400.0,cloamy,2024,-0.7068207748667964,,-999.0,-999.0,GBRT,3,0.0,,6.855392222915658,4.71830645976308,4.011485684896284,0.0,-0.7068207748667964,0.0,2024-06-29 07:00:00
,1719730800.0,cloamy,2024,-0.5935867587993318,,-1.0,-1.0,GBRT,3,0.0,,6.275478723242181,4.71830645976308,4.124719700963748,0.0,-0.5935867587993318,0.0,2024-06-30 07:00:00
,1719817200.0,cloamy,2024,-0.4187141183587832,,-1.0,-1.0,GBRT,3,0.0,,9.008052630760128,4.71830645976308,4.299592341404297,0.0,-0.4187141183587832,0.0,2024-07-01 07:00:00
,1719903600.0,cloamy,2024,-0.2863501639869205,,-999.0,-999.0,GBRT,3,28.330511596066263,,6.40343719338403,4.71830645976308,4.43195629577616,0.0,-0.2863501639869205,0.0,2024-07-02 07:00:00
,1719990000.0,cloamy,2024,-0.4444890214563985,,-1.0,-1.0,GBRT,3,0.0,,6.828302846826217,4.71830645976308,4.273817438306682,0.0,-0.4444890214563985,28.330511596066263,2024-07-03 07:00:00
,1720076400.0,cloamy,2024,-0.5124359407140276,,-1.0,-1.0,GBRT,3,0.0,,3.501203041998366,4.71830645976308,4.205870519049053,0.0,-0.5124359407140276,0.0,2024-07-04 07:00:00
,1720162800.0,cloamy,2024,-0.4817132357093432,,-999.0,-999.0,GBRT,3,21.15455606110104,,4.110755932356144,4.71830645976308,4.236593224053737,0.0,-0.4817132357093432,0.0,2024-07-05 07:00:00
,1720249200.0,cloamy,2024,-0.501327671369771,,-1.0,-1.0,GBRT,3,0.0,,7.570021332731803,4.71830645976308,4.216978788393309,0.0,-0.501327671369771,21.15455606110104,2024-07-06 07:00:00
,1720335600.0,cloamy,2024,-0.5046661403613247,,-1.0,-1.0,GBRT,3,0.0,,8.236770338981968,4.71830645976308,4.213640319401756,0.0,-0.5046661403613247,0.0,2024-07-07 07:00:00
,1720422000.0,cloamy,2024,-0.4968341292068105,,-999.0,-999.0,GBRT,3,30.646313934918528,,3.5751601774979624,4.71830645976308,4.22147233055627,0.0,-0.4968341292068105,0.0,2024-07-08 07:00:00
,1720508400.0,cloamy,2024,-0.5713858479075905,,-1.0,-1.0,GBRT,3,0.0,,6.021523561190189,4.71830645976308,4.1469206118554895,1.0,-0.5713858479075905,30.646313934918528,2024-07-09 07:00:00
,1720594800.0,cloamy,2024,-0.6682982301759123,,-1.0,-1.0,GBRT,3,0.0,,6.408995121084742,4.71830645976308,4.050008229587168,0.0,-0.6682982301759123,0.0,2024-07-10 07:00:00
,1720681200.0,cloamy,2024,-0.6517656394929877,,-999.0,-999.0,GBRT,3,30.802367957814585,,7.100145056634385,4.71830645976308,4.066540820270093,0.0,-0.6517656394929877,0.0,2024-07-11 07:00:00
,1720767600.0,cloamy,2024,-0.6632414100957158,,-1.0,-1.0,GBRT,3,0.0,,8.417233027045325,4.71830645976308,4.055065049667364,0.0,-0.6632414100957158,30.802367957814585,2024-07-12 07:00:00
,1720854000.0,cloamy,2024,-0.7085880700763523,,-1.0,-1.0,GBRT,3,0.0,,9.478835789843243,4.71830645976308,4.009718389686728,0.0,-0.7085880700763523,0.0,2024-07-13 07:00:00
,1720940400.0,cloamy,2024,-0.6672604268400701,,-999.0,-999.0,GBRT,3,30.50546123468032,,8.65408688020589,4.71830645976308,4.0510460329230105,0.0,-0.6672604268400701,0.0,2024-07-14 07:00:00
,1721026800.0,cloamy,2024,-0.6733525454428078,,-1.0,-1.0,GBRT,3,0.0,,8.038553013013921,4.71830645976308,4.044953914320272,0.0,-0.6733525454428078,30.50546123468032,2024-07-15 07:00:00
,1721113200.0,cloamy,2024,-0.7265566334663648,,-1.0,-1.0,GBRT,3,0.0,,8.079175888672749,4.71830645976308,3.991749826296716,0.0,-0.7265566334663648,0.0,2024-07-16 07:00:00
,1721199600.0,cloamy,2024,-0.662286715432446,,-999.0,-999.0,GBRT,3,30.43904927152624,,9.89638188136864,4.71830645976308,4.0560197443306345,0.0,-0.662286715432446,0.0,2024-07-17 07:00:00
,1721286000.0,cloamy,2024,-0.6483202599719992,,-1.0,-1.0,GBRT,3,0.0,,8.856197692783795,4.71830645976308,4.069986199791081,0.0,-0.6483202599719992,30.43904927152624,2024-07-18 07:00:00
,1721372400.0,cloamy,2024,-0.6879024580787962,,-1.0,-1.0,GBRT,3,0.0,,8.59349226880255,4.71830645976308,4.030404001684284,0.0,-0.6879024580787962,0.0,2024-07-19 07:00:00
,1721458800.0,cloamy,2024,-0.6681148225906144,,-999.0,-999.0,GBRT,3,33.27677130607777,,6.5994601364997925,4.71830645976308,4.050191637172466,0.0,-0.6681148225906144,0.0,2024-07-20 07:00:00
,1721545200.0,cloamy,2024,-0.7080725370742935,,-1.0,-1.0,GBRT,3,0.0,,6.35886520949269,4.71830645976308,4.010233922688787,0.0,-0.7080725370742935,33.27677130607777,2024-07-21 07:00:00
,1719126000.0,cloamy,2024,-0.6176911353959775,,-999.0,-999.0,GBRT,5,32.387520607220054,,1.6632265501860408,4.71830645976308,4.100615324367102,1.7999999999999998,-0.6176911353959775,0.0,2024-06-23 07:00:00
,1719212400.0,cloamy,2024,-0.839289956417782,,-1.0,-1.0,GBRT,5,0.0,,1.5856569477409397,4.71830645976308,3.8790165033452975,5.8,-0.839289956417782,32.387520607220054,2024-06-24 07:00:00
,1719298800.0,cloamy,2024,-0.9953340900518304,,-1.0,-1.0,GBRT,5,0.0,,1.643019943771474,4.71830645976308,3.72297236971125,12.6,-0.9953340900518304,0.0,2024-06-25 07:00:00
,1719385200.0,cloamy,2024,-1.0751915919771906,,-1.0,-1.0,GBRT,5,0.0,,3.7360647761286776,4.71830645976308,3.6431148677858896,1.0,-1.0751915919771906,0.0,2024-06-26 07:00:00
,1719471600.0,cloamy,2024,-1.1628816636746204,,-1.0,-1.0,GBRT,5,0.0,,3.283058105037508,4.71830645976308,3.55542479608846,0.0,-1.1628816636746204,0.0,2024-06-27 07:00:00
,1719558000.0,cloamy,2024,-1.151879815025321,,-999.0,-999.0,GBRT,5,0.0,,8.105450401178516,4.71830645976308,3.566426644737759,0.0,-1.151879815025321,0.0,2024-06-28 07:00:00
,1719644400.0,cloamy,2024,-1.094513842734635,,-1.0,-1.0,GBRT,5,0.0,,6.855392222915658,4.71830645976308,3.623792617028445,0.0,-1.094513842734635,0.0,2024-06-29 07:00:00
,1719730800.0,cloamy,2024,-0.9882102083038146,,-1.0,-1.0,GBRT,5,0.0,,6.275478723242181,4.71830645976308,3.730096251459266,0.0,-0.9882102083038146,0.0,2024-06-30 07:00:00
,1719817200.0,cloamy,2024,-0.8171811544435782,,-1.0,-1.0,GBRT,5,0.0,,9.008052630760128,4.71830645976308,3.901125305319502,0.0,-0.8171811544435782,0.0,2024-07-01 07:00:00
,1719903600.0,cloamy,2024,-0.6880887299017794,,-1.0,-1.0,GBRT,5,0.0,,6.40343719338403,4.71830645976308,4.030217729861301,0.0,-0.6880887299017794,0.0,2024-07-02 07:00:00
,1719990000.0,cloamy,2024,-0.545757804498902,,-999.0,-999.0,GBRT,5,0.0,,6.828302846826217,4.71830645976308,4.172548655264178,0.0,-0.545757804498902,0.0,2024-07-03 07:00:00
,1720076400.0,cloamy,2024,-0.4667734751158708,,-1.0,-1.0,GBRT,5,0.0,,3.501203041998366,4.71830645976308,4.251532984647209,0.0,-0.4667734751158708,0.0,2024-07-04 07:00:00
,1720162800.0,cloamy,2024,-0.3639488483062589,,-1.0,-1.0,GBRT,5,0.0,,4.110755932356144,4.71830645976308,4.354357611456821,0.0,-0.3639488483062589,0.0,2024-07-05 07:00:00
,1720249200.0,cloamy,2024,-0.1666157340766016,,-1.0,-1.0,GBRT,5,0.0,,7.570021332731803,4.71830645976308,4.551690725686479,0.0,-0.1666157340766016,0.0,2024-07-06 07:00:00
,1720335600.0,cloamy,2024,0.0508873566810479,,-1.0,-1.0,GBRT,5,0.0,,8.236770338981968,4.71830645976308,4.769193816444128,0.0,0.0508873566810479,0.0,2024-07-07 07:00:00
,1720422000.0,cloamy,2024,0.1459640743734453,,-999.0,-999.0,GBRT,5,43.81461794620878,,3.5751601774979624,4.71830645976308,4.8642705341365255,0.0,0.1459640743734453,0.0,2024-07-08 07:00:00
,1720508400.0,cloamy,2024,-0.2335747555878131,,-1.0,-1.0,GBRT,5,0.0,,6.021523561190189,4.71830645976308,4.484731704175268,1.0,-0.2335747555878131,43.81461794620878,2024-07-09 07:00:00
,1720594800.0,cloamy,2024,-0.3526165197850888,,-1.0,-1.0,GBRT,5,0.0,,6.408995121084742,4.71830645976308,4.365689939977991,0.0,-0.3526165197850888,0.0,2024-07-10 07:00:00
,1720681200.0,cloamy,2024,-0.3014786669055283,,-1.0,-1.0,GBRT,5,0.0,,7.100145056634385,4.71830645976308,4.416827792857552,0.0,-0.3014786669055283,0.0,2024-07-11 07:00:00
,1720767600.0,cloamy,2024,-0.1548687730266411,,-1.0,-1.0,GBRT,5,0.0,,8.417233027045325,4.71830645976308,4.563437686736439,0.0,-0.1548687730266411,0.0,2024-07-12 07:00:00
,1720854000.0,cloamy,2024,0.0362669429356882,,-999.0,-999.0,GBRT,5,49.91768770387092,,9.478835789843243,4.71830645976308,4.754573402698768,0.0,0.0362669429356882,0.0,2024-07-13 07:00:00
,1720940400.0,cloamy,2024,-0.2278849591542961,,-1.0,-1.0,GBRT,5,0.0,,8.65408688020589,4.71830645976308,4.490421500608784,0.0,-0.2278849591542961,49.91768770387092,2024-07-14 07:00:00
,1721026800.0,cloamy,2024,-0.4211866693349951,,-1.0,-1.0,GBRT,5,0.0,,8.038553013013921,4.71830645976308,4.297119790428085,0.0,-0.4211866693349951,0.0,2024-07-15 07:00:00
,1721113200.0,cloamy,2024,-0.4117046239552784,,-1.0,-1.0,GBRT,5,0.0,,8.079175888672749,4.71830645976308,4.306601835807802,0.0,-0.4117046239552784,0.0,2024-07-16 07:00:00
,1721199600.0,cloamy,2024,-0.2598463366592438,,-1.0,-1.0,GBRT,5,0.0,,9.89638188136864,4.71830645976308,4.458460123103836,0.0,-0.2598463366592438,0.0,2024-07-17 07:00:00
,1721286000.0,cloamy,2024,-0.0781045464098721,,-999.0,-999.0,GBRT,5,56.63740984099208,,8.856197692783795,4.71830645976308,4.640201913353208,0.0,-0.0781045464098721,0.0,2024-07-18 07:00:00
,1721372400.0,cloamy,2024,-0.3037115956103942,,-1.0,-1.0,GBRT,5,0.0,,8.59349226880255,4.71830645976308,4.414594864152686,0.0,-0.3037115956103942,56.63740984099208,2024-07-19 07:00:00
,1721458800.0,cloamy,2024,-0.5671668686039271,,-1.0,-1.0,GBRT,5,0.0,,6.5994601364997925,4.71830645976308,4.151139591159153,0.0,-0.5671668686039271,0.0,2024-07-20 07:00:00
,1721545200.0,cloamy,2024,-0.6023682706132548,,-1.0,-1.0,GBRT,5,0.0,,6.35886520949269,4.71830645976308,4.1159381891498255,0.0,-0.6023682706132548,0.0,2024-07-21 07:00:00
,1719126000.0,cloamy,2024,-0.6176911353959775,,-999.0,-999.0,GBRT,7,47.80577377072403,,1.6632265501860408,4.71830645976308,4.100615324367102,1.7999999999999998,-0.6176911353959775,0.0,2024-06-23 07:00:00
,1719212400.0,cloamy,2024,-0.8870200169752398,,-1.0,-1.0,GBRT,7,0.0,,1.5856569477409397,4.71830645976308,3.8312864427878406,5.8,-0.8870200169752398,47.80577377072403,2024-06-24 07:00:00
,1719298800.0,cloamy,2024,-1.087994286302112,,-1.0,-1.0,GBRT,7,0.0,,1.643019943771474,4.71830645976308,3.630312173460968,12.6,-1.087994286302112,0.0,2024-06-25 07:00:00
,1719385200.0,cloamy,2024,-1.2095690280754297,,-1.0,-1.0,GBRT,7,0.0,,3.7360647761286776,4.71830645976308,3.5087374316876505,1.0,-1.2095690280754297,0.0,2024-06-26 07:00:00
,1719471600.0,cloamy,2024,-1.3191473296693084,,-1.0,-1.0,GBRT,7,0.0,,3.283058105037508,4.71830645976308,3.399159130093772,0.0,-1.3191473296693084,0.0,2024-06-27 07:00:00
,1719558000.0,cloamy,2024,-1.337031446628978,,-1.0,-1.0,GBRT,7,0.0,,8.105450401178516,4.71830645976308,3.3812750131341023,0.0,-1.337031446628978,0.0,2024-06-28 07:00:00
,1719644400.0,cloamy,2024,-1.3185636725039085,,-1.0,-1.0,GBRT,7,0.0,,6.855392222915658,4.71830645976308,3.399742787259172,0.0,-1.3185636725039085,0.0,2024-06-29 07:00:00
,1719730800.0,cloamy,2024,-1.2550113467350348,,-999.0,-999.0,GBRT,7,0.0,,6.275478723242181,4.71830645976308,3.4632951130280456,0.0,-1.2550113467350348,0.0,2024-06-30 07:00:00
,1719817200.0,cloamy,2024,-1.0920218815018563,,-1.0,-1.0,GBRT,7,0.0,,9.008052630760128,4.71830645976308,3.626284578261224,0.0,-1.0920218815018563,0.0,2024-07-01 07:00:00
,1719903600.0,cloamy,2024,-0.9611337768660608,,-1.0,-1.0,GBRT,7,0.0,,6.40343719338403,4.71830645976308,3.75717268289702,0.0,-0.9611337768660608,0.0,2024-07-02 07:00:00
,1719990000.0,cloamy,2024,-0.8174586406935385,,-1.0,-1.0,GBRT,7,0.0,,6.828302846826217,4.71830645976308,3.9008478190695417,0.0,-0.8174586406935385,0.0,2024-07-03 07:00:00
,1720076400.0,cloamy,2024,-0.7375656164317894,,-1.0,-1.0,GBRT,7,0.0,,3.501203041998366,4.71830645976308,3.980740843331291,0.0,-0.7375656164317894,0.0,2024-07-04 07:00:00
,1720162800.0,cloamy,2024,-0.632748587251701,,-1.0,-1.0,GBRT,7,0.0,,4.110755932356144,4.71830645976308,4.085557872511379,0.0,-0.632748587251701,0.0,2024-07-05 07:00:00
,1720249200.0,cloamy,2024,-0.4327454081871971,,-1.0,-1.0,GBRT,7,0.0,,7.570021332731803,4.71830645976308,4.285561051575884,0.0,-0.4327454081871971,0.0,2024-07-06 07:00:00
,1720335600.0,cloamy,2024,-0.2042901473954197,,-999.0,-999.0,GBRT,7,74.59572047093427,,8.236770338981968,4.71830645976308,4.51401631236766,0.0,-0.2042901473954197,0.0,2024-07-07 07:00:00
,1720422000.0,cloamy,2024,-0.6190193196191552,,-1.0,-1.0,GBRT,7,0.0,,3.5751601774979624,4.71830645976308,4.099287140143925,0.0,-0.6190193196191552,74.59572047093427,2024-07-08 07:00:00
,1720508400.0,cloamy,2024,-0.9082596033641758,,-1.0,-1.0,GBRT,7,0.0,,6.021523561190189,4.71830645976308,3.810046856398905,1.0,-0.9082596033641758,0.0,2024-07-09 07:00:00
,1720594800.0,cloamy,2024,-0.9626162746971236,,-1.0,-1.0,GBRT,7,0.0,,6.408995121084742,4.71830645976308,3.755690185065956,0.0,-0.9626162746971236,0.0,2024-07-10 07:00:00
,1720681200.0,cloamy,2024,-0.945866709020596,,-1.0,-1.0,GBRT,7,0.0,,7.100145056634385,4.71830645976308,3.772439750742484,0.0,-0.945866709020596,0.0,2024-07-11 07:00:00
,1720767600.0,cloamy,2024,-0.8389963763127636,,-1.0,-1.0,GBRT,7,0.0,,8.417233027045325,4.71830645976308,3.8793100834503167,0.0,-0.8389963763127636,0.0,2024-07-12 07:00:00
,1720854000.0,cloamy,2024,-0.6281808480975504,,-1.0,-1.0,GBRT,7,0.0,,9.478835789843243,4.71830645976308,4.09012561166553,0.0,-0.6281808480975504,0.0,2024-07-13 07:00:00
,1720940400.0,cloamy,2024,-0.4226612288808716,,-999.0,-999.0,GBRT,7,75.10887089781274,,8.65408688020589,4.71830645976308,4.295645230882209,0.0,-0.4226612288808716,0.0,2024-07-14 07:00:00
,1721026800.0,cloamy,2024,-0.6227772788190358,,-1.0,-1.0,GBRT,7,0.0,,8.038553013013921,4.71830645976308,4.095529180944045,0.0,-0.6227772788190358,75.10887089781274,2024-07-15 07:00:00
,1721113200.0,cloamy,2024,-0.8933564031161356,,-1.0,-1.0,GBRT,7,0.0,,8.079175888672749,4.71830645976308,3.8249500566469448,0.0,-0.8933564031161356,0.0,2024-07-16 07:00:00
,1721199600.0,cloamy,2024,-0.9504697828940728,,-1.0,-1.0,GBRT,7,0.0,,9.89638188136864,4.71830645976308,3.767836676869008,0.0,-0.9504697828940728,0.0,2024-07-17 07:00:00
,1721286000.0,cloamy,2024,-0.9211025255263714,,-1.0,-1.0,GBRT,7,0.0,,8.856197692783795,4.71830645976308,3.797203934236709,0.0,-0.9211025255263714,0.0,2024-07-18 07:00:00
,1721372400.0,cloamy,2024,-0.8078694573217151,,-1.0,-1.0,GBRT,7,0.0,,8.59349226880255,4.71830645976308,3.910437002441365,0.0,-0.8078694573217151,0.0,2024-07-19 07:00:00
,1721458800.0,cloamy,2024,-0.652822713831377,,-1.0,-1.0,GBRT,7,0.0,,6.5994601364997925,4.71830645976308,4.065483745931704,0.0,-0.652822713831377,0.0,2024-07-20 07:00:00
,1721545200.0,cloamy,2024,-0.4952916147396748,,-999.0,-999.0,GBRT,7,0.0,,6.35886520949269,4.71830645976308,4.223014845023405,0.0,-0.4952916147396748,0.0,2024-07-21 07:00:00
,1625986800.0,silty,2021,0.2600629739971998,,-999.0,-999.0,GBRT,1,7.668275895436537,,7.909412676835701,4.71830645976308,4.97836943376028,0.0,0.2600629739971998,0.0,2021-07-11 07:00:00
,1626073200.0,silty,2021,0.2919453143304992,,-999.0,-999.0,GBRT,1,9.420389526073128,,8.171899400888595,4.71830645976308,5.01025177409358,0.0,0.2919453143304992,7.668275895436537,2021-07-12 07:00:00
,1626159600.0,silty,2021,0.2279178131675391,,-999.0,-999.0,GBRT,1,9.007042266974992,,7.307248568315713,4.71830645976308,4.946224272930619,49.2,0.2279178131675391,9.420389526073128,2021-07-13 07:00:00
,1626246000.0,silty,2021,-0.8030615287256037,,-999.0,-999.0,GBRT,1,4.760529859661864,,3.7200181370317593,4.71830645976308,3.915244931037477,0.0,-0.8030615287256037,9.007042266974992,2021-07-14 07:00:00
,1626332400.0,silty,2021,-0.8287445023262647,,-999.0,-999.0,GBRT,1,0.0,,6.588938290136868,4.71830645976308,3.889561957436816,0.0,-0.8287445023262647,4.760529859661864,2021-07-15 07:00:00
,1626418800.0,silty,2021,-0.6825134514169341,,-999.0,-999.0,GBRT,1,0.0,,4.2070949143533625,4.71830645976308,4.035793008346146,10.8,-0.6825134514169341,0.0,2021-07-16 07:00:00
,1626505200.0,silty,2021,-0.8072205424502473,,-999.0,-999.0,GBRT,1,0.0,,1.7206288405645938,4.71830645976308,3.9110859173128327,0.8,-0.8072205424502473,0.0,2021-07-17 07:00:00
,1626591600.0,silty,2021,-0.7350563118099565,,-999.0,-999.0,GBRT,1,0.0,,2.339819333016992,4.71830645976308,3.983250147953124,0.0,-0.7350563118099565,0.0,2021-07-18 07:00:00
,1626678000.0,silty,2021,-0.5007722252413526,,-999.0,-999.0,GBRT,1,0.0,,5.542148180411579,4.71830645976308,4.217534234521728,0.0,-0.5007722252413526,0.0,2021-07-19 07:00:00
,1626764400.0,silty,2021,-0.2271365828005293,,-999.0,-999.0,GBRT,1,0.0,,6.336708517861463,4.71830645976308,4.491169876962551,0.0,-0.2271365828005293,0.0,2021-07-20 07:00:00
,1626850800.0,silty,2021,0.0759344366528288,,-999.0,-999.0,GBRT,1,7.404540163050502,,7.723088615724408,4.71830645976308,4.794240896415909,0.0,0.0759344366528288,0.0,2021-07-21 07:00:00
,1626937200.0,silty,2021,0.1058817965087693,,-999.0,-999.0,GBRT,1,7.4048979789202845,,6.384988487195638,4.71830645976308,4.824188256271849,0.0,0.1058817965087693,7.404540163050502,2021-07-22 07:00:00
,1627023600.0,silty,2021,0.1278691392156564,,-999.0,-999.0,GBRT,1,7.085400965826051,,6.724001721462045,4.71830645976308,4.8461755989787365,0.0,0.1278691392156564,7.4048979789202845,2021-07-23 07:00:00
,1627110000.0,silty,2021,0.1375637350861268,,-999.0,-999.0,GBRT,1,7.510221755179401,,6.639604206034317,4.71830645976308,4.855870194849207,0.0,0.1375637350861268,7.085400965826051,2021-07-24 07:00:00
,1627196400.0,silty,2021,0.1132798845470743,,-999.0,-999.0,GBRT,1,7.28317535791574,,6.068344799075018,4.71830645976308,4.831586344310154,0.0,0.1132798845470743,7.510221755179401,2021-07-25 07:00:00
,1627282800.0,silty,2021,0.0277865072524925,,-999.0,-999.0,GBRT,1,11.057680530857349,,3.7441148307248353,4.71830645976308,4.7460929670155725,0.0,0.0277865072524925,7.28317535791574,2021-07-26 07:00:00
,1627369200.0,silty,2021,-0.0620946363610191,,-999.0,-999.0,GBRT,1,7.2457086590436655,,5.25782491390273,4.71830645976308,4.656211823402061,1.0,-0.0620946363610191,11.057680530857349,2021-07-27 07:00:00
,1627455600.0,silty,2021,-0.1837296041436585,,-999.0,-999.0,GBRT,1,7.4432574552095,,4.067188753317478,4.71830645976308,4.534576855619422,0.0,-0.1837296041436585,7.2457086590436655,2021-07-28 07:00:00
,1627542000.0,silty,2021,-0.1985455235991517,,-999.0,-999.0,GBRT,1,7.439991966157071,,5.501441403272102,4.71830645976308,4.519760936163928,0.0,-0.1985455235991517,7.4432574552095,2021-07-29 07:00:00
,1627628400.0,silty,2021,-0.1526312932113429,,-999.0,-999.0,GBRT,1,7.439991966157071,,7.363960029273559,4.71830645976308,4.565675166551737,0.0,-0.1526312932113429,7.439991966157071,2021-07-30 07:00:00
,1627714800.0,silty,2021,-0.0915570876323967,,-999.0,-999.0,GBRT,1,7.439991966157071,,8.127164249908118,4.71830645976308,4.626749372130684,0.0,-0.0915570876323967,7.439991966157071,2021-07-31 07:00:00
,1627801200.0,silty,2021,-0.0839212014233236,,-999.0,-999.0,GBRT,1,7.420946134729949,,7.011084171391055,4.71830645976308,4.634385258339757,9.0,-0.0839212014233236,7.439991966157071,2021-08-01 07:00:00
,1627887600.0,silty,2021,-0.165598690125283,,-999.0,-999.0,GBRT,1,7.240942619101662,,7.304828236834061,4.71830645976308,4.552707769637797,0.0,-0.165598690125283,7.420946134729949,2021-08-02 07:00:00
,1627974000.0,silty,2021,-0.1483445168026415,,-999.0,-999.0,GBRT,1,6.904790892888673,,7.320018177389831,4.71830645976308,4.569961942960439,0.0,-0.1483445168026415,7.240942619101662,2021-08-03 07:00:00
,1628060400.0,silty,2021,-0.0765514030166801,,-999.0,-999.0,GBRT,1,6.799837663983879,,8.239496207860649,4.71830645976308,4.6417550567464,0.0,-0.0765514030166801,6.904790892888673,2021-08-04 07:00:00
,1628146800.0,silty,2021,-0.117595805403012,,-999.0,-999.0,GBRT,1,7.139056068568236,,4.198759507591638,4.71830645976308,4.600710654360068,0.0,-0.117595805403012,6.799837663983879,2021-08-05 07:00:00
,1628233200.0,silty,2021,-0.0352392827364959,,-999.0,-999.0,GBRT,1,7.104446797253173,,8.25634687060054,4.71830645976308,4.683067177026584,0.0,-0.0352392827364959,7.139056068568236,2021-08-06 07:00:00
,1628319600.0,silty,2021,0.0178987154521401,,-999.0,-999.0,GBRT,1,7.439991966157071,,7.823891414052509,4.71830645976308,4.73620517521522,0.0,0.0178987154521401,7.104446797253173,2021-08-07 07:00:00
,1628406000.0,silty,2021,0.0287603979771323,,-999.0,-999.0,GBRT,1,7.439991966157071,,6.805842568347599,4.71830645976308,4.747066857740212,0.0,0.0287603979771323,7.439991966157071,2021-08-08 07:00:00
,1628492400.0,silty,2021,0.0734269478953856,,-999.0,-999.0,GBRT,1,7.439991966157071,,8.235329351972808,4.71830645976308,4.791733407658466,0.0,0.0734269478953856,7.439991966157071,2021-08-09 07:00:00
,1625986800.0,silty,2021,0.2600629739971998,,-999.0,-999.0,GBRT,2,24.0,,7.909412676835701,4.71830645976308,4.97836943376028,0.0,0.2600629739971998,0.0,2021-07-11 07:00:00
,1626073200.0,silty,2021,0.0852127150135878,,-1.0,-1.0,GBRT,2,0.0,,8.171899400888595,4.71830645976308,4.803519174776668,0.0,0.0852127150135878,24.0,2021-07-12 07:00:00
,1626159600.0,silty,2021,0.0212323446936888,,-999.0,-999.0,GBRT,2,18.32159464131129,,7.307248568315713,4.71830645976308,4.739538804456769,49.2,0.0212323446936888,0.0,2021-07-13 07:00:00
,1626246000.0,silty,2021,-0.9942592475165573,,-1.0,-1.0,GBRT,2,0.0,,3.7200181370317593,4.71830645976308,3.724047212246523,0.0,-0.9942592475165573,18.32159464131129,2021-07-14 07:00:00
,1626332400.0,silty,2021,-1.052104151217892,,-999.0,-999.0,GBRT,2,0.0,,6.588938290136868,4.71830645976308,3.666202308545188,0.0,-1.052104151217892,0.0,2021-07-15 07:00:00
,1626418800.0,silty,2021,-0.8800859882323282,,-1.0,-1.0,GBRT,2,0.0,,4.2070949143533625,4.71830645976308,3.838220471530752,10.8,-0.8800859882323282,0.0,2021-07-16 07:00:00
,1626505200.0,silty,2021,-0.9993657586870924,,-999.0,-999.0,GBRT,2,0.0,,1.7206288405645938,4.71830645976308,3.718940701075988,0.8,-0.9993657586870924,0.0,2021-07-17 07:00:00
,1626591600.0,silty,2021,-0.9219133693424856,,-1.0,-1.0,GBRT,2,0.0,,2.339819333016992,4.71830645976308,3.7963930904205943,0.0,-0.9219133693424856,0.0,2021-07-18 07:00:00
,1626678000.0,silty,2021,-0.687605533401736,,-999.0,-999.0,GBRT,2,0.0,,5.542148180411579,4.71830645976308,4.0307009263613445,0.0,-0.687605533401736,0.0,2021-07-19 07:00:00
,1626764400.0,silty,2021,-0.4153246122966605,,-1.0,-1.0,GBRT,2,0.0,,6.336708517861463,4.71830645976308,4.30298184746642,0.0,-0.4153246122966605,0.0,2021-07-20 07:00:00
,1626850800.0,silty,2021,-0.0926320783661896,,-999.0,-999.0,GBRT,2,24.0,,7.723088615724408,4.71830645976308,4.625674381396891,0.0,-0.0926320783661896,0.0,2021-07-21 07:00:00
,1626937200.0,silty,2021,-0.2758292551569088,,-1.0,-1.0,GBRT,2,0.0,,6.384988487195638,4.71830645976308,4.442477204606171,0.0,-0.2758292551569088,24.0,2021-07-22 07:00:00
,1627023600.0,silty,2021,-0.2692723296778531,,-999.0,-999.0,GBRT,2,23.00516659719557,,6.724001721462045,4.71830645976308,4.449034130085227,0.0,-0.2692723296778531,0.0,2021-07-23 07:00:00
,1627110000.0,silty,2021,-0.4210148753519872,,-1.0,-1.0,GBRT,2,0.0,,6.639604206034317,4.71830645976308,4.297291584411093,0.0,-0.4210148753519872,23.00516659719557,2021-07-24 07:00:00
,1627196400.0,silty,2021,-0.4657910085317565,,-999.0,-999.0,GBRT,2,23.993084590507987,,6.068344799075018,4.71830645976308,4.252515451231324,0.0,-0.4657910085317565,0.0,2021-07-25 07:00:00
,1627282800.0,silty,2021,-0.6646418024118047,,-1.0,-1.0,GBRT,2,0.0,,3.7441148307248353,4.71830645976308,4.053664657351275,0.0,-0.6646418024118047,23.993084590507987,2021-07-26 07:00:00
,1627369200.0,silty,2021,-0.7304688702226919,,-999.0,-999.0,GBRT,2,17.02458048847923,,5.25782491390273,4.71830645976308,3.987837589540389,1.0,-0.7304688702226919,0.0,2021-07-27 07:00:00
,1627455600.0,silty,2021,-0.8182734214143621,,-1.0,-1.0,GBRT,2,0.0,,4.067188753317478,4.71830645976308,3.900033038348718,0.0,-0.8182734214143621,17.02458048847923,2021-07-28 07:00:00
,1627542000.0,silty,2021,-0.7944207891749392,,-999.0,-999.0,GBRT,2,0.0,,5.501441403272102,4.71830645976308,3.923885670588141,0.0,-0.7944207891749392,0.0,2021-07-29 07:00:00
,1627628400.0,silty,2021,-0.5029914245997192,,-1.0,-1.0,GBRT,2,0.0,,7.363960029273559,4.71830645976308,4.215315035163361,0.0,-0.5029914245997192,0.0,2021-07-30 07:00:00
,1627714800.0,silty,2021,-0.18794570111719,,-999.0,-999.0,GBRT,2,24.0,,8.127164249908118,4.71830645976308,4.53036075864589,0.0,-0.18794570111719,0.0,2021-07-31 07:00:00
,1627801200.0,silty,2021,-0.3414361044985689,,-1.0,-1.0,GBRT,2,0.0,,7.011084171391055,4.71830645976308,4.376870355264511,9.0,-0.3414361044985689,24.0,2021-08-01 07:00:00
,1627887600.0,silty,2021,-0.4371551692127892,,-999.0,-999.0,GBRT,2,18.76364947482085,,7.304828236834061,4.71830645976308,4.281151290550291,0.0,-0.4371551692127892,0.0,2021-08-02 07:00:00
,1627974000.0,silty,2021,-0.4930294761026,,-1.0,-1.0,GBRT,2,0.0,,7.320018177389831,4.71830645976308,4.22527698366048,0.0,-0.4930294761026,18.76364947482085,2021-08-03 07:00:00
,1628060400.0,silty,2021,-0.4066858992522745,,-999.0,-999.0,GBRT,2,17.14863348795175,,8.239496207860649,4.71830645976308,4.311620560510805,0.0,-0.4066858992522745,0.0,2021-08-04 07:00:00
,1628146800.0,silty,2021,-0.5217381123311358,,-1.0,-1.0,GBRT,2,0.0,,4.198759507591638,4.71830645976308,4.196568347431945,0.0,-0.5217381123311358,17.14863348795175,2021-08-05 07:00:00
,1628233200.0,silty,2021,-0.3888916063948792,,-999.0,-999.0,GBRT,2,20.349853872800622,,8.25634687060054,4.71830645976308,4.329414853368201,0.0,-0.3888916063948792,0.0,2021-08-06 07:00:00
,1628319600.0,silty,2021,-0.431825120150447,,-1.0,-1.0,GBRT,2,0.0,,7.823891414052509,4.71830645976308,4.286481339612633,0.0,-0.431825120150447,20.349853872800622,2021-08-07 07:00:00
,1628406000.0,silty,2021,-0.4041260539482501,,-999.0,-999.0,GBRT,2,20.349853872800622,,6.805842568347599,4.71830645976308,4.31418040581483,0.0,-0.4041260539482501,0.0,2021-08-08 07:00:00
,1628492400.0,silty,2021,-0.4314576051060975,,-1.0,-1.0,GBRT,2,0.0,,8.235329351972808,4.71830645976308,4.286848854656983,0.0,-0.4314576051060975,20.349853872800622,2021-08-09 07:00:00
,1625986800.0,silty,2021,0.2600629739971998,,-999.0,-999.0,GBRT,3,36.0,,7.909412676835701,4.71830645976308,4.97836943376028,0.0,0.2600629739971998,0.0,2021-07-11 07:00:00
,1626073200.0,silty,2021,-0.0824723603490949,,-1.0,-1.0,GBRT,3,0.0,,8.171899400888595,4.71830645976308,4.6358340994139855,0.0,-0.0824723603490949,36.0,2021-07-12 07:00:00
,1626159600.0,silty,2021,-0.262208844127846,,-1.0,-1.0,GBRT,3,0.0,,7.307248568315713,4.71830645976308,4.456097615635234,49.2,-0.262208844127846,0.0,2021-07-13 07:00:00
,1626246000.0,silty,2021,-1.030337982895437,,-999.0,-999.0,GBRT,3,0.0,,3.7200181370317593,4.71830645976308,3.6879684768676433,0.0,-1.030337982895437,0.0,2021-07-14 07:00:00
,1626332400.0,silty,2021,-0.8794288552663494,,-1.0,-1.0,GBRT,3,0.0,,6.588938290136868,4.71830645976308,3.838877604496731,0.0,-0.8794288552663494,0.0,2021-07-15 07:00:00
,1626418800.0,silty,2021,-0.70055221914112,,-1.0,-1.0,GBRT,3,0.0,,4.2070949143533625,4.71830645976308,4.017754240621961,10.8,-0.70055221914112,0.0,2021-07-16 07:00:00
,1626505200.0,silty,2021,-0.8165595279384437,,-999.0,-999.0,GBRT,3,0.0,,1.7206288405645938,4.71830645976308,3.9017469318246367,0.8,-0.8165595279384437,0.0,2021-07-17 07:00:00
,1626591600.0,silty,2021,-0.7535502967979184,,-1.0,-1.0,GBRT,3,0.0,,2.339819333016992,4.71830645976308,3.9647561629651618,0.0,-0.7535502967979184,0.0,2021-07-18 07:00:00
,1626678000.0,silty,2021,-0.5242100358484739,,-1.0,-1.0,GBRT,3,0.0,,5.542148180411579,4.71830645976308,4.194096423914607,0.0,-0.5242100358484739,0.0,2021-07-19 07:00:00
,1626764400.0,silty,2021,-0.2508070730614644,,-999.0,-999.0,GBRT,3,0.0,,6.336708517861463,4.71830645976308,4.467499386701616,0.0,-0.2508070730614644,0.0,2021-07-20 07:00:00
,1626850800.0,silty,2021,0.0494085735645769,,-1.0,-1.0,GBRT,3,0.0,,7.723088615724408,4.71830645976308,4.767715033327657,0.0,0.0494085735645769,0.0,2021-07-21 07:00:00
,1626937200.0,silty,2021,0.2466190913307503,,-1.0,-1.0,GBRT,3,0.0,,6.384988487195638,4.71830645976308,4.964925551093831,0.0,0.2466190913307503,0.0,2021-07-22 07:00:00
,1627023600.0,silty,2021,0.4204048056454066,,-999.0,-999.0,GBRT,3,36.0,,6.724001721462045,4.71830645976308,5.138711265408487,0.0,0.4204048056454066,0.0,2021-07-23 07:00:00
,1627110000.0,silty,2021,-0.0464579507578674,,-1.0,-1.0,GBRT,3,0.0,,6.639604206034317,4.71830645976308,4.671848509005213,0.0,-0.0464579507578674,36.0,2021-07-24 07:00:00
,1627196400.0,silty,2021,-0.2138295702664266,,-1.0,-1.0,GBRT,3,0.0,,6.068344799075018,4.71830645976308,4.504476889496654,0.0,-0.2138295702664266,0.0,2021-07-25 07:00:00
,1627282800.0,silty,2021,-0.1190267804127079,,-999.0,-999.0,GBRT,3,36.0,,3.7441148307248353,4.71830645976308,4.5992796793503725,0.0,-0.1190267804127079,0.0,2021-07-26 07:00:00
,1627369200.0,silty,2021,-0.4608014060729788,,-1.0,-1.0,GBRT,3,0.0,,5.25782491390273,4.71830645976308,4.257505053690101,1.0,-0.4608014060729788,36.0,2021-07-27 07:00:00
,1627455600.0,silty,2021,-0.6823930953309584,,-1.0,-1.0,GBRT,3,0.0,,4.067188753317478,4.71830645976308,4.035913364432122,0.0,-0.6823930953309584,0.0,2021-07-28 07:00:00
,1627542000.0,silty,2021,-0.533231984825267,,-999.0,-999.0,GBRT,3,32.70856030569287,,5.501441403272102,4.71830645976308,4.185074474937813,0.0,-0.533231984825267,0.0,2021-07-29 07:00:00
,1627628400.0,silty,2021,-0.686999532924728,,-1.0,-1.0,GBRT,3,0.0,,7.363960029273559,4.71830645976308,4.031306926838353,0.0,-0.686999532924728,32.70856030569287,2021-07-30 07:00:00
,1627714800.0,silty,2021,-0.7296420245590622,,-1.0,-1.0,GBRT,3,0.0,,8.127164249908118,4.71830645976308,3.988664435204018,0.0,-0.7296420245590622,0.0,2021-07-31 07:00:00
,1627801200.0,silty,2021,-0.5219908067862534,,-999.0,-999.0,GBRT,3,36.0,,7.011084171391055,4.71830645976308,4.196315652976827,9.0,-0.5219908067862534,0.0,2021-08-01 07:00:00
,1627887600.0,silty,2021,-0.8151906511180749,,-1.0,-1.0,GBRT,3,0.0,,7.304828236834061,4.71830645976308,3.903115808645005,0.0,-0.8151906511180749,36.0,2021-08-02 07:00:00
,1627974000.0,silty,2021,-0.9327836921999112,,-1.0,-1.0,GBRT,3,0.0,,7.320018177389831,4.71830645976308,3.785522767563169,0.0,-0.9327836921999112,0.0,2021-08-03 07:00:00
,1628060400.0,silty,2021,-0.7051157851733092,,-999.0,-999.0,GBRT,3,0.0,,8.239496207860649,4.71830645976308,4.013190674589771,0.0,-0.7051157851733092,0.0,2021-08-04 07:00:00
,1628146800.0,silty,2021,-0.5318453102025672,,-1.0,-1.0,GBRT,3,0.0,,4.198759507591638,4.71830645976308,4.186461149560513,0.0,-0.5318453102025672,0.0,2021-08-05 07:00:00
,1628233200.0,silty,2021,-0.1945132307767568,,-1.0,-1.0,GBRT,3,0.0,,8.25634687060054,4.71830645976308,4.523793228986324,0.0,-0.1945132307767568,0.0,2021-08-06 07:00:00
,1628319600.0,silty,2021,0.0983007133480543,,-999.0,-999.0,GBRT,3,33.66401376261274,,7.823891414052509,4.71830645976308,4.816607173111135,0.0,0.0983007133480543,0.0,2021-08-07 07:00:00
,1628406000.0,silty,2021,-0.2442587757073357,,-1.0,-1.0,GBRT,3,0.0,,6.805842568347599,4.71830645976308,4.474047684055744,0.0,-0.2442587757073357,33.66401376261274,2021-08-08 07:00:00
,1628492400.0,silty,2021,-0.2945366905910509,,-1.0,-1.0,GBRT,3,0.0,,8.235329351972808,4.71830645976308,4.423769769172029,0.0,-0.2945366905910509,0.0,2021-08-09 07:00:00
,1625986800.0,silty,2021,0.2600629739971998,,-999.0,-999.0,GBRT,5,60.0,,7.909412676835701,4.71830645976308,4.97836943376028,0.0,0.2600629739971998,0.0,2021-07-11 07:00:00
,1626073200.0,silty,2021,-0.1666043294749851,,-1.0,-1.0,GBRT,5,0.0,,8.171899400888595,4.71830645976308,4.551702130288095,0.0,-0.1666043294749851,60.0,2021-07-12 07:00:00
,1626159600.0,silty,2021,-0.6336576574221227,,-1.0,-1.0,GBRT,5,0.0,,7.307248568315713,4.71830645976308,4.084648802340958,49.2,-0.6336576574221227,0.0,2021-07-13 07:00:00
,1626246000.0,silty,2021,-1.3707592506863455,,-1.0,-1.0,GBRT,5,0.0,,3.7200181370317593,4.71830645976308,3.347547209076734,0.0,-1.3707592506863455,0.0,2021-07-14 07:00:00
,1626332400.0,silty,2021,-1.3083941573042566,,-1.0,-1.0,GBRT,5,0.0,,6.588938290136868,4.71830645976308,3.409912302458824,0.0,-1.3083941573042566,0.0,2021-07-15 07:00:00
,1626418800.0,silty,2021,-1.1243095602186384,,-999.0,-999.0,GBRT,5,0.0,,4.2070949143533625,4.71830645976308,3.593996899544442,10.8,-1.1243095602186384,0.0,2021-07-16 07:00:00
,1626505200.0,silty,2021,-1.2474338640744556,,-1.0,-1.0,GBRT,5,0.0,,1.7206288405645938,4.71830645976308,3.4708725956886246,0.8,-1.2474338640744556,0.0,2021-07-17 07:00:00
,1626591600.0,silty,2021,-1.165187582410681,,-1.0,-1.0,GBRT,5,0.0,,2.339819333016992,4.71830645976308,3.553118877352399,0.0,-1.165187582410681,0.0,2021-07-18 07:00:00
,1626678000.0,silty,2021,-0.9335186689439524,,-1.0,-1.0,GBRT,5,0.0,,5.542148180411579,4.71830645976308,3.784787790819128,0.0,-0.9335186689439524,0.0,2021-07-19 07:00:00
,1626764400.0,silty,2021,-0.6716777663009234,,-1.0,-1.0,GBRT,5,0.0,,6.336708517861463,4.71830645976308,4.046628693462157,0.0,-0.6716777663009234,0.0,2021-07-20 07:00:00
,1626850800.0,silty,2021,-0.3469572482095286,,-999.0,-999.0,GBRT,5,0.0,,7.723088615724408,4.71830645976308,4.371349211553552,0.0,-0.3469572482095286,0.0,2021-07-21 07:00:00
,1626937200.0,silty,2021,-0.0921375258633441,,-1.0,-1.0,GBRT,5,0.0,,6.384988487195638,4.71830645976308,4.626168933899736,0.0,-0.0921375258633441,0.0,2021-07-22 07:00:00
,1627023600.0,silty,2021,0.1243474708073882,,-1.0,-1.0,GBRT,5,0.0,,6.724001721462045,4.71830645976308,4.842653930570468,0.0,0.1243474708073882,0.0,2021-07-23 07:00:00
,1627110000.0,silty,2021,0.2960144411657192,,-1.0,-1.0,GBRT,5,0.0,,6.639604206034317,4.71830645976308,5.0143209009288,0.0,0.2960144411657192,0.0,2021-07-24 07:00:00
,1627196400.0,silty,2021,0.428744716786551,,-1.0,-1.0,GBRT,5,0.0,,6.068344799075018,4.71830645976308,5.147051176549631,0.0,0.428744716786551,0.0,2021-07-25 07:00:00
,1627282800.0,silty,2021,0.5028156825345131,,-999.0,-999.0,GBRT,5,53.50512342455112,,3.7441148307248353,4.71830645976308,5.2211221422975935,0.0,0.5028156825345131,0.0,2021-07-26 07:00:00
,1627369200.0,silty,2021,-0.1301615252527732,,-1.0,-1.0,GBRT,5,0.0,,5.25782491390273,4.71830645976308,4.588144934510307,1.0,-0.1301615252527732,53.50512342455112,2021-07-27 07:00:00
,1627455600.0,silty,2021,-0.6015075205679502,,-1.0,-1.0,GBRT,5,0.0,,4.067188753317478,4.71830645976308,4.11679893919513,0.0,-0.6015075205679502,0.0,2021-07-28 07:00:00
,1627542000.0,silty,2021,-0.5474842414502317,,-1.0,-1.0,GBRT,5,0.0,,5.501441403272102,4.71830645976308,4.170822218312849,0.0,-0.5474842414502317,0.0,2021-07-29 07:00:00
,1627628400.0,silty,2021,-0.2628631699575123,,-1.0,-1.0,GBRT,5,0.0,,7.363960029273559,4.71830645976308,4.455443289805568,0.0,-0.2628631699575123,0.0,2021-07-30 07:00:00
,1627714800.0,silty,2021,0.040480510673299,,-999.0,-999.0,GBRT,5,47.39620050559759,,8.127164249908118,4.71830645976308,4.758786970436379,0.0,0.040480510673299,0.0,2021-07-31 07:00:00
,1627801200.0,silty,2021,-0.3886238212682044,,-1.0,-1.0,GBRT,5,0.0,,7.011084171391055,4.71830645976308,4.329682638494876,9.0,-0.3886238212682044,47.39620050559759,2021-08-01 07:00:00
,1627887600.0,silty,2021,-0.742156498404423,,-1.0,-1.0,GBRT,5,0.0,,7.304828236834061,4.71830645976308,3.976149961358657,0.0,-0.742156498404423,0.0,2021-08-02 07:00:00
,1627974000.0,silty,2021,-0.6136034473463856,,-1.0,-1.0,GBRT,5,0.0,,7.320018177389831,4.71830645976308,4.104703012416695,0.0,-0.6136034473463856,0.0,2021-08-03 07:00:00
,1628060400.0,silty,2021,-0.3020379550389299,,-1.0,-1.0,GBRT,5,0.0,,8.239496207860649,4.71830645976308,4.41626850472415,0.0,-0.3020379550389299,0.0,2021-08-04 07:00:00
,1628146800.0,silty,2021,-0.1380054122286439,,-999.0,-999.0,GBRT,5,56.00873634399875,,4.198759507591638,4.71830645976308,4.580301047534436,0.0,-0.1380054122286439,0.0,2021-08-05 07:00:00
,1628233200.0,silty,2021,-0.4716827627634835,,-1.0,-1.0,GBRT,5,0.0,,8.25634687060054,4.71830645976308,4.246623696999596,0.0,-0.4716827627634835,56.00873634399875,2021-08-06 07:00:00
,1628319600.0,silty,2021,-0.8022843191351273,,-1.0,-1.0,GBRT,5,0.0,,7.823891414052509,4.71830645976308,3.9160221406279527,0.0,-0.8022843191351273,0.0,2021-08-07 07:00:00
,1628406000.0,silty,2021,-0.7509482335093922,,-1.0,-1.0,GBRT,5,0.0,,6.805842568347599,4.71830645976308,3.967358226253688,0.0,-0.7509482335093922,0.0,2021-08-08 07:00:00
,1628492400.0,silty,2021,-0.4299920115496079,,-1.0,-1.0,GBRT,5,0.0,,8.235329351972808,4.71830645976308,4.288314448213472,0.0,-0.4299920115496079,0.0,2021-08-09 07:00:00
,1625986800.0,silty,2021,0.2600629739971998,,-999.0,-999.0,GBRT,7,84.0,,7.909412676835701,4.71830645976308,4.97836943376028,0.0,0.2600629739971998,0.0,2021-07-11 07:00:00
,1626073200.0,silty,2021,-0.1787432699457871,,-1.0,-1.0,GBRT,7,0.0,,8.171899400888595,4.71830645976308,4.539563189817293,0.0,-0.1787432699457871,84.0,2021-07-12 07:00:00
,1626159600.0,silty,2021,-0.8063087188612205,,-1.0,-1.0,GBRT,7,0.0,,7.307248568315713,4.71830645976308,3.91199774090186,49.2,-0.8063087188612205,0.0,2021-07-13 07:00:00
,1626246000.0,silty,2021,-1.5562207798043388,,-1.0,-1.0,GBRT,7,0.0,,3.7200181370317593,4.71830645976308,3.1620856799587416,0.0,-1.5562207798043388,0.0,2021-07-14 07:00:00
,1626332400.0,silty,2021,-1.5911115396026845,,-1.0,-1.0,GBRT,7,0.0,,6.588938290136868,4.71830645976308,3.127194920160396,0.0,-1.5911115396026845,0.0,2021-07-15 07:00:00
,1626418800.0,silty,2021,-1.486063199870965,,-1.0,-1.0,GBRT,7,0.0,,4.2070949143533625,4.71830645976308,3.232243259892116,10.8,-1.486063199870965,0.0,2021-07-16 07:00:00
,1626505200.0,silty,2021,-1.5861509708736403,,-1.0,-1.0,GBRT,7,0.0,,1.7206288405645938,4.71830645976308,3.13215548888944,0.8,-1.5861509708736403,0.0,2021-07-17 07:00:00
,1626591600.0,silty,2021,-1.4903463299417334,,-999.0,-999.0,GBRT,7,0.0,,2.339819333016992,4.71830645976308,3.227960129821347,0.0,-1.4903463299417334,0.0,2021-07-18 07:00:00
,1626678000.0,silty,2021,-1.2616430064006543,,-1.0,-1.0,GBRT,7,0.0,,5.542148180411579,4.71830645976308,3.456663453362426,0.0,-1.2616430064006543,0.0,2021-07-19 07:00:00
,1626764400.0,silty,2021,-1.0181521739173298,,-1.0,-1.0,GBRT,7,0.0,,6.336708517861463,4.71830645976308,3.70015428584575,0.0,-1.0181521739173298,0.0,2021-07-20 07:00:00
,1626850800.0,silty,2021,-0.723566920497113,,-1.0,-1.0,GBRT,7,0.0,,7.723088615724408,4.71830645976308,3.994739539265967,0.0,-0.723566920497113,0.0,2021-07-21 07:00:00
,1626937200.0,silty,2021,-0.4716127272032697,,-1.0,-1.0,GBRT,7,0.0,,6.384988487195638,4.71830645976308,4.246693732559811,0.0,-0.4716127272032697,0.0,2021-07-22 07:00:00
,1627023600.0,silty,2021,-0.1956518549453096,,-1.0,-1.0,GBRT,7,0.0,,6.724001721462045,4.71830645976308,4.52265460481777,0.0,-0.1956518549453096,0.0,2021-07-23 07:00:00
,1627110000.0,silty,2021,0.0363072673531063,,-1.0,-1.0,GBRT,7,0.0,,6.639604206034317,4.71830645976308,4.754613727116187,0.0,0.0363072673531063,0.0,2021-07-24 07:00:00
,1627196400.0,silty,2021,0.200558208396795,,-999.0,-999.0,GBRT,7,84.0,,6.068344799075018,4.71830645976308,4.918864668159875,0.0,0.200558208396795,0.0,2021-07-25 07:00:00
,1627282800.0,silty,2021,-0.4346090592865931,,-1.0,-1.0,GBRT,7,0.0,,3.7441148307248353,4.71830645976308,4.283697400476487,0.0,-0.4346090592865931,84.0,2021-07-26 07:00:00
,1627369200.0,silty,2021,-1.0800448272850656,,-1.0,-1.0,GBRT,7,0.0,,5.25782491390273,4.71830645976308,3.638261632478015,1.0,-1.0800448272850656,0.0,2021-07-27 07:00:00
,1627455600.0,silty,2021,-1.3036894798400578,,-1.0,-1.0,GBRT,7,0.0,,4.067188753317478,4.71830645976308,3.4146169799230224,0.0,-1.3036894798400578,0.0,2021-07-28 07:00:00
,1627542000.0,silty,2021,-1.2292260351727593,,-1.0,-1.0,GBRT,7,0.0,,5.501441403272102,4.71830645976308,3.489080424590321,0.0,-1.2292260351727593,0.0,2021-07-29 07:00:00
,1627628400.0,silty,2021,-0.9066160046006604,,-1.0,-1.0,GBRT,7,0.0,,7.363960029273559,4.71830645976308,3.81169045516242,0.0,-0.9066160046006604,0.0,2021-07-30 07:00:00
,1627714800.0,silty,2021,-0.565462602454321,,-1.0,-1.0,GBRT,7,0.0,,8.127164249908118,4.71830645976308,4.152843857308759,0.0,-0.565462602454321,0.0,2021-07-31 07:00:00
,1627801200.0,silty,2021,-0.2724180567707558,,-999.0,-999.0,GBRT,7,80.70960758888016,,7.011084171391055,4.71830645976308,4.445888402992324,9.0,-0.2724180567707558,0.0,2021-08-01 07:00:00
,1627887600.0,silty,2021,-0.7480456242913183,,-1.0,-1.0,GBRT,7,0.0,,7.304828236834061,4.71830645976308,3.970260835471762,0.0,-0.7480456242913183,80.70960758888016,2021-08-02 07:00:00
,1627974000.0,silty,2021,-1.2288495300828075,,-1.0,-1.0,GBRT,7,0.0,,7.320018177389831,4.71830645976308,3.489456929680273,0.0,-1.2288495300828075,0.0,2021-08-03 07:00:00
,1628060400.0,silty,2021,-1.3505864831025134,,-1.0,-1.0,GBRT,7,0.0,,8.239496207860649,4.71830645976308,3.3677199766605668,0.0,-1.3505864831025134,0.0,2021-08-04 07:00:00
,1628146800.0,silty,2021,-1.3083012056939811,,-1.0,-1.0,GBRT,7,0.0,,4.198759507591638,4.71830645976308,3.410005254069099,0.0,-1.3083012056939811,0.0,2021-08-05 07:00:00
,1628233200.0,silty,2021,-0.9389167680561792,,-1.0,-1.0,GBRT,7,0.0,,8.25634687060054,4.71830645976308,3.779389691706901,0.0,-0.9389167680561792,0.0,2021-08-06 07:00:00
,1628319600.0,silty,2021,-0.6090523135177633,,-1.0,-1.0,GBRT,7,0.0,,7.823891414052509,4.71830645976308,4.109254146245317,0.0,-0.6090523135177633,0.0,2021-08-07 07:00:00
,1628406000.0,silty,2021,-0.3161225546552181,,-999.0,-999.0,GBRT,7,0.0,,6.805842568347599,4.71830645976308,4.402183905107862,0.0,-0.3161225546552181,0.0,2021-08-08 07:00:00
,1628492400.0,silty,2021,0.0217582807347035,,-1.0,-1.0,GBRT,7,0.0,,8.235329351972808,4.71830645976308,4.740064740497783,0.0,0.0217582807347035,0.0,2021-08-09 07:00:00
,1655967600.0,silty,2022,-0.2841936596952887,,-999.0,-999.0,GBRT,1,6.645125171575067,,5.915965904891959,4.71830645976308,4.434112800067791,0.0,-0.2841936596952887,0.0,2022-06-23 07:00:00
,1656054000.0,silty,2022,-0.2929758360710717,,-999.0,-999.0,GBRT,1,7.376183772156026,,5.717907755951627,4.71830645976308,4.425330623692009,0.0,-0.2929758360710717,6.645125171575067,2022-06-24 07:00:00
,1656140400.0,silty,2022,-0.2562744141907587,,-999.0,-999.0,GBRT,1,7.376183772156026,,9.203948870710636,4.71830645976308,4.462032045572322,0.0,-0.2562744141907587,7.376183772156026,2022-06-25 07:00:00
,1656226800.0,silty,2022,-0.2247799679747066,,-999.0,-999.0,GBRT,1,7.376183772156026,,9.569797117975432,4.71830645976308,4.493526491788374,0.0,-0.2247799679747066,7.376183772156026,2022-06-26 07:00:00
,1656313200.0,silty,2022,-0.2165980396641958,,-999.0,-999.0,GBRT,1,12.0,,8.693094774412245,4.71830645976308,4.501708420098884,0.0,-0.2165980396641958,7.376183772156026,2022-06-27 07:00:00
,1656399600.0,silty,2022,-0.2963089699235174,,-999.0,-999.0,GBRT,1,6.868642723561715,,7.460713537351751,4.71830645976308,4.421997489839563,1.6,-0.2963089699235174,12.0,2022-06-28 07:00:00
,1656486000.0,silty,2022,-0.4817918759618544,,-999.0,-999.0,GBRT,1,6.801941779816398,,1.8323231735051733,4.71830645976308,4.236514583801226,0.0,-0.4817918759618544,6.868642723561715,2022-06-29 07:00:00
,1656572400.0,silty,2022,-0.4942257141633915,,-999.0,-999.0,GBRT,1,7.376183772156026,,6.425725286268609,4.71830645976308,4.2240807455996885,0.0,-0.4942257141633915,6.801941779816398,2022-06-30 07:00:00
,1656658800.0,silty,2022,-0.4558567349267471,,-999.0,-999.0,GBRT,1,7.376183772156026,,8.481182130641368,4.71830645976308,4.262449724836333,0.0,-0.4558567349267471,7.376183772156026,2022-07-01 07:00:00
,1656745200.0,silty,2022,-0.3917131285898815,,-999.0,-999.0,GBRT,1,7.376183772156026,,9.684100900879589,4.71830645976308,4.326593331173199,0.0,-0.3917131285898815,7.376183772156026,2022-07-02 07:00:00
,1656831600.0,silty,2022,-0.370113197672813,,-999.0,-999.0,GBRT,1,7.376183772156026,,7.875822878948619,4.71830645976308,4.348193262090267,0.0,-0.370113197672813,7.376183772156026,2022-07-03 07:00:00
,1656918000.0,silty,2022,-0.3276029527566316,,-999.0,-999.0,GBRT,1,7.376183772156026,,8.846129638751195,4.71830645976308,4.390703507006449,0.0,-0.3276029527566316,7.376183772156026,2022-07-04 07:00:00
,1657004400.0,silty,2022,-0.2960598950151912,,-999.0,-999.0,GBRT,1,7.376183772156026,,8.353871892123982,4.71830645976308,4.422246564747889,0.0,-0.2960598950151912,7.376183772156026,2022-07-05 07:00:00
,1657090800.0,silty,2022,-0.2762245920656726,,-999.0,-999.0,GBRT,1,7.184273176677909,,8.10868026961472,4.71830645976308,4.442081867697407,0.0,-0.2762245920656726,7.376183772156026,2022-07-06 07:00:00
,1657177200.0,silty,2022,-0.3156225716274912,,-999.0,-999.0,GBRT,1,7.981782971591782,,5.27960920736311,4.71830645976308,4.402683888135589,11.6,-0.3156225716274912,7.184273176677909,2022-07-07 07:00:00
,1657263600.0,silty,2022,-0.4278886724009642,,-999.0,-999.0,GBRT,1,6.44059055178211,,7.275206390354677,4.71830645976308,4.290417787362116,0.0,-0.4278886724009642,7.981782971591782,2022-07-08 07:00:00
,1657350000.0,silty,2022,-0.4580120597958263,,-999.0,-999.0,GBRT,1,6.332581136081141,,7.121172904786319,4.71830645976308,4.260294399967254,0.0,-0.4580120597958263,6.44059055178211,2022-07-09 07:00:00
,1657436400.0,silty,2022,-0.4026406182214347,,-999.0,-999.0,GBRT,1,6.8761308907800025,,7.612583271961939,4.71830645976308,4.315665841541645,0.0,-0.4026406182214347,6.332581136081141,2022-07-10 07:00:00
,1657522800.0,silty,2022,-0.3256980671089687,,-999.0,-999.0,GBRT,1,6.90521889475726,,8.472336750464112,4.71830645976308,4.392608392654111,0.0,-0.3256980671089687,6.8761308907800025,2022-07-11 07:00:00
,1657609200.0,silty,2022,-0.2850635617053991,,-999.0,-999.0,GBRT,1,6.972337920629298,,7.487993037508327,4.71830645976308,4.4332428980576815,0.0,-0.2850635617053991,6.90521889475726,2022-07-12 07:00:00
,1657695600.0,silty,2022,-0.2993925578661838,,-999.0,-999.0,GBRT,1,6.8761308907800025,,5.439558555641069,4.71830645976308,4.418913901896897,0.0,-0.2993925578661838,6.972337920629298,2022-07-13 07:00:00
,1657782000.0,silty,2022,-0.2338910204140674,,-999.0,-999.0,GBRT,1,7.068994994146604,,8.254676604732598,4.71830645976308,4.4844154393490125,0.0,-0.2338910204140674,6.8761308907800025,2022-07-14 07:00:00
,1657868400.0,silty,2022,-0.1413918571883167,,-999.0,-999.0,GBRT,1,7.439991966157071,,9.447916516172471,4.71830645976308,4.576914602574764,0.0,-0.1413918571883167,7.068994994146604,2022-07-15 07:00:00
,1657954800.0,silty,2022,-0.0804857036646359,,-999.0,-999.0,GBRT,1,7.439991966157071,,8.968687582898376,4.71830645976308,4.637820756098444,0.0,-0.0804857036646359,7.439991966157071,2022-07-16 07:00:00
,1658041200.0,silty,2022,-0.0649028753033602,,-999.0,-999.0,GBRT,1,7.420946134729949,,7.701644419417017,4.71830645976308,4.65340358445972,0.0,-0.0649028753033602,7.439991966157071,2022-07-17 07:00:00
,1658127600.0,silty,2022,-0.0642015294304609,,-999.0,-999.0,GBRT,1,7.420946134729949,,7.236620092977568,4.71830645976308,4.654104930332619,0.0,-0.0642015294304609,7.420946134729949,2022-07-18 07:00:00
,1658214000.0,silty,2022,-0.0398625664946757,,-999.0,-999.0,GBRT,1,7.439991966157071,,7.976539558735554,4.71830645976308,4.678443893268405,0.0,-0.0398625664946757,7.420946134729949,2022-07-19 07:00:00
,1658300400.0,silty,2022,0.01168559597795,,-999.0,-999.0,GBRT,1,7.668275895436537,,9.031637030513592,4.71830645976308,4.729992055741031,0.0,0.01168559597795,7.439991966157071,2022-07-20 07:00:00
,1658386800.0,silty,2022,0.0413583768852348,,-999.0,-999.0,GBRT,1,7.668275895436537,,8.523521442036436,4.71830645976308,4.759664836648315,0.0,0.0413583768852348,7.668275895436537,2022-07-21 07:00:00
,1655967600.0,silty,2022,-0.2841936596952887,,-999.0,-999.0,GBRT,2,24.0,,5.915965904891959,4.71830645976308,4.434112800067791,0.0,-0.2841936596952887,0.0,2022-06-23 07:00:00
,1656054000.0,silty,2022,-0.482091860162543,,-1.0,-1.0,GBRT,2,0.0,,5.717907755951627,4.71830645976308,4.236214599600538,0.0,-0.482091860162543,24.0,2022-06-24 07:00:00
,1656140400.0,silty,2022,-0.4937400437521815,,-999.0,-999.0,GBRT,2,20.349853872800622,,9.203948870710636,4.71830645976308,4.224566416010899,0.0,-0.4937400437521815,0.0,2022-06-25 07:00:00
,1656226800.0,silty,2022,-0.5530251624992223,,-1.0,-1.0,GBRT,2,0.0,,9.569797117975432,4.71830645976308,4.165281297263858,0.0,-0.5530251624992223,20.349853872800622,2022-06-26 07:00:00
,1656313200.0,silty,2022,-0.5498981282545208,,-999.0,-999.0,GBRT,2,24.0,,8.693094774412245,4.71830645976308,4.16840833150856,0.0,-0.5498981282545208,0.0,2022-06-27 07:00:00
,1656399600.0,silty,2022,-0.6819235797084615,,-1.0,-1.0,GBRT,2,0.0,,7.460713537351751,4.71830645976308,4.036382880054619,1.6,-0.6819235797084615,24.0,2022-06-28 07:00:00
,1656486000.0,silty,2022,-0.863846363976541,,-999.0,-999.0,GBRT,2,0.0,,1.8323231735051733,4.71830645976308,3.854460095786539,0.0,-0.863846363976541,0.0,2022-06-29 07:00:00
,1656572400.0,silty,2022,-0.7234915852996356,,-1.0,-1.0,GBRT,2,0.0,,6.425725286268609,4.71830645976308,3.9948148744634446,0.0,-0.7234915852996356,0.0,2022-06-30 07:00:00
,1656658800.0,silty,2022,-0.4892900066828599,,-999.0,-999.0,GBRT,2,0.0,,8.481182130641368,4.71830645976308,4.22901645308022,0.0,-0.4892900066828599,0.0,2022-07-01 07:00:00
,1656745200.0,silty,2022,-0.2220820288861511,,-1.0,-1.0,GBRT,2,0.0,,9.684100900879589,4.71830645976308,4.4962244308769295,0.0,-0.2220820288861511,0.0,2022-07-02 07:00:00
,1656831600.0,silty,2022,-0.0047841659708326,,-999.0,-999.0,GBRT,2,20.349853872800622,,7.875822878948619,4.71830645976308,4.713522293792248,0.0,-0.0047841659708326,0.0,2022-07-03 07:00:00
,1656918000.0,silty,2022,-0.1100440522730837,,-1.0,-1.0,GBRT,2,0.0,,8.846129638751195,4.71830645976308,4.608262407489996,0.0,-0.1100440522730837,20.349853872800622,2022-07-04 07:00:00
,1657004400.0,silty,2022,-0.064334440954866,,-999.0,-999.0,GBRT,2,24.0,,8.353871892123982,4.71830645976308,4.653972018808214,0.0,-0.064334440954866,0.0,2022-07-05 07:00:00
,1657090800.0,silty,2022,-0.2605880118327153,,-1.0,-1.0,GBRT,2,0.0,,8.10868026961472,4.71830645976308,4.457718447930365,0.0,-0.2605880118327153,24.0,2022-07-06 07:00:00
,1657177200.0,silty,2022,-0.3598811959668341,,-999.0,-999.0,GBRT,2,19.324327922600784,,5.27960920736311,4.71830645976308,4.358425263796246,11.6,-0.3598811959668341,0.0,2022-07-07 07:00:00
,1657263600.0,silty,2022,-0.5639086978825456,,-1.0,-1.0,GBRT,2,0.0,,7.275206390354677,4.71830645976308,4.154397761880535,0.0,-0.5639086978825456,19.324327922600784,2022-07-08 07:00:00
,1657350000.0,silty,2022,-0.6156414049593636,,-999.0,-999.0,GBRT,2,16.210199839463673,,7.121172904786319,4.71830645976308,4.102665054803716,0.0,-0.6156414049593636,0.0,2022-07-09 07:00:00
,1657436400.0,silty,2022,-0.6298958671026947,,-1.0,-1.0,GBRT,2,0.0,,7.612583271961939,4.71830645976308,4.088410592660385,0.0,-0.6298958671026947,16.210199839463673,2022-07-10 07:00:00
,1657522800.0,silty,2022,-0.5229406783847131,,-999.0,-999.0,GBRT,2,17.564940306565166,,8.472336750464112,4.71830645976308,4.195365781378367,0.0,-0.5229406783847131,0.0,2022-07-11 07:00:00
,1657609200.0,silty,2022,-0.5624498805524826,,-1.0,-1.0,GBRT,2,0.0,,7.487993037508327,4.71830645976308,4.155856579210598,0.0,-0.5624498805524826,17.564940306565166,2022-07-12 07:00:00
,1657695600.0,silty,2022,-0.5563718691802423,,-999.0,-999.0,GBRT,2,17.14863348795175,,5.439558555641069,4.71830645976308,4.161934590582838,0.0,-0.5563718691802423,0.0,2022-07-13 07:00:00
,1657782000.0,silty,2022,-0.5586332108627637,,-1.0,-1.0,GBRT,2,0.0,,8.254676604732598,4.71830645976308,4.159673248900316,0.0,-0.5586332108627637,17.14863348795175,2022-07-14 07:00:00
,1657868400.0,silty,2022,-0.4188457421015977,,-999.0,-999.0,GBRT,2,20.349853872800622,,9.447916516172471,4.71830645976308,4.299460717661483,0.0,-0.4188457421015977,0.0,2022-07-15 07:00:00
,1657954800.0,silty,2022,-0.4519081997910329,,-1.0,-1.0,GBRT,2,0.0,,8.968687582898376,4.71830645976308,4.266398259972047,0.0,-0.4519081997910329,20.349853872800622,2022-07-16 07:00:00
,1658041200.0,silty,2022,-0.420637446553293,,-999.0,-999.0,GBRT,2,24.0,,7.701644419417017,4.71830645976308,4.297669013209787,0.0,-0.420637446553293,0.0,2022-07-17 07:00:00
,1658127600.0,silty,2022,-0.5443410374725645,,-1.0,-1.0,GBRT,2,0.0,,7.236620092977568,4.71830645976308,4.173965422290515,0.0,-0.5443410374725645,24.0,2022-07-18 07:00:00
,1658214000.0,silty,2022,-0.5454514635275112,,-999.0,-999.0,GBRT,2,21.371271451612824,,7.976539558735554,4.71830645976308,4.172854996235569,0.0,-0.5454514635275112,0.0,2022-07-19 07:00:00
,1658300400.0,silty,2022,-0.5600706099758139,,-1.0,-1.0,GBRT,2,0.0,,9.031637030513592,4.71830645976308,4.158235849787267,0.0,-0.5600706099758139,21.371271451612824,2022-07-20 07:00:00
,1658386800.0,silty,2022,-0.5144961934050085,,-999.0,-999.0,GBRT,2,20.349853872800622,,8.523521442036436,4.71830645976308,4.203810266358071,0.0,-0.5144961934050085,0.0,2022-07-21 07:00:00
,1655967600.0,silty,2022,-0.2841936596952887,,-999.0,-999.0,GBRT,3,27.882219112285664,,5.915965904891959,4.71830645976308,4.434112800067791,0.0,-0.2841936596952887,0.0,2022-06-23 07:00:00
,1656054000.0,silty,2022,-0.5252507559906652,,-1.0,-1.0,GBRT,3,0.0,,5.717907755951627,4.71830645976308,4.193055703772415,0.0,-0.5252507559906652,27.882219112285664,2022-06-24 07:00:00
,1656140400.0,silty,2022,-0.5740223564831686,,-1.0,-1.0,GBRT,3,0.0,,9.203948870710636,4.71830645976308,4.144284103279912,0.0,-0.5740223564831686,0.0,2022-06-25 07:00:00
,1656226800.0,silty,2022,-0.3554889034280104,,-999.0,-999.0,GBRT,3,36.0,,9.569797117975432,4.71830645976308,4.36281755633507,0.0,-0.3554889034280104,0.0,2022-06-26 07:00:00
,1656313200.0,silty,2022,-0.6193695195259011,,-1.0,-1.0,GBRT,3,0.0,,8.693094774412245,4.71830645976308,4.098936940237179,0.0,-0.6193695195259011,36.0,2022-06-27 07:00:00
,1656399600.0,silty,2022,-0.7675962449224681,,-1.0,-1.0,GBRT,3,0.0,,7.460713537351751,4.71830645976308,3.950710214840612,1.6,-0.7675962449224681,0.0,2022-06-28 07:00:00
,1656486000.0,silty,2022,-0.7838099829979022,,-999.0,-999.0,GBRT,3,0.0,,1.8323231735051733,4.71830645976308,3.934496476765178,0.0,-0.7838099829979022,0.0,2022-06-29 07:00:00
,1656572400.0,silty,2022,-0.6063866103777192,,-1.0,-1.0,GBRT,3,0.0,,6.425725286268609,4.71830645976308,4.1119198493853615,0.0,-0.6063866103777192,0.0,2022-06-30 07:00:00
,1656658800.0,silty,2022,-0.3738660689697065,,-1.0,-1.0,GBRT,3,0.0,,8.481182130641368,4.71830645976308,4.344440390793374,0.0,-0.3738660689697065,0.0,2022-07-01 07:00:00
,1656745200.0,silty,2022,-0.108799498775536,,-999.0,-999.0,GBRT,3,30.78825109818515,,9.684100900879589,4.71830645976308,4.609506960987544,0.0,-0.108799498775536,0.0,2022-07-02 07:00:00
,1656831600.0,silty,2022,-0.3728748014332698,,-1.0,-1.0,GBRT,3,0.0,,7.875822878948619,4.71830645976308,4.345431658329811,0.0,-0.3728748014332698,30.78825109818515,2022-07-03 07:00:00
,1656918000.0,silty,2022,-0.4210533883026478,,-1.0,-1.0,GBRT,3,0.0,,8.846129638751195,4.71830645976308,4.297253071460433,0.0,-0.4210533883026478,0.0,2022-07-04 07:00:00
,1657004400.0,silty,2022,-0.2104678111228796,,-999.0,-999.0,GBRT,3,36.0,,8.353871892123982,4.71830645976308,4.507838648640201,0.0,-0.2104678111228796,0.0,2022-07-05 07:00:00
,1657090800.0,silty,2022,-0.5102636542102295,,-1.0,-1.0,GBRT,3,0.0,,8.10868026961472,4.71830645976308,4.208042805552851,0.0,-0.5102636542102295,36.0,2022-07-06 07:00:00
,1657177200.0,silty,2022,-0.6956880880552457,,-1.0,-1.0,GBRT,3,0.0,,5.27960920736311,4.71830645976308,4.022618371707835,11.6,-0.6956880880552457,0.0,2022-07-07 07:00:00
,1657263600.0,silty,2022,-0.6540997593787492,,-999.0,-999.0,GBRT,3,27.20119341810955,,7.275206390354677,4.71830645976308,4.064206700384331,0.0,-0.6540997593787492,0.0,2022-07-08 07:00:00
,1657350000.0,silty,2022,-0.8338513164730644,,-1.0,-1.0,GBRT,3,0.0,,7.121172904786319,4.71830645976308,3.884455143290016,0.0,-0.8338513164730644,27.20119341810955,2022-07-09 07:00:00
,1657436400.0,silty,2022,-0.8923635581084758,,-1.0,-1.0,GBRT,3,0.0,,7.612583271961939,4.71830645976308,3.8259429016546047,0.0,-0.8923635581084758,0.0,2022-07-10 07:00:00
,1657522800.0,silty,2022,-0.6459183083904547,,-999.0,-999.0,GBRT,3,0.0,,8.472336750464112,4.71830645976308,4.072388151372626,0.0,-0.6459183083904547,0.0,2022-07-11 07:00:00
,1657609200.0,silty,2022,-0.4043088063915472,,-1.0,-1.0,GBRT,3,0.0,,7.487993037508327,4.71830645976308,4.313997653371533,0.0,-0.4043088063915472,0.0,2022-07-12 07:00:00
,1657695600.0,silty,2022,-0.2206147526509758,,-1.0,-1.0,GBRT,3,0.0,,5.439558555641069,4.71830645976308,4.4976917071121045,0.0,-0.2206147526509758,0.0,2022-07-13 07:00:00
,1657782000.0,silty,2022,0.0547874440938544,,-999.0,-999.0,GBRT,3,30.9630975186427,,8.254676604732598,4.71830645976308,4.773093903856934,0.0,0.0547874440938544,0.0,2022-07-14 07:00:00
,1657868400.0,silty,2022,-0.1834407052340541,,-1.0,-1.0,GBRT,3,0.0,,9.447916516172471,4.71830645976308,4.534865754529026,0.0,-0.1834407052340541,30.9630975186427,2022-07-15 07:00:00
,1657954800.0,silty,2022,-0.2143765989513835,,-1.0,-1.0,GBRT,3,0.0,,8.968687582898376,4.71830645976308,4.503929860811697,0.0,-0.2143765989513835,0.0,2022-07-16 07:00:00
,1658041200.0,silty,2022,-0.0039831648083202,,-999.0,-999.0,GBRT,3,30.04468297837261,,7.701644419417017,4.71830645976308,4.71432329495476,0.0,-0.0039831648083202,0.0,2022-07-17 07:00:00
,1658127600.0,silty,2022,-0.277998141335616,,-1.0,-1.0,GBRT,3,0.0,,7.236620092977568,4.71830645976308,4.440308318427464,0.0,-0.277998141335616,30.04468297837261,2022-07-18 07:00:00
,1658214000.0,silty,2022,-0.3443401482066487,,-1.0,-1.0,GBRT,3,0.0,,7.976539558735554,4.71830645976308,4.373966311556432,0.0,-0.3443401482066487,0.0,2022-07-19 07:00:00
,1658300400.0,silty,2022,-0.0760195479431659,,-999.0,-999.0,GBRT,3,33.776462198641575,,9.031637030513592,4.71830645976308,4.642286911819914,0.0,-0.0760195479431659,0.0,2022-07-20 07:00:00
,1658386800.0,silty,2022,-0.3347855762313457,,-1.0,-1.0,GBRT,3,0.0,,8.523521442036436,4.71830645976308,4.383520883531735,0.0,-0.3347855762313457,33.776462198641575,2022-07-21 07:00:00
,1655967600.0,silty,2022,-0.2841936596952887,,-999.0,-999.0,GBRT,5,42.873407108815584,,5.915965904891959,4.71830645976308,4.434112800067791,0.0,-0.2841936596952887,0.0,2022-06-23 07:00:00
,1656054000.0,silty,2022,-0.6207563404770456,,-1.0,-1.0,GBRT,5,0.0,,5.717907755951627,4.71830645976308,4.097550119286034,0.0,-0.6207563404770456,42.873407108815584,2022-06-24 07:00:00
,1656140400.0,silty,2022,-0.807179124940144,,-1.0,-1.0,GBRT,5,0.0,,9.203948870710636,4.71830645976308,3.911127334822936,0.0,-0.807179124940144,0.0,2022-06-25 07:00:00
,1656226800.0,silty,2022,-0.670347025809574,,-1.0,-1.0,GBRT,5,0.0,,9.569797117975432,4.71830645976308,4.0479594339535065,0.0,-0.670347025809574,0.0,2022-06-26 07:00:00
,1656313200.0,silty,2022,-0.4511891098059236,,-1.0,-1.0,GBRT,5,0.0,,8.693094774412245,4.71830645976308,4.267117349957156,0.0,-0.4511891098059236,0.0,2022-06-27 07:00:00
,1656399600.0,silty,2022,-0.26628824964908,,-999.0,-999.0,GBRT,5,50.1774487672254,,7.460713537351751,4.71830645976308,4.452018210114,1.6,-0.26628824964908,0.0,2022-06-28 07:00:00
,1656486000.0,silty,2022,-0.75139886144654,,-1.0,-1.0,GBRT,5,0.0,,1.8323231735051733,4.71830645976308,3.96690759831654,0.0,-0.75139886144654,50.1774487672254,2022-06-29 07:00:00
,1656572400.0,silty,2022,-1.0301195264087517,,-1.0,-1.0,GBRT,5,0.0,,6.425725286268609,4.71830645976308,3.688186933354329,0.0,-1.0301195264087517,0.0,2022-06-30 07:00:00
,1656658800.0,silty,2022,-0.9898172651984326,,-1.0,-1.0,GBRT,5,0.0,,8.481182130641368,4.71830645976308,3.728489194564648,0.0,-0.9898172651984326,0.0,2022-07-01 07:00:00
,1656745200.0,silty,2022,-0.7058212765437583,,-1.0,-1.0,GBRT,5,0.0,,9.684100900879589,4.71830645976308,4.012485183219322,0.0,-0.7058212765437583,0.0,2022-07-02 07:00:00
,1656831600.0,silty,2022,-0.4728594803230421,,-999.0,-999.0,GBRT,5,0.0,,7.875822878948619,4.71830645976308,4.245446979440038,0.0,-0.4728594803230421,0.0,2022-07-03 07:00:00
,1656918000.0,silty,2022,-0.2094806880188726,,-1.0,-1.0,GBRT,5,0.0,,8.846129638751195,4.71830645976308,4.508825771744208,0.0,-0.2094806880188726,0.0,2022-07-04 07:00:00
,1657004400.0,silty,2022,0.0366588177232399,,-1.0,-1.0,GBRT,5,0.0,,8.353871892123982,4.71830645976308,4.7549652774863205,0.0,0.0366588177232399,0.0,2022-07-05 07:00:00
,1657090800.0,silty,2022,0.2365702362183378,,-1.0,-1.0,GBRT,5,0.0,,8.10868026961472,4.71830645976308,4.954876695981418,0.0,0.2365702362183378,0.0,2022-07-06 07:00:00
,1657177200.0,silty,2022,0.3484118040548286,,-1.0,-1.0,GBRT,5,0.0,,5.27960920736311,4.71830645976308,5.066718263817909,11.6,0.3484118040548286,0.0,2022-07-07 07:00:00
,1657263600.0,silty,2022,0.4789459944861284,,-999.0,-999.0,GBRT,5,40.68742186113525,,7.275206390354677,4.71830645976308,5.197252454249209,0.0,0.4789459944861284,0.0,2022-07-08 07:00:00
,1657350000.0,silty,2022,-0.1278741262209736,,-1.0,-1.0,GBRT,5,0.0,,7.121172904786319,4.71830645976308,4.590432333542107,0.0,-0.1278741262209736,40.68742186113525,2022-07-09 07:00:00
,1657436400.0,silty,2022,-0.3501068644094967,,-1.0,-1.0,GBRT,5,0.0,,7.612583271961939,4.71830645976308,4.368199595353584,0.0,-0.3501068644094967,0.0,2022-07-10 07:00:00
,1657522800.0,silty,2022,-0.1627130874280387,,-1.0,-1.0,GBRT,5,0.0,,8.472336750464112,4.71830645976308,4.555593372335042,0.0,-0.1627130874280387,0.0,2022-07-11 07:00:00
,1657609200.0,silty,2022,0.0501472020937928,,-1.0,-1.0,GBRT,5,0.0,,7.487993037508327,4.71830645976308,4.768453661856873,0.0,0.0501472020937928,0.0,2022-07-12 07:00:00
,1657695600.0,silty,2022,0.2097669304789749,,-999.0,-999.0,GBRT,5,53.68143050573816,,5.439558555641069,4.71830645976308,4.928073390242055,0.0,0.2097669304789749,0.0,2022-07-13 07:00:00
,1657782000.0,silty,2022,-0.2437138979739718,,-1.0,-1.0,GBRT,5,0.0,,8.254676604732598,4.71830645976308,4.474592561789108,0.0,-0.2437138979739718,53.68143050573816,2022-07-14 07:00:00
,1657868400.0,silty,2022,-0.5695541636347154,,-1.0,-1.0,GBRT,5,0.0,,9.447916516172471,4.71830645976308,4.1487522961283645,0.0,-0.5695541636347154,0.0,2022-07-15 07:00:00
,1657954800.0,silty,2022,-0.4341005664439712,,-1.0,-1.0,GBRT,5,0.0,,8.968687582898376,4.71830645976308,4.284205893319109,0.0,-0.4341005664439712,0.0,2022-07-16 07:00:00
,1658041200.0,silty,2022,-0.1787710443870065,,-1.0,-1.0,GBRT,5,0.0,,7.701644419417017,4.71830645976308,4.539535415376074,0.0,-0.1787710443870065,0.0,2022-07-17 07:00:00
,1658127600.0,silty,2022,0.0560521422762805,,-999.0,-999.0,GBRT,5,52.40751181136573,,7.236620092977568,4.71830645976308,4.774358602039361,0.0,0.0560521422762805,0.0,2022-07-18 07:00:00
,1658214000.0,silty,2022,-0.3445980737499256,,-1.0,-1.0,GBRT,5,0.0,,7.976539558735554,4.71830645976308,4.3737083860131545,0.0,-0.3445980737499256,52.40751181136573,2022-07-19 07:00:00
,1658300400.0,silty,2022,-0.6414937933855936,,-1.0,-1.0,GBRT,5,0.0,,9.031637030513592,4.71830645976308,4.076812666377487,0.0,-0.6414937933855936,0.0,2022-07-20 07:00:00
,1658386800.0,silty,2022,-0.5059050205065767,,-1.0,-1.0,GBRT,5,0.0,,8.523521442036436,4.71830645976308,4.212401439256504,0.0,-0.5059050205065767,0.0,2022-07-21 07:00:00
,1655967600.0,silty,2022,-0.2841936596952887,,-999.0,-999.0,GBRT,7,46.90021950225035,,5.915965904891959,4.71830645976308,4.434112800067791,0.0,-0.2841936596952887,0.0,2022-06-23 07:00:00
,1656054000.0,silty,2022,-0.6297615454155873,,-1.0,-1.0,GBRT,7,0.0,,5.717907755951627,4.71830645976308,4.0885449143474935,0.0,-0.6297615454155873,46.90021950225035,2022-06-24 07:00:00
,1656140400.0,silty,2022,-0.8555824772587421,,-1.0,-1.0,GBRT,7,0.0,,9.203948870710636,4.71830645976308,3.862723982504338,0.0,-0.8555824772587421,0.0,2022-06-25 07:00:00
,1656226800.0,silty,2022,-0.760912960522706,,-1.0,-1.0,GBRT,7,0.0,,9.569797117975432,4.71830645976308,3.957393499240374,0.0,-0.760912960522706,0.0,2022-06-26 07:00:00
,1656313200.0,silty,2022,-0.5369488270719242,,-1.0,-1.0,GBRT,7,0.0,,8.693094774412245,4.71830645976308,4.181357632691156,0.0,-0.5369488270719242,0.0,2022-06-27 07:00:00
,1656399600.0,silty,2022,-0.3473568286648033,,-1.0,-1.0,GBRT,7,0.0,,7.460713537351751,4.71830645976308,4.370949631098277,1.6,-0.3473568286648033,0.0,2022-06-28 07:00:00
,1656486000.0,silty,2022,-0.2954517874550991,,-1.0,-1.0,GBRT,7,0.0,,1.8323231735051733,4.71830645976308,4.422854672307981,0.0,-0.2954517874550991,0.0,2022-06-29 07:00:00
,1656572400.0,silty,2022,-0.121555649109946,,-999.0,-999.0,GBRT,7,64.86941680033131,,6.425725286268609,4.71830645976308,4.596750810653134,0.0,-0.121555649109946,0.0,2022-06-30 07:00:00
,1656658800.0,silty,2022,-0.5321900617708322,,-1.0,-1.0,GBRT,7,0.0,,8.481182130641368,4.71830645976308,4.186116397992248,0.0,-0.5321900617708322,64.86941680033131,2022-07-01 07:00:00
,1656745200.0,silty,2022,-0.9279163044445126,,-1.0,-1.0,GBRT,7,0.0,,9.684100900879589,4.71830645976308,3.790390155318568,0.0,-0.9279163044445126,0.0,2022-07-02 07:00:00
,1656831600.0,silty,2022,-0.9749416093490868,,-1.0,-1.0,GBRT,7,0.0,,7.875822878948619,4.71830645976308,3.7433648504139936,0.0,-0.9749416093490868,0.0,2022-07-03 07:00:00
,1656918000.0,silty,2022,-0.7282792740443029,,-1.0,-1.0,GBRT,7,0.0,,8.846129638751195,4.71830645976308,3.990027185718777,0.0,-0.7282792740443029,0.0,2022-07-04 07:00:00
,1657004400.0,silty,2022,-0.4736127799143609,,-1.0,-1.0,GBRT,7,0.0,,8.353871892123982,4.71830645976308,4.244693679848719,0.0,-0.4736127799143609,0.0,2022-07-05 07:00:00
,1657090800.0,silty,2022,-0.232870460279892,,-1.0,-1.0,GBRT,7,0.0,,8.10868026961472,4.71830645976308,4.4854359994831885,0.0,-0.232870460279892,0.0,2022-07-06 07:00:00
,1657177200.0,silty,2022,-0.0674253125009736,,-999.0,-999.0,GBRT,7,54.299824918124735,,5.27960920736311,4.71830645976308,4.6508811472621066,11.6,-0.0674253125009736,0.0,2022-07-07 07:00:00
,1657263600.0,silty,2022,-0.5739530803227622,,-1.0,-1.0,GBRT,7,0.0,,7.275206390354677,4.71830645976308,4.144353379440318,0.0,-0.5739530803227622,54.299824918124735,2022-07-08 07:00:00
,1657350000.0,silty,2022,-0.9609545004827572,,-1.0,-1.0,GBRT,7,0.0,,7.121172904786319,4.71830645976308,3.757351959280323,0.0,-0.9609545004827572,0.0,2022-07-09 07:00:00
,1657436400.0,silty,2022,-0.9333653531316009,,-1.0,-1.0,GBRT,7,0.0,,7.612583271961939,4.71830645976308,3.78494110663148,0.0,-0.9333653531316009,0.0,2022-07-10 07:00:00
,1657522800.0,silty,2022,-0.6491835392524398,,-1.0,-1.0,GBRT,7,0.0,,8.472336750464112,4.71830645976308,4.06912292051064,0.0,-0.6491835392524398,0.0,2022-07-11 07:00:00
,1657609200.0,silty,2022,-0.4013711987390454,,-1.0,-1.0,GBRT,7,0.0,,7.487993037508327,4.71830645976308,4.316935261024035,0.0,-0.4013711987390454,0.0,2022-07-12 07:00:00
,1657695600.0,silty,2022,-0.2136672326753518,,-1.0,-1.0,GBRT,7,0.0,,5.439558555641069,4.71830645976308,4.504639227087728,0.0,-0.2136672326753518,0.0,2022-07-13 07:00:00
,1657782000.0,silty,2022,0.064479357531321,,-999.0,-999.0,GBRT,7,69.71177384265626,,8.254676604732598,4.71830645976308,4.7827858172944016,0.0,0.064479357531321,0.0,2022-07-14 07:00:00
,1657868400.0,silty,2022,-0.3582942190690584,,-1.0,-1.0,GBRT,7,0.0,,9.447916516172471,4.71830645976308,4.360012240694021,0.0,-0.3582942190690584,69.71177384265626,2022-07-15 07:00:00
,1657954800.0,silty,2022,-0.8342803576223078,,-1.0,-1.0,GBRT,7,0.0,,8.968687582898376,4.71830645976308,3.884026102140772,0.0,-0.8342803576223078,0.0,2022-07-16 07:00:00
,1658041200.0,silty,2022,-0.8822698462511458,,-1.0,-1.0,GBRT,7,0.0,,7.701644419417017,4.71830645976308,3.836036613511935,0.0,-0.8822698462511458,0.0,2022-07-17 07:00:00
,1658127600.0,silty,2022,-0.648462081397983,,-1.0,-1.0,GBRT,7,0.0,,7.236620092977568,4.71830645976308,4.069844378365097,0.0,-0.648462081397983,0.0,2022-07-18 07:00:00
,1658214000.0,silty,2022,-0.3622182315351205,,-1.0,-1.0,GBRT,7,0.0,,7.976539558735554,4.71830645976308,4.35608822822796,0.0,-0.3622182315351205,0.0,2022-07-19 07:00:00
,1658300400.0,silty,2022,-0.0404729298793055,,-1.0,-1.0,GBRT,7,0.0,,9.031637030513592,4.71830645976308,4.677833529883775,0.0,-0.0404729298793055,0.0,2022-07-20 07:00:00
,1658386800.0,silty,2022,0.2348999480543445,,-999.0,-999.0,GBRT,7,76.1136679173817,,8.523521442036436,4.71830645976308,4.953206407817425,0.0,0.2348999480543445,0.0,2022-07-21 07:00:00
,1687503600.0,silty,2023,-0.4751499057935796,,-999.0,-999.0,GBRT,1,7.3242436902129615,,6.420277994663035,4.71830645976308,4.2431565539695,0.0,-0.4751499057935796,0.0,2023-06-23 07:00:00
,1687590000.0,silty,2023,-0.4804613476875505,,-999.0,-999.0,GBRT,1,6.83106008278407,,6.3387606045021405,4.71830645976308,4.237845112075529,0.0,-0.4804613476875505,7.3242436902129615,2023-06-24 07:00:00
,1687676400.0,silty,2023,-0.4753402954415805,,-999.0,-999.0,GBRT,1,5.791743648893493,,7.077332335884068,4.71830645976308,4.2429661643215,0.0,-0.4753402954415805,6.83106008278407,2023-06-25 07:00:00
,1687762800.0,silty,2023,-0.4637233999007327,,-999.0,-999.0,GBRT,1,5.854431903313728,,6.229180911248416,4.71830645976308,4.254583059862347,0.0,-0.4637233999007327,5.791743648893493,2023-06-26 07:00:00
,1687849200.0,silty,2023,-0.4167285085803086,,-999.0,-999.0,GBRT,1,12.0,,7.717627618312005,4.71830645976308,4.301577951182772,0.0,-0.4167285085803086,5.854431903313728,2023-06-27 07:00:00
,1687935600.0,silty,2023,-0.4552620782293086,,-999.0,-999.0,GBRT,1,6.0933833787883485,,8.190146658736474,4.71830645976308,4.263044381533772,0.0,-0.4552620782293086,12.0,2023-06-28 07:00:00
,1688022000.0,silty,2023,-0.5931116218006917,,-999.0,-999.0,GBRT,1,4.578739871390908,,2.6534944981591777,4.71830645976308,4.125194837962389,0.0,-0.5931116218006917,6.0933833787883485,2023-06-29 07:00:00
,1688108400.0,silty,2023,-0.5141551809685931,,-999.0,-999.0,GBRT,1,5.5730704310689285,,7.811921140444205,4.71830645976308,4.204151278794488,0.0,-0.5141551809685931,4.578739871390908,2023-06-30 07:00:00
,1688194800.0,silty,2023,-0.5654981986138103,,-999.0,-999.0,GBRT,1,4.507476342080745,,2.989408376370308,4.71830645976308,4.15280826114927,0.0,-0.5654981986138103,5.5730704310689285,2023-07-01 07:00:00
,1688281200.0,silty,2023,-0.5754903498961689,,-999.0,-999.0,GBRT,1,5.456666233336498,,3.628606534620321,4.71830645976308,4.142816109866911,0.0,-0.5754903498961689,4.507476342080745,2023-07-02 07:00:00
,1688367600.0,silty,2023,-0.5385477344450026,,-999.0,-999.0,GBRT,1,5.870067946599836,,5.9091258835011,4.71830645976308,4.179758725318077,0.0,-0.5385477344450026,5.456666233336498,2023-07-03 07:00:00
,1688454000.0,silty,2023,-0.4911507265852642,,-999.0,-999.0,GBRT,1,5.8741216075218725,,6.621532339824514,4.71830645976308,4.227155733177816,0.0,-0.4911507265852642,5.870067946599836,2023-07-04 07:00:00
,1688540400.0,silty,2023,-0.45452005006663,,-999.0,-999.0,GBRT,1,5.810133371625627,,6.395412175418061,4.71830645976308,4.263786409696451,0.0,-0.45452005006663,5.8741216075218725,2023-07-05 07:00:00
,1688626800.0,silty,2023,-0.3873589490003855,,-999.0,-999.0,GBRT,1,6.559052494113268,,7.492344925936937,4.71830645976308,4.330947510762695,5.0,-0.3873589490003855,5.810133371625627,2023-07-06 07:00:00
,1688713200.0,silty,2023,-0.501887607714304,,-999.0,-999.0,GBRT,1,5.4649527454256654,,3.3788724562330463,4.71830645976308,4.216418852048776,0.0,-0.501887607714304,6.559052494113268,2023-07-07 07:00:00
,1688799600.0,silty,2023,-0.4716840744353039,,-999.0,-999.0,GBRT,1,5.785057996726979,,6.518921569415171,4.71830645976308,4.246622385327776,0.0,-0.4716840744353039,5.4649527454256654,2023-07-08 07:00:00
,1688886000.0,silty,2023,-0.4069514914252619,,-999.0,-999.0,GBRT,1,6.11627470061082,,7.0675670514600375,4.71830645976308,4.3113549683378185,0.0,-0.4069514914252619,5.785057996726979,2023-07-09 07:00:00
,1688972400.0,silty,2023,-0.353663964707313,,-999.0,-999.0,GBRT,1,7.093769041852162,,6.961944041187434,4.71830645976308,4.364642495055767,0.0,-0.353663964707313,6.11627470061082,2023-07-10 07:00:00
,1689058800.0,silty,2023,-0.3079886321641367,,-999.0,-999.0,GBRT,1,7.376183772156026,,7.523781176422247,4.71830645976308,4.410317827598943,0.0,-0.3079886321641367,7.093769041852162,2023-07-11 07:00:00
,1689145200.0,silty,2023,-0.2714284161025728,,-999.0,-999.0,GBRT,1,7.446413561178357,,7.806608352298979,4.71830645976308,4.446878043660507,0.0,-0.2714284161025728,7.376183772156026,2023-07-12 07:00:00
,1689231600.0,silty,2023,-0.245771943299397,,-999.0,-999.0,GBRT,1,11.646619488715272,,7.714035948667738,4.71830645976308,4.472534516463683,22.8,-0.245771943299397,7.446413561178357,2023-07-13 07:00:00
,1689318000.0,silty,2023,-0.7631952772572099,,-999.0,-999.0,GBRT,1,5.991382192583408,,2.9961159428327533,4.71830645976308,3.9551111825058713,0.0,-0.7631952772572099,11.646619488715272,2023-07-14 07:00:00
,1689404400.0,silty,2023,-0.854337886002734,,-999.0,-999.0,GBRT,1,0.0,,5.390782029334142,4.71830645976308,3.863968573760346,0.0,-0.854337886002734,5.991382192583408,2023-07-15 07:00:00
,1689490800.0,silty,2023,-0.6326204262957673,,-999.0,-999.0,GBRT,1,0.0,,7.109056997180415,4.71830645976308,4.085686033467313,0.0,-0.6326204262957673,0.0,2023-07-16 07:00:00
,1689577200.0,silty,2023,-0.3942455377353581,,-999.0,-999.0,GBRT,1,5.879376312772413,,6.608581357186508,4.71830645976308,4.324060922027722,0.0,-0.3942455377353581,0.0,2023-07-17 07:00:00
,1689663600.0,silty,2023,-0.2586530510003081,,-999.0,-999.0,GBRT,1,5.988602888843441,,7.500311698248804,4.71830645976308,4.459653408762772,0.0,-0.2586530510003081,5.879376312772413,2023-07-18 07:00:00
,1689750000.0,silty,2023,-0.174393590496781,,-999.0,-999.0,GBRT,1,7.093769041852162,,7.063404491828016,4.71830645976308,4.5439128692663,0.0,-0.174393590496781,5.988602888843441,2023-07-19 07:00:00
,1689836400.0,silty,2023,-0.1038981974607714,,-999.0,-999.0,GBRT,1,7.640500177276005,,7.949048805371062,4.71830645976308,4.614408262302309,0.0,-0.1038981974607714,7.093769041852162,2023-07-20 07:00:00
,1689922800.0,silty,2023,-0.1171174492753784,,-999.0,-999.0,GBRT,1,7.247723554809171,,6.202164075023188,4.71830645976308,4.601189010487702,0.0,-0.1171174492753784,7.640500177276005,2023-07-21 07:00:00
,1687503600.0,silty,2023,-0.4751499057935796,,-999.0,-999.0,GBRT,2,24.0,,6.420277994663035,4.71830645976308,4.2431565539695,0.0,-0.4751499057935796,0.0,2023-06-23 07:00:00
,1687590000.0,silty,2023,-0.6574637536745247,,-1.0,-1.0,GBRT,2,0.0,,6.3387606045021405,4.71830645976308,4.060842706088556,0.0,-0.6574637536745247,24.0,2023-06-24 07:00:00
,1687676400.0,silty,2023,-0.709501745022288,,-999.0,-999.0,GBRT,2,17.14863348795175,,7.077332335884068,4.71830645976308,4.008804714740792,0.0,-0.709501745022288,0.0,2023-06-25 07:00:00
,1687762800.0,silty,2023,-0.7866403211717556,,-1.0,-1.0,GBRT,2,0.0,,6.229180911248416,4.71830645976308,3.931666138591325,0.0,-0.7866403211717556,17.14863348795175,2023-06-26 07:00:00
,1687849200.0,silty,2023,-0.7516539511569295,,-999.0,-999.0,GBRT,2,0.0,,7.717627618312005,4.71830645976308,3.966652508606151,0.0,-0.7516539511569295,0.0,2023-06-27 07:00:00
,1687935600.0,silty,2023,-0.5382869686684827,,-1.0,-1.0,GBRT,2,0.0,,8.190146658736474,4.71830645976308,4.180019491094598,0.0,-0.5382869686684827,0.0,2023-06-28 07:00:00
,1688022000.0,silty,2023,-0.46260902861057,,-999.0,-999.0,GBRT,2,0.0,,2.6534944981591777,4.71830645976308,4.255697431152511,0.0,-0.46260902861057,0.0,2023-06-29 07:00:00
,1688108400.0,silty,2023,-0.2563324029845744,,-1.0,-1.0,GBRT,2,0.0,,7.811921140444205,4.71830645976308,4.461974056778506,0.0,-0.2563324029845744,0.0,2023-06-30 07:00:00
,1688194800.0,silty,2023,-0.1741233769077608,,-999.0,-999.0,GBRT,2,13.581471356690006,,2.989408376370308,4.71830645976308,4.544183082855319,0.0,-0.1741233769077608,0.0,2023-07-01 07:00:00
,1688281200.0,silty,2023,-0.3251430005163077,,-1.0,-1.0,GBRT,2,0.0,,3.628606534620321,4.71830645976308,4.3931634592467725,0.0,-0.3251430005163077,13.581471356690006,2023-07-02 07:00:00
,1688367600.0,silty,2023,-0.2364604450780523,,-999.0,-999.0,GBRT,2,24.0,,5.9091258835011,4.71830645976308,4.481846014685028,0.0,-0.2364604450780523,0.0,2023-07-03 07:00:00
,1688454000.0,silty,2023,-0.4369512331083508,,-1.0,-1.0,GBRT,2,0.0,,6.621532339824514,4.71830645976308,4.281355226654729,0.0,-0.4369512331083508,24.0,2023-07-04 07:00:00
,1688540400.0,silty,2023,-0.4978080242067115,,-999.0,-999.0,GBRT,2,24.0,,6.395412175418061,4.71830645976308,4.220498435556369,0.0,-0.4978080242067115,0.0,2023-07-05 07:00:00
,1688626800.0,silty,2023,-0.6297293201102504,,-1.0,-1.0,GBRT,2,0.0,,7.492344925936937,4.71830645976308,4.08857713965283,5.0,-0.6297293201102504,24.0,2023-07-06 07:00:00
,1688713200.0,silty,2023,-0.8165965269115332,,-999.0,-999.0,GBRT,2,13.293494159725642,,3.3788724562330463,4.71830645976308,3.901709932851547,0.0,-0.8165965269115332,0.0,2023-07-07 07:00:00
,1688799600.0,silty,2023,-0.8461029864551549,,-1.0,-1.0,GBRT,2,0.0,,6.518921569415171,4.71830645976308,3.872203473307925,0.0,-0.8461029864551549,13.293494159725642,2023-07-08 07:00:00
,1688886000.0,silty,2023,-0.7466312819616792,,-999.0,-999.0,GBRT,2,0.0,,7.0675670514600375,4.71830645976308,3.971675177801401,0.0,-0.7466312819616792,0.0,2023-07-09 07:00:00
,1688972400.0,silty,2023,-0.5223317498395095,,-1.0,-1.0,GBRT,2,0.0,,6.961944041187434,4.71830645976308,4.195974709923571,0.0,-0.5223317498395095,0.0,2023-07-10 07:00:00
,1689058800.0,silty,2023,-0.2765684422171897,,-999.0,-999.0,GBRT,2,20.349853872800622,,7.523781176422247,4.71830645976308,4.441738017545891,0.0,-0.2765684422171897,0.0,2023-07-11 07:00:00
,1689145200.0,silty,2023,-0.3592624316250942,,-1.0,-1.0,GBRT,2,0.0,,7.806608352298979,4.71830645976308,4.359044028137986,0.0,-0.3592624316250942,20.349853872800622,2023-07-12 07:00:00
,1689231600.0,silty,2023,-0.3124370288012987,,-999.0,-999.0,GBRT,2,24.0,,7.714035948667738,4.71830645976308,4.405869430961782,22.8,-0.3124370288012987,0.0,2023-07-13 07:00:00
,1689318000.0,silty,2023,-0.9417187199854666,,-1.0,-1.0,GBRT,2,0.0,,2.9961159428327533,4.71830645976308,3.7765877397776135,0.0,-0.9417187199854666,24.0,2023-07-14 07:00:00
,1689404400.0,silty,2023,-1.05524585434257,,-999.0,-999.0,GBRT,2,0.0,,5.390782029334142,4.71830645976308,3.6630606054205104,0.0,-1.05524585434257,0.0,2023-07-15 07:00:00
,1689490800.0,silty,2023,-0.8269021054917103,,-1.0,-1.0,GBRT,2,0.0,,7.109056997180415,4.71830645976308,3.89140435427137,0.0,-0.8269021054917103,0.0,2023-07-16 07:00:00
,1689577200.0,silty,2023,-0.5789570355676544,,-999.0,-999.0,GBRT,2,0.0,,6.608581357186508,4.71830645976308,4.139349424195426,0.0,-0.5789570355676544,0.0,2023-07-17 07:00:00
,1689663600.0,silty,2023,-0.2971903006807286,,-1.0,-1.0,GBRT,2,0.0,,7.500311698248804,4.71830645976308,4.421116159082351,0.0,-0.2971903006807286,0.0,2023-07-18 07:00:00
,1689750000.0,silty,2023,-0.042710347093559,,-999.0,-999.0,GBRT,2,20.349853872800622,,7.063404491828016,4.71830645976308,4.675596112669521,0.0,-0.042710347093559,0.0,2023-07-19 07:00:00
,1689836400.0,silty,2023,-0.1389367149768303,,-1.0,-1.0,GBRT,2,0.0,,7.949048805371062,4.71830645976308,4.57936974478625,0.0,-0.1389367149768303,20.349853872800622,2023-07-20 07:00:00
,1689922800.0,silty,2023,-0.1233493105046568,,-999.0,-999.0,GBRT,2,20.349853872800622,,6.202164075023188,4.71830645976308,4.594957149258423,0.0,-0.1233493105046568,0.0,2023-07-21 07:00:00
,1687503600.0,silty,2023,-0.4751499057935796,,-999.0,-999.0,GBRT,3,34.01074465852832,,6.420277994663035,4.71830645976308,4.2431565539695,0.0,-0.4751499057935796,0.0,2023-06-23 07:00:00
,1687590000.0,silty,2023,-0.7619669683698053,,-1.0,-1.0,GBRT,3,0.0,,6.3387606045021405,4.71830645976308,3.956339491393275,0.0,-0.7619669683698053,34.01074465852832,2023-06-24 07:00:00
,1687676400.0,silty,2023,-0.8937301851393108,,-1.0,-1.0,GBRT,3,0.0,,7.077332335884068,4.71830645976308,3.8245762746237695,0.0,-0.8937301851393108,0.0,2023-06-25 07:00:00
,1687762800.0,silty,2023,-0.7677575025550878,,-999.0,-999.0,GBRT,3,0.0,,6.229180911248416,4.71830645976308,3.950548957207992,0.0,-0.7677575025550878,0.0,2023-06-26 07:00:00
,1687849200.0,silty,2023,-0.558866303624722,,-1.0,-1.0,GBRT,3,0.0,,7.717627618312005,4.71830645976308,4.159440156138358,0.0,-0.558866303624722,0.0,2023-06-27 07:00:00
,1687935600.0,silty,2023,-0.3434805308535083,,-1.0,-1.0,GBRT,3,0.0,,8.190146658736474,4.71830645976308,4.374825928909572,0.0,-0.3434805308535083,0.0,2023-06-28 07:00:00
,1688022000.0,silty,2023,-0.267603150439638,,-999.0,-999.0,GBRT,3,25.64923579959732,,2.6534944981591777,4.71830645976308,4.450703309323442,0.0,-0.267603150439638,0.0,2023-06-29 07:00:00
,1688108400.0,silty,2023,-0.450439954430791,,-1.0,-1.0,GBRT,3,0.0,,7.811921140444205,4.71830645976308,4.2678665053322895,0.0,-0.450439954430791,25.64923579959732,2023-06-30 07:00:00
,1688194800.0,silty,2023,-0.6006076956403329,,-1.0,-1.0,GBRT,3,0.0,,2.989408376370308,4.71830645976308,4.117698764122747,0.0,-0.6006076956403329,0.0,2023-07-01 07:00:00
,1688281200.0,silty,2023,-0.5040217912600249,,-999.0,-999.0,GBRT,3,36.0,,3.628606534620321,4.71830645976308,4.214284668503056,0.0,-0.5040217912600249,0.0,2023-07-02 07:00:00
,1688367600.0,silty,2023,-0.7972834755762959,,-1.0,-1.0,GBRT,3,0.0,,5.9091258835011,4.71830645976308,3.921022984186784,0.0,-0.7972834755762959,36.0,2023-07-03 07:00:00
,1688454000.0,silty,2023,-0.9347431390997876,,-1.0,-1.0,GBRT,3,0.0,,6.621532339824514,4.71830645976308,3.783563320663293,0.0,-0.9347431390997876,0.0,2023-07-04 07:00:00
,1688540400.0,silty,2023,-0.8077466715438643,,-999.0,-999.0,GBRT,3,0.0,,6.395412175418061,4.71830645976308,3.910559788219216,0.0,-0.8077466715438643,0.0,2023-07-05 07:00:00
,1688626800.0,silty,2023,-0.5764907494794905,,-1.0,-1.0,GBRT,3,0.0,,7.492344925936937,4.71830645976308,4.1418157102835895,5.0,-0.5764907494794905,0.0,2023-07-06 07:00:00
,1688713200.0,silty,2023,-0.5047366746408554,,-1.0,-1.0,GBRT,3,0.0,,3.3788724562330463,4.71830645976308,4.213569785122225,0.0,-0.5047366746408554,0.0,2023-07-07 07:00:00
,1688799600.0,silty,2023,-0.3190596196788673,,-999.0,-999.0,GBRT,3,32.456707718251714,,6.518921569415171,4.71830645976308,4.399246840084213,0.0,-0.3190596196788673,0.0,2023-07-08 07:00:00
,1688886000.0,silty,2023,-0.5938524664091609,,-1.0,-1.0,GBRT,3,0.0,,7.0675670514600375,4.71830645976308,4.124453993353919,0.0,-0.5938524664091609,32.456707718251714,2023-07-09 07:00:00
,1688972400.0,silty,2023,-0.6851489079092676,,-1.0,-1.0,GBRT,3,0.0,,6.961944041187434,4.71830645976308,4.0331575518538125,0.0,-0.6851489079092676,0.0,2023-07-10 07:00:00
,1689058800.0,silty,2023,-0.4708283100046126,,-999.0,-999.0,GBRT,3,35.05939498903066,,7.523781176422247,4.71830645976308,4.247478149758468,0.0,-0.4708283100046126,0.0,2023-07-11 07:00:00
,1689145200.0,silty,2023,-0.7007137880742192,,-1.0,-1.0,GBRT,3,0.0,,7.806608352298979,4.71830645976308,4.0175926716888615,0.0,-0.7007137880742192,35.05939498903066,2023-07-12 07:00:00
,1689231600.0,silty,2023,-0.8036097897494481,,-1.0,-1.0,GBRT,3,0.0,,7.714035948667738,4.71830645976308,3.914696670013632,22.8,-0.8036097897494481,0.0,2023-07-13 07:00:00
,1689318000.0,silty,2023,-1.1486295913302682,,-999.0,-999.0,GBRT,3,0.0,,2.9961159428327533,4.71830645976308,3.569676868432812,0.0,-1.1486295913302682,0.0,2023-07-14 07:00:00
,1689404400.0,silty,2023,-1.0067366450895032,,-1.0,-1.0,GBRT,3,0.0,,5.390782029334142,4.71830645976308,3.711569814673577,0.0,-1.0067366450895032,0.0,2023-07-15 07:00:00
,1689490800.0,silty,2023,-0.7352015710147055,,-1.0,-1.0,GBRT,3,0.0,,7.109056997180415,4.71830645976308,3.983104888748375,0.0,-0.7352015710147055,0.0,2023-07-16 07:00:00
,1689577200.0,silty,2023,-0.4829182091030888,,-999.0,-999.0,GBRT,3,0.0,,6.608581357186508,4.71830645976308,4.235388250659992,0.0,-0.4829182091030888,0.0,2023-07-17 07:00:00
,1689663600.0,silty,2023,-0.1974932366149106,,-1.0,-1.0,GBRT,3,0.0,,7.500311698248804,4.71830645976308,4.52081322314817,0.0,-0.1974932366149106,0.0,2023-07-18 07:00:00
,1689750000.0,silty,2023,0.0506525553490642,,-1.0,-1.0,GBRT,3,0.0,,7.063404491828016,4.71830645976308,4.768959015112144,0.0,0.0506525553490642,0.0,2023-07-19 07:00:00
,1689836400.0,silty,2023,0.2761577196414236,,-999.0,-999.0,GBRT,3,33.96562905512061,,7.949048805371062,4.71830645976308,4.994464179404504,0.0,0.2761577196414236,0.0,2023-07-20 07:00:00
,1689922800.0,silty,2023,-0.144241617602172,,-1.0,-1.0,GBRT,3,0.0,,6.202164075023188,4.71830645976308,4.574064842160908,0.0,-0.144241617602172,33.96562905512061,2023-07-21 07:00:00
,1687503600.0,silty,2023,-0.4751499057935796,,-999.0,-999.0,GBRT,5,46.01448906596385,,6.420277994663035,4.71830645976308,4.2431565539695,0.0,-0.4751499057935796,0.0,2023-06-23 07:00:00
,1687590000.0,silty,2023,-0.8090051520056216,,-1.0,-1.0,GBRT,5,0.0,,6.3387606045021405,4.71830645976308,3.9093013077574583,0.0,-0.8090051520056216,46.01448906596385,2023-06-24 07:00:00
,1687676400.0,silty,2023,-1.0432475196468372,,-1.0,-1.0,GBRT,5,0.0,,7.077332335884068,4.71830645976308,3.675058940116243,0.0,-1.0432475196468372,0.0,2023-06-25 07:00:00
,1687762800.0,silty,2023,-1.026880239479805,,-1.0,-1.0,GBRT,5,0.0,,6.229180911248416,4.71830645976308,3.691426220283276,0.0,-1.026880239479805,0.0,2023-06-26 07:00:00
,1687849200.0,silty,2023,-0.8035595464415083,,-1.0,-1.0,GBRT,5,0.0,,7.717627618312005,4.71830645976308,3.914746913321572,0.0,-0.8035595464415083,0.0,2023-06-27 07:00:00
,1687935600.0,silty,2023,-0.5743603380623401,,-999.0,-999.0,GBRT,5,0.0,,8.190146658736474,4.71830645976308,4.14394612170074,0.0,-0.5743603380623401,0.0,2023-06-28 07:00:00
,1688022000.0,silty,2023,-0.4896445691364712,,-1.0,-1.0,GBRT,5,0.0,,2.6534944981591777,4.71830645976308,4.228661890626609,0.0,-0.4896445691364712,0.0,2023-06-29 07:00:00
,1688108400.0,silty,2023,-0.2685930637291828,,-1.0,-1.0,GBRT,5,0.0,,7.811921140444205,4.71830645976308,4.449713396033897,0.0,-0.2685930637291828,0.0,2023-06-30 07:00:00
,1688194800.0,silty,2023,-0.1808097991639252,,-1.0,-1.0,GBRT,5,0.0,,2.989408376370308,4.71830645976308,4.537496660599155,0.0,-0.1808097991639252,0.0,2023-07-01 07:00:00
,1688281200.0,silty,2023,-0.0752912125173969,,-1.0,-1.0,GBRT,5,0.0,,3.628606534620321,4.71830645976308,4.643015247245684,0.0,-0.0752912125173969,0.0,2023-07-02 07:00:00
,1688367600.0,silty,2023,0.0816173343217202,,-999.0,-999.0,GBRT,5,55.56368064507728,,5.9091258835011,4.71830645976308,4.7999237940848,0.0,0.0816173343217202,0.0,2023-07-03 07:00:00
,1688454000.0,silty,2023,-0.4170321604335106,,-1.0,-1.0,GBRT,5,0.0,,6.621532339824514,4.71830645976308,4.301274299329569,0.0,-0.4170321604335106,55.56368064507728,2023-07-04 07:00:00
,1688540400.0,silty,2023,-0.7976953233216068,,-1.0,-1.0,GBRT,5,0.0,,6.395412175418061,4.71830645976308,3.920611136441473,0.0,-0.7976953233216068,0.0,2023-07-05 07:00:00
,1688626800.0,silty,2023,-0.737022072820502,,-1.0,-1.0,GBRT,5,0.0,,7.492344925936937,4.71830645976308,3.981284386942578,5.0,-0.737022072820502,0.0,2023-07-06 07:00:00
,1688713200.0,silty,2023,-0.6756209719090871,,-1.0,-1.0,GBRT,5,0.0,,3.3788724562330463,4.71830645976308,4.042685487853993,0.0,-0.6756209719090871,0.0,2023-07-07 07:00:00
,1688799600.0,silty,2023,-0.4855765150343685,,-999.0,-999.0,GBRT,5,0.0,,6.518921569415171,4.71830645976308,4.232729944728712,0.0,-0.4855765150343685,0.0,2023-07-08 07:00:00
,1688886000.0,silty,2023,-0.2596999265637054,,-1.0,-1.0,GBRT,5,0.0,,7.0675670514600375,4.71830645976308,4.458606533199375,0.0,-0.2596999265637054,0.0,2023-07-09 07:00:00
,1688972400.0,silty,2023,-0.0406994710378307,,-1.0,-1.0,GBRT,5,0.0,,6.961944041187434,4.71830645976308,4.677606988725249,0.0,-0.0406994710378307,0.0,2023-07-10 07:00:00
,1689058800.0,silty,2023,0.1777135424149928,,-1.0,-1.0,GBRT,5,0.0,,7.523781176422247,4.71830645976308,4.896020002178073,0.0,0.1777135424149928,0.0,2023-07-11 07:00:00
,1689145200.0,silty,2023,0.3585011206847467,,-1.0,-1.0,GBRT,5,0.0,,7.806608352298979,4.71830645976308,5.076807580447827,0.0,0.3585011206847467,0.0,2023-07-12 07:00:00
,1689231600.0,silty,2023,0.5062513896565786,,-999.0,-999.0,GBRT,5,50.88618659034008,,7.714035948667738,4.71830645976308,5.224557849419659,22.8,0.5062513896565786,0.0,2023-07-13 07:00:00
,1689318000.0,silty,2023,-0.4134473491345416,,-1.0,-1.0,GBRT,5,0.0,,2.9961159428327533,4.71830645976308,4.304859110628539,0.0,-0.4134473491345416,50.88618659034008,2023-07-14 07:00:00
,1689404400.0,silty,2023,-0.8486555968607591,,-1.0,-1.0,GBRT,5,0.0,,5.390782029334142,4.71830645976308,3.869650862902321,0.0,-0.8486555968607591,0.0,2023-07-15 07:00:00
,1689490800.0,silty,2023,-0.7701831441103624,,-1.0,-1.0,GBRT,5,0.0,,7.109056997180415,4.71830645976308,3.948123315652718,0.0,-0.7701831441103624,0.0,2023-07-16 07:00:00
,1689577200.0,silty,2023,-0.5276762902729724,,-1.0,-1.0,GBRT,5,0.0,,6.608581357186508,4.71830645976308,4.190630169490108,0.0,-0.5276762902729724,0.0,2023-07-17 07:00:00
,1689663600.0,silty,2023,-0.2526970357143083,,-999.0,-999.0,GBRT,5,52.64639068293705,,7.500311698248804,4.71830645976308,4.465609424048772,0.0,-0.2526970357143083,0.0,2023-07-18 07:00:00
,1689750000.0,silty,2023,-0.6109309463599237,,-1.0,-1.0,GBRT,5,0.0,,7.063404491828016,4.71830645976308,4.107375513403157,0.0,-0.6109309463599237,52.64639068293705,2023-07-19 07:00:00
,1689836400.0,silty,2023,-0.8829618526858338,,-1.0,-1.0,GBRT,5,0.0,,7.949048805371062,4.71830645976308,3.8353446070772463,0.0,-0.8829618526858338,0.0,2023-07-20 07:00:00
,1689922800.0,silty,2023,-0.8451182638392732,,-1.0,-1.0,GBRT,5,0.0,,6.202164075023188,4.71830645976308,3.8731881959238073,0.0,-0.8451182638392732,0.0,2023-07-21 07:00:00
,1687503600.0,silty,2023,-0.4751499057935796,,-999.0,-999.0,GBRT,7,62.90945746082212,,6.420277994663035,4.71830645976308,4.2431565539695,0.0,-0.4751499057935796,0.0,2023-06-23 07:00:00
,1687590000.0,silty,2023,-0.8274495893938828,,-1.0,-1.0,GBRT,7,0.0,,6.3387606045021405,4.71830645976308,3.8908568703691975,0.0,-0.8274495893938828,62.90945746082212,2023-06-24 07:00:00
,1687676400.0,silty,2023,-1.1952830116460642,,-1.0,-1.0,GBRT,7,0.0,,7.077332335884068,4.71830645976308,3.523023448117016,0.0,-1.1952830116460642,0.0,2023-06-25 07:00:00
,1687762800.0,silty,2023,-1.2932328605762216,,-1.0,-1.0,GBRT,7,0.0,,6.229180911248416,4.71830645976308,3.4250735991868586,0.0,-1.2932328605762216,0.0,2023-06-26 07:00:00
,1687849200.0,silty,2023,-1.1253329436553754,,-1.0,-1.0,GBRT,7,0.0,,7.717627618312005,4.71830645976308,3.5929735161077048,0.0,-1.1253329436553754,0.0,2023-06-27 07:00:00
,1687935600.0,silty,2023,-0.875268580055176,,-1.0,-1.0,GBRT,7,0.0,,8.190146658736474,4.71830645976308,3.843037879707904,0.0,-0.875268580055176,0.0,2023-06-28 07:00:00
,1688022000.0,silty,2023,-0.7765850080321423,,-1.0,-1.0,GBRT,7,0.0,,2.6534944981591777,4.71830645976308,3.941721451730938,0.0,-0.7765850080321423,0.0,2023-06-29 07:00:00
,1688108400.0,silty,2023,-0.5402379267916718,,-999.0,-999.0,GBRT,7,0.0,,7.811921140444205,4.71830645976308,4.178068532971409,0.0,-0.5402379267916718,0.0,2023-06-30 07:00:00
,1688194800.0,silty,2023,-0.4430065725537845,,-1.0,-1.0,GBRT,7,0.0,,2.989408376370308,4.71830645976308,4.275299887209296,0.0,-0.4430065725537845,0.0,2023-07-01 07:00:00
,1688281200.0,silty,2023,-0.3247479944891424,,-1.0,-1.0,GBRT,7,0.0,,3.628606534620321,4.71830645976308,4.393558465273938,0.0,-0.3247479944891424,0.0,2023-07-02 07:00:00
,1688367600.0,silty,2023,-0.139232944623687,,-1.0,-1.0,GBRT,7,0.0,,5.9091258835011,4.71830645976308,4.5790735151393935,0.0,-0.139232944623687,0.0,2023-07-03 07:00:00
,1688454000.0,silty,2023,0.0474277465173641,,-1.0,-1.0,GBRT,7,0.0,,6.621532339824514,4.71830645976308,4.765734206280444,0.0,0.0474277465173641,0.0,2023-07-04 07:00:00
,1688540400.0,silty,2023,0.1933709694752503,,-1.0,-1.0,GBRT,7,0.0,,6.395412175418061,4.71830645976308,4.91167742923833,0.0,0.1933709694752503,0.0,2023-07-05 07:00:00
,1688626800.0,silty,2023,0.3424509486467698,,-1.0,-1.0,GBRT,7,0.0,,7.492344925936937,4.71830645976308,5.06075740840985,5.0,0.3424509486467698,0.0,2023-07-06 07:00:00
,1688713200.0,silty,2023,0.4011410311204433,,-999.0,-999.0,GBRT,7,46.375708183644434,,3.3788724562330463,4.71830645976308,5.119447490883523,0.0,0.4011410311204433,0.0,2023-07-07 07:00:00
,1688799600.0,silty,2023,-0.1773556268693588,,-1.0,-1.0,GBRT,7,0.0,,6.518921569415171,4.71830645976308,4.540950832893722,0.0,-0.1773556268693588,46.375708183644434,2023-07-08 07:00:00
,1688886000.0,silty,2023,-0.4644272177156128,,-1.0,-1.0,GBRT,7,0.0,,7.0675670514600375,4.71830645976308,4.253879242047468,0.0,-0.4644272177156128,0.0,2023-07-09 07:00:00
,1688972400.0,silty,2023,-0.3415801044430976,,-1.0,-1.0,GBRT,7,0.0,,6.961944041187434,4.71830645976308,4.376726355319983,0.0,-0.3415801044430976,0.0,2023-07-10 07:00:00
,1689058800.0,silty,2023,-0.1112349136805449,,-1.0,-1.0,GBRT,7,0.0,,7.523781176422247,4.71830645976308,4.607071546082535,0.0,-0.1112349136805449,0.0,2023-07-11 07:00:00
,1689145200.0,silty,2023,0.1200090379320164,,-1.0,-1.0,GBRT,7,0.0,,7.806608352298979,4.71830645976308,4.838315497695096,0.0,0.1200090379320164,0.0,2023-07-12 07:00:00
,1689231600.0,silty,2023,0.3182020671629893,,-1.0,-1.0,GBRT,7,0.0,,7.714035948667738,4.71830645976308,5.036508526926069,22.8,0.3182020671629893,0.0,2023-07-13 07:00:00
,1689318000.0,silty,2023,0.1084875975606224,,-999.0,-999.0,GBRT,7,56.73358904715918,,2.9961159428327533,4.71830645976308,4.826794057323703,0.0,0.1084875975606224,0.0,2023-07-14 07:00:00
,1689404400.0,silty,2023,-0.4584854364429917,,-1.0,-1.0,GBRT,7,0.0,,5.390782029334142,4.71830645976308,4.259821023320089,0.0,-0.4584854364429917,56.73358904715918,2023-07-15 07:00:00
,1689490800.0,silty,2023,-0.8738807875485956,,-1.0,-1.0,GBRT,7,0.0,,7.109056997180415,4.71830645976308,3.8444256722144847,0.0,-0.8738807875485956,0.0,2023-07-16 07:00:00
,1689577200.0,silty,2023,-0.8665765903224152,,-1.0,-1.0,GBRT,7,0.0,,6.608581357186508,4.71830645976308,3.851729869440665,0.0,-0.8665765903224152,0.0,2023-07-17 07:00:00
,1689663600.0,silty,2023,-0.5879407377419126,,-1.0,-1.0,GBRT,7,0.0,,7.500311698248804,4.71830645976308,4.130365722021168,0.0,-0.5879407377419126,0.0,2023-07-18 07:00:00
,1689750000.0,silty,2023,-0.3285814144728555,,-1.0,-1.0,GBRT,7,0.0,,7.063404491828016,4.71830645976308,4.389725045290224,0.0,-0.3285814144728555,0.0,2023-07-19 07:00:00
,1689836400.0,silty,2023,-0.0410663203075675,,-1.0,-1.0,GBRT,7,0.0,,7.949048805371062,4.71830645976308,4.677240139455512,0.0,-0.0410663203075675,0.0,2023-07-20 07:00:00
,1689922800.0,silty,2023,0.1603533304531288,,-999.0,-999.0,GBRT,7,72.21450074902677,,6.202164075023188,4.71830645976308,4.878659790216209,0.0,0.1603533304531288,0.0,2023-07-21 07:00:00
,1719126000.0,silty,2024,-0.6244404567664325,,-999.0,-999.0,GBRT,1,3.623215102151351,,1.6632265501860408,4.71830645976308,4.093866002996648,1.7999999999999998,-0.6244404567664325,0.0,2024-06-23 07:00:00
,1719212400.0,silty,2024,-0.7782326296239597,,-999.0,-999.0,GBRT,1,0.0,,1.5856569477409397,4.71830645976308,3.940073830139121,5.8,-0.7782326296239597,3.623215102151351,2024-06-24 07:00:00
,1719298800.0,silty,2024,-0.8299556152391036,,-999.0,-999.0,GBRT,1,0.0,,1.643019943771474,4.71830645976308,3.888350844523977,12.6,-0.8299556152391036,0.0,2024-06-25 07:00:00
,1719385200.0,silty,2024,-0.9158873133257068,,-999.0,-999.0,GBRT,1,0.0,,3.7360647761286776,4.71830645976308,3.802419146437373,1.0,-0.9158873133257068,0.0,2024-06-26 07:00:00
,1719471600.0,silty,2024,-0.8979260272849848,,-999.0,-999.0,GBRT,1,0.0,,3.283058105037508,4.71830645976308,3.8203804324780952,0.0,-0.8979260272849848,0.0,2024-06-27 07:00:00
,1719558000.0,silty,2024,-0.6691374779598217,,-999.0,-999.0,GBRT,1,0.0,,8.105450401178516,4.71830645976308,4.049168981803258,0.0,-0.6691374779598217,0.0,2024-06-28 07:00:00
,1719644400.0,silty,2024,-0.4697135119164072,,-999.0,-999.0,GBRT,1,0.0,,6.855392222915658,4.71830645976308,4.248592947846673,0.0,-0.4697135119164072,0.0,2024-06-29 07:00:00
,1719730800.0,silty,2024,-0.2805812370408292,,-999.0,-999.0,GBRT,1,0.0,,6.275478723242181,4.71830645976308,4.437725222722251,0.0,-0.2805812370408292,0.0,2024-06-30 07:00:00
,1719817200.0,silty,2024,-0.0272585464618418,,-999.0,-999.0,GBRT,1,7.27219051733909,,9.008052630760128,4.71830645976308,4.691047913301238,0.0,-0.0272585464618418,0.0,2024-07-01 07:00:00
,1719903600.0,silty,2024,-0.0270983845311495,,-999.0,-999.0,GBRT,1,8.423677716065331,,6.40343719338403,4.71830645976308,4.6912080752319305,0.0,-0.0270983845311495,7.27219051733909,2024-07-02 07:00:00
,1719990000.0,silty,2024,-0.0723115882127552,,-999.0,-999.0,GBRT,1,5.7779157346194525,,6.828302846826217,4.71830645976308,4.645994871550325,0.0,-0.0723115882127552,8.423677716065331,2024-07-03 07:00:00
,1720076400.0,silty,2024,-0.1397105780716,,-999.0,-999.0,GBRT,1,5.986469036835931,,3.501203041998366,4.71830645976308,4.578595881691481,0.0,-0.1397105780716,5.7779157346194525,2024-07-04 07:00:00
,1720162800.0,silty,2024,-0.1846371334697248,,-999.0,-999.0,GBRT,1,6.8761308907800025,,4.110755932356144,4.71830645976308,4.533669326293356,0.0,-0.1846371334697248,5.986469036835931,2024-07-05 07:00:00
,1720249200.0,silty,2024,-0.1582816491910251,,-999.0,-999.0,GBRT,1,7.026892919942575,,7.570021332731803,4.71830645976308,4.560024810572055,0.0,-0.1582816491910251,6.8761308907800025,2024-07-06 07:00:00
,1720335600.0,silty,2024,-0.125790875027487,,-999.0,-999.0,GBRT,1,7.219367163914695,,8.236770338981968,4.71830645976308,4.592515584735593,0.0,-0.125790875027487,7.026892919942575,2024-07-07 07:00:00
,1720422000.0,silty,2024,-0.2167717199282536,,-999.0,-999.0,GBRT,1,7.344536809766627,,3.5751601774979624,4.71830645976308,4.501534739834827,0.0,-0.2167717199282536,7.219367163914695,2024-07-08 07:00:00
,1720508400.0,silty,2024,-0.2408124600179285,,-999.0,-999.0,GBRT,1,7.219367163914695,,6.021523561190189,4.71830645976308,4.477493999745152,1.0,-0.2408124600179285,7.344536809766627,2024-07-09 07:00:00
,1720594800.0,silty,2024,-0.255651852058587,,-999.0,-999.0,GBRT,1,7.376183772156026,,6.408995121084742,4.71830645976308,4.4626546077044935,0.0,-0.255651852058587,7.219367163914695,2024-07-10 07:00:00
,1720681200.0,silty,2024,-0.2419288095786475,,-999.0,-999.0,GBRT,1,7.376183772156026,,7.100145056634385,4.71830645976308,4.476377650184433,0.0,-0.2419288095786475,7.376183772156026,2024-07-11 07:00:00
,1720767600.0,silty,2024,-0.1905939262319093,,-999.0,-999.0,GBRT,1,7.376183772156026,,8.417233027045325,4.71830645976308,4.5277125335311705,0.0,-0.1905939262319093,7.376183772156026,2024-07-12 07:00:00
,1720854000.0,silty,2024,-0.1127174397540439,,-999.0,-999.0,GBRT,1,7.439991966157071,,9.478835789843243,4.71830645976308,4.605589020009036,0.0,-0.1127174397540439,7.376183772156026,2024-07-13 07:00:00
,1720940400.0,silty,2024,-0.0691966442395266,,-999.0,-999.0,GBRT,1,7.439991966157071,,8.65408688020589,4.71830645976308,4.649109815523554,0.0,-0.0691966442395266,7.439991966157071,2024-07-14 07:00:00
,1721026800.0,silty,2024,-0.0467470891568572,,-999.0,-999.0,GBRT,1,7.439991966157071,,8.038553013013921,4.71830645976308,4.671559370606223,0.0,-0.0467470891568572,7.439991966157071,2024-07-15 07:00:00
,1721113200.0,silty,2024,-0.0233447760365583,,-999.0,-999.0,GBRT,1,7.439991966157071,,8.079175888672749,4.71830645976308,4.694961683726522,0.0,-0.0233447760365583,7.439991966157071,2024-07-16 07:00:00
,1721199600.0,silty,2024,0.0467556630182439,,-999.0,-999.0,GBRT,1,7.668275895436537,,9.89638188136864,4.71830645976308,4.765062122781324,0.0,0.0467556630182439,7.439991966157071,2024-07-17 07:00:00
,1721286000.0,silty,2024,0.0787695012311961,,-999.0,-999.0,GBRT,1,7.668275895436537,,8.856197692783795,4.71830645976308,4.797075960994277,0.0,0.0787695012311961,7.668275895436537,2024-07-18 07:00:00
,1721372400.0,silty,2024,0.0958542293546804,,-999.0,-999.0,GBRT,1,7.668275895436537,,8.59349226880255,4.71830645976308,4.81416068911776,0.0,0.0958542293546804,7.668275895436537,2024-07-19 07:00:00
,1721458800.0,silty,2024,0.0630799518348995,,-999.0,-999.0,GBRT,1,7.668275895436537,,6.5994601364997925,4.71830645976308,4.78138641159798,0.0,0.0630799518348995,7.668275895436537,2024-07-20 07:00:00
,1721545200.0,silty,2024,0.0246339619360635,,-999.0,-999.0,GBRT,1,7.738505684458867,,6.35886520949269,4.71830645976308,4.742940421699144,0.0,0.0246339619360635,7.668275895436537,2024-07-21 07:00:00
,1719126000.0,silty,2024,-0.6244404567664325,,-999.0,-999.0,GBRT,2,4.561642289058302,,1.6632265501860408,4.71830645976308,4.093866002996648,1.7999999999999998,-0.6244404567664325,0.0,2024-06-23 07:00:00
,1719212400.0,silty,2024,-0.7976709656028891,,-1.0,-1.0,GBRT,2,0.0,,1.5856569477409397,4.71830645976308,3.9206354941601913,5.8,-0.7976709656028891,4.561642289058302,2024-06-24 07:00:00
,1719298800.0,silty,2024,-0.8531497167917297,,-999.0,-999.0,GBRT,2,0.0,,1.643019943771474,4.71830645976308,3.8651567429713514,12.6,-0.8531497167917297,0.0,2024-06-25 07:00:00
,1719385200.0,silty,2024,-0.940469755682483,,-1.0,-1.0,GBRT,2,0.0,,3.7360647761286776,4.71830645976308,3.777836704080597,1.0,-0.940469755682483,0.0,2024-06-26 07:00:00
,1719471600.0,silty,2024,-0.9202121012009437,,-999.0,-999.0,GBRT,2,0.0,,3.283058105037508,4.71830645976308,3.7980943585621367,0.0,-0.9202121012009437,0.0,2024-06-27 07:00:00
,1719558000.0,silty,2024,-0.6900559183984426,,-1.0,-1.0,GBRT,2,0.0,,8.105450401178516,4.71830645976308,4.028250541364637,0.0,-0.6900559183984426,0.0,2024-06-28 07:00:00
,1719644400.0,silty,2024,-0.4898704504574373,,-999.0,-999.0,GBRT,2,0.0,,6.855392222915658,4.71830645976308,4.228436009305643,0.0,-0.4898704504574373,0.0,2024-06-29 07:00:00
,1719730800.0,silty,2024,-0.2998709510725492,,-1.0,-1.0,GBRT,2,0.0,,6.275478723242181,4.71830645976308,4.418435508690531,0.0,-0.2998709510725492,0.0,2024-06-30 07:00:00
,1719817200.0,silty,2024,-0.0443221809621785,,-999.0,-999.0,GBRT,2,24.0,,9.008052630760128,4.71830645976308,4.673984278800901,0.0,-0.0443221809621785,0.0,2024-07-01 07:00:00
,1719903600.0,silty,2024,-0.2633757764637215,,-1.0,-1.0,GBRT,2,0.0,,6.40343719338403,4.71830645976308,4.454930683299359,0.0,-0.2633757764637215,24.0,2024-07-02 07:00:00
,1719990000.0,silty,2024,-0.3018914414590402,,-999.0,-999.0,GBRT,2,14.968702792340649,,6.828302846826217,4.71830645976308,4.41641501830404,0.0,-0.3018914414590402,0.0,2024-07-03 07:00:00
,1720076400.0,silty,2024,-0.4741004218843533,,-1.0,-1.0,GBRT,2,0.0,,3.501203041998366,4.71830645976308,4.244206037878727,0.0,-0.4741004218843533,14.968702792340649,2024-07-04 07:00:00
,1720162800.0,silty,2024,-0.4773100171970805,,-999.0,-999.0,GBRT,2,15.902529944123788,,4.110755932356144,4.71830645976308,4.240996442566,0.0,-0.4773100171970805,0.0,2024-07-05 07:00:00
,1720249200.0,silty,2024,-0.5164275809353169,,-1.0,-1.0,GBRT,2,0.0,,7.570021332731803,4.71830645976308,4.201878878827763,0.0,-0.5164275809353169,15.902529944123788,2024-07-06 07:00:00
,1720335600.0,silty,2024,-0.4167087392246348,,-999.0,-999.0,GBRT,2,21.371271451612824,,8.236770338981968,4.71830645976308,4.301597720538445,0.0,-0.4167087392246348,0.0,2024-07-07 07:00:00
,1720422000.0,silty,2024,-0.615309824129466,,-1.0,-1.0,GBRT,2,0.0,,3.5751601774979624,4.71830645976308,4.102996635633614,0.0,-0.615309824129466,21.371271451612824,2024-07-08 07:00:00
,1720508400.0,silty,2024,-0.649435268018323,,-999.0,-999.0,GBRT,2,20.349853872800622,,6.021523561190189,4.71830645976308,4.0688711917447575,1.0,-0.649435268018323,0.0,2024-07-09 07:00:00
,1720594800.0,silty,2024,-0.7340500118133618,,-1.0,-1.0,GBRT,2,0.0,,6.408995121084742,4.71830645976308,3.9842564479497184,0.0,-0.7340500118133618,20.349853872800622,2024-07-10 07:00:00
,1720681200.0,silty,2024,-0.7247072074924581,,-999.0,-999.0,GBRT,2,20.349853872800622,,7.100145056634385,4.71830645976308,3.9935992522706223,0.0,-0.7247072074924581,0.0,2024-07-11 07:00:00
,1720767600.0,silty,2024,-0.733160739965164,,-1.0,-1.0,GBRT,2,0.0,,8.417233027045325,4.71830645976308,3.985145719797916,0.0,-0.733160739965164,20.349853872800622,2024-07-12 07:00:00
,1720854000.0,silty,2024,-0.6429129718819567,,-999.0,-999.0,GBRT,2,20.349853872800622,,9.478835789843243,4.71830645976308,4.075393487881123,0.0,-0.6429129718819567,0.0,2024-07-13 07:00:00
,1720940400.0,silty,2024,-0.6560317837623852,,-1.0,-1.0,GBRT,2,0.0,,8.65408688020589,4.71830645976308,4.062274676000695,0.0,-0.6560317837623852,20.349853872800622,2024-07-14 07:00:00
,1721026800.0,silty,2024,-0.61084698077593,,-999.0,-999.0,GBRT,2,20.349853872800622,,8.038553013013921,4.71830645976308,4.10745947898715,0.0,-0.61084698077593,0.0,2024-07-15 07:00:00
,1721113200.0,silty,2024,-0.6419278068039425,,-1.0,-1.0,GBRT,2,0.0,,8.079175888672749,4.71830645976308,4.0763786529591375,0.0,-0.6419278068039425,20.349853872800622,2024-07-16 07:00:00
,1721199600.0,silty,2024,-0.5337360534786696,,-999.0,-999.0,GBRT,2,20.349853872800622,,9.89638188136864,4.71830645976308,4.1845704062844105,0.0,-0.5337360534786696,0.0,2024-07-17 07:00:00
,1721286000.0,silty,2024,-0.5531424799027574,,-1.0,-1.0,GBRT,2,0.0,,8.856197692783795,4.71830645976308,4.165163979860322,0.0,-0.5531424799027574,20.349853872800622,2024-07-18 07:00:00
,1721372400.0,silty,2024,-0.4903950853005407,,-999.0,-999.0,GBRT,2,20.349853872800622,,8.59349226880255,4.71830645976308,4.22791137446254,0.0,-0.4903950853005407,0.0,2024-07-19 07:00:00
,1721458800.0,silty,2024,-0.5745052911237164,,-1.0,-1.0,GBRT,2,0.0,,6.5994601364997925,4.71830645976308,4.143801168639364,0.0,-0.5745052911237164,20.349853872800622,2024-07-20 07:00:00
,1721545200.0,silty,2024,-0.5835570382632526,,-999.0,-999.0,GBRT,2,23.59970148431452,,6.35886520949269,4.71830645976308,4.134749421499827,0.0,-0.5835570382632526,0.0,2024-07-21 07:00:00
,1719126000.0,silty,2024,-0.6244404567664325,,-999.0,-999.0,GBRT,3,12.927292194411164,,1.6632265501860408,4.71830645976308,4.093866002996648,1.7999999999999998,-0.6244404567664325,0.0,2024-06-23 07:00:00
,1719212400.0,silty,2024,-0.8876681496682783,,-1.0,-1.0,GBRT,3,0.0,,1.5856569477409397,4.71830645976308,3.830638310094802,5.8,-0.8876681496682783,12.927292194411164,2024-06-24 07:00:00
,1719298800.0,silty,2024,-1.0530455118749578,,-1.0,-1.0,GBRT,3,0.0,,1.643019943771474,4.71830645976308,3.665260947888122,12.6,-1.0530455118749578,0.0,2024-06-25 07:00:00
,1719385200.0,silty,2024,-1.1427348629728695,,-999.0,-999.0,GBRT,3,0.0,,3.7360647761286776,4.71830645976308,3.57557159679021,1.0,-1.1427348629728695,0.0,2024-06-26 07:00:00
,1719471600.0,silty,2024,-1.1115246215635073,,-1.0,-1.0,GBRT,3,0.0,,3.283058105037508,4.71830645976308,3.606781838199573,0.0,-1.1115246215635073,0.0,2024-06-27 07:00:00
,1719558000.0,silty,2024,-0.8699920260573927,,-1.0,-1.0,GBRT,3,0.0,,8.105450401178516,4.71830645976308,3.848314433705688,0.0,-0.8699920260573927,0.0,2024-06-28 07:00:00
,1719644400.0,silty,2024,-0.6631895049155193,,-999.0,-999.0,GBRT,3,0.0,,6.855392222915658,4.71830645976308,4.055116954847561,0.0,-0.6631895049155193,0.0,2024-06-29 07:00:00
,1719730800.0,silty,2024,-0.4674938492179183,,-1.0,-1.0,GBRT,3,0.0,,6.275478723242181,4.71830645976308,4.250812610545162,0.0,-0.4674938492179183,0.0,2024-06-30 07:00:00
,1719817200.0,silty,2024,-0.1964898069181682,,-1.0,-1.0,GBRT,3,0.0,,9.008052630760128,4.71830645976308,4.521816652844912,0.0,-0.1964898069181682,0.0,2024-07-01 07:00:00
,1719903600.0,silty,2024,-0.0198320708023768,,-999.0,-999.0,GBRT,3,27.15542779530617,,6.40343719338403,4.71830645976308,4.698474388960704,0.0,-0.0198320708023768,0.0,2024-07-02 07:00:00
,1719990000.0,silty,2024,-0.2812893690802486,,-1.0,-1.0,GBRT,3,0.0,,6.828302846826217,4.71830645976308,4.437017090682832,0.0,-0.2812893690802486,27.15542779530617,2024-07-03 07:00:00
,1720076400.0,silty,2024,-0.4284268487956598,,-1.0,-1.0,GBRT,3,0.0,,3.501203041998366,4.71830645976308,4.289879610967421,0.0,-0.4284268487956598,0.0,2024-07-04 07:00:00
,1720162800.0,silty,2024,-0.315638992470463,,-999.0,-999.0,GBRT,3,22.68363749634972,,4.110755932356144,4.71830645976308,4.402667467292617,0.0,-0.315638992470463,0.0,2024-07-05 07:00:00
,1720249200.0,silty,2024,-0.4475215629018648,,-1.0,-1.0,GBRT,3,0.0,,7.570021332731803,4.71830645976308,4.270784896861215,0.0,-0.4475215629018648,22.68363749634972,2024-07-06 07:00:00
,1720335600.0,silty,2024,-0.4416374426643584,,-1.0,-1.0,GBRT,3,0.0,,8.236770338981968,4.71830645976308,4.276669017098722,0.0,-0.4416374426643584,0.0,2024-07-07 07:00:00
,1720422000.0,silty,2024,-0.3354544998247207,,-999.0,-999.0,GBRT,3,32.914384391301304,,3.5751601774979624,4.71830645976308,4.38285195993836,0.0,-0.3354544998247207,0.0,2024-07-08 07:00:00
,1720508400.0,silty,2024,-0.6192503155067012,,-1.0,-1.0,GBRT,3,0.0,,6.021523561190189,4.71830645976308,4.099056144256379,1.0,-0.6192503155067012,32.914384391301304,2024-07-09 07:00:00
,1720594800.0,silty,2024,-0.7503646642738662,,-1.0,-1.0,GBRT,3,0.0,,6.408995121084742,4.71830645976308,3.967941795489214,0.0,-0.7503646642738662,0.0,2024-07-10 07:00:00
,1720681200.0,silty,2024,-0.5536336019222287,,-999.0,-999.0,GBRT,3,33.19608700949618,,7.100145056634385,4.71830645976308,4.164672857840852,0.0,-0.5536336019222287,0.0,2024-07-11 07:00:00
,1720767600.0,silty,2024,-0.7270111005627165,,-1.0,-1.0,GBRT,3,0.0,,8.417233027045325,4.71830645976308,3.991295359200364,0.0,-0.7270111005627165,33.19608700949618,2024-07-12 07:00:00
,1720854000.0,silty,2024,-0.7570911595457467,,-1.0,-1.0,GBRT,3,0.0,,9.478835789843243,4.71830645976308,3.961215300217333,0.0,-0.7570911595457467,0.0,2024-07-13 07:00:00
,1720940400.0,silty,2024,-0.5095915106578762,,-999.0,-999.0,GBRT,3,32.981630415798165,,8.65408688020589,4.71830645976308,4.208714949105204,0.0,-0.5095915106578762,0.0,2024-07-14 07:00:00
,1721026800.0,silty,2024,-0.6985312632794551,,-1.0,-1.0,GBRT,3,0.0,,8.038553013013921,4.71830645976308,4.019775196483625,0.0,-0.6985312632794551,32.981630415798165,2024-07-15 07:00:00
,1721113200.0,silty,2024,-0.7637286039542011,,-1.0,-1.0,GBRT,3,0.0,,8.079175888672749,4.71830645976308,3.9545778558088793,0.0,-0.7637286039542011,0.0,2024-07-16 07:00:00
,1721199600.0,silty,2024,-0.4693559484235343,,-999.0,-999.0,GBRT,3,33.00277794618116,,9.89638188136864,4.71830645976308,4.248950511339546,0.0,-0.4693559484235343,0.0,2024-07-17 07:00:00
,1721286000.0,silty,2024,-0.640948648165151,,-1.0,-1.0,GBRT,3,0.0,,8.856197692783795,4.71830645976308,4.077357811597929,0.0,-0.640948648165151,33.00277794618116,2024-07-18 07:00:00
,1721372400.0,silty,2024,-0.6929106326784497,,-1.0,-1.0,GBRT,3,0.0,,8.59349226880255,4.71830645976308,4.025395827084631,0.0,-0.6929106326784497,0.0,2024-07-19 07:00:00
,1721458800.0,silty,2024,-0.5067592501151383,,-999.0,-999.0,GBRT,3,35.82645346106798,,6.5994601364997925,4.71830645976308,4.211547209647942,0.0,-0.5067592501151383,0.0,2024-07-20 07:00:00
,1721545200.0,silty,2024,-0.7526638719585376,,-1.0,-1.0,GBRT,3,0.0,,6.35886520949269,4.71830645976308,3.965642587804543,0.0,-0.7526638719585376,35.82645346106798,2024-07-21 07:00:00
,1719126000.0,silty,2024,-0.6244404567664325,,-999.0,-999.0,GBRT,5,32.387520607220054,,1.6632265501860408,4.71830645976308,4.093866002996648,1.7999999999999998,-0.6244404567664325,0.0,2024-06-23 07:00:00
,1719212400.0,silty,2024,-1.0284431040274358,,-1.0,-1.0,GBRT,5,0.0,,1.5856569477409397,4.71830645976308,3.689863355735645,5.8,-1.0284431040274358,32.387520607220054,2024-06-24 07:00:00
,1719298800.0,silty,2024,-1.3168906823422004,,-1.0,-1.0,GBRT,5,0.0,,1.643019943771474,4.71830645976308,3.40141577742088,12.6,-1.3168906823422004,0.0,2024-06-25 07:00:00
,1719385200.0,silty,2024,-1.460417261660591,,-1.0,-1.0,GBRT,5,0.0,,3.7360647761286776,4.71830645976308,3.257889198102489,1.0,-1.460417261660591,0.0,2024-06-26 07:00:00
,1719471600.0,silty,2024,-1.4711297286936873,,-1.0,-1.0,GBRT,5,0.0,,3.283058105037508,4.71830645976308,3.247176731069393,0.0,-1.4711297286936873,0.0,2024-06-27 07:00:00
,1719558000.0,silty,2024,-1.2174094739003618,,-999.0,-999.0,GBRT,5,0.0,,8.105450401178516,4.71830645976308,3.5008969858627186,0.0,-1.2174094739003618,0.0,2024-06-28 07:00:00
,1719644400.0,silty,2024,-1.0061641955573846,,-1.0,-1.0,GBRT,5,0.0,,6.855392222915658,4.71830645976308,3.712142264205696,0.0,-1.0061641955573846,0.0,2024-06-29 07:00:00
,1719730800.0,silty,2024,-0.810226074761196,,-1.0,-1.0,GBRT,5,0.0,,6.275478723242181,4.71830645976308,3.908080385001884,0.0,-0.810226074761196,0.0,2024-06-30 07:00:00
,1719817200.0,silty,2024,-0.5363476852573986,,-1.0,-1.0,GBRT,5,0.0,,9.008052630760128,4.71830645976308,4.181958774505682,0.0,-0.5363476852573986,0.0,2024-07-01 07:00:00
,1719903600.0,silty,2024,-0.3358527311958643,,-1.0,-1.0,GBRT,5,0.0,,6.40343719338403,4.71830645976308,4.382453728567216,0.0,-0.3358527311958643,0.0,2024-07-02 07:00:00
,1719990000.0,silty,2024,-0.1312836136780075,,-999.0,-999.0,GBRT,5,48.95038388480205,,6.828302846826217,4.71830645976308,4.587022846085072,0.0,-0.1312836136780075,0.0,2024-07-03 07:00:00
,1720076400.0,silty,2024,-0.6450005813557599,,-1.0,-1.0,GBRT,5,0.0,,3.501203041998366,4.71830645976308,4.073305878407321,0.0,-0.6450005813557599,48.95038388480205,2024-07-04 07:00:00
,1720162800.0,silty,2024,-0.9668670342940296,,-1.0,-1.0,GBRT,5,0.0,,4.110755932356144,4.71830645976308,3.75143942546905,0.0,-0.9668670342940296,0.0,2024-07-05 07:00:00
,1720249200.0,silty,2024,-0.8484190346422169,,-1.0,-1.0,GBRT,5,0.0,,7.570021332731803,4.71830645976308,3.8698874251208633,0.0,-0.8484190346422169,0.0,2024-07-06 07:00:00
,1720335600.0,silty,2024,-0.5862020900818617,,-1.0,-1.0,GBRT,5,0.0,,8.236770338981968,4.71830645976308,4.132104369681219,0.0,-0.5862020900818617,0.0,2024-07-07 07:00:00
,1720422000.0,silty,2024,-0.4652005007056615,,-999.0,-999.0,GBRT,5,0.0,,3.5751601774979624,4.71830645976308,4.253105959057419,0.0,-0.4652005007056615,0.0,2024-07-08 07:00:00
,1720508400.0,silty,2024,-0.2637388719993401,,-1.0,-1.0,GBRT,5,0.0,,6.021523561190189,4.71830645976308,4.45456758776374,1.0,-0.2637388719993401,0.0,2024-07-09 07:00:00
,1720594800.0,silty,2024,-0.0563395600127164,,-1.0,-1.0,GBRT,5,0.0,,6.408995121084742,4.71830645976308,4.661966899750364,0.0,-0.0563395600127164,0.0,2024-07-10 07:00:00
,1720681200.0,silty,2024,0.149481309365301,,-1.0,-1.0,GBRT,5,0.0,,7.100145056634385,4.71830645976308,4.867787769128381,0.0,0.149481309365301,0.0,2024-07-11 07:00:00
,1720767600.0,silty,2024,0.3467846343162428,,-1.0,-1.0,GBRT,5,0.0,,8.417233027045325,4.71830645976308,5.065091094079323,0.0,0.3467846343162428,0.0,2024-07-12 07:00:00
,1720854000.0,silty,2024,0.5312706098911631,,-999.0,-999.0,GBRT,5,49.63247569197727,,9.478835789843243,4.71830645976308,5.249577069654244,0.0,0.5312706098911631,0.0,2024-07-13 07:00:00
,1720940400.0,silty,2024,-0.0297285696119608,,-1.0,-1.0,GBRT,5,0.0,,8.65408688020589,4.71830645976308,4.68857789015112,0.0,-0.0297285696119608,49.63247569197727,2024-07-14 07:00:00
,1721026800.0,silty,2024,-0.3467976155449304,,-1.0,-1.0,GBRT,5,0.0,,8.038553013013921,4.71830645976308,4.37150884421815,0.0,-0.3467976155449304,0.0,2024-07-15 07:00:00
,1721113200.0,silty,2024,-0.2010904448442935,,-1.0,-1.0,GBRT,5,0.0,,8.079175888672749,4.71830645976308,4.5172160149187865,0.0,-0.2010904448442935,0.0,2024-07-16 07:00:00
,1721199600.0,silty,2024,0.1034176895372948,,-1.0,-1.0,GBRT,5,0.0,,9.89638188136864,4.71830645976308,4.821724149300375,0.0,0.1034176895372948,0.0,2024-07-17 07:00:00
,1721286000.0,silty,2024,0.3523700402760873,,-999.0,-999.0,GBRT,5,55.818935134178375,,8.856197692783795,4.71830645976308,5.070676500039168,0.0,0.3523700402760873,0.0,2024-07-18 07:00:00
,1721372400.0,silty,2024,-0.1494089005565154,,-1.0,-1.0,GBRT,5,0.0,,8.59349226880255,4.71830645976308,4.568897559206564,0.0,-0.1494089005565154,55.818935134178375,2024-07-19 07:00:00
,1721458800.0,silty,2024,-0.5712435718301155,,-1.0,-1.0,GBRT,5,0.0,,6.5994601364997925,4.71830645976308,4.1470628879329645,0.0,-0.5712435718301155,0.0,2024-07-20 07:00:00
,1721545200.0,silty,2024,-0.5301315568383242,,-1.0,-1.0,GBRT,5,0.0,,6.35886520949269,4.71830645976308,4.188174902924756,0.0,-0.5301315568383242,0.0,2024-07-21 07:00:00
,1719126000.0,silty,2024,-0.6244404567664325,,-999.0,-999.0,GBRT,7,47.80577377072403,,1.6632265501860408,4.71830645976308,4.093866002996648,1.7999999999999998,-0.6244404567664325,0.0,2024-06-23 07:00:00
,1719212400.0,silty,2024,-1.0597389785340714,,-1.0,-1.0,GBRT,7,0.0,,1.5856569477409397,4.71830645976308,3.6585674812290088,5.8,-1.0597389785340714,47.80577377072403,2024-06-24 07:00:00
,1719298800.0,silty,2024,-1.4411559897283572,,-1.0,-1.0,GBRT,7,0.0,,1.643019943771474,4.71830645976308,3.277150470034723,12.6,-1.4411559897283572,0.0,2024-06-25 07:00:00
,1719385200.0,silty,2024,-1.5961497316110596,,-1.0,-1.0,GBRT,7,0.0,,3.7360647761286776,4.71830645976308,3.122156728152021,1.0,-1.5961497316110596,0.0,2024-06-26 07:00:00
,1719471600.0,silty,2024,-1.6229528882200792,,-1.0,-1.0,GBRT,7,0.0,,3.283058105037508,4.71830645976308,3.095353571543001,0.0,-1.6229528882200792,0.0,2024-06-27 07:00:00
,1719558000.0,silty,2024,-1.4410531156018098,,-1.0,-1.0,GBRT,7,0.0,,8.105450401178516,4.71830645976308,3.2772533441612706,0.0,-1.4410531156018098,0.0,2024-06-28 07:00:00
,1719644400.0,silty,2024,-1.227562846344644,,-1.0,-1.0,GBRT,7,0.0,,6.855392222915658,4.71830645976308,3.490743613418436,0.0,-1.227562846344644,0.0,2024-06-29 07:00:00
,1719730800.0,silty,2024,-1.033189156196136,,-999.0,-999.0,GBRT,7,0.0,,6.275478723242181,4.71830645976308,3.685117303566944,0.0,-1.033189156196136,0.0,2024-06-30 07:00:00
,1719817200.0,silty,2024,-0.7687825600879526,,-1.0,-1.0,GBRT,7,0.0,,9.008052630760128,4.71830645976308,3.949523899675128,0.0,-0.7687825600879526,0.0,2024-07-01 07:00:00
,1719903600.0,silty,2024,-0.5754299551118909,,-1.0,-1.0,GBRT,7,0.0,,6.40343719338403,4.71830645976308,4.1428765046511895,0.0,-0.5754299551118909,0.0,2024-07-02 07:00:00
,1719990000.0,silty,2024,-0.3656013903673887,,-1.0,-1.0,GBRT,7,0.0,,6.828302846826217,4.71830645976308,4.352705069395691,0.0,-0.3656013903673887,0.0,2024-07-03 07:00:00
,1720076400.0,silty,2024,-0.2550510789538179,,-1.0,-1.0,GBRT,7,0.0,,3.501203041998366,4.71830645976308,4.463255380809263,0.0,-0.2550510789538179,0.0,2024-07-04 07:00:00
,1720162800.0,silty,2024,-0.1158875285308211,,-1.0,-1.0,GBRT,7,0.0,,4.110755932356144,4.71830645976308,4.602418931232259,0.0,-0.1158875285308211,0.0,2024-07-05 07:00:00
,1720249200.0,silty,2024,0.0904574346384979,,-1.0,-1.0,GBRT,7,0.0,,7.570021332731803,4.71830645976308,4.8087638944015785,0.0,0.0904574346384979,0.0,2024-07-06 07:00:00
,1720335600.0,silty,2024,0.2666190131699774,,-999.0,-999.0,GBRT,7,79.58687285320585,,8.236770338981968,4.71830645976308,4.984925472933058,0.0,0.2666190131699774,0.0,2024-07-07 07:00:00
,1720422000.0,silty,2024,-0.3666445912860092,,-1.0,-1.0,GBRT,7,0.0,,3.5751601774979624,4.71830645976308,4.351661868477071,0.0,-0.3666445912860092,79.58687285320585,2024-07-08 07:00:00
,1720508400.0,silty,2024,-0.9895307777207312,,-1.0,-1.0,GBRT,7,0.0,,6.021523561190189,4.71830645976308,3.728775682042349,1.0,-0.9895307777207312,0.0,2024-07-09 07:00:00
,1720594800.0,silty,2024,-1.1349740966801132,,-1.0,-1.0,GBRT,7,0.0,,6.408995121084742,4.71830645976308,3.583332363082967,0.0,-1.1349740966801132,0.0,2024-07-10 07:00:00
,1720681200.0,silty,2024,-0.9634822807238148,,-1.0,-1.0,GBRT,7,0.0,,7.100145056634385,4.71830645976308,3.754824179039266,0.0,-0.9634822807238148,0.0,2024-07-11 07:00:00
,1720767600.0,silty,2024,-0.6602011416518724,,-1.0,-1.0,GBRT,7,0.0,,8.417233027045325,4.71830645976308,4.058105318111208,0.0,-0.6602011416518724,0.0,2024-07-12 07:00:00
,1720854000.0,silty,2024,-0.3234608386119856,,-1.0,-1.0,GBRT,7,0.0,,9.478835789843243,4.71830645976308,4.394845621151094,0.0,-0.3234608386119856,0.0,2024-07-13 07:00:00
,1720940400.0,silty,2024,-0.0263242805990772,,-999.0,-999.0,GBRT,7,73.31195667700024,,8.65408688020589,4.71830645976308,4.691982179164003,0.0,-0.0263242805990772,0.0,2024-07-14 07:00:00
,1721026800.0,silty,2024,-0.4662801076431888,,-1.0,-1.0,GBRT,7,0.0,,8.038553013013921,4.71830645976308,4.252026352119891,0.0,-0.4662801076431888,73.31195667700024,2024-07-15 07:00:00
,1721113200.0,silty,2024,-0.9611198874426156,,-1.0,-1.0,GBRT,7,0.0,,8.079175888672749,4.71830645976308,3.7571865723204647,0.0,-0.9611198874426156,0.0,2024-07-16 07:00:00
,1721199600.0,silty,2024,-0.982954509355287,,-1.0,-1.0,GBRT,7,0.0,,9.89638188136864,4.71830645976308,3.7353519504077934,0.0,-0.982954509355287,0.0,2024-07-17 07:00:00
,1721286000.0,silty,2024,-0.7010361015116973,,-1.0,-1.0,GBRT,7,0.0,,8.856197692783795,4.71830645976308,4.017270358251383,0.0,-0.7010361015116973,0.0,2024-07-18 07:00:00
,1721372400.0,silty,2024,-0.3967575337668347,,-1.0,-1.0,GBRT,7,0.0,,8.59349226880255,4.71830645976308,4.321548925996246,0.0,-0.3967575337668347,0.0,2024-07-19 07:00:00
,1721458800.0,silty,2024,-0.1650133496254595,,-1.0,-1.0,GBRT,7,0.0,,6.5994601364997925,4.71830645976308,4.553293110137621,0.0,-0.1650133496254595,0.0,2024-07-20 07:00:00
,1721545200.0,silty,2024,0.052319808017529,,-999.0,-999.0,GBRT,7,84.0,,6.35886520949269,4.71830645976308,4.770626267780609,0.0,0.052319808017529,0.0,2024-07-21 07:00:00
,1625986800.0,sandy,2021,0.222797796250514,,-999.0,-999.0,GBRT,1,7.668275895436537,,7.909412676835701,4.71830645976308,4.9411042560135945,0.0,0.222797796250514,0.0,2021-07-11 07:00:00
,1626073200.0,sandy,2021,0.2074945089348692,,-999.0,-999.0,GBRT,1,9.420389526073128,,8.171899400888595,4.71830645976308,4.925800968697949,0.0,0.2074945089348692,7.668275895436537,2021-07-12 07:00:00
,1626159600.0,sandy,2021,0.0884427692235901,,-999.0,-999.0,GBRT,1,9.007042266974992,,7.307248568315713,4.71830645976308,4.806749228986671,49.2,0.0884427692235901,9.420389526073128,2021-07-13 07:00:00
,1626246000.0,sandy,2021,-1.2327627003044022,,-999.0,-999.0,GBRT,1,0.0,,3.7200181370317593,4.71830645976308,3.485543759458678,0.0,-1.2327627003044022,9.007042266974992,2021-07-14 07:00:00
,1626332400.0,sandy,2021,-1.0524045216159492,,-999.0,-999.0,GBRT,1,0.0,,6.588938290136868,4.71830645976308,3.665901938147131,0.0,-1.0524045216159492,0.0,2021-07-15 07:00:00
,1626418800.0,sandy,2021,-0.86739323490722,,-999.0,-999.0,GBRT,1,0.0,,4.2070949143533625,4.71830645976308,3.850913224855861,10.8,-0.86739323490722,0.0,2021-07-16 07:00:00
,1626505200.0,sandy,2021,-1.0090043750746482,,-999.0,-999.0,GBRT,1,0.0,,1.7206288405645938,4.71830645976308,3.709302084688432,0.8,-1.0090043750746482,0.0,2021-07-17 07:00:00
,1626591600.0,sandy,2021,-0.9306008890916104,,-999.0,-999.0,GBRT,1,0.0,,2.339819333016992,4.71830645976308,3.78770557067147,0.0,-0.9306008890916104,0.0,2021-07-18 07:00:00
,1626678000.0,sandy,2021,-0.6674476782415261,,-999.0,-999.0,GBRT,1,0.0,,5.542148180411579,4.71830645976308,4.050858781521554,0.0,-0.6674476782415261,0.0,2021-07-19 07:00:00
,1626764400.0,sandy,2021,-0.3952935495419665,,-999.0,-999.0,GBRT,1,0.0,,6.336708517861463,4.71830645976308,4.323012910221114,0.0,-0.3952935495419665,0.0,2021-07-20 07:00:00
,1626850800.0,sandy,2021,-0.1348915707495027,,-999.0,-999.0,GBRT,1,6.307895966547997,,7.723088615724408,4.71830645976308,4.583414889013578,0.0,-0.1348915707495027,0.0,2021-07-21 07:00:00
,1626937200.0,sandy,2021,-0.1143854242355925,,-999.0,-999.0,GBRT,1,6.172058483786415,,6.384988487195638,4.71830645976308,4.603921035527487,0.0,-0.1143854242355925,6.307895966547997,2021-07-22 07:00:00
,1627023600.0,sandy,2021,-0.085063187897954,,-999.0,-999.0,GBRT,1,6.677855143005477,,6.724001721462045,4.71830645976308,4.633243271865126,0.0,-0.085063187897954,6.172058483786415,2021-07-23 07:00:00
,1627110000.0,sandy,2021,-0.0861388873698932,,-999.0,-999.0,GBRT,1,7.163998830874492,,6.639604206034317,4.71830645976308,4.632167572393187,0.0,-0.0861388873698932,6.677855143005477,2021-07-24 07:00:00
,1627196400.0,sandy,2021,-0.1244031399852432,,-999.0,-999.0,GBRT,1,6.917207616099339,,6.068344799075018,4.71830645976308,4.593903319777837,0.0,-0.1244031399852432,7.163998830874492,2021-07-25 07:00:00
,1627282800.0,sandy,2021,-0.2183198969520649,,-999.0,-999.0,GBRT,1,9.63843299354862,,3.7441148307248353,4.71830645976308,4.499986562811015,0.0,-0.2183198969520649,6.917207616099339,2021-07-26 07:00:00
,1627369200.0,sandy,2021,-0.3372253177375862,,-999.0,-999.0,GBRT,1,5.896260859740445,,5.25782491390273,4.71830645976308,4.381081142025495,1.0,-0.3372253177375862,9.63843299354862,2021-07-27 07:00:00
,1627455600.0,sandy,2021,-0.3837290355285884,,-999.0,-999.0,GBRT,1,6.09380965590628,,4.067188753317478,4.71830645976308,4.334577424234492,0.0,-0.3837290355285884,5.896260859740445,2021-07-28 07:00:00
,1627542000.0,sandy,2021,-0.3634507936120041,,-999.0,-999.0,GBRT,1,5.988602888843441,,5.501441403272102,4.71830645976308,4.354855666151076,0.0,-0.3634507936120041,6.09380965590628,2021-07-29 07:00:00
,1627628400.0,sandy,2021,-0.2677614754528528,,-999.0,-999.0,GBRT,1,6.262027801254123,,7.363960029273559,4.71830645976308,4.450544984310228,0.0,-0.2677614754528528,5.988602888843441,2021-07-30 07:00:00
,1627714800.0,sandy,2021,-0.1652825116578697,,-999.0,-999.0,GBRT,1,7.354358955728587,,8.127164249908118,4.71830645976308,4.553023948105211,0.0,-0.1652825116578697,6.262027801254123,2021-07-31 07:00:00
,1627801200.0,sandy,2021,-0.1704563810477014,,-999.0,-999.0,GBRT,1,7.357137940728904,,7.011084171391055,4.71830645976308,4.547850078715379,9.0,-0.1704563810477014,7.354358955728587,2021-08-01 07:00:00
,1627887600.0,sandy,2021,-0.2782043572635992,,-999.0,-999.0,GBRT,1,6.062978454198714,,7.304828236834061,4.71830645976308,4.440102102499481,0.0,-0.2782043572635992,7.357137940728904,2021-08-02 07:00:00
,1627974000.0,sandy,2021,-0.222842569517483,,-999.0,-999.0,GBRT,1,5.851167485552273,,7.320018177389831,4.71830645976308,4.495463890245597,0.0,-0.222842569517483,6.062978454198714,2021-08-03 07:00:00
,1628060400.0,sandy,2021,-0.1162402692174141,,-999.0,-999.0,GBRT,1,6.758268030044948,,8.239496207860649,4.71830645976308,4.602066190545666,0.0,-0.1162402692174141,5.851167485552273,2021-08-04 07:00:00
,1628146800.0,sandy,2021,-0.1758076829637261,,-999.0,-999.0,GBRT,1,6.750150928262083,,4.198759507591638,4.71830645976308,4.542498776799354,0.0,-0.1758076829637261,6.758268030044948,2021-08-05 07:00:00
,1628233200.0,sandy,2021,-0.0860114484120921,,-999.0,-999.0,GBRT,1,7.104446797253173,,8.25634687060054,4.71830645976308,4.632295011350988,0.0,-0.0860114484120921,6.750150928262083,2021-08-06 07:00:00
,1628319600.0,sandy,2021,-0.0419371659136057,,-999.0,-999.0,GBRT,1,7.439991966157071,,7.823891414052509,4.71830645976308,4.676369293849475,0.0,-0.0419371659136057,7.104446797253173,2021-08-07 07:00:00
,1628406000.0,sandy,2021,-0.0438227042535118,,-999.0,-999.0,GBRT,1,7.439991966157071,,6.805842568347599,4.71830645976308,4.674483755509568,0.0,-0.0438227042535118,7.439991966157071,2021-08-08 07:00:00
,1628492400.0,sandy,2021,-0.0011587527407289,,-999.0,-999.0,GBRT,1,7.439991966157071,,8.235329351972808,4.71830645976308,4.717147707022352,0.0,-0.0011587527407289,7.439991966157071,2021-08-09 07:00:00
,1625986800.0,sandy,2021,0.222797796250514,,-999.0,-999.0,GBRT,2,24.0,,7.909412676835701,4.71830645976308,4.9411042560135945,0.0,0.222797796250514,0.0,2021-07-11 07:00:00
,1626073200.0,sandy,2021,-0.2876127474033307,,-1.0,-1.0,GBRT,2,0.0,,8.171899400888595,4.71830645976308,4.43069371235975,0.0,-0.2876127474033307,24.0,2021-07-12 07:00:00
,1626159600.0,sandy,2021,-0.0717604212790586,,-999.0,-999.0,GBRT,2,18.32159464131129,,7.307248568315713,4.71830645976308,4.646546038484022,49.2,-0.0717604212790586,0.0,2021-07-13 07:00:00
,1626246000.0,sandy,2021,-1.4303322875583195,,-1.0,-1.0,GBRT,2,0.0,,3.7200181370317593,4.71830645976308,3.2879741722047604,0.0,-1.4303322875583195,18.32159464131129,2021-07-14 07:00:00
,1626332400.0,sandy,2021,-1.3071661405381425,,-999.0,-999.0,GBRT,2,0.0,,6.588938290136868,4.71830645976308,3.411140319224938,0.0,-1.3071661405381425,0.0,2021-07-15 07:00:00
,1626418800.0,sandy,2021,-1.118074909949944,,-1.0,-1.0,GBRT,2,0.0,,4.2070949143533625,4.71830645976308,3.6002315498131363,10.8,-1.118074909949944,0.0,2021-07-16 07:00:00
,1626505200.0,sandy,2021,-1.2545707838872866,,-999.0,-999.0,GBRT,2,0.0,,1.7206288405645938,4.71830645976308,3.463735675875794,0.8,-1.2545707838872866,0.0,2021-07-17 07:00:00
,1626591600.0,sandy,2021,-1.1651012845822135,,-1.0,-1.0,GBRT,2,0.0,,2.339819333016992,4.71830645976308,3.5532051751808664,0.0,-1.1651012845822135,0.0,2021-07-18 07:00:00
,1626678000.0,sandy,2021,-0.9162993536193008,,-999.0,-999.0,GBRT,2,0.0,,5.542148180411579,4.71830645976308,3.80200710614378,0.0,-0.9162993536193008,0.0,2021-07-19 07:00:00
,1626764400.0,sandy,2021,-0.6287418987384159,,-1.0,-1.0,GBRT,2,0.0,,6.336708517861463,4.71830645976308,4.089564561024664,0.0,-0.6287418987384159,0.0,2021-07-20 07:00:00
,1626850800.0,sandy,2021,-0.3397064406234407,,-999.0,-999.0,GBRT,2,0.0,,7.723088615724408,4.71830645976308,4.37860001913964,0.0,-0.3397064406234407,0.0,2021-07-21 07:00:00
,1626937200.0,sandy,2021,-0.1474781889476291,,-1.0,-1.0,GBRT,2,0.0,,6.384988487195638,4.71830645976308,4.570828270815452,0.0,-0.1474781889476291,0.0,2021-07-22 07:00:00
,1627023600.0,sandy,2021,0.0267104248196174,,-999.0,-999.0,GBRT,2,23.00516659719557,,6.724001721462045,4.71830645976308,4.745016884582697,0.0,0.0267104248196174,0.0,2021-07-23 07:00:00
,1627110000.0,sandy,2021,-0.5092469913212667,,-1.0,-1.0,GBRT,2,0.0,,6.639604206034317,4.71830645976308,4.209059468441813,0.0,-0.5092469913212667,23.00516659719557,2021-07-24 07:00:00
,1627196400.0,sandy,2021,-0.3139345823063992,,-999.0,-999.0,GBRT,2,23.993084590507987,,6.068344799075018,4.71830645976308,4.404371877456681,0.0,-0.3139345823063992,0.0,2021-07-25 07:00:00
,1627282800.0,sandy,2021,-0.8486111810308653,,-1.0,-1.0,GBRT,2,0.0,,3.7441148307248353,4.71830645976308,3.869695278732215,0.0,-0.8486111810308653,23.993084590507987,2021-07-26 07:00:00
,1627369200.0,sandy,2021,-0.6721480721895722,,-999.0,-999.0,GBRT,2,0.0,,5.25782491390273,4.71830645976308,4.046158387573508,1.0,-0.6721480721895722,0.0,2021-07-27 07:00:00
,1627455600.0,sandy,2021,-0.5150673539105773,,-1.0,-1.0,GBRT,2,0.0,,4.067188753317478,4.71830645976308,4.203239105852503,0.0,-0.5150673539105773,0.0,2021-07-28 07:00:00
,1627542000.0,sandy,2021,-0.2978702982767734,,-999.0,-999.0,GBRT,2,24.0,,5.501441403272102,4.71830645976308,4.420436161486307,0.0,-0.2978702982767734,0.0,2021-07-29 07:00:00
,1627628400.0,sandy,2021,-0.7275721061846027,,-1.0,-1.0,GBRT,2,0.0,,7.363960029273559,4.71830645976308,3.990734353578477,0.0,-0.7275721061846027,24.0,2021-07-30 07:00:00
,1627714800.0,sandy,2021,-0.4330623723668955,,-999.0,-999.0,GBRT,2,24.0,,8.127164249908118,4.71830645976308,4.285244087396185,0.0,-0.4330623723668955,0.0,2021-07-31 07:00:00
,1627801200.0,sandy,2021,-0.8454519887540038,,-1.0,-1.0,GBRT,2,0.0,,7.011084171391055,4.71830645976308,3.872854471009077,9.0,-0.8454519887540038,24.0,2021-08-01 07:00:00
,1627887600.0,sandy,2021,-0.7461467814810496,,-999.0,-999.0,GBRT,2,0.0,,7.304828236834061,4.71830645976308,3.972159678282031,0.0,-0.7461467814810496,0.0,2021-08-02 07:00:00
,1627974000.0,sandy,2021,-0.4630003369552621,,-1.0,-1.0,GBRT,2,0.0,,7.320018177389831,4.71830645976308,4.255306122807818,0.0,-0.4630003369552621,0.0,2021-08-03 07:00:00
,1628060400.0,sandy,2021,-0.1596673274614355,,-999.0,-999.0,GBRT,2,17.14863348795175,,8.239496207860649,4.71830645976308,4.558639132301645,0.0,-0.1596673274614355,0.0,2021-08-04 07:00:00
,1628146800.0,sandy,2021,-0.5284548892662039,,-1.0,-1.0,GBRT,2,0.0,,4.198759507591638,4.71830645976308,4.189851570496876,0.0,-0.5284548892662039,17.14863348795175,2021-08-05 07:00:00
,1628233200.0,sandy,2021,-0.2182094730898994,,-999.0,-999.0,GBRT,2,20.349853872800622,,8.25634687060054,4.71830645976308,4.500096986673181,0.0,-0.2182094730898994,0.0,2021-08-06 07:00:00
,1628319600.0,sandy,2021,-0.5509222128218791,,-1.0,-1.0,GBRT,2,0.0,,7.823891414052509,4.71830645976308,4.167384246941201,0.0,-0.5509222128218791,20.349853872800622,2021-08-07 07:00:00
,1628406000.0,sandy,2021,-0.3057260593138142,,-999.0,-999.0,GBRT,2,20.349853872800622,,6.805842568347599,4.71830645976308,4.412580400449266,0.0,-0.3057260593138142,0.0,2021-08-08 07:00:00
,1628492400.0,sandy,2021,-0.5936372006923838,,-1.0,-1.0,GBRT,2,0.0,,8.235329351972808,4.71830645976308,4.124669259070696,0.0,-0.5936372006923838,20.349853872800622,2021-08-09 07:00:00
,1625986800.0,sandy,2021,0.222797796250514,,-999.0,-999.0,GBRT,3,36.0,,7.909412676835701,4.71830645976308,4.9411042560135945,0.0,0.222797796250514,0.0,2021-07-11 07:00:00
,1626073200.0,sandy,2021,-0.5499089188878162,,-1.0,-1.0,GBRT,3,0.0,,8.171899400888595,4.71830645976308,4.168397540875264,0.0,-0.5499089188878162,36.0,2021-07-12 07:00:00
,1626159600.0,sandy,2021,-0.3517405255457547,,-1.0,-1.0,GBRT,3,0.0,,7.307248568315713,4.71830645976308,4.366565934217325,49.2,-0.3517405255457547,0.0,2021-07-13 07:00:00
,1626246000.0,sandy,2021,-1.3407460292284517,,-999.0,-999.0,GBRT,3,0.0,,3.7200181370317593,4.71830645976308,3.3775604305346287,0.0,-1.3407460292284517,0.0,2021-07-14 07:00:00
,1626332400.0,sandy,2021,-1.1561697159611208,,-1.0,-1.0,GBRT,3,0.0,,6.588938290136868,4.71830645976308,3.5621367438019598,0.0,-1.1561697159611208,0.0,2021-07-15 07:00:00
,1626418800.0,sandy,2021,-0.9705460069724612,,-1.0,-1.0,GBRT,3,0.0,,4.2070949143533625,4.71830645976308,3.747760452790619,10.8,-0.9705460069724612,0.0,2021-07-16 07:00:00
,1626505200.0,sandy,2021,-1.1105910288746463,,-999.0,-999.0,GBRT,3,0.0,,1.7206288405645938,4.71830645976308,3.607715430888434,0.8,-1.1105910288746463,0.0,2021-07-17 07:00:00
,1626591600.0,sandy,2021,-1.0294364637451032,,-1.0,-1.0,GBRT,3,0.0,,2.339819333016992,4.71830645976308,3.688869996017977,0.0,-1.0294364637451032,0.0,2021-07-18 07:00:00
,1626678000.0,sandy,2021,-0.7724176948903012,,-1.0,-1.0,GBRT,3,0.0,,5.542148180411579,4.71830645976308,3.945888764872779,0.0,-0.7724176948903012,0.0,2021-07-19 07:00:00
,1626764400.0,sandy,2021,-0.4922355463851836,,-999.0,-999.0,GBRT,3,0.0,,6.336708517861463,4.71830645976308,4.226070913377897,0.0,-0.4922355463851836,0.0,2021-07-20 07:00:00
,1626850800.0,sandy,2021,-0.2237578596696159,,-1.0,-1.0,GBRT,3,0.0,,7.723088615724408,4.71830645976308,4.494548600093465,0.0,-0.2237578596696159,0.0,2021-07-21 07:00:00
,1626937200.0,sandy,2021,-0.0415562203981407,,-1.0,-1.0,GBRT,3,0.0,,6.384988487195638,4.71830645976308,4.67675023936494,0.0,-0.0415562203981407,0.0,2021-07-22 07:00:00
,1627023600.0,sandy,2021,0.1239707889303009,,-999.0,-999.0,GBRT,3,36.0,,6.724001721462045,4.71830645976308,4.842277248693382,0.0,0.1239707889303009,0.0,2021-07-23 07:00:00
,1627110000.0,sandy,2021,-0.7810287722260597,,-1.0,-1.0,GBRT,3,0.0,,6.639604206034317,4.71830645976308,3.937277687537021,0.0,-0.7810287722260597,36.0,2021-07-24 07:00:00
,1627196400.0,sandy,2021,-0.6043885048229497,,-1.0,-1.0,GBRT,3,0.0,,6.068344799075018,4.71830645976308,4.11391795494013,0.0,-0.6043885048229497,0.0,2021-07-25 07:00:00
,1627282800.0,sandy,2021,-0.4531502044894042,,-999.0,-999.0,GBRT,3,36.0,,3.7441148307248353,4.71830645976308,4.265156255273676,0.0,-0.4531502044894042,0.0,2021-07-26 07:00:00
,1627369200.0,sandy,2021,-1.098076446711898,,-1.0,-1.0,GBRT,3,0.0,,5.25782491390273,4.71830645976308,3.620230013051182,1.0,-1.098076446711898,36.0,2021-07-27 07:00:00
,1627455600.0,sandy,2021,-1.0681907092140497,,-1.0,-1.0,GBRT,3,0.0,,4.067188753317478,4.71830645976308,3.6501157505490314,0.0,-1.0681907092140497,0.0,2021-07-28 07:00:00
,1627542000.0,sandy,2021,-0.835318857355739,,-999.0,-999.0,GBRT,3,0.0,,5.501441403272102,4.71830645976308,3.882987602407341,0.0,-0.835318857355739,0.0,2021-07-29 07:00:00
,1627628400.0,sandy,2021,-0.5139744170834766,,-1.0,-1.0,GBRT,3,0.0,,7.363960029273559,4.71830645976308,4.204332042679604,0.0,-0.5139744170834766,0.0,2021-07-30 07:00:00
,1627714800.0,sandy,2021,-0.2017758859603694,,-1.0,-1.0,GBRT,3,0.0,,8.127164249908118,4.71830645976308,4.516530573802711,0.0,-0.2017758859603694,0.0,2021-07-31 07:00:00
,1627801200.0,sandy,2021,0.008615550364767,,-999.0,-999.0,GBRT,3,35.30946835028653,,7.011084171391055,4.71830645976308,4.726922010127847,9.0,0.008615550364767,0.0,2021-08-01 07:00:00
,1627887600.0,sandy,2021,-0.9042890334502128,,-1.0,-1.0,GBRT,3,0.0,,7.304828236834061,4.71830645976308,3.814017426312867,0.0,-0.9042890334502128,35.30946835028653,2021-08-02 07:00:00
,1627974000.0,sandy,2021,-0.6986779999265211,,-1.0,-1.0,GBRT,3,0.0,,7.320018177389831,4.71830645976308,4.019628459836559,0.0,-0.6986779999265211,0.0,2021-08-03 07:00:00
,1628060400.0,sandy,2021,-0.3737960044160048,,-999.0,-999.0,GBRT,3,0.0,,8.239496207860649,4.71830645976308,4.344510455347075,0.0,-0.3737960044160048,0.0,2021-08-04 07:00:00
,1628146800.0,sandy,2021,-0.2170505981650993,,-1.0,-1.0,GBRT,3,0.0,,4.198759507591638,4.71830645976308,4.501255861597981,0.0,-0.2170505981650993,0.0,2021-08-05 07:00:00
,1628233200.0,sandy,2021,0.044605968671372,,-1.0,-1.0,GBRT,3,0.0,,8.25634687060054,4.71830645976308,4.762912428434452,0.0,0.044605968671372,0.0,2021-08-06 07:00:00
,1628319600.0,sandy,2021,0.2360379890819973,,-999.0,-999.0,GBRT,3,33.93500687394631,,7.823891414052509,4.71830645976308,4.954344448845077,0.0,0.2360379890819973,0.0,2021-08-07 07:00:00
,1628406000.0,sandy,2021,-0.6280704605055633,,-1.0,-1.0,GBRT,3,0.0,,6.805842568347599,4.71830645976308,4.0902359992575175,0.0,-0.6280704605055633,33.93500687394631,2021-08-08 07:00:00
,1628492400.0,sandy,2021,-0.357273610629282,,-1.0,-1.0,GBRT,3,0.0,,8.235329351972808,4.71830645976308,4.361032849133799,0.0,-0.357273610629282,0.0,2021-08-09 07:00:00
,1625986800.0,sandy,2021,0.222797796250514,,-999.0,-999.0,GBRT,5,60.0,,7.909412676835701,4.71830645976308,4.9411042560135945,0.0,0.222797796250514,0.0,2021-07-11 07:00:00
,1626073200.0,sandy,2021,-0.852232183517984,,-1.0,-1.0,GBRT,5,0.0,,8.171899400888595,4.71830645976308,3.866074276245096,0.0,-0.852232183517984,60.0,2021-07-12 07:00:00
,1626159600.0,sandy,2021,-0.8678780374322189,,-1.0,-1.0,GBRT,5,0.0,,7.307248568315713,4.71830645976308,3.850428422330861,49.2,-0.8678780374322189,0.0,2021-07-13 07:00:00
,1626246000.0,sandy,2021,-1.5967067321148802,,-1.0,-1.0,GBRT,5,0.0,,3.7200181370317593,4.71830645976308,3.1215997276482,0.0,-1.5967067321148802,0.0,2021-07-14 07:00:00
,1626332400.0,sandy,2021,-1.5043756385720344,,-1.0,-1.0,GBRT,5,0.0,,6.588938290136868,4.71830645976308,3.213930821191046,0.0,-1.5043756385720344,0.0,2021-07-15 07:00:00
,1626418800.0,sandy,2021,-1.31642737153365,,-999.0,-999.0,GBRT,5,0.0,,4.2070949143533625,4.71830645976308,3.4018790882294305,10.8,-1.31642737153365,0.0,2021-07-16 07:00:00
,1626505200.0,sandy,2021,-1.445980946796555,,-1.0,-1.0,GBRT,5,0.0,,1.7206288405645938,4.71830645976308,3.272325512966525,0.8,-1.445980946796555,0.0,2021-07-17 07:00:00
,1626591600.0,sandy,2021,-1.3514098847762446,,-1.0,-1.0,GBRT,5,0.0,,2.339819333016992,4.71830645976308,3.366896574986836,0.0,-1.3514098847762446,0.0,2021-07-18 07:00:00
,1626678000.0,sandy,2021,-1.1226047146094555,,-1.0,-1.0,GBRT,5,0.0,,5.542148180411579,4.71830645976308,3.5957017451536246,0.0,-1.1226047146094555,0.0,2021-07-19 07:00:00
,1626764400.0,sandy,2021,-0.856720968827851,,-1.0,-1.0,GBRT,5,0.0,,6.336708517861463,4.71830645976308,3.861585490935229,0.0,-0.856720968827851,0.0,2021-07-20 07:00:00
,1626850800.0,sandy,2021,-0.5251179897334803,,-999.0,-999.0,GBRT,5,0.0,,7.723088615724408,4.71830645976308,4.1931884700296,0.0,-0.5251179897334803,0.0,2021-07-21 07:00:00
,1626937200.0,sandy,2021,-0.3093248918369206,,-1.0,-1.0,GBRT,5,0.0,,6.384988487195638,4.71830645976308,4.408981567926159,0.0,-0.3093248918369206,0.0,2021-07-22 07:00:00
,1627023600.0,sandy,2021,-0.1171637916233822,,-1.0,-1.0,GBRT,5,0.0,,6.724001721462045,4.71830645976308,4.601142668139698,0.0,-0.1171637916233822,0.0,2021-07-23 07:00:00
,1627110000.0,sandy,2021,0.042237170907922,,-1.0,-1.0,GBRT,5,0.0,,6.639604206034317,4.71830645976308,4.760543630671002,0.0,0.042237170907922,0.0,2021-07-24 07:00:00
,1627196400.0,sandy,2021,0.1690679935241125,,-1.0,-1.0,GBRT,5,0.0,,6.068344799075018,4.71830645976308,4.887374453287193,0.0,0.1690679935241125,0.0,2021-07-25 07:00:00
,1627282800.0,sandy,2021,0.2411544694048873,,-999.0,-999.0,GBRT,5,52.583493715247926,,3.7441148307248353,4.71830645976308,4.959460929167967,0.0,0.2411544694048873,0.0,2021-07-26 07:00:00
,1627369200.0,sandy,2021,-1.0168528969029351,,-1.0,-1.0,GBRT,5,0.0,,5.25782491390273,4.71830645976308,3.701453562860145,1.0,-1.0168528969029351,52.583493715247926,2021-07-27 07:00:00
,1627455600.0,sandy,2021,-1.041162915080051,,-1.0,-1.0,GBRT,5,0.0,,4.067188753317478,4.71830645976308,3.677143544683029,0.0,-1.041162915080051,0.0,2021-07-28 07:00:00
,1627542000.0,sandy,2021,-0.8115980046535971,,-1.0,-1.0,GBRT,5,0.0,,5.501441403272102,4.71830645976308,3.906708455109483,0.0,-0.8115980046535971,0.0,2021-07-29 07:00:00
,1627628400.0,sandy,2021,-0.4949331768409139,,-1.0,-1.0,GBRT,5,0.0,,7.363960029273559,4.71830645976308,4.223373282922166,0.0,-0.4949331768409139,0.0,2021-07-30 07:00:00
,1627714800.0,sandy,2021,-0.1893993540576143,,-999.0,-999.0,GBRT,5,50.16297962035041,,8.127164249908118,4.71830645976308,4.528907105705466,0.0,-0.1893993540576143,0.0,2021-07-31 07:00:00
,1627801200.0,sandy,2021,-1.1400652208461597,,-1.0,-1.0,GBRT,5,0.0,,7.011084171391055,4.71830645976308,3.5782412389169207,9.0,-1.1400652208461597,50.16297962035041,2021-08-01 07:00:00
,1627887600.0,sandy,2021,-1.2260685560259796,,-1.0,-1.0,GBRT,5,0.0,,7.304828236834061,4.71830645976308,3.4922379037371005,0.0,-1.2260685560259796,0.0,2021-08-02 07:00:00
,1627974000.0,sandy,2021,-0.9222734272199932,,-1.0,-1.0,GBRT,5,0.0,,7.320018177389831,4.71830645976308,3.7960330325430873,0.0,-0.9222734272199932,0.0,2021-08-03 07:00:00
,1628060400.0,sandy,2021,-0.567794420215944,,-1.0,-1.0,GBRT,5,0.0,,8.239496207860649,4.71830645976308,4.150512039547136,0.0,-0.567794420215944,0.0,2021-08-04 07:00:00
,1628146800.0,sandy,2021,-0.3888883461335379,,-999.0,-999.0,GBRT,5,0.0,,4.198759507591638,4.71830645976308,4.329418113629543,0.0,-0.3888883461335379,0.0,2021-08-05 07:00:00
,1628233200.0,sandy,2021,-0.0999964295570216,,-1.0,-1.0,GBRT,5,0.0,,8.25634687060054,4.71830645976308,4.618310030206058,0.0,-0.0999964295570216,0.0,2021-08-06 07:00:00
,1628319600.0,sandy,2021,0.1075115779601029,,-1.0,-1.0,GBRT,5,0.0,,7.823891414052509,4.71830645976308,4.825818037723183,0.0,0.1075115779601029,0.0,2021-08-07 07:00:00
,1628406000.0,sandy,2021,0.2614034798793609,,-1.0,-1.0,GBRT,5,0.0,,6.805842568347599,4.71830645976308,4.979709939642441,0.0,0.2614034798793609,0.0,2021-08-08 07:00:00
,1628492400.0,sandy,2021,0.424078827331504,,-1.0,-1.0,GBRT,5,0.0,,8.235329351972808,4.71830645976308,5.1423852870945845,0.0,0.424078827331504,0.0,2021-08-09 07:00:00
,1625986800.0,sandy,2021,0.222797796250514,,-999.0,-999.0,GBRT,7,84.0,,7.909412676835701,4.71830645976308,4.9411042560135945,0.0,0.222797796250514,0.0,2021-07-11 07:00:00
,1626073200.0,sandy,2021,-0.93470759212815,,-1.0,-1.0,GBRT,7,0.0,,8.171899400888595,4.71830645976308,3.78359886763493,0.0,-0.93470759212815,84.0,2021-07-12 07:00:00
,1626159600.0,sandy,2021,-1.2903718364120982,,-1.0,-1.0,GBRT,7,0.0,,7.307248568315713,4.71830645976308,3.427934623350982,49.2,-1.2903718364120982,0.0,2021-07-13 07:00:00
,1626246000.0,sandy,2021,-1.7087813963892895,,-1.0,-1.0,GBRT,7,0.0,,3.7200181370317593,4.71830645976308,3.0095250633737907,0.0,-1.7087813963892895,0.0,2021-07-14 07:00:00
,1626332400.0,sandy,2021,-1.70882464004927,,-1.0,-1.0,GBRT,7,0.0,,6.588938290136868,4.71830645976308,3.0094818197138102,0.0,-1.70882464004927,0.0,2021-07-15 07:00:00
,1626418800.0,sandy,2021,-1.5830302216607384,,-1.0,-1.0,GBRT,7,0.0,,4.2070949143533625,4.71830645976308,3.135276238102342,10.8,-1.5830302216607384,0.0,2021-07-16 07:00:00
,1626505200.0,sandy,2021,-1.696126799023717,,-1.0,-1.0,GBRT,7,0.0,,1.7206288405645938,4.71830645976308,3.022179660739363,0.8,-1.696126799023717,0.0,2021-07-17 07:00:00
,1626591600.0,sandy,2021,-1.598341406628028,,-999.0,-999.0,GBRT,7,0.0,,2.339819333016992,4.71830645976308,3.119965053135052,0.0,-1.598341406628028,0.0,2021-07-18 07:00:00
,1626678000.0,sandy,2021,-1.379147390609928,,-1.0,-1.0,GBRT,7,0.0,,5.542148180411579,4.71830645976308,3.339159069153152,0.0,-1.379147390609928,0.0,2021-07-19 07:00:00
,1626764400.0,sandy,2021,-1.1309746936356342,,-1.0,-1.0,GBRT,7,0.0,,6.336708517861463,4.71830645976308,3.5873317661274458,0.0,-1.1309746936356342,0.0,2021-07-20 07:00:00
,1626850800.0,sandy,2021,-0.8122791531552644,,-1.0,-1.0,GBRT,7,0.0,,7.723088615724408,4.71830645976308,3.906027306607816,0.0,-0.8122791531552644,0.0,2021-07-21 07:00:00
,1626937200.0,sandy,2021,-0.5406990795699463,,-1.0,-1.0,GBRT,7,0.0,,6.384988487195638,4.71830645976308,4.177607380193134,0.0,-0.5406990795699463,0.0,2021-07-22 07:00:00
,1627023600.0,sandy,2021,-0.306278281396008,,-1.0,-1.0,GBRT,7,0.0,,6.724001721462045,4.71830645976308,4.4120281783670725,0.0,-0.306278281396008,0.0,2021-07-23 07:00:00
,1627110000.0,sandy,2021,-0.1214739697780079,,-1.0,-1.0,GBRT,7,0.0,,6.639604206034317,4.71830645976308,4.596832489985072,0.0,-0.1214739697780079,0.0,2021-07-24 07:00:00
,1627196400.0,sandy,2021,0.0230802374726013,,-999.0,-999.0,GBRT,7,83.22915837649327,,6.068344799075018,4.71830645976308,4.741386697235682,0.0,0.0230802374726013,0.0,2021-07-25 07:00:00
,1627282800.0,sandy,2021,-1.284006833300881,,-1.0,-1.0,GBRT,7,0.0,,3.7441148307248353,4.71830645976308,3.434299626462199,0.0,-1.284006833300881,83.22915837649327,2021-07-26 07:00:00
,1627369200.0,sandy,2021,-1.5708971276313155,,-1.0,-1.0,GBRT,7,0.0,,5.25782491390273,4.71830645976308,3.1474093321317644,1.0,-1.5708971276313155,0.0,2021-07-27 07:00:00
,1627455600.0,sandy,2021,-1.5048898359042582,,-1.0,-1.0,GBRT,7,0.0,,4.067188753317478,4.71830645976308,3.213416623858822,0.0,-1.5048898359042582,0.0,2021-07-28 07:00:00
,1627542000.0,sandy,2021,-1.2601686569953985,,-1.0,-1.0,GBRT,7,0.0,,5.501441403272102,4.71830645976308,3.458137802767682,0.0,-1.2601686569953985,0.0,2021-07-29 07:00:00
,1627628400.0,sandy,2021,-0.9366760242526614,,-1.0,-1.0,GBRT,7,0.0,,7.363960029273559,4.71830645976308,3.781630435510418,0.0,-0.9366760242526614,0.0,2021-07-30 07:00:00
,1627714800.0,sandy,2021,-0.5629401362676412,,-1.0,-1.0,GBRT,7,0.0,,8.127164249908118,4.71830645976308,4.155366323495439,0.0,-0.5629401362676412,0.0,2021-07-31 07:00:00
,1627801200.0,sandy,2021,-0.2967041367778002,,-999.0,-999.0,GBRT,7,0.0,,7.011084171391055,4.71830645976308,4.42160232298528,9.0,-0.2967041367778002,0.0,2021-08-01 07:00:00
,1627887600.0,sandy,2021,-0.1686827484405263,,-1.0,-1.0,GBRT,7,0.0,,7.304828236834061,4.71830645976308,4.549623711322554,0.0,-0.1686827484405263,0.0,2021-08-02 07:00:00
,1627974000.0,sandy,2021,0.0023016379035014,,-1.0,-1.0,GBRT,7,0.0,,7.320018177389831,4.71830645976308,4.720608097666582,0.0,0.0023016379035014,0.0,2021-08-03 07:00:00
,1628060400.0,sandy,2021,0.1846991259071966,,-1.0,-1.0,GBRT,7,0.0,,8.239496207860649,4.71830645976308,4.903005585670277,0.0,0.1846991259071966,0.0,2021-08-04 07:00:00
,1628146800.0,sandy,2021,0.2613226239782948,,-1.0,-1.0,GBRT,7,0.0,,4.198759507591638,4.71830645976308,4.979629083741375,0.0,0.2613226239782948,0.0,2021-08-05 07:00:00
,1628233200.0,sandy,2021,0.4225064581892565,,-1.0,-1.0,GBRT,7,0.0,,8.25634687060054,4.71830645976308,5.140812917952337,0.0,0.4225064581892565,0.0,2021-08-06 07:00:00
,1628319600.0,sandy,2021,0.5492316931798422,,-1.0,-1.0,GBRT,7,0.0,,7.823891414052509,4.71830645976308,5.267538152942922,0.0,0.5492316931798422,0.0,2021-08-07 07:00:00
,1628406000.0,sandy,2021,0.6481306228741728,,-999.0,-999.0,GBRT,7,72.74853775853423,,6.805842568347599,4.71830645976308,5.366437082637253,0.0,0.6481306228741728,0.0,2021-08-08 07:00:00
,1628492400.0,sandy,2021,-0.9428726222322202,,-1.0,-1.0,GBRT,7,0.0,,8.235329351972808,4.71830645976308,3.77543383753086,0.0,-0.9428726222322202,72.74853775853423,2021-08-09 07:00:00
,1655967600.0,sandy,2022,-0.3034151652091952,,-999.0,-999.0,GBRT,1,6.645125171575067,,5.915965904891959,4.71830645976308,4.414891294553885,0.0,-0.3034151652091952,0.0,2022-06-23 07:00:00
,1656054000.0,sandy,2022,-0.3420837825492105,,-999.0,-999.0,GBRT,1,7.376183772156026,,5.717907755951627,4.71830645976308,4.376222677213869,0.0,-0.3420837825492105,6.645125171575067,2022-06-24 07:00:00
,1656140400.0,sandy,2022,-0.3154335817781576,,-999.0,-999.0,GBRT,1,7.376183772156026,,9.203948870710636,4.71830645976308,4.402872877984922,0.0,-0.3154335817781576,7.376183772156026,2022-06-25 07:00:00
,1656226800.0,sandy,2022,-0.2939523878696066,,-999.0,-999.0,GBRT,1,7.376183772156026,,9.569797117975432,4.71830645976308,4.4243540718934735,0.0,-0.2939523878696066,7.376183772156026,2022-06-26 07:00:00
,1656313200.0,sandy,2022,-0.2968940158674239,,-999.0,-999.0,GBRT,1,12.0,,8.693094774412245,4.71830645976308,4.421412443895656,0.0,-0.2968940158674239,7.376183772156026,2022-06-27 07:00:00
,1656399600.0,sandy,2022,-0.4601205734013026,,-999.0,-999.0,GBRT,1,6.868642723561715,,7.460713537351751,4.71830645976308,4.258185886361778,1.6,-0.4601205734013026,12.0,2022-06-28 07:00:00
,1656486000.0,sandy,2022,-0.61395817424525,,-999.0,-999.0,GBRT,1,6.312852729292032,,1.8323231735051733,4.71830645976308,4.104348285517831,0.0,-0.61395817424525,6.868642723561715,2022-06-29 07:00:00
,1656572400.0,sandy,2022,-0.6123184470671951,,-999.0,-999.0,GBRT,1,5.924943276830758,,6.425725286268609,4.71830645976308,4.105988012695885,0.0,-0.6123184470671951,6.312852729292032,2022-06-30 07:00:00
,1656658800.0,sandy,2022,-0.5429166137290385,,-999.0,-999.0,GBRT,1,5.924943276830758,,8.481182130641368,4.71830645976308,4.175389846034042,0.0,-0.5429166137290385,5.924943276830758,2022-07-01 07:00:00
,1656745200.0,sandy,2022,-0.4389299972246914,,-999.0,-999.0,GBRT,1,6.238430539212372,,9.684100900879589,4.71830645976308,4.279376462538389,0.0,-0.4389299972246914,5.924943276830758,2022-07-02 07:00:00
,1656831600.0,sandy,2022,-0.3945039461924401,,-999.0,-999.0,GBRT,1,6.4518198695147175,,7.875822878948619,4.71830645976308,4.32380251357064,0.0,-0.3945039461924401,6.238430539212372,2022-07-03 07:00:00
,1656918000.0,sandy,2022,-0.3348713318697157,,-999.0,-999.0,GBRT,1,7.07017177981041,,8.846129638751195,4.71830645976308,4.383435127893365,0.0,-0.3348713318697157,6.4518198695147175,2022-07-04 07:00:00
,1657004400.0,sandy,2022,-0.305286062398549,,-999.0,-999.0,GBRT,1,7.376183772156026,,8.353871892123982,4.71830645976308,4.413020397364531,0.0,-0.305286062398549,7.07017177981041,2022-07-05 07:00:00
,1657090800.0,sandy,2022,-0.2990052136653268,,-999.0,-999.0,GBRT,1,7.184273176677909,,8.10868026961472,4.71830645976308,4.419301246097754,0.0,-0.2990052136653268,7.376183772156026,2022-07-06 07:00:00
,1657177200.0,sandy,2022,-0.3539175660952955,,-999.0,-999.0,GBRT,1,7.981782971591782,,5.27960920736311,4.71830645976308,4.364388893667785,11.6,-0.3539175660952955,7.184273176677909,2022-07-07 07:00:00
,1657263600.0,sandy,2022,-0.5308539160587934,,-999.0,-999.0,GBRT,1,5.105041743442419,,7.275206390354677,4.71830645976308,4.187452543704286,0.0,-0.5308539160587934,7.981782971591782,2022-07-08 07:00:00
,1657350000.0,sandy,2022,-0.5270196902122258,,-999.0,-999.0,GBRT,1,4.887805751670422,,7.121172904786319,4.71830645976308,4.191286769550854,0.0,-0.5270196902122258,5.105041743442419,2022-07-09 07:00:00
,1657436400.0,sandy,2022,-0.4298468909246764,,-999.0,-999.0,GBRT,1,5.488550007467417,,7.612583271961939,4.71830645976308,4.288459568838404,0.0,-0.4298468909246764,4.887805751670422,2022-07-10 07:00:00
,1657522800.0,sandy,2022,-0.3184337691264597,,-999.0,-999.0,GBRT,1,5.462762681213753,,8.472336750464112,4.71830645976308,4.39987269063662,0.0,-0.3184337691264597,5.488550007467417,2022-07-11 07:00:00
,1657609200.0,sandy,2022,-0.2486675867500392,,-999.0,-999.0,GBRT,1,6.07157128002974,,7.487993037508327,4.71830645976308,4.469638873013041,0.0,-0.2486675867500392,5.462762681213753,2022-07-12 07:00:00
,1657695600.0,sandy,2022,-0.2564461473342573,,-999.0,-999.0,GBRT,1,6.593716160476138,,5.439558555641069,4.71830645976308,4.461860312428823,0.0,-0.2564461473342573,6.07157128002974,2022-07-13 07:00:00
,1657782000.0,sandy,2022,-0.192985733235865,,-999.0,-999.0,GBRT,1,7.040638603252129,,8.254676604732598,4.71830645976308,4.525320726527215,0.0,-0.192985733235865,6.593716160476138,2022-07-14 07:00:00
,1657868400.0,sandy,2022,-0.1100615443556608,,-999.0,-999.0,GBRT,1,7.376183772156026,,9.447916516172471,4.71830645976308,4.608244915407419,0.0,-0.1100615443556608,7.040638603252129,2022-07-15 07:00:00
,1657954800.0,sandy,2022,-0.0650206636590941,,-999.0,-999.0,GBRT,1,7.404540163050502,,8.968687582898376,4.71830645976308,4.653285796103986,0.0,-0.0650206636590941,7.376183772156026,2022-07-16 07:00:00
,1658041200.0,sandy,2022,-0.0665659801483235,,-999.0,-999.0,GBRT,1,7.38549433162338,,7.701644419417017,4.71830645976308,4.651740479614757,0.0,-0.0665659801483235,7.404540163050502,2022-07-17 07:00:00
,1658127600.0,sandy,2022,-0.0797208268770652,,-999.0,-999.0,GBRT,1,7.420946134729949,,7.236620092977568,4.71830645976308,4.638585632886015,0.0,-0.0797208268770652,7.38549433162338,2022-07-18 07:00:00
,1658214000.0,sandy,2022,-0.066842690247627,,-999.0,-999.0,GBRT,1,7.439991966157071,,7.976539558735554,4.71830645976308,4.651463769515453,0.0,-0.066842690247627,7.420946134729949,2022-07-19 07:00:00
,1658300400.0,sandy,2022,-0.0213620561744423,,-999.0,-999.0,GBRT,1,7.439991966157071,,9.031637030513592,4.71830645976308,4.696944403588638,0.0,-0.0213620561744423,7.439991966157071,2022-07-20 07:00:00
,1658386800.0,sandy,2022,0.0021103345925563,,-999.0,-999.0,GBRT,1,7.439991966157071,,8.523521442036436,4.71830645976308,4.7204167943556365,0.0,0.0021103345925563,7.439991966157071,2022-07-21 07:00:00
,1655967600.0,sandy,2022,-0.3034151652091952,,-999.0,-999.0,GBRT,2,24.0,,5.915965904891959,4.71830645976308,4.414891294553885,0.0,-0.3034151652091952,0.0,2022-06-23 07:00:00
,1656054000.0,sandy,2022,-0.746181385516732,,-1.0,-1.0,GBRT,2,0.0,,5.717907755951627,4.71830645976308,3.972125074246348,0.0,-0.746181385516732,24.0,2022-06-24 07:00:00
,1656140400.0,sandy,2022,-0.5593358130029642,,-999.0,-999.0,GBRT,2,20.349853872800622,,9.203948870710636,4.71830645976308,4.158970646760116,0.0,-0.5593358130029642,0.0,2022-06-25 07:00:00
,1656226800.0,sandy,2022,-0.8261427278770923,,-1.0,-1.0,GBRT,2,0.0,,9.569797117975432,4.71830645976308,3.892163731885988,0.0,-0.8261427278770923,20.349853872800622,2022-06-26 07:00:00
,1656313200.0,sandy,2022,-0.6271379671236875,,-999.0,-999.0,GBRT,2,0.0,,8.693094774412245,4.71830645976308,4.091168492639393,0.0,-0.6271379671236875,0.0,2022-06-27 07:00:00
,1656399600.0,sandy,2022,-0.4352327849330369,,-1.0,-1.0,GBRT,2,0.0,,7.460713537351751,4.71830645976308,4.283073674830043,1.6,-0.4352327849330369,0.0,2022-06-28 07:00:00
,1656486000.0,sandy,2022,-0.384986381875255,,-999.0,-999.0,GBRT,2,0.0,,1.8323231735051733,4.71830645976308,4.333320077887826,0.0,-0.384986381875255,0.0,2022-06-29 07:00:00
,1656572400.0,sandy,2022,-0.2145503844698562,,-1.0,-1.0,GBRT,2,0.0,,6.425725286268609,4.71830645976308,4.503756075293224,0.0,-0.2145503844698562,0.0,2022-06-30 07:00:00
,1656658800.0,sandy,2022,-0.0290240452729251,,-999.0,-999.0,GBRT,2,20.349853872800622,,8.481182130641368,4.71830645976308,4.689282414490156,0.0,-0.0290240452729251,0.0,2022-07-01 07:00:00
,1656745200.0,sandy,2022,-0.3784270707598177,,-1.0,-1.0,GBRT,2,0.0,,9.684100900879589,4.71830645976308,4.339879389003262,0.0,-0.3784270707598177,20.349853872800622,2022-07-02 07:00:00
,1656831600.0,sandy,2022,-0.1786518310529109,,-999.0,-999.0,GBRT,2,20.349853872800622,,7.875822878948619,4.71830645976308,4.539654628710169,0.0,-0.1786518310529109,0.0,2022-07-03 07:00:00
,1656918000.0,sandy,2022,-0.5285250223529652,,-1.0,-1.0,GBRT,2,0.0,,8.846129638751195,4.71830645976308,4.189781437410115,0.0,-0.5285250223529652,20.349853872800622,2022-07-04 07:00:00
,1657004400.0,sandy,2022,-0.2999817922500049,,-999.0,-999.0,GBRT,2,24.0,,8.353871892123982,4.71830645976308,4.418324667513075,0.0,-0.2999817922500049,0.0,2022-07-05 07:00:00
,1657090800.0,sandy,2022,-0.7236945216940459,,-1.0,-1.0,GBRT,2,0.0,,8.10868026961472,4.71830645976308,3.9946119380690335,0.0,-0.7236945216940459,24.0,2022-07-06 07:00:00
,1657177200.0,sandy,2022,-0.586674391958998,,-999.0,-999.0,GBRT,2,19.324327922600784,,5.27960920736311,4.71830645976308,4.131632067804082,11.6,-0.586674391958998,0.0,2022-07-07 07:00:00
,1657263600.0,sandy,2022,-1.0020280412882894,,-1.0,-1.0,GBRT,2,0.0,,7.275206390354677,4.71830645976308,3.716278418474791,0.0,-1.0020280412882894,19.324327922600784,2022-07-08 07:00:00
,1657350000.0,sandy,2022,-0.8805213882991832,,-999.0,-999.0,GBRT,2,0.0,,7.121172904786319,4.71830645976308,3.837785071463897,0.0,-0.8805213882991832,0.0,2022-07-09 07:00:00
,1657436400.0,sandy,2022,-0.6178509490368096,,-1.0,-1.0,GBRT,2,0.0,,7.612583271961939,4.71830645976308,4.10045551072627,0.0,-0.6178509490368096,0.0,2022-07-10 07:00:00
,1657522800.0,sandy,2022,-0.321908137052086,,-999.0,-999.0,GBRT,2,0.0,,8.472336750464112,4.71830645976308,4.396398322710994,0.0,-0.321908137052086,0.0,2022-07-11 07:00:00
,1657609200.0,sandy,2022,-0.1067842112492064,,-1.0,-1.0,GBRT,2,0.0,,7.487993037508327,4.71830645976308,4.611522248513873,0.0,-0.1067842112492064,0.0,2022-07-12 07:00:00
,1657695600.0,sandy,2022,0.0319805063463339,,-999.0,-999.0,GBRT,2,17.14863348795175,,5.439558555641069,4.71830645976308,4.750286966109414,0.0,0.0319805063463339,0.0,2022-07-13 07:00:00
,1657782000.0,sandy,2022,-0.2488048689644758,,-1.0,-1.0,GBRT,2,0.0,,8.254676604732598,4.71830645976308,4.469501590798605,0.0,-0.2488048689644758,17.14863348795175,2022-07-14 07:00:00
,1657868400.0,sandy,2022,0.0319171849492808,,-999.0,-999.0,GBRT,2,20.349853872800622,,9.447916516172471,4.71830645976308,4.750223644712361,0.0,0.0319171849492808,0.0,2022-07-15 07:00:00
,1657954800.0,sandy,2022,-0.3411816429569357,,-1.0,-1.0,GBRT,2,0.0,,8.968687582898376,4.71830645976308,4.377124816806145,0.0,-0.3411816429569357,20.349853872800622,2022-07-16 07:00:00
,1658041200.0,sandy,2022,-0.1096481899111709,,-999.0,-999.0,GBRT,2,24.0,,7.701644419417017,4.71830645976308,4.608658269851909,0.0,-0.1096481899111709,0.0,2022-07-17 07:00:00
,1658127600.0,sandy,2022,-0.5816490358383848,,-1.0,-1.0,GBRT,2,0.0,,7.236620092977568,4.71830645976308,4.136657423924696,0.0,-0.5816490358383848,24.0,2022-07-18 07:00:00
,1658214000.0,sandy,2022,-0.3305833937398201,,-999.0,-999.0,GBRT,2,21.371271451612824,,7.976539558735554,4.71830645976308,4.38772306602326,0.0,-0.3305833937398201,0.0,2022-07-19 07:00:00
,1658300400.0,sandy,2022,-0.6247742368621696,,-1.0,-1.0,GBRT,2,0.0,,9.031637030513592,4.71830645976308,4.093532222900911,0.0,-0.6247742368621696,21.371271451612824,2022-07-20 07:00:00
,1658386800.0,sandy,2022,-0.3477314974089029,,-999.0,-999.0,GBRT,2,20.349853872800622,,8.523521442036436,4.71830645976308,4.370574962354177,0.0,-0.3477314974089029,0.0,2022-07-21 07:00:00
,1655967600.0,sandy,2022,-0.3034151652091952,,-999.0,-999.0,GBRT,3,27.882219112285664,,5.915965904891959,4.71830645976308,4.414891294553885,0.0,-0.3034151652091952,0.0,2022-06-23 07:00:00
,1656054000.0,sandy,2022,-0.8153050402915177,,-1.0,-1.0,GBRT,3,0.0,,5.717907755951627,4.71830645976308,3.9030014194715625,0.0,-0.8153050402915177,27.882219112285664,2022-06-24 07:00:00
,1656140400.0,sandy,2022,-0.654750469946996,,-1.0,-1.0,GBRT,3,0.0,,9.203948870710636,4.71830645976308,4.063555989816084,0.0,-0.654750469946996,0.0,2022-06-25 07:00:00
,1656226800.0,sandy,2022,-0.4153219652496455,,-999.0,-999.0,GBRT,3,0.0,,9.569797117975432,4.71830645976308,4.302984494513435,0.0,-0.4153219652496455,0.0,2022-06-26 07:00:00
,1656313200.0,sandy,2022,-0.1950574630140755,,-1.0,-1.0,GBRT,3,0.0,,8.693094774412245,4.71830645976308,4.523248996749005,0.0,-0.1950574630140755,0.0,2022-06-27 07:00:00
,1656399600.0,sandy,2022,-0.0375754430528028,,-1.0,-1.0,GBRT,3,0.0,,7.460713537351751,4.71830645976308,4.680731016710277,1.6,-0.0375754430528028,0.0,2022-06-28 07:00:00
,1656486000.0,sandy,2022,0.0039280506785655,,-999.0,-999.0,GBRT,3,29.10968933354538,,1.8323231735051733,4.71830645976308,4.722234510441646,0.0,0.0039280506785655,0.0,2022-06-29 07:00:00
,1656572400.0,sandy,2022,-0.6578690055146192,,-1.0,-1.0,GBRT,3,0.0,,6.425725286268609,4.71830645976308,4.060437454248461,0.0,-0.6578690055146192,29.10968933354538,2022-06-30 07:00:00
,1656658800.0,sandy,2022,-0.4440803605626547,,-1.0,-1.0,GBRT,3,0.0,,8.481182130641368,4.71830645976308,4.274226099200425,0.0,-0.4440803605626547,0.0,2022-07-01 07:00:00
,1656745200.0,sandy,2022,-0.1831847674961807,,-999.0,-999.0,GBRT,3,31.417759385033595,,9.684100900879589,4.71830645976308,4.535121692266899,0.0,-0.1831847674961807,0.0,2022-07-02 07:00:00
,1656831600.0,sandy,2022,-0.8015231108128015,,-1.0,-1.0,GBRT,3,0.0,,7.875822878948619,4.71830645976308,3.916783348950279,0.0,-0.8015231108128015,31.417759385033595,2022-07-03 07:00:00
,1656918000.0,sandy,2022,-0.5960081203754705,,-1.0,-1.0,GBRT,3,0.0,,8.846129638751195,4.71830645976308,4.122298339387609,0.0,-0.5960081203754705,0.0,2022-07-04 07:00:00
,1657004400.0,sandy,2022,-0.3491573154572174,,-999.0,-999.0,GBRT,3,0.0,,8.353871892123982,4.71830645976308,4.369149144305863,0.0,-0.3491573154572174,0.0,2022-07-05 07:00:00
,1657090800.0,sandy,2022,-0.1267902839855959,,-1.0,-1.0,GBRT,3,0.0,,8.10868026961472,4.71830645976308,4.5915161757774845,0.0,-0.1267902839855959,0.0,2022-07-06 07:00:00
,1657177200.0,sandy,2022,0.0029413233496339,,-1.0,-1.0,GBRT,3,0.0,,5.27960920736311,4.71830645976308,4.721247783112714,11.6,0.0029413233496339,0.0,2022-07-07 07:00:00
,1657263600.0,sandy,2022,0.1052243113573775,,-999.0,-999.0,GBRT,3,25.996587987652973,,7.275206390354677,4.71830645976308,4.823530771120458,0.0,0.1052243113573775,0.0,2022-07-08 07:00:00
,1657350000.0,sandy,2022,-0.6119276174311286,,-1.0,-1.0,GBRT,3,0.0,,7.121172904786319,4.71830645976308,4.106378842331952,0.0,-0.6119276174311286,25.996587987652973,2022-07-09 07:00:00
,1657436400.0,sandy,2022,-0.4057086939912741,,-1.0,-1.0,GBRT,3,0.0,,7.612583271961939,4.71830645976308,4.312597765771806,0.0,-0.4057086939912741,0.0,2022-07-10 07:00:00
,1657522800.0,sandy,2022,-0.1397652909284662,,-999.0,-999.0,GBRT,3,31.523599162811983,,8.472336750464112,4.71830645976308,4.578541168834614,0.0,-0.1397652909284662,0.0,2022-07-11 07:00:00
,1657609200.0,sandy,2022,-0.7831176561264148,,-1.0,-1.0,GBRT,3,0.0,,7.487993037508327,4.71830645976308,3.935188803636665,0.0,-0.7831176561264148,31.523599162811983,2022-07-12 07:00:00
,1657695600.0,sandy,2022,-0.6498914117545506,,-1.0,-1.0,GBRT,3,0.0,,5.439558555641069,4.71830645976308,4.0684150480085295,0.0,-0.6498914117545506,0.0,2022-07-13 07:00:00
,1657782000.0,sandy,2022,-0.365245259903699,,-999.0,-999.0,GBRT,3,0.0,,8.254676604732598,4.71830645976308,4.353061199859381,0.0,-0.365245259903699,0.0,2022-07-14 07:00:00
,1657868400.0,sandy,2022,-0.0615961415311641,,-1.0,-1.0,GBRT,3,0.0,,9.447916516172471,4.71830645976308,4.656710318231916,0.0,-0.0615961415311641,0.0,2022-07-15 07:00:00
,1657954800.0,sandy,2022,0.1624290000969739,,-1.0,-1.0,GBRT,3,0.0,,8.968687582898376,4.71830645976308,4.880735459860055,0.0,0.1624290000969739,0.0,2022-07-16 07:00:00
,1658041200.0,sandy,2022,0.3214668883731949,,-999.0,-999.0,GBRT,3,31.70608696315991,,7.701644419417017,4.71830645976308,5.039773348136275,0.0,0.3214668883731949,0.0,2022-07-17 07:00:00
,1658127600.0,sandy,2022,-0.4759460560456054,,-1.0,-1.0,GBRT,3,0.0,,7.236620092977568,4.71830645976308,4.242360403717475,0.0,-0.4759460560456054,31.70608696315991,2022-07-18 07:00:00
,1658214000.0,sandy,2022,-0.238219188186489,,-1.0,-1.0,GBRT,3,0.0,,7.976539558735554,4.71830645976308,4.480087271576592,0.0,-0.238219188186489,0.0,2022-07-19 07:00:00
,1658300400.0,sandy,2022,0.0524470798551744,,-999.0,-999.0,GBRT,3,33.23854642291689,,9.031637030513592,4.71830645976308,4.770753539618255,0.0,0.0524470798551744,0.0,2022-07-20 07:00:00
,1658386800.0,sandy,2022,-0.6508620267598331,,-1.0,-1.0,GBRT,3,0.0,,8.523521442036436,4.71830645976308,4.067444433003248,0.0,-0.6508620267598331,33.23854642291689,2022-07-21 07:00:00
,1655967600.0,sandy,2022,-0.3034151652091952,,-999.0,-999.0,GBRT,5,42.96403312109696,,5.915965904891959,4.71830645976308,4.414891294553885,0.0,-0.3034151652091952,0.0,2022-06-23 07:00:00
,1656054000.0,sandy,2022,-1.0106511225468364,,-1.0,-1.0,GBRT,5,0.0,,5.717907755951627,4.71830645976308,3.707655337216244,0.0,-1.0106511225468364,42.96403312109696,2022-06-24 07:00:00
,1656140400.0,sandy,2022,-1.0136411783886763,,-1.0,-1.0,GBRT,5,0.0,,9.203948870710636,4.71830645976308,3.704665281374404,0.0,-1.0136411783886763,0.0,2022-06-25 07:00:00
,1656226800.0,sandy,2022,-0.7513828709674004,,-1.0,-1.0,GBRT,5,0.0,,9.569797117975432,4.71830645976308,3.96692358879568,0.0,-0.7513828709674004,0.0,2022-06-26 07:00:00
,1656313200.0,sandy,2022,-0.5003583374417063,,-1.0,-1.0,GBRT,5,0.0,,8.693094774412245,4.71830645976308,4.217948122321374,0.0,-0.5003583374417063,0.0,2022-06-27 07:00:00
,1656399600.0,sandy,2022,-0.2946391568652461,,-999.0,-999.0,GBRT,5,0.0,,7.460713537351751,4.71830645976308,4.423667302897834,1.6,-0.2946391568652461,0.0,2022-06-28 07:00:00
,1656486000.0,sandy,2022,-0.2390644681595644,,-1.0,-1.0,GBRT,5,0.0,,1.8323231735051733,4.71830645976308,4.479241991603516,0.0,-0.2390644681595644,0.0,2022-06-29 07:00:00
,1656572400.0,sandy,2022,-0.0908554562555788,,-1.0,-1.0,GBRT,5,0.0,,6.425725286268609,4.71830645976308,4.627451003507502,0.0,-0.0908554562555788,0.0,2022-06-30 07:00:00
,1656658800.0,sandy,2022,0.0713197127518657,,-1.0,-1.0,GBRT,5,0.0,,8.481182130641368,4.71830645976308,4.789626172514946,0.0,0.0713197127518657,0.0,2022-07-01 07:00:00
,1656745200.0,sandy,2022,0.2304116285385793,,-1.0,-1.0,GBRT,5,0.0,,9.684100900879589,4.71830645976308,4.94871808830166,0.0,0.2304116285385793,0.0,2022-07-02 07:00:00
,1656831600.0,sandy,2022,0.3425362090114249,,-999.0,-999.0,GBRT,5,53.7961124557665,,7.875822878948619,4.71830645976308,5.060842668774505,0.0,0.3425362090114249,0.0,2022-07-03 07:00:00
,1656918000.0,sandy,2022,-0.879433166665732,,-1.0,-1.0,GBRT,5,0.0,,8.846129638751195,4.71830645976308,3.838873293097348,0.0,-0.879433166665732,53.7961124557665,2022-07-04 07:00:00
,1657004400.0,sandy,2022,-0.8101074143092242,,-1.0,-1.0,GBRT,5,0.0,,8.353871892123982,4.71830645976308,3.908199045453856,0.0,-0.8101074143092242,0.0,2022-07-05 07:00:00
,1657090800.0,sandy,2022,-0.5707602346719641,,-1.0,-1.0,GBRT,5,0.0,,8.10868026961472,4.71830645976308,4.147546225091117,0.0,-0.5707602346719641,0.0,2022-07-06 07:00:00
,1657177200.0,sandy,2022,-0.3989065262631348,,-1.0,-1.0,GBRT,5,0.0,,5.27960920736311,4.71830645976308,4.3193999334999456,11.6,-0.3989065262631348,0.0,2022-07-07 07:00:00
,1657263600.0,sandy,2022,-0.2809185553162741,,-999.0,-999.0,GBRT,5,41.99436167351541,,7.275206390354677,4.71830645976308,4.437387904446807,0.0,-0.2809185553162741,0.0,2022-07-08 07:00:00
,1657350000.0,sandy,2022,-1.1324877625843468,,-1.0,-1.0,GBRT,5,0.0,,7.121172904786319,4.71830645976308,3.5858186971787336,0.0,-1.1324877625843468,41.99436167351541,2022-07-09 07:00:00
,1657436400.0,sandy,2022,-1.049707906790287,,-1.0,-1.0,GBRT,5,0.0,,7.612583271961939,4.71830645976308,3.668598552972793,0.0,-1.049707906790287,0.0,2022-07-10 07:00:00
,1657522800.0,sandy,2022,-0.7498490056538455,,-1.0,-1.0,GBRT,5,0.0,,8.472336750464112,4.71830645976308,3.9684574541092346,0.0,-0.7498490056538455,0.0,2022-07-11 07:00:00
,1657609200.0,sandy,2022,-0.4803418645877687,,-1.0,-1.0,GBRT,5,0.0,,7.487993037508327,4.71830645976308,4.237964595175312,0.0,-0.4803418645877687,0.0,2022-07-12 07:00:00
,1657695600.0,sandy,2022,-0.2879949552234298,,-999.0,-999.0,GBRT,5,0.0,,5.439558555641069,4.71830645976308,4.430311504539651,0.0,-0.2879949552234298,0.0,2022-07-13 07:00:00
,1657782000.0,sandy,2022,-0.0529590812301759,,-1.0,-1.0,GBRT,5,0.0,,8.254676604732598,4.71830645976308,4.665347378532904,0.0,-0.0529590812301759,0.0,2022-07-14 07:00:00
,1657868400.0,sandy,2022,0.1680600381844686,,-1.0,-1.0,GBRT,5,0.0,,9.447916516172471,4.71830645976308,4.886366497947549,0.0,0.1680600381844686,0.0,2022-07-15 07:00:00
,1657954800.0,sandy,2022,0.3400314395597711,,-1.0,-1.0,GBRT,5,0.0,,8.968687582898376,4.71830645976308,5.058337899322852,0.0,0.3400314395597711,0.0,2022-07-16 07:00:00
,1658041200.0,sandy,2022,0.4654783993291836,,-1.0,-1.0,GBRT,5,0.0,,7.701644419417017,4.71830645976308,5.183784859092264,0.0,0.4654783993291836,0.0,2022-07-17 07:00:00
,1658127600.0,sandy,2022,0.5701674780243349,,-999.0,-999.0,GBRT,5,52.64959755972412,,7.236620092977568,4.71830645976308,5.288473937787416,0.0,0.5701674780243349,0.0,2022-07-18 07:00:00
,1658214000.0,sandy,2022,-0.7565239827643998,,-1.0,-1.0,GBRT,5,0.0,,7.976539558735554,4.71830645976308,3.961782476998681,0.0,-0.7565239827643998,52.64959755972412,2022-07-19 07:00:00
,1658300400.0,sandy,2022,-0.592636386538561,,-1.0,-1.0,GBRT,5,0.0,,9.031637030513592,4.71830645976308,4.125670073224519,0.0,-0.592636386538561,0.0,2022-07-20 07:00:00
,1658386800.0,sandy,2022,-0.2906483330567225,,-1.0,-1.0,GBRT,5,0.0,,8.523521442036436,4.71830645976308,4.4276581267063575,0.0,-0.2906483330567225,0.0,2022-07-21 07:00:00
,1655967600.0,sandy,2022,-0.3034151652091952,,-999.0,-999.0,GBRT,7,46.90021950225035,,5.915965904891959,4.71830645976308,4.414891294553885,0.0,-0.3034151652091952,0.0,2022-06-23 07:00:00
,1656054000.0,sandy,2022,-1.051338483268044,,-1.0,-1.0,GBRT,7,0.0,,5.717907755951627,4.71830645976308,3.666967976495036,0.0,-1.051338483268044,46.90021950225035,2022-06-24 07:00:00
,1656140400.0,sandy,2022,-1.095617666145001,,-1.0,-1.0,GBRT,7,0.0,,9.203948870710636,4.71830645976308,3.62268879361808,0.0,-1.095617666145001,0.0,2022-06-25 07:00:00
,1656226800.0,sandy,2022,-0.8286920677230554,,-1.0,-1.0,GBRT,7,0.0,,9.569797117975432,4.71830645976308,3.889614392040025,0.0,-0.8286920677230554,0.0,2022-06-26 07:00:00
,1656313200.0,sandy,2022,-0.5699543134532545,,-1.0,-1.0,GBRT,7,0.0,,8.693094774412245,4.71830645976308,4.148352146309826,0.0,-0.5699543134532545,0.0,2022-06-27 07:00:00
,1656399600.0,sandy,2022,-0.3554173975697124,,-1.0,-1.0,GBRT,7,0.0,,7.460713537351751,4.71830645976308,4.362889062193368,1.6,-0.3554173975697124,0.0,2022-06-28 07:00:00
,1656486000.0,sandy,2022,-0.2961805535687583,,-1.0,-1.0,GBRT,7,0.0,,1.8323231735051733,4.71830645976308,4.422125906194322,0.0,-0.2961805535687583,0.0,2022-06-29 07:00:00
,1656572400.0,sandy,2022,-0.1416891020494421,,-999.0,-999.0,GBRT,7,67.766567359095,,6.425725286268609,4.71830645976308,4.576617357713638,0.0,-0.1416891020494421,0.0,2022-06-30 07:00:00
,1656658800.0,sandy,2022,-1.1990705924330134,,-1.0,-1.0,GBRT,7,0.0,,8.481182130641368,4.71830645976308,3.519235867330067,0.0,-1.1990705924330134,67.766567359095,2022-07-01 07:00:00
,1656745200.0,sandy,2022,-1.3328900563764492,,-1.0,-1.0,GBRT,7,0.0,,9.684100900879589,4.71830645976308,3.385416403386631,0.0,-1.3328900563764492,0.0,2022-07-02 07:00:00
,1656831600.0,sandy,2022,-1.087654981668318,,-1.0,-1.0,GBRT,7,0.0,,7.875822878948619,4.71830645976308,3.6306514780947614,0.0,-1.087654981668318,0.0,2022-07-03 07:00:00
,1656918000.0,sandy,2022,-0.782930108835749,,-1.0,-1.0,GBRT,7,0.0,,8.846129638751195,4.71830645976308,3.9353763509273314,0.0,-0.782930108835749,0.0,2022-07-04 07:00:00
,1657004400.0,sandy,2022,-0.4921377902440713,,-1.0,-1.0,GBRT,7,0.0,,8.353871892123982,4.71830645976308,4.226168669519009,0.0,-0.4921377902440713,0.0,2022-07-05 07:00:00
,1657090800.0,sandy,2022,-0.2549899822679615,,-1.0,-1.0,GBRT,7,0.0,,8.10868026961472,4.71830645976308,4.463316477495119,0.0,-0.2549899822679615,0.0,2022-07-06 07:00:00
,1657177200.0,sandy,2022,-0.1216889678526073,,-999.0,-999.0,GBRT,7,56.81852635007801,,5.27960920736311,4.71830645976308,4.5966174919104725,11.6,-0.1216889678526073,0.0,2022-07-07 07:00:00
,1657263600.0,sandy,2022,-1.2824698733493436,,-1.0,-1.0,GBRT,7,0.0,,7.275206390354677,4.71830645976308,3.435836586413737,0.0,-1.2824698733493436,56.81852635007801,2022-07-08 07:00:00
,1657350000.0,sandy,2022,-1.3702252064813552,,-1.0,-1.0,GBRT,7,0.0,,7.121172904786319,4.71830645976308,3.348081253281725,0.0,-1.3702252064813552,0.0,2022-07-09 07:00:00
,1657436400.0,sandy,2022,-1.090840129424028,,-1.0,-1.0,GBRT,7,0.0,,7.612583271961939,4.71830645976308,3.627466330339052,0.0,-1.090840129424028,0.0,2022-07-10 07:00:00
,1657522800.0,sandy,2022,-0.7686626066919926,,-1.0,-1.0,GBRT,7,0.0,,8.472336750464112,4.71830645976308,3.949643853071088,0.0,-0.7686626066919926,0.0,2022-07-11 07:00:00
,1657609200.0,sandy,2022,-0.4898029879275684,,-1.0,-1.0,GBRT,7,0.0,,7.487993037508327,4.71830645976308,4.228503471835512,0.0,-0.4898029879275684,0.0,2022-07-12 07:00:00
,1657695600.0,sandy,2022,-0.3068493321852894,,-1.0,-1.0,GBRT,7,0.0,,5.439558555641069,4.71830645976308,4.411457127577791,0.0,-0.3068493321852894,0.0,2022-07-13 07:00:00
,1657782000.0,sandy,2022,-0.0790798497671542,,-999.0,-999.0,GBRT,7,71.37679796340994,,8.254676604732598,4.71830645976308,4.639226609995926,0.0,-0.0790798497671542,0.0,2022-07-14 07:00:00
,1657868400.0,sandy,2022,-1.200807850196144,,-1.0,-1.0,GBRT,7,0.0,,9.447916516172471,4.71830645976308,3.5174986095669363,0.0,-1.200807850196144,71.37679796340994,2022-07-15 07:00:00
,1657954800.0,sandy,2022,-1.3364704671153855,,-1.0,-1.0,GBRT,7,0.0,,8.968687582898376,4.71830645976308,3.381835992647695,0.0,-1.3364704671153855,0.0,2022-07-16 07:00:00
,1658041200.0,sandy,2022,-1.0598975536799309,,-1.0,-1.0,GBRT,7,0.0,,7.701644419417017,4.71830645976308,3.6584089060831495,0.0,-1.0598975536799309,0.0,2022-07-17 07:00:00
,1658127600.0,sandy,2022,-0.7630583247722652,,-1.0,-1.0,GBRT,7,0.0,,7.236620092977568,4.71830645976308,3.955248134990815,0.0,-0.7630583247722652,0.0,2022-07-18 07:00:00
,1658214000.0,sandy,2022,-0.4357799649478696,,-1.0,-1.0,GBRT,7,0.0,,7.976539558735554,4.71830645976308,4.282526494815211,0.0,-0.4357799649478696,0.0,2022-07-19 07:00:00
,1658300400.0,sandy,2022,-0.138140999446606,,-1.0,-1.0,GBRT,7,0.0,,9.031637030513592,4.71830645976308,4.580165460316474,0.0,-0.138140999446606,0.0,2022-07-20 07:00:00
,1658386800.0,sandy,2022,0.078739609939446,,-999.0,-999.0,GBRT,7,77.0004738596164,,8.523521442036436,4.71830645976308,4.797046069702526,0.0,0.078739609939446,0.0,2022-07-21 07:00:00
,1687503600.0,sandy,2023,-0.5182796207433059,,-999.0,-999.0,GBRT,1,0.0,,6.420277994663035,4.71830645976308,4.200026839019774,0.0,-0.5182796207433059,0.0,2023-06-23 07:00:00
,1687590000.0,sandy,2023,-0.3762523480352107,,-999.0,-999.0,GBRT,1,6.892573272164563,,6.3387606045021405,4.71830645976308,4.34205411172787,0.0,-0.3762523480352107,0.0,2023-06-24 07:00:00
,1687676400.0,sandy,2023,-0.38306150508951,,-999.0,-999.0,GBRT,1,5.791743648893493,,7.077332335884068,4.71830645976308,4.33524495467357,0.0,-0.38306150508951,6.892573272164563,2023-06-25 07:00:00
,1687762800.0,sandy,2023,-0.388985233026678,,-999.0,-999.0,GBRT,1,5.73009114574718,,6.229180911248416,4.71830645976308,4.329321226736402,0.0,-0.388985233026678,5.791743648893493,2023-06-26 07:00:00
,1687849200.0,sandy,2023,-0.3603624431879696,,-999.0,-999.0,GBRT,1,12.0,,7.717627618312005,4.71830645976308,4.357944016575111,0.0,-0.3603624431879696,5.73009114574718,2023-06-27 07:00:00
,1687935600.0,sandy,2023,-0.5011071850395847,,-999.0,-999.0,GBRT,1,5.187988289902981,,8.190146658736474,4.71830645976308,4.217199274723495,0.0,-0.5011071850395847,12.0,2023-06-28 07:00:00
,1688022000.0,sandy,2023,-0.5752978737660657,,-999.0,-999.0,GBRT,1,4.533139512943016,,2.6534944981591777,4.71830645976308,4.143008585997015,0.0,-0.5752978737660657,5.187988289902981,2023-06-29 07:00:00
,1688108400.0,sandy,2023,-0.4937185491182683,,-999.0,-999.0,GBRT,1,5.5730704310689285,,7.811921140444205,4.71830645976308,4.224587910644812,0.0,-0.4937185491182683,4.533139512943016,2023-06-30 07:00:00
,1688194800.0,sandy,2023,-0.5630214984322538,,-999.0,-999.0,GBRT,1,0.0,,2.989408376370308,4.71830645976308,4.1552849613308265,0.0,-0.5630214984322538,5.5730704310689285,2023-07-01 07:00:00
,1688281200.0,sandy,2023,-0.464896561210721,,-999.0,-999.0,GBRT,1,0.0,,3.628606534620321,4.71830645976308,4.253409898552359,0.0,-0.464896561210721,0.0,2023-07-02 07:00:00
,1688367600.0,sandy,2023,-0.2942640923529823,,-999.0,-999.0,GBRT,1,6.0607594726658105,,5.9091258835011,4.71830645976308,4.424042367410098,0.0,-0.2942640923529823,0.0,2023-07-03 07:00:00
,1688454000.0,sandy,2023,-0.2701245164606604,,-999.0,-999.0,GBRT,1,6.187608869903486,,6.621532339824514,4.71830645976308,4.44818194330242,0.0,-0.2701245164606604,6.0607594726658105,2023-07-04 07:00:00
,1688540400.0,sandy,2023,-0.2726479951630686,,-999.0,-999.0,GBRT,1,6.296947614338655,,6.395412175418061,4.71830645976308,4.445658464600012,0.0,-0.2726479951630686,6.187608869903486,2023-07-05 07:00:00
,1688626800.0,sandy,2023,-0.2503500077195841,,-999.0,-999.0,GBRT,1,6.620375392628933,,7.492344925936937,4.71830645976308,4.467956452043496,5.0,-0.2503500077195841,6.296947614338655,2023-07-06 07:00:00
,1688713200.0,sandy,2023,-0.412795410281814,,-999.0,-999.0,GBRT,1,5.4649527454256654,,3.3788724562330463,4.71830645976308,4.305511049481266,0.0,-0.412795410281814,6.620375392628933,2023-07-07 07:00:00
,1688799600.0,sandy,2023,-0.3983167854138028,,-999.0,-999.0,GBRT,1,5.594366470661005,,6.518921569415171,4.71830645976308,4.319989674349277,0.0,-0.3983167854138028,5.4649527454256654,2023-07-08 07:00:00
,1688886000.0,sandy,2023,-0.3473982050170243,,-999.0,-999.0,GBRT,1,5.820151983963766,,7.0675670514600375,4.71830645976308,4.370908254746056,0.0,-0.3473982050170243,5.594366470661005,2023-07-09 07:00:00
,1688972400.0,sandy,2023,-0.3059600084762477,,-999.0,-999.0,GBRT,1,6.386368558820671,,6.961944041187434,4.71830645976308,4.412346451286832,0.0,-0.3059600084762477,5.820151983963766,2023-07-10 07:00:00
,1689058800.0,sandy,2023,-0.2641774167347816,,-999.0,-999.0,GBRT,1,7.093769041852162,,7.523781176422247,4.71830645976308,4.454129043028298,0.0,-0.2641774167347816,6.386368558820671,2023-07-11 07:00:00
,1689145200.0,sandy,2023,-0.2403874741295164,,-999.0,-999.0,GBRT,1,7.446413561178357,,7.806608352298979,4.71830645976308,4.477918985633564,0.0,-0.2403874741295164,7.093769041852162,2023-07-12 07:00:00
,1689231600.0,sandy,2023,-0.2336365781233909,,-999.0,-999.0,GBRT,1,11.646619488715272,,7.714035948667738,4.71830645976308,4.4846698816396895,22.8,-0.2336365781233909,7.446413561178357,2023-07-13 07:00:00
,1689318000.0,sandy,2023,-0.9899494148485942,,-999.0,-999.0,GBRT,1,0.0,,2.9961159428327533,4.71830645976308,3.728357044914486,0.0,-0.9899494148485942,11.646619488715272,2023-07-14 07:00:00
,1689404400.0,sandy,2023,-0.8317085543637603,,-999.0,-999.0,GBRT,1,0.0,,5.390782029334142,4.71830645976308,3.88659790539932,0.0,-0.8317085543637603,0.0,2023-07-15 07:00:00
,1689490800.0,sandy,2023,-0.5523800461411145,,-999.0,-999.0,GBRT,1,0.0,,7.109056997180415,4.71830645976308,4.165926413621966,0.0,-0.5523800461411145,0.0,2023-07-16 07:00:00
,1689577200.0,sandy,2023,-0.3059061960393738,,-999.0,-999.0,GBRT,1,0.0,,6.608581357186508,4.71830645976308,4.412400263723707,0.0,-0.3059061960393738,0.0,2023-07-17 07:00:00
,1689663600.0,sandy,2023,-0.0736989818311684,,-999.0,-999.0,GBRT,1,7.27538396239904,,7.500311698248804,4.71830645976308,4.644607477931912,0.0,-0.0736989818311684,0.0,2023-07-18 07:00:00
,1689750000.0,sandy,2023,-0.0741815243354364,,-999.0,-999.0,GBRT,1,7.223351887426146,,7.063404491828016,4.71830645976308,4.644124935427644,0.0,-0.0741815243354364,7.27538396239904,2023-07-19 07:00:00
,1689836400.0,sandy,2023,-0.0487706398671174,,-999.0,-999.0,GBRT,1,7.640500177276005,,7.949048805371062,4.71830645976308,4.669535819895962,0.0,-0.0487706398671174,7.223351887426146,2023-07-20 07:00:00
,1689922800.0,sandy,2023,-0.0993796068795484,,-999.0,-999.0,GBRT,1,7.219367163914695,,6.202164075023188,4.71830645976308,4.618926852883532,0.0,-0.0993796068795484,7.640500177276005,2023-07-21 07:00:00
,1687503600.0,sandy,2023,-0.5182796207433059,,-999.0,-999.0,GBRT,2,0.0,,6.420277994663035,4.71830645976308,4.200026839019774,0.0,-0.5182796207433059,0.0,2023-06-23 07:00:00
,1687590000.0,sandy,2023,-0.3762523480352107,,-1.0,-1.0,GBRT,2,0.0,,6.3387606045021405,4.71830645976308,4.34205411172787,0.0,-0.3762523480352107,0.0,2023-06-24 07:00:00
,1687676400.0,sandy,2023,-0.2065908953262016,,-999.0,-999.0,GBRT,2,17.14863348795175,,7.077332335884068,4.71830645976308,4.511715564436878,0.0,-0.2065908953262016,0.0,2023-06-25 07:00:00
,1687762800.0,sandy,2023,-0.5321368657854438,,-1.0,-1.0,GBRT,2,0.0,,6.229180911248416,4.71830645976308,4.186169593977636,0.0,-0.5321368657854438,17.14863348795175,2023-06-26 07:00:00
,1687849200.0,sandy,2023,-0.3443324255909969,,-999.0,-999.0,GBRT,2,24.0,,7.717627618312005,4.71830645976308,4.373974034172083,0.0,-0.3443324255909969,0.0,2023-06-27 07:00:00
,1687935600.0,sandy,2023,-0.7850092785701057,,-1.0,-1.0,GBRT,2,0.0,,8.190146658736474,4.71830645976308,3.9332971811929744,0.0,-0.7850092785701057,24.0,2023-06-28 07:00:00
,1688022000.0,sandy,2023,-0.7263141417352382,,-999.0,-999.0,GBRT,2,0.0,,2.6534944981591777,4.71830645976308,3.991992318027842,0.0,-0.7263141417352382,0.0,2023-06-29 07:00:00
,1688108400.0,sandy,2023,-0.5128934484171558,,-1.0,-1.0,GBRT,2,0.0,,7.811921140444205,4.71830645976308,4.205413011345924,0.0,-0.5128934484171558,0.0,2023-06-30 07:00:00
,1688194800.0,sandy,2023,-0.4229864616370004,,-999.0,-999.0,GBRT,2,0.0,,2.989408376370308,4.71830645976308,4.29531999812608,0.0,-0.4229864616370004,0.0,2023-07-01 07:00:00
,1688281200.0,sandy,2023,-0.3162049680145445,,-1.0,-1.0,GBRT,2,0.0,,3.628606534620321,4.71830645976308,4.402101491748535,0.0,-0.3162049680145445,0.0,2023-07-02 07:00:00
,1688367600.0,sandy,2023,-0.163919009863136,,-999.0,-999.0,GBRT,2,24.0,,5.9091258835011,4.71830645976308,4.554387449899944,0.0,-0.163919009863136,0.0,2023-07-03 07:00:00
,1688454000.0,sandy,2023,-0.6653164390025148,,-1.0,-1.0,GBRT,2,0.0,,6.621532339824514,4.71830645976308,4.052990020760565,0.0,-0.6653164390025148,24.0,2023-07-04 07:00:00
,1688540400.0,sandy,2023,-0.4832551002399481,,-999.0,-999.0,GBRT,2,24.0,,6.395412175418061,4.71830645976308,4.2350513595231325,0.0,-0.4832551002399481,0.0,2023-07-05 07:00:00
,1688626800.0,sandy,2023,-0.882303145384569,,-1.0,-1.0,GBRT,2,0.0,,7.492344925936937,4.71830645976308,3.836003314378512,5.0,-0.882303145384569,24.0,2023-07-06 07:00:00
,1688713200.0,sandy,2023,-0.8725084722975486,,-999.0,-999.0,GBRT,2,0.0,,3.3788724562330463,4.71830645976308,3.845797987465532,0.0,-0.8725084722975486,0.0,2023-07-07 07:00:00
,1688799600.0,sandy,2023,-0.6755384994328099,,-1.0,-1.0,GBRT,2,0.0,,6.518921569415171,4.71830645976308,4.042767960330271,0.0,-0.6755384994328099,0.0,2023-07-08 07:00:00
,1688886000.0,sandy,2023,-0.4331391579344961,,-999.0,-999.0,GBRT,2,0.0,,7.0675670514600375,4.71830645976308,4.285167301828584,0.0,-0.4331391579344961,0.0,2023-07-09 07:00:00
,1688972400.0,sandy,2023,-0.2145013354145929,,-1.0,-1.0,GBRT,2,0.0,,6.961944041187434,4.71830645976308,4.503805124348487,0.0,-0.2145013354145929,0.0,2023-07-10 07:00:00
,1689058800.0,sandy,2023,-0.0175758496030855,,-999.0,-999.0,GBRT,2,20.349853872800622,,7.523781176422247,4.71830645976308,4.700730610159995,0.0,-0.0175758496030855,0.0,2023-07-11 07:00:00
,1689145200.0,sandy,2023,-0.4101394995698181,,-1.0,-1.0,GBRT,2,0.0,,7.806608352298979,4.71830645976308,4.308166960193262,0.0,-0.4101394995698181,20.349853872800622,2023-07-12 07:00:00
,1689231600.0,sandy,2023,-0.1838583647605475,,-999.0,-999.0,GBRT,2,24.0,,7.714035948667738,4.71830645976308,4.534448095002532,22.8,-0.1838583647605475,0.0,2023-07-13 07:00:00
,1689318000.0,sandy,2023,-1.1844109992730532,,-1.0,-1.0,GBRT,2,0.0,,2.9961159428327533,4.71830645976308,3.5338954604900272,0.0,-1.1844109992730532,24.0,2023-07-14 07:00:00
,1689404400.0,sandy,2023,-1.0754864951667482,,-999.0,-999.0,GBRT,2,0.0,,5.390782029334142,4.71830645976308,3.642819964596332,0.0,-1.0754864951667482,0.0,2023-07-15 07:00:00
,1689490800.0,sandy,2023,-0.790631145951535,,-1.0,-1.0,GBRT,2,0.0,,7.109056997180415,4.71830645976308,3.927675313811545,0.0,-0.790631145951535,0.0,2023-07-16 07:00:00
,1689577200.0,sandy,2023,-0.5259370186131208,,-999.0,-999.0,GBRT,2,0.0,,6.608581357186508,4.71830645976308,4.19236944114996,0.0,-0.5259370186131208,0.0,2023-07-17 07:00:00
,1689663600.0,sandy,2023,-0.2561758243090012,,-1.0,-1.0,GBRT,2,0.0,,7.500311698248804,4.71830645976308,4.462130635454079,0.0,-0.2561758243090012,0.0,2023-07-18 07:00:00
,1689750000.0,sandy,2023,-0.0541975914335344,,-999.0,-999.0,GBRT,2,20.349853872800622,,7.063404491828016,4.71830645976308,4.664108868329546,0.0,-0.0541975914335344,0.0,2023-07-19 07:00:00
,1689836400.0,sandy,2023,-0.4359719918390045,,-1.0,-1.0,GBRT,2,0.0,,7.949048805371062,4.71830645976308,4.282334467924076,0.0,-0.4359719918390045,20.349853872800622,2023-07-20 07:00:00
,1689922800.0,sandy,2023,-0.2375855164170536,,-999.0,-999.0,GBRT,2,20.349853872800622,,6.202164075023188,4.71830645976308,4.480720943346027,0.0,-0.2375855164170536,0.0,2023-07-21 07:00:00
,1687503600.0,sandy,2023,-0.5182796207433059,,-999.0,-999.0,GBRT,3,0.0,,6.420277994663035,4.71830645976308,4.200026839019774,0.0,-0.5182796207433059,0.0,2023-06-23 07:00:00
,1687590000.0,sandy,2023,-0.3762523480352107,,-1.0,-1.0,GBRT,3,0.0,,6.3387606045021405,4.71830645976308,4.34205411172787,0.0,-0.3762523480352107,0.0,2023-06-24 07:00:00
,1687676400.0,sandy,2023,-0.2065908953262016,,-1.0,-1.0,GBRT,3,0.0,,7.077332335884068,4.71830645976308,4.511715564436878,0.0,-0.2065908953262016,0.0,2023-06-25 07:00:00
,1687762800.0,sandy,2023,-0.0725220238365475,,-999.0,-999.0,GBRT,3,36.0,,6.229180911248416,4.71830645976308,4.645784435926533,0.0,-0.0725220238365475,0.0,2023-06-26 07:00:00
,1687849200.0,sandy,2023,-0.8524025673382465,,-1.0,-1.0,GBRT,3,0.0,,7.717627618312005,4.71830645976308,3.865903892424834,0.0,-0.8524025673382465,36.0,2023-06-27 07:00:00
,1687935600.0,sandy,2023,-0.6879826540035421,,-1.0,-1.0,GBRT,3,0.0,,8.190146658736474,4.71830645976308,4.030323805759538,0.0,-0.6879826540035421,0.0,2023-06-28 07:00:00
,1688022000.0,sandy,2023,-0.6091915336648547,,-999.0,-999.0,GBRT,3,0.0,,2.6534944981591777,4.71830645976308,4.109114926098226,0.0,-0.6091915336648547,0.0,2023-06-29 07:00:00
,1688108400.0,sandy,2023,-0.3936975918937908,,-1.0,-1.0,GBRT,3,0.0,,7.811921140444205,4.71830645976308,4.32460886786929,0.0,-0.3936975918937908,0.0,2023-06-30 07:00:00
,1688194800.0,sandy,2023,-0.3083422771989152,,-1.0,-1.0,GBRT,3,0.0,,2.989408376370308,4.71830645976308,4.409964182564165,0.0,-0.3083422771989152,0.0,2023-07-01 07:00:00
,1688281200.0,sandy,2023,-0.2130458971119078,,-999.0,-999.0,GBRT,3,36.0,,3.628606534620321,4.71830645976308,4.505260562651173,0.0,-0.2130458971119078,0.0,2023-07-02 07:00:00
,1688367600.0,sandy,2023,-0.9651845973022246,,-1.0,-1.0,GBRT,3,0.0,,5.9091258835011,4.71830645976308,3.753121862460856,0.0,-0.9651845973022246,36.0,2023-07-03 07:00:00
,1688454000.0,sandy,2023,-0.8266899553549426,,-1.0,-1.0,GBRT,3,0.0,,6.621532339824514,4.71830645976308,3.8916165044081374,0.0,-0.8266899553549426,0.0,2023-07-04 07:00:00
,1688540400.0,sandy,2023,-0.6265958277831178,,-999.0,-999.0,GBRT,3,0.0,,6.395412175418061,4.71830645976308,4.0917106319799625,0.0,-0.6265958277831178,0.0,2023-07-05 07:00:00
,1688626800.0,sandy,2023,-0.3880094753334469,,-1.0,-1.0,GBRT,3,0.0,,7.492344925936937,4.71830645976308,4.3302969844296335,5.0,-0.3880094753334469,0.0,2023-07-06 07:00:00
,1688713200.0,sandy,2023,-0.3164912532634469,,-1.0,-1.0,GBRT,3,0.0,,3.3788724562330463,4.71830645976308,4.401815206499633,0.0,-0.3164912532634469,0.0,2023-07-07 07:00:00
,1688799600.0,sandy,2023,-0.1615333220101373,,-999.0,-999.0,GBRT,3,32.5921707402893,,6.518921569415171,4.71830645976308,4.556773137752943,0.0,-0.1615333220101373,0.0,2023-07-08 07:00:00
,1688886000.0,sandy,2023,-0.8671385310651823,,-1.0,-1.0,GBRT,3,0.0,,7.0675670514600375,4.71830645976308,3.851167928697898,0.0,-0.8671385310651823,32.5921707402893,2023-07-09 07:00:00
,1688972400.0,sandy,2023,-0.6820066217340652,,-1.0,-1.0,GBRT,3,0.0,,6.961944041187434,4.71830645976308,4.036299838029015,0.0,-0.6820066217340652,0.0,2023-07-10 07:00:00
,1689058800.0,sandy,2023,-0.4280936292829944,,-999.0,-999.0,GBRT,3,0.0,,7.523781176422247,4.71830645976308,4.290212830480086,0.0,-0.4280936292829944,0.0,2023-07-11 07:00:00
,1689145200.0,sandy,2023,-0.1820357828607901,,-1.0,-1.0,GBRT,3,0.0,,7.806608352298979,4.71830645976308,4.53627067690229,0.0,-0.1820357828607901,0.0,2023-07-12 07:00:00
,1689231600.0,sandy,2023,0.0149164231874444,,-1.0,-1.0,GBRT,3,0.0,,7.714035948667738,4.71830645976308,4.733222882950525,22.8,0.0149164231874444,0.0,2023-07-13 07:00:00
,1689318000.0,sandy,2023,-0.326948700475833,,-999.0,-999.0,GBRT,3,32.37780966420648,,2.9961159428327533,4.71830645976308,4.391357759287248,0.0,-0.326948700475833,0.0,2023-07-14 07:00:00
,1689404400.0,sandy,2023,-1.072217656332858,,-1.0,-1.0,GBRT,3,0.0,,5.390782029334142,4.71830645976308,3.646088803430222,0.0,-1.072217656332858,32.37780966420648,2023-07-15 07:00:00
,1689490800.0,sandy,2023,-0.888852478238551,,-1.0,-1.0,GBRT,3,0.0,,7.109056997180415,4.71830645976308,3.829453981524529,0.0,-0.888852478238551,0.0,2023-07-16 07:00:00
,1689577200.0,sandy,2023,-0.6323105753462628,,-999.0,-999.0,GBRT,3,0.0,,6.608581357186508,4.71830645976308,4.085995884416818,0.0,-0.6323105753462628,0.0,2023-07-17 07:00:00
,1689663600.0,sandy,2023,-0.344591071723465,,-1.0,-1.0,GBRT,3,0.0,,7.500311698248804,4.71830645976308,4.373715388039615,0.0,-0.344591071723465,0.0,2023-07-18 07:00:00
,1689750000.0,sandy,2023,-0.1232632543266909,,-1.0,-1.0,GBRT,3,0.0,,7.063404491828016,4.71830645976308,4.595043205436389,0.0,-0.1232632543266909,0.0,2023-07-19 07:00:00
,1689836400.0,sandy,2023,0.0857208987101199,,-999.0,-999.0,GBRT,3,33.04508377647896,,7.949048805371062,4.71830645976308,4.8040273584732,0.0,0.0857208987101199,0.0,2023-07-20 07:00:00
,1689922800.0,sandy,2023,-0.7185837753455323,,-1.0,-1.0,GBRT,3,0.0,,6.202164075023188,4.71830645976308,3.999722684417548,0.0,-0.7185837753455323,33.04508377647896,2023-07-21 07:00:00
,1687503600.0,sandy,2023,-0.5182796207433059,,-999.0,-999.0,GBRT,5,0.0,,6.420277994663035,4.71830645976308,4.200026839019774,0.0,-0.5182796207433059,0.0,2023-06-23 07:00:00
,1687590000.0,sandy,2023,-0.3762523480352107,,-1.0,-1.0,GBRT,5,0.0,,6.3387606045021405,4.71830645976308,4.34205411172787,0.0,-0.3762523480352107,0.0,2023-06-24 07:00:00
,1687676400.0,sandy,2023,-0.2065908953262016,,-1.0,-1.0,GBRT,5,0.0,,7.077332335884068,4.71830645976308,4.511715564436878,0.0,-0.2065908953262016,0.0,2023-06-25 07:00:00
,1687762800.0,sandy,2023,-0.0725220238365475,,-1.0,-1.0,GBRT,5,0.0,,6.229180911248416,4.71830645976308,4.645784435926533,0.0,-0.0725220238365475,0.0,2023-06-26 07:00:00
,1687849200.0,sandy,2023,0.0671090576666042,,-1.0,-1.0,GBRT,5,0.0,,7.717627618312005,4.71830645976308,4.785415517429684,0.0,0.0671090576666042,0.0,2023-06-27 07:00:00
,1687935600.0,sandy,2023,0.1933277087777229,,-999.0,-999.0,GBRT,5,47.15663225916539,,8.190146658736474,4.71830645976308,4.911634168540803,0.0,0.1933277087777229,0.0,2023-06-28 07:00:00
,1688022000.0,sandy,2023,-0.935568623311169,,-1.0,-1.0,GBRT,5,0.0,,2.6534944981591777,4.71830645976308,3.7827378364519113,0.0,-0.935568623311169,47.15663225916539,2023-06-29 07:00:00
,1688108400.0,sandy,2023,-0.860361738613994,,-1.0,-1.0,GBRT,5,0.0,,7.811921140444205,4.71830645976308,3.8579447211490874,0.0,-0.860361738613994,0.0,2023-06-30 07:00:00
,1688194800.0,sandy,2023,-0.7709727667909038,,-1.0,-1.0,GBRT,5,0.0,,2.989408376370308,4.71830645976308,3.947333692972177,0.0,-0.7709727667909038,0.0,2023-07-01 07:00:00
,1688281200.0,sandy,2023,-0.6536155517814244,,-1.0,-1.0,GBRT,5,0.0,,3.628606534620321,4.71830645976308,4.064690907981656,0.0,-0.6536155517814244,0.0,2023-07-02 07:00:00
,1688367600.0,sandy,2023,-0.4633335413973254,,-999.0,-999.0,GBRT,5,0.0,,5.9091258835011,4.71830645976308,4.2549729183657545,0.0,-0.4633335413973254,0.0,2023-07-03 07:00:00
,1688454000.0,sandy,2023,-0.2659909539295087,,-1.0,-1.0,GBRT,5,0.0,,6.621532339824514,4.71830645976308,4.452315505833572,0.0,-0.2659909539295087,0.0,2023-07-04 07:00:00
,1688540400.0,sandy,2023,-0.1078211211104712,,-1.0,-1.0,GBRT,5,0.0,,6.395412175418061,4.71830645976308,4.610485338652609,0.0,-0.1078211211104712,0.0,2023-07-05 07:00:00
,1688626800.0,sandy,2023,0.0532224440474349,,-1.0,-1.0,GBRT,5,0.0,,7.492344925936937,4.71830645976308,4.771528903810515,5.0,0.0532224440474349,0.0,2023-07-06 07:00:00
,1688713200.0,sandy,2023,0.1157773435542788,,-1.0,-1.0,GBRT,5,0.0,,3.3788724562330463,4.71830645976308,4.834083803317359,0.0,0.1157773435542788,0.0,2023-07-07 07:00:00
,1688799600.0,sandy,2023,0.2211186720401758,,-999.0,-999.0,GBRT,5,54.73985075183451,,6.518921569415171,4.71830645976308,4.939425131803256,0.0,0.2211186720401758,0.0,2023-07-08 07:00:00
,1688886000.0,sandy,2023,-0.9879074327494634,,-1.0,-1.0,GBRT,5,0.0,,7.0675670514600375,4.71830645976308,3.730399027013617,0.0,-0.9879074327494634,54.73985075183451,2023-07-09 07:00:00
,1688972400.0,sandy,2023,-0.9800835201671202,,-1.0,-1.0,GBRT,5,0.0,,6.961944041187434,4.71830645976308,3.73822293959596,0.0,-0.9800835201671202,0.0,2023-07-10 07:00:00
,1689058800.0,sandy,2023,-0.7237451020701824,,-1.0,-1.0,GBRT,5,0.0,,7.523781176422247,4.71830645976308,3.994561357692898,0.0,-0.7237451020701824,0.0,2023-07-11 07:00:00
,1689145200.0,sandy,2023,-0.4486483806966119,,-1.0,-1.0,GBRT,5,0.0,,7.806608352298979,4.71830645976308,4.269658079066469,0.0,-0.4486483806966119,0.0,2023-07-12 07:00:00
,1689231600.0,sandy,2023,-0.2000155688362613,,-999.0,-999.0,GBRT,5,53.36827259113126,,7.714035948667738,4.71830645976308,4.518290890926819,22.8,-0.2000155688362613,0.0,2023-07-13 07:00:00
,1689318000.0,sandy,2023,-1.4877374647459287,,-1.0,-1.0,GBRT,5,0.0,,2.9961159428327533,4.71830645976308,3.230568995017152,0.0,-1.4877374647459287,53.36827259113126,2023-07-14 07:00:00
,1689404400.0,sandy,2023,-1.5780558975589771,,-1.0,-1.0,GBRT,5,0.0,,5.390782029334142,4.71830645976308,3.140250562204103,0.0,-1.5780558975589771,0.0,2023-07-15 07:00:00
,1689490800.0,sandy,2023,-1.3533676234258516,,-1.0,-1.0,GBRT,5,0.0,,7.109056997180415,4.71830645976308,3.364938836337229,0.0,-1.3533676234258516,0.0,2023-07-16 07:00:00
,1689577200.0,sandy,2023,-1.0877471087274273,,-1.0,-1.0,GBRT,5,0.0,,6.608581357186508,4.71830645976308,3.630559351035653,0.0,-1.0877471087274273,0.0,2023-07-17 07:00:00
,1689663600.0,sandy,2023,-0.7704079334236793,,-999.0,-999.0,GBRT,5,0.0,,7.500311698248804,4.71830645976308,3.947898526339401,0.0,-0.7704079334236793,0.0,2023-07-18 07:00:00
,1689750000.0,sandy,2023,-0.4782685763727961,,-1.0,-1.0,GBRT,5,0.0,,7.063404491828016,4.71830645976308,4.2400378833902845,0.0,-0.4782685763727961,0.0,2023-07-19 07:00:00
,1689836400.0,sandy,2023,-0.2226243628773117,,-1.0,-1.0,GBRT,5,0.0,,7.949048805371062,4.71830645976308,4.495682096885768,0.0,-0.2226243628773117,0.0,2023-07-20 07:00:00
,1689922800.0,sandy,2023,-0.0611244948635289,,-1.0,-1.0,GBRT,5,0.0,,6.202164075023188,4.71830645976308,4.657181964899551,0.0,-0.0611244948635289,0.0,2023-07-21 07:00:00
,1687503600.0,sandy,2023,-0.5182796207433059,,-999.0,-999.0,GBRT,7,0.0,,6.420277994663035,4.71830645976308,4.200026839019774,0.0,-0.5182796207433059,0.0,2023-06-23 07:00:00
,1687590000.0,sandy,2023,-0.3762523480352107,,-1.0,-1.0,GBRT,7,0.0,,6.3387606045021405,4.71830645976308,4.34205411172787,0.0,-0.3762523480352107,0.0,2023-06-24 07:00:00
,1687676400.0,sandy,2023,-0.2065908953262016,,-1.0,-1.0,GBRT,7,0.0,,7.077332335884068,4.71830645976308,4.511715564436878,0.0,-0.2065908953262016,0.0,2023-06-25 07:00:00
,1687762800.0,sandy,2023,-0.0725220238365475,,-1.0,-1.0,GBRT,7,0.0,,6.229180911248416,4.71830645976308,4.645784435926533,0.0,-0.0725220238365475,0.0,2023-06-26 07:00:00
,1687849200.0,sandy,2023,0.0671090576666042,,-1.0,-1.0,GBRT,7,0.0,,7.717627618312005,4.71830645976308,4.785415517429684,0.0,0.0671090576666042,0.0,2023-06-27 07:00:00
,1687935600.0,sandy,2023,0.1933277087777229,,-1.0,-1.0,GBRT,7,0.0,,8.190146658736474,4.71830645976308,4.911634168540803,0.0,0.1933277087777229,0.0,2023-06-28 07:00:00
,1688022000.0,sandy,2023,0.2291584833599527,,-1.0,-1.0,GBRT,7,0.0,,2.6534944981591777,4.71830645976308,4.947464943123033,0.0,0.2291584833599527,0.0,2023-06-29 07:00:00
,1688108400.0,sandy,2023,0.3335085529666218,,-999.0,-999.0,GBRT,7,84.0,,7.811921140444205,4.71830645976308,5.051815012729702,0.0,0.3335085529666218,0.0,2023-06-30 07:00:00
,1688194800.0,sandy,2023,-1.085633799841083,,-1.0,-1.0,GBRT,7,0.0,,2.989408376370308,4.71830645976308,3.632672659921997,0.0,-1.085633799841083,84.0,2023-07-01 07:00:00
,1688281200.0,sandy,2023,-1.4931242324542269,,-1.0,-1.0,GBRT,7,0.0,,3.628606534620321,4.71830645976308,3.2251822273088537,0.0,-1.4931242324542269,0.0,2023-07-02 07:00:00
,1688367600.0,sandy,2023,-1.387583614037731,,-1.0,-1.0,GBRT,7,0.0,,5.9091258835011,4.71830645976308,3.330722845725349,0.0,-1.387583614037731,0.0,2023-07-03 07:00:00
,1688454000.0,sandy,2023,-1.134298923753594,,-1.0,-1.0,GBRT,7,0.0,,6.621532339824514,4.71830645976308,3.5840075360094863,0.0,-1.134298923753594,0.0,2023-07-04 07:00:00
,1688540400.0,sandy,2023,-0.8996788705907489,,-1.0,-1.0,GBRT,7,0.0,,6.395412175418061,4.71830645976308,3.818627589172331,0.0,-0.8996788705907489,0.0,2023-07-05 07:00:00
,1688626800.0,sandy,2023,-0.6268120770523729,,-1.0,-1.0,GBRT,7,0.0,,7.492344925936937,4.71830645976308,4.091494382710708,5.0,-0.6268120770523729,0.0,2023-07-06 07:00:00
,1688713200.0,sandy,2023,-0.5418495651911159,,-999.0,-999.0,GBRT,7,0.0,,3.3788724562330463,4.71830645976308,4.176456894571964,0.0,-0.5418495651911159,0.0,2023-07-07 07:00:00
,1688799600.0,sandy,2023,-0.3640063724814297,,-1.0,-1.0,GBRT,7,0.0,,6.518921569415171,4.71830645976308,4.354300087281651,0.0,-0.3640063724814297,0.0,2023-07-08 07:00:00
,1688886000.0,sandy,2023,-0.1798238945514113,,-1.0,-1.0,GBRT,7,0.0,,7.0675670514600375,4.71830645976308,4.538482565211669,0.0,-0.1798238945514113,0.0,2023-07-09 07:00:00
,1688972400.0,sandy,2023,-0.0211262639320993,,-1.0,-1.0,GBRT,7,0.0,,6.961944041187434,4.71830645976308,4.697180195830981,0.0,-0.0211262639320993,0.0,2023-07-10 07:00:00
,1689058800.0,sandy,2023,0.132966269030556,,-1.0,-1.0,GBRT,7,0.0,,7.523781176422247,4.71830645976308,4.851272728793636,0.0,0.132966269030556,0.0,2023-07-11 07:00:00
,1689145200.0,sandy,2023,0.2725230642441748,,-1.0,-1.0,GBRT,7,0.0,,7.806608352298979,4.71830645976308,4.990829524007255,0.0,0.2725230642441748,0.0,2023-07-12 07:00:00
,1689231600.0,sandy,2023,0.3932433744171922,,-1.0,-1.0,GBRT,7,0.0,,7.714035948667738,4.71830645976308,5.1115498341802725,22.8,0.3932433744171922,0.0,2023-07-13 07:00:00
,1689318000.0,sandy,2023,0.0794897168304875,,-999.0,-999.0,GBRT,7,54.83194134036433,,2.9961159428327533,4.71830645976308,4.797796176593568,0.0,0.0794897168304875,0.0,2023-07-14 07:00:00
,1689404400.0,sandy,2023,-1.1964544563242625,,-1.0,-1.0,GBRT,7,0.0,,5.390782029334142,4.71830645976308,3.5218520034388177,0.0,-1.1964544563242625,54.83194134036433,2023-07-15 07:00:00
,1689490800.0,sandy,2023,-1.1939461722885267,,-1.0,-1.0,GBRT,7,0.0,,7.109056997180415,4.71830645976308,3.5243602874745537,0.0,-1.1939461722885267,0.0,2023-07-16 07:00:00
,1689577200.0,sandy,2023,-0.930098442832756,,-1.0,-1.0,GBRT,7,0.0,,6.608581357186508,4.71830645976308,3.788208016930324,0.0,-0.930098442832756,0.0,2023-07-17 07:00:00
,1689663600.0,sandy,2023,-0.6233160761924351,,-1.0,-1.0,GBRT,7,0.0,,7.500311698248804,4.71830645976308,4.094990383570646,0.0,-0.6233160761924351,0.0,2023-07-18 07:00:00
,1689750000.0,sandy,2023,-0.3525398694554568,,-1.0,-1.0,GBRT,7,0.0,,7.063404491828016,4.71830645976308,4.365766590307623,0.0,-0.3525398694554568,0.0,2023-07-19 07:00:00
,1689836400.0,sandy,2023,-0.1078044691174238,,-1.0,-1.0,GBRT,7,0.0,,7.949048805371062,4.71830645976308,4.610501990645656,0.0,-0.1078044691174238,0.0,2023-07-20 07:00:00
,1689922800.0,sandy,2023,0.0475673638580614,,-999.0,-999.0,GBRT,7,71.47389407125273,,6.202164075023188,4.71830645976308,4.765873823621142,0.0,0.0475673638580614,0.0,2023-07-21 07:00:00
,1719126000.0,sandy,2024,-0.6661195040992536,,-999.0,-999.0,GBRT,1,0.0,,1.6632265501860408,4.71830645976308,4.052186955663827,1.7999999999999998,-0.6661195040992536,0.0,2024-06-23 07:00:00
,1719212400.0,sandy,2024,-0.7534247343760541,,-999.0,-999.0,GBRT,1,0.0,,1.5856569477409397,4.71830645976308,3.964881725387026,5.8,-0.7534247343760541,0.0,2024-06-24 07:00:00
,1719298800.0,sandy,2024,-0.8197174026101838,,-999.0,-999.0,GBRT,1,0.0,,1.643019943771474,4.71830645976308,3.898589057152897,12.6,-0.8197174026101838,0.0,2024-06-25 07:00:00
,1719385200.0,sandy,2024,-0.9340528238009618,,-999.0,-999.0,GBRT,1,0.0,,3.7360647761286776,4.71830645976308,3.784253635962119,1.0,-0.9340528238009618,0.0,2024-06-26 07:00:00
,1719471600.0,sandy,2024,-0.910323674887486,,-999.0,-999.0,GBRT,1,0.0,,3.283058105037508,4.71830645976308,3.8079827848755934,0.0,-0.910323674887486,0.0,2024-06-27 07:00:00
,1719558000.0,sandy,2024,-0.6595301110247399,,-999.0,-999.0,GBRT,1,0.0,,8.105450401178516,4.71830645976308,4.05877634873834,0.0,-0.6595301110247399,0.0,2024-06-28 07:00:00
,1719644400.0,sandy,2024,-0.452282082029348,,-999.0,-999.0,GBRT,1,0.0,,6.855392222915658,4.71830645976308,4.266024377733732,0.0,-0.452282082029348,0.0,2024-06-29 07:00:00
,1719730800.0,sandy,2024,-0.2852475080969843,,-999.0,-999.0,GBRT,1,0.0,,6.275478723242181,4.71830645976308,4.433058951666096,0.0,-0.2852475080969843,0.0,2024-06-30 07:00:00
,1719817200.0,sandy,2024,-0.0877885670606165,,-999.0,-999.0,GBRT,1,7.27219051733909,,9.008052630760128,4.71830645976308,4.630517892702464,0.0,-0.0877885670606165,0.0,2024-07-01 07:00:00
,1719903600.0,sandy,2024,-0.1303895766884512,,-999.0,-999.0,GBRT,1,8.117665723719716,,6.40343719338403,4.71830645976308,4.587916883074629,0.0,-0.1303895766884512,7.27219051733909,2024-07-02 07:00:00
,1719990000.0,sandy,2024,-0.2077153361038184,,-999.0,-999.0,GBRT,1,5.062400515192369,,6.828302846826217,4.71830645976308,4.510591123659262,0.0,-0.2077153361038184,8.117665723719716,2024-07-03 07:00:00
,1720076400.0,sandy,2024,-0.2705308685572494,,-999.0,-999.0,GBRT,1,5.029517094385288,,3.501203041998366,4.71830645976308,4.447775591205831,0.0,-0.2705308685572494,5.062400515192369,2024-07-04 07:00:00
,1720162800.0,sandy,2024,-0.3034130604143635,,-999.0,-999.0,GBRT,1,5.4649527454256654,,4.110755932356144,4.71830645976308,4.414893399348717,0.0,-0.3034130604143635,5.029517094385288,2024-07-05 07:00:00
,1720249200.0,sandy,2024,-0.2498329815820646,,-999.0,-999.0,GBRT,1,6.102529017301266,,7.570021332731803,4.71830645976308,4.468473478181016,0.0,-0.2498329815820646,5.4649527454256654,2024-07-06 07:00:00
,1720335600.0,sandy,2024,-0.2032157457596114,,-999.0,-999.0,GBRT,1,7.046790461673323,,8.236770338981968,4.71830645976308,4.515090714003469,0.0,-0.2032157457596114,6.102529017301266,2024-07-07 07:00:00
,1720422000.0,sandy,2024,-0.3112764740120592,,-999.0,-999.0,GBRT,1,6.192308811734039,,3.5751601774979624,4.71830645976308,4.407029985751021,0.0,-0.3112764740120592,7.046790461673323,2024-07-08 07:00:00
,1720508400.0,sandy,2024,-0.3146622812156074,,-999.0,-999.0,GBRT,1,6.4407317008335685,,6.021523561190189,4.71830645976308,4.403644178547473,1.0,-0.3146622812156074,6.192308811734039,2024-07-09 07:00:00
,1720594800.0,sandy,2024,-0.3192488059748261,,-999.0,-999.0,GBRT,1,6.475417131556469,,6.408995121084742,4.71830645976308,4.399057653788254,0.0,-0.3192488059748261,6.4407317008335685,2024-07-10 07:00:00
,1720681200.0,sandy,2024,-0.289201170876876,,-999.0,-999.0,GBRT,1,7.093769041852162,,7.100145056634385,4.71830645976308,4.429105288886205,0.0,-0.289201170876876,6.475417131556469,2024-07-11 07:00:00
,1720767600.0,sandy,2024,-0.2377997346457673,,-999.0,-999.0,GBRT,1,7.376183772156026,,8.417233027045325,4.71830645976308,4.480506725117313,0.0,-0.2377997346457673,7.093769041852162,2024-07-12 07:00:00
,1720854000.0,sandy,2024,-0.1673647081678166,,-999.0,-999.0,GBRT,1,7.376183772156026,,9.478835789843243,4.71830645976308,4.550941751595263,0.0,-0.1673647081678166,7.376183772156026,2024-07-13 07:00:00
,1720940400.0,sandy,2024,-0.132112294853525,,-999.0,-999.0,GBRT,1,7.376183772156026,,8.65408688020589,4.71830645976308,4.586194164909555,0.0,-0.132112294853525,7.376183772156026,2024-07-14 07:00:00
,1721026800.0,sandy,2024,-0.1169296401861154,,-999.0,-999.0,GBRT,1,7.376183772156026,,8.038553013013921,4.71830645976308,4.601376819576965,0.0,-0.1169296401861154,7.376183772156026,2024-07-15 07:00:00
,1721113200.0,sandy,2024,-0.100272133737077,,-999.0,-999.0,GBRT,1,7.376183772156026,,8.079175888672749,4.71830645976308,4.618034326026003,0.0,-0.100272133737077,7.376183772156026,2024-07-16 07:00:00
,1721199600.0,sandy,2024,-0.0273146940376065,,-999.0,-999.0,GBRT,1,7.439991966157071,,9.89638188136864,4.71830645976308,4.690991765725474,0.0,-0.0273146940376065,7.376183772156026,2024-07-17 07:00:00
,1721286000.0,sandy,2024,0.0047685334320701,,-999.0,-999.0,GBRT,1,7.439991966157071,,8.856197692783795,4.71830645976308,4.723074993195151,0.0,0.0047685334320701,7.439991966157071,2024-07-18 07:00:00
,1721372400.0,sandy,2024,0.0211040696334252,,-999.0,-999.0,GBRT,1,7.439991966157071,,8.59349226880255,4.71830645976308,4.739410529396506,0.0,0.0211040696334252,7.439991966157071,2024-07-19 07:00:00
,1721458800.0,sandy,2024,-0.0206927290347508,,-999.0,-999.0,GBRT,1,7.439991966157071,,6.5994601364997925,4.71830645976308,4.697613730728329,0.0,-0.0206927290347508,7.439991966157071,2024-07-20 07:00:00
,1721545200.0,sandy,2024,-0.0647372690921574,,-999.0,-999.0,GBRT,1,7.510221755179401,,6.35886520949269,4.71830645976308,4.653569190670923,0.0,-0.0647372690921574,7.439991966157071,2024-07-21 07:00:00
,1719126000.0,sandy,2024,-0.6661195040992536,,-999.0,-999.0,GBRT,2,0.0,,1.6632265501860408,4.71830645976308,4.052186955663827,1.7999999999999998,-0.6661195040992536,0.0,2024-06-23 07:00:00
,1719212400.0,sandy,2024,-0.7534247343760541,,-1.0,-1.0,GBRT,2,0.0,,1.5856569477409397,4.71830645976308,3.964881725387026,5.8,-0.7534247343760541,0.0,2024-06-24 07:00:00
,1719298800.0,sandy,2024,-0.8197174026101838,,-999.0,-999.0,GBRT,2,0.0,,1.643019943771474,4.71830645976308,3.898589057152897,12.6,-0.8197174026101838,0.0,2024-06-25 07:00:00
,1719385200.0,sandy,2024,-0.9340528238009618,,-1.0,-1.0,GBRT,2,0.0,,3.7360647761286776,4.71830645976308,3.784253635962119,1.0,-0.9340528238009618,0.0,2024-06-26 07:00:00
,1719471600.0,sandy,2024,-0.910323674887486,,-999.0,-999.0,GBRT,2,0.0,,3.283058105037508,4.71830645976308,3.8079827848755934,0.0,-0.910323674887486,0.0,2024-06-27 07:00:00
,1719558000.0,sandy,2024,-0.6595301110247399,,-1.0,-1.0,GBRT,2,0.0,,8.105450401178516,4.71830645976308,4.05877634873834,0.0,-0.6595301110247399,0.0,2024-06-28 07:00:00
,1719644400.0,sandy,2024,-0.452282082029348,,-999.0,-999.0,GBRT,2,0.0,,6.855392222915658,4.71830645976308,4.266024377733732,0.0,-0.452282082029348,0.0,2024-06-29 07:00:00
,1719730800.0,sandy,2024,-0.2852475080969843,,-1.0,-1.0,GBRT,2,0.0,,6.275478723242181,4.71830645976308,4.433058951666096,0.0,-0.2852475080969843,0.0,2024-06-30 07:00:00
,1719817200.0,sandy,2024,-0.0877885670606165,,-999.0,-999.0,GBRT,2,24.0,,9.008052630760128,4.71830645976308,4.630517892702464,0.0,-0.0877885670606165,0.0,2024-07-01 07:00:00
,1719903600.0,sandy,2024,-0.619185664388962,,-1.0,-1.0,GBRT,2,0.0,,6.40343719338403,4.71830645976308,4.099120795374118,0.0,-0.619185664388962,24.0,2024-07-02 07:00:00
,1719990000.0,sandy,2024,-0.4395919982951318,,-999.0,-999.0,GBRT,2,14.968702792340649,,6.828302846826217,4.71830645976308,4.278714461467948,0.0,-0.4395919982951318,0.0,2024-07-03 07:00:00
,1720076400.0,sandy,2024,-0.7449803939806025,,-1.0,-1.0,GBRT,2,0.0,,3.501203041998366,4.71830645976308,3.973326065782478,0.0,-0.7449803939806025,14.968702792340649,2024-07-04 07:00:00
,1720162800.0,sandy,2024,-0.6158187057351984,,-999.0,-999.0,GBRT,2,0.0,,4.110755932356144,4.71830645976308,4.102487754027882,0.0,-0.6158187057351984,0.0,2024-07-05 07:00:00
,1720249200.0,sandy,2024,-0.3768671031888612,,-1.0,-1.0,GBRT,2,0.0,,7.570021332731803,4.71830645976308,4.341439356574219,0.0,-0.3768671031888612,0.0,2024-07-06 07:00:00
,1720335600.0,sandy,2024,-0.1493310259131633,,-999.0,-999.0,GBRT,2,21.371271451612824,,8.236770338981968,4.71830645976308,4.568975433849917,0.0,-0.1493310259131633,0.0,2024-07-07 07:00:00
,1720422000.0,sandy,2024,-0.655759489719285,,-1.0,-1.0,GBRT,2,0.0,,3.5751601774979624,4.71830645976308,4.062546970043795,0.0,-0.655759489719285,21.371271451612824,2024-07-08 07:00:00
,1720508400.0,sandy,2024,-0.47014323027888,,-999.0,-999.0,GBRT,2,20.349853872800622,,6.021523561190189,4.71830645976308,4.2481632294842,1.0,-0.47014323027888,0.0,2024-07-09 07:00:00
,1720594800.0,sandy,2024,-0.8232760985253262,,-1.0,-1.0,GBRT,2,0.0,,6.408995121084742,4.71830645976308,3.895030361237754,0.0,-0.8232760985253262,20.349853872800622,2024-07-10 07:00:00
,1720681200.0,sandy,2024,-0.6002541193386058,,-999.0,-999.0,GBRT,2,0.0,,7.100145056634385,4.71830645976308,4.118052340424474,0.0,-0.6002541193386058,0.0,2024-07-11 07:00:00
,1720767600.0,sandy,2024,-0.3149792046649097,,-1.0,-1.0,GBRT,2,0.0,,8.417233027045325,4.71830645976308,4.40332725509817,0.0,-0.3149792046649097,0.0,2024-07-12 07:00:00
,1720854000.0,sandy,2024,-0.0362813387305413,,-999.0,-999.0,GBRT,2,20.349853872800622,,9.478835789843243,4.71830645976308,4.682025121032539,0.0,-0.0362813387305413,0.0,2024-07-13 07:00:00
,1720940400.0,sandy,2024,-0.4017586115166874,,-1.0,-1.0,GBRT,2,0.0,,8.65408688020589,4.71830645976308,4.316547848246393,0.0,-0.4017586115166874,20.349853872800622,2024-07-14 07:00:00
,1721026800.0,sandy,2024,-0.1566290341843863,,-999.0,-999.0,GBRT,2,20.349853872800622,,8.038553013013921,4.71830645976308,4.561677425578694,0.0,-0.1566290341843863,0.0,2024-07-15 07:00:00
,1721113200.0,sandy,2024,-0.5050999415155787,,-1.0,-1.0,GBRT,2,0.0,,8.079175888672749,4.71830645976308,4.213206518247501,0.0,-0.5050999415155787,20.349853872800622,2024-07-16 07:00:00
,1721199600.0,sandy,2024,-0.1885623936135486,,-999.0,-999.0,GBRT,2,20.349853872800622,,9.89638188136864,4.71830645976308,4.529744066149532,0.0,-0.1885623936135486,0.0,2024-07-17 07:00:00
,1721286000.0,sandy,2024,-0.5000863030764836,,-1.0,-1.0,GBRT,2,0.0,,8.856197692783795,4.71830645976308,4.218220156686597,0.0,-0.5000863030764836,20.349853872800622,2024-07-18 07:00:00
,1721372400.0,sandy,2024,-0.2277975623759172,,-999.0,-999.0,GBRT,2,20.349853872800622,,8.59349226880255,4.71830645976308,4.490508897387163,0.0,-0.2277975623759172,0.0,2024-07-19 07:00:00
,1721458800.0,sandy,2024,-0.5937335270823323,,-1.0,-1.0,GBRT,2,0.0,,6.5994601364997925,4.71830645976308,4.124572932680748,0.0,-0.5937335270823323,20.349853872800622,2024-07-20 07:00:00
,1721545200.0,sandy,2024,-0.3957336894530721,,-999.0,-999.0,GBRT,2,23.59970148431452,,6.35886520949269,4.71830645976308,4.322572770310008,0.0,-0.3957336894530721,0.0,2024-07-21 07:00:00
,1719126000.0,sandy,2024,-0.6661195040992536,,-999.0,-999.0,GBRT,3,0.0,,1.6632265501860408,4.71830645976308,4.052186955663827,1.7999999999999998,-0.6661195040992536,0.0,2024-06-23 07:00:00
,1719212400.0,sandy,2024,-0.7534247343760541,,-1.0,-1.0,GBRT,3,0.0,,1.5856569477409397,4.71830645976308,3.964881725387026,5.8,-0.7534247343760541,0.0,2024-06-24 07:00:00
,1719298800.0,sandy,2024,-0.8197174026101838,,-1.0,-1.0,GBRT,3,0.0,,1.643019943771474,4.71830645976308,3.898589057152897,12.6,-0.8197174026101838,0.0,2024-06-25 07:00:00
,1719385200.0,sandy,2024,-0.9340528238009618,,-999.0,-999.0,GBRT,3,0.0,,3.7360647761286776,4.71830645976308,3.784253635962119,1.0,-0.9340528238009618,0.0,2024-06-26 07:00:00
,1719471600.0,sandy,2024,-0.910323674887486,,-1.0,-1.0,GBRT,3,0.0,,3.283058105037508,4.71830645976308,3.8079827848755934,0.0,-0.910323674887486,0.0,2024-06-27 07:00:00
,1719558000.0,sandy,2024,-0.6595301110247399,,-1.0,-1.0,GBRT,3,0.0,,8.105450401178516,4.71830645976308,4.05877634873834,0.0,-0.6595301110247399,0.0,2024-06-28 07:00:00
,1719644400.0,sandy,2024,-0.452282082029348,,-999.0,-999.0,GBRT,3,0.0,,6.855392222915658,4.71830645976308,4.266024377733732,0.0,-0.452282082029348,0.0,2024-06-29 07:00:00
,1719730800.0,sandy,2024,-0.2852475080969843,,-1.0,-1.0,GBRT,3,0.0,,6.275478723242181,4.71830645976308,4.433058951666096,0.0,-0.2852475080969843,0.0,2024-06-30 07:00:00
,1719817200.0,sandy,2024,-0.0877885670606165,,-1.0,-1.0,GBRT,3,0.0,,9.008052630760128,4.71830645976308,4.630517892702464,0.0,-0.0877885670606165,0.0,2024-07-01 07:00:00
,1719903600.0,sandy,2024,0.0319915229283233,,-999.0,-999.0,GBRT,3,28.09466081689592,,6.40343719338403,4.71830645976308,4.750297982691404,0.0,0.0319915229283233,0.0,2024-07-02 07:00:00
,1719990000.0,sandy,2024,-0.636065030547825,,-1.0,-1.0,GBRT,3,0.0,,6.828302846826217,4.71830645976308,4.082241429215255,0.0,-0.636065030547825,28.09466081689592,2024-07-03 07:00:00
,1720076400.0,sandy,2024,-0.5448731704917977,,-1.0,-1.0,GBRT,3,0.0,,3.501203041998366,4.71830645976308,4.173433289271283,0.0,-0.5448731704917977,0.0,2024-07-04 07:00:00
,1720162800.0,sandy,2024,-0.4107740381568627,,-999.0,-999.0,GBRT,3,22.61169655168577,,4.110755932356144,4.71830645976308,4.307532421606218,0.0,-0.4107740381568627,0.0,2024-07-05 07:00:00
,1720249200.0,sandy,2024,-0.8013312540671869,,-1.0,-1.0,GBRT,3,0.0,,7.570021332731803,4.71830645976308,3.9169752056958935,0.0,-0.8013312540671869,22.61169655168577,2024-07-06 07:00:00
,1720335600.0,sandy,2024,-0.563623780385143,,-1.0,-1.0,GBRT,3,0.0,,8.236770338981968,4.71830645976308,4.154682679377937,0.0,-0.563623780385143,0.0,2024-07-07 07:00:00
,1720422000.0,sandy,2024,-0.443421824702127,,-999.0,-999.0,GBRT,3,0.0,,3.5751601774979624,4.71830645976308,4.274884635060953,0.0,-0.443421824702127,0.0,2024-07-08 07:00:00
,1720508400.0,sandy,2024,-0.2505598084162153,,-1.0,-1.0,GBRT,3,0.0,,6.021523561190189,4.71830645976308,4.467746651346865,1.0,-0.2505598084162153,0.0,2024-07-09 07:00:00
,1720594800.0,sandy,2024,-0.0770350094262215,,-1.0,-1.0,GBRT,3,0.0,,6.408995121084742,4.71830645976308,4.641271450336859,0.0,-0.0770350094262215,0.0,2024-07-10 07:00:00
,1720681200.0,sandy,2024,0.0901552047210498,,-999.0,-999.0,GBRT,3,30.6501521056581,,7.100145056634385,4.71830645976308,4.80846166448413,0.0,0.0901552047210498,0.0,2024-07-11 07:00:00
,1720767600.0,sandy,2024,-0.6006070923541955,,-1.0,-1.0,GBRT,3,0.0,,8.417233027045325,4.71830645976308,4.117699367408885,0.0,-0.6006070923541955,30.6501521056581,2024-07-12 07:00:00
,1720854000.0,sandy,2024,-0.3142045907676044,,-1.0,-1.0,GBRT,3,0.0,,9.478835789843243,4.71830645976308,4.404101868995475,0.0,-0.3142045907676044,0.0,2024-07-13 07:00:00
,1720940400.0,sandy,2024,-0.0428220439250441,,-999.0,-999.0,GBRT,3,30.60947658781703,,8.65408688020589,4.71830645976308,4.675484415838036,0.0,-0.0428220439250441,0.0,2024-07-14 07:00:00
,1721026800.0,sandy,2024,-0.680786215013808,,-1.0,-1.0,GBRT,3,0.0,,8.038553013013921,4.71830645976308,4.037520244749272,0.0,-0.680786215013808,30.60947658781703,2024-07-15 07:00:00
,1721113200.0,sandy,2024,-0.4478268130844953,,-1.0,-1.0,GBRT,3,0.0,,8.079175888672749,4.71830645976308,4.270479646678585,0.0,-0.4478268130844953,0.0,2024-07-16 07:00:00
,1721199600.0,sandy,2024,-0.1146646282959736,,-999.0,-999.0,GBRT,3,30.96849638207007,,9.89638188136864,4.71830645976308,4.603641831467106,0.0,-0.1146646282959736,0.0,2024-07-17 07:00:00
,1721286000.0,sandy,2024,-0.710643134899315,,-1.0,-1.0,GBRT,3,0.0,,8.856197692783795,4.71830645976308,4.007663324863765,0.0,-0.710643134899315,30.96849638207007,2024-07-18 07:00:00
,1721372400.0,sandy,2024,-0.4607708309011453,,-1.0,-1.0,GBRT,3,0.0,,8.59349226880255,4.71830645976308,4.257535628861935,0.0,-0.4607708309011453,0.0,2024-07-19 07:00:00
,1721458800.0,sandy,2024,-0.2351336157395848,,-999.0,-999.0,GBRT,3,35.72278515283194,,6.5994601364997925,4.71830645976308,4.483172844023495,0.0,-0.2351336157395848,0.0,2024-07-20 07:00:00
,1721545200.0,sandy,2024,-0.9184461998632254,,-1.0,-1.0,GBRT,3,0.0,,6.35886520949269,4.71830645976308,3.799860259899855,0.0,-0.9184461998632254,35.72278515283194,2024-07-21 07:00:00
,1719126000.0,sandy,2024,-0.6661195040992536,,-999.0,-999.0,GBRT,5,0.0,,1.6632265501860408,4.71830645976308,4.052186955663827,1.7999999999999998,-0.6661195040992536,0.0,2024-06-23 07:00:00
,1719212400.0,sandy,2024,-0.7534247343760541,,-1.0,-1.0,GBRT,5,0.0,,1.5856569477409397,4.71830645976308,3.964881725387026,5.8,-0.7534247343760541,0.0,2024-06-24 07:00:00
,1719298800.0,sandy,2024,-0.8197174026101838,,-1.0,-1.0,GBRT,5,0.0,,1.643019943771474,4.71830645976308,3.898589057152897,12.6,-0.8197174026101838,0.0,2024-06-25 07:00:00
,1719385200.0,sandy,2024,-0.9340528238009618,,-1.0,-1.0,GBRT,5,0.0,,3.7360647761286776,4.71830645976308,3.784253635962119,1.0,-0.9340528238009618,0.0,2024-06-26 07:00:00
,1719471600.0,sandy,2024,-0.910323674887486,,-1.0,-1.0,GBRT,5,0.0,,3.283058105037508,4.71830645976308,3.8079827848755934,0.0,-0.910323674887486,0.0,2024-06-27 07:00:00
,1719558000.0,sandy,2024,-0.6595301110247399,,-999.0,-999.0,GBRT,5,0.0,,8.105450401178516,4.71830645976308,4.05877634873834,0.0,-0.6595301110247399,0.0,2024-06-28 07:00:00
,1719644400.0,sandy,2024,-0.452282082029348,,-1.0,-1.0,GBRT,5,0.0,,6.855392222915658,4.71830645976308,4.266024377733732,0.0,-0.452282082029348,0.0,2024-06-29 07:00:00
,1719730800.0,sandy,2024,-0.2852475080969843,,-1.0,-1.0,GBRT,5,0.0,,6.275478723242181,4.71830645976308,4.433058951666096,0.0,-0.2852475080969843,0.0,2024-06-30 07:00:00
,1719817200.0,sandy,2024,-0.0877885670606165,,-1.0,-1.0,GBRT,5,0.0,,9.008052630760128,4.71830645976308,4.630517892702464,0.0,-0.0877885670606165,0.0,2024-07-01 07:00:00
,1719903600.0,sandy,2024,0.0319915229283233,,-1.0,-1.0,GBRT,5,0.0,,6.40343719338403,4.71830645976308,4.750297982691404,0.0,0.0319915229283233,0.0,2024-07-02 07:00:00
,1719990000.0,sandy,2024,0.1441699232310911,,-999.0,-999.0,GBRT,5,48.00741863197112,,6.828302846826217,4.71830645976308,4.862476382994172,0.0,0.1441699232310911,0.0,2024-07-03 07:00:00
,1720076400.0,sandy,2024,-1.002616708810529,,-1.0,-1.0,GBRT,5,0.0,,3.501203041998366,4.71830645976308,3.715689750952552,0.0,-1.002616708810529,48.00741863197112,2024-07-04 07:00:00
,1720162800.0,sandy,2024,-0.9989099753299202,,-1.0,-1.0,GBRT,5,0.0,,4.110755932356144,4.71830645976308,3.71939648443316,0.0,-0.9989099753299202,0.0,2024-07-05 07:00:00
,1720249200.0,sandy,2024,-0.7501673159670736,,-1.0,-1.0,GBRT,5,0.0,,7.570021332731803,4.71830645976308,3.9681391437960074,0.0,-0.7501673159670736,0.0,2024-07-06 07:00:00
,1720335600.0,sandy,2024,-0.4798176905153207,,-1.0,-1.0,GBRT,5,0.0,,8.236770338981968,4.71830645976308,4.23848876924776,0.0,-0.4798176905153207,0.0,2024-07-07 07:00:00
,1720422000.0,sandy,2024,-0.3578274412231808,,-999.0,-999.0,GBRT,5,0.0,,3.5751601774979624,4.71830645976308,4.360479018539899,0.0,-0.3578274412231808,0.0,2024-07-08 07:00:00
,1720508400.0,sandy,2024,-0.1813357593124482,,-1.0,-1.0,GBRT,5,0.0,,6.021523561190189,4.71830645976308,4.536970700450632,1.0,-0.1813357593124482,0.0,2024-07-09 07:00:00
,1720594800.0,sandy,2024,-0.020569456006799,,-1.0,-1.0,GBRT,5,0.0,,6.408995121084742,4.71830645976308,4.697737003756282,0.0,-0.020569456006799,0.0,2024-07-10 07:00:00
,1720681200.0,sandy,2024,0.1346516892682744,,-1.0,-1.0,GBRT,5,0.0,,7.100145056634385,4.71830645976308,4.8529581490313545,0.0,0.1346516892682744,0.0,2024-07-11 07:00:00
,1720767600.0,sandy,2024,0.2945510444629466,,-1.0,-1.0,GBRT,5,0.0,,8.417233027045325,4.71830645976308,5.012857504226027,0.0,0.2945510444629466,0.0,2024-07-12 07:00:00
,1720854000.0,sandy,2024,0.4505737446478043,,-999.0,-999.0,GBRT,5,49.66866548729811,,9.478835789843243,4.71830645976308,5.168880204410884,0.0,0.4505737446478043,0.0,2024-07-13 07:00:00
,1720940400.0,sandy,2024,-0.7709959371922486,,-1.0,-1.0,GBRT,5,0.0,,8.65408688020589,4.71830645976308,3.947310522570832,0.0,-0.7709959371922486,49.66866548729811,2024-07-14 07:00:00
,1721026800.0,sandy,2024,-0.6294822512933863,,-1.0,-1.0,GBRT,5,0.0,,8.038553013013921,4.71830645976308,4.088824208469694,0.0,-0.6294822512933863,0.0,2024-07-15 07:00:00
,1721113200.0,sandy,2024,-0.3521577942556381,,-1.0,-1.0,GBRT,5,0.0,,8.079175888672749,4.71830645976308,4.366148665507442,0.0,-0.3521577942556381,0.0,2024-07-16 07:00:00
,1721199600.0,sandy,2024,-0.0355855945957497,,-1.0,-1.0,GBRT,5,0.0,,9.89638188136864,4.71830645976308,4.68272086516733,0.0,-0.0355855945957497,0.0,2024-07-17 07:00:00
,1721286000.0,sandy,2024,0.1827115143115511,,-999.0,-999.0,GBRT,5,54.49521296575355,,8.856197692783795,4.71830645976308,4.901017974074631,0.0,0.1827115143115511,0.0,2024-07-18 07:00:00
,1721372400.0,sandy,2024,-0.9299956959757748,,-1.0,-1.0,GBRT,5,0.0,,8.59349226880255,4.71830645976308,3.7883107637873055,0.0,-0.9299956959757748,54.49521296575355,2024-07-19 07:00:00
,1721458800.0,sandy,2024,-0.9379167334655192,,-1.0,-1.0,GBRT,5,0.0,,6.5994601364997925,4.71830645976308,3.7803897262975608,0.0,-0.9379167334655192,0.0,2024-07-20 07:00:00
,1721545200.0,sandy,2024,-0.7122499190875451,,-1.0,-1.0,GBRT,5,0.0,,6.35886520949269,4.71830645976308,4.006056540675536,0.0,-0.7122499190875451,0.0,2024-07-21 07:00:00
,1719126000.0,sandy,2024,-0.6661195040992536,,-999.0,-999.0,GBRT,7,0.0,,1.6632265501860408,4.71830645976308,4.052186955663827,1.7999999999999998,-0.6661195040992536,0.0,2024-06-23 07:00:00
,1719212400.0,sandy,2024,-0.7534247343760541,,-1.0,-1.0,GBRT,7,0.0,,1.5856569477409397,4.71830645976308,3.964881725387026,5.8,-0.7534247343760541,0.0,2024-06-24 07:00:00
,1719298800.0,sandy,2024,-0.8197174026101838,,-1.0,-1.0,GBRT,7,0.0,,1.643019943771474,4.71830645976308,3.898589057152897,12.6,-0.8197174026101838,0.0,2024-06-25 07:00:00
,1719385200.0,sandy,2024,-0.9340528238009618,,-1.0,-1.0,GBRT,7,0.0,,3.7360647761286776,4.71830645976308,3.784253635962119,1.0,-0.9340528238009618,0.0,2024-06-26 07:00:00
,1719471600.0,sandy,2024,-0.910323674887486,,-1.0,-1.0,GBRT,7,0.0,,3.283058105037508,4.71830645976308,3.8079827848755934,0.0,-0.910323674887486,0.0,2024-06-27 07:00:00
,1719558000.0,sandy,2024,-0.6595301110247399,,-1.0,-1.0,GBRT,7,0.0,,8.105450401178516,4.71830645976308,4.05877634873834,0.0,-0.6595301110247399,0.0,2024-06-28 07:00:00
,1719644400.0,sandy,2024,-0.452282082029348,,-1.0,-1.0,GBRT,7,0.0,,6.855392222915658,4.71830645976308,4.266024377733732,0.0,-0.452282082029348,0.0,2024-06-29 07:00:00
,1719730800.0,sandy,2024,-0.2852475080969843,,-999.0,-999.0,GBRT,7,0.0,,6.275478723242181,4.71830645976308,4.433058951666096,0.0,-0.2852475080969843,0.0,2024-06-30 07:00:00
,1719817200.0,sandy,2024,-0.0877885670606165,,-1.0,-1.0,GBRT,7,0.0,,9.008052630760128,4.71830645976308,4.630517892702464,0.0,-0.0877885670606165,0.0,2024-07-01 07:00:00
,1719903600.0,sandy,2024,0.0319915229283233,,-1.0,-1.0,GBRT,7,0.0,,6.40343719338403,4.71830645976308,4.750297982691404,0.0,0.0319915229283233,0.0,2024-07-02 07:00:00
,1719990000.0,sandy,2024,0.1441699232310911,,-1.0,-1.0,GBRT,7,0.0,,6.828302846826217,4.71830645976308,4.862476382994172,0.0,0.1441699232310911,0.0,2024-07-03 07:00:00
,1720076400.0,sandy,2024,0.1978033630914435,,-1.0,-1.0,GBRT,7,0.0,,3.501203041998366,4.71830645976308,4.916109822854524,0.0,0.1978033630914435,0.0,2024-07-04 07:00:00
,1720162800.0,sandy,2024,0.2642897269142976,,-1.0,-1.0,GBRT,7,0.0,,4.110755932356144,4.71830645976308,4.982596186677378,0.0,0.2642897269142976,0.0,2024-07-05 07:00:00
,1720249200.0,sandy,2024,0.3779346375009706,,-1.0,-1.0,GBRT,7,0.0,,7.570021332731803,4.71830645976308,5.096241097264051,0.0,0.3779346375009706,0.0,2024-07-06 07:00:00
,1720335600.0,sandy,2024,0.4868384612295356,,-999.0,-999.0,GBRT,7,80.34778120025186,,8.236770338981968,4.71830645976308,5.205144920992616,0.0,0.4868384612295356,0.0,2024-07-07 07:00:00
,1720422000.0,sandy,2024,-1.0427018146015783,,-1.0,-1.0,GBRT,7,0.0,,3.5751601774979624,4.71830645976308,3.675604645161502,0.0,-1.0427018146015783,80.34778120025186,2024-07-08 07:00:00
,1720508400.0,sandy,2024,-1.3695521606997492,,-1.0,-1.0,GBRT,7,0.0,,6.021523561190189,4.71830645976308,3.348754299063331,1.0,-1.3695521606997492,0.0,2024-07-09 07:00:00
,1720594800.0,sandy,2024,-1.2070015198919302,,-1.0,-1.0,GBRT,7,0.0,,6.408995121084742,4.71830645976308,3.51130493987115,0.0,-1.2070015198919302,0.0,2024-07-10 07:00:00
,1720681200.0,sandy,2024,-0.9243683305313822,,-1.0,-1.0,GBRT,7,0.0,,7.100145056634385,4.71830645976308,3.793938129231698,0.0,-0.9243683305313822,0.0,2024-07-11 07:00:00
,1720767600.0,sandy,2024,-0.5929082559672344,,-1.0,-1.0,GBRT,7,0.0,,8.417233027045325,4.71830645976308,4.125398203795846,0.0,-0.5929082559672344,0.0,2024-07-12 07:00:00
,1720854000.0,sandy,2024,-0.2575608030815532,,-1.0,-1.0,GBRT,7,0.0,,9.478835789843243,4.71830645976308,4.460745656681527,0.0,-0.2575608030815532,0.0,2024-07-13 07:00:00
,1720940400.0,sandy,2024,-0.030202185614326,,-999.0,-999.0,GBRT,7,74.17981959469363,,8.65408688020589,4.71830645976308,4.688104274148754,0.0,-0.030202185614326,0.0,2024-07-14 07:00:00
,1721026800.0,sandy,2024,-1.1966689110381916,,-1.0,-1.0,GBRT,7,0.0,,8.038553013013921,4.71830645976308,3.5216375487248888,0.0,-1.1966689110381916,74.17981959469363,2024-07-15 07:00:00
,1721113200.0,sandy,2024,-1.390192491817842,,-1.0,-1.0,GBRT,7,0.0,,8.079175888672749,4.71830645976308,3.3281139679452383,0.0,-1.390192491817842,0.0,2024-07-16 07:00:00
,1721199600.0,sandy,2024,-1.0481306481177155,,-1.0,-1.0,GBRT,7,0.0,,9.89638188136864,4.71830645976308,3.6701758116453647,0.0,-1.0481306481177155,0.0,2024-07-17 07:00:00
,1721286000.0,sandy,2024,-0.6843028696351865,,-1.0,-1.0,GBRT,7,0.0,,8.856197692783795,4.71830645976308,4.034003590127893,0.0,-0.6843028696351865,0.0,2024-07-18 07:00:00
,1721372400.0,sandy,2024,-0.3483458939417091,,-1.0,-1.0,GBRT,7,0.0,,8.59349226880255,4.71830645976308,4.369960565821371,0.0,-0.3483458939417091,0.0,2024-07-19 07:00:00
,1721458800.0,sandy,2024,-0.1474434281994396,,-1.0,-1.0,GBRT,7,0.0,,6.5994601364997925,4.71830645976308,4.570863031563641,0.0,-0.1474434281994396,0.0,2024-07-20 07:00:00
,1721545200.0,sandy,2024,0.0150567663370469,,-999.0,-999.0,GBRT,7,84.0,,6.35886520949269,4.71830645976308,4.733363226100127,0.0,0.0150567663370469,0.0,2024-07-21 07:00:00
