"date","fieldName","sectorName","yy","value"
"2020-05-07 00:00:00","Fondo ERRANO","T0",-60,-18.7506179975863
"2020-05-07 00:00:00","Fondo ERRANO","T0",-20,-23.9173928942136
"2020-05-08 00:00:00","Fondo ERRANO","T0",-60,-18.8260332743228
"2020-05-08 00:00:00","Fondo ERRANO","T0",-20,-27.42156277557
"2020-05-09 00:00:00","Fondo ERRANO","T0",-60,-18.8835807676687
"2020-05-09 00:00:00","Fondo ERRANO","T0",-20,-35.5253697403734
"2020-05-10 00:00:00","Fondo ERRANO","T0",-60,-18.8741374857409
"2020-05-10 00:00:00","Fondo ERRANO","T0",-20,-48.8476907385227
"2020-05-11 00:00:00","Fondo ERRANO","T0",-60,-18.8988344935136
"2020-05-11 00:00:00","Fondo ERRANO","T0",-20,-64.8527430391546
"2020-05-12 00:00:00","Fondo ERRANO","T0",-20,-83.6067860495812
"2020-05-12 00:00:00","Fondo ERRANO","T0",-60,-19.2027175685812
"2020-05-13 00:00:00","Fondo ERRANO","T0",-60,-19.4873353689469
"2020-05-13 00:00:00","Fondo ERRANO","T0",-20,-99.3537770161406
"2020-05-14 00:00:00","Fondo ERRANO","T0",-20,-102.634077050888
"2020-05-14 00:00:00","Fondo ERRANO","T0",-60,-19.9307447198156
"2020-05-15 00:00:00","Fondo ERRANO","T0",-20,-100.737222011039
"2020-05-15 00:00:00","Fondo ERRANO","T0",-60,-20.5262039502797
"2020-05-16 00:00:00","Fondo ERRANO","T0",-20,-98.4225083272079
"2020-05-16 00:00:00","Fondo ERRANO","T0",-60,-21.7856721543141
"2020-05-17 00:00:00","Fondo ERRANO","T0",-20,-94.9057679306813
"2020-05-17 00:00:00","Fondo ERRANO","T0",-60,-24.6384858960422
"2020-05-18 00:00:00","Fondo ERRANO","T0",-20,-92.3070031686938
"2020-05-18 00:00:00","Fondo ERRANO","T0",-60,-31.2404234328422
"2020-05-19 00:00:00","Fondo ERRANO","T0",-60,-37.0062819512625
"2020-05-19 00:00:00","Fondo ERRANO","T0",-20,-89.8551915574594
"2020-05-20 00:00:00","Fondo ERRANO","T0",-60,-33.2194534766531
"2020-05-20 00:00:00","Fondo ERRANO","T0",-20,-92.9455964645438
"2020-05-21 00:00:00","Fondo ERRANO","T0",-20,-98.7451364452735
"2020-05-21 00:00:00","Fondo ERRANO","T0",-60,-52.9623273172078
"2020-05-22 00:00:00","Fondo ERRANO","T0",-20,-107.827900692356
"2020-05-22 00:00:00","Fondo ERRANO","T0",-60,-91.3234931080828
"2020-05-23 00:00:00","Fondo ERRANO","T0",-60,-142.241481047958
"2020-05-23 00:00:00","Fondo ERRANO","T0",-20,-115.077658812647
"2020-05-24 00:00:00","Fondo ERRANO","T0",-20,-127.206988152145
"2020-05-24 00:00:00","Fondo ERRANO","T0",-60,-185.933122653933
"2020-05-25 00:00:00","Fondo ERRANO","T0",-20,-147.721300986711
"2020-05-25 00:00:00","Fondo ERRANO","T0",-60,-237.458007246981
"2020-05-26 00:00:00","Fondo ERRANO","T0",-20,-163.057606099341
"2020-05-26 00:00:00","Fondo ERRANO","T0",-60,-283.566949175034
"2020-05-27 00:00:00","Fondo ERRANO","T0",-60,-329.540081015142
"2020-05-27 00:00:00","Fondo ERRANO","T0",-20,-186.80613891187
"2020-05-28 00:00:00","Fondo ERRANO","T0",-60,-397.4158249959
"2020-05-28 00:00:00","Fondo ERRANO","T0",-20,-200.657185881016
"2020-05-29 00:00:00","Fondo ERRANO","T0",-20,-180.541219923258
"2020-05-29 00:00:00","Fondo ERRANO","T0",-60,-61.262022268584
"2020-05-30 00:00:00","Fondo ERRANO","T0",-20,-159.225619503852
"2020-05-30 00:00:00","Fondo ERRANO","T0",-60,-49.6864241362907
"2020-05-31 00:00:00","Fondo ERRANO","T0",-20,-152.334570760866
"2020-05-31 00:00:00","Fondo ERRANO","T0",-60,-152.009025042686
"2020-06-01 00:00:00","Fondo ERRANO","T0",-20,-172.099026742678
"2020-06-01 00:00:00","Fondo ERRANO","T0",-60,-317.554174553451
"2020-06-02 00:00:00","Fondo ERRANO","T0",-60,-397.771939314155
"2020-06-02 00:00:00","Fondo ERRANO","T0",-20,-185.540782751181
"2020-06-03 00:00:00","Fondo ERRANO","T0",-60,-463.903380480801
"2020-06-03 00:00:00","Fondo ERRANO","T0",-20,-245.250640544812
"2020-06-04 00:00:00","Fondo ERRANO","T0",-60,-448.141950274777
"2020-06-04 00:00:00","Fondo ERRANO","T0",-20,-276.879852006872
"2020-06-05 00:00:00","Fondo ERRANO","T0",-20,-200.399031553259
"2020-06-05 00:00:00","Fondo ERRANO","T0",-60,-302.525878347768
"2020-06-06 00:00:00","Fondo ERRANO","T0",-20,-218.222168323347
"2020-06-06 00:00:00","Fondo ERRANO","T0",-60,-448.635817127189
"2020-06-07 00:00:00","Fondo ERRANO","T0",-20,-259.506093541711
"2020-06-07 00:00:00","Fondo ERRANO","T0",-60,-501.179833580362
"2020-06-08 00:00:00","Fondo ERRANO","T0",-20,-186.324432445144
"2020-06-08 00:00:00","Fondo ERRANO","T0",-60,-369.200816128663
"2020-06-09 00:00:00","Fondo ERRANO","T0",-20,-139.976951378339
"2020-06-09 00:00:00","Fondo ERRANO","T0",-60,-318.981330011482
"2020-06-10 00:00:00","Fondo ERRANO","T0",-20,-150.826956768618
"2020-06-10 00:00:00","Fondo ERRANO","T0",-60,-485.418549647359
"2020-06-11 00:00:00","Fondo ERRANO","T0",-20,-271.492115207723
"2020-06-11 00:00:00","Fondo ERRANO","T0",-60,-498.982728035351
"2020-06-12 00:00:00","Fondo ERRANO","T0",-20,-386.631557438702
"2020-06-12 00:00:00","Fondo ERRANO","T0",-60,-551.882496046785
"2020-06-13 00:00:00","Fondo ERRANO","T0",-20,-395.397934299817
"2020-06-13 00:00:00","Fondo ERRANO","T0",-60,-543.98629412741
"2020-06-14 00:00:00","Fondo ERRANO","T0",-20,-210.489161316874
"2020-06-14 00:00:00","Fondo ERRANO","T0",-60,-377.888752835426
"2020-06-15 00:00:00","Fondo ERRANO","T0",-60,-381.644110207874
"2020-06-15 00:00:00","Fondo ERRANO","T0",-20,-198.275723002632
"2020-06-16 00:00:00","Fondo ERRANO","T0",-60,-147.167645277839
"2020-06-16 00:00:00","Fondo ERRANO","T0",-20,-133.41216500387
"2020-06-17 00:00:00","Fondo ERRANO","T0",-20,-138.063567340826
"2020-06-17 00:00:00","Fondo ERRANO","T0",-60,-310.104072863936
"2020-06-18 00:00:00","Fondo ERRANO","T0",-20,-140.363447157618
"2020-06-18 00:00:00","Fondo ERRANO","T0",-60,-366.494807422934
"2020-06-19 00:00:00","Fondo ERRANO","T0",-60,-393.990452895358
"2020-06-19 00:00:00","Fondo ERRANO","T0",-20,-148.207986033665
"2020-06-20 00:00:00","Fondo ERRANO","T0",-60,-403.286958207005
"2020-06-20 00:00:00","Fondo ERRANO","T0",-20,-151.493499274055
"2020-06-21 00:00:00","Fondo ERRANO","T0",-20,-153.444439620511
"2020-06-21 00:00:00","Fondo ERRANO","T0",-60,-401.663805155311
"2020-06-22 00:00:00","Fondo ERRANO","T0",-20,-151.954125334282
"2020-06-22 00:00:00","Fondo ERRANO","T0",-60,-408.415385780439
"2020-06-23 00:00:00","Fondo ERRANO","T0",-60,-419.953597520386
"2020-06-23 00:00:00","Fondo ERRANO","T0",-20,-156.753044371317
"2020-06-24 00:00:00","Fondo ERRANO","T0",-20,-159.199449231902
"2020-06-24 00:00:00","Fondo ERRANO","T0",-60,-416.408881255178
"2020-06-25 00:00:00","Fondo ERRANO","T0",-20,-161.0421808716
"2020-06-25 00:00:00","Fondo ERRANO","T0",-60,-413.609122814405
"2020-06-26 00:00:00","Fondo ERRANO","T0",-60,-415.657930229258
"2020-06-26 00:00:00","Fondo ERRANO","T0",-20,-164.495079029443
"2020-06-27 00:00:00","Fondo ERRANO","T0",-60,-424.243218364341
"2020-06-27 00:00:00","Fondo ERRANO","T0",-20,-167.449004374242
"2020-06-28 00:00:00","Fondo ERRANO","T0",-60,-415.117165128745
"2020-06-28 00:00:00","Fondo ERRANO","T0",-20,-176.775236774677
"2020-06-29 00:00:00","Fondo ERRANO","T0",-20,-181.306824910269
"2020-06-29 00:00:00","Fondo ERRANO","T0",-60,-416.469590180642
"2020-06-30 00:00:00","Fondo ERRANO","T0",-20,-188.489405230767
"2020-06-30 00:00:00","Fondo ERRANO","T0",-60,-422.642934878306
"2020-07-01 00:00:00","Fondo ERRANO","T0",-60,-422.782151238669
"2020-07-01 00:00:00","Fondo ERRANO","T0",-20,-197.783220565813
"2020-07-02 00:00:00","Fondo ERRANO","T0",-20,-214.786013402253
"2020-07-02 00:00:00","Fondo ERRANO","T0",-60,-425.536781894187
"2020-07-03 00:00:00","Fondo ERRANO","T0",-20,-219.480020052117
"2020-07-03 00:00:00","Fondo ERRANO","T0",-60,-441.216375285982
"2020-07-04 00:00:00","Fondo ERRANO","T0",-20,-222.609697222711
"2020-07-04 00:00:00","Fondo ERRANO","T0",-60,-440.063526478818
"2020-07-05 00:00:00","Fondo ERRANO","T0",-60,-419.294001061683
"2020-07-05 00:00:00","Fondo ERRANO","T0",-20,-229.38390325228
"2020-07-06 00:00:00","Fondo ERRANO","T0",-20,-236.107717002061
"2020-07-06 00:00:00","Fondo ERRANO","T0",-60,-429.282686052664
"2020-07-07 00:00:00","Fondo ERRANO","T0",-20,-241.099981365864
"2020-07-07 00:00:00","Fondo ERRANO","T0",-60,-428.206772437521
"2020-07-08 00:00:00","Fondo ERRANO","T0",-60,-428.622855146395
"2020-07-08 00:00:00","Fondo ERRANO","T0",-20,-254.983071650504
"2020-07-09 00:00:00","Fondo ERRANO","T0",-20,-260.735296820614
"2020-07-09 00:00:00","Fondo ERRANO","T0",-60,-442.149232677135
"2020-07-10 00:00:00","Fondo ERRANO","T0",-20,-265.871391125755
"2020-07-10 00:00:00","Fondo ERRANO","T0",-60,-456.289073600057
"2020-07-11 00:00:00","Fondo ERRANO","T0",-60,-451.031976848798
"2020-07-11 00:00:00","Fondo ERRANO","T0",-20,-268.032001047338
"2020-07-12 00:00:00","Fondo ERRANO","T0",-60,-424.578716380908
"2020-07-12 00:00:00","Fondo ERRANO","T0",-20,-273.691680375802
"2020-07-13 00:00:00","Fondo ERRANO","T0",-20,-296.586792654759
"2020-07-13 00:00:00","Fondo ERRANO","T0",-60,-440.634247580274
"2020-07-14 00:00:00","Fondo ERRANO","T0",-60,-461.903876970136
"2020-07-14 00:00:00","Fondo ERRANO","T0",-20,-310.026885742509
"2020-07-15 00:00:00","Fondo ERRANO","T0",-20,-317.210190585436
"2020-07-15 00:00:00","Fondo ERRANO","T0",-60,-470.543318643947
"2020-07-16 00:00:00","Fondo ERRANO","T0",-60,-469.375374933189
"2020-07-16 00:00:00","Fondo ERRANO","T0",-20,-321.733551612431
"2020-07-17 00:00:00","Fondo ERRANO","T0",-20,-323.412637638281
"2020-07-17 00:00:00","Fondo ERRANO","T0",-60,-463.99567332945
"2020-07-18 00:00:00","Fondo ERRANO","T0",-60,-381.407307030427
"2020-07-18 00:00:00","Fondo ERRANO","T0",-20,-328.792090070123
"2020-07-19 00:00:00","Fondo ERRANO","T0",-20,-347.453158599155
"2020-07-19 00:00:00","Fondo ERRANO","T0",-60,-439.385744869837
"2020-07-20 00:00:00","Fondo ERRANO","T0",-20,-383.207144783737
"2020-07-20 00:00:00","Fondo ERRANO","T0",-60,-462.62866665278
"2020-07-21 00:00:00","Fondo ERRANO","T0",-20,-455.537185360519
"2020-07-21 00:00:00","Fondo ERRANO","T0",-60,-468.846031450894
"2020-07-22 00:00:00","Fondo ERRANO","T0",-20,-529.173054009201
"2020-07-22 00:00:00","Fondo ERRANO","T0",-60,-476.004680995842
"2020-07-23 00:00:00","Fondo ERRANO","T0",-60,-473.136268108074
"2020-07-23 00:00:00","Fondo ERRANO","T0",-20,-549.615203434152
"2020-07-24 00:00:00","Fondo ERRANO","T0",-60,-294.793407920311
"2020-07-24 00:00:00","Fondo ERRANO","T0",-20,-529.601648662898
"2020-07-25 00:00:00","Fondo ERRANO","T0",-20,-513.293588565244
"2020-07-25 00:00:00","Fondo ERRANO","T0",-60,-322.750573148939
"2020-07-26 00:00:00","Fondo ERRANO","T0",-20,-635.004577311544
"2020-07-26 00:00:00","Fondo ERRANO","T0",-60,-463.660407183108
"2020-07-27 00:00:00","Fondo ERRANO","T0",-60,-521.139169932281
"2020-07-27 00:00:00","Fondo ERRANO","T0",-20,-685.64888288355
"2020-07-28 00:00:00","Fondo ERRANO","T0",-60,-595.073387749997
"2020-07-28 00:00:00","Fondo ERRANO","T0",-20,-719.06319332925
"2020-07-29 00:00:00","Fondo ERRANO","T0",-20,-743.06966413636
"2020-07-29 00:00:00","Fondo ERRANO","T0",-60,-648.866311373778
"2020-07-30 00:00:00","Fondo ERRANO","T0",-20,-740.885014927083
"2020-07-30 00:00:00","Fondo ERRANO","T0",-60,-680.021291916792
"2020-07-31 00:00:00","Fondo ERRANO","T0",-20,-702.967678128276
"2020-07-31 00:00:00","Fondo ERRANO","T0",-60,-555.691654364264
"2020-08-01 00:00:00","Fondo ERRANO","T0",-60,-521.476255598327
"2020-08-01 00:00:00","Fondo ERRANO","T0",-20,-671.615421010849
"2020-08-02 00:00:00","Fondo ERRANO","T0",-60,-671.048511068803
"2020-08-02 00:00:00","Fondo ERRANO","T0",-20,-718.279027318233
"2020-08-03 00:00:00","Fondo ERRANO","T0",-60,-698.562378679568
"2020-08-03 00:00:00","Fondo ERRANO","T0",-20,-708.498371933502
"2020-08-04 00:00:00","Fondo ERRANO","T0",-60,-465.64270091596
"2020-08-04 00:00:00","Fondo ERRANO","T0",-20,-518.63813588713
"2020-08-05 00:00:00","Fondo ERRANO","T0",-60,-272.417624963385
"2020-08-05 00:00:00","Fondo ERRANO","T0",-20,-358.665318331495
"2020-08-06 00:00:00","Fondo ERRANO","T0",-60,-398.977764786203
"2020-08-06 00:00:00","Fondo ERRANO","T0",-20,-329.782031107781
"2020-08-07 00:00:00","Fondo ERRANO","T0",-60,-620.6031434685
"2020-08-07 00:00:00","Fondo ERRANO","T0",-20,-322.592656956186
"2020-08-08 00:00:00","Fondo ERRANO","T0",-60,-792.831201068923
"2020-08-08 00:00:00","Fondo ERRANO","T0",-20,-567.776066654487
"2020-08-09 00:00:00","Fondo ERRANO","T0",-60,-853.133241026433
"2020-08-09 00:00:00","Fondo ERRANO","T0",-20,-711.294070153612
"2020-08-10 00:00:00","Fondo ERRANO","T0",-20,-691.188174568135
"2020-08-10 00:00:00","Fondo ERRANO","T0",-60,-838.89547035479
"2020-08-11 00:00:00","Fondo ERRANO","T0",-60,-847.345222384309
"2020-08-11 00:00:00","Fondo ERRANO","T0",-20,-629.604138392473
"2020-08-12 00:00:00","Fondo ERRANO","T0",-20,-535.490968355355
"2020-08-12 00:00:00","Fondo ERRANO","T0",-60,-864.812266760775
"2020-08-13 00:00:00","Fondo ERRANO","T0",-20,-442.736793816385
"2020-08-13 00:00:00","Fondo ERRANO","T0",-60,-843.752732234213
"2020-08-14 00:00:00","Fondo ERRANO","T0",-20,-418.173270754205
"2020-08-14 00:00:00","Fondo ERRANO","T0",-60,-847.671918115795
"2020-08-15 00:00:00","Fondo ERRANO","T0",-60,-818.111126181094
"2020-08-15 00:00:00","Fondo ERRANO","T0",-20,-388.027614201197
"2020-08-16 00:00:00","Fondo ERRANO","T0",-20,-336.220210621444
"2020-08-16 00:00:00","Fondo ERRANO","T0",-60,-782.095481094511
"2020-08-17 00:00:00","Fondo ERRANO","T0",-20,-321.871194627084
"2020-08-17 00:00:00","Fondo ERRANO","T0",-60,-715.499549795564
"2020-08-18 00:00:00","Fondo ERRANO","T0",-20,-187.469848264814
"2020-08-18 00:00:00","Fondo ERRANO","T0",-60,-406.617108109139
"2020-08-19 00:00:00","Fondo ERRANO","T0",-20,-20.8280223886781
"2020-08-19 00:00:00","Fondo ERRANO","T0",-60,-72.4706407399735
"2020-08-20 00:00:00","Fondo ERRANO","T0",-60,-667.231139309993
"2020-08-20 00:00:00","Fondo ERRANO","T0",-20,-24.1232614523806
"2020-08-21 00:00:00","Fondo ERRANO","T0",-20,-35.0603503115906
"2020-08-21 00:00:00","Fondo ERRANO","T0",-60,-1275.6945450219
"2020-08-22 00:00:00","Fondo ERRANO","T0",-60,-1325.91942004541
"2020-08-22 00:00:00","Fondo ERRANO","T0",-20,-74.5266271528594
"2020-08-23 00:00:00","Fondo ERRANO","T0",-20,-110.395052801216
"2020-08-23 00:00:00","Fondo ERRANO","T0",-60,-1362.24929204654
"2020-08-24 00:00:00","Fondo ERRANO","T0",-20,-109.966759953518
"2020-08-24 00:00:00","Fondo ERRANO","T0",-60,-1389.24775591238
"2020-08-25 00:00:00","Fondo ERRANO","T0",-20,-105.543588160475
"2020-08-25 00:00:00","Fondo ERRANO","T0",-60,-1392.72565322123
"2020-08-26 00:00:00","Fondo ERRANO","T0",-20,-121.61170263986
"2020-08-26 00:00:00","Fondo ERRANO","T0",-60,-979.680296307099
"2020-08-27 00:00:00","Fondo ERRANO","T0",-60,-147.01005494868
"2020-08-27 00:00:00","Fondo ERRANO","T0",-20,-139.629066342265
"2020-08-28 00:00:00","Fondo ERRANO","T0",-60,-144.305545118812
"2020-08-28 00:00:00","Fondo ERRANO","T0",-20,-153.238079677397
"2020-08-29 00:00:00","Fondo ERRANO","T0",-20,-160.781317766715
"2020-08-29 00:00:00","Fondo ERRANO","T0",-60,-139.88155988244
"2020-08-30 00:00:00","Fondo ERRANO","T0",-60,-152.725855340467
"2020-08-30 00:00:00","Fondo ERRANO","T0",-20,-160.850655894
"2020-08-31 00:00:00","Fondo ERRANO","T0",-20,-162.386516667556
"2020-08-31 00:00:00","Fondo ERRANO","T0",-60,-118.134670031531
"2020-09-01 00:00:00","Fondo ERRANO","T0",-60,-99.3985303371678
"2020-09-01 00:00:00","Fondo ERRANO","T0",-20,-156.263404080135
"2020-09-02 00:00:00","Fondo ERRANO","T0",-20,-161.779745089474
"2020-09-02 00:00:00","Fondo ERRANO","T0",-60,-127.013166986441
"2020-09-03 00:00:00","Fondo ERRANO","T0",-60,-146.077558723823
"2020-09-03 00:00:00","Fondo ERRANO","T0",-20,-154.511672923694
"2020-09-04 00:00:00","Fondo ERRANO","T0",-20,-136.608598644329
"2020-09-04 00:00:00","Fondo ERRANO","T0",-60,-153.085940777463
"2020-09-05 00:00:00","Fondo ERRANO","T0",-60,-161.887161987484
"2020-09-05 00:00:00","Fondo ERRANO","T0",-20,-101.702334291895
"2020-09-06 00:00:00","Fondo ERRANO","T0",-20,-80.3034244432875
"2020-09-06 00:00:00","Fondo ERRANO","T0",-60,-173.747792772848
"2020-09-07 00:00:00","Fondo ERRANO","T0",-20,-84.9091709240903
"2020-09-07 00:00:00","Fondo ERRANO","T0",-60,-186.088354183244
"2020-09-08 00:00:00","Fondo ERRANO","T0",-20,-88.8079949349145
"2020-09-08 00:00:00","Fondo ERRANO","T0",-60,-195.228279548487
"2020-09-09 00:00:00","Fondo ERRANO","T0",-60,-198.44403405428
"2020-09-09 00:00:00","Fondo ERRANO","T0",-20,-89.21453622478
"2020-09-10 00:00:00","Fondo ERRANO","T0",-60,-206.115968484785
"2020-09-10 00:00:00","Fondo ERRANO","T0",-20,-95.231823317825
"2020-09-11 00:00:00","Fondo ERRANO","T0",-20,-101.014707952113
"2020-09-11 00:00:00","Fondo ERRANO","T0",-60,-211.276373744376
"2020-09-12 00:00:00","Fondo ERRANO","T0",-60,-218.184652791336
"2020-09-12 00:00:00","Fondo ERRANO","T0",-20,-107.798212797409
"2020-09-13 00:00:00","Fondo ERRANO","T0",-20,-118.099427359045
"2020-09-13 00:00:00","Fondo ERRANO","T0",-60,-227.078641114732
"2020-09-14 00:00:00","Fondo ERRANO","T0",-20,-128.849747987489
"2020-09-14 00:00:00","Fondo ERRANO","T0",-60,-235.790978056088
"2020-09-15 00:00:00","Fondo ERRANO","T0",-20,-136.813291264694
"2020-09-15 00:00:00","Fondo ERRANO","T0",-60,-245.679303405745
"2020-09-16 00:00:00","Fondo ERRANO","T0",-60,-254.015244378629
"2020-09-16 00:00:00","Fondo ERRANO","T0",-20,-146.490450010316
"2020-09-17 00:00:00","Fondo ERRANO","T0",-20,-157.66075257608
"2020-09-17 00:00:00","Fondo ERRANO","T0",-60,-263.839010580102
"2020-09-18 00:00:00","Fondo ERRANO","T0",-20,-172.745927887228
"2020-09-18 00:00:00","Fondo ERRANO","T0",-60,-272.870902327172
"2020-09-19 00:00:00","Fondo ERRANO","T0",-20,-183.600765711997
"2020-09-19 00:00:00","Fondo ERRANO","T0",-60,-277.053085553453
"2020-09-20 00:00:00","Fondo ERRANO","T0",-60,-282.43002790088
"2020-09-20 00:00:00","Fondo ERRANO","T0",-20,-189.21141633554
"2020-09-21 00:00:00","Fondo ERRANO","T0",-20,-181.109590287925
"2020-09-21 00:00:00","Fondo ERRANO","T0",-60,-283.570424328215
"2020-09-22 00:00:00","Fondo ERRANO","T0",-20,-165.686449144375
"2020-09-22 00:00:00","Fondo ERRANO","T0",-60,-284.20658701842
"2020-09-23 00:00:00","Fondo ERRANO","T0",-60,-286.820293628706
"2020-09-23 00:00:00","Fondo ERRANO","T0",-20,-150.429897617911
"2020-09-24 00:00:00","Fondo ERRANO","T0",-60,-292.633854401036
"2020-09-24 00:00:00","Fondo ERRANO","T0",-20,-131.53758165233
"2020-09-25 00:00:00","Fondo ERRANO","T0",-60,-56.3334402945938
"2020-09-25 00:00:00","Fondo ERRANO","T0",-20,-26.0879642454062
"2020-09-26 00:00:00","Fondo ERRANO","T0",-60,-23.5444486078722
"2020-09-26 00:00:00","Fondo ERRANO","T0",-20,-19.4562724102722
"2020-09-27 00:00:00","Fondo ERRANO","T0",-60,-29.1063863645062
"2020-09-27 00:00:00","Fondo ERRANO","T0",-20,-20.3079560236375
"2020-09-28 00:00:00","Fondo ERRANO","T0",-60,-20.9655304486673
"2020-09-28 00:00:00","Fondo ERRANO","T0",-20,-19.0007068557865
"2020-09-29 00:00:00","Fondo ERRANO","T0",-20,-19.009234470594
"2020-09-29 00:00:00","Fondo ERRANO","T0",-60,-20.293659087522
"2020-09-30 00:00:00","Fondo ERRANO","T0",-20,-19.5009777920625
"2020-09-30 00:00:00","Fondo ERRANO","T0",-60,-19.5520716358554
"2020-10-01 00:00:00","Fondo ERRANO","T0",-60,-20.965655400225
"2020-10-01 00:00:00","Fondo ERRANO","T0",-20,-21.1527218023673
"2020-10-02 00:00:00","Fondo ERRANO","T0",-60,-27.373810583255
"2020-10-02 00:00:00","Fondo ERRANO","T0",-20,-24.02089323247
"2020-10-03 00:00:00","Fondo ERRANO","T0",-60,-48.82978465384
"2020-10-03 00:00:00","Fondo ERRANO","T0",-20,-29.25185862763
"2020-10-04 00:00:00","Fondo ERRANO","T0",-20,-48.4026112195977
"2020-10-04 00:00:00","Fondo ERRANO","T0",-60,-105.44796463937
"2020-10-05 00:00:00","Fondo ERRANO","T0",-60,-28.5779693944615
"2020-10-05 00:00:00","Fondo ERRANO","T0",-20,-23.6434342577365
"2020-10-06 00:00:00","Fondo ERRANO","T0",-60,-19.9938261890053
"2020-10-06 00:00:00","Fondo ERRANO","T0",-20,-22.4135051909684
"2020-10-07 00:00:00","Fondo ERRANO","T0",-20,-25.901631523506
"2020-10-07 00:00:00","Fondo ERRANO","T0",-60,-22.440086396028
"2020-10-08 00:00:00","Fondo ERRANO","T0",-60,-30.3450545800687
"2020-10-08 00:00:00","Fondo ERRANO","T0",-20,-34.2645446034938
"2020-10-09 00:00:00","Fondo ERRANO","T0",-20,-51.9274002576
"2020-10-09 00:00:00","Fondo ERRANO","T0",-60,-63.1050351930375
"2020-10-10 00:00:00","Fondo ERRANO","T0",-20,-69.6246602880321
"2020-10-10 00:00:00","Fondo ERRANO","T0",-60,-119.318059843243
"2020-10-11 00:00:00","Fondo ERRANO","T0",-60,-100.456783218988
"2020-10-11 00:00:00","Fondo ERRANO","T0",-20,-62.8005786470625
"2020-10-17 00:00:00","Fondo ERRANO","T0",-20,-18.02045150355
"2020-10-17 00:00:00","Fondo ERRANO","T0",-60,-19.8266311058
"2020-10-18 00:00:00","Fondo ERRANO","T0",-20,-17.9999037121929
"2020-10-18 00:00:00","Fondo ERRANO","T0",-60,-19.7295835759286
"2020-10-19 00:00:00","Fondo ERRANO","T0",-20,-18.0774948443638
"2020-10-19 00:00:00","Fondo ERRANO","T0",-60,-19.8616270635983
"2020-10-20 00:00:00","Fondo ERRANO","T0",-20,-18.2420378214724
"2020-10-20 00:00:00","Fondo ERRANO","T0",-60,-19.9087315402862
"2020-10-21 00:00:00","Fondo ERRANO","T0",-60,-20.13825767895
"2020-10-21 00:00:00","Fondo ERRANO","T0",-20,-18.2229302717667
"2020-10-22 00:00:00","Fondo ERRANO","T0",-60,-20.2578580773629
"2020-10-22 00:00:00","Fondo ERRANO","T0",-20,-18.3166900259177
"2020-10-23 00:00:00","Fondo ERRANO","T0",-20,-18.3523787538234
"2020-10-23 00:00:00","Fondo ERRANO","T0",-60,-20.1122989056375
"2020-10-24 00:00:00","Fondo ERRANO","T0",-60,-20.1625238011293
"2020-10-24 00:00:00","Fondo ERRANO","T0",-20,-18.2461669100741
"2020-10-25 00:00:00","Fondo ERRANO","T0",-20,-18.2858407293155
"2020-10-25 00:00:00","Fondo ERRANO","T0",-60,-20.0864801007776
"2020-10-26 00:00:00","Fondo ERRANO","T0",-20,-18.6124745426423
"2020-10-26 00:00:00","Fondo ERRANO","T0",-60,-20.6235648934789
"2020-10-27 00:00:00","Fondo ERRANO","T0",-20,-18.5136494158071
"2020-10-27 00:00:00","Fondo ERRANO","T0",-60,-20.7561279832875
"2020-10-28 00:00:00","Fondo ERRANO","T0",-20,-19.344649893635
"2020-10-28 00:00:00","Fondo ERRANO","T0",-60,-21.139422176315
"2020-10-29 00:00:00","Fondo ERRANO","T0",-20,-20.2233519694833
"2020-10-29 00:00:00","Fondo ERRANO","T0",-60,-21.9818949641778
"2020-10-30 00:00:00","Fondo ERRANO","T0",-60,-23.1861592094538
"2020-10-30 00:00:00","Fondo ERRANO","T0",-20,-20.8482059138481
"2020-10-31 00:00:00","Fondo ERRANO","T0",-60,-26.1817417524803
"2020-10-31 00:00:00","Fondo ERRANO","T0",-20,-21.592035934275
"2020-11-01 00:00:00","Fondo ERRANO","T0",-60,-32.020361604975
"2020-11-01 00:00:00","Fondo ERRANO","T0",-20,-22.1487904263808
"2020-11-02 00:00:00","Fondo ERRANO","T0",-60,-37.7653653428333
"2020-11-02 00:00:00","Fondo ERRANO","T0",-20,-23.1034484599889
"2020-11-03 00:00:00","Fondo ERRANO","T0",-60,-44.0028817875107
"2020-11-03 00:00:00","Fondo ERRANO","T0",-20,-23.6141255474625
"2020-11-04 00:00:00","Fondo ERRANO","T0",-20,-23.957597368425
"2020-11-04 00:00:00","Fondo ERRANO","T0",-60,-45.2278724467904
"2020-11-05 00:00:00","Fondo ERRANO","T0",-60,-47.0773821141482
"2020-11-05 00:00:00","Fondo ERRANO","T0",-20,-24.7808605936018
"2020-11-06 00:00:00","Fondo ERRANO","T0",-20,-26.7855230903864
"2020-11-06 00:00:00","Fondo ERRANO","T0",-60,-55.2856762320614
"2020-11-07 00:00:00","Fondo ERRANO","T0",-60,-74.4585038678035
"2020-11-07 00:00:00","Fondo ERRANO","T0",-20,-30.7294277662125
"2020-11-08 00:00:00","Fondo ERRANO","T0",-20,-35.4405254980327
"2020-11-08 00:00:00","Fondo ERRANO","T0",-60,-92.30236546515
"2020-11-09 00:00:00","Fondo ERRANO","T0",-20,-40.762215749244
"2020-11-09 00:00:00","Fondo ERRANO","T0",-60,-106.622813684268
"2020-11-10 00:00:00","Fondo ERRANO","T0",-20,-48.1440447545526
"2020-11-10 00:00:00","Fondo ERRANO","T0",-60,-121.303801693137
"2020-11-11 00:00:00","Fondo ERRANO","T0",-60,-120.325451368933
"2020-11-11 00:00:00","Fondo ERRANO","T0",-20,-52.1196553565077
"2020-11-12 00:00:00","Fondo ERRANO","T0",-60,-115.88909761113
"2020-11-12 00:00:00","Fondo ERRANO","T0",-20,-54.362059526235
"2020-11-13 00:00:00","Fondo ERRANO","T0",-20,-57.5241735556345
"2020-11-13 00:00:00","Fondo ERRANO","T0",-60,-122.591093967305
"2020-11-14 00:00:00","Fondo ERRANO","T0",-20,-61.2187055450951
"2020-11-14 00:00:00","Fondo ERRANO","T0",-60,-126.461265845763
"2020-11-15 00:00:00","Fondo ERRANO","T0",-20,-63.7777090651125
"2020-11-15 00:00:00","Fondo ERRANO","T0",-60,-122.355049757705
"2020-11-16 00:00:00","Fondo ERRANO","T0",-60,-123.51814046796
"2020-11-16 00:00:00","Fondo ERRANO","T0",-20,-66.15946656342
"2020-11-17 00:00:00","Fondo ERRANO","T0",-60,-125.612249255654
"2020-11-17 00:00:00","Fondo ERRANO","T0",-20,-66.6382660258154
"2020-11-18 00:00:00","Fondo ERRANO","T0",-20,-72.298880286825
"2020-11-18 00:00:00","Fondo ERRANO","T0",-60,-145.565890935727
"2020-11-19 00:00:00","Fondo ERRANO","T0",-20,-80.1429180456273
"2020-11-19 00:00:00","Fondo ERRANO","T0",-60,-158.529758902623
"2020-11-20 00:00:00","Fondo ERRANO","T0",-20,-29.0159859790687
"2020-11-20 00:00:00","Fondo ERRANO","T0",-60,-38.4259667121188
"2020-11-24 00:00:00","Fondo ERRANO","T0",-60,-20.8790892050842
"2020-11-24 00:00:00","Fondo ERRANO","T0",-20,-19.9925800597974
"2020-11-25 00:00:00","Fondo ERRANO","T0",-20,-19.9630580861203
"2020-11-25 00:00:00","Fondo ERRANO","T0",-60,-21.7444298936625
"2020-11-26 00:00:00","Fondo ERRANO","T0",-60,-21.9961443455531
"2020-11-26 00:00:00","Fondo ERRANO","T0",-20,-19.9975190093672
"2020-11-27 00:00:00","Fondo ERRANO","T0",-60,-20.3494101487828
"2020-11-27 00:00:00","Fondo ERRANO","T0",-20,-20.0027208310406
"2020-11-28 00:00:00","Fondo ERRANO","T0",-60,-20.0887015901766
"2020-11-28 00:00:00","Fondo ERRANO","T0",-20,-19.6311533374781
"2020-11-29 00:00:00","Fondo ERRANO","T0",-60,-21.6189850834125
"2020-11-29 00:00:00","Fondo ERRANO","T0",-20,-18.0188544574781
"2020-11-30 00:00:00","Fondo ERRANO","T0",-20,-19.4841377430048
"2020-11-30 00:00:00","Fondo ERRANO","T0",-60,-23.0132760519097
"2020-12-01 00:00:00","Fondo ERRANO","T0",-60,-20.6172698199703
"2020-12-01 00:00:00","Fondo ERRANO","T0",-20,-18.1882078314
"2020-12-02 00:00:00","Fondo ERRANO","T0",-20,-17.8862001309422
"2020-12-02 00:00:00","Fondo ERRANO","T0",-60,-19.2883137981797
"2020-12-03 00:00:00","Fondo ERRANO","T0",-60,-19.2472684454906
"2020-12-03 00:00:00","Fondo ERRANO","T0",-20,-18.09232671045
"2020-12-04 00:00:00","Fondo ERRANO","T0",-60,-18.3080605782
"2020-12-04 00:00:00","Fondo ERRANO","T0",-20,-18.0653520279
"2020-12-05 00:00:00","Fondo ERRANO","T0",-20,-17.4089245611
"2020-12-05 00:00:00","Fondo ERRANO","T0",-60,-18.02033827275
"2020-12-06 00:00:00","Fondo ERRANO","T0",-60,-17.9484174147
"2020-12-06 00:00:00","Fondo ERRANO","T0",-20,-17.543822792925
"2020-12-07 00:00:00","Fondo ERRANO","T0",-20,-17.9214778675875
"2020-12-07 00:00:00","Fondo ERRANO","T0",-60,-18.2001872152875
"2020-12-08 00:00:00","Fondo ERRANO","T0",-20,-17.7865997701125
"2020-12-08 00:00:00","Fondo ERRANO","T0",-60,-18.0653197830375
"2020-12-09 00:00:00","Fondo ERRANO","T0",-60,-17.9843998719
"2020-12-09 00:00:00","Fondo ERRANO","T0",-20,-17.7775931915625
"2020-12-10 00:00:00","Fondo ERRANO","T0",-60,-17.993383624875
"2020-12-10 00:00:00","Fondo ERRANO","T0",-20,-17.6517216726375
"2020-12-11 00:00:00","Fondo ERRANO","T0",-20,-17.6786980995
"2020-12-11 00:00:00","Fondo ERRANO","T0",-60,-18.029355516525
"2020-12-12 00:00:00","Fondo ERRANO","T0",-60,-18.0113862662625
"2020-12-12 00:00:00","Fondo ERRANO","T0",-20,-17.5348220453625
"2020-12-13 00:00:00","Fondo ERRANO","T0",-60,-18.3104623265177
"2020-12-13 00:00:00","Fondo ERRANO","T0",-20,-17.8370645552661
"2020-12-14 00:00:00","Fondo ERRANO","T0",-60,-18.5610740086984
"2020-12-14 00:00:00","Fondo ERRANO","T0",-20,-18.4218186134855
"2020-12-15 00:00:00","Fondo ERRANO","T0",-20,-18.2721656854875
"2020-12-15 00:00:00","Fondo ERRANO","T0",-60,-18.550926914025
"2020-12-16 00:00:00","Fondo ERRANO","T0",-20,-18.0833435056875
"2020-12-16 00:00:00","Fondo ERRANO","T0",-60,-18.3531117613125
"2020-12-17 00:00:00","Fondo ERRANO","T0",-20,-17.651733882825
"2020-12-17 00:00:00","Fondo ERRANO","T0",-60,-18.263175503475
"2020-12-18 00:00:00","Fondo ERRANO","T0",-60,-18.23619793035
"2020-12-18 00:00:00","Fondo ERRANO","T0",-20,-17.4089544636
"2020-12-19 00:00:00","Fondo ERRANO","T0",-60,-18.2092255901625
"2020-12-19 00:00:00","Fondo ERRANO","T0",-20,-17.37298895115
"2020-12-20 00:00:00","Fondo ERRANO","T0",-60,-18.16427168985
"2020-12-20 00:00:00","Fondo ERRANO","T0",-20,-17.3647463291766
"2020-12-21 00:00:00","Fondo ERRANO","T0",-60,-18.2083573152532
"2020-12-21 00:00:00","Fondo ERRANO","T0",-20,-17.318836563179
"2020-12-22 00:00:00","Fondo ERRANO","T0",-60,-18.371084599875
"2020-12-22 00:00:00","Fondo ERRANO","T0",-20,-17.57980634655
"2020-12-23 00:00:00","Fondo ERRANO","T0",-60,-18.308141613975
"2020-12-23 00:00:00","Fondo ERRANO","T0",-20,-17.4539218200375
"2020-12-24 00:00:00","Fondo ERRANO","T0",-60,-18.5599053343875
"2020-12-24 00:00:00","Fondo ERRANO","T0",-20,-17.7146944613625
"2020-12-25 00:00:00","Fondo ERRANO","T0",-60,-18.5044772457469
"2020-12-25 00:00:00","Fondo ERRANO","T0",-20,-17.8308193048641
"2020-12-26 00:00:00","Fondo ERRANO","T0",-20,-18.1543085577047
"2020-12-26 00:00:00","Fondo ERRANO","T0",-60,-18.3531069769125
"2020-12-27 00:00:00","Fondo ERRANO","T0",-20,-18.4340311242375
"2020-12-27 00:00:00","Fondo ERRANO","T0",-60,-18.8506149645
"2020-12-28 00:00:00","Fondo ERRANO","T0",-20,-18.0923464461
"2020-12-28 00:00:00","Fondo ERRANO","T0",-60,-18.9360237411094
"2020-12-29 00:00:00","Fondo ERRANO","T0",-60,-19.1875077276435
"2020-12-29 00:00:00","Fondo ERRANO","T0",-20,-18.0877065900919
"2020-12-30 00:00:00","Fondo ERRANO","T0",-20,-17.51686495545
"2020-12-30 00:00:00","Fondo ERRANO","T0",-60,-18.9764883855562
"2020-12-31 00:00:00","Fondo ERRANO","T0",-20,-17.96766931215
"2020-12-31 00:00:00","Fondo ERRANO","T0",-60,-19.38384763212
"2021-01-01 00:00:00","Fondo ERRANO","T0",-20,-17.5857188817871
"2021-01-01 00:00:00","Fondo ERRANO","T0",-60,-19.0754143883903
"2021-01-02 00:00:00","Fondo ERRANO","T0",-20,-17.24988121033
"2021-01-02 00:00:00","Fondo ERRANO","T0",-60,-18.871585489495
"2021-01-03 00:00:00","Fondo ERRANO","T0",-60,-19.3692587698936
"2021-01-03 00:00:00","Fondo ERRANO","T0",-20,-17.5524255603822
"2021-01-04 00:00:00","Fondo ERRANO","T0",-60,-19.518501709531
"2021-01-04 00:00:00","Fondo ERRANO","T0",-20,-17.8492423460328
"2021-01-05 00:00:00","Fondo ERRANO","T0",-20,-17.480862064875
"2021-01-05 00:00:00","Fondo ERRANO","T0",-60,-19.1323162883625
"2021-01-06 00:00:00","Fondo ERRANO","T0",-20,-18.2269041609435
"2021-01-06 00:00:00","Fondo ERRANO","T0",-60,-19.5618190866145
"2021-01-07 00:00:00","Fondo ERRANO","T0",-20,-18.38005958145
"2021-01-07 00:00:00","Fondo ERRANO","T0",-60,-19.5294079821844
"2021-01-08 00:00:00","Fondo ERRANO","T0",-20,-18.5636240056603
"2021-01-08 00:00:00","Fondo ERRANO","T0",-60,-19.4879161031845
"2021-01-09 00:00:00","Fondo ERRANO","T0",-60,-19.6005047005597
"2021-01-09 00:00:00","Fondo ERRANO","T0",-20,-18.7830322962193
"2021-01-10 00:00:00","Fondo ERRANO","T0",-60,-19.539155025719
"2021-01-10 00:00:00","Fondo ERRANO","T0",-20,-18.3751277612328
"2021-01-11 00:00:00","Fondo ERRANO","T0",-60,-19.8680515509242
"2021-01-11 00:00:00","Fondo ERRANO","T0",-20,-18.8673413185306
"2021-01-12 00:00:00","Fondo ERRANO","T0",-60,-19.944231043681
"2021-01-12 00:00:00","Fondo ERRANO","T0",-20,-19.2762816506741
"2021-01-13 00:00:00","Fondo ERRANO","T0",-60,-19.99117821039
"2021-01-13 00:00:00","Fondo ERRANO","T0",-20,-19.304742737575
"2021-01-14 00:00:00","Fondo ERRANO","T0",-20,-19.33910363175
"2021-01-14 00:00:00","Fondo ERRANO","T0",-60,-20.0891120562214
"2021-01-15 00:00:00","Fondo ERRANO","T0",-20,-19.119337024085
"2021-01-15 00:00:00","Fondo ERRANO","T0",-60,-20.11581787983
"2021-01-16 00:00:00","Fondo ERRANO","T0",-60,-20.2111023465375
"2021-01-16 00:00:00","Fondo ERRANO","T0",-20,-19.2469760637984
"2021-01-17 00:00:00","Fondo ERRANO","T0",-20,-19.283435185679
"2021-01-17 00:00:00","Fondo ERRANO","T0",-60,-20.1186159035564
"2021-01-18 00:00:00","Fondo ERRANO","T0",-20,-19.3372792070538
"2021-01-18 00:00:00","Fondo ERRANO","T0",-60,-20.2574376419654
"2021-01-19 00:00:00","Fondo ERRANO","T0",-20,-19.3802293163143
"2021-01-19 00:00:00","Fondo ERRANO","T0",-60,-20.2534934757643
"2021-01-20 00:00:00","Fondo ERRANO","T0",-20,-19.2272560957375
"2021-01-20 00:00:00","Fondo ERRANO","T0",-60,-20.3579533158
"2021-01-21 00:00:00","Fondo ERRANO","T0",-20,-18.6659854274308
"2021-01-21 00:00:00","Fondo ERRANO","T0",-60,-20.1910816669962
"2021-01-22 00:00:00","Fondo ERRANO","T0",-20,-18.2739256484572
"2021-01-22 00:00:00","Fondo ERRANO","T0",-60,-19.8528223376786
"2021-01-23 00:00:00","Fondo ERRANO","T0",-20,-18.31440459835
"2021-01-23 00:00:00","Fondo ERRANO","T0",-60,-20.1594970962833
"2021-01-24 00:00:00","Fondo ERRANO","T0",-20,-18.27301581426
"2021-01-24 00:00:00","Fondo ERRANO","T0",-60,-19.819352417925
"2021-01-25 00:00:00","Fondo ERRANO","T0",-60,-20.1326757045776
"2021-01-25 00:00:00","Fondo ERRANO","T0",-20,-18.9067808616103
"2021-01-26 00:00:00","Fondo ERRANO","T0",-60,-20.17334260527
"2021-01-26 00:00:00","Fondo ERRANO","T0",-20,-19.35354301002
"2021-01-27 00:00:00","Fondo ERRANO","T0",-20,-19.4623398252517
"2021-01-27 00:00:00","Fondo ERRANO","T0",-60,-19.91447687535
"2021-01-28 00:00:00","Fondo ERRANO","T0",-60,-20.1928405840597
"2021-01-28 00:00:00","Fondo ERRANO","T0",-20,-19.2695438031726
"2021-01-29 00:00:00","Fondo ERRANO","T0",-60,-20.3112298609086
"2021-01-29 00:00:00","Fondo ERRANO","T0",-20,-19.1845491248379
"2021-01-30 00:00:00","Fondo ERRANO","T0",-20,-19.1182383599893
"2021-01-30 00:00:00","Fondo ERRANO","T0",-60,-20.3459546353071
"2021-01-31 00:00:00","Fondo ERRANO","T0",-20,-18.2859095912893
"2021-01-31 00:00:00","Fondo ERRANO","T0",-60,-19.9144606995214
"2021-02-01 00:00:00","Fondo ERRANO","T0",-60,-19.8847123133224
"2021-02-01 00:00:00","Fondo ERRANO","T0",-20,-18.1370296877017
"2021-02-02 00:00:00","Fondo ERRANO","T0",-60,-19.9594214062125
"2021-02-02 00:00:00","Fondo ERRANO","T0",-20,-18.4048469782641
"2021-02-03 00:00:00","Fondo ERRANO","T0",-20,-18.1991268748403
"2021-02-03 00:00:00","Fondo ERRANO","T0",-60,-19.7288484239952
"2021-02-04 00:00:00","Fondo ERRANO","T0",-60,-19.4443972788268
"2021-02-04 00:00:00","Fondo ERRANO","T0",-20,-17.7429836144357
"2021-02-05 00:00:00","Fondo ERRANO","T0",-60,-19.3420939715813
"2021-02-05 00:00:00","Fondo ERRANO","T0",-20,-17.66076886875
"2021-02-06 00:00:00","Fondo ERRANO","T0",-20,-17.58883076028
"2021-02-06 00:00:00","Fondo ERRANO","T0",-60,-19.28795735879
"2021-02-07 00:00:00","Fondo ERRANO","T0",-20,-17.545012313219
"2021-02-07 00:00:00","Fondo ERRANO","T0",-60,-19.2531410137293
"2021-02-08 00:00:00","Fondo ERRANO","T0",-20,-18.15878392455
"2021-02-08 00:00:00","Fondo ERRANO","T0",-60,-19.5954685254231
"2021-02-09 00:00:00","Fondo ERRANO","T0",-20,-17.666762855025
"2021-02-09 00:00:00","Fondo ERRANO","T0",-60,-19.3548345502172
"2021-02-10 00:00:00","Fondo ERRANO","T0",-60,-19.6005047005597
"2021-02-10 00:00:00","Fondo ERRANO","T0",-20,-17.7172362299129
"2021-02-11 00:00:00","Fondo ERRANO","T0",-60,-19.3271256314464
"2021-02-11 00:00:00","Fondo ERRANO","T0",-20,-17.8046453287071
"2021-02-12 00:00:00","Fondo ERRANO","T0",-20,-17.9793428206929
"2021-02-12 00:00:00","Fondo ERRANO","T0",-60,-19.2158196460286
"2021-02-13 00:00:00","Fondo ERRANO","T0",-20,-18.7058537418465
"2021-02-13 00:00:00","Fondo ERRANO","T0",-60,-19.7640472454845
"2021-02-14 00:00:00","Fondo ERRANO","T0",-20,-19.3399837432448
"2021-02-14 00:00:00","Fondo ERRANO","T0",-60,-20.3608398839845
"2021-02-15 00:00:00","Fondo ERRANO","T0",-20,-19.48619029463
"2021-02-15 00:00:00","Fondo ERRANO","T0",-60,-20.47060573035
"2021-02-16 00:00:00","Fondo ERRANO","T0",-20,-19.4304306426519
"2021-02-16 00:00:00","Fondo ERRANO","T0",-60,-20.4565825466423
"2021-02-17 00:00:00","Fondo ERRANO","T0",-20,-19.0137778791857
"2021-02-17 00:00:00","Fondo ERRANO","T0",-60,-20.2124195367643
"2021-02-18 00:00:00","Fondo ERRANO","T0",-60,-19.94324737155
"2021-02-18 00:00:00","Fondo ERRANO","T0",-20,-18.721388853075
"2021-02-19 00:00:00","Fondo ERRANO","T0",-60,-20.0731873854052
"2021-02-19 00:00:00","Fondo ERRANO","T0",-20,-18.6686749240655
"2021-02-20 00:00:00","Fondo ERRANO","T0",-20,-18.6299489246613
"2021-02-20 00:00:00","Fondo ERRANO","T0",-60,-19.9701471991693
"2021-02-21 00:00:00","Fondo ERRANO","T0",-60,-19.9442413823845
"2021-02-21 00:00:00","Fondo ERRANO","T0",-20,-18.5603683698052
"2021-02-22 00:00:00","Fondo ERRANO","T0",-60,-19.8322914056357
"2021-02-22 00:00:00","Fondo ERRANO","T0",-20,-18.4743202962964
"2021-02-23 00:00:00","Fondo ERRANO","T0",-20,-18.46644456375
"2021-02-23 00:00:00","Fondo ERRANO","T0",-60,-19.78023311259
"2021-02-24 00:00:00","Fondo ERRANO","T0",-20,-18.3908733075207
"2021-02-24 00:00:00","Fondo ERRANO","T0",-60,-19.86488538495
"2021-02-25 00:00:00","Fondo ERRANO","T0",-20,-18.2439893517919
"2021-02-25 00:00:00","Fondo ERRANO","T0",-60,-19.7327627407161
"2021-02-26 00:00:00","Fondo ERRANO","T0",-20,-18.12835661295
"2021-02-26 00:00:00","Fondo ERRANO","T0",-60,-19.6807596034875
"2021-02-27 00:00:00","Fondo ERRANO","T0",-20,-18.08280089523
"2021-02-27 00:00:00","Fondo ERRANO","T0",-60,-19.63641603615
"2021-02-28 00:00:00","Fondo ERRANO","T0",-60,-19.5850689565403
"2021-02-28 00:00:00","Fondo ERRANO","T0",-20,-18.2826523212919
"2021-03-01 00:00:00","Fondo ERRANO","T0",-20,-18.4536003267968
"2021-03-01 00:00:00","Fondo ERRANO","T0",-60,-19.5409896396
"2021-03-02 00:00:00","Fondo ERRANO","T0",-20,-18.4573634479
"2021-03-02 00:00:00","Fondo ERRANO","T0",-60,-19.5771053285722
"2021-03-03 00:00:00","Fondo ERRANO","T0",-60,-19.6824993412984
"2021-03-03 00:00:00","Fondo ERRANO","T0",-20,-18.3337070519274
"2021-03-04 00:00:00","Fondo ERRANO","T0",-60,-19.7295635554929
"2021-03-04 00:00:00","Fondo ERRANO","T0",-20,-18.17459858415
"2021-03-26 00:00:00","Fondo Errano 2021","T0",-60,-24.0341685096399
"2021-03-26 00:00:00","Fondo Errano 2021","T0",-20,-20.2017549434766
"2021-03-27 00:00:00","Fondo Errano 2021","T0",-20,-21.0038593956107
"2021-03-27 00:00:00","Fondo Errano_T0_2021","T0",-20,-19.97486499435
"2021-03-27 00:00:00","Fondo Errano 2021","T0",-60,-23.8981637579411
"2021-03-28 00:00:00","Fondo Errano_T0_2021","T0",-20,-19.6353533966323
"2021-03-29 00:00:00","Fondo Errano_T0_2021","T0",-20,-18.9332476419533
"2021-03-30 00:00:00","Fondo Errano_T0_2021","T0",-20,-17.9688762886618
"2021-03-31 00:00:00","Fondo Errano_T0_2021","T0",-20,-17.7309988990125
"2021-04-01 00:00:00","Fondo Errano_T0_2021","T0",-20,-17.6768125184081
"2021-04-01 00:00:00","Fondo ERRANO","T0",-60,-23.415070430542
"2021-04-01 00:00:00","Fondo ERRANO","T0",-20,-17.9106408605893
"2021-04-02 00:00:00","Fondo ERRANO","T0",-60,-23.1713456315121
"2021-04-02 00:00:00","Fondo Errano_T0_2021","T0",-20,-17.4806741484282
"2021-04-02 00:00:00","Fondo ERRANO","T0",-20,-17.4806741484282
"2021-04-03 00:00:00","Fondo ERRANO","T0",-60,-22.8884575886742
"2021-04-03 00:00:00","Fondo Errano_T0_2021","T0",-20,-16.9613171025797
"2021-04-03 00:00:00","Fondo ERRANO","T0",-20,-16.9613171025797
"2021-04-04 00:00:00","Fondo Errano_T0_2021","T0",-20,-17.2553952756211
"2021-04-04 00:00:00","Fondo ERRANO","T0",-20,-17.2553952756211
"2021-04-04 00:00:00","Fondo ERRANO","T0",-60,-22.7212603651254
"2021-04-05 00:00:00","Fondo ERRANO","T0",-20,-17.7728259172031
"2021-04-05 00:00:00","Fondo ERRANO","T0",-60,-22.8498755444461
"2021-04-05 00:00:00","Fondo Errano_T0_2021","T0",-20,-17.7728259172031
"2021-04-06 00:00:00","Fondo ERRANO","T0",-60,-22.7588879287828
"2021-04-06 00:00:00","Fondo ERRANO","T0",-20,-17.5772198624391
"2021-04-06 00:00:00","Fondo Errano_T0_2021","T0",-20,-17.5772198624391
"2021-04-07 00:00:00","Fondo ERRANO","T0",-20,-18.1250663468906
"2021-04-07 00:00:00","Fondo ERRANO","T0",-60,-22.6598464178754
"2021-04-07 00:00:00","Fondo Errano_T0_2021","T0",-20,-18.1250663468906
"2021-04-08 00:00:00","Fondo ERRANO","T0",-20,-19.0635860242548
"2021-04-08 00:00:00","Fondo Errano_T0_2021","T0",-20,-19.0635860242548
"2021-04-08 00:00:00","Fondo ERRANO","T0",-60,-22.8888188002992
"2021-04-09 00:00:00","Fondo ERRANO","T0",-60,-23.0569355589867
"2021-04-09 00:00:00","Fondo Errano_T0_2021","T0",-20,-18.7080278049422
"2021-04-09 00:00:00","Fondo ERRANO","T0",-20,-18.7080278049422
"2021-04-10 00:00:00","Fondo ERRANO","T0",-60,-22.9627604843355
"2021-04-10 00:00:00","Fondo ERRANO","T0",-20,-17.9522798510227
"2021-04-10 00:00:00","Fondo Errano_T0_2021","T0",-20,-17.9522798510227
"2021-04-11 00:00:00","Fondo Errano_T0_2021","T0",-20,-17.815178306
"2021-04-11 00:00:00","Fondo ERRANO","T0",-60,-22.9857884464289
"2021-04-11 00:00:00","Fondo ERRANO","T0",-20,-17.815178306
"2021-04-12 00:00:00","Fondo Errano_T0_2021","T0",-20,-17.5405004418984
"2021-04-12 00:00:00","Fondo ERRANO","T0",-20,-17.5405004418984
"2021-04-12 00:00:00","Fondo ERRANO","T0",-60,-23.0196690429059
"2021-04-13 00:00:00","Fondo Errano_T0_2021","T0",-20,-17.1599259323855
"2021-04-13 00:00:00","Fondo ERRANO","T0",-20,-17.1599259323855
"2021-04-13 00:00:00","Fondo ERRANO","T0",-60,-22.8661478717871
"2021-04-14 00:00:00","Fondo ERRANO","T0",-60,-23.0683550806277
"2021-04-14 00:00:00","Fondo Errano_T0_2021","T0",-20,-18.471622439843
"2021-04-14 00:00:00","Fondo ERRANO","T0",-20,-18.471622439843
"2021-04-15 00:00:00","Fondo ERRANO","T0",-20,-18.6484395922851
"2021-04-15 00:00:00","Fondo Errano_T0_2021","T0",-20,-18.6484395922851
"2021-04-15 00:00:00","Fondo ERRANO","T0",-60,-22.920837715848
"2021-04-16 00:00:00","Fondo ERRANO","T0",-20,-19.134474586132
"2021-04-16 00:00:00","Fondo ERRANO","T0",-60,-22.9813115969859
"2021-04-16 00:00:00","Fondo Errano_T0_2021","T0",-20,-19.134474586132
"2021-04-17 00:00:00","Fondo ERRANO","T0",-20,-19.0365939982945
"2021-04-17 00:00:00","Fondo Errano_T0_2021","T0",-20,-19.0365939982945
"2021-04-17 00:00:00","Fondo ERRANO","T0",-60,-22.9856193878613
"2021-04-18 00:00:00","Fondo ERRANO","T0",-60,-22.9386249186445
"2021-04-18 00:00:00","Fondo Errano_T0_2021","T0",-20,-18.3392072022653
"2021-04-18 00:00:00","Fondo ERRANO","T0",-20,-18.3392072022653
"2021-04-19 00:00:00","Fondo ERRANO","T0",-60,-23.0034073195312
"2021-04-19 00:00:00","Fondo ERRANO","T0",-20,-18.5698023143274
"2021-04-19 00:00:00","Fondo Errano_T0_2021","T0",-20,-18.5698023143274
"2021-04-20 00:00:00","Fondo Errano_T0_2021","T0",-20,-18.2494836000281
"2021-04-20 00:00:00","Fondo ERRANO","T0",-20,-18.2494836000281
"2021-04-20 00:00:00","Fondo ERRANO","T0",-60,-23.037105088793
"2021-04-21 00:00:00","Fondo Errano_T0_2021","T0",-20,-17.829929215615
"2021-04-21 00:00:00","Fondo ERRANO","T0",-20,-17.829929215615
"2021-04-21 00:00:00","Fondo ERRANO","T0",-60,-23.0014558779762
"2021-04-22 00:00:00","Fondo ERRANO","T0",-60,-22.8699169782386
"2021-04-22 00:00:00","Fondo Errano_T0_2021","T0",-20,-17.06257097864
"2021-04-22 00:00:00","Fondo ERRANO","T0",-20,-17.06257097864
"2021-04-23 00:00:00","Fondo ERRANO","T0",-20,-17.5357222979649
"2021-04-23 00:00:00","Fondo Errano_T0_2021","T0",-20,-17.5357222979649
"2021-04-23 00:00:00","Fondo ERRANO","T0",-60,-22.8100103446418
"2021-04-24 00:00:00","Fondo Errano_T0_2021","T0",-20,-17.5701607631883
"2021-04-24 00:00:00","Fondo ERRANO","T0",-20,-17.5701607631883
"2021-04-24 00:00:00","Fondo ERRANO","T0",-60,-22.8534434533723
"2021-04-25 00:00:00","Fondo ERRANO","T0",-20,-17.6447422610883
"2021-04-25 00:00:00","Fondo Errano_T0_2021","T0",-20,-17.6447422610883
"2021-04-25 00:00:00","Fondo ERRANO","T0",-60,-22.8283572383684
"2021-04-26 00:00:00","Fondo ERRANO","T0",-60,-22.6621040315918
"2021-04-26 00:00:00","Fondo ERRANO","T0",-20,-18.4493141199121
"2021-04-26 00:00:00","Fondo Errano_T0_2021","T0",-20,-18.4493141199121
"2021-04-27 00:00:00","Fondo ERRANO","T0",-60,-22.5364712710547
"2021-04-27 00:00:00","Fondo ERRANO","T0",-20,-19.8886310763026
"2021-04-27 00:00:00","Fondo Errano_T0_2021","T0",-20,-19.8886310763026
"2021-04-28 00:00:00","Fondo ERRANO","T0",-60,-22.6493713272808
"2021-04-28 00:00:00","Fondo ERRANO","T0",-20,-19.7171619242589
"2021-04-28 00:00:00","Fondo Errano_T0_2021","T0",-20,-19.7171619242589
"2021-04-29 00:00:00","Fondo ERRANO","T0",-20,-19.6126140269662
"2021-04-29 00:00:00","Fondo ERRANO","T0",-60,-22.6810105352625
"2021-04-29 00:00:00","Fondo Errano_T0_2021","T0",-20,-19.6126140269662
"2021-04-30 00:00:00","Fondo ERRANO","T0",-20,-19.0781665726524
"2021-04-30 00:00:00","Fondo ERRANO","T0",-60,-22.7853061504957
"2021-04-30 00:00:00","Fondo Errano_T0_2021","T0",-20,-19.0781665726524
"2021-05-01 00:00:00","Fondo Errano_T0_2021","T0",-20,-18.0287421360556
"2021-05-01 00:00:00","Fondo ERRANO","T0",-20,-18.0287421360556
"2021-05-01 00:00:00","Fondo ERRANO","T0",-60,-22.6946901531504
"2021-05-02 00:00:00","Fondo ERRANO","T0",-60,-22.6098885999867
"2021-05-02 00:00:00","Fondo Errano_T0_2021","T0",-20,-17.85519795105
"2021-05-02 00:00:00","Fondo ERRANO","T0",-20,-17.85519795105
"2021-05-03 00:00:00","Fondo ERRANO","T0",-60,-22.519830667623
"2021-05-03 00:00:00","Fondo Errano_T0_2021","T0",-20,-17.8398476799957
"2021-05-03 00:00:00","Fondo ERRANO","T0",-20,-17.8398476799957
"2021-05-04 00:00:00","Fondo ERRANO","T0",-60,-22.5168582590024
"2021-05-04 00:00:00","Fondo Errano_T0_2021","T0",-20,-17.1990770165194
"2021-05-04 00:00:00","Fondo ERRANO","T0",-20,-17.1990770165194
"2021-05-05 00:00:00","Fondo ERRANO","T0",-20,-17.544144487425
"2021-05-05 00:00:00","Fondo Errano_T0_2021","T0",-20,-17.544144487425
"2021-05-05 00:00:00","Fondo ERRANO","T0",-60,-22.5335075081359
"2021-05-06 00:00:00","Fondo ERRANO","T0",-60,-22.505555555945
"2021-05-06 00:00:00","Fondo ERRANO","T0",-20,-17.62612966122
"2021-05-06 00:00:00","Fondo Errano_T0_2021","T0",-20,-17.62612966122
"2021-05-07 00:00:00","Fondo Errano_T0_2021","T0",-20,-17.59063990995
"2021-05-07 00:00:00","Fondo ERRANO","T0",-20,-17.59063990995
"2021-05-07 00:00:00","Fondo ERRANO","T0",-60,-22.464932642394
"2021-05-08 00:00:00","Fondo Errano_T0_2021","T0",-20,-17.4122101926312
"2021-05-08 00:00:00","Fondo ERRANO","T0",-20,-17.4122101926312
"2021-05-08 00:00:00","Fondo ERRANO","T0",-60,-22.3122211774082
"2021-05-09 00:00:00","Fondo ERRANO","T0",-20,-17.17429510575
"2021-05-09 00:00:00","Fondo Errano_T0_2021","T0",-20,-17.17429510575
"2021-05-09 00:00:00","Fondo ERRANO","T0",-60,-22.3573350936508
"2021-05-10 00:00:00","Fondo Errano_T0_2021","T0",-20,-16.9256701091297
"2021-05-10 00:00:00","Fondo ERRANO","T0",-20,-16.9256701091297
"2021-05-10 00:00:00","Fondo ERRANO","T0",-60,-22.4133938914066
"2021-05-11 00:00:00","Fondo Errano_T0_2021","T0",-20,-17.3241798816161
"2021-05-11 00:00:00","Fondo ERRANO","T0",-20,-17.3241798816161
"2021-05-11 00:00:00","Fondo ERRANO","T0",-60,-22.2855800131934
"2021-05-12 00:00:00","Fondo Errano_T0_2021","T0",-20,-17.8054598932219
"2021-05-12 00:00:00","Fondo ERRANO","T0",-60,-22.2621497854802
"2021-05-12 00:00:00","Fondo ERRANO","T0",-20,-17.8054598932219
"2021-05-13 00:00:00","Fondo ERRANO","T0",-60,-22.3399159877619
"2021-05-13 00:00:00","Fondo Errano_T0_2021","T0",-20,-18.1073555091422
"2021-05-13 00:00:00","Fondo ERRANO","T0",-20,-18.1073555091422
"2021-05-14 00:00:00","Fondo ERRANO","T0",-60,-22.3301787997705
"2021-05-14 00:00:00","Fondo Errano_T0_2021","T0",-20,-17.7934377321469
"2021-05-14 00:00:00","Fondo ERRANO","T0",-20,-17.7934377321469
"2021-05-15 00:00:00","Fondo ERRANO","T0",-20,-16.8920399205562
"2021-05-15 00:00:00","Fondo ERRANO","T0",-60,-22.3305221382152
"2021-05-15 00:00:00","Fondo Errano_T0_2021","T0",-20,-16.8920399205562
"2021-05-16 00:00:00","Fondo ERRANO","T0",-60,-22.3769538610657
"2021-05-16 00:00:00","Fondo ERRANO","T0",-20,-17.6386601501925
"2021-05-16 00:00:00","Fondo Errano_T0_2021","T0",-20,-17.6386601501925
"2021-05-17 00:00:00","Fondo ERRANO","T0",-60,-22.5620078898954
"2021-05-17 00:00:00","Fondo Errano_T0_2021","T0",-20,-17.6053350937125
"2021-05-17 00:00:00","Fondo ERRANO","T0",-20,-17.6053350937125
"2021-05-18 00:00:00","Fondo ERRANO","T0",-60,-22.5990452263229
"2021-05-18 00:00:00","Fondo Errano_T0_2021","T0",-20,-18.5095800262446
"2021-05-18 00:00:00","Fondo ERRANO","T0",-20,-18.5095800262446
"2021-05-19 00:00:00","Fondo Errano_T0_2021","T0",-20,-17.4960486183281
"2021-05-19 00:00:00","Fondo ERRANO","T0",-20,-17.4960486183281
"2021-05-19 00:00:00","Fondo ERRANO","T0",-60,-22.3578674431219
"2021-05-20 00:00:00","Fondo ERRANO","T0",-20,-17.0100409644682
"2021-05-20 00:00:00","Fondo ERRANO","T0",-60,-22.3467619287203
"2021-05-20 00:00:00","Fondo Errano_T0_2021","T0",-20,-17.0100409644682
"2021-05-21 00:00:00","Fondo ERRANO","T0",-20,-17.369373534135
"2021-05-21 00:00:00","Fondo ERRANO","T0",-60,-22.4572157253125
"2021-05-21 00:00:00","Fondo Errano_T0_2021","T0",-20,-17.369373534135
"2021-05-22 00:00:00","Fondo ERRANO","T0",-60,-22.5042637286125
"2021-05-22 00:00:00","Fondo ERRANO","T0",-20,-17.7612310662375
"2021-05-22 00:00:00","Fondo Errano_T0_2021","T0",-20,-17.7612310662375
"2021-05-23 00:00:00","Fondo Errano_T0_2021","T0",-20,-18.1472491965107
"2021-05-23 00:00:00","Fondo ERRANO","T0",-60,-22.6368293755358
"2021-05-23 00:00:00","Fondo ERRANO","T0",-20,-18.1472491965107
"2021-05-24 00:00:00","Fondo ERRANO","T0",-20,-18.22929464166
"2021-05-24 00:00:00","Fondo Errano_T0_2021","T0",-20,-18.22929464166
"2021-05-24 00:00:00","Fondo ERRANO","T0",-60,-22.6077730521433
"2021-05-25 00:00:00","Fondo Errano_T0_2021","T0",-20,-18.4436437750875
"2021-05-25 00:00:00","Fondo ERRANO","T0",-20,-18.4436437750875
"2021-05-25 00:00:00","Fondo ERRANO","T0",-60,-22.7066258559878
"2021-05-26 00:00:00","Fondo ERRANO","T0",-20,-18.9584552171625
"2021-05-26 00:00:00","Fondo Errano_T0_2021","T0",-20,-18.9584552171625
"2021-05-26 00:00:00","Fondo ERRANO","T0",-60,-22.7965937276397
"2021-05-27 00:00:00","Fondo ERRANO","T0",-60,-22.805098923063
"2021-05-27 00:00:00","Fondo ERRANO","T0",-20,-18.306166719975
"2021-05-27 00:00:00","Fondo Errano_T0_2021","T0",-20,-18.306166719975
"2021-05-28 00:00:00","Fondo ERRANO","T0",-20,-18.6657235317
"2021-05-28 00:00:00","Fondo Errano_T0_2021","T0",-20,-18.6657235317
"2021-05-28 00:00:00","Fondo ERRANO","T0",-60,-22.9107780816971
"2021-05-29 00:00:00","Fondo Errano_T0_2021","T0",-20,-19.6441733551312
"2021-05-29 00:00:00","Fondo ERRANO","T0",-20,-19.6441733551312
"2021-05-29 00:00:00","Fondo ERRANO","T0",-60,-23.1284194594904
"2021-05-30 00:00:00","Fondo Errano_T0_2021","T0",-20,-22.415162358375
"2021-05-30 00:00:00","Fondo ERRANO","T0",-20,-22.415162358375
"2021-05-30 00:00:00","Fondo ERRANO","T0",-60,-23.2401162478056
"2021-05-31 00:00:00","Fondo ERRANO","T0",-20,-23.1687662624375
"2021-05-31 00:00:00","Fondo Errano_T0_2021","T0",-20,-23.1687662624375
"2021-05-31 00:00:00","Fondo ERRANO","T0",-60,-23.2516819681585
"2021-06-01 00:00:00","Fondo ERRANO","T0",-60,-23.933011838621
"2021-06-01 00:00:00","Fondo ERRANO","T0",-20,-27.3974733909375
"2021-06-01 00:00:00","Fondo Errano_T0_2021","T0",-20,-27.3974733909375
"2021-06-02 00:00:00","Fondo Errano_T0_2021","T0",-20,-31.6639096841062
"2021-06-02 00:00:00","Fondo ERRANO","T0",-20,-31.6639096841062
"2021-06-02 00:00:00","Fondo ERRANO","T0",-60,-24.7021164549863
"2021-06-03 00:00:00","Fondo Errano_T0_2021","T0",-20,-37.1978310185786
"2021-06-03 00:00:00","Fondo ERRANO","T0",-60,-25.7149949548797
"2021-06-03 00:00:00","Fondo ERRANO","T0",-20,-37.1978310185786
"2021-06-04 00:00:00","Fondo ERRANO","T0",-20,-40.5760828484925
"2021-06-04 00:00:00","Fondo ERRANO","T0",-60,-26.9849712746755
"2021-06-04 00:00:00","Fondo Errano_T0_2021","T0",-20,-40.5760828484925
"2021-06-05 00:00:00","Fondo Errano_T0_2021","T0",-20,-47.6275855999969
"2021-06-05 00:00:00","Fondo ERRANO","T0",-20,-47.6275855999969
"2021-06-05 00:00:00","Fondo ERRANO","T0",-60,-28.6657915441006
"2021-06-06 00:00:00","Fondo Errano_T0_2021","T0",-20,-50.5679459520341
"2021-06-06 00:00:00","Fondo ERRANO","T0",-60,-32.0022884313635
"2021-06-06 00:00:00","Fondo ERRANO","T0",-20,-50.5679459520341
"2021-06-07 00:00:00","Fondo Errano_T0_2021","T0",-20,-25.143428871075
"2021-06-07 00:00:00","Fondo ERRANO","T0",-20,-25.143428871075
"2021-06-07 00:00:00","Fondo ERRANO","T0",-60,-28.3787730811212
"2021-06-08 00:00:00","Fondo ERRANO","T0",-60,-25.5442710424437
"2021-06-08 00:00:00","Fondo ERRANO","T0",-20,-16.2990585962875
"2021-06-08 00:00:00","Fondo Errano_T0_2021","T0",-20,-16.2990585962875
"2021-06-09 00:00:00","Fondo Errano_T0_2021","T0",-20,-16.400980611675
"2021-06-09 00:00:00","Fondo ERRANO","T0",-20,-16.400980611675
"2021-06-09 00:00:00","Fondo ERRANO","T0",-60,-24.6500665806675
"2021-06-10 00:00:00","Fondo ERRANO","T0",-20,-16.199488898595
"2021-06-10 00:00:00","Fondo ERRANO","T0",-60,-24.3480967562546
"2021-06-10 00:00:00","Fondo Errano_T0_2021","T0",-20,-16.199488898595
"2021-06-11 00:00:00","Fondo Errano_T0_2021","T0",-20,-15.8436840015375
"2021-06-11 00:00:00","Fondo ERRANO","T0",-20,-15.8436840015375
"2021-06-11 00:00:00","Fondo ERRANO","T0",-60,-24.1238476549935
"2021-06-12 00:00:00","Fondo ERRANO","T0",-20,-16.9077935378
"2021-06-12 00:00:00","Fondo Errano_T0_2021","T0",-20,-16.9077935378
"2021-06-12 00:00:00","Fondo ERRANO","T0",-60,-24.1825310709615
"2021-06-13 00:00:00","Fondo Errano_T0_2021","T0",-20,-16.480073436275
"2021-06-13 00:00:00","Fondo ERRANO","T0",-60,-24.372767619771
"2021-06-13 00:00:00","Fondo ERRANO","T0",-20,-16.480073436275
"2021-06-14 00:00:00","Fondo Errano_T0_2021","T0",-20,-16.1911169836875
"2021-06-14 00:00:00","Fondo ERRANO","T0",-20,-16.1911169836875
"2021-06-14 00:00:00","Fondo ERRANO","T0",-60,-24.5984567223089
"2021-06-15 00:00:00","Fondo Errano_T0_2021","T0",-20,-17.5930506212625
"2021-06-15 00:00:00","Fondo ERRANO","T0",-60,-24.7743042544811
"2021-06-15 00:00:00","Fondo ERRANO","T0",-20,-17.5930506212625
"2021-06-16 00:00:00","Fondo ERRANO","T0",-60,-25.5874326826156
"2021-06-16 00:00:00","Fondo ERRANO","T0",-20,-20.2037302004036
"2021-06-16 00:00:00","Fondo Errano_T0_2021","T0",-20,-20.2037302004036
"2021-06-17 00:00:00","Fondo Errano_T0_2021","T0",-20,-31.9834917959179
"2021-06-17 00:00:00","Fondo ERRANO","T0",-60,-26.6650444849314
"2021-06-17 00:00:00","Fondo ERRANO","T0",-20,-31.9834917959179
"2021-06-18 00:00:00","Fondo ERRANO","T0",-60,-28.4202168235006
"2021-06-18 00:00:00","Fondo Errano_T0_2021","T0",-20,-35.5489095912784
"2021-06-18 00:00:00","Fondo ERRANO","T0",-20,-35.5489095912784
"2021-06-19 00:00:00","Fondo ERRANO","T0",-20,-40.6106294408031
"2021-06-19 00:00:00","Fondo Errano_T0_2021","T0",-20,-40.6106294408031
"2021-06-19 00:00:00","Fondo ERRANO","T0",-60,-31.0932237082105
"2021-06-20 00:00:00","Fondo Errano_T0_2021","T0",-20,-45.7385876548025
"2021-06-20 00:00:00","Fondo ERRANO","T0",-60,-34.8046370270965
"2021-06-20 00:00:00","Fondo ERRANO","T0",-20,-45.7385876548025
"2021-06-21 00:00:00","Fondo ERRANO","T0",-60,-39.225129151111
"2021-06-21 00:00:00","Fondo ERRANO","T0",-20,-51.4274072499205
"2021-06-21 00:00:00","Fondo Errano_T0_2021","T0",-20,-51.4274072499205
"2021-06-22 00:00:00","Fondo ERRANO","T0",-60,-43.4518438750607
"2021-06-22 00:00:00","Fondo Errano_T0_2021","T0",-20,-56.140439187185
"2021-06-22 00:00:00","Fondo ERRANO","T0",-20,-56.140439187185
"2021-06-23 00:00:00","Fondo ERRANO","T0",-20,-57.7600868347082
"2021-06-23 00:00:00","Fondo Errano_T0_2021","T0",-20,-57.7600868347082
"2021-06-23 00:00:00","Fondo ERRANO","T0",-60,-48.8481899319749
"2021-06-24 00:00:00","Fondo Errano_T0_2021","T0",-20,-54.3878126017568
"2021-06-24 00:00:00","Fondo ERRANO","T0",-60,-61.5221576457511
"2021-06-24 00:00:00","Fondo ERRANO","T0",-20,-54.3878126017568
"2021-06-25 00:00:00","Fondo ERRANO","T0",-20,-48.6123032286481
"2021-06-25 00:00:00","Fondo ERRANO","T0",-60,-69.0930909693063
"2021-06-25 00:00:00","Fondo Errano_T0_2021","T0",-20,-48.6123032286481
"2021-06-26 00:00:00","Fondo ERRANO","T0",-60,-68.8950398988076
"2021-06-26 00:00:00","Fondo ERRANO","T0",-20,-49.725747141565
"2021-06-26 00:00:00","Fondo Errano_T0_2021","T0",-20,-49.725747141565
"2021-06-27 00:00:00","Fondo ERRANO","T0",-60,-77.8165213313508
"2021-06-27 00:00:00","Fondo Errano_T0_2021","T0",-20,-52.5286129439697
"2021-06-27 00:00:00","Fondo ERRANO","T0",-20,-52.5286129439697
"2021-06-28 00:00:00","Fondo ERRANO","T0",-20,-54.6121557594564
"2021-06-28 00:00:00","Fondo ERRANO","T0",-60,-84.3297913612986
"2021-06-28 00:00:00","Fondo Errano_T0_2021","T0",-20,-54.6121557594564
"2021-06-29 00:00:00","Fondo ERRANO","T0",-60,-90.38414599583
"2021-06-29 00:00:00","Fondo Errano_T0_2021","T0",-20,-55.9893448412706
"2021-06-29 00:00:00","Fondo ERRANO","T0",-20,-55.9893448412706
"2021-06-30 00:00:00","Fondo ERRANO","T0",-60,-97.2151656188667
"2021-06-30 00:00:00","Fondo ERRANO","T0",-20,-59.2052421230744
"2021-06-30 00:00:00","Fondo Errano_T0_2021","T0",-20,-59.2052421230744
"2021-07-01 00:00:00","Fondo ERRANO","T0",-60,-103.245731602273
"2021-07-01 00:00:00","Fondo Errano_T0_2021","T0",-20,-62.3666350917483
"2021-07-01 00:00:00","Fondo ERRANO","T0",-20,-62.3666350917483
"2021-07-02 00:00:00","Fondo ERRANO","T0",-20,-65.1312518087467
"2021-07-02 00:00:00","Fondo Errano_T0_2021","T0",-20,-65.1312518087467
"2021-07-02 00:00:00","Fondo ERRANO","T0",-60,-107.931729557675
"2021-07-03 00:00:00","Fondo ERRANO","T0",-20,-67.0584678577392
"2021-07-03 00:00:00","Fondo Errano_T0_2021","T0",-20,-67.0584678577392
"2021-07-03 00:00:00","Fondo ERRANO","T0",-60,-111.632774848033
"2021-07-04 00:00:00","Fondo ERRANO","T0",-60,-117.343765004536
"2021-07-04 00:00:00","Fondo ERRANO","T0",-20,-67.8551461604991
"2021-07-04 00:00:00","Fondo Errano_T0_2021","T0",-20,-67.8551461604991
"2021-07-05 00:00:00","Fondo Errano_T0_2021","T0",-20,-68.6338905229189
"2021-07-05 00:00:00","Fondo ERRANO","T0",-60,-120.01242103171
"2021-07-05 00:00:00","Fondo ERRANO","T0",-20,-68.6338905229189
"2021-07-06 00:00:00","Fondo Errano_T0_2021","T0",-20,-69.0968990042107
"2021-07-06 00:00:00","Fondo ERRANO","T0",-20,-69.0968990042107
"2021-07-06 00:00:00","Fondo ERRANO","T0",-60,-120.157554379067
"2021-07-07 00:00:00","Fondo ERRANO","T0",-60,-128.844792180794
"2021-07-07 00:00:00","Fondo ERRANO","T0",-20,-68.7823237361444
"2021-07-07 00:00:00","Fondo Errano_T0_2021","T0",-20,-68.7823237361444
"2021-07-08 00:00:00","Fondo Errano_T0_2021","T0",-20,-68.7134413398658
"2021-07-08 00:00:00","Fondo ERRANO","T0",-20,-68.7134413398658
"2021-07-08 00:00:00","Fondo ERRANO","T0",-60,-132.629568802145
"2021-07-09 00:00:00","Fondo ERRANO","T0",-60,-134.868699076444
"2021-07-09 00:00:00","Fondo Errano_T0_2021","T0",-20,-69.9541355900752
"2021-07-09 00:00:00","Fondo ERRANO","T0",-20,-69.9541355900752
"2021-07-10 00:00:00","Fondo ERRANO","T0",-20,-72.3636009103375
"2021-07-10 00:00:00","Fondo ERRANO","T0",-60,-138.065691074739
"2021-07-10 00:00:00","Fondo Errano_T0_2021","T0",-20,-72.3636009103375
"2021-07-11 00:00:00","Fondo ERRANO","T0",-20,-73.934305960237
"2021-07-11 00:00:00","Fondo ERRANO","T0",-60,-143.419211619361
"2021-07-11 00:00:00","Fondo Errano_T0_2021","T0",-20,-73.934305960237
"2021-07-12 00:00:00","Fondo Errano_T0_2021","T0",-20,-75.3251696829332
"2021-07-12 00:00:00","Fondo ERRANO","T0",-60,-147.410900039843
"2021-07-12 00:00:00","Fondo ERRANO","T0",-20,-75.3251696829332
"2021-07-13 00:00:00","Fondo ERRANO","T0",-60,-141.686165195276
"2021-07-13 00:00:00","Fondo ERRANO","T0",-20,-60.4755948941897
"2021-07-13 00:00:00","Fondo Errano_T0_2021","T0",-20,-60.4755948941897
"2021-07-14 00:00:00","Fondo ERRANO","T0",-20,-30.1862280999845
"2021-07-14 00:00:00","Fondo ERRANO","T0",-60,-104.560914106941
"2021-07-14 00:00:00","Fondo Errano_T0_2021","T0",-20,-30.1862280999845
"2021-07-15 00:00:00","Fondo ERRANO","T0",-60,-98.9435771875499
"2021-07-15 00:00:00","Fondo ERRANO","T0",-20,-27.8557746074099
"2021-07-15 00:00:00","Fondo Errano_T0_2021","T0",-20,-27.8557746074099
"2021-07-16 00:00:00","Fondo ERRANO","T0",-20,-26.9124235250486
"2021-07-16 00:00:00","Fondo Errano_T0_2021","T0",-20,-26.9124235250486
"2021-07-16 00:00:00","Fondo ERRANO","T0",-60,-98.1763924065865
"2021-07-17 00:00:00","Fondo Errano_T0_2021","T0",-20,-25.2533434197907
"2021-07-17 00:00:00","Fondo ERRANO","T0",-60,-96.1741918119162
"2021-07-17 00:00:00","Fondo ERRANO","T0",-20,-25.2533434197907
"2021-07-18 00:00:00","Fondo ERRANO","T0",-20,-24.458685981562
"2021-07-18 00:00:00","Fondo Errano_T0_2021","T0",-20,-24.458685981562
"2021-07-18 00:00:00","Fondo ERRANO","T0",-60,-94.0904251202475
"2021-07-19 00:00:00","Fondo Errano_T0_2021","T0",-20,-24.0984103746937
"2021-07-19 00:00:00","Fondo ERRANO","T0",-60,-92.2245027098602
"2021-07-19 00:00:00","Fondo ERRANO","T0",-20,-24.0984103746937
"2021-07-20 00:00:00","Fondo ERRANO","T0",-20,-24.287536986973
"2021-07-20 00:00:00","Fondo ERRANO","T0",-60,-92.352333098196
"2021-07-20 00:00:00","Fondo Errano_T0_2021","T0",-20,-24.287536986973
"2021-07-21 00:00:00","Fondo Errano_T0_2021","T0",-20,-25.2096408999162
"2021-07-21 00:00:00","Fondo ERRANO","T0",-20,-25.2096408999162
"2021-07-21 00:00:00","Fondo ERRANO","T0",-60,-96.2282729916629
"2021-07-22 00:00:00","Fondo Errano_T0_2021","T0",-20,-26.5556418430574
"2021-07-22 00:00:00","Fondo ERRANO","T0",-60,-98.4533852783403
"2021-07-22 00:00:00","Fondo ERRANO","T0",-20,-26.5556418430574
"2021-07-23 00:00:00","Fondo Errano_T0_2021","T0",-20,-28.7788795408785
"2021-07-23 00:00:00","Fondo ERRANO","T0",-60,-103.011222249562
"2021-07-23 00:00:00","Fondo ERRANO","T0",-20,-28.7788795408785
"2021-07-24 00:00:00","Fondo Errano_T0_2021","T0",-20,-33.9047927707903
"2021-07-24 00:00:00","Fondo ERRANO","T0",-60,-105.890878294447
"2021-07-24 00:00:00","Fondo ERRANO","T0",-20,-33.9047927707903
"2021-07-25 00:00:00","Fondo ERRANO","T0",-20,-42.1436806091383
"2021-07-25 00:00:00","Fondo ERRANO","T0",-60,-108.796218693831
"2021-07-25 00:00:00","Fondo Errano_T0_2021","T0",-20,-42.1436806091383
"2021-07-26 00:00:00","Fondo Errano_T0_2021","T0",-20,-48.469799270882
"2021-07-26 00:00:00","Fondo ERRANO","T0",-20,-48.469799270882
"2021-07-26 00:00:00","Fondo ERRANO","T0",-60,-112.394338584933
"2021-07-27 00:00:00","Fondo Errano_T0_2021","T0",-20,-47.565513528428
"2021-07-27 00:00:00","Fondo ERRANO","T0",-20,-47.565513528428
"2021-07-27 00:00:00","Fondo ERRANO","T0",-60,-107.898622745789
"2021-07-28 00:00:00","Fondo Errano_T0_2021","T0",-20,-48.7311819540602
"2021-07-28 00:00:00","Fondo ERRANO","T0",-60,-99.2158089753953
"2021-07-28 00:00:00","Fondo ERRANO","T0",-20,-48.7311819540602
"2021-07-29 00:00:00","Fondo Errano_T0_2021","T0",-20,-51.4458113347163
"2021-07-29 00:00:00","Fondo ERRANO","T0",-60,-93.1530928703452
"2021-07-29 00:00:00","Fondo ERRANO","T0",-20,-51.4458113347163
"2021-07-30 00:00:00","Fondo ERRANO","T0",-20,-54.0233279585571
"2021-07-30 00:00:00","Fondo Errano_T0_2021","T0",-20,-54.0233279585571
"2021-07-30 00:00:00","Fondo ERRANO","T0",-60,-83.902284778902
"2021-07-31 00:00:00","Fondo ERRANO","T0",-60,-83.4611672524724
"2021-07-31 00:00:00","Fondo Errano_T0_2021","T0",-20,-55.3099198043323
"2021-07-31 00:00:00","Fondo ERRANO","T0",-20,-55.3099198043323
"2021-08-01 00:00:00","Fondo Errano_T0_2021","T0",-20,-54.050743919733
"2021-08-01 00:00:00","Fondo ERRANO","T0",-20,-54.050743919733
"2021-08-01 00:00:00","Fondo ERRANO","T0",-60,-82.0661904345608
"2021-08-02 00:00:00","Fondo Errano_T0_2021","T0",-20,-56.6155253515454
"2021-08-02 00:00:00","Fondo ERRANO","T0",-60,-84.7964308578887
"2021-08-02 00:00:00","Fondo ERRANO","T0",-20,-56.6155253515454
"2021-08-03 00:00:00","Fondo ERRANO","T0",-60,-85.9703255172208
"2021-08-03 00:00:00","Fondo Errano_T0_2021","T0",-20,-59.1411501497573
"2021-08-03 00:00:00","Fondo ERRANO","T0",-20,-59.1411501497573
"2021-08-04 00:00:00","Fondo Errano_T0_2021","T0",-20,-60.4055744315757
"2021-08-04 00:00:00","Fondo ERRANO","T0",-20,-60.4055744315757
"2021-08-04 00:00:00","Fondo ERRANO","T0",-60,-88.7859746366589
"2021-08-05 00:00:00","Fondo Errano_T0_2021","T0",-20,-60.8342816946616
"2021-08-05 00:00:00","Fondo ERRANO","T0",-20,-60.8342816946616
"2021-08-05 00:00:00","Fondo ERRANO","T0",-60,-85.6424444893974
"2021-08-06 00:00:00","Fondo ERRANO","T0",-20,-61.7398649117944
"2021-08-06 00:00:00","Fondo ERRANO","T0",-60,-83.2663533053855
"2021-08-06 00:00:00","Fondo Errano_T0_2021","T0",-20,-61.7398649117944
"2021-08-07 00:00:00","Fondo ERRANO","T0",-20,-62.7830101957301
"2021-08-07 00:00:00","Fondo ERRANO","T0",-60,-82.7968894557412
"2021-08-07 00:00:00","Fondo Errano_T0_2021","T0",-20,-62.7830101957301
"2021-08-08 00:00:00","Fondo Errano_T0_2021","T0",-20,-63.8252872026261
"2021-08-08 00:00:00","Fondo ERRANO","T0",-60,-85.056910550787
"2021-08-08 00:00:00","Fondo ERRANO","T0",-20,-63.8252872026261
"2021-08-09 00:00:00","Fondo Errano_T0_2021","T0",-20,-66.18718872505
"2021-08-09 00:00:00","Fondo ERRANO","T0",-20,-66.18718872505
"2021-08-09 00:00:00","Fondo ERRANO","T0",-60,-90.8552653230345
"2021-08-10 00:00:00","Fondo Errano_T0_2021","T0",-20,-67.9499274338775
"2021-08-10 00:00:00","Fondo ERRANO","T0",-20,-67.9499274338775
"2021-08-10 00:00:00","Fondo ERRANO","T0",-60,-92.7857198373974
"2021-08-11 00:00:00","Fondo ERRANO","T0",-20,-68.7033283975567
"2021-08-11 00:00:00","Fondo ERRANO","T0",-60,-86.7900164377944
"2021-08-11 00:00:00","Fondo Errano_T0_2021","T0",-20,-68.7033283975567
"2021-08-12 00:00:00","Fondo Errano_T0_2021","T0",-20,-69.0442834030518
"2021-08-12 00:00:00","Fondo ERRANO","T0",-20,-69.0442834030518
"2021-08-12 00:00:00","Fondo ERRANO","T0",-60,-83.6203000183154
"2021-08-13 00:00:00","Fondo Errano_T0_2021","T0",-20,-69.4667715176139
"2021-08-13 00:00:00","Fondo ERRANO","T0",-20,-69.4667715176139
"2021-08-13 00:00:00","Fondo ERRANO","T0",-60,-81.0826625509902
"2021-08-14 00:00:00","Fondo ERRANO","T0",-60,-79.7239443640535
"2021-08-14 00:00:00","Fondo ERRANO","T0",-20,-70.4610852639009
"2021-08-14 00:00:00","Fondo Errano_T0_2021","T0",-20,-70.4610852639009
"2021-08-15 00:00:00","Fondo ERRANO","T0",-60,-80.5661261562128
"2021-08-15 00:00:00","Fondo ERRANO","T0",-20,-71.6156488862614
"2021-08-15 00:00:00","Fondo Errano_T0_2021","T0",-20,-71.6156488862614
"2021-08-16 00:00:00","Fondo Errano_T0_2021","T0",-20,-73.694533252689
"2021-08-16 00:00:00","Fondo ERRANO","T0",-20,-73.694533252689
"2021-08-16 00:00:00","Fondo ERRANO","T0",-60,-82.3761843481161
"2021-08-17 00:00:00","Fondo Errano_T0_2021","T0",-20,-76.2443915241622
"2021-08-17 00:00:00","Fondo ERRANO","T0",-20,-76.2443915241622
"2021-08-17 00:00:00","Fondo ERRANO","T0",-60,-88.0717089294682
"2021-08-18 00:00:00","Fondo Errano_T0_2021","T0",-20,-79.3700014114625
"2021-08-18 00:00:00","Fondo ERRANO","T0",-20,-79.3700014114625
"2021-08-18 00:00:00","Fondo ERRANO","T0",-60,-99.4828996455544
"2021-08-19 00:00:00","Fondo Errano_T0_2021","T0",-20,-81.8834844203565
"2021-08-19 00:00:00","Fondo ERRANO","T0",-60,-105.056381242711
"2021-08-19 00:00:00","Fondo ERRANO","T0",-20,-81.8834844203565
"2021-08-20 00:00:00","Fondo ERRANO","T0",-20,-83.8655293546228
"2021-08-20 00:00:00","Fondo ERRANO","T0",-60,-107.598092418946
"2021-08-20 00:00:00","Fondo Errano_T0_2021","T0",-20,-83.8655293546228
"2021-08-21 00:00:00","Fondo ERRANO","T0",-20,-84.5691371893153
"2021-08-21 00:00:00","Fondo Errano_T0_2021","T0",-20,-84.5691371893153
"2021-08-21 00:00:00","Fondo ERRANO","T0",-60,-106.907883279851
"2021-08-22 00:00:00","Fondo Errano_T0_2021","T0",-20,-85.0413239359566
"2021-08-22 00:00:00","Fondo ERRANO","T0",-20,-85.0413239359566
"2021-08-22 00:00:00","Fondo ERRANO","T0",-60,-105.880442051255
"2021-08-23 00:00:00","Fondo ERRANO","T0",-60,-101.398518993392
"2021-08-23 00:00:00","Fondo ERRANO","T0",-20,-70.7336948161191
"2021-08-23 00:00:00","Fondo Errano_T0_2021","T0",-20,-70.7336948161191
"2021-08-24 00:00:00","Fondo ERRANO","T0",-20,-55.9994551291182
"2021-08-24 00:00:00","Fondo Errano_T0_2021","T0",-20,-55.9994551291182
"2021-08-24 00:00:00","Fondo ERRANO","T0",-60,-86.2489788358191
"2021-08-25 00:00:00","Fondo ERRANO","T0",-60,-79.4979331495993
"2021-08-25 00:00:00","Fondo Errano_T0_2021","T0",-20,-57.0976364001288
"2021-08-25 00:00:00","Fondo ERRANO","T0",-20,-57.0976364001288
"2021-08-26 00:00:00","Fondo ERRANO","T0",-60,-76.0310487927208
"2021-08-26 00:00:00","Fondo ERRANO","T0",-20,-58.1606313943726
"2021-08-26 00:00:00","Fondo Errano_T0_2021","T0",-20,-58.1606313943726
"2021-08-27 00:00:00","Fondo Errano_T0_2021","T0",-20,-57.6914121842624
"2021-08-27 00:00:00","Fondo ERRANO","T0",-20,-57.6914121842624
"2021-08-27 00:00:00","Fondo ERRANO","T0",-60,-72.7913367319654
"2021-08-28 00:00:00","Fondo ERRANO","T0",-20,-57.831994640335
"2021-08-28 00:00:00","Fondo Errano_T0_2021","T0",-20,-57.831994640335
"2021-08-28 00:00:00","Fondo ERRANO","T0",-60,-65.7634411919551
"2021-08-29 00:00:00","Fondo Errano_T0_2021","T0",-20,-56.5443326564232
"2021-08-29 00:00:00","Fondo ERRANO","T0",-20,-56.5443326564232
"2021-08-29 00:00:00","Fondo ERRANO","T0",-60,-61.0326095741415
"2021-08-30 00:00:00","Fondo Errano_T0_2021","T0",-20,-56.2643592530186
"2021-08-30 00:00:00","Fondo ERRANO","T0",-20,-56.2643592530186
"2021-08-30 00:00:00","Fondo ERRANO","T0",-60,-57.5911328380369
"2021-08-31 00:00:00","Fondo ERRANO","T0",-20,-52.6979891302329
"2021-08-31 00:00:00","Fondo Errano_T0_2021","T0",-20,-52.6979891302329
"2021-08-31 00:00:00","Fondo ERRANO","T0",-60,-55.7198294016461
"2021-09-01 00:00:00","Fondo Errano_T0_2021","T0",-20,-42.2061465010411
"2021-09-01 00:00:00","Fondo ERRANO","T0",-20,-42.2061465010411
"2021-09-01 00:00:00","Fondo ERRANO","T0",-60,-48.4399784096228
"2021-09-02 00:00:00","Fondo ERRANO","T0",-20,-38.1071707457554
"2021-09-02 00:00:00","Fondo Errano_T0_2021","T0",-20,-38.1071707457554
"2021-09-02 00:00:00","Fondo ERRANO","T0",-60,-42.667960145607
"2021-09-03 00:00:00","Fondo ERRANO","T0",-20,-36.1781094962565
"2021-09-03 00:00:00","Fondo Errano_T0_2021","T0",-20,-36.1781094962565
"2021-09-03 00:00:00","Fondo ERRANO","T0",-60,-40.509263225189
"2021-09-04 00:00:00","Fondo ERRANO","T0",-20,-34.9855494574454
"2021-09-04 00:00:00","Fondo Errano_T0_2021","T0",-20,-34.9855494574454
"2021-09-04 00:00:00","Fondo ERRANO","T0",-60,-39.0175875937907
"2021-09-05 00:00:00","Fondo Errano_T0_2021","T0",-20,-34.3353708310403
"2021-09-05 00:00:00","Fondo ERRANO","T0",-20,-34.3353708310403
"2021-09-05 00:00:00","Fondo ERRANO","T0",-60,-40.0434693695869
"2021-09-06 00:00:00","Fondo ERRANO","T0",-60,-39.8321358595891
"2021-09-06 00:00:00","Fondo Errano_T0_2021","T0",-20,-34.1759658548589
"2021-09-06 00:00:00","Fondo ERRANO","T0",-20,-34.1759658548589
"2021-09-07 00:00:00","Fondo ERRANO","T0",-60,-40.3439532162501
"2021-09-07 00:00:00","Fondo Errano_T0_2021","T0",-20,-34.2244729968779
"2021-09-07 00:00:00","Fondo ERRANO","T0",-20,-34.2244729968779
"2021-09-08 00:00:00","Fondo ERRANO","T0",-60,-39.4120133561193
"2021-09-08 00:00:00","Fondo Errano_T0_2021","T0",-20,-34.3809903498598
"2021-09-08 00:00:00","Fondo ERRANO","T0",-20,-34.3809903498598
"2021-09-09 00:00:00","Fondo ERRANO","T0",-60,-39.1350985579545
"2021-09-09 00:00:00","Fondo ERRANO","T0",-20,-34.4568693425102
"2021-09-09 00:00:00","Fondo Errano_T0_2021","T0",-20,-34.4568693425102
"2021-09-10 00:00:00","Fondo ERRANO","T0",-20,-34.7437827494312
"2021-09-10 00:00:00","Fondo Errano_T0_2021","T0",-20,-34.7437827494312
"2021-09-10 00:00:00","Fondo ERRANO","T0",-60,-38.5052985371756
"2021-09-11 00:00:00","Fondo ERRANO","T0",-60,-38.1960051806641
"2021-09-11 00:00:00","Fondo ERRANO","T0",-20,-34.9981028375055
"2021-09-11 00:00:00","Fondo Errano_T0_2021","T0",-20,-34.9981028375055
"2021-09-12 00:00:00","Fondo Errano_T0_2021","T0",-20,-35.2356008719728
"2021-09-12 00:00:00","Fondo ERRANO","T0",-20,-35.2356008719728
"2021-09-12 00:00:00","Fondo ERRANO","T0",-60,-36.9921726889542
"2021-09-13 00:00:00","Fondo ERRANO","T0",-20,-35.6132203635021
"2021-09-13 00:00:00","Fondo ERRANO","T0",-60,-36.4574039400352
"2021-09-13 00:00:00","Fondo Errano_T0_2021","T0",-20,-35.6132203635021
"2021-09-14 00:00:00","Fondo Errano_T0_2021","T0",-20,-36.0404948402124
"2021-09-14 00:00:00","Fondo ERRANO","T0",-60,-35.8656161313649
"2021-09-14 00:00:00","Fondo ERRANO","T0",-20,-36.0404948402124
"2021-09-15 00:00:00","Fondo Errano_T0_2021","T0",-20,-36.3838471484132
"2021-09-15 00:00:00","Fondo ERRANO","T0",-20,-36.3838471484132
"2021-09-15 00:00:00","Fondo ERRANO","T0",-60,-35.2350144221758
"2021-09-16 00:00:00","Fondo ERRANO","T0",-60,-34.5691505549273
"2021-09-16 00:00:00","Fondo ERRANO","T0",-20,-36.4794082051348
"2021-09-16 00:00:00","Fondo Errano_T0_2021","T0",-20,-36.4794082051348
"2021-09-17 00:00:00","Fondo Errano_T0_2021","T0",-20,-35.9080170009631
"2021-09-17 00:00:00","Fondo ERRANO","T0",-60,-34.0524964308206
"2021-09-17 00:00:00","Fondo ERRANO","T0",-20,-35.9080170009631
"2021-09-18 00:00:00","Fondo ERRANO","T0",-60,-32.8068149136526
"2021-09-18 00:00:00","Fondo ERRANO","T0",-20,-35.4624041646481
"2021-09-18 00:00:00","Fondo Errano_T0_2021","T0",-20,-35.4624041646481
"2021-09-19 00:00:00","Fondo Errano_T0_2021","T0",-20,-35.2423805976651
"2021-09-19 00:00:00","Fondo ERRANO","T0",-60,-32.229112077776
"2021-09-19 00:00:00","Fondo ERRANO","T0",-20,-35.2423805976651
"2021-09-20 00:00:00","Fondo ERRANO","T0",-20,-35.4603223114534
"2021-09-20 00:00:00","Fondo ERRANO","T0",-60,-32.0538735695795
"2021-09-20 00:00:00","Fondo Errano_T0_2021","T0",-20,-35.4603223114534
"2021-09-21 00:00:00","Fondo ERRANO","T0",-20,-35.5456460778749
"2021-09-21 00:00:00","Fondo Errano_T0_2021","T0",-20,-35.5456460778749
"2021-09-21 00:00:00","Fondo ERRANO","T0",-60,-31.6377876970968
"2021-09-22 00:00:00","Fondo ERRANO","T0",-20,-36.0845025589228
"2021-09-22 00:00:00","Fondo Errano_T0_2021","T0",-20,-36.0845025589228
"2021-09-22 00:00:00","Fondo ERRANO","T0",-60,-31.163917277312
"2021-09-23 00:00:00","Fondo ERRANO","T0",-60,-31.4292695462226
"2021-09-23 00:00:00","Fondo Errano_T0_2021","T0",-20,-36.4511203016232
"2021-09-23 00:00:00","Fondo ERRANO","T0",-20,-36.4511203016232
"2021-09-24 00:00:00","Fondo ERRANO","T0",-60,-31.2231178276211
"2021-09-24 00:00:00","Fondo ERRANO","T0",-20,-36.8510800872848
"2021-09-24 00:00:00","Fondo Errano_T0_2021","T0",-20,-36.8510800872848
"2021-09-25 00:00:00","Fondo ERRANO","T0",-60,-31.2591382612263
"2021-09-25 00:00:00","Fondo ERRANO","T0",-20,-36.8308630827878
"2021-09-25 00:00:00","Fondo Errano_T0_2021","T0",-20,-36.8308630827878
"2021-09-26 00:00:00","Fondo ERRANO","T0",-20,-33.703826618009
"2021-09-26 00:00:00","Fondo Errano_T0_2021","T0",-20,-33.703826618009
"2021-09-26 00:00:00","Fondo ERRANO","T0",-60,-30.9534577589524
"2021-09-27 00:00:00","Fondo ERRANO","T0",-20,-23.0159058138661
"2021-09-27 00:00:00","Fondo ERRANO","T0",-60,-30.0496934110766
"2021-09-27 00:00:00","Fondo Errano_T0_2021","T0",-20,-23.0159058138661
"2021-09-28 00:00:00","Fondo ERRANO","T0",-60,-28.8461030938003
"2021-09-28 00:00:00","Fondo ERRANO","T0",-20,-22.045368916405
"2021-09-28 00:00:00","Fondo Errano_T0_2021","T0",-20,-22.045368916405
"2021-09-29 00:00:00","Fondo ERRANO","T0",-20,-21.9330683187705
"2021-09-29 00:00:00","Fondo ERRANO","T0",-60,-28.1015475604648
"2021-09-29 00:00:00","Fondo Errano_T0_2021","T0",-20,-21.9330683187705
"2021-09-30 00:00:00","Fondo Errano_T0_2021","T0",-20,-21.8934098743822
"2021-09-30 00:00:00","Fondo ERRANO","T0",-20,-21.8934098743822
"2021-09-30 00:00:00","Fondo ERRANO","T0",-60,-27.1582993988477
"2021-10-01 00:00:00","Fondo ERRANO","T0",-60,-25.9652473691489
"2021-10-01 00:00:00","Fondo ERRANO","T0",-20,-21.8532140906819
"2021-10-01 00:00:00","Fondo Errano_T0_2021","T0",-20,-21.8532140906819
"2021-10-02 00:00:00","Fondo ERRANO","T0",-20,-21.8937738643232
"2021-10-02 00:00:00","Fondo Errano_T0_2021","T0",-20,-21.8937738643232
"2021-10-02 00:00:00","Fondo ERRANO","T0",-60,-25.091473596898
"2021-10-03 00:00:00","Fondo ERRANO","T0",-60,-24.704267407642
"2021-10-03 00:00:00","Fondo ERRANO","T0",-20,-22.02679970147
"2021-10-03 00:00:00","Fondo Errano_T0_2021","T0",-20,-22.02679970147
"2021-10-04 00:00:00","Fondo ERRANO","T0",-20,-22.0045058198154
"2021-10-04 00:00:00","Fondo ERRANO","T0",-60,-24.4344796493767
"2021-10-04 00:00:00","Fondo Errano_T0_2021","T0",-20,-22.0045058198154
"2021-10-05 00:00:00","Fondo ERRANO","T0",-60,-23.9818055290419
"2021-10-05 00:00:00","Fondo ERRANO","T0",-20,-21.9105374421732
"2021-10-05 00:00:00","Fondo Errano_T0_2021","T0",-20,-21.9105374421732
"2021-10-06 00:00:00","Fondo ERRANO","T0",-60,-23.774292214946
"2021-10-06 00:00:00","Fondo Errano_T0_2021","T0",-20,-21.956020593702
"2021-10-06 00:00:00","Fondo ERRANO","T0",-20,-21.956020593702
"2021-10-07 00:00:00","Fondo ERRANO","T0",-20,-21.7146577595966
"2021-10-07 00:00:00","Fondo ERRANO","T0",-60,-23.7268898094409
"2021-10-07 00:00:00","Fondo Errano_T0_2021","T0",-20,-21.7146577595966
"2021-10-08 00:00:00","Fondo ERRANO","T0",-60,-23.5917597054294
"2021-10-08 00:00:00","Fondo Errano_T0_2021","T0",-20,-22.0060000877324
"2021-10-08 00:00:00","Fondo ERRANO","T0",-20,-22.0060000877324
"2021-10-09 00:00:00","Fondo Errano_T0_2021","T0",-20,-22.0565228841994
"2021-10-09 00:00:00","Fondo ERRANO","T0",-60,-23.3591350722657
"2021-10-09 00:00:00","Fondo ERRANO","T0",-20,-22.0565228841994
"2021-10-10 00:00:00","Fondo ERRANO","T0",-60,-23.1440038003007
"2021-10-10 00:00:00","Fondo Errano_T0_2021","T0",-20,-22.1533777123909
"2021-10-10 00:00:00","Fondo ERRANO","T0",-20,-22.1533777123909
"2021-10-11 00:00:00","Fondo Errano_T0_2021","T0",-20,-22.2204911726674
"2021-10-11 00:00:00","Fondo ERRANO","T0",-20,-22.2204911726674
"2021-10-11 00:00:00","Fondo ERRANO","T0",-60,-23.1987386182327
"2021-10-12 00:00:00","Fondo ERRANO","T0",-20,-22.1669861184485
"2021-10-12 00:00:00","Fondo Errano_T0_2021","T0",-20,-22.1669861184485
"2021-10-12 00:00:00","Fondo ERRANO","T0",-60,-23.1755530056567
"2021-10-13 00:00:00","Fondo ERRANO","T0",-60,-23.1697493529754
"2021-10-13 00:00:00","Fondo Errano_T0_2021","T0",-20,-22.2141435953148
"2021-10-13 00:00:00","Fondo ERRANO","T0",-20,-22.2141435953148
"2021-10-14 00:00:00","Fondo ERRANO","T0",-60,-23.197842267158
"2021-10-14 00:00:00","Fondo Errano_T0_2021","T0",-20,-22.2185713546598
"2021-10-14 00:00:00","Fondo ERRANO","T0",-20,-22.2185713546598
"2021-10-15 00:00:00","Fondo Errano_T0_2021","T0",-20,-22.4460959269911
"2021-10-15 00:00:00","Fondo ERRANO","T0",-20,-22.4460959269911
"2021-10-15 00:00:00","Fondo ERRANO","T0",-60,-23.3131492966448
"2021-10-16 00:00:00","Fondo ERRANO","T0",-20,-22.467804837145
"2021-10-16 00:00:00","Fondo Errano_T0_2021","T0",-20,-22.467804837145
"2021-10-16 00:00:00","Fondo ERRANO","T0",-60,-23.4095257651387
"2021-10-17 00:00:00","Fondo Errano_T0_2021","T0",-20,-22.4629652825789
"2021-10-17 00:00:00","Fondo ERRANO","T0",-60,-23.4868558755486
"2021-10-17 00:00:00","Fondo ERRANO","T0",-20,-22.4629652825789
"2021-10-18 00:00:00","Fondo ERRANO","T0",-60,-23.4948593261796
"2021-10-18 00:00:00","Fondo ERRANO","T0",-20,-22.4923672596503
"2021-10-18 00:00:00","Fondo Errano_T0_2021","T0",-20,-22.4923672596503
"2021-10-19 00:00:00","Fondo ERRANO","T0",-60,-23.5457958932268
"2021-10-19 00:00:00","Fondo Errano_T0_2021","T0",-20,-22.5752664928382
"2021-10-19 00:00:00","Fondo ERRANO","T0",-20,-22.5752664928382
"2021-10-20 00:00:00","Fondo ERRANO","T0",-20,-22.7048218540076
"2021-10-20 00:00:00","Fondo ERRANO","T0",-60,-23.5787615325932
"2021-10-20 00:00:00","Fondo Errano_T0_2021","T0",-20,-22.7048218540076
"2021-10-21 00:00:00","Fondo ERRANO","T0",-20,-22.8241472873465
"2021-10-21 00:00:00","Fondo ERRANO","T0",-60,-23.7453413870861
"2021-10-21 00:00:00","Fondo Errano_T0_2021","T0",-20,-22.8241472873465
"2021-10-22 00:00:00","Fondo Errano_T0_2021","T0",-20,-23.3209074861128
"2021-10-22 00:00:00","Fondo ERRANO","T0",-60,-23.5598620149367
"2021-10-22 00:00:00","Fondo ERRANO","T0",-20,-23.3209074861128
"2021-10-23 00:00:00","Fondo ERRANO","T0",-20,-23.3251976861066
"2021-10-23 00:00:00","Fondo ERRANO","T0",-60,-23.5390684824666
"2021-10-24 00:00:00","Fondo ERRANO","T0",-60,-23.4822236289046
"2021-10-24 00:00:00","Fondo ERRANO","T0",-20,-23.3694446603194
"2021-10-25 00:00:00","Fondo ERRANO","T0",-60,-23.4881978999139
"2021-10-25 00:00:00","Fondo ERRANO","T0",-20,-23.8464356121785
"2021-10-26 00:00:00","Fondo ERRANO","T0",-20,-24.4315017729362
"2021-10-26 00:00:00","Fondo ERRANO","T0",-60,-23.6337815318445
"2021-10-27 00:00:00","Fondo ERRANO","T0",-20,-25.4911972400449
"2021-10-27 00:00:00","Fondo ERRANO","T0",-60,-23.71317113475
"2021-10-28 00:00:00","Fondo ERRANO","T0",-20,-26.6877167195792
"2021-10-28 00:00:00","Fondo ERRANO","T0",-60,-23.8445868731241
"2021-10-29 00:00:00","Fondo ERRANO","T0",-60,-23.9090826782822
"2021-10-29 00:00:00","Fondo ERRANO","T0",-20,-28.4687302145616
"2021-10-30 00:00:00","Fondo ERRANO","T0",-20,-25.4183275766796
"2021-10-30 00:00:00","Fondo ERRANO","T0",-60,-23.842682807087
"2021-10-31 00:00:00","Fondo ERRANO","T0",-60,-23.8734150931583
"2021-10-31 00:00:00","Fondo ERRANO","T0",-20,-23.9865077668345
"2021-11-01 00:00:00","Fondo ERRANO","T0",-20,-23.2198458495383
"2021-11-01 00:00:00","Fondo ERRANO","T0",-60,-23.7966021638074
"2021-11-02 00:00:00","Fondo ERRANO","T0",-60,-23.8364111842088
"2021-11-02 00:00:00","Fondo ERRANO","T0",-20,-23.2114184011861
"2021-11-03 00:00:00","Fondo ERRANO","T0",-60,-23.8009125934762
"2021-11-03 00:00:00","Fondo ERRANO","T0",-20,-23.0788072511357
"2021-11-04 00:00:00","Fondo ERRANO","T0",-20,-22.9202399989574
"2021-11-04 00:00:00","Fondo ERRANO","T0",-60,-23.7718798386861
"2021-11-05 00:00:00","Fondo ERRANO","T0",-60,-23.6985181670349
"2021-11-05 00:00:00","Fondo ERRANO","T0",-20,-22.8785361853422
"2021-11-06 00:00:00","Fondo ERRANO","T0",-20,-22.9529109191766
"2021-11-06 00:00:00","Fondo ERRANO","T0",-60,-23.7664613624483
"2021-11-07 00:00:00","Fondo ERRANO","T0",-60,-23.8070979575067
"2021-11-07 00:00:00","Fondo ERRANO","T0",-20,-22.9573498682558
"2021-11-08 00:00:00","Fondo ERRANO","T0",-60,-23.8691727496609
"2021-11-08 00:00:00","Fondo ERRANO","T0",-20,-22.7873227747125
"2021-11-09 00:00:00","Fondo ERRANO","T0",-60,-23.8045500321317
"2021-11-09 00:00:00","Fondo ERRANO","T0",-20,-22.8103185569285
"2021-11-10 00:00:00","Fondo ERRANO","T0",-20,-22.8561043827851
"2021-11-10 00:00:00","Fondo ERRANO","T0",-60,-23.9893436968063
"2021-11-11 00:00:00","Fondo ERRANO","T0",-60,-23.9969842455933
"2021-11-11 00:00:00","Fondo ERRANO","T0",-20,-22.7815145767997
"2021-11-12 00:00:00","Fondo ERRANO","T0",-20,-22.7658650453415
"2021-11-12 00:00:00","Fondo ERRANO","T0",-60,-23.9522636536026
"2021-11-13 00:00:00","Fondo ERRANO","T0",-60,-23.963920044683
"2021-11-13 00:00:00","Fondo ERRANO","T0",-20,-22.8122427321991
"2021-11-14 00:00:00","Fondo ERRANO","T0",-20,-22.7153774014534
"2021-11-14 00:00:00","Fondo ERRANO","T0",-60,-23.9431110425125
"2021-11-15 00:00:00","Fondo ERRANO","T0",-60,-23.9219916366232
"2021-11-15 00:00:00","Fondo ERRANO","T0",-20,-22.6199219918625
"2021-11-16 00:00:00","Fondo ERRANO","T0",-60,-23.6521414437784
"2021-11-16 00:00:00","Fondo ERRANO","T0",-20,-22.5499497050419
"2021-11-17 00:00:00","Fondo ERRANO","T0",-20,-22.7065292294395
"2021-11-17 00:00:00","Fondo ERRANO","T0",-60,-23.7587888601942
"2021-11-18 00:00:00","Fondo ERRANO","T0",-60,-23.8823616933208
"2021-11-18 00:00:00","Fondo ERRANO","T0",-20,-22.6886259964812
"2021-11-19 00:00:00","Fondo ERRANO","T0",-20,-22.6354448796101
"2021-11-19 00:00:00","Fondo ERRANO","T0",-60,-23.7865210985646
"2021-11-20 00:00:00","Fondo ERRANO","T0",-60,-23.8214628082634
"2021-11-20 00:00:00","Fondo ERRANO","T0",-20,-22.6839242981633
"2021-11-21 00:00:00","Fondo ERRANO","T0",-20,-22.7463462269667
"2021-11-21 00:00:00","Fondo ERRANO","T0",-60,-23.7049483254062
"2021-11-22 00:00:00","Fondo ERRANO","T0",-20,-22.897324078288
"2021-11-22 00:00:00","Fondo ERRANO","T0",-60,-23.8144884654673
"2021-11-23 00:00:00","Fondo ERRANO","T0",-20,-22.7077356086599
"2021-11-23 00:00:00","Fondo ERRANO","T0",-60,-23.853448741758
"2021-11-24 00:00:00","Fondo ERRANO","T0",-60,-23.8196758855974
"2021-11-24 00:00:00","Fondo ERRANO","T0",-20,-22.7770811885124
"2021-11-25 00:00:00","Fondo ERRANO","T0",-60,-23.8555629912557
"2021-11-25 00:00:00","Fondo ERRANO","T0",-20,-22.873330556879
"2021-11-26 00:00:00","Fondo ERRANO","T0",-20,-22.9125152884003
"2021-11-26 00:00:00","Fondo ERRANO","T0",-60,-23.8965482706436
"2021-11-27 00:00:00","Fondo ERRANO","T0",-60,-24.0174978741558
"2021-11-27 00:00:00","Fondo ERRANO","T0",-20,-22.9687368020381
"2021-11-28 00:00:00","Fondo ERRANO","T0",-20,-22.8103347341183
"2021-11-28 00:00:00","Fondo ERRANO","T0",-60,-23.8081651594599
"2021-11-29 00:00:00","Fondo ERRANO","T0",-20,-22.9606529759259
"2021-11-29 00:00:00","Fondo ERRANO","T0",-60,-23.6733204128778
"2021-11-30 00:00:00","Fondo ERRANO","T0",-60,-23.9222234870475
"2021-11-30 00:00:00","Fondo ERRANO","T0",-20,-23.289676523228
"2021-12-01 00:00:00","Fondo ERRANO","T0",-60,-24.2020583287474
"2021-12-01 00:00:00","Fondo ERRANO","T0",-20,-23.3751147722409
"2021-12-02 00:00:00","Fondo ERRANO","T0",-20,-22.9435419782392
"2021-12-02 00:00:00","Fondo ERRANO","T0",-60,-24.0451204444996
"2021-12-03 00:00:00","Fondo ERRANO","T0",-60,-24.0116022847171
"2021-12-03 00:00:00","Fondo ERRANO","T0",-20,-23.018472764475
"2021-12-04 00:00:00","Fondo ERRANO","T0",-20,-23.19709804935
"2021-12-04 00:00:00","Fondo ERRANO","T0",-60,-24.2812495743662
"2021-12-05 00:00:00","Fondo ERRANO","T0",-20,-23.0634715977009
"2021-12-05 00:00:00","Fondo ERRANO","T0",-60,-24.1631064902829
"2021-12-06 00:00:00","Fondo ERRANO","T0",-60,-24.0966836290164
"2021-12-06 00:00:00","Fondo ERRANO","T0",-20,-23.1415701883348
"2021-12-07 00:00:00","Fondo ERRANO","T0",-60,-24.0893441641939
"2021-12-07 00:00:00","Fondo ERRANO","T0",-20,-23.3659402612897
"2021-12-08 00:00:00","Fondo ERRANO","T0",-20,-23.4686233694939
"2021-12-08 00:00:00","Fondo ERRANO","T0",-60,-24.2526290202245
"2021-12-09 00:00:00","Fondo ERRANO","T0",-60,-24.328464484673
"2021-12-09 00:00:00","Fondo ERRANO","T0",-20,-23.5291964211963
"2021-12-10 00:00:00","Fondo ERRANO","T0",-60,-24.5287267773929
"2021-12-10 00:00:00","Fondo ERRANO","T0",-20,-23.4314166254027
"2021-12-11 00:00:00","Fondo ERRANO","T0",-60,-24.2713330676617
"2021-12-11 00:00:00","Fondo ERRANO","T0",-20,-23.4521056656556
"2021-12-12 00:00:00","Fondo ERRANO","T0",-60,-24.3294338959539
"2021-12-12 00:00:00","Fondo ERRANO","T0",-20,-23.6038619777133
"2021-12-13 00:00:00","Fondo ERRANO","T0",-20,-23.6865174035616
"2021-12-13 00:00:00","Fondo ERRANO","T0",-60,-24.4406340161788
"2021-12-14 00:00:00","Fondo ERRANO","T0",-20,-23.7039849210142
"2021-12-14 00:00:00","Fondo ERRANO","T0",-60,-24.4530113839664
"2021-12-15 00:00:00","Fondo ERRANO","T0",-20,-23.7778031429121
"2021-12-15 00:00:00","Fondo ERRANO","T0",-60,-24.4177679626702
"2021-12-16 00:00:00","Fondo ERRANO","T0",-20,-23.7170018751023
"2021-12-16 00:00:00","Fondo ERRANO","T0",-60,-24.407872520515
"2021-12-17 00:00:00","Fondo ERRANO","T0",-20,-23.7284911351181
"2021-12-17 00:00:00","Fondo ERRANO","T0",-60,-24.3987271081555
"2021-12-18 00:00:00","Fondo ERRANO","T0",-20,-23.6628965238349
"2021-12-18 00:00:00","Fondo ERRANO","T0",-60,-24.3261142787042
"2021-12-19 00:00:00","Fondo ERRANO","T0",-60,-24.4468217047895
"2021-12-19 00:00:00","Fondo ERRANO","T0",-20,-23.822549925028
"2021-12-20 00:00:00","Fondo ERRANO","T0",-20,-23.9884084897793
"2021-12-20 00:00:00","Fondo ERRANO","T0",-60,-24.7120796668774
"2021-12-21 00:00:00","Fondo ERRANO","T0",-60,-24.6569387379712
"2021-12-21 00:00:00","Fondo ERRANO","T0",-20,-23.8466741012418
"2021-12-22 00:00:00","Fondo ERRANO","T0",-60,-24.6362926813803
"2021-12-22 00:00:00","Fondo ERRANO","T0",-20,-23.771314193589
"2021-12-23 00:00:00","Fondo ERRANO","T0",-20,-23.6893090596656
"2021-12-23 00:00:00","Fondo ERRANO","T0",-60,-24.6301119926911
"2021-12-24 00:00:00","Fondo ERRANO","T0",-60,-24.6343508615864
"2021-12-24 00:00:00","Fondo ERRANO","T0",-20,-23.6234821950889
"2021-12-25 00:00:00","Fondo ERRANO","T0",-60,-24.6075464894643
"2021-12-25 00:00:00","Fondo ERRANO","T0",-20,-23.5135390690738
"2021-12-26 00:00:00","Fondo ERRANO","T0",-20,-23.3646070623286
"2021-12-26 00:00:00","Fondo ERRANO","T0",-60,-24.5918058679685
"2021-12-27 00:00:00","Fondo ERRANO","T0",-60,-24.5248678796211
"2021-12-27 00:00:00","Fondo ERRANO","T0",-20,-23.3610245754342
"2021-12-28 00:00:00","Fondo ERRANO","T0",-60,-24.4718375255801
"2021-12-28 00:00:00","Fondo ERRANO","T0",-20,-23.3146967873875
"2021-12-29 00:00:00","Fondo ERRANO","T0",-60,-24.3724251117383
"2021-12-29 00:00:00","Fondo ERRANO","T0",-20,-23.3047848497381
"2021-12-30 00:00:00","Fondo ERRANO","T0",-20,-23.2998470553261
"2021-12-30 00:00:00","Fondo ERRANO","T0",-60,-24.310689231262
"2021-12-31 00:00:00","Fondo ERRANO","T0",-20,-23.3096319067492
"2021-12-31 00:00:00","Fondo ERRANO","T0",-60,-24.2169285243878
"2022-01-01 00:00:00","Fondo ERRANO","T0",-20,-23.3530300405775
"2022-01-01 00:00:00","Fondo ERRANO","T0",-60,-24.2422935259842
"2022-01-02 00:00:00","Fondo ERRANO","T0",-60,-24.3341454062495
"2022-01-02 00:00:00","Fondo ERRANO","T0",-20,-23.6210579745429
"2022-01-03 00:00:00","Fondo ERRANO","T0",-60,-24.3169233917656
"2022-01-03 00:00:00","Fondo ERRANO","T0",-20,-23.5053677265834
"2022-01-04 00:00:00","Fondo ERRANO","T0",-60,-24.4024719101009
"2022-01-04 00:00:00","Fondo ERRANO","T0",-20,-23.6897133467215
"2022-01-05 00:00:00","Fondo ERRANO","T0",-60,-24.6688827058517
"2022-01-05 00:00:00","Fondo ERRANO","T0",-20,-23.5544201773701
"2022-01-06 00:00:00","Fondo ERRANO","T0",-20,-23.3233205274878
"2022-01-06 00:00:00","Fondo ERRANO","T0",-60,-24.3249010229855
"2022-01-07 00:00:00","Fondo ERRANO","T0",-60,-24.4826605907984
"2022-01-07 00:00:00","Fondo ERRANO","T0",-20,-23.6878321626433
"2022-01-08 00:00:00","Fondo ERRANO","T0",-60,-24.5619204544619
"2022-01-08 00:00:00","Fondo ERRANO","T0",-20,-23.8583759084983
"2022-01-09 00:00:00","Fondo ERRANO","T0",-60,-24.7167211210058
"2022-01-09 00:00:00","Fondo ERRANO","T0",-20,-24.0969111550195
"2022-01-10 00:00:00","Fondo ERRANO","T0",-20,-24.2587141203236
"2022-01-10 00:00:00","Fondo ERRANO","T0",-60,-24.9611082782177
"2022-01-11 00:00:00","Fondo ERRANO","T0",-60,-24.9978266228244
"2022-01-11 00:00:00","Fondo ERRANO","T0",-20,-24.2326010554803
"2022-01-12 00:00:00","Fondo ERRANO","T0",-60,-24.9686796091118
"2022-01-12 00:00:00","Fondo ERRANO","T0",-20,-24.2667892008135
"2022-01-13 00:00:00","Fondo ERRANO","T0",-60,-25.0483369830478
"2022-01-13 00:00:00","Fondo ERRANO","T0",-20,-24.3380129424733
"2022-01-14 00:00:00","Fondo ERRANO","T0",-60,-25.3428106876769
"2022-01-14 00:00:00","Fondo ERRANO","T0",-20,-24.5469647358833
"2022-01-15 00:00:00","Fondo ERRANO","T0",-60,-25.3899687059974
"2022-01-15 00:00:00","Fondo ERRANO","T0",-20,-24.4069005853398
"2022-01-16 00:00:00","Fondo ERRANO","T0",-20,-24.1670114936147
"2022-01-16 00:00:00","Fondo ERRANO","T0",-60,-25.2739060551669
"2022-01-17 00:00:00","Fondo ERRANO","T0",-60,-25.3595206541556
"2022-01-17 00:00:00","Fondo ERRANO","T0",-20,-24.2584367409154
"2022-01-18 00:00:00","Fondo ERRANO","T0",-60,-25.3291482471667
"2022-01-18 00:00:00","Fondo ERRANO","T0",-20,-24.096641391718
"2022-01-19 00:00:00","Fondo ERRANO","T0",-20,-24.0255487816335
"2022-01-19 00:00:00","Fondo ERRANO","T0",-60,-25.1421854454498
"2022-01-20 00:00:00","Fondo ERRANO","T0",-60,-25.1886327055001
"2022-01-20 00:00:00","Fondo ERRANO","T0",-20,-24.2588475396989
"2022-01-21 00:00:00","Fondo ERRANO","T0",-20,-24.1583047806591
"2022-01-21 00:00:00","Fondo ERRANO","T0",-60,-25.2539737024842
"2022-01-22 00:00:00","Fondo ERRANO","T0",-60,-25.1283566050362
"2022-01-22 00:00:00","Fondo ERRANO","T0",-20,-24.2003951412
"2022-01-23 00:00:00","Fondo ERRANO","T0",-20,-24.2429696979835
"2022-01-23 00:00:00","Fondo ERRANO","T0",-60,-25.1165877697992
"2022-01-24 00:00:00","Fondo ERRANO","T0",-20,-24.2928615980042
"2022-01-24 00:00:00","Fondo ERRANO","T0",-60,-25.1852806758068
"2022-01-25 00:00:00","Fondo ERRANO","T0",-20,-24.3318671701717
"2022-01-25 00:00:00","Fondo ERRANO","T0",-60,-25.1585212208116
"2022-01-26 00:00:00","Fondo ERRANO","T0",-20,-24.3686604962413
"2022-01-26 00:00:00","Fondo ERRANO","T0",-60,-25.226683307878
"2022-01-27 00:00:00","Fondo ERRANO","T0",-60,-25.16046577678
"2022-01-27 00:00:00","Fondo ERRANO","T0",-20,-24.2347667953492
"2022-01-28 00:00:00","Fondo ERRANO","T0",-60,-25.0303082371471
"2022-01-28 00:00:00","Fondo ERRANO","T0",-20,-24.0846721245957
"2022-01-29 00:00:00","Fondo ERRANO","T0",-20,-24.1339390202806
"2022-01-29 00:00:00","Fondo ERRANO","T0",-60,-25.102577598145
"2022-01-30 00:00:00","Fondo ERRANO","T0",-60,-25.212171824729
"2022-01-30 00:00:00","Fondo ERRANO","T0",-20,-24.1450968450956
"2022-01-31 00:00:00","Fondo ERRANO","T0",-60,-25.1396245060352
"2022-01-31 00:00:00","Fondo ERRANO","T0",-20,-24.072288138305
"2022-02-01 00:00:00","Fondo ERRANO","T0",-20,-24.267479423711
"2022-02-01 00:00:00","Fondo ERRANO","T0",-60,-25.3470241876927
"2022-02-02 00:00:00","Fondo ERRANO","T0",-20,-24.2026357044371
"2022-02-02 00:00:00","Fondo ERRANO","T0",-60,-25.3550878121077
"2022-02-03 00:00:00","Fondo ERRANO","T0",-60,-25.2641988116373
"2022-02-03 00:00:00","Fondo ERRANO","T0",-20,-24.1204704035878
"2022-02-04 00:00:00","Fondo ERRANO","T0",-60,-25.2001835336863
"2022-02-04 00:00:00","Fondo ERRANO","T0",-20,-24.0381148456458
"2022-02-05 00:00:00","Fondo ERRANO","T0",-60,-25.1179600792622
"2022-02-05 00:00:00","Fondo ERRANO","T0",-20,-23.7959421084616
"2022-02-06 00:00:00","Fondo ERRANO","T0",-20,-23.7662536942207
"2022-02-06 00:00:00","Fondo ERRANO","T0",-60,-24.9848504493493
"2022-02-07 00:00:00","Fondo ERRANO","T0",-20,-23.9582158124158
"2022-02-07 00:00:00","Fondo ERRANO","T0",-60,-25.0327848351737
"2022-02-08 00:00:00","Fondo ERRANO","T0",-20,-24.6409140756129
"2022-02-08 00:00:00","Fondo ERRANO","T0",-60,-24.9403284048923
"2022-02-09 00:00:00","Fondo ERRANO","T0",-60,-25.0059030486595
"2022-02-09 00:00:00","Fondo ERRANO","T0",-20,-24.9488029294909
"2022-02-10 00:00:00","Fondo ERRANO","T0",-60,-24.9597514553724
"2022-02-10 00:00:00","Fondo ERRANO","T0",-20,-24.701562678469
"2022-02-11 00:00:00","Fondo ERRANO","T0",-20,-24.2936004475995
"2022-02-11 00:00:00","Fondo ERRANO","T0",-60,-24.9707291176885
"2022-02-12 00:00:00","Fondo ERRANO","T0",-20,-23.5501410205128
"2022-02-12 00:00:00","Fondo ERRANO","T0",-60,-24.774388023616
"2022-02-13 00:00:00","Fondo ERRANO","T0",-20,-23.663112078848
"2022-02-13 00:00:00","Fondo ERRANO","T0",-60,-24.7507950172906
"2022-02-14 00:00:00","Fondo ERRANO","T0",-60,-24.7160784338584
"2022-02-14 00:00:00","Fondo ERRANO","T0",-20,-23.715451113195
"2022-02-15 00:00:00","Fondo ERRANO","T0",-20,-23.6106374787115
"2022-02-15 00:00:00","Fondo ERRANO","T0",-60,-24.7395530840237
"2022-02-16 00:00:00","Fondo ERRANO","T0",-20,-23.8118937175095
"2022-02-16 00:00:00","Fondo ERRANO","T0",-60,-24.8281409327654
"2022-02-17 00:00:00","Fondo ERRANO","T0",-20,-23.6212425709145
"2022-02-17 00:00:00","Fondo ERRANO","T0",-60,-24.8040964761054
"2022-02-18 00:00:00","Fondo ERRANO","T0",-60,-24.7587083544461
"2022-02-18 00:00:00","Fondo ERRANO","T0",-20,-23.7404676975336
"2022-02-19 00:00:00","Fondo ERRANO","T0",-20,-23.913764222919
"2022-02-19 00:00:00","Fondo ERRANO","T0",-60,-24.8540098841299
"2022-02-20 00:00:00","Fondo ERRANO","T0",-60,-24.8139411594796
"2022-02-20 00:00:00","Fondo ERRANO","T0",-20,-23.7610656651882
"2022-02-21 00:00:00","Fondo ERRANO","T0",-60,-24.7405686847831
"2022-02-21 00:00:00","Fondo ERRANO","T0",-20,-23.5270965431014
"2022-02-22 00:00:00","Fondo ERRANO","T0",-60,-24.5802431997318
"2022-02-22 00:00:00","Fondo ERRANO","T0",-20,-23.5043371270213
"2022-02-23 00:00:00","Fondo ERRANO","T0",-60,-24.6465035044492
"2022-02-23 00:00:00","Fondo ERRANO","T0",-20,-23.7495945425192
"2022-02-24 00:00:00","Fondo ERRANO","T0",-20,-23.8855875635744
"2022-02-24 00:00:00","Fondo ERRANO","T0",-60,-24.6521652193636
"2022-02-25 00:00:00","Fondo ERRANO","T0",-60,-24.6899406616786
"2022-02-25 00:00:00","Fondo ERRANO","T0",-20,-23.5523775500158
"2022-02-26 00:00:00","Fondo ERRANO","T0",-20,-23.4746792106428
"2022-02-26 00:00:00","Fondo ERRANO","T0",-60,-24.6034536719027
"2022-02-27 00:00:00","Fondo ERRANO","T0",-20,-23.811544014686
"2022-02-27 00:00:00","Fondo ERRANO","T0",-60,-24.5542770944866
"2022-02-28 00:00:00","Fondo ERRANO","T0",-60,-24.5029810384607
"2022-02-28 00:00:00","Fondo ERRANO","T0",-20,-23.9043407980418
"2022-03-01 00:00:00","Fondo ERRANO","T0",-60,-24.440118010957
"2022-03-01 00:00:00","Fondo ERRANO","T0",-20,-24.029335262497
"2022-03-02 00:00:00","Fondo ERRANO","T0",-20,-24.2593987622356
"2022-03-02 00:00:00","Fondo ERRANO","T0",-60,-24.47100453562
"2022-03-03 00:00:00","Fondo ERRANO","T0",-20,-24.2737443014497
"2022-03-03 00:00:00","Fondo ERRANO","T0",-60,-24.5162468656653
"2022-03-04 00:00:00","Fondo ERRANO","T0",-60,-24.3692819486636
"2022-03-04 00:00:00","Fondo ERRANO","T0",-20,-24.0182787782928
"2022-03-05 00:00:00","Fondo ERRANO","T0",-60,-24.178153140651
"2022-03-05 00:00:00","Fondo ERRANO","T0",-20,-24.0035082571182
"2022-03-06 00:00:00","Fondo ERRANO","T0",-60,-24.4602865011317
"2022-03-06 00:00:00","Fondo ERRANO","T0",-20,-24.2104633117044
"2022-03-07 00:00:00","Fondo ERRANO","T0",-20,-24.2357903901793
"2022-03-07 00:00:00","Fondo ERRANO","T0",-60,-24.7041210200064
"2022-03-08 00:00:00","Fondo ERRANO","T0",-20,-23.9392181254161
"2022-03-08 00:00:00","Fondo ERRANO","T0",-60,-24.7210865524016
"2022-03-09 00:00:00","Fondo ERRANO","T0",-20,-23.962293480619
"2022-03-09 00:00:00","Fondo ERRANO","T0",-60,-24.8765319195541
"2022-03-10 00:00:00","Fondo ERRANO","T0",-60,-24.9090117382355
"2022-03-10 00:00:00","Fondo ERRANO","T0",-20,-23.9260188527694
"2022-03-11 00:00:00","Fondo ERRANO","T0",-60,-24.7519342714435
"2022-03-11 00:00:00","Fondo ERRANO","T0",-20,-23.8040266203858
"2022-03-12 00:00:00","Fondo ERRANO","T0",-20,-23.7947323832503
"2022-03-12 00:00:00","Fondo ERRANO","T0",-60,-24.7147755590968
"2022-03-13 00:00:00","Fondo ERRANO","T0",-60,-24.7935174944701
"2022-03-13 00:00:00","Fondo ERRANO","T0",-20,-23.8708399536739
"2022-03-14 00:00:00","Fondo ERRANO","T0",-60,-25.0218685097818
"2022-03-14 00:00:00","Fondo ERRANO","T0",-20,-23.7655606566705
"2022-03-15 00:00:00","Fondo ERRANO","T0",-60,-24.9398273343681
"2022-03-15 00:00:00","Fondo ERRANO","T0",-20,-23.5464293110583
"2022-03-16 00:00:00","Fondo ERRANO","T0",-60,-24.9232252247441
"2022-03-16 00:00:00","Fondo ERRANO","T0",-20,-23.6010128841095
"2022-03-17 00:00:00","Fondo ERRANO","T0",-60,-24.7228100621012
"2022-03-17 00:00:00","Fondo ERRANO","T0",-20,-23.2564066153312
"2022-03-18 00:00:00","Fondo ERRANO","T0",-20,-23.1319538097
"2022-03-18 00:00:00","Fondo ERRANO","T0",-60,-24.4901777588162
"2022-03-19 00:00:00","Fondo ERRANO","T0",-20,-23.2747062425388
"2022-03-19 00:00:00","Fondo ERRANO","T0",-60,-24.4902828849826
"2022-03-20 00:00:00","Fondo ERRANO","T0",-20,-23.2857167015022
"2022-03-20 00:00:00","Fondo ERRANO","T0",-60,-24.4798223697184
"2022-03-21 00:00:00","Fondo ERRANO","T0",-60,-24.4548108252905
"2022-03-21 00:00:00","Fondo ERRANO","T0",-20,-23.5409056919437
"2022-03-22 00:00:00","Fondo ERRANO","T0",-60,-24.5292284242629
"2022-03-22 00:00:00","Fondo ERRANO","T0",-20,-23.5628260333175
"2022-03-23 00:00:00","Fondo ERRANO","T0",-20,-23.7734703549172
"2022-03-23 00:00:00","Fondo ERRANO","T0",-60,-24.7759867572276
"2022-03-24 00:00:00","Fondo ERRANO","T0",-20,-23.7066825645329
"2022-03-24 00:00:00","Fondo ERRANO","T0",-60,-24.785889204265
"2022-03-25 00:00:00","Fondo ERRANO","T0",-20,-23.6278330258135
"2022-03-25 00:00:00","Fondo ERRANO","T0",-60,-24.6251788149141
"2022-03-26 00:00:00","Fondo ERRANO","T0",-20,-23.508802117991
"2022-03-26 00:00:00","Fondo ERRANO","T0",-60,-24.6012211374115
"2022-03-27 00:00:00","Fondo ERRANO","T0",-60,-24.3334173648344
"2022-03-27 00:00:00","Fondo ERRANO","T0",-20,-23.6234044344385
"2022-03-28 00:00:00","Fondo ERRANO","T0",-20,-23.8164996134779
"2022-03-28 00:00:00","Fondo ERRANO","T0",-60,-24.2500984460743
"2022-03-29 00:00:00","Fondo ERRANO","T0",-60,-24.2502264048841
"2022-03-29 00:00:00","Fondo ERRANO","T0",-20,-23.7641759351603
"2022-03-30 00:00:00","Fondo ERRANO","T0",-60,-24.3803897181134
"2022-03-30 00:00:00","Fondo ERRANO","T0",-20,-23.613735348975
"2022-03-31 00:00:00","Fondo ERRANO","T0",-60,-24.1342804811147
"2022-03-31 00:00:00","Fondo ERRANO","T0",-20,-23.1073693040023
"2022-04-01 00:00:00","Fondo ERRANO","T0",-20,-23.0575857140292
"2022-04-01 00:00:00","Fondo ERRANO","T0",-60,-24.0414257162845
"2022-04-02 00:00:00","Fondo ERRANO","T0",-20,-23.1220781356353
"2022-04-02 00:00:00","Fondo ERRANO","T0",-60,-23.9419726155862
"2022-04-03 00:00:00","Fondo ERRANO","T0",-20,-23.223538219631
"2022-04-03 00:00:00","Fondo ERRANO","T0",-60,-24.0498380562425
"2022-04-04 00:00:00","Fondo ERRANO","T0",-20,-23.1846313712179
"2022-04-04 00:00:00","Fondo ERRANO","T0",-60,-24.1454450064583
"2022-04-05 00:00:00","Fondo ERRANO","T0",-20,-23.2144380438355
"2022-04-05 00:00:00","Fondo ERRANO","T0",-60,-24.0873768733493
"2022-04-06 00:00:00","Fondo ERRANO","T0",-60,-24.0498627595694
"2022-04-06 00:00:00","Fondo ERRANO","T0",-20,-23.2390966943457
"2022-04-07 00:00:00","Fondo ERRANO","T0",-20,-23.1792102551179
"2022-04-07 00:00:00","Fondo ERRANO","T0",-60,-24.1179693950776
"2022-04-08 00:00:00","Fondo ERRANO","T0",-20,-23.0582718680035
"2022-04-08 00:00:00","Fondo ERRANO","T0",-60,-24.1750821756587
"2022-04-09 00:00:00","Fondo ERRANO","T0",-60,-23.9429229449092
"2022-04-09 00:00:00","Fondo ERRANO","T0",-20,-22.8155505086788
"2022-04-10 00:00:00","Fondo ERRANO","T0",-20,-22.8727422295524
"2022-04-10 00:00:00","Fondo ERRANO","T0",-60,-23.5912311413309
"2022-04-11 00:00:00","Fondo ERRANO","T0",-60,-23.6423857748623
"2022-04-11 00:00:00","Fondo ERRANO","T0",-20,-23.0043054578512
"2022-04-12 00:00:00","Fondo ERRANO","T0",-20,-22.9169290451948
"2022-04-12 00:00:00","Fondo ERRANO","T0",-60,-23.7037029920315
"2022-04-13 00:00:00","Fondo ERRANO","T0",-60,-23.649522455203
"2022-04-13 00:00:00","Fondo ERRANO","T0",-20,-22.7512832625145
"2022-04-14 00:00:00","Fondo ERRANO","T0",-20,-22.6481804951906
"2022-04-14 00:00:00","Fondo ERRANO","T0",-60,-23.659715686089
"2022-04-15 00:00:00","Fondo ERRANO","T0",-60,-23.6571326593925
"2022-04-15 00:00:00","Fondo ERRANO","T0",-20,-22.6649883373213
"2022-04-16 00:00:00","Fondo ERRANO","T0",-20,-22.5934828027471
"2022-04-16 00:00:00","Fondo ERRANO","T0",-60,-23.55046281491
"2022-04-17 00:00:00","Fondo ERRANO","T0",-20,-22.4905627447643
"2022-04-17 00:00:00","Fondo ERRANO","T0",-60,-23.3924224554495
"2022-04-18 00:00:00","Fondo ERRANO","T0",-60,-23.3072238156672
"2022-04-18 00:00:00","Fondo ERRANO","T0",-20,-22.5917387619346
"2022-04-19 00:00:00","Fondo ERRANO","T0",-20,-22.7418919318094
"2022-04-19 00:00:00","Fondo ERRANO","T0",-60,-23.4585597391681
"2022-04-20 00:00:00","Fondo ERRANO","T0",-20,-22.4707842248469
"2022-04-20 00:00:00","Fondo ERRANO","T0",-60,-23.4053295459844
"2022-04-21 00:00:00","Fondo ERRANO","T0",-60,-23.3864072102855
"2022-04-21 00:00:00","Fondo ERRANO","T0",-20,-22.4784958541577
"2022-04-22 00:00:00","Fondo ERRANO","T0",-60,-23.4707825596106
"2022-04-22 00:00:00","Fondo ERRANO","T0",-20,-22.6525092287128
"2022-04-23 00:00:00","Fondo ERRANO","T0",-60,-23.5159683985111
"2022-04-23 00:00:00","Fondo ERRANO","T0",-20,-22.7966838076777
"2022-04-24 00:00:00","Fondo ERRANO","T0",-20,-22.5220463415669
"2022-04-24 00:00:00","Fondo ERRANO","T0",-60,-23.3145569599503
"2022-04-25 00:00:00","Fondo ERRANO","T0",-20,-22.8567097105761
"2022-04-25 00:00:00","Fondo ERRANO","T0",-60,-23.4015340115995
"2022-04-26 00:00:00","Fondo ERRANO","T0",-60,-23.2613124981386
"2022-04-26 00:00:00","Fondo ERRANO","T0",-20,-22.7346097127198
"2022-04-27 00:00:00","Fondo ERRANO","T0",-20,-22.4305451524508
"2022-04-27 00:00:00","Fondo ERRANO","T0",-60,-23.1579338993587
"2022-04-28 00:00:00","Fondo ERRANO","T0",-60,-23.1455592801152
"2022-04-28 00:00:00","Fondo ERRANO","T0",-20,-22.3601236498676
"2022-04-29 00:00:00","Fondo ERRANO","T0",-60,-23.1466456850854
"2022-04-29 00:00:00","Fondo ERRANO","T0",-20,-22.2817106718792
"2022-04-30 00:00:00","Fondo ERRANO","T0",-20,-22.1937490098717
"2022-04-30 00:00:00","Fondo ERRANO","T0",-60,-23.0004849993207
"2022-05-01 00:00:00","Fondo ERRANO","T0",-60,-23.0086731600228
"2022-05-01 00:00:00","Fondo ERRANO","T0",-20,-22.1754038102062
"2022-05-02 00:00:00","Fondo ERRANO","T0",-60,-22.9636888669106
"2022-05-02 00:00:00","Fondo ERRANO","T0",-20,-22.2713874271219
"2022-05-03 00:00:00","Fondo ERRANO","T0",-60,-23.2388236125191
"2022-05-03 00:00:00","Fondo ERRANO","T0",-20,-22.223354235675
"2022-05-04 00:00:00","Fondo ERRANO","T0",-60,-23.33397574055
"2022-05-04 00:00:00","Fondo ERRANO","T0",-20,-22.1366195779269
"2022-05-05 00:00:00","Fondo ERRANO","T0",-60,-23.2604681996732
"2022-05-05 00:00:00","Fondo ERRANO","T0",-20,-22.1890101299882
"2022-05-06 00:00:00","Fondo ERRANO","T0",-60,-23.3250779401748
"2022-05-06 00:00:00","Fondo ERRANO","T0",-20,-22.3116434281029
"2022-05-07 00:00:00","Fondo ERRANO","T0",-60,-23.472159826756
"2022-05-07 00:00:00","Fondo ERRANO","T0",-20,-22.75424875851
"2022-05-08 00:00:00","Fondo ERRANO","T0",-60,-23.4824558869827
"2022-05-08 00:00:00","Fondo ERRANO","T0",-20,-22.7341309514029
"2022-05-09 00:00:00","Fondo ERRANO","T0",-20,-22.7278617601682
"2022-05-09 00:00:00","Fondo ERRANO","T0",-60,-23.4251959579672
"2022-05-10 00:00:00","Fondo ERRANO","T0",-20,-22.6792424077104
"2022-05-10 00:00:00","Fondo ERRANO","T0",-60,-23.4180827633972
"2022-05-11 00:00:00","Fondo ERRANO","T0",-20,-22.5017787351306
"2022-05-11 00:00:00","Fondo ERRANO","T0",-60,-23.4132716637251
"2022-05-12 00:00:00","Fondo ERRANO","T0",-20,-22.3811914618121
"2022-05-12 00:00:00","Fondo ERRANO","T0",-60,-23.3293224600505
"2022-05-13 00:00:00","Fondo ERRANO","T0",-60,-23.2904059086358
"2022-05-13 00:00:00","Fondo ERRANO","T0",-20,-22.1662880034782
"2022-05-14 00:00:00","Fondo ERRANO","T0",-60,-23.2397011639219
"2022-05-14 00:00:00","Fondo ERRANO","T0",-20,-22.0877361707905
"2022-05-15 00:00:00","Fondo ERRANO","T0",-60,-23.265023803396
"2022-05-15 00:00:00","Fondo ERRANO","T0",-20,-22.0129483122524
"2022-05-16 00:00:00","Fondo ERRANO","T0",-20,-22.193661237261
"2022-05-16 00:00:00","Fondo ERRANO","T0",-60,-23.3140337383359
"2022-05-17 00:00:00","Fondo ERRANO","T0",-60,-23.3329323803446
"2022-05-17 00:00:00","Fondo ERRANO","T0",-20,-22.8176340177
"2022-05-18 00:00:00","Fondo ERRANO","T0",-60,-23.3247730404375
"2022-05-18 00:00:00","Fondo ERRANO","T0",-20,-23.9956938864509
"2022-05-19 00:00:00","Fondo ERRANO","T0",-20,-25.7200536241198
"2022-05-19 00:00:00","Fondo ERRANO","T0",-60,-23.462121807011
"2022-05-20 00:00:00","Fondo ERRANO","T0",-20,-30.422934125287
"2022-05-20 00:00:00","Fondo ERRANO","T0",-60,-24.1705283442166
"2022-05-21 00:00:00","Fondo ERRANO","T0",-60,-24.5068477771147
"2022-05-21 00:00:00","Fondo ERRANO","T0",-20,-37.2419653519935
"2022-05-22 00:00:00","Fondo ERRANO","T0",-20,-37.7934291084378
"2022-05-22 00:00:00","Fondo ERRANO","T0",-60,-24.6381360000702
"2022-05-23 00:00:00","Fondo ERRANO","T0",-60,-25.4231112747762
"2022-05-23 00:00:00","Fondo ERRANO","T0",-20,-43.3037811920267
"2022-05-24 00:00:00","Fondo ERRANO","T0",-20,-49.1290318438991
"2022-05-24 00:00:00","Fondo ERRANO","T0",-60,-27.4859771401869
"2022-05-25 00:00:00","Fondo ERRANO","T0",-20,-55.5565705777021
"2022-05-25 00:00:00","Fondo ERRANO","T0",-60,-30.6669261213031
"2022-05-26 00:00:00","Fondo ERRANO","T0",-20,-63.7957715332558
"2022-05-26 00:00:00","Fondo ERRANO","T0",-60,-35.0167530747181
"2022-05-27 00:00:00","Fondo ERRANO","T0",-20,-63.7725084579144
"2022-05-27 00:00:00","Fondo ERRANO","T0",-60,-38.1642864563008
"2022-05-28 00:00:00","Fondo ERRANO","T0",-60,-41.5526735944191
"2022-05-28 00:00:00","Fondo ERRANO","T0",-20,-70.6549579732609
"2022-05-29 00:00:00","Fondo ERRANO","T0",-60,-41.0201359673109
"2022-05-29 00:00:00","Fondo ERRANO","T0",-20,-69.1945924655516
"2022-05-30 00:00:00","Fondo ERRANO","T0",-60,-41.3525179056591
"2022-05-30 00:00:00","Fondo ERRANO","T0",-20,-71.3721645223207
"2022-05-31 00:00:00","Fondo ERRANO","T0",-20,-76.7913506405671
"2022-05-31 00:00:00","Fondo ERRANO","T0",-60,-42.7644610026367
"2022-06-01 00:00:00","Fondo ERRANO","T0",-60,-45.7033307921032
"2022-06-01 00:00:00","Fondo ERRANO","T0",-20,-83.010462000374
"2022-06-02 00:00:00","Fondo ERRANO","T0",-20,-91.1596303066149
"2022-06-02 00:00:00","Fondo ERRANO","T0",-60,-48.0458663322427
"2022-06-03 00:00:00","Fondo ERRANO","T0",-20,-97.3061112867434
"2022-06-03 00:00:00","Fondo ERRANO","T0",-60,-49.116000071444
"2022-06-04 00:00:00","Fondo ERRANO","T0",-60,-51.3909652444715
"2022-06-04 00:00:00","Fondo ERRANO","T0",-20,-103.487241324609
"2022-06-05 00:00:00","Fondo ERRANO","T0",-60,-53.3875158958515
"2022-06-05 00:00:00","Fondo ERRANO","T0",-20,-107.852543585429
"2022-06-06 00:00:00","Fondo ERRANO","T0",-20,-116.534804274567
"2022-06-06 00:00:00","Fondo ERRANO","T0",-60,-55.7371868747761
"2022-06-07 00:00:00","Fondo ERRANO","T0",-60,-57.5957107681168
"2022-06-07 00:00:00","Fondo ERRANO","T0",-20,-126.619559533697
"2022-06-08 00:00:00","Fondo ERRANO","T0",-60,-58.5288615912272
"2022-06-08 00:00:00","Fondo ERRANO","T0",-20,-134.830107952355
"2022-06-09 00:00:00","Fondo ERRANO","T0",-20,-143.710940074789
"2022-06-09 00:00:00","Fondo ERRANO","T0",-60,-62.0250336900822
"2022-06-10 00:00:00","Fondo ERRANO","T0",-20,-154.10519757328
"2022-06-10 00:00:00","Fondo ERRANO","T0",-60,-65.8053110874583
"2022-06-11 00:00:00","Fondo ERRANO","T0",-20,-151.231534393277
"2022-06-11 00:00:00","Fondo ERRANO","T0",-60,-71.8357034012792
"2022-06-12 00:00:00","Fondo ERRANO","T0",-60,-77.3093023982352
"2022-06-12 00:00:00","Fondo ERRANO","T0",-20,-149.526548845459
"2022-06-13 00:00:00","Fondo ERRANO","T0",-20,-153.291624021296
"2022-06-13 00:00:00","Fondo ERRANO","T0",-60,-84.2085044070035
"2022-06-14 00:00:00","Fondo ERRANO","T0",-60,-89.641503480554
"2022-06-14 00:00:00","Fondo ERRANO","T0",-20,-151.573245747437
"2022-06-15 00:00:00","Fondo ERRANO","T0",-20,-144.935141674108
"2022-06-15 00:00:00","Fondo ERRANO","T0",-60,-94.1509385583653
"2022-06-16 00:00:00","Fondo ERRANO","T0",-60,-97.2394778815075
"2022-06-16 00:00:00","Fondo ERRANO","T0",-20,-142.506744454563
"2022-06-17 00:00:00","Fondo ERRANO","T0",-20,-143.112281115599
"2022-06-17 00:00:00","Fondo ERRANO","T0",-60,-100.39027066998
"2022-06-18 00:00:00","Fondo ERRANO","T0",-60,-103.253240829371
"2022-06-18 00:00:00","Fondo ERRANO","T0",-20,-147.760107448528
"2022-06-19 00:00:00","Fondo ERRANO","T0",-60,-107.628507343295
"2022-06-19 00:00:00","Fondo ERRANO","T0",-20,-155.038152063568
"2022-06-20 00:00:00","Fondo ERRANO","T0",-20,-157.517407638484
"2022-06-20 00:00:00","Fondo ERRANO","T0",-60,-112.95071852106
"2022-06-21 00:00:00","Fondo ERRANO","T0",-20,-159.007554382198
"2022-06-21 00:00:00","Fondo ERRANO","T0",-60,-117.677188014745
"2022-06-22 00:00:00","Fondo ERRANO","T0",-20,-160.305286691169
"2022-06-22 00:00:00","Fondo ERRANO","T0",-60,-116.23299797823
"2022-06-23 00:00:00","Fondo ERRANO","T0",-20,-163.764534402883
"2022-06-23 00:00:00","Fondo ERRANO","T0",-60,-114.703808148717
"2022-06-24 00:00:00","Fondo ERRANO","T0",-20,-167.836540146858
"2022-06-24 00:00:00","Fondo ERRANO","T0",-60,-119.555422400903
"2022-06-25 00:00:00","Fondo ERRANO","T0",-60,-120.853519448034
"2022-06-25 00:00:00","Fondo ERRANO","T0",-20,-172.575142187807
"2022-06-26 00:00:00","Fondo ERRANO","T0",-60,-128.442096431767
"2022-06-26 00:00:00","Fondo ERRANO","T0",-20,-171.275909232333
"2022-06-27 00:00:00","Fondo ERRANO","T0",-20,-170.326152107595
"2022-06-27 00:00:00","Fondo ERRANO","T0",-60,-134.797226732084
"2022-06-28 00:00:00","Fondo ERRANO","T0",-60,-137.956833972129
"2022-06-28 00:00:00","Fondo ERRANO","T0",-20,-168.558766893979
"2022-06-29 00:00:00","Fondo ERRANO","T0",-20,-157.614384520872
"2022-06-29 00:00:00","Fondo ERRANO","T0",-60,-134.893605816115
"2022-06-30 00:00:00","Fondo ERRANO","T0",-60,-140.397914809601
"2022-06-30 00:00:00","Fondo ERRANO","T0",-20,-159.732610913319
"2022-07-01 00:00:00","Fondo ERRANO","T0",-20,-157.148647169448
"2022-07-01 00:00:00","Fondo ERRANO","T0",-60,-149.616552804081
"2022-07-02 00:00:00","Fondo ERRANO","T0",-60,-144.859456196487
"2022-07-02 00:00:00","Fondo ERRANO","T0",-20,-145.459897653998
"2022-07-03 00:00:00","Fondo ERRANO","T0",-60,-141.489235422135
"2022-07-03 00:00:00","Fondo ERRANO","T0",-20,-136.948419884806
"2022-07-04 00:00:00","Fondo ERRANO","T0",-20,-139.574940770979
"2022-07-04 00:00:00","Fondo ERRANO","T0",-60,-142.845603465608
"2022-07-05 00:00:00","Fondo ERRANO","T0",-20,-138.216205004049
"2022-07-05 00:00:00","Fondo ERRANO","T0",-60,-151.124810136794
"2022-07-06 00:00:00","Fondo ERRANO","T0",-60,-156.583289552519
"2022-07-06 00:00:00","Fondo ERRANO","T0",-20,-142.729246515972
"2022-07-07 00:00:00","Fondo ERRANO","T0",-60,-167.430133358987
"2022-07-07 00:00:00","Fondo ERRANO","T0",-20,-155.593638997519
"2022-07-08 00:00:00","Fondo ERRANO","T0",-60,-160.444363056493
"2022-07-08 00:00:00","Fondo ERRANO","T0",-20,-151.535302919682
"2022-07-09 00:00:00","Fondo ERRANO","T0",-60,-168.266910700841
"2022-07-09 00:00:00","Fondo ERRANO","T0",-20,-157.584297245057
"2022-07-10 00:00:00","Fondo ERRANO","T0",-20,-160.67098081937
"2022-07-10 00:00:00","Fondo ERRANO","T0",-60,-192.003870037269
"2022-07-11 00:00:00","Fondo ERRANO","T0",-60,-192.581755290942
"2022-07-11 00:00:00","Fondo ERRANO","T0",-20,-141.8854587477
"2022-07-12 00:00:00","Fondo ERRANO","T0",-60,-194.833649734583
"2022-07-12 00:00:00","Fondo ERRANO","T0",-20,-142.655864761473
"2022-07-13 00:00:00","Fondo ERRANO","T0",-60,-200.481280131605
"2022-07-13 00:00:00","Fondo ERRANO","T0",-20,-138.662066217361
"2022-07-14 00:00:00","Fondo ERRANO","T0",-20,-144.917591172655
"2022-07-14 00:00:00","Fondo ERRANO","T0",-60,-200.139402474209
"2022-07-15 00:00:00","Fondo ERRANO","T0",-60,-189.956141799281
"2022-07-15 00:00:00","Fondo ERRANO","T0",-20,-145.283971314792
"2022-07-16 00:00:00","Fondo ERRANO","T0",-20,-123.690785388733
"2022-07-16 00:00:00","Fondo ERRANO","T0",-60,-183.913288640916
"2022-07-17 00:00:00","Fondo ERRANO","T0",-20,-111.736263845319
"2022-07-17 00:00:00","Fondo ERRANO","T0",-60,-156.020447588732
"2022-07-18 00:00:00","Fondo ERRANO","T0",-60,-156.85228617292
"2022-07-18 00:00:00","Fondo ERRANO","T0",-20,-109.268446798086
"2022-07-19 00:00:00","Fondo ERRANO","T0",-60,-163.456570216578
"2022-07-19 00:00:00","Fondo ERRANO","T0",-20,-110.597593297711
"2022-07-20 00:00:00","Fondo ERRANO","T0",-20,-111.754511506787
"2022-07-20 00:00:00","Fondo ERRANO","T0",-60,-164.721035298178
"2022-07-21 00:00:00","Fondo ERRANO","T0",-20,-111.8254230998
"2022-07-21 00:00:00","Fondo ERRANO","T0",-60,-159.581526776788
"2022-07-22 00:00:00","Fondo ERRANO","T0",-60,-161.587229215211
"2022-07-22 00:00:00","Fondo ERRANO","T0",-20,-112.094954728012
"2022-07-23 00:00:00","Fondo ERRANO","T0",-20,-113.602374259734
"2022-07-23 00:00:00","Fondo ERRANO","T0",-60,-165.39546287884
"2022-07-24 00:00:00","Fondo ERRANO","T0",-20,-114.668808325839
"2022-07-24 00:00:00","Fondo ERRANO","T0",-60,-174.434299573767
"2022-07-25 00:00:00","Fondo ERRANO","T0",-20,-118.805062939294
"2022-07-25 00:00:00","Fondo ERRANO","T0",-60,-181.987659802243
"2022-07-26 00:00:00","Fondo ERRANO","T0",-20,-132.677751678336
"2022-07-26 00:00:00","Fondo ERRANO","T0",-60,-187.048604837928
"2022-07-27 00:00:00","Fondo ERRANO","T0",-60,-190.122821819477
"2022-07-27 00:00:00","Fondo ERRANO","T0",-20,-150.462201505405
"2022-07-28 00:00:00","Fondo ERRANO","T0",-20,-164.086209666484
"2022-07-28 00:00:00","Fondo ERRANO","T0",-60,-195.07888018651
"2022-07-29 00:00:00","Fondo ERRANO","T0",-60,-200.729770538138
"2022-07-29 00:00:00","Fondo ERRANO","T0",-20,-175.343933905151
"2022-07-30 00:00:00","Fondo ERRANO","T0",-20,-185.204257095333
"2022-07-30 00:00:00","Fondo ERRANO","T0",-60,-202.229687283563
"2022-07-31 00:00:00","Fondo ERRANO","T0",-60,-209.591062997827
"2022-07-31 00:00:00","Fondo ERRANO","T0",-20,-198.192634080752
"2022-08-01 00:00:00","Fondo ERRANO","T0",-60,-215.90718038111
"2022-08-01 00:00:00","Fondo ERRANO","T0",-20,-207.123860185805
"2022-08-02 00:00:00","Fondo ERRANO","T0",-60,-218.825189022334
"2022-08-02 00:00:00","Fondo ERRANO","T0",-20,-211.457823768047
"2022-08-03 00:00:00","Fondo ERRANO","T0",-20,-216.608546549537
"2022-08-03 00:00:00","Fondo ERRANO","T0",-60,-221.475072303058
"2022-08-04 00:00:00","Fondo ERRANO","T0",-60,-225.843859522025
"2022-08-04 00:00:00","Fondo ERRANO","T0",-20,-224.2131545623
"2022-08-05 00:00:00","Fondo ERRANO","T0",-60,-227.296457896965
"2022-08-05 00:00:00","Fondo ERRANO","T0",-20,-227.379247775091
"2022-08-06 00:00:00","Fondo ERRANO","T0",-60,-231.410658170508
"2022-08-06 00:00:00","Fondo ERRANO","T0",-20,-224.301237190149
"2022-08-07 00:00:00","Fondo ERRANO","T0",-60,-220.180141537999
"2022-08-07 00:00:00","Fondo ERRANO","T0",-20,-218.843667548368
"2022-08-08 00:00:00","Fondo ERRANO","T0",-60,-206.408295717987
"2022-08-08 00:00:00","Fondo ERRANO","T0",-20,-213.244486144259
"2022-08-09 00:00:00","Fondo ERRANO","T0",-60,-188.942821377257
"2022-08-09 00:00:00","Fondo ERRANO","T0",-20,-199.399389322479
"2022-08-10 00:00:00","Fondo ERRANO","T0",-20,-188.542005847291
"2022-08-10 00:00:00","Fondo ERRANO","T0",-60,-172.763573510075
"2022-08-11 00:00:00","Fondo ERRANO","T0",-20,-185.026366724714
"2022-08-11 00:00:00","Fondo ERRANO","T0",-60,-165.231581273223
"2022-08-12 00:00:00","Fondo ERRANO","T0",-60,-165.12835516729
"2022-08-12 00:00:00","Fondo ERRANO","T0",-20,-190.929815896892
"2022-08-13 00:00:00","Fondo ERRANO","T0",-60,-168.984740869055
"2022-08-13 00:00:00","Fondo ERRANO","T0",-20,-196.050449529627
"2022-08-14 00:00:00","Fondo ERRANO","T0",-20,-194.769674504757
"2022-08-14 00:00:00","Fondo ERRANO","T0",-60,-174.847373630268
"2022-08-15 00:00:00","Fondo ERRANO","T0",-20,-189.633821529712
"2022-08-15 00:00:00","Fondo ERRANO","T0",-60,-178.819275767177
"2022-08-16 00:00:00","Fondo ERRANO","T0",-60,-179.084867326959
"2022-08-16 00:00:00","Fondo ERRANO","T0",-20,-184.443685600074
"2022-08-17 00:00:00","Fondo ERRANO","T0",-20,-182.383998692447
"2022-08-17 00:00:00","Fondo ERRANO","T0",-60,-182.662000494248
"2022-08-18 00:00:00","Fondo ERRANO","T0",-20,-174.738322032471
"2022-08-18 00:00:00","Fondo ERRANO","T0",-60,-180.975068219799
"2022-08-19 00:00:00","Fondo ERRANO","T0",-20,-42.8732950178291
"2022-08-19 00:00:00","Fondo ERRANO","T0",-60,-100.053479102872
"2022-08-20 00:00:00","Fondo ERRANO","T0",-20,-22.7732581999525
"2022-08-20 00:00:00","Fondo ERRANO","T0",-60,-46.0066803700021
"2022-08-21 00:00:00","Fondo ERRANO","T0",-60,-45.2987696940304
"2022-08-21 00:00:00","Fondo ERRANO","T0",-20,-22.7986741886754
"2022-08-22 00:00:00","Fondo ERRANO","T0",-20,-23.1097049725551
"2022-08-22 00:00:00","Fondo ERRANO","T0",-60,-47.235321218898
"2022-08-23 00:00:00","Fondo ERRANO","T0",-20,-23.4913413713777
"2022-08-23 00:00:00","Fondo ERRANO","T0",-60,-49.9700464724507
"2022-08-24 00:00:00","Fondo ERRANO","T0",-20,-23.7523714159795
"2022-08-24 00:00:00","Fondo ERRANO","T0",-60,-53.2980439930176
"2022-08-25 00:00:00","Fondo ERRANO","T0",-60,-57.1176890152592
"2022-08-25 00:00:00","Fondo ERRANO","T0",-20,-24.0272900451773
"2022-08-26 00:00:00","Fondo ERRANO","T0",-60,-61.446742965901
"2022-08-27 00:00:00","Fondo ERRANO","T0",-60,-66.3288333630667
"2022-08-28 00:00:00","Fondo ERRANO","T0",-20,-24.3760864405234
"2022-08-28 00:00:00","Fondo ERRANO","T0",-60,-71.2185313904567
"2022-08-29 00:00:00","Fondo ERRANO","T0",-60,-75.5554855726032
"2022-08-29 00:00:00","Fondo ERRANO","T0",-20,-24.773409882596
"2022-08-30 00:00:00","Fondo ERRANO","T0",-20,-25.3742193190962
"2022-08-30 00:00:00","Fondo ERRANO","T0",-60,-79.7094226593873
"2022-08-31 00:00:00","Fondo ERRANO","T0",-60,-82.0099559379586
"2022-08-31 00:00:00","Fondo ERRANO","T0",-20,-26.6216732156311
"2022-09-01 00:00:00","Fondo ERRANO","T0",-20,-23.6254438694182
"2022-09-01 00:00:00","Fondo ERRANO","T0",-60,-65.4858636200756
"2022-09-02 00:00:00","Fondo ERRANO","T0",-60,-49.9546950511771
"2022-09-02 00:00:00","Fondo ERRANO","T0",-20,-22.7258617919081
"2022-09-03 00:00:00","Fondo ERRANO","T0",-60,-45.7090651573636
"2022-09-03 00:00:00","Fondo ERRANO","T0",-20,-22.8008316776243
"2022-09-04 00:00:00","Fondo ERRANO","T0",-20,-22.8070725523125
"2022-09-04 00:00:00","Fondo ERRANO","T0",-60,-43.0122316578805
"2022-09-05 00:00:00","Fondo ERRANO","T0",-60,-40.7724628117484
"2022-09-05 00:00:00","Fondo ERRANO","T0",-20,-22.8053375256742
"2022-09-06 00:00:00","Fondo ERRANO","T0",-60,-39.8802032786572
"2022-09-06 00:00:00","Fondo ERRANO","T0",-20,-23.179605250431
"2022-09-07 00:00:00","Fondo ERRANO","T0",-60,-39.1453765015959
"2022-09-07 00:00:00","Fondo ERRANO","T0",-20,-23.2719943329121
"2022-09-08 00:00:00","Fondo ERRANO","T0",-20,-23.2181187882142
"2022-09-08 00:00:00","Fondo ERRANO","T0",-60,-38.9390326947366
"2022-09-09 00:00:00","Fondo ERRANO","T0",-60,-39.4864508734124
"2022-09-09 00:00:00","Fondo ERRANO","T0",-20,-23.1385018709774
"2022-09-10 00:00:00","Fondo ERRANO","T0",-20,-23.2246771007991
"2022-09-10 00:00:00","Fondo ERRANO","T0",-60,-39.7484136579439
"2022-09-11 00:00:00","Fondo ERRANO","T0",-20,-23.7917313677857
"2022-09-11 00:00:00","Fondo ERRANO","T0",-60,-40.9639967538753
"2022-09-12 00:00:00","Fondo ERRANO","T0",-60,-43.0407735703484
"2022-09-12 00:00:00","Fondo ERRANO","T0",-20,-23.880030249855
"2022-09-13 00:00:00","Fondo ERRANO","T0",-20,-24.024455169261
"2022-09-13 00:00:00","Fondo ERRANO","T0",-60,-46.2323414500336
"2022-09-14 00:00:00","Fondo ERRANO","T0",-60,-50.6376905816714
"2022-09-14 00:00:00","Fondo ERRANO","T0",-20,-24.0655164950359
"2022-09-15 00:00:00","Fondo ERRANO","T0",-20,-22.8861187707578
"2022-09-15 00:00:00","Fondo ERRANO","T0",-60,-50.9237667633833
"2022-09-16 00:00:00","Fondo ERRANO","T0",-20,-22.682427601408
"2022-09-16 00:00:00","Fondo ERRANO","T0",-60,-46.1103776310596
"2022-09-17 00:00:00","Fondo ERRANO","T0",-60,-42.9246803527059
"2022-09-17 00:00:00","Fondo ERRANO","T0",-20,-22.8761632103343
"2022-09-18 00:00:00","Fondo ERRANO","T0",-20,-22.8337667460566
"2022-09-18 00:00:00","Fondo ERRANO","T0",-60,-36.5511038611966
"2022-09-19 00:00:00","Fondo ERRANO","T0",-60,-31.3976514334987
"2022-09-19 00:00:00","Fondo ERRANO","T0",-20,-22.7804844205164
"2022-09-20 00:00:00","Fondo ERRANO","T0",-60,-27.9553557459201
"2022-09-20 00:00:00","Fondo ERRANO","T0",-20,-22.9382134490925
"2022-09-21 00:00:00","Fondo ERRANO","T0",-20,-23.5301198444438
"2022-09-21 00:00:00","Fondo ERRANO","T0",-60,-26.6035510782994
"2022-09-22 00:00:00","Fondo ERRANO","T0",-20,-24.0460095551786
"2022-09-22 00:00:00","Fondo ERRANO","T0",-60,-26.0544643501944
"2022-09-23 00:00:00","Fondo ERRANO","T0",-60,-25.9315213651874
"2022-09-23 00:00:00","Fondo ERRANO","T0",-20,-25.096191223004
"2022-09-24 00:00:00","Fondo ERRANO","T0",-60,-25.884053369231
"2022-09-24 00:00:00","Fondo ERRANO","T0",-20,-26.9004216023277
"2022-09-25 00:00:00","Fondo ERRANO","T0",-20,-24.5361176719493
"2022-09-25 00:00:00","Fondo ERRANO","T0",-60,-25.3929513426353
"2022-09-26 00:00:00","Fondo ERRANO","T0",-60,-25.2186445570703
"2022-09-26 00:00:00","Fondo ERRANO","T0",-20,-24.0906908774684
"2022-09-27 00:00:00","Fondo ERRANO","T0",-60,-25.2194066679052
"2022-09-27 00:00:00","Fondo ERRANO","T0",-20,-24.0423356976775
"2022-09-28 00:00:00","Fondo ERRANO","T0",-60,-25.4820976729981
"2022-09-28 00:00:00","Fondo ERRANO","T0",-20,-24.9806097172558
"2022-09-29 00:00:00","Fondo ERRANO","T0",-20,-26.3905789498308
"2022-09-29 00:00:00","Fondo ERRANO","T0",-60,-25.8545877747287
"2022-09-30 00:00:00","Fondo ERRANO","T0",-60,-26.0171414061296
"2022-09-30 00:00:00","Fondo ERRANO","T0",-20,-29.3978066734962
"2022-10-01 00:00:00","Fondo ERRANO","T0",-20,-25.32027705747
"2022-10-01 00:00:00","Fondo ERRANO","T0",-60,-25.5706511815002
"2022-10-02 00:00:00","Fondo ERRANO","T0",-20,-25.3127673766355
"2022-10-02 00:00:00","Fondo ERRANO","T0",-60,-25.7189349941887
"2022-10-03 00:00:00","Fondo ERRANO","T0",-20,-26.1009288895577
"2022-10-03 00:00:00","Fondo ERRANO","T0",-60,-25.9988689364392
"2022-10-04 00:00:00","Fondo ERRANO","T0",-60,-26.4762625546123
"2022-10-04 00:00:00","Fondo ERRANO","T0",-20,-28.2616510262419
"2022-10-05 00:00:00","Fondo ERRANO","T0",-20,-32.3518121355825
"2022-10-05 00:00:00","Fondo ERRANO","T0",-60,-27.5512682894426
"2022-10-06 00:00:00","Fondo ERRANO","T0",-20,-40.8984099362854
"2022-10-06 00:00:00","Fondo ERRANO","T0",-60,-29.1441811416036
"2022-10-07 00:00:00","Fondo ERRANO","T0",-20,-37.2556243698357
"2022-10-07 00:00:00","Fondo ERRANO","T0",-60,-30.7933259610352
"2022-10-08 00:00:00","Fondo ERRANO","T0",-60,-28.1507447204475
"2022-10-08 00:00:00","Fondo ERRANO","T0",-20,-29.0970516703446
"2022-10-09 00:00:00","Fondo ERRANO","T0",-60,-27.5831246610184
"2022-10-09 00:00:00","Fondo ERRANO","T0",-20,-28.5554308207936
"2022-10-10 00:00:00","Fondo ERRANO","T0",-60,-27.6005564345108
"2022-10-10 00:00:00","Fondo ERRANO","T0",-20,-30.0636116030931
"2022-10-11 00:00:00","Fondo ERRANO","T0",-20,-34.0230198730329
"2022-10-11 00:00:00","Fondo ERRANO","T0",-60,-27.7417556476719
"2022-10-12 00:00:00","Fondo ERRANO","T0",-60,-27.2077137586819
"2023-04-28 00:00:00","Fondo Errano_T0_2023","T0",-20,-23.3284175003266
"2023-04-28 00:00:00","Fondo Errano_T0_2023","T0",-60,-24.8677168421223
"2023-04-29 00:00:00","Fondo Errano_T0_2023","T0",-60,-24.7980887504923
"2023-04-29 00:00:00","Fondo Errano_T0_2023","T0",-20,-23.1844181902823
"2023-04-30 00:00:00","Fondo Errano_T0_2023","T0",-60,-24.7873864469157
"2023-04-30 00:00:00","Fondo Errano_T0_2023","T0",-20,-23.3906890801977
"2023-05-01 00:00:00","Fondo Errano_T0_2023","T0",-60,-24.6655805170091
"2023-05-01 00:00:00","Fondo Errano_T0_2023","T0",-20,-23.6156393317357
"2023-05-02 00:00:00","Fondo Errano_T0_2023","T0",-20,-23.4270310294638
"2023-05-02 00:00:00","Fondo Errano_T0_2023","T0",-60,-24.5611838076942
"2023-05-03 00:00:00","Fondo Errano_T0_2023","T0",-60,-24.5704714667326
"2023-05-03 00:00:00","Fondo Errano_T0_2023","T0",-20,-23.7788872236347
"2023-05-04 00:00:00","Fondo Errano_T0_2023","T0",-60,-24.765046178003
"2023-05-04 00:00:00","Fondo Errano_T0_2023","T0",-20,-23.4822258761155
"2023-05-05 00:00:00","Fondo Errano_T0_2023","T0",-60,-24.6120274012471
"2023-05-05 00:00:00","Fondo Errano_T0_2023","T0",-20,-23.1208490954875
"2023-05-06 00:00:00","Fondo Errano_T0_2023","T0",-20,-22.8451269164258
"2023-05-06 00:00:00","Fondo Errano_T0_2023","T0",-60,-24.5221876386901
"2023-05-07 00:00:00","Fondo Errano_T0_2023","T0",-20,-22.5665557399596
"2023-05-07 00:00:00","Fondo Errano_T0_2023","T0",-60,-24.4577749723331
"2023-05-08 00:00:00","Fondo Errano_T0_2023","T0",-20,-22.4137475043192
"2023-05-08 00:00:00","Fondo Errano_T0_2023","T0",-60,-24.2464249994815
"2023-05-09 00:00:00","Fondo Errano_T0_2023","T0",-20,-22.4405486480929
"2023-05-09 00:00:00","Fondo Errano_T0_2023","T0",-60,-24.2562564468004
"2023-05-10 00:00:00","Fondo Errano_T0_2023","T0",-60,-24.1944688014778
"2023-05-10 00:00:00","Fondo Errano_T0_2023","T0",-20,-22.5039969441742
"2023-05-11 00:00:00","Fondo Errano_T0_2023","T0",-20,-22.5081081487102
"2023-05-11 00:00:00","Fondo Errano_T0_2023","T0",-60,-24.2196191603526
"2023-05-12 00:00:00","Fondo Errano_T0_2023","T0",-20,-22.502345550296
"2023-05-12 00:00:00","Fondo Errano_T0_2023","T0",-60,-24.2132047841023
"2023-05-13 00:00:00","Fondo Errano_T0_2023","T0",-60,-24.2147656399836
"2023-05-13 00:00:00","Fondo Errano_T0_2023","T0",-20,-22.5528595663492
"2023-05-14 00:00:00","Fondo Errano_T0_2023","T0",-20,-22.4211624952105
"2023-05-14 00:00:00","Fondo Errano_T0_2023","T0",-60,-24.190192257582
"2023-05-15 00:00:00","Fondo Errano_T0_2023","T0",-20,-22.5632719146162
"2023-05-15 00:00:00","Fondo Errano_T0_2023","T0",-60,-24.30487781952
"2023-05-16 00:00:00","Fondo Errano_T0_2023","T0",-60,-24.1578924875965
"2023-05-16 00:00:00","Fondo Errano_T0_2023","T0",-20,-22.5303367824179
"2023-05-17 00:00:00","Fondo Errano_T0_2023","T0",-60,-24.199148482841
"2023-05-17 00:00:00","Fondo Errano_T0_2023","T0",-20,-22.9998928591686
"2023-05-18 00:00:00","Fondo Errano_T0_2023","T0",-60,-24.349816199777
"2023-05-18 00:00:00","Fondo Errano_T0_2023","T0",-20,-22.8326423279682
"2023-05-19 00:00:00","Fondo Errano_T0_2023","T0",-20,-22.7552635147342
"2023-05-19 00:00:00","Fondo Errano_T0_2023","T0",-60,-24.2943796621272
"2023-05-20 00:00:00","Fondo Errano_T0_2023","T0",-60,-24.3072223999876
"2023-05-20 00:00:00","Fondo Errano_T0_2023","T0",-20,-22.7466309525283
"2023-05-21 00:00:00","Fondo Errano_T0_2023","T0",-20,-22.6937868835179
"2023-05-21 00:00:00","Fondo Errano_T0_2023","T0",-60,-24.3143454208913
"2023-05-22 00:00:00","Fondo Errano_T0_2023","T0",-60,-24.3004186804818
"2023-05-22 00:00:00","Fondo Errano_T0_2023","T0",-20,-22.5067405028563
"2023-05-23 00:00:00","Fondo Errano_T0_2023","T0",-60,-24.2983059807882
"2023-05-23 00:00:00","Fondo Errano_T0_2023","T0",-20,-22.4217853102236
"2023-05-24 00:00:00","Fondo Errano_T0_2023","T0",-20,-22.5022307894163
"2023-05-24 00:00:00","Fondo Errano_T0_2023","T0",-60,-24.1867005823562
"2023-05-25 00:00:00","Fondo Errano_T0_2023","T0",-60,-24.2139043936745
"2023-05-25 00:00:00","Fondo Errano_T0_2023","T0",-20,-22.868825619075
"2023-05-26 00:00:00","Fondo Errano_T0_2023","T0",-60,-24.4055447246112
"2023-05-26 00:00:00","Fondo Errano_T0_2023","T0",-20,-23.393951473186
"2023-05-27 00:00:00","Fondo Errano_T0_2023","T0",-20,-23.2385263708534
"2023-05-27 00:00:00","Fondo Errano_T0_2023","T0",-60,-24.3455179937799
"2023-05-28 00:00:00","Fondo Errano_T0_2023","T0",-20,-23.4039927811534
"2023-05-28 00:00:00","Fondo Errano_T0_2023","T0",-60,-24.293168015597
"2023-05-29 00:00:00","Fondo Errano_T0_2023","T0",-60,-24.3714768623106
"2023-05-29 00:00:00","Fondo Errano_T0_2023","T0",-20,-24.3725663011345
"2023-05-30 00:00:00","Fondo Errano_T0_2023","T0",-20,-25.505744534914
"2023-05-30 00:00:00","Fondo Errano_T0_2023","T0",-60,-24.4832445249547
"2023-05-31 00:00:00","Fondo Errano_T0_2023","T0",-60,-24.7593105104655
"2023-05-31 00:00:00","Fondo Errano_T0_2023","T0",-20,-27.3408031623447
"2023-06-01 00:00:00","Fondo Errano_T0_2023","T0",-60,-24.9778295762787
"2023-06-01 00:00:00","Fondo Errano_T0_2023","T0",-20,-31.6636663795939
"2023-06-02 00:00:00","Fondo Errano_T0_2023","T0",-20,-40.3931069405836
"2023-06-02 00:00:00","Fondo Errano_T0_2023","T0",-60,-25.3035294346102
"2023-06-03 00:00:00","Fondo Errano_T0_2023","T0",-20,-50.5388281090253
"2023-06-03 00:00:00","Fondo Errano_T0_2023","T0",-60,-25.9158160091742
"2023-06-04 00:00:00","Fondo Errano_T0_2023","T0",-60,-27.1022513327823
"2023-06-04 00:00:00","Fondo Errano_T0_2023","T0",-20,-58.6072723211863
"2023-06-05 00:00:00","Fondo Errano_T0_2023","T0",-60,-29.0258958406266
"2023-06-05 00:00:00","Fondo Errano_T0_2023","T0",-20,-62.0037288645907
"2023-06-06 00:00:00","Fondo Errano_T0_2023","T0",-20,-64.6534368842242
"2023-06-06 00:00:00","Fondo Errano_T0_2023","T0",-60,-31.5321721758305
"2023-06-07 00:00:00","Fondo Errano_T0_2023","T0",-60,-34.3441877959663
"2023-06-07 00:00:00","Fondo Errano_T0_2023","T0",-20,-64.4558511819444
"2023-06-08 00:00:00","Fondo Errano_T0_2023","T0",-20,-68.20634869409
"2023-06-08 00:00:00","Fondo Errano_T0_2023","T0",-60,-36.786179203186
"2023-06-09 00:00:00","Fondo Errano_T0_2023","T0",-20,-74.4056577701101
"2023-06-09 00:00:00","Fondo Errano_T0_2023","T0",-60,-39.187065414897
"2023-06-10 00:00:00","Fondo Errano_T0_2023","T0",-60,-41.3284482823956
"2023-06-10 00:00:00","Fondo Errano_T0_2023","T0",-20,-80.0235757548106
"2023-06-11 00:00:00","Fondo Errano_T0_2023","T0",-60,-43.7985221602944
"2023-06-11 00:00:00","Fondo Errano_T0_2023","T0",-20,-86.6985813481939
"2023-06-12 00:00:00","Fondo Errano_T0_2023","T0",-20,-93.4157576710919
"2023-06-12 00:00:00","Fondo Errano_T0_2023","T0",-60,-46.6469105342723
"2023-06-13 00:00:00","Fondo Errano_T0_2023","T0",-60,-50.2471683816559
"2023-06-13 00:00:00","Fondo Errano_T0_2023","T0",-20,-102.030428185595
"2023-06-14 00:00:00","Fondo Errano_T0_2023","T0",-60,-52.4294248460186
"2023-06-14 00:00:00","Fondo Errano_T0_2023","T0",-20,-109.669573541291
"2023-06-15 00:00:00","Fondo Errano_T0_2023","T0",-60,-55.6679537722081
"2023-06-15 00:00:00","Fondo Errano_T0_2023","T0",-20,-116.774235162606
"2023-06-16 00:00:00","Fondo Errano_T0_2023","T0",-20,-125.420096924215
"2023-06-16 00:00:00","Fondo Errano_T0_2023","T0",-60,-60.2517895358334
"2023-06-17 00:00:00","Fondo Errano_T0_2023","T0",-60,-63.7112579804558
"2023-06-17 00:00:00","Fondo Errano_T0_2023","T0",-20,-128.594585661222
"2023-06-18 00:00:00","Fondo Errano_T0_2023","T0",-20,-120.75207829741
"2023-06-18 00:00:00","Fondo Errano_T0_2023","T0",-60,-66.5104388221913
"2023-06-19 00:00:00","Fondo Errano_T0_2023","T0",-20,-121.276636458704
"2023-06-19 00:00:00","Fondo Errano_T0_2023","T0",-60,-71.2015454400665
"2023-06-20 00:00:00","Fondo Errano_T0_2023","T0",-20,-125.903691078625
"2023-06-20 00:00:00","Fondo Errano_T0_2023","T0",-60,-72.5669480921362
"2023-06-21 00:00:00","Fondo Errano_T0_2023","T0",-60,-75.7374014705249
"2023-06-21 00:00:00","Fondo Errano_T0_2023","T0",-20,-126.311224344679
"2023-06-22 00:00:00","Fondo Errano_T0_2023","T0",-20,-120.406337559453
"2023-06-22 00:00:00","Fondo Errano_T0_2023","T0",-60,-76.4723948584505
"2023-06-23 00:00:00","Fondo Errano_T0_2023","T0",-60,-77.2715333287836
"2023-06-23 00:00:00","Fondo Errano_T0_2023","T0",-20,-119.757227673198
"2023-06-24 00:00:00","Fondo Errano_T0_2023","T0",-20,-124.97240320144
"2023-06-24 00:00:00","Fondo Errano_T0_2023","T0",-60,-78.1339410852354
"2023-06-25 00:00:00","Fondo Errano_T0_2023","T0",-60,-80.9235714600697
"2023-06-25 00:00:00","Fondo Errano_T0_2023","T0",-20,-131.266831696178
"2023-06-26 00:00:00","Fondo Errano_T0_2023","T0",-20,-131.144358049821
"2023-06-26 00:00:00","Fondo Errano_T0_2023","T0",-60,-82.9766401491552
"2023-06-27 00:00:00","Fondo Errano_T0_2023","T0",-20,-131.778393094729
"2023-06-27 00:00:00","Fondo Errano_T0_2023","T0",-60,-84.2378248008931
"2023-06-28 00:00:00","Fondo Errano_T0_2023","T0",-60,-84.8346581408142
"2023-06-28 00:00:00","Fondo Errano_T0_2023","T0",-20,-131.648462621159
"2023-06-29 00:00:00","Fondo Errano_T0_2023","T0",-60,-85.4972774526382
"2023-06-29 00:00:00","Fondo Errano_T0_2023","T0",-20,-134.346525782522
"2023-06-30 00:00:00","Fondo Errano_T0_2023","T0",-60,-88.2391007039175
"2023-06-30 00:00:00","Fondo Errano_T0_2023","T0",-20,-137.065070364018
"2023-07-01 00:00:00","Fondo Errano_T0_2023","T0",-20,-132.820905080926
"2023-07-01 00:00:00","Fondo Errano_T0_2023","T0",-60,-88.2145577559732
"2023-07-02 00:00:00","Fondo Errano_T0_2023","T0",-20,-126.961354753861
"2023-07-02 00:00:00","Fondo Errano_T0_2023","T0",-60,-89.1456191148189
"2023-07-03 00:00:00","Fondo Errano_T0_2023","T0",-20,-125.640182838805
"2023-07-03 00:00:00","Fondo Errano_T0_2023","T0",-60,-91.4237794801549
"2023-07-04 00:00:00","Fondo Errano_T0_2023","T0",-20,-127.97470971131
"2023-07-04 00:00:00","Fondo Errano_T0_2023","T0",-60,-90.6900948505899
"2023-07-05 00:00:00","Fondo Errano_T0_2023","T0",-60,-91.678541728204
"2023-07-05 00:00:00","Fondo Errano_T0_2023","T0",-20,-133.178370790621
"2023-07-06 00:00:00","Fondo Errano_T0_2023","T0",-60,-93.3077882460425
"2023-07-06 00:00:00","Fondo Errano_T0_2023","T0",-20,-130.875715199724
"2023-07-07 00:00:00","Fondo Errano_T0_2023","T0",-20,-126.854883522871
"2023-07-07 00:00:00","Fondo Errano_T0_2023","T0",-60,-95.0549655934609
"2023-07-08 00:00:00","Fondo Errano_T0_2023","T0",-60,-102.27462223275
"2023-07-08 00:00:00","Fondo Errano_T0_2023","T0",-20,-136.132305206102
"2023-07-09 00:00:00","Fondo Errano_T0_2023","T0",-20,-141.190632634904
"2023-07-09 00:00:00","Fondo Errano_T0_2023","T0",-60,-129.499218467687
"2023-07-10 00:00:00","Fondo Errano_T0_2023","T0",-60,-158.48426180842
"2023-07-10 00:00:00","Fondo Errano_T0_2023","T0",-20,-140.032463565364
"2023-07-11 00:00:00","Fondo Errano_T0_2023","T0",-60,-171.598472239188
"2023-07-11 00:00:00","Fondo Errano_T0_2023","T0",-20,-139.008824485423
"2023-07-12 00:00:00","Fondo Errano_T0_2023","T0",-20,-141.799677541324
"2023-07-12 00:00:00","Fondo Errano_T0_2023","T0",-60,-173.337134422283
"2023-07-13 00:00:00","Fondo Errano_T0_2023","T0",-60,-155.316929136187
"2023-07-13 00:00:00","Fondo Errano_T0_2023","T0",-20,-94.7453021765937
"2023-07-14 00:00:00","Fondo Errano_T0_2023","T0",-20,-34.4408298087276
"2023-07-14 00:00:00","Fondo Errano_T0_2023","T0",-60,-107.317184824284
"2023-07-15 00:00:00","Fondo Errano_T0_2023","T0",-60,-100.909129267653
"2023-07-15 00:00:00","Fondo Errano_T0_2023","T0",-20,-36.00353029743
"2023-07-16 00:00:00","Fondo Errano_T0_2023","T0",-60,-102.698529720343
"2023-07-16 00:00:00","Fondo Errano_T0_2023","T0",-20,-40.2531996895434
"2023-07-17 00:00:00","Fondo Errano_T0_2023","T0",-20,-48.5189875361742
"2023-07-17 00:00:00","Fondo Errano_T0_2023","T0",-60,-105.884637105466
"2023-07-18 00:00:00","Fondo Errano_T0_2023","T0",-20,-65.9148567304599
"2023-07-18 00:00:00","Fondo Errano_T0_2023","T0",-60,-114.419757367576
"2023-07-19 00:00:00","Fondo Errano_T0_2023","T0",-20,-84.4242065689353
"2023-07-19 00:00:00","Fondo Errano_T0_2023","T0",-60,-120.663600722563
"2023-07-20 00:00:00","Fondo Errano_T0_2023","T0",-60,-130.473712389903
"2023-07-20 00:00:00","Fondo Errano_T0_2023","T0",-20,-98.2126705742851
"2023-07-21 00:00:00","Fondo Errano_T0_2023","T0",-60,-135.38994066548
"2023-07-21 00:00:00","Fondo Errano_T0_2023","T0",-20,-108.350883451852
"2023-07-22 00:00:00","Fondo Errano_T0_2023","T0",-60,-143.497484919149
"2023-07-22 00:00:00","Fondo Errano_T0_2023","T0",-20,-116.194118559987
"2023-07-23 00:00:00","Fondo Errano_T0_2023","T0",-20,-121.78526805409
"2023-07-23 00:00:00","Fondo Errano_T0_2023","T0",-60,-149.526490527012
"2023-07-24 00:00:00","Fondo Errano_T0_2023","T0",-60,-151.792539986265
"2023-07-24 00:00:00","Fondo Errano_T0_2023","T0",-20,-107.626014066939
"2023-07-25 00:00:00","Fondo Errano_T0_2023","T0",-60,-155.287277044948
"2023-07-25 00:00:00","Fondo Errano_T0_2023","T0",-20,-105.74369166819
"2023-07-26 00:00:00","Fondo Errano_T0_2023","T0",-60,-158.004607670956
"2023-07-26 00:00:00","Fondo Errano_T0_2023","T0",-20,-114.379692862551
"2023-07-27 00:00:00","Fondo Errano_T0_2023","T0",-60,-162.248368698216
"2023-07-27 00:00:00","Fondo Errano_T0_2023","T0",-20,-120.979640284078
"2023-07-28 00:00:00","Fondo Errano_T0_2023","T0",-20,-126.51585540004
"2023-07-28 00:00:00","Fondo Errano_T0_2023","T0",-60,-167.914456276601
"2023-07-29 00:00:00","Fondo Errano_T0_2023","T0",-20,-127.409785851875
"2023-07-29 00:00:00","Fondo Errano_T0_2023","T0",-60,-174.204252684133
"2023-07-30 00:00:00","Fondo Errano_T0_2023","T0",-60,-174.606889477039
"2023-07-30 00:00:00","Fondo Errano_T0_2023","T0",-20,-127.374644599235
"2023-07-31 00:00:00","Fondo Errano_T0_2023","T0",-20,-133.11246439253
"2023-07-31 00:00:00","Fondo Errano_T0_2023","T0",-60,-174.303957242588
"2023-08-01 00:00:00","Fondo Errano_T0_2023","T0",-20,-144.134966405273
"2023-08-01 00:00:00","Fondo Errano_T0_2023","T0",-60,-178.812229493778
"2023-08-02 00:00:00","Fondo Errano_T0_2023","T0",-20,-154.452745129295
"2023-08-02 00:00:00","Fondo Errano_T0_2023","T0",-60,-181.979904662161
"2023-08-03 00:00:00","Fondo Errano_T0_2023","T0",-60,-190.185285075853
"2023-08-03 00:00:00","Fondo Errano_T0_2023","T0",-20,-162.291383793908
"2023-08-04 00:00:00","Fondo Errano_T0_2023","T0",-60,-189.969209421593
"2023-08-04 00:00:00","Fondo Errano_T0_2023","T0",-20,-163.251346107112
"2023-08-05 00:00:00","Fondo Errano_T0_2023","T0",-60,-190.631460124546
"2023-08-05 00:00:00","Fondo Errano_T0_2023","T0",-20,-146.348574229023
"2023-08-06 00:00:00","Fondo Errano_T0_2023","T0",-20,-122.078661131556
"2023-08-06 00:00:00","Fondo Errano_T0_2023","T0",-60,-196.577484721695
"2023-08-07 00:00:00","Fondo Errano_T0_2023","T0",-60,-201.953664354867
"2023-08-07 00:00:00","Fondo Errano_T0_2023","T0",-20,-127.650170487465
"2023-08-08 00:00:00","Fondo Errano_T0_2023","T0",-60,-204.466668074264
"2023-08-08 00:00:00","Fondo Errano_T0_2023","T0",-20,-137.949056555005
"2023-08-09 00:00:00","Fondo Errano_T0_2023","T0",-20,-141.501097872522
"2023-08-09 00:00:00","Fondo Errano_T0_2023","T0",-60,-214.132288417723
"2023-08-10 00:00:00","Fondo Errano_T0_2023","T0",-20,-143.608855812404
"2023-08-10 00:00:00","Fondo Errano_T0_2023","T0",-60,-210.809281217004
"2023-08-11 00:00:00","Fondo Errano_T0_2023","T0",-60,-191.057056851989
"2023-08-11 00:00:00","Fondo Errano_T0_2023","T0",-20,-143.372770818856
"2023-08-12 00:00:00","Fondo Errano_T0_2023","T0",-60,-181.879768437072
"2023-08-12 00:00:00","Fondo Errano_T0_2023","T0",-20,-143.754183127309
"2023-08-13 00:00:00","Fondo Errano_T0_2023","T0",-60,-183.157870527064
"2023-08-13 00:00:00","Fondo Errano_T0_2023","T0",-20,-141.353164773434
"2023-08-14 00:00:00","Fondo Errano_T0_2023","T0",-20,-140.879588688531
"2023-08-14 00:00:00","Fondo Errano_T0_2023","T0",-60,-186.568493891587
"2023-08-15 00:00:00","Fondo Errano_T0_2023","T0",-20,-142.251335231583
"2023-08-15 00:00:00","Fondo Errano_T0_2023","T0",-60,-188.886318646873
"2023-08-16 00:00:00","Fondo Errano_T0_2023","T0",-20,-141.027312852218
"2023-08-16 00:00:00","Fondo Errano_T0_2023","T0",-60,-197.52280428933
"2023-08-17 00:00:00","Fondo Errano_T0_2023","T0",-20,-141.218808906383
"2023-08-17 00:00:00","Fondo Errano_T0_2023","T0",-60,-208.990095262076
"2023-08-18 00:00:00","Fondo Errano_T0_2023","T0",-60,-218.627357201537
"2023-08-18 00:00:00","Fondo Errano_T0_2023","T0",-20,-142.083357327019
"2023-08-19 00:00:00","Fondo Errano_T0_2023","T0",-20,-144.614449671997
"2023-08-19 00:00:00","Fondo Errano_T0_2023","T0",-60,-229.326154263587
"2023-08-20 00:00:00","Fondo Errano_T0_2023","T0",-20,-148.339430084658
"2023-08-20 00:00:00","Fondo Errano_T0_2023","T0",-60,-240.807469896811
"2023-08-21 00:00:00","Fondo Errano_T0_2023","T0",-60,-253.616317726159
"2023-08-21 00:00:00","Fondo Errano_T0_2023","T0",-20,-152.979564905497
"2023-08-22 00:00:00","Fondo Errano_T0_2023","T0",-60,-258.401293453512
"2023-08-22 00:00:00","Fondo Errano_T0_2023","T0",-20,-158.553538873355
"2023-08-23 00:00:00","Fondo Errano_T0_2023","T0",-20,-164.71140953758
"2023-08-23 00:00:00","Fondo Errano_T0_2023","T0",-60,-264.175558591369
"2023-08-24 00:00:00","Fondo Errano_T0_2023","T0",-60,-281.059004914881
"2023-08-24 00:00:00","Fondo Errano_T0_2023","T0",-20,-178.218081697905
"2023-08-25 00:00:00","Fondo Errano_T0_2023","T0",-20,-193.367495993154
"2023-08-25 00:00:00","Fondo Errano_T0_2023","T0",-60,-286.14084836609
"2023-08-26 00:00:00","Fondo Errano_T0_2023","T0",-60,-289.911986778679
"2023-08-26 00:00:00","Fondo Errano_T0_2023","T0",-20,-205.485020090711
"2023-08-27 00:00:00","Fondo Errano_T0_2023","T0",-60,-302.371646819758
"2023-08-27 00:00:00","Fondo Errano_T0_2023","T0",-20,-217.767444909051
"2023-08-28 00:00:00","Fondo Errano_T0_2023","T0",-20,-226.922750076058
"2023-08-28 00:00:00","Fondo Errano_T0_2023","T0",-60,-311.69724959301
"2023-08-29 00:00:00","Fondo Errano_T0_2023","T0",-60,-312.663990937872
"2023-08-29 00:00:00","Fondo Errano_T0_2023","T0",-20,-240.636128181003
"2023-08-30 00:00:00","Fondo Errano_T0_2023","T0",-60,-316.486460450284
"2023-08-30 00:00:00","Fondo Errano_T0_2023","T0",-20,-252.093543641952
"2023-08-31 00:00:00","Fondo Errano_T0_2023","T0",-20,-257.561482208785
"2023-08-31 00:00:00","Fondo Errano_T0_2023","T0",-60,-323.075363102999
"2023-09-01 00:00:00","Fondo Errano_T0_2023","T0",-60,-318.989059346441
"2023-09-01 00:00:00","Fondo Errano_T0_2023","T0",-20,-250.974421571095
"2023-09-02 00:00:00","Fondo Errano_T0_2023","T0",-60,-322.412255234085
"2023-09-02 00:00:00","Fondo Errano_T0_2023","T0",-20,-251.992534599352
"2023-09-03 00:00:00","Fondo Errano_T0_2023","T0",-60,-323.505472670768
"2023-09-03 00:00:00","Fondo Errano_T0_2023","T0",-20,-249.195584605272
"2023-09-04 00:00:00","Fondo Errano_T0_2023","T0",-20,-247.307841127053
"2023-09-04 00:00:00","Fondo Errano_T0_2023","T0",-60,-322.580416476908
"2023-09-05 00:00:00","Fondo Errano_T0_2023","T0",-20,-250.900435560087
"2023-09-05 00:00:00","Fondo Errano_T0_2023","T0",-60,-320.748651621268
"2023-09-06 00:00:00","Fondo Errano_T0_2023","T0",-20,-260.279605511713
"2023-09-06 00:00:00","Fondo Errano_T0_2023","T0",-60,-339.630935895313
"2023-09-07 00:00:00","Fondo Errano_T0_2023","T0",-60,-337.110891509412
"2023-09-07 00:00:00","Fondo Errano_T0_2023","T0",-20,-270.464474205142
"2023-09-08 00:00:00","Fondo Errano_T0_2023","T0",-20,-281.336926645166
"2023-09-08 00:00:00","Fondo Errano_T0_2023","T0",-60,-345.000080257873
"2023-09-09 00:00:00","Fondo Errano_T0_2023","T0",-20,-291.462670143337
"2023-09-09 00:00:00","Fondo Errano_T0_2023","T0",-60,-349.274709830365
"2023-09-10 00:00:00","Fondo Errano_T0_2023","T0",-20,-302.777510796192
"2023-09-10 00:00:00","Fondo Errano_T0_2023","T0",-60,-355.604708248605
"2023-09-11 00:00:00","Fondo Errano_T0_2023","T0",-20,-307.717787505128
"2023-09-11 00:00:00","Fondo Errano_T0_2023","T0",-60,-361.330895270637
"2023-09-12 00:00:00","Fondo Errano_T0_2023","T0",-20,-307.356339206998
"2023-09-12 00:00:00","Fondo Errano_T0_2023","T0",-60,-367.581546181957
"2023-09-13 00:00:00","Fondo Errano_T0_2023","T0",-20,-316.018394521988
"2023-09-13 00:00:00","Fondo Errano_T0_2023","T0",-60,-366.390810035946
"2023-09-14 00:00:00","Fondo Errano_T0_2023","T0",-60,-361.51212580704
"2023-09-14 00:00:00","Fondo Errano_T0_2023","T0",-20,-326.162772507273
"2023-09-15 00:00:00","Fondo Errano_T0_2023","T0",-20,-330.866953623941
"2023-09-15 00:00:00","Fondo Errano_T0_2023","T0",-60,-358.077395937977
"2023-09-16 00:00:00","Fondo Errano_T0_2023","T0",-60,-357.008083984543
"2023-09-16 00:00:00","Fondo Errano_T0_2023","T0",-20,-327.583883731044
"2023-09-17 00:00:00","Fondo Errano_T0_2023","T0",-60,-352.940060485594
"2023-09-17 00:00:00","Fondo Errano_T0_2023","T0",-20,-328.317019897327
"2023-09-18 00:00:00","Fondo Errano_T0_2023","T0",-60,-352.510098104732
"2023-09-18 00:00:00","Fondo Errano_T0_2023","T0",-20,-334.359420747508
"2023-09-19 00:00:00","Fondo Errano_T0_2023","T0",-60,-355.987238054943
"2023-09-19 00:00:00","Fondo Errano_T0_2023","T0",-20,-342.161779015903
"2023-09-20 00:00:00","Fondo Errano_T0_2023","T0",-20,-346.348841574575
"2023-09-20 00:00:00","Fondo Errano_T0_2023","T0",-60,-357.449563070409
"2023-09-21 00:00:00","Fondo Errano_T0_2023","T0",-20,-357.23111355159
"2023-09-21 00:00:00","Fondo Errano_T0_2023","T0",-60,-365.651554013332
"2023-09-22 00:00:00","Fondo Errano_T0_2023","T0",-20,-274.519012462041
"2023-09-22 00:00:00","Fondo Errano_T0_2023","T0",-60,-367.366286081422
"2023-09-23 00:00:00","Fondo Errano_T0_2023","T0",-60,-281.433414971229
"2023-09-23 00:00:00","Fondo Errano_T0_2023","T0",-20,-237.478683529456
"2023-09-24 00:00:00","Fondo Errano_T0_2023","T0",-20,-189.198690006086
"2023-09-24 00:00:00","Fondo Errano_T0_2023","T0",-60,-285.684299907608
"2023-09-25 00:00:00","Fondo Errano_T0_2023","T0",-60,-351.743772796596
"2023-09-25 00:00:00","Fondo Errano_T0_2023","T0",-20,-270.887390543112
"2023-09-26 00:00:00","Fondo Errano_T0_2023","T0",-20,-311.119507027102
"2023-09-26 00:00:00","Fondo Errano_T0_2023","T0",-60,-368.823098610206
"2023-09-27 00:00:00","Fondo Errano_T0_2023","T0",-60,-386.437280578396
"2023-09-27 00:00:00","Fondo Errano_T0_2023","T0",-20,-313.087987445773
"2023-09-28 00:00:00","Fondo Errano_T0_2023","T0",-20,-333.724931989458
"2023-09-28 00:00:00","Fondo Errano_T0_2023","T0",-60,-403.760246809251
"2023-09-29 00:00:00","Fondo Errano_T0_2023","T0",-20,-344.067567594556
"2023-09-29 00:00:00","Fondo Errano_T0_2023","T0",-60,-416.132164908302
"2023-09-30 00:00:00","Fondo Errano_T0_2023","T0",-20,-376.938022119806
"2023-09-30 00:00:00","Fondo Errano_T0_2023","T0",-60,-433.830368083684
"2023-10-01 00:00:00","Fondo Errano_T0_2023","T0",-60,-445.60824205977
"2023-10-01 00:00:00","Fondo Errano_T0_2023","T0",-20,-378.723214810607
"2023-10-02 00:00:00","Fondo Errano_T0_2023","T0",-20,-365.123336387461
"2023-10-02 00:00:00","Fondo Errano_T0_2023","T0",-60,-448.921579305058
"2023-10-03 00:00:00","Fondo Errano_T0_2023","T0",-20,-347.315284432721
"2023-10-03 00:00:00","Fondo Errano_T0_2023","T0",-60,-448.732797429947
"2023-10-04 00:00:00","Fondo Errano_T0_2023","T0",-20,-373.994380220296
"2023-10-04 00:00:00","Fondo Errano_T0_2023","T0",-60,-462.934422342587
"2023-10-05 00:00:00","Fondo Errano_T0_2023","T0",-60,-455.424484144357
"2023-10-05 00:00:00","Fondo Errano_T0_2023","T0",-20,-358.879283342822
"2023-10-06 00:00:00","Fondo Errano_T0_2023","T0",-20,-339.501528242301
"2023-10-06 00:00:00","Fondo Errano_T0_2023","T0",-60,-446.781654320041
"2023-10-07 00:00:00","Fondo Errano_T0_2023","T0",-20,-319.805377823852
"2023-10-07 00:00:00","Fondo Errano_T0_2023","T0",-60,-448.182659665164
"2023-10-08 00:00:00","Fondo Errano_T0_2023","T0",-20,-298.697360094001
"2023-10-08 00:00:00","Fondo Errano_T0_2023","T0",-60,-436.277818976826
"2023-10-09 00:00:00","Fondo Errano_T0_2023","T0",-20,-287.404342646633
"2023-10-09 00:00:00","Fondo Errano_T0_2023","T0",-60,-435.47030478011
"2023-10-10 00:00:00","Fondo Errano_T0_2023","T0",-60,-431.084391704892
"2023-10-10 00:00:00","Fondo Errano_T0_2023","T0",-20,-296.309583623114
"2023-10-11 00:00:00","Fondo Errano_T0_2023","T0",-20,-330.731634366564
"2023-10-11 00:00:00","Fondo Errano_T0_2023","T0",-60,-450.303676306968
"2023-10-12 00:00:00","Fondo Errano_T0_2023","T0",-20,-835.597232639418
"2023-10-12 00:00:00","Fondo Errano_T0_2023","T0",-60,-449.163043156095
"2023-10-13 00:00:00","Fondo Errano_T0_2023","T0",-20,-973.605403873174
"2023-10-13 00:00:00","Fondo Errano_T0_2023","T0",-60,-453.37192893537
"2023-10-14 00:00:00","Fondo Errano_T0_2023","T0",-60,-461.358170776201
"2023-10-14 00:00:00","Fondo Errano_T0_2023","T0",-20,-988.949214306634
"2023-10-15 00:00:00","Fondo Errano_T0_2023","T0",-60,-494.528999907175
"2023-10-15 00:00:00","Fondo Errano_T0_2023","T0",-20,-979.975844533032
"2023-10-16 00:00:00","Fondo Errano_T0_2023","T0",-60,-380.736463494178
"2023-10-16 00:00:00","Fondo Errano_T0_2023","T0",-20,-1006.67060649299
"2023-10-17 00:00:00","Fondo Errano_T0_2023","T0",-20,-1031.71175345521
"2023-10-17 00:00:00","Fondo Errano_T0_2023","T0",-60,-392.278123478952
"2023-10-18 00:00:00","Fondo Errano_T0_2023","T0",-20,-1022.22627092505
"2023-10-18 00:00:00","Fondo Errano_T0_2023","T0",-60,-432.909369923195
"2023-10-19 00:00:00","Fondo Errano_T0_2023","T0",-60,-425.849277019347
"2023-10-19 00:00:00","Fondo Errano_T0_2023","T0",-20,-1027.52241591556
"2023-10-20 00:00:00","Fondo Errano_T0_2023","T0",-60,-477.632897291509
"2023-10-20 00:00:00","Fondo Errano_T0_2023","T0",-20,-849.265186407132
"2023-10-21 00:00:00","Fondo Errano_T0_2023","T0",-20,-379.724263306771
"2023-10-21 00:00:00","Fondo Errano_T0_2023","T0",-60,-447.323583580235
"2023-10-22 00:00:00","Fondo Errano_T0_2023","T0",-60,-422.218028414251
"2023-10-22 00:00:00","Fondo Errano_T0_2023","T0",-20,-378.30062653504
"2023-10-23 00:00:00","Fondo Errano_T0_2023","T0",-60,-442.075394563465
"2023-10-23 00:00:00","Fondo Errano_T0_2023","T0",-20,-394.626622427196
"2023-10-24 00:00:00","Fondo Errano_T0_2023","T0",-60,-424.045821179418
"2023-10-24 00:00:00","Fondo Errano_T0_2023","T0",-20,-385.097853878839
"2023-10-25 00:00:00","Fondo Errano_T0_2023","T0",-60,-353.183641298575
"2023-10-25 00:00:00","Fondo Errano_T0_2023","T0",-20,-331.654527536662
"2023-10-26 00:00:00","Fondo Errano_T0_2023","T0",-60,-341.004632544816
"2023-10-26 00:00:00","Fondo Errano_T0_2023","T0",-20,-296.517457431654
"2023-10-27 00:00:00","Fondo Errano_T0_2023","T0",-60,-365.062845838628
"2023-10-27 00:00:00","Fondo Errano_T0_2023","T0",-20,-288.751161331191
"2023-10-28 00:00:00","Fondo Errano_T0_2023","T0",-60,-384.26214374805
"2023-10-28 00:00:00","Fondo Errano_T0_2023","T0",-20,-313.478873875034
"2023-10-29 00:00:00","Fondo Errano_T0_2023","T0",-60,-358.459054795721
"2023-10-29 00:00:00","Fondo Errano_T0_2023","T0",-20,-315.424741793926
"2023-10-30 00:00:00","Fondo Errano_T0_2023","T0",-20,-290.928691848323
"2023-10-30 00:00:00","Fondo Errano_T0_2023","T0",-60,-353.292554493036
"2023-10-31 00:00:00","Fondo Errano_T0_2023","T0",-20,-142.271767815873
"2023-10-31 00:00:00","Fondo Errano_T0_2023","T0",-60,-298.678098595419
"2024-04-14 00:00:00","Fondo Errano_T0_2024","T0",-20,-1261.94059253157
"2024-04-14 00:00:00","Fondo Errano_T0_2024","T0",-60,-26.635595584434
"2024-04-20 00:00:00","Fondo Errano_T0_2024","T0",-20,-1264.45288385135
"2024-04-20 00:00:00","Fondo Errano_T0_2024","T0",-60,-26.313554879305
"2024-04-21 00:00:00","Fondo Errano_T0_2024","T0",-60,-26.6209734273276
"2024-04-21 00:00:00","Fondo Errano_T0_2024","T0",-20,-1265.32922419044
"2024-04-22 00:00:00","Fondo Errano_T0_2024","T0",-20,-1209.93138751923
"2024-04-22 00:00:00","Fondo Errano_T0_2024","T0",-60,-26.3270341562548
"2024-04-23 00:00:00","Fondo Errano_T0_2024","T0",-60,-26.3882984849872
"2024-04-23 00:00:00","Fondo Errano_T0_2024","T0",-20,-1195.90190085212
"2024-04-24 00:00:00","Fondo Errano_T0_2024","T0",-20,-1204.70983655245
"2024-04-24 00:00:00","Fondo Errano_T0_2024","T0",-60,-26.7074741088018
"2024-04-25 00:00:00","Fondo Errano_T0_2024","T0",-60,-27.3877612237125
"2024-04-25 00:00:00","Fondo Errano_T0_2024","T0",-20,-1263.24929747317
"2024-04-26 00:00:00","Fondo Errano 2024","T0",-60,-27.4004065328403
"2024-04-26 00:00:00","Fondo Errano 2024","T0",-20,-1263.59885334616
"2024-04-27 00:00:00","Fondo Errano 2024","T0",-60,-27.6185599843253
"2024-04-27 00:00:00","Fondo Errano 2024","T0",-20,-1263.96809627854
"2024-04-28 00:00:00","Fondo Errano 2024","T0",-20,-1264.45360060215
"2024-04-28 00:00:00","Fondo Errano 2024","T0",-60,-27.9008902122868
"2024-04-29 00:00:00","Fondo Errano 2024","T0",-60,-28.050427053928
"2024-04-29 00:00:00","Fondo Errano 2024","T0",-20,-1252.60600394686
"2024-04-30 00:00:00","Fondo Errano 2024","T0",-60,-27.4313733064048
"2024-04-30 00:00:00","Fondo Errano 2024","T0",-20,-1216.013008359
"2024-05-01 00:00:00","Fondo Errano 2024","T0",-20,-1143.39850986745
"2024-05-01 00:00:00","Fondo Errano 2024","T0",-60,-27.4249704154224
"2024-05-02 00:00:00","Fondo Errano 2024","T0",-60,-27.1116279425969
"2024-05-02 00:00:00","Fondo Errano 2024","T0",-20,-1087.30777857721
"2024-05-03 00:00:00","Fondo Errano 2024","T0",-60,-27.3710018920167
"2024-05-03 00:00:00","Fondo Errano 2024","T0",-20,-1160.93911508303
"2024-05-04 00:00:00","Fondo Errano 2024","T0",-20,-1232.262766631
"2024-05-04 00:00:00","Fondo Errano 2024","T0",-60,-27.7676172648575
"2024-05-05 00:00:00","Fondo Errano 2024","T0",-20,-1264.00356633437
"2024-05-05 00:00:00","Fondo Errano 2024","T0",-60,-28.0360697652449
"2024-05-06 00:00:00","Fondo Errano 2024","T0",-60,-28.4305001822254
"2024-05-06 00:00:00","Fondo Errano 2024","T0",-20,-1264.90322557233
"2024-05-07 00:00:00","Fondo Errano 2024","T0",-60,-28.8071421089062
"2024-05-07 00:00:00","Fondo Errano 2024","T0",-20,-1197.92609834017
"2024-05-08 00:00:00","Fondo Errano 2024","T0",-60,-28.5240659764755
"2024-05-08 00:00:00","Fondo Errano 2024","T0",-20,-1202.77561498369
"2024-05-09 00:00:00","Fondo Errano 2024","T0",-20,-721.824954474972
"2024-05-09 00:00:00","Fondo Errano 2024","T0",-60,-29.0274831621729
"2024-05-10 00:00:00","Fondo Errano 2024","T0",-20,-34.0824363049804
"2024-05-10 00:00:00","Fondo Errano 2024","T0",-60,-29.6845100491672
"2024-05-11 00:00:00","Fondo Errano 2024","T0",-20,-43.5496280075716
"2024-05-11 00:00:00","Fondo Errano 2024","T0",-60,-31.1860605796872
"2024-05-12 00:00:00","Fondo Errano 2024","T0",-60,-33.4028769297206
"2024-05-12 00:00:00","Fondo Errano 2024","T0",-20,-60.5642760708887
"2024-05-13 00:00:00","Fondo Errano 2024","T0",-20,-62.5554873707597
"2024-05-13 00:00:00","Fondo Errano 2024","T0",-60,-36.1140509471222
"2024-05-14 00:00:00","Fondo Errano 2024","T0",-60,-39.8417212006156
"2024-05-14 00:00:00","Fondo Errano 2024","T0",-20,-69.4056148874887
"2024-05-15 00:00:00","Fondo Errano 2024","T0",-60,-42.8414358610238
"2024-05-15 00:00:00","Fondo Errano 2024","T0",-20,-70.551543687139
"2024-05-16 00:00:00","Fondo Errano 2024","T0",-20,-67.6082356086984
"2024-05-16 00:00:00","Fondo Errano 2024","T0",-60,-45.2854130443563
"2024-05-17 00:00:00","Fondo Errano 2024","T0",-20,-30.4127923834604
"2024-05-17 00:00:00","Fondo Errano 2024","T0",-60,-78.3158533191309
"2024-05-18 00:00:00","Fondo Errano 2024","T0",-60,-179.493415768447
"2024-05-18 00:00:00","Fondo Errano 2024","T0",-20,-35.3115731728293
"2024-05-19 00:00:00","Fondo Errano 2024","T0",-20,-40.9609338110774
"2024-05-19 00:00:00","Fondo Errano 2024","T0",-60,-280.386184178007
"2024-05-20 00:00:00","Fondo Errano 2024","T0",-20,-29.3684312213436
"2024-05-20 00:00:00","Fondo Errano 2024","T0",-60,-306.613824793501
"2024-05-21 00:00:00","Fondo Errano 2024","T0",-60,-316.108104331462
"2024-05-21 00:00:00","Fondo Errano 2024","T0",-20,-22.607547707235
"2024-05-22 00:00:00","Fondo Errano 2024","T0",-20,-22.5868696868911
"2024-05-22 00:00:00","Fondo Errano 2024","T0",-60,-250.084312238697
"2024-05-23 00:00:00","Fondo Errano 2024","T0",-60,-92.5246391435675
"2024-05-23 00:00:00","Fondo Errano 2024","T0",-20,-22.4783749855492
"2024-05-24 00:00:00","Fondo Errano 2024","T0",-20,-22.2907557947137
"2024-05-24 00:00:00","Fondo Errano 2024","T0",-60,-34.3771452969597
"2024-05-25 00:00:00","Fondo Errano 2024","T0",-20,-22.3293480333367
"2024-05-25 00:00:00","Fondo Errano 2024","T0",-60,-34.2822834298711
"2024-05-26 00:00:00","Fondo Errano 2024","T0",-20,-22.6383290473348
"2024-05-26 00:00:00","Fondo Errano 2024","T0",-60,-34.3626527780272
"2024-05-27 00:00:00","Fondo Errano 2024","T0",-20,-23.2021267779082
"2024-05-27 00:00:00","Fondo Errano 2024","T0",-60,-34.9729822896262
"2024-05-28 00:00:00","Fondo Errano 2024","T0",-60,-35.9360481831441
"2024-05-28 00:00:00","Fondo Errano 2024","T0",-20,-23.6290085334437
"2024-05-29 00:00:00","Fondo Errano 2024","T0",-20,-24.3186662906267
"2024-05-29 00:00:00","Fondo Errano 2024","T0",-60,-36.0393992277923
"2024-05-30 00:00:00","Fondo Errano 2024","T0",-20,-24.4558161790117
"2024-05-30 00:00:00","Fondo Errano 2024","T0",-60,-37.0435031062592
"2024-05-31 00:00:00","Fondo Errano 2024","T0",-60,-35.8344978618833
"2024-05-31 00:00:00","Fondo Errano 2024","T0",-20,-24.047716607365
"2024-06-01 00:00:00","Fondo Errano 2024","T0",-20,-25.680870153904
"2024-06-01 00:00:00","Fondo Errano 2024","T0",-60,-36.0386911525809
"2024-06-02 00:00:00","Fondo Errano 2024","T0",-60,-38.1428781996151
"2024-06-02 00:00:00","Fondo Errano 2024","T0",-20,-27.8478598193855
"2024-06-03 00:00:00","Fondo Errano 2024","T0",-20,-31.3123788487395
"2024-06-03 00:00:00","Fondo Errano 2024","T0",-60,-40.6768137866297
"2024-06-04 00:00:00","Fondo Errano 2024","T0",-60,-45.8970354761619
"2024-06-04 00:00:00","Fondo Errano 2024","T0",-20,-37.4659181324992
"2024-06-05 00:00:00","Fondo Errano 2024","T0",-20,-46.9363285386299
"2024-06-05 00:00:00","Fondo Errano 2024","T0",-60,-55.2446067764472
"2024-06-06 00:00:00","Fondo Errano 2024","T0",-60,-66.0384751291008
"2024-06-06 00:00:00","Fondo Errano 2024","T0",-20,-57.1579349057854
"2024-06-07 00:00:00","Fondo Errano 2024","T0",-60,-75.7487188055052
"2024-06-07 00:00:00","Fondo Errano 2024","T0",-20,-57.7245457022907
"2024-06-08 00:00:00","Fondo Errano 2024","T0",-60,-86.0558739903918
"2024-06-08 00:00:00","Fondo Errano 2024","T0",-20,-56.5715727225526
"2024-06-09 00:00:00","Fondo Errano 2024","T0",-20,-59.2082608329098
"2024-06-09 00:00:00","Fondo Errano 2024","T0",-60,-85.6331734824309
"2024-06-10 00:00:00","Fondo Errano 2024","T0",-20,-61.4839664842059
"2024-06-10 00:00:00","Fondo Errano 2024","T0",-60,-91.1748974938639
"2024-06-11 00:00:00","Fondo Errano 2024","T0",-60,-113.022274882474
"2024-06-11 00:00:00","Fondo Errano 2024","T0",-20,-64.9542320954672
"2024-06-12 00:00:00","Fondo Errano 2024","T0",-20,-69.0571684646659
"2024-06-12 00:00:00","Fondo Errano 2024","T0",-60,-146.916075801265
"2024-06-13 00:00:00","Fondo Errano 2024","T0",-20,-76.5560720816365
"2024-06-13 00:00:00","Fondo Errano 2024","T0",-60,-161.021669038771
"2024-06-14 00:00:00","Fondo Errano 2024","T0",-60,-172.482792988553
"2024-06-14 00:00:00","Fondo Errano 2024","T0",-20,-87.6874103546809
"2024-06-15 00:00:00","Fondo Errano 2024","T0",-20,-86.2749307882126
"2024-06-15 00:00:00","Fondo Errano 2024","T0",-60,-186.68663556404
"2024-06-16 00:00:00","Fondo Errano 2024","T0",-20,-78.7309808465219
"2024-06-16 00:00:00","Fondo Errano 2024","T0",-60,-195.41075116281
"2024-06-17 00:00:00","Fondo Errano 2024","T0",-60,-172.059740568967
"2024-06-17 00:00:00","Fondo Errano 2024","T0",-20,-87.0522516150953
"2024-06-18 00:00:00","Fondo Errano 2024","T0",-20,-98.5328768122896
"2024-06-18 00:00:00","Fondo Errano 2024","T0",-60,-176.318322133807
"2024-06-19 00:00:00","Fondo Errano 2024","T0",-60,-220.523750371553
"2024-06-19 00:00:00","Fondo Errano 2024","T0",-20,-98.4363504003015
"2024-06-20 00:00:00","Fondo Errano 2024","T0",-60,-169.839770769293
"2024-06-20 00:00:00","Fondo Errano 2024","T0",-20,-93.8945792072448
"2024-06-21 00:00:00","Fondo Errano 2024","T0",-20,-91.0893417175771
"2024-06-21 00:00:00","Fondo Errano 2024","T0",-60,-154.227834850536
"2024-06-22 00:00:00","Fondo Errano 2024","T0",-20,-98.530406864532
"2024-06-22 00:00:00","Fondo Errano 2024","T0",-60,-152.841773622605
"2024-06-23 00:00:00","Fondo Errano 2024","T0",-20,-110.005195046813
"2024-06-23 00:00:00","Fondo Errano 2024","T0",-60,-159.238961788701
"2024-06-24 00:00:00","Fondo Errano 2024","T0",-60,-156.200521315071
"2024-06-24 00:00:00","Fondo Errano 2024","T0",-20,-56.2691524734404
"2024-06-25 00:00:00","Fondo Errano 2024","T0",-20,-62.7343350709038
"2024-06-25 00:00:00","Fondo Errano 2024","T0",-60,-161.191666966653
"2024-06-26 00:00:00","Fondo Errano 2024","T0",-20,-81.7973487807651
"2024-06-26 00:00:00","Fondo Errano 2024","T0",-60,-159.562602353503
"2024-06-27 00:00:00","Fondo Errano 2024","T0",-20,-87.9705566573266
"2024-06-27 00:00:00","Fondo Errano 2024","T0",-60,-163.245549694393
"2024-06-28 00:00:00","Fondo Errano 2024","T0",-60,-170.334773366626
"2024-06-28 00:00:00","Fondo Errano 2024","T0",-20,-92.6419572015718
"2024-06-29 00:00:00","Fondo Errano 2024","T0",-20,-96.8745900957891
"2024-06-29 00:00:00","Fondo Errano 2024","T0",-60,-166.686743054496
"2024-06-30 00:00:00","Fondo Errano 2024","T0",-20,-96.0639312388168
"2024-06-30 00:00:00","Fondo Errano 2024","T0",-60,-167.53372852702
"2024-07-01 00:00:00","Fondo Errano 2024","T0",-60,-171.015810850231
"2024-07-01 00:00:00","Fondo Errano 2024","T0",-20,-97.7967091946601
"2024-07-02 00:00:00","Fondo Errano 2024","T0",-60,-177.098360510705
"2024-07-02 00:00:00","Fondo Errano 2024","T0",-20,-96.6869339370654
"2024-07-03 00:00:00","Fondo Errano 2024","T0",-20,-91.7804791740409
"2024-07-03 00:00:00","Fondo Errano 2024","T0",-60,-180.458962774211
"2024-07-04 00:00:00","Fondo Errano 2024","T0",-60,-181.154834188249
"2024-07-04 00:00:00","Fondo Errano 2024","T0",-20,-89.8010031281079
"2024-07-05 00:00:00","Fondo Errano 2024","T0",-60,-185.769432951276
"2024-07-05 00:00:00","Fondo Errano 2024","T0",-20,-88.3846036228336
"2024-07-06 00:00:00","Fondo Errano 2024","T0",-20,-88.8057221045728
"2024-07-06 00:00:00","Fondo Errano 2024","T0",-60,-188.404654795387
"2024-07-07 00:00:00","Fondo Errano 2024","T0",-60,-189.257616684316
"2024-07-07 00:00:00","Fondo Errano 2024","T0",-20,-93.7509670457672
"2024-07-08 00:00:00","Fondo Errano 2024","T0",-60,-190.421288751337
"2024-07-08 00:00:00","Fondo Errano 2024","T0",-20,-94.766909354812
"2024-07-09 00:00:00","Fondo Errano 2024","T0",-20,-95.9552833475536
"2024-07-09 00:00:00","Fondo Errano 2024","T0",-60,-189.396134240931
"2024-07-10 00:00:00","Fondo Errano 2024","T0",-60,-189.868507921382
"2024-07-10 00:00:00","Fondo Errano 2024","T0",-20,-94.1455387751879
"2024-07-11 00:00:00","Fondo Errano 2024","T0",-60,-192.92955173947
"2024-07-11 00:00:00","Fondo Errano 2024","T0",-20,-92.2998332017314
"2024-07-12 00:00:00","Fondo Errano 2024","T0",-60,-197.396733998291
"2024-07-12 00:00:00","Fondo Errano 2024","T0",-20,-97.7585236091848
"2024-07-13 00:00:00","Fondo Errano 2024","T0",-20,-107.972900954039
"2024-07-13 00:00:00","Fondo Errano 2024","T0",-60,-202.511072325573
"2024-07-14 00:00:00","Fondo Errano 2024","T0",-20,-122.200891513774
"2024-07-14 00:00:00","Fondo Errano 2024","T0",-60,-211.06873250452
"2024-07-15 00:00:00","Fondo Errano 2024","T0",-60,-214.267551240236
"2024-07-15 00:00:00","Fondo Errano 2024","T0",-20,-130.893793973934
"2024-07-16 00:00:00","Fondo Errano 2024","T0",-20,-133.046016633586
"2024-07-16 00:00:00","Fondo Errano 2024","T0",-60,-223.687898167244
"2024-07-17 00:00:00","Fondo Errano 2024","T0",-20,-131.49054489238
"2024-07-17 00:00:00","Fondo Errano 2024","T0",-60,-229.170215434976
"2024-07-18 00:00:00","Fondo Errano 2024","T0",-20,-146.835181131013
"2024-07-18 00:00:00","Fondo Errano 2024","T0",-60,-235.569180779471
"2024-07-19 00:00:00","Fondo Errano 2024","T0",-60,-239.430866562235
"2024-07-19 00:00:00","Fondo Errano 2024","T0",-20,-149.908164081032
"2024-07-20 00:00:00","Fondo Errano 2024","T0",-20,-146.573052959598
"2024-07-20 00:00:00","Fondo Errano 2024","T0",-60,-242.978415805616
"2024-07-21 00:00:00","Fondo Errano 2024","T0",-20,-148.019406638054
"2024-07-21 00:00:00","Fondo Errano 2024","T0",-60,-243.676448188931
"2024-07-22 00:00:00","Fondo Errano 2024","T0",-60,-245.559770238169
"2024-07-22 00:00:00","Fondo Errano 2024","T0",-20,-133.702523295475
"2024-07-23 00:00:00","Fondo Errano 2024","T0",-20,-129.72530933553
"2024-07-23 00:00:00","Fondo Errano 2024","T0",-60,-249.043063424059
"2024-07-24 00:00:00","Fondo Errano 2024","T0",-20,-131.157612170011
"2024-07-24 00:00:00","Fondo Errano 2024","T0",-60,-253.218730518578
"2024-07-25 00:00:00","Fondo Errano 2024","T0",-20,-133.608074525918
"2024-07-25 00:00:00","Fondo Errano 2024","T0",-60,-256.3070008852
"2024-07-26 00:00:00","Fondo Errano 2024","T0",-20,-137.546870357275
"2024-07-26 00:00:00","Fondo Errano 2024","T0",-60,-259.171127919617
"2024-07-27 00:00:00","Fondo Errano 2024","T0",-60,-269.857056922013
"2024-07-27 00:00:00","Fondo Errano 2024","T0",-20,-141.744126643041
"2024-07-28 00:00:00","Fondo Errano 2024","T0",-20,-146.81214190754
"2024-07-28 00:00:00","Fondo Errano 2024","T0",-60,-287.987244584159
"2024-07-29 00:00:00","Fondo Errano 2024","T0",-20,-154.835422053573
"2024-07-29 00:00:00","Fondo Errano 2024","T0",-60,-315.77477947504
"2024-07-30 00:00:00","Fondo Errano 2024","T0",-20,-160.305548603387
"2024-07-30 00:00:00","Fondo Errano 2024","T0",-60,-301.623223993377
"2024-07-31 00:00:00","Fondo Errano 2024","T0",-20,-174.386493555616
"2024-07-31 00:00:00","Fondo Errano 2024","T0",-60,-289.02869694726
"2024-08-01 00:00:00","Fondo Errano 2024","T0",-60,-296.402984426259
"2024-08-01 00:00:00","Fondo Errano 2024","T0",-20,-182.79494755796
"2024-08-02 00:00:00","Fondo Errano 2024","T0",-20,-195.458829142655
"2024-08-02 00:00:00","Fondo Errano 2024","T0",-60,-298.487713601129
"2024-08-03 00:00:00","Fondo Errano 2024","T0",-20,-200.893915189597
"2024-08-03 00:00:00","Fondo Errano 2024","T0",-60,-294.220296709351
"2024-08-04 00:00:00","Fondo Errano 2024","T0",-60,-285.159667268675
"2024-08-04 00:00:00","Fondo Errano 2024","T0",-20,-194.698272630462
"2024-08-05 00:00:00","Fondo Errano 2024","T0",-20,-197.233905538798
"2024-08-05 00:00:00","Fondo Errano 2024","T0",-60,-291.932723319403
"2024-08-06 00:00:00","Fondo Errano 2024","T0",-60,-309.204564094584
"2024-08-06 00:00:00","Fondo Errano 2024","T0",-20,-209.559211728511
"2024-08-07 00:00:00","Fondo Errano 2024","T0",-20,-205.689607224737
"2024-08-07 00:00:00","Fondo Errano 2024","T0",-60,-331.716781801574
"2024-08-08 00:00:00","Fondo Errano 2024","T0",-20,-174.060960551682
"2024-08-08 00:00:00","Fondo Errano 2024","T0",-60,-306.235541517404
"2024-08-09 00:00:00","Fondo Errano 2024","T0",-20,-205.352486763415
"2024-08-09 00:00:00","Fondo Errano 2024","T0",-60,-332.845903158593
"2024-08-10 00:00:00","Fondo Errano 2024","T0",-20,-202.849781860596
"2024-08-10 00:00:00","Fondo Errano 2024","T0",-60,-333.770853774876
"2024-08-11 00:00:00","Fondo Errano 2024","T0",-20,-211.55058576249
"2024-08-11 00:00:00","Fondo Errano 2024","T0",-60,-344.253986041542
"2024-08-12 00:00:00","Fondo Errano 2024","T0",-20,-215.831791033945
"2024-08-12 00:00:00","Fondo Errano 2024","T0",-60,-344.716769358514
"2024-08-13 00:00:00","Fondo Errano 2024","T0",-20,-218.834155460941
"2024-08-13 00:00:00","Fondo Errano 2024","T0",-60,-352.282733089959
"2024-08-14 00:00:00","Fondo Errano 2024","T0",-60,-358.758882415052
"2024-08-14 00:00:00","Fondo Errano 2024","T0",-20,-223.016843407746
"2024-08-15 00:00:00","Fondo Errano 2024","T0",-60,-364.720365876095
"2024-08-15 00:00:00","Fondo Errano 2024","T0",-20,-222.970242255064
"2024-08-16 00:00:00","Fondo Errano 2024","T0",-20,-218.961635504841
"2024-08-16 00:00:00","Fondo Errano 2024","T0",-60,-349.659016564387
"2024-08-17 00:00:00","Fondo Errano 2024","T0",-60,-342.764987749445
"2024-08-17 00:00:00","Fondo Errano 2024","T0",-20,-197.028549259993
"2024-08-18 00:00:00","Fondo Errano 2024","T0",-60,-341.69480775066
"2024-08-18 00:00:00","Fondo Errano 2024","T0",-20,-190.233680229303
"2024-08-19 00:00:00","Fondo Errano 2024","T0",-60,-360.305282272553
"2024-08-19 00:00:00","Fondo Errano 2024","T0",-20,-135.453491600995
"2024-08-20 00:00:00","Fondo Errano 2024","T0",-20,-76.7053743896887
"2024-08-20 00:00:00","Fondo Errano 2024","T0",-60,-280.67369728791
"2024-08-21 00:00:00","Fondo Errano 2024","T0",-20,-30.9828790342355
"2024-08-21 00:00:00","Fondo Errano 2024","T0",-60,-246.994021758727
"2024-08-22 00:00:00","Fondo Errano 2024","T0",-20,-35.5025516993444
"2024-08-22 00:00:00","Fondo Errano 2024","T0",-60,-226.775793412999
"2024-08-23 00:00:00","Fondo Errano 2024","T0",-20,-39.6772138849258
"2024-08-23 00:00:00","Fondo Errano 2024","T0",-60,-216.330853672562
"2024-08-24 00:00:00","Fondo Errano 2024","T0",-20,-42.6722761495375
"2024-08-24 00:00:00","Fondo Errano 2024","T0",-60,-215.422149360474
"2024-08-25 00:00:00","Fondo Errano 2024","T0",-60,-222.44123265734
"2024-08-25 00:00:00","Fondo Errano 2024","T0",-20,-52.7729065165501
"2024-08-26 00:00:00","Fondo Errano 2024","T0",-60,-229.411716737144
"2024-08-26 00:00:00","Fondo Errano 2024","T0",-20,-63.6982399926708
"2024-08-27 00:00:00","Fondo Errano 2024","T0",-60,-234.913353443666
"2024-08-27 00:00:00","Fondo Errano 2024","T0",-20,-70.5991686863054
"2024-08-28 00:00:00","Fondo Errano 2024","T0",-20,-74.7998433348778
"2024-08-28 00:00:00","Fondo Errano 2024","T0",-60,-235.175485044801
"2024-08-29 00:00:00","Fondo Errano 2024","T0",-20,-83.3363120233533
"2024-08-29 00:00:00","Fondo Errano 2024","T0",-60,-241.305128469097
"2024-08-30 00:00:00","Fondo Errano 2024","T0",-20,-92.6810273157249
"2024-08-30 00:00:00","Fondo Errano 2024","T0",-60,-248.100580415849
"2024-08-31 00:00:00","Fondo Errano 2024","T0",-60,-262.783032376651
"2024-08-31 00:00:00","Fondo Errano 2024","T0",-20,-103.015770067479
"2024-09-01 00:00:00","Fondo Errano 2024","T0",-20,-114.207035006429
"2024-09-01 00:00:00","Fondo Errano 2024","T0",-60,-263.568859708631
"2024-09-02 00:00:00","Fondo Errano 2024","T0",-60,-269.035240926678
"2024-09-02 00:00:00","Fondo Errano 2024","T0",-20,-120.837353711766
"2024-09-03 00:00:00","Fondo Errano 2024","T0",-60,-266.530343186437
"2024-09-03 00:00:00","Fondo Errano 2024","T0",-20,-114.514472825957
"2024-09-04 00:00:00","Fondo Errano 2024","T0",-20,-109.038472174489
"2024-09-04 00:00:00","Fondo Errano 2024","T0",-60,-266.306770929308
"2024-09-05 00:00:00","Fondo Errano 2024","T0",-20,-106.059044500187
"2024-09-05 00:00:00","Fondo Errano 2024","T0",-60,-258.934108702204
"2024-09-06 00:00:00","Fondo Errano 2024","T0",-60,-266.018198328442
"2024-09-06 00:00:00","Fondo Errano 2024","T0",-20,-104.170355487324
"2024-09-07 00:00:00","Fondo Errano 2024","T0",-20,-103.828118512439
"2024-09-07 00:00:00","Fondo Errano 2024","T0",-60,-264.733639277899
"2024-09-08 00:00:00","Fondo Errano 2024","T0",-60,-245.180885824316
"2024-09-08 00:00:00","Fondo Errano 2024","T0",-20,-79.2321835217029
"2024-09-09 00:00:00","Fondo Errano 2024","T0",-20,-22.724978668912
"2024-09-09 00:00:00","Fondo Errano 2024","T0",-60,-134.201211906156
"2024-09-10 00:00:00","Fondo Errano 2024","T0",-20,-23.0741040305112
"2024-09-10 00:00:00","Fondo Errano 2024","T0",-60,-118.023142701916
"2024-09-11 00:00:00","Fondo Errano 2024","T0",-60,-104.272593265171
"2024-09-11 00:00:00","Fondo Errano 2024","T0",-20,-23.7004629202814
"2024-09-12 00:00:00","Fondo Errano 2024","T0",-60,-98.728296744343
"2024-09-12 00:00:00","Fondo Errano 2024","T0",-20,-24.0211130810726
"2024-09-13 00:00:00","Fondo Errano 2024","T0",-60,-88.1726706672049
"2024-09-13 00:00:00","Fondo Errano 2024","T0",-20,-22.6258042397463
"2024-09-14 00:00:00","Fondo Errano 2024","T0",-60,-90.1208768530944
"2024-09-14 00:00:00","Fondo Errano 2024","T0",-20,-23.2977474221512
"2024-09-15 00:00:00","Fondo Errano 2024","T0",-20,-24.3691555072055
"2024-09-15 00:00:00","Fondo Errano 2024","T0",-60,-89.1680741064352
"2024-09-16 00:00:00","Fondo Errano 2024","T0",-20,-26.3975332485122
"2024-09-16 00:00:00","Fondo Errano 2024","T0",-60,-87.0504091388249
"2024-09-17 00:00:00","Fondo Errano 2024","T0",-60,-76.4592563977438
"2024-09-17 00:00:00","Fondo Errano 2024","T0",-20,-26.8827504622441
"2024-09-18 00:00:00","Fondo Errano 2024","T0",-60,-32.8243916842642
"2024-09-18 00:00:00","Fondo Errano 2024","T0",-20,-23.2327830187634
"2024-09-19 00:00:00","Fondo Errano 2024","T0",-60,-25.4950643000338
"2024-09-19 00:00:00","Fondo Errano 2024","T0",-20,-23.7619160128146
"2024-09-20 00:00:00","Fondo Errano 2024","T0",-60,-26.1272258581252
"2024-09-20 00:00:00","Fondo Errano 2024","T0",-20,-23.4881165876386
"2024-09-21 00:00:00","Fondo Errano 2024","T0",-20,-23.2999184863541
"2024-09-21 00:00:00","Fondo Errano 2024","T0",-60,-25.7852512874151
"2024-09-22 00:00:00","Fondo Errano 2024","T0",-20,-23.2200150874044
"2024-09-22 00:00:00","Fondo Errano 2024","T0",-60,-25.9149865288555
"2024-09-23 00:00:00","Fondo Errano 2024","T0",-20,-23.4192621388125
"2024-09-23 00:00:00","Fondo Errano 2024","T0",-60,-25.9503297634828
"2024-09-24 00:00:00","Fondo Errano 2024","T0",-60,-25.6166008683559
"2024-09-24 00:00:00","Fondo Errano 2024","T0",-20,-23.5692704583731
"2024-09-25 00:00:00","Fondo Errano 2024","T0",-20,-23.9774089191237
"2024-09-25 00:00:00","Fondo Errano 2024","T0",-60,-25.8386888851102
"2024-09-26 00:00:00","Fondo Errano 2024","T0",-60,-26.2151327994298
"2024-09-26 00:00:00","Fondo Errano 2024","T0",-20,-24.8740606102694
"2024-09-27 00:00:00","Fondo Errano 2024","T0",-60,-27.6163915485343
"2024-09-27 00:00:00","Fondo Errano 2024","T0",-20,-29.0401709437741
"2024-09-28 00:00:00","Fondo Errano 2024","T0",-20,-35.4460830514358
"2024-09-28 00:00:00","Fondo Errano 2024","T0",-60,-27.9749081370857
"2024-09-29 00:00:00","Fondo Errano 2024","T0",-60,-28.5344257747551
"2024-09-29 00:00:00","Fondo Errano 2024","T0",-20,-42.7102585455284
"2024-09-30 00:00:00","Fondo Errano 2024","T0",-20,-48.8243022941547
"2024-09-30 00:00:00","Fondo Errano 2024","T0",-60,-29.9170099561776
"2024-10-01 00:00:00","Fondo Errano 2024","T0",-60,-32.3265041868757
"2024-10-01 00:00:00","Fondo Errano 2024","T0",-20,-51.120219023232
"2024-10-02 00:00:00","Fondo Errano 2024","T0",-20,-51.1179019158304
"2024-10-02 00:00:00","Fondo Errano 2024","T0",-60,-35.3830969774971
"2024-10-03 00:00:00","Fondo Errano 2024","T0",-60,-32.2961523773849
"2024-10-03 00:00:00","Fondo Errano 2024","T0",-20,-36.3543203959816
"2024-10-04 00:00:00","Fondo Errano 2024","T0",-20,-24.1725789447477
"2024-10-04 00:00:00","Fondo Errano 2024","T0",-60,-26.4221787856292
"2024-10-05 00:00:00","Fondo Errano 2024","T0",-20,-24.0711782407733
"2024-10-05 00:00:00","Fondo Errano 2024","T0",-60,-26.3409201122123
"2024-10-06 00:00:00","Fondo Errano 2024","T0",-60,-26.3185830181335
"2024-10-06 00:00:00","Fondo Errano 2024","T0",-20,-24.0927320294477
"2024-10-07 00:00:00","Fondo Errano 2024","T0",-20,-428.74094568601
"2024-10-07 00:00:00","Fondo Errano 2024","T0",-60,-26.6566053300149
"2024-10-08 00:00:00","Fondo Errano 2024","T0",-20,-642.937804184362
"2024-10-08 00:00:00","Fondo Errano 2024","T0",-60,-26.6765217897036
"2024-10-09 00:00:00","Fondo Errano 2024","T0",-60,-26.668150586685
"2024-10-09 00:00:00","Fondo Errano 2024","T0",-20,-643.064338424385
"2024-10-10 00:00:00","Fondo Errano 2024","T0",-60,-27.437623036907
"2024-10-10 00:00:00","Fondo Errano 2024","T0",-20,-643.60365110842
"2024-10-11 00:00:00","Fondo Errano 2024","T0",-60,-32.2704392104252
"2024-10-11 00:00:00","Fondo Errano 2024","T0",-20,-645.190994909006
"2024-10-12 00:00:00","Fondo Errano 2024","T0",-60,-27.7137631355732
"2024-10-12 00:00:00","Fondo Errano 2024","T0",-20,-647.818364401396
"2024-10-13 00:00:00","Fondo Errano 2024","T0",-20,-279.347004456567
"2024-10-13 00:00:00","Fondo Errano 2024","T0",-60,-28.3840911245227
"2024-10-14 00:00:00","Fondo Errano 2024","T0",-60,-28.5534237741978
"2024-10-14 00:00:00","Fondo Errano 2024","T0",-20,-30.7864167128478
"2024-10-15 00:00:00","Fondo Errano 2024","T0",-20,-31.5936238318194
"2024-10-15 00:00:00","Fondo Errano 2024","T0",-60,-28.9792657688925
"2024-10-18 00:00:00","Fondo Errano 2024","T0",-20,-17.7841988159664
"2024-10-18 00:00:00","Fondo Errano 2024","T0",-60,-27.1529705567664
"2024-10-19 00:00:00","Fondo Errano 2024","T0",-20,-17.5766201133209
"2024-10-19 00:00:00","Fondo Errano 2024","T0",-60,-26.7888263697008
"2024-10-20 00:00:00","Fondo Errano 2024","T0",-60,-26.6774317414076
"2024-10-20 00:00:00","Fondo Errano 2024","T0",-20,-17.6874753439
"2024-10-21 00:00:00","Fondo Errano 2024","T0",-20,-17.6581452358964
"2024-10-21 00:00:00","Fondo Errano 2024","T0",-60,-26.9884752392971
"2024-10-22 00:00:00","Fondo Errano 2024","T0",-20,-17.5983293026
"2024-10-22 00:00:00","Fondo Errano 2024","T0",-60,-29.2167929601444
"2024-10-23 00:00:00","Fondo Errano 2024","T0",-60,-27.7607974739518
"2024-10-24 00:00:00","Fondo Errano 2024","T0",-60,-26.7283423373062
"2024-10-25 00:00:00","Fondo Errano 2024","T0",-60,-26.8076243086453
"2024-10-26 00:00:00","Fondo Errano 2024","T0",-60,-26.9781051479345
"2024-10-26 00:00:00","Fondo Errano 2024","T0",-20,-17.5485259957118
"2024-10-27 00:00:00","Fondo Errano 2024","T0",-60,-26.8818485919377
"2024-10-28 00:00:00","Fondo Errano 2024","T0",-20,-17.4356390677
"2024-10-28 00:00:00","Fondo Errano 2024","T0",-60,-27.1535170087643
"2024-10-29 00:00:00","Fondo Errano 2024","T0",-60,-26.9064550533581
"2024-10-29 00:00:00","Fondo Errano 2024","T0",-20,-17.600496358954
"2024-10-30 00:00:00","Fondo Errano 2024","T0",-60,-26.9205951094791
"2024-10-30 00:00:00","Fondo Errano 2024","T0",-20,-17.6111115192015
"2024-10-31 00:00:00","Fondo Errano 2024","T0",-20,-17.7153270463077
"2024-10-31 00:00:00","Fondo Errano 2024","T0",-60,-27.1593837880001
"2024-11-01 00:00:00","Fondo Errano 2024","T0",-20,-18.037423206355
"2024-11-01 00:00:00","Fondo Errano 2024","T0",-60,-27.1676734965076
"2024-11-02 00:00:00","Fondo Errano 2024","T0",-60,-27.5421774102981
"2024-11-02 00:00:00","Fondo Errano 2024","T0",-20,-18.4845355601595
"2024-11-03 00:00:00","Fondo Errano 2024","T0",-60,-27.7145311170631
"2024-11-03 00:00:00","Fondo Errano 2024","T0",-20,-18.5982714857099
"2024-11-04 00:00:00","Fondo Errano 2024","T0",-60,-27.6855346065336
"2024-11-04 00:00:00","Fondo Errano 2024","T0",-20,-18.8639142059765
"2024-11-05 00:00:00","Fondo Errano 2024","T0",-20,-19.182593212742
"2024-11-05 00:00:00","Fondo Errano 2024","T0",-60,-27.714029805024
"2024-11-06 00:00:00","Fondo Errano 2024","T0",-20,-19.4039462510205
"2024-11-06 00:00:00","Fondo Errano 2024","T0",-60,-28.02508583605
"2024-11-07 00:00:00","Fondo Errano 2024","T0",-20,-19.7339450507639
"2024-11-07 00:00:00","Fondo Errano 2024","T0",-60,-28.2957893064421
"2024-11-08 00:00:00","Fondo Errano 2024","T0",-20,-19.9823423980705
"2024-11-08 00:00:00","Fondo Errano 2024","T0",-60,-28.4586198297263
"2024-11-09 00:00:00","Fondo Errano 2024","T0",-60,-28.771825596876
"2024-11-09 00:00:00","Fondo Errano 2024","T0",-20,-20.0233702937466
"2024-11-10 00:00:00","Fondo Errano 2024","T0",-20,-20.0555572495363
"2024-11-10 00:00:00","Fondo Errano 2024","T0",-60,-28.9090917143858
"2024-11-11 00:00:00","Fondo Errano 2024","T0",-60,-29.0747043559985
"2024-11-11 00:00:00","Fondo Errano 2024","T0",-20,-20.5351923514363
"2024-11-12 00:00:00","Fondo Errano 2024","T0",-60,-29.2315739619096
"2024-11-12 00:00:00","Fondo Errano 2024","T0",-20,-20.9561240943134
"2024-11-13 00:00:00","Fondo Errano 2024","T0",-60,-29.2937375013804
"2024-11-13 00:00:00","Fondo Errano 2024","T0",-20,-21.0173709900284
"2024-11-14 00:00:00","Fondo Errano 2024","T0",-60,-29.5175053082433
"2024-11-14 00:00:00","Fondo Errano 2024","T0",-20,-20.2068789870875
"2024-11-15 00:00:00","Fondo Errano 2024","T0",-60,-29.8664587321572
"2024-11-15 00:00:00","Fondo Errano 2024","T0",-20,-20.0627906999109
"2024-11-16 00:00:00","Fondo Errano 2024","T0",-60,-30.0066633949013
"2024-11-16 00:00:00","Fondo Errano 2024","T0",-20,-20.4573628152318
"2024-11-17 00:00:00","Fondo Errano 2024","T0",-60,-30.0319895506158
"2024-11-17 00:00:00","Fondo Errano 2024","T0",-20,-20.6426461068592
"2024-11-18 00:00:00","Fondo Errano 2024","T0",-20,-20.579608009949
"2024-11-18 00:00:00","Fondo Errano 2024","T0",-60,-30.2707764541736
"2024-11-19 00:00:00","Fondo Errano 2024","T0",-20,-20.4580724032483
"2024-11-19 00:00:00","Fondo Errano 2024","T0",-60,-30.526126744726
"2024-11-20 00:00:00","Fondo Errano 2024","T0",-20,-20.4797885706968
"2024-11-20 00:00:00","Fondo Errano 2024","T0",-60,-30.8025017640982
"2024-11-21 00:00:00","Fondo Errano 2024","T0",-20,-21.2624018525871
"2024-11-21 00:00:00","Fondo Errano 2024","T0",-60,-30.511249694976
"2024-11-22 00:00:00","Fondo Errano 2024","T0",-20,-20.2195778844448
"2024-11-22 00:00:00","Fondo Errano 2024","T0",-60,-30.0905106034812
"2024-11-23 00:00:00","Fondo Errano 2024","T0",-20,-19.4664343274543
"2024-11-23 00:00:00","Fondo Errano 2024","T0",-60,-48.0128535685707
"2024-11-24 00:00:00","Fondo Errano 2024","T0",-20,-19.6701245766931
"2024-11-24 00:00:00","Fondo Errano 2024","T0",-60,-190.091728609507
"2024-11-25 00:00:00","Fondo Errano 2024","T0",-20,-20.0513481324963
"2024-11-25 00:00:00","Fondo Errano 2024","T0",-60,-313.939863373946
"2024-11-26 00:00:00","Fondo Errano 2024","T0",-60,-400.057796996132
"2024-11-26 00:00:00","Fondo Errano 2024","T0",-20,-20.0408831649698
"2024-11-27 00:00:00","Fondo Errano 2024","T0",-20,-19.705688548239
"2024-11-27 00:00:00","Fondo Errano 2024","T0",-60,-401.793500540137
"2024-11-28 00:00:00","Fondo Errano 2024","T0",-60,-438.271340363752
"2024-11-28 00:00:00","Fondo Errano 2024","T0",-20,-19.3537475836335
"2024-11-29 00:00:00","Fondo Errano 2024","T0",-60,-444.275458059547
"2024-11-29 00:00:00","Fondo Errano 2024","T0",-20,-19.4460116490076
"2024-11-30 00:00:00","Fondo Errano 2024","T0",-60,-504.123428949495
"2024-11-30 00:00:00","Fondo Errano 2024","T0",-20,-19.5608040798366
"2024-12-01 00:00:00","Fondo Errano 2024","T0",-20,-19.8624261818379
"2024-12-01 00:00:00","Fondo Errano 2024","T0",-60,-530.831383248415
"2024-12-02 00:00:00","Fondo Errano 2024","T0",-60,-549.558527627669
"2024-12-02 00:00:00","Fondo Errano 2024","T0",-20,-20.1804452236155
"2024-12-03 00:00:00","Fondo Errano 2024","T0",-60,-615.246256856642
"2024-12-03 00:00:00","Fondo Errano 2024","T0",-20,-20.4445132980261
"2024-12-04 00:00:00","Fondo Errano 2024","T0",-60,-650.034370404264
"2024-12-04 00:00:00","Fondo Errano 2024","T0",-20,-20.00710795295
"2024-12-05 00:00:00","Fondo Errano 2024","T0",-20,-18.9241629940989
"2024-12-06 00:00:00","Fondo Errano 2024","T0",-20,-18.9497224371144
"2024-12-07 00:00:00","Fondo Errano 2024","T0",-20,-19.0804806495155
"2024-12-08 00:00:00","Fondo Errano 2024","T0",-20,-18.8638428571888
"2024-12-09 00:00:00","Fondo Errano 2024","T0",-20,-19.1961656360798
"2024-12-10 00:00:00","Fondo Errano 2024","T0",-20,-19.3473000263264
"2024-12-11 00:00:00","Fondo Errano 2024","T0",-20,-19.1932786255087
"2024-12-12 00:00:00","Fondo Errano 2024","T0",-20,-19.2049411323535
"2024-12-13 00:00:00","Fondo Errano 2024","T0",-20,-19.2680230293603
"2024-12-14 00:00:00","Fondo Errano 2024","T0",-20,-19.2534860441971
"2024-12-15 00:00:00","Fondo Errano 2024","T0",-20,-19.1925561601609
"2024-12-16 00:00:00","Fondo Errano 2024","T0",-20,-19.2028971509063
"2024-12-17 00:00:00","Fondo Errano 2024","T0",-20,-19.2738627501496
"2024-12-18 00:00:00","Fondo Errano 2024","T0",-20,-19.4075612520357
"2024-12-19 00:00:00","Fondo Errano 2024","T0",-20,-19.2606451335958
"2024-12-20 00:00:00","Fondo Errano 2024","T0",-20,-19.1912055738448
"2024-12-21 00:00:00","Fondo Errano 2024","T0",-20,-19.3072884056941
"2024-12-22 00:00:00","Fondo Errano 2024","T0",-20,-19.4328157948945
"2024-12-23 00:00:00","Fondo Errano 2024","T0",-20,-19.4688974411237
"2024-12-24 00:00:00","Fondo Errano 2024","T0",-20,-19.6269690299238
"2024-12-25 00:00:00","Fondo Errano 2024","T0",-20,-19.7637145731748
"2024-12-26 00:00:00","Fondo Errano 2024","T0",-20,-19.7447655889787
"2024-12-27 00:00:00","Fondo Errano 2024","T0",-20,-19.7194611974947
"2024-12-28 00:00:00","Fondo Errano 2024","T0",-20,-19.9121330991616
"2024-12-29 00:00:00","Fondo Errano 2024","T0",-20,-19.8706753222513
"2024-12-30 00:00:00","Fondo Errano 2024","T0",-20,-19.9270300582652
"2024-12-31 00:00:00","Fondo Errano 2024","T0",-20,-19.9517829887673
"2025-01-01 00:00:00","Fondo Errano 2024","T0",-20,-30.5823886319145
"2025-01-02 00:00:00","Fondo Errano 2024","T0",-20,-32.4235985732319
"2025-01-03 00:00:00","Fondo Errano 2024","T0",-20,-72.0965203775316
"2025-01-04 00:00:00","Fondo Errano 2024","T0",-20,-56.178706812363
"2025-01-05 00:00:00","Fondo Errano 2024","T0",-20,-58.3307759749586
"2025-01-06 00:00:00","Fondo Errano 2024","T0",-20,-270.186060883028
"2025-01-07 00:00:00","Fondo Errano 2024","T0",-20,-379.929239111311
"2025-01-08 00:00:00","Fondo Errano 2024","T0",-20,-125.264276654821
"2025-01-09 00:00:00","Fondo Errano 2024","T0",-20,-297.117492182272
"2025-01-10 00:00:00","Fondo Errano 2024","T0",-20,-253.876869048672
"2025-01-11 00:00:00","Fondo Errano 2024","T0",-20,-84.8613171109317
"2025-01-12 00:00:00","Fondo Errano 2024","T0",-20,-392.682809228637
"2025-01-13 00:00:00","Fondo Errano 2024","T0",-20,-79.4608698352906
"2025-01-14 00:00:00","Fondo Errano 2024","T0",-20,-152.926772570955
"2025-01-15 00:00:00","Fondo Errano 2024","T0",-20,-127.036893198363
"2025-01-16 00:00:00","Fondo Errano 2024","T0",-20,-131.705214877182
"2025-01-17 00:00:00","Fondo Errano 2024","T0",-20,-556.894274840488
"2025-01-18 00:00:00","Fondo Errano 2024","T0",-20,-637.973736111209
"2025-01-19 00:00:00","Fondo Errano 2024","T0",-20,-637.912221459042
"2025-01-20 00:00:00","Fondo Errano 2024","T0",-20,-635.794193416853
"2025-01-21 00:00:00","Fondo Errano 2024","T0",-20,-621.930232456445
"2025-01-22 00:00:00","Fondo Errano 2024","T0",-20,-611.278235000102
"2025-01-23 00:00:00","Fondo Errano 2024","T0",-20,-597.168970753559
"2025-01-24 00:00:00","Fondo Errano 2024","T0",-20,-576.034921483651
"2025-01-25 00:00:00","Fondo Errano 2024","T0",-20,-535.334122419517
"2025-01-26 00:00:00","Fondo Errano 2024","T0",-20,-520.598488441431
"2025-01-27 00:00:00","Fondo Errano 2024","T0",-20,-527.871343700186
"2025-01-28 00:00:00","Fondo Errano 2024","T0",-20,-508.542377692975
"2025-01-29 00:00:00","Fondo Errano 2024","T0",-20,-503.478145671969
"2025-01-30 00:00:00","Fondo Errano 2024","T0",-20,-496.780235689188
"2025-01-31 00:00:00","Fondo Errano 2024","T0",-20,-495.448505308422
"2025-02-01 00:00:00","Fondo Errano 2024","T0",-20,-498.27611335747
"2025-02-02 00:00:00","Fondo Errano 2024","T0",-20,-479.075826125752
"2025-02-03 00:00:00","Fondo Errano 2024","T0",-20,-478.25808246055
"2025-02-04 00:00:00","Fondo Errano 2024","T0",-20,-488.097957073613
"2025-02-05 00:00:00","Fondo Errano 2024","T0",-20,-503.288555069134
"2025-02-06 00:00:00","Fondo Errano 2024","T0",-20,-512.132442858389
"2025-02-07 00:00:00","Fondo Errano 2024","T0",-20,-518.102815977741
"2025-02-08 00:00:00","Fondo Errano 2024","T0",-20,-510.767246938325
"2025-02-09 00:00:00","Fondo Errano 2024","T0",-20,-487.737508019486
"2025-02-10 00:00:00","Fondo Errano 2024","T0",-20,-479.503375689958
"2025-02-11 00:00:00","Fondo Errano 2024","T0",-20,-477.309828572288
"2025-02-12 00:00:00","Fondo Errano 2024","T0",-20,-469.132064680349
"2025-02-13 00:00:00","Fondo Errano 2024","T0",-20,-463.300159382924
"2025-02-14 00:00:00","Fondo Errano 2024","T0",-20,-468.47651340474
"2025-02-15 00:00:00","Fondo Errano 2024","T0",-20,-485.221854456715
"2025-02-16 00:00:00","Fondo Errano 2024","T0",-20,-517.289482709549
"2025-02-17 00:00:00","Fondo Errano 2024","T0",-20,-498.130486290649
"2025-02-18 00:00:00","Fondo Errano 2024","T0",-20,-511.388700539763
"2025-02-19 00:00:00","Fondo Errano 2024","T0",-20,-522.442331999247
"2025-02-20 00:00:00","Fondo Errano 2024","T0",-20,-527.742972231529
"2025-02-21 00:00:00","Fondo Errano 2024","T0",-20,-529.530619903063
"2025-02-22 00:00:00","Fondo Errano 2024","T0",-20,-516.763910752151
"2025-02-23 00:00:00","Fondo Errano 2024","T0",-20,-501.287837558513
"2025-02-24 00:00:00","Fondo Errano 2024","T0",-20,-486.555569350979
"2025-02-25 00:00:00","Fondo Errano 2024","T0",-20,-470.445355710476
"2025-02-26 00:00:00","Fondo Errano 2024","T0",-20,-474.775472456405
"2025-02-27 00:00:00","Fondo Errano 2024","T0",-20,-474.493415257244
"2025-02-28 00:00:00","Fondo Errano 2024","T0",-20,-481.959265260825
"2025-03-01 00:00:00","Fondo Errano 2024","T0",-20,-480.488997344814
"2025-03-02 00:00:00","Fondo Errano 2024","T0",-20,-482.746153130591
"2025-03-03 00:00:00","Fondo Errano 2024","T0",-20,-494.70875850279
"2025-03-04 00:00:00","Fondo Errano 2024","T0",-20,-500.714671447082
"2025-03-05 00:00:00","Fondo Errano 2024","T0",-20,-499.587399943445
"2025-03-06 00:00:00","Fondo Errano 2024","T0",-20,-498.210543774689
"2025-03-07 00:00:00","Fondo Errano 2024","T0",-20,-497.868308003165
"2025-03-08 00:00:00","Fondo Errano 2024","T0",-20,-495.315455027034
"2025-03-09 00:00:00","Fondo Errano 2024","T0",-20,-488.673200203493
"2025-03-10 00:00:00","Fondo Errano 2024","T0",-20,-480.90990387185
"2025-03-11 00:00:00","Fondo Errano 2024","T0",-20,-237.247365287273
"2025-03-12 00:00:00","Fondo Errano 2024","T0",-20,-17.6711955462761
"2025-03-13 00:00:00","Fondo Errano 2024","T0",-20,-17.8397728706204
"2025-03-14 00:00:00","Fondo Errano 2024","T0",-20,-17.931472454859
"2025-03-15 00:00:00","Fondo Errano 2024","T0",-20,-17.9351739183721
"2025-03-16 00:00:00","Fondo Errano 2024","T0",-20,-17.8945532713259
"2025-03-17 00:00:00","Fondo Errano 2024","T0",-20,-18.1449065915805
"2025-03-18 00:00:00","Fondo Errano 2024","T0",-20,-18.3427687519803
"2025-03-19 00:00:00","Fondo Errano 2025","T0",-20,-24.3520869415891
"2025-03-19 00:00:00","Fondo Errano 2025","T0",-60,-27.4810067946951
"2025-03-20 00:00:00","Fondo Errano 2025","T0",-60,-27.9694679067567
"2025-03-20 00:00:00","Fondo Errano 2025","T0",-20,-24.1207779509297
"2025-03-21 00:00:00","Fondo Errano 2025","T0",-60,-28.2892351834041
"2025-03-21 00:00:00","Fondo Errano 2025","T0",-20,-23.8824966149116
"2025-03-22 00:00:00","Fondo Errano 2025","T0",-20,-23.7403555183129
"2025-03-22 00:00:00","Fondo Errano 2025","T0",-60,-28.2800745418745
"2025-03-23 00:00:00","Fondo Errano 2025","T0",-20,-23.8652598024529
"2025-03-23 00:00:00","Fondo Errano 2025","T0",-60,-28.4226423279595
"2025-03-24 00:00:00","Fondo Errano 2025","T0",-20,-23.9742431008672
"2025-03-24 00:00:00","Fondo Errano 2025","T0",-60,-28.0747596396237
"2025-03-25 00:00:00","Fondo Errano 2025","T0",-20,-23.7840026928815
"2025-03-25 00:00:00","Fondo Errano 2025","T0",-60,-28.0101646400043
"2025-03-26 00:00:00","Fondo Errano 2025","T0",-60,-27.8639768485274
"2025-03-26 00:00:00","Fondo Errano 2025","T0",-20,-23.798926916503
"2025-03-27 00:00:00","Fondo Errano 2025","T0",-20,-23.6809531051454
"2025-03-27 00:00:00","Fondo Errano 2025","T0",-60,-27.5949173085185
"2025-03-28 00:00:00","Fondo Errano 2025","T0",-60,-27.6106843565059
"2025-03-28 00:00:00","Fondo Errano 2025","T0",-20,-23.5403228755691
"2025-03-29 00:00:00","Fondo Errano 2025","T0",-20,-23.5381123196407
"2025-03-29 00:00:00","Fondo Errano 2025","T0",-60,-27.7336953220885
"2025-03-30 00:00:00","Fondo Errano 2025","T0",-60,-27.8276715538264
"2025-03-30 00:00:00","Fondo Errano 2025","T0",-20,-23.42161524915
"2025-03-31 00:00:00","Fondo Errano 2025","T0",-20,-23.3534494799792
"2025-03-31 00:00:00","Fondo Errano 2025","T0",-60,-27.8399858828134
"2025-04-01 00:00:00","Fondo Errano 2025","T0",-60,-27.7685115979975
"2025-04-01 00:00:00","Fondo Errano 2025","T0",-20,-23.4919801171984
"2025-04-02 00:00:00","Fondo Errano 2025","T0",-20,-23.6007384392796
"2025-04-02 00:00:00","Fondo Errano 2025","T0",-60,-28.1413162678352
"2025-04-03 00:00:00","Fondo Errano 2025","T0",-60,-28.2372619917515
"2025-04-03 00:00:00","Fondo Errano 2025","T0",-20,-23.5259388746758
"2025-04-04 00:00:00","Fondo Errano 2025","T0",-60,-28.427656262529
"2025-04-04 00:00:00","Fondo Errano 2025","T0",-20,-23.4113198214392
"2025-04-05 00:00:00","Fondo Errano 2025","T0",-60,-28.4803098980374
"2025-04-05 00:00:00","Fondo Errano 2025","T0",-20,-23.1922609959585
"2025-04-06 00:00:00","Fondo Errano 2025","T0",-60,-28.2612036921268
"2025-04-06 00:00:00","Fondo Errano 2025","T0",-20,-22.9385740176625
"2025-04-07 00:00:00","Fondo Errano 2025","T0",-20,-22.9292504511191
"2025-04-07 00:00:00","Fondo Errano 2025","T0",-60,-28.2079668606504
"2025-04-08 00:00:00","Fondo Errano 2025","T0",-60,-28.347385184967
"2025-04-08 00:00:00","Fondo Errano 2025","T0",-20,-23.1668005163455
"2025-04-09 00:00:00","Fondo Errano 2025","T0",-20,-23.343591859275
"2025-04-09 00:00:00","Fondo Errano 2025","T0",-60,-28.549587377592
"2025-04-10 00:00:00","Fondo Errano 2025","T0",-20,-23.2356249918035
"2025-04-10 00:00:00","Fondo Errano 2025","T0",-60,-28.5418775087496
"2025-04-11 00:00:00","Fondo Errano 2025","T0",-60,-28.4917171315243
"2025-04-11 00:00:00","Fondo Errano 2025","T0",-20,-23.2354145099942
"2025-04-12 00:00:00","Fondo Errano 2025","T0",-60,-28.5356362406465
"2025-04-12 00:00:00","Fondo Errano 2025","T0",-20,-23.0809924326666
"2025-04-13 00:00:00","Fondo Errano 2025","T0",-20,-22.6965040200428
"2025-04-13 00:00:00","Fondo Errano 2025","T0",-60,-28.0206001551888
"2025-04-14 00:00:00","Fondo Errano 2025","T0",-20,-22.714919581889
"2025-04-14 00:00:00","Fondo Errano 2025","T0",-60,-27.7002891659086
"2025-04-15 00:00:00","Fondo Errano 2025","T0",-20,-22.7752079077717
"2025-04-15 00:00:00","Fondo Errano 2025","T0",-60,-27.8124224477788
"2025-04-16 00:00:00","Fondo Errano 2025","T0",-60,-27.7540956940287
"2025-04-16 00:00:00","Fondo Errano 2025","T0",-20,-22.7503751519034
"2025-04-17 00:00:00","Fondo Errano 2025","T0",-60,-27.5721641674507
"2025-04-17 00:00:00","Fondo Errano 2025","T0",-20,-22.6721164017717
"2025-04-18 00:00:00","Fondo Errano 2025","T0",-60,-27.5856098564462
"2025-04-18 00:00:00","Fondo Errano 2025","T0",-20,-22.7460786165556
"2025-04-19 00:00:00","Fondo Errano 2025","T0",-20,-22.8849839607607
"2025-04-19 00:00:00","Fondo Errano 2025","T0",-60,-27.8880461483246
"2025-04-20 00:00:00","Fondo Errano 2025","T0",-60,-27.9676825070348
"2025-04-20 00:00:00","Fondo Errano 2025","T0",-20,-22.7671834048701
"2025-04-21 00:00:00","Fondo Errano 2025","T0",-20,-22.7226727249516
"2025-04-21 00:00:00","Fondo Errano 2025","T0",-60,-27.9317400133364
"2025-04-22 00:00:00","Fondo Errano 2025","T0",-60,-28.1237786623453
"2025-04-22 00:00:00","Fondo Errano 2025","T0",-20,-22.5409312624875
"2025-04-23 00:00:00","Fondo Errano 2025","T0",-60,-28.1260977270406
"2025-04-23 00:00:00","Fondo Errano 2025","T0",-20,-22.5632126480188
"2025-04-24 00:00:00","Fondo Errano 2025","T0",-20,-22.4508825637525
"2025-04-24 00:00:00","Fondo Errano 2025","T0",-60,-28.0034232247744
"2025-04-25 00:00:00","Fondo Errano 2025","T0",-60,-27.431010251308
"2025-04-25 00:00:00","Fondo Errano 2025","T0",-20,-22.3609292085441
"2025-04-26 00:00:00","Fondo Errano 2025","T0",-60,-27.3002265803109
"2025-04-26 00:00:00","Fondo Errano 2025","T0",-20,-22.4487571060871
"2025-04-27 00:00:00","Fondo Errano 2025","T0",-20,-22.4614734507625
"2025-04-27 00:00:00","Fondo Errano 2025","T0",-60,-27.4266837433893
"2025-04-28 00:00:00","Fondo Errano 2025","T0",-60,-27.6235636676797
"2025-04-28 00:00:00","Fondo Errano 2025","T0",-20,-22.4519684808597
"2025-04-29 00:00:00","Fondo Errano 2025","T0",-60,-27.7008392058574
"2025-04-29 00:00:00","Fondo Errano 2025","T0",-20,-22.6032549306844
"2025-04-30 00:00:00","Fondo Errano 2025","T0",-60,-27.6583171863312
"2025-04-30 00:00:00","Fondo Errano 2025","T0",-20,-22.7133359338077
"2025-05-01 00:00:00","Fondo Errano 2025","T0",-20,-22.8705762825001
"2025-05-01 00:00:00","Fondo Errano 2025","T0",-60,-27.608534256849
"2025-05-02 00:00:00","Fondo Errano 2025","T0",-20,-23.1105101152158
"2025-05-02 00:00:00","Fondo Errano 2025","T0",-60,-33.6574456453823
"2025-05-03 00:00:00","Fondo Errano 2025","T0",-20,-23.3848588096816
"2025-05-03 00:00:00","Fondo Errano 2025","T0",-60,-111.089238722854
"2025-05-04 00:00:00","Fondo Errano 2025","T0",-20,-23.604508708159
"2025-05-04 00:00:00","Fondo Errano 2025","T0",-60,-149.930292484107
"2025-05-05 00:00:00","Fondo Errano 2025","T0",-60,-153.374877035065
"2025-05-05 00:00:00","Fondo Errano 2025","T0",-20,-23.5036350781483
"2025-05-06 00:00:00","Fondo Errano 2025","T0",-60,-154.708319953307
"2025-05-06 00:00:00","Fondo Errano 2025","T0",-20,-23.2144016354665
"2025-05-07 00:00:00","Fondo Errano 2025","T0",-20,-23.8344378449868
"2025-05-07 00:00:00","Fondo Errano 2025","T0",-60,-159.790914204849
"2025-05-08 00:00:00","Fondo Errano 2025","T0",-60,-162.492529731777
"2025-05-08 00:00:00","Fondo Errano 2025","T0",-20,-24.3947927721933
"2025-05-09 00:00:00","Fondo Errano 2025","T0",-20,-25.0783454405856
"2025-05-09 00:00:00","Fondo Errano 2025","T0",-60,-171.056501069179
"2025-05-10 00:00:00","Fondo Errano 2025","T0",-20,-25.6951535556296
"2025-05-10 00:00:00","Fondo Errano 2025","T0",-60,-179.486520501551
"2025-05-11 00:00:00","Fondo Errano 2025","T0",-60,-182.757298256235
"2025-05-11 00:00:00","Fondo Errano 2025","T0",-20,-26.3828202765899
"2025-05-12 00:00:00","Fondo Errano 2025","T0",-20,-27.2405558199822
"2025-05-12 00:00:00","Fondo Errano 2025","T0",-60,-106.395261779631
"2025-05-13 00:00:00","Fondo Errano 2025","T0",-60,-30.8738473746363
"2025-05-13 00:00:00","Fondo Errano 2025","T0",-20,-27.4819604493842
"2025-05-14 00:00:00","Fondo Errano 2025","T0",-60,-30.5798950566515
"2025-05-14 00:00:00","Fondo Errano 2025","T0",-20,-29.4872019876101
"2025-05-15 00:00:00","Fondo Errano 2025","T0",-60,-30.1578905912821
"2025-05-15 00:00:00","Fondo Errano 2025","T0",-20,-32.5532705785633
"2025-05-16 00:00:00","Fondo Errano 2025","T0",-60,-29.8420311379606
"2025-05-16 00:00:00","Fondo Errano 2025","T0",-20,-34.4932054621096
"2025-05-17 00:00:00","Fondo Errano 2025","T0",-20,-40.1672449989939
"2025-05-17 00:00:00","Fondo Errano 2025","T0",-60,-30.7567578461954
"2025-05-18 00:00:00","Fondo Errano 2025","T0",-20,-47.3115626760056
"2025-05-18 00:00:00","Fondo Errano 2025","T0",-60,-32.7023711274684
"2025-05-19 00:00:00","Fondo Errano 2025","T0",-20,-54.8286717517591
"2025-05-19 00:00:00","Fondo Errano 2025","T0",-60,-35.3108398042355
"2025-05-20 00:00:00","Fondo Errano 2025","T0",-20,-59.81225436811
"2025-05-20 00:00:00","Fondo Errano 2025","T0",-60,-37.7985370870042
"2025-05-21 00:00:00","Fondo Errano 2025","T0",-20,-33.5857989814532
"2025-05-21 00:00:00","Fondo Errano 2025","T0",-60,-39.1410540126495
"2025-05-22 00:00:00","Fondo Errano 2025","T0",-60,-38.2124391790905
"2025-05-22 00:00:00","Fondo Errano 2025","T0",-20,-24.2975846415951
"2025-05-23 00:00:00","Fondo Errano 2025","T0",-60,-37.5455977311323
"2025-05-23 00:00:00","Fondo Errano 2025","T0",-20,-23.7973339560589
"2025-05-24 00:00:00","Fondo Errano 2025","T0",-60,-37.5331747815462
"2025-05-24 00:00:00","Fondo Errano 2025","T0",-20,-23.095030128027
"2025-05-25 00:00:00","Fondo Errano 2025","T0",-60,-36.527394617587
"2025-05-25 00:00:00","Fondo Errano 2025","T0",-20,-22.8282060683992
"2025-05-26 00:00:00","Fondo Errano 2025","T0",-60,-36.6352689485132
"2025-05-26 00:00:00","Fondo Errano 2025","T0",-20,-22.5570065180223
"2025-05-27 00:00:00","Fondo Errano 2025","T0",-60,-37.0079447211717
"2025-05-27 00:00:00","Fondo Errano 2025","T0",-20,-22.4976785806673
"2025-05-28 00:00:00","Fondo Errano 2025","T0",-20,-22.6303719629174
"2025-05-28 00:00:00","Fondo Errano 2025","T0",-60,-37.0317427753863
"2025-05-29 00:00:00","Fondo Errano 2025","T0",-60,-37.9259249888105
"2025-05-29 00:00:00","Fondo Errano 2025","T0",-20,-22.6661997813227
"2025-05-30 00:00:00","Fondo Errano 2025","T0",-60,-39.2137529353314
"2025-05-30 00:00:00","Fondo Errano 2025","T0",-20,-22.7583505874234
"2025-05-31 00:00:00","Fondo Errano 2025","T0",-20,-22.8384001002594
"2025-05-31 00:00:00","Fondo Errano 2025","T0",-60,-40.8097306645652
"2025-06-01 00:00:00","Fondo Errano 2025","T0",-60,-42.792113306235
"2025-06-01 00:00:00","Fondo Errano 2025","T0",-20,-23.4497470795661
"2025-06-02 00:00:00","Fondo Errano 2025","T0",-20,-24.4344449542277
"2025-06-02 00:00:00","Fondo Errano 2025","T0",-60,-48.1010270030716
"2025-06-03 00:00:00","Fondo Errano 2025","T0",-60,-49.4936497595774
"2025-06-03 00:00:00","Fondo Errano 2025","T0",-20,-25.424486284376
"2025-06-04 00:00:00","Fondo Errano 2025","T0",-20,-27.8356935890387
"2025-06-04 00:00:00","Fondo Errano 2025","T0",-60,-52.1253265683614
"2025-06-05 00:00:00","Fondo Errano 2025","T0",-60,-55.5965034164312
"2025-06-05 00:00:00","Fondo Errano 2025","T0",-20,-32.3144582414149
"2025-06-06 00:00:00","Fondo Errano 2025","T0",-20,-34.6411115504315
"2025-06-06 00:00:00","Fondo Errano 2025","T0",-60,-59.7462482773299
"2025-06-07 00:00:00","Fondo Errano 2025","T0",-20,-38.4923762189129
"2025-06-07 00:00:00","Fondo Errano 2025","T0",-60,-65.9395997190627
"2025-06-08 00:00:00","Fondo Errano 2025","T0",-60,-71.2646518418744
"2025-06-08 00:00:00","Fondo Errano 2025","T0",-20,-41.9246951814784
"2025-06-09 00:00:00","Fondo Errano 2025","T0",-20,-46.3151226359249
"2025-06-09 00:00:00","Fondo Errano 2025","T0",-60,-77.8753312535189
"2025-06-10 00:00:00","Fondo Errano 2025","T0",-60,-87.8091319534006
"2025-06-10 00:00:00","Fondo Errano 2025","T0",-20,-53.5399350711341
"2025-06-11 00:00:00","Fondo Errano 2025","T0",-60,-95.9449375252408
"2025-06-11 00:00:00","Fondo Errano 2025","T0",-20,-61.7810611034871
"2025-06-12 00:00:00","Fondo Errano 2025","T0",-60,-106.043759062621
"2025-06-12 00:00:00","Fondo Errano 2025","T0",-20,-75.4533142265933
"2025-06-13 00:00:00","Fondo Errano 2025","T0",-60,-115.021448351166
"2025-06-13 00:00:00","Fondo Errano 2025","T0",-20,-85.0430061404496
"2025-06-14 00:00:00","Fondo Errano 2025","T0",-20,-95.1852533359687
"2025-06-14 00:00:00","Fondo Errano 2025","T0",-60,-125.132842031588
"2025-06-15 00:00:00","Fondo Errano 2025","T0",-60,-133.202702644434
"2025-06-15 00:00:00","Fondo Errano 2025","T0",-20,-91.5105166672831
"2025-06-16 00:00:00","Fondo Errano 2025","T0",-20,-89.2976687804249
"2025-06-16 00:00:00","Fondo Errano 2025","T0",-60,-132.182353423396
"2025-06-17 00:00:00","Fondo Errano 2025","T0",-60,-115.028219799699
"2025-06-17 00:00:00","Fondo Errano 2025","T0",-20,-52.2308957144768
"2025-06-18 00:00:00","Fondo Errano 2025","T0",-60,-115.469818155152
"2025-06-18 00:00:00","Fondo Errano 2025","T0",-20,-30.4372304894036
"2025-06-19 00:00:00","Fondo Errano 2025","T0",-20,-29.8132967411
"2025-06-19 00:00:00","Fondo Errano 2025","T0",-60,-114.470577205174
"2025-06-20 00:00:00","Fondo Errano 2025","T0",-60,-120.098147304089
"2025-06-20 00:00:00","Fondo Errano 2025","T0",-20,-29.654799290565
"2025-06-21 00:00:00","Fondo Errano 2025","T0",-20,-29.6349415372097
"2025-06-21 00:00:00","Fondo Errano 2025","T0",-60,-122.599367318021
"2025-06-22 00:00:00","Fondo Errano 2025","T0",-20,-30.1946646910965
"2025-06-22 00:00:00","Fondo Errano 2025","T0",-60,-126.605806533235
"2025-06-23 00:00:00","Fondo Errano 2025","T0",-20,-31.2067606161979
"2025-06-23 00:00:00","Fondo Errano 2025","T0",-60,-130.854733341806
"2025-06-24 00:00:00","Fondo Errano 2025","T0",-60,-136.28937061409
"2025-06-24 00:00:00","Fondo Errano 2025","T0",-20,-32.8840298612577
"2025-06-25 00:00:00","Fondo Errano 2025","T0",-20,-34.8553305890984
"2025-06-25 00:00:00","Fondo Errano 2025","T0",-60,-142.464710703037
"2025-06-26 00:00:00","Fondo Errano 2025","T0",-60,-144.978713880463
"2025-06-26 00:00:00","Fondo Errano 2025","T0",-20,-37.7382936038425
"2025-06-27 00:00:00","Fondo Errano 2025","T0",-20,-41.5124607286929
"2025-06-27 00:00:00","Fondo Errano 2025","T0",-60,-150.618854817804
"2025-06-28 00:00:00","Fondo Errano 2025","T0",-60,-156.033584671061
"2025-06-28 00:00:00","Fondo Errano 2025","T0",-20,-46.9067428963056
"2025-06-29 00:00:00","Fondo Errano 2025","T0",-60,-164.60013453675
"2025-06-29 00:00:00","Fondo Errano 2025","T0",-20,-54.5171835756906
"2025-06-30 00:00:00","Fondo Errano 2025","T0",-20,-67.8072454620026
"2025-06-30 00:00:00","Fondo Errano 2025","T0",-60,-172.476038853597
"2025-07-01 00:00:00","Fondo Errano 2025","T0",-20,-82.805779150915
"2025-07-01 00:00:00","Fondo Errano 2025","T0",-60,-180.464757754755
"2025-07-02 00:00:00","Fondo Errano 2025","T0",-20,-86.2555557468462
"2025-07-02 00:00:00","Fondo Errano 2025","T0",-60,-184.407981386893
"2025-07-03 00:00:00","Fondo Errano 2025","T0",-20,-82.9368074082702
"2025-07-03 00:00:00","Fondo Errano 2025","T0",-60,-189.444331432084
"2025-07-04 00:00:00","Fondo Errano 2025","T0",-20,-86.2739500097437
"2025-07-04 00:00:00","Fondo Errano 2025","T0",-60,-197.994277579814
"2025-07-05 00:00:00","Fondo Errano 2025","T0",-60,-201.581708527795
"2025-07-05 00:00:00","Fondo Errano 2025","T0",-20,-84.6981768416816
"2025-07-06 00:00:00","Fondo Errano 2025","T0",-60,-167.736285742027
"2025-07-06 00:00:00","Fondo Errano 2025","T0",-20,-22.5319677614261
"2025-07-07 00:00:00","Fondo Errano 2025","T0",-60,-152.505468120132
"2025-07-07 00:00:00","Fondo Errano 2025","T0",-20,-22.7245809568699
"2025-07-08 00:00:00","Fondo Errano 2025","T0",-20,-23.2193137293798
"2025-07-08 00:00:00","Fondo Errano 2025","T0",-60,-152.221154856909
"2025-07-09 00:00:00","Fondo Errano 2025","T0",-20,-23.88657984735
"2025-07-09 00:00:00","Fondo Errano 2025","T0",-60,-156.878159754491
"2025-07-10 00:00:00","Fondo Errano 2025","T0",-20,-25.3098081709403
"2025-07-10 00:00:00","Fondo Errano 2025","T0",-60,-168.791640931229
"2025-07-11 00:00:00","Fondo Errano 2025","T0",-60,-180.551608174405
"2025-07-11 00:00:00","Fondo Errano 2025","T0",-20,-26.5765878437589
"2025-07-12 00:00:00","Fondo Errano 2025","T0",-20,-34.4789831668523
"2025-07-12 00:00:00","Fondo Errano 2025","T0",-60,-188.375803973014
"2025-07-13 00:00:00","Fondo Errano 2025","T0",-60,-191.592386644888
"2025-07-13 00:00:00","Fondo Errano 2025","T0",-20,-30.0302103158138
"2025-07-14 00:00:00","Fondo Errano 2025","T0",-20,-148.686133636488
"2025-07-14 00:00:00","Fondo Errano 2025","T0",-60,-192.113090021699
"2025-07-15 00:00:00","Fondo Errano 2025","T0",-20,-173.232501449775
"2025-07-15 00:00:00","Fondo Errano 2025","T0",-60,-194.856679481473
"2025-07-16 00:00:00","Fondo Errano 2025","T0",-20,-171.781845266968
"2025-07-16 00:00:00","Fondo Errano 2025","T0",-60,-198.195404533278
"2025-07-17 00:00:00","Fondo Errano 2025","T0",-60,-199.667311824036
"2025-07-17 00:00:00","Fondo Errano 2025","T0",-20,-161.701572147971
"2025-07-18 00:00:00","Fondo Errano 2025","T0",-60,-205.832701881689
"2025-07-18 00:00:00","Fondo Errano 2025","T0",-20,-176.234838833304
"2025-07-19 00:00:00","Fondo Errano 2025","T0",-20,-201.174338901415
"2025-07-19 00:00:00","Fondo Errano 2025","T0",-60,-214.174593727364
"2025-07-20 00:00:00","Fondo Errano 2025","T0",-60,-219.166577405772
"2025-07-20 00:00:00","Fondo Errano 2025","T0",-20,-219.059174027981
"2025-07-21 00:00:00","Fondo Errano 2025","T0",-60,-226.201150598986
"2025-07-21 00:00:00","Fondo Errano 2025","T0",-20,-245.739090454885
"2025-07-22 00:00:00","Fondo Errano 2025","T0",-20,-199.095602480728
"2025-07-22 00:00:00","Fondo Errano 2025","T0",-60,-232.79540901958
"2025-07-23 00:00:00","Fondo Errano 2025","T0",-60,-239.645887184809
"2025-07-23 00:00:00","Fondo Errano 2025","T0",-20,-160.281284513601
"2025-07-24 00:00:00","Fondo Errano 2025","T0",-20,-172.443757001229
"2025-07-24 00:00:00","Fondo Errano 2025","T0",-60,-245.065297485533
"2025-07-25 00:00:00","Fondo Errano 2025","T0",-60,-245.287698225306
"2025-07-25 00:00:00","Fondo Errano 2025","T0",-20,-178.588660881486
"2025-07-26 00:00:00","Fondo Errano 2025","T0",-20,-169.720035615489
"2025-07-26 00:00:00","Fondo Errano 2025","T0",-60,-242.580411443889
"2025-07-27 00:00:00","Fondo Errano 2025","T0",-20,-117.059903379287
"2025-07-27 00:00:00","Fondo Errano 2025","T0",-60,-243.479702327926
"2025-07-28 00:00:00","Fondo Errano 2025","T0",-60,-257.966074122356
"2025-07-28 00:00:00","Fondo Errano 2025","T0",-20,-114.101159502386
"2025-07-29 00:00:00","Fondo Errano 2025","T0",-20,-23.6834444186724
"2025-07-29 00:00:00","Fondo Errano 2025","T0",-60,-197.649071053855
"2025-07-30 00:00:00","Fondo Errano 2025","T0",-60,-180.358838819618
"2025-07-30 00:00:00","Fondo Errano 2025","T0",-20,-23.4432414804758
"2025-07-31 00:00:00","Fondo Errano 2025","T0",-60,-170.126174084358
"2025-07-31 00:00:00","Fondo Errano 2025","T0",-20,-24.385486976184
"2025-08-01 00:00:00","Fondo Errano 2025","T0",-20,-26.6990627911675
"2025-08-01 00:00:00","Fondo Errano 2025","T0",-60,-168.456709283742
"2025-08-02 00:00:00","Fondo Errano 2025","T0",-20,-23.7537863314234
"2025-08-02 00:00:00","Fondo Errano 2025","T0",-60,-165.803391095037
"2025-08-03 00:00:00","Fondo Errano 2025","T0",-60,-163.246059441552
"2025-08-03 00:00:00","Fondo Errano 2025","T0",-20,-23.7984155234479
"2025-08-04 00:00:00","Fondo Errano 2025","T0",-60,-167.160414665363
"2025-08-04 00:00:00","Fondo Errano 2025","T0",-20,-24.1351342592905
"2025-08-05 00:00:00","Fondo Errano 2025","T0",-60,-176.51691834075
"2025-08-05 00:00:00","Fondo Errano 2025","T0",-20,-24.6091100037822
"2025-08-06 00:00:00","Fondo Errano 2025","T0",-60,-187.361128187135
"2025-08-06 00:00:00","Fondo Errano 2025","T0",-20,-26.0512255924934
"2025-08-07 00:00:00","Fondo Errano 2025","T0",-20,-29.9309585557148
"2025-08-07 00:00:00","Fondo Errano 2025","T0",-60,-201.317454893695
"2025-08-08 00:00:00","Fondo Errano 2025","T0",-60,-216.841395010902
"2025-08-08 00:00:00","Fondo Errano 2025","T0",-20,-34.0620190159242
"2025-08-09 00:00:00","Fondo Errano 2025","T0",-60,-235.717329358056
"2025-08-09 00:00:00","Fondo Errano 2025","T0",-20,-47.69402959892
"2025-08-10 00:00:00","Fondo Errano 2025","T0",-60,-251.453590332556
"2025-08-10 00:00:00","Fondo Errano 2025","T0",-20,-69.5066524046243
"2025-08-11 00:00:00","Fondo Errano 2025","T0",-60,-265.874344319365
"2025-08-11 00:00:00","Fondo Errano 2025","T0",-20,-85.6292260856092
"2025-08-12 00:00:00","Fondo Errano 2025","T0",-20,-96.1914914089232
"2025-08-12 00:00:00","Fondo Errano 2025","T0",-60,-278.236061590193
"2025-08-13 00:00:00","Fondo Errano 2025","T0",-20,-104.961403813258
"2025-08-13 00:00:00","Fondo Errano 2025","T0",-60,-291.992225559477
"2025-08-14 00:00:00","Fondo Errano 2025","T0",-20,-107.585224560412
"2025-08-14 00:00:00","Fondo Errano 2025","T0",-60,-302.540486807088
"2025-08-15 00:00:00","Fondo Errano 2025","T0",-60,-313.740673083089
"2025-08-15 00:00:00","Fondo Errano 2025","T0",-20,-104.35583320985
"2025-08-16 00:00:00","Fondo Errano 2025","T0",-20,-115.843548167627
"2025-08-16 00:00:00","Fondo Errano 2025","T0",-60,-333.796814179406
"2025-08-17 00:00:00","Fondo Errano 2025","T0",-60,-349.527205116751
"2025-08-17 00:00:00","Fondo Errano 2025","T0",-20,-137.093670136183
"2025-08-18 00:00:00","Fondo Errano 2025","T0",-20,-154.735388983111
"2025-08-18 00:00:00","Fondo Errano 2025","T0",-60,-361.269229218274
"2025-08-19 00:00:00","Fondo Errano 2025","T0",-20,-168.07475132758
"2025-08-19 00:00:00","Fondo Errano 2025","T0",-60,-340.501228915482
"2025-08-20 00:00:00","Fondo Errano 2025","T0",-60,-321.168876701349
"2025-08-20 00:00:00","Fondo Errano 2025","T0",-20,-148.204155988597
"2025-08-21 00:00:00","Fondo Errano 2025","T0",-60,-256.784126472792
"2025-08-21 00:00:00","Fondo Errano 2025","T0",-20,-23.8012644340859
"2025-08-22 00:00:00","Fondo Errano 2025","T0",-20,-23.905619255805
"2025-08-22 00:00:00","Fondo Errano 2025","T0",-60,-263.740435586407
"2025-08-23 00:00:00","Fondo Errano 2025","T0",-20,-24.5253995642771
"2025-08-23 00:00:00","Fondo Errano 2025","T0",-60,-259.009929377352
"2025-08-24 00:00:00","Fondo Errano 2025","T0",-20,-24.7929229913509
"2025-08-24 00:00:00","Fondo Errano 2025","T0",-60,-246.287670143047
"2025-08-25 00:00:00","Fondo Errano 2025","T0",-20,-23.7484178528821
"2025-08-25 00:00:00","Fondo Errano 2025","T0",-60,-229.912651678187
"2025-08-26 00:00:00","Fondo Errano 2025","T0",-20,-24.24344027031
"2025-08-26 00:00:00","Fondo Errano 2025","T0",-60,-226.639148760391
"2025-08-27 00:00:00","Fondo Errano 2025","T0",-20,-26.9064310973218
"2025-08-27 00:00:00","Fondo Errano 2025","T0",-60,-223.222475975332
"2025-08-28 00:00:00","Fondo Errano 2025","T0",-60,-218.327508111786
"2025-08-28 00:00:00","Fondo Errano 2025","T0",-20,-27.9619706046032
"2025-08-29 00:00:00","Fondo Errano 2025","T0",-20,-24.4613466228147
"2025-08-29 00:00:00","Fondo Errano 2025","T0",-60,-207.073595974151
"2025-08-30 00:00:00","Fondo Errano 2025","T0",-20,-24.3023862635795
"2025-08-30 00:00:00","Fondo Errano 2025","T0",-60,-207.490796967698
"2025-08-31 00:00:00","Fondo Errano 2025","T0",-60,-214.520325682138
"2025-08-31 00:00:00","Fondo Errano 2025","T0",-20,-25.1260967355948
"2025-09-01 00:00:00","Fondo Errano 2025","T0",-60,-229.45909206225
"2025-09-01 00:00:00","Fondo Errano 2025","T0",-20,-27.6949893302843
"2025-09-02 00:00:00","Fondo Errano 2025","T0",-60,-226.634821430274
"2025-09-02 00:00:00","Fondo Errano 2025","T0",-20,-24.3585379435234
"2025-09-03 00:00:00","Fondo Errano 2025","T0",-60,-231.418568004269
"2025-09-03 00:00:00","Fondo Errano 2025","T0",-20,-23.8319460471102
"2025-09-04 00:00:00","Fondo Errano 2025","T0",-60,-238.824697023233
"2025-09-04 00:00:00","Fondo Errano 2025","T0",-20,-24.3770595981971
"2025-09-05 00:00:00","Fondo Errano 2025","T0",-60,-244.598342130952
"2025-09-05 00:00:00","Fondo Errano 2025","T0",-20,-23.7650999335348
"2025-09-06 00:00:00","Fondo Errano 2025","T0",-20,-24.1312336327284
"2025-09-06 00:00:00","Fondo Errano 2025","T0",-60,-251.75591814819
"2025-09-07 00:00:00","Fondo Errano 2025","T0",-60,-259.789208174273
"2025-09-07 00:00:00","Fondo Errano 2025","T0",-20,-24.1731981288185
"2025-09-08 00:00:00","Fondo Errano 2025","T0",-60,-267.799445348543
"2025-09-08 00:00:00","Fondo Errano 2025","T0",-20,-24.7459508280422
"2025-09-09 00:00:00","Fondo Errano 2025","T0",-60,-270.152331145554
"2025-09-09 00:00:00","Fondo Errano 2025","T0",-20,-24.9755273412701
"2025-09-10 00:00:00","Fondo Errano 2025","T0",-20,-24.3928911608657
"2025-09-10 00:00:00","Fondo Errano 2025","T0",-60,-236.239239561541
"2025-09-11 00:00:00","Fondo Errano 2025","T0",-60,-233.183550494102
"2025-09-11 00:00:00","Fondo Errano 2025","T0",-20,-23.3375093078477
"2025-09-12 00:00:00","Fondo Errano 2025","T0",-20,-25.0740773801695
"2025-09-12 00:00:00","Fondo Errano 2025","T0",-60,-242.301440922986
"2025-09-13 00:00:00","Fondo Errano 2025","T0",-60,-253.445751255628
"2025-09-13 00:00:00","Fondo Errano 2025","T0",-20,-37.0917084973267
"2025-09-14 00:00:00","Fondo Errano 2025","T0",-60,-269.144113795487
"2025-09-14 00:00:00","Fondo Errano 2025","T0",-20,-38.7820000983791
"2025-09-15 00:00:00","Fondo Errano 2025","T0",-60,-275.720505242526
"2025-09-15 00:00:00","Fondo Errano 2025","T0",-20,-25.9034946358715
"2025-09-16 00:00:00","Fondo Errano 2025","T0",-60,-280.059528428903
"2025-09-16 00:00:00","Fondo Errano 2025","T0",-20,-25.3993078383359
"2025-09-17 00:00:00","Fondo Errano 2025","T0",-20,-43.4917238318952
"2025-09-17 00:00:00","Fondo Errano 2025","T0",-60,-297.487595713907
"2025-09-18 00:00:00","Fondo Errano 2025","T0",-20,-38.984276402068
"2025-09-18 00:00:00","Fondo Errano 2025","T0",-60,-309.802250330412
"2025-09-19 00:00:00","Fondo Errano 2025","T0",-60,-319.913584404762
"2025-09-19 00:00:00","Fondo Errano 2025","T0",-20,-32.0508407582742
"2025-09-20 00:00:00","Fondo Errano 2025","T0",-60,-327.865109382238
"2025-09-20 00:00:00","Fondo Errano 2025","T0",-20,-41.7319331290017
"2025-09-21 00:00:00","Fondo Errano 2025","T0",-60,-334.990722114494
"2025-09-21 00:00:00","Fondo Errano 2025","T0",-20,-62.2607786640163
"2025-09-22 00:00:00","Fondo Errano 2025","T0",-60,-336.885499755238
"2025-09-22 00:00:00","Fondo Errano 2025","T0",-20,-88.1890556225834
"2025-09-23 00:00:00","Fondo Errano 2025","T0",-60,-340.855178811939
"2025-09-23 00:00:00","Fondo Errano 2025","T0",-20,-101.823939148686
"2025-09-24 00:00:00","Fondo Errano 2025","T0",-20,-114.273338453927
"2025-09-24 00:00:00","Fondo Errano 2025","T0",-60,-348.291331573528
"2025-09-25 00:00:00","Fondo Errano 2025","T0",-60,-370.810688626813
"2025-09-25 00:00:00","Fondo Errano 2025","T0",-20,-134.778940685364
"2025-09-26 00:00:00","Fondo Errano 2025","T0",-20,-141.621066632423
"2025-09-26 00:00:00","Fondo Errano 2025","T0",-60,-387.426930004949
"2025-09-27 00:00:00","Fondo Errano 2025","T0",-20,-142.061200540103
"2025-09-27 00:00:00","Fondo Errano 2025","T0",-60,-400.805709917755
"2025-09-28 00:00:00","Fondo Errano 2025","T0",-60,-354.516660456392
"2025-09-28 00:00:00","Fondo Errano 2025","T0",-20,-27.1237775027921
"2025-09-29 00:00:00","Fondo Errano 2025","T0",-20,-26.5929479211097
"2025-09-29 00:00:00","Fondo Errano 2025","T0",-60,-340.105239844345
"2025-09-30 00:00:00","Fondo Errano 2025","T0",-60,-334.940293778358
"2025-09-30 00:00:00","Fondo Errano 2025","T0",-20,-28.3524969397942
"2025-10-01 00:00:00","Fondo Errano 2025","T0",-20,-28.8667119493665
"2025-10-01 00:00:00","Fondo Errano 2025","T0",-60,-458.391713900685
"2025-10-02 00:00:00","Fondo Errano 2025","T0",-60,-492.552212145892
"2025-10-02 00:00:00","Fondo Errano 2025","T0",-20,-24.844510248825
"2025-10-03 00:00:00","Fondo Errano 2025","T0",-60,-517.192494972219
"2025-10-03 00:00:00","Fondo Errano 2025","T0",-20,-26.1432660049393
